comp,power,level,tier,shape,limit,fights,winRate,timeoutRate,wipeRate,avgMarginWin,avgDurationWin,avgDowned,avgHpLostPct,tankTargetPct,expRewardMult
trio-core,naked,1,1,solo,180,200,1.000,0.000,0.000,0.941,3.4,0.00,0.059,1.000,1.477
trio-core,naked,1,1,solo,300,200,1.000,0.000,0.000,0.942,3.4,0.00,0.058,1.000,1.477
trio-core,naked,1,1,pack,180,200,1.000,0.000,0.000,0.972,20.0,0.00,0.028,1.000,1.492
trio-core,naked,1,1,pack,300,200,1.000,0.000,0.000,0.972,19.9,0.00,0.028,1.000,1.492
trio-core,naked,1,1,boss,180,200,1.000,0.000,0.000,0.961,39.0,0.00,0.039,0.999,1.486
trio-core,naked,1,1,boss,300,200,1.000,0.000,0.000,0.960,39.4,0.00,0.040,0.999,1.486
trio-core,naked,1,2,solo,180,200,1.000,0.000,0.000,0.952,9.8,0.00,0.048,1.000,1.482
trio-core,naked,1,2,solo,300,200,1.000,0.000,0.000,0.950,9.8,0.00,0.050,1.000,1.481
trio-core,naked,1,2,pack,180,200,0.000,0.015,0.985,—,—,2.98,0.996,0.382,0.000
trio-core,naked,1,2,pack,300,200,0.000,0.000,1.000,—,—,3.00,1.000,0.393,0.000
trio-core,naked,1,2,boss,180,200,0.045,0.000,0.955,0.507,76.7,2.90,0.977,0.716,0.057
trio-core,naked,1,2,boss,300,200,0.010,0.000,0.990,0.526,73.9,2.98,0.995,0.678,0.013
trio-core,naked,1,3,solo,180,200,0.990,0.000,0.010,0.618,21.7,0.29,0.388,0.935,1.301
trio-core,naked,1,3,solo,300,200,0.980,0.000,0.020,0.635,22.0,0.34,0.378,0.940,1.296
trio-core,naked,1,3,pack,180,200,0.000,0.000,1.000,—,—,3.00,1.000,0.431,0.000
trio-core,naked,1,3,pack,300,200,0.000,0.000,1.000,—,—,3.00,1.000,0.429,0.000
trio-core,naked,1,3,boss,180,200,0.000,0.000,1.000,—,—,3.00,1.000,0.368,0.000
trio-core,naked,1,3,boss,300,200,0.000,0.000,1.000,—,—,3.00,1.000,0.367,0.000
trio-core,naked,1,4,solo,180,200,0.000,0.000,1.000,—,—,3.00,1.000,0.402,0.000
trio-core,naked,1,4,solo,300,200,0.000,0.000,1.000,—,—,3.00,1.000,0.403,0.000
trio-core,naked,1,4,pack,180,200,0.000,0.000,1.000,—,—,3.00,1.000,0.387,0.000
trio-core,naked,1,4,pack,300,200,0.000,0.000,1.000,—,—,3.00,1.000,0.389,0.000
trio-core,naked,1,4,boss,180,200,0.000,0.000,1.000,—,—,3.00,1.000,0.371,0.000
trio-core,naked,1,4,boss,300,200,0.000,0.000,1.000,—,—,3.00,1.000,0.363,0.000
trio-core,naked,1,5,solo,180,200,0.000,0.000,1.000,—,—,3.00,1.000,0.457,0.000
trio-core,naked,1,5,solo,300,200,0.000,0.000,1.000,—,—,3.00,1.000,0.442,0.000
trio-core,naked,1,5,pack,180,200,0.000,0.000,1.000,—,—,3.00,1.000,0.449,0.000
trio-core,naked,1,5,pack,300,200,0.000,0.000,1.000,—,—,3.00,1.000,0.450,0.000
trio-core,naked,1,5,boss,180,200,0.000,0.000,1.000,—,—,3.00,1.000,0.301,0.000
trio-core,naked,1,5,boss,300,200,0.000,0.000,1.000,—,—,3.00,1.000,0.303,0.000
trio-core,naked,1,6,solo,180,200,0.000,0.000,1.000,—,—,3.00,1.000,0.347,0.000
trio-core,naked,1,6,solo,300,200,0.000,0.000,1.000,—,—,3.00,1.000,0.338,0.000
trio-core,naked,1,6,pack,180,200,0.000,0.000,1.000,—,—,3.00,1.000,0.337,0.000
trio-core,naked,1,6,pack,300,200,0.000,0.000,1.000,—,—,3.00,1.000,0.342,0.000
trio-core,naked,1,6,boss,180,200,0.000,0.000,1.000,—,—,3.00,1.000,0.330,0.000
trio-core,naked,1,6,boss,300,200,0.000,0.000,1.000,—,—,3.00,1.000,0.333,0.000
trio-core,naked,1,7,solo,180,200,0.000,0.000,1.000,—,—,3.00,1.000,0.332,0.000
trio-core,naked,1,7,solo,300,200,0.000,0.000,1.000,—,—,3.00,1.000,0.330,0.000
trio-core,naked,1,7,pack,180,200,0.000,0.000,1.000,—,—,3.00,1.000,0.331,0.000
trio-core,naked,1,7,pack,300,200,0.000,0.000,1.000,—,—,3.00,1.000,0.332,0.000
trio-core,naked,1,7,boss,180,200,0.000,0.000,1.000,—,—,3.00,1.000,0.328,0.000
trio-core,naked,1,7,boss,300,200,0.000,0.000,1.000,—,—,3.00,1.000,0.330,0.000
trio-core,naked,1,8,solo,180,200,0.000,0.000,1.000,—,—,3.00,1.000,0.334,0.000
trio-core,naked,1,8,solo,300,200,0.000,0.000,1.000,—,—,3.00,1.000,0.329,0.000
trio-core,naked,1,8,pack,180,200,0.000,0.000,1.000,—,—,3.00,1.000,0.328,0.000
trio-core,naked,1,8,pack,300,200,0.000,0.000,1.000,—,—,3.00,1.000,0.333,0.000
trio-core,naked,1,8,boss,180,200,0.000,0.000,1.000,—,—,3.00,1.000,0.330,0.000
trio-core,naked,1,8,boss,300,200,0.000,0.000,1.000,—,—,3.00,1.000,0.330,0.000
trio-core,naked,5,1,solo,180,200,1.000,0.000,0.000,0.999,0.1,0.00,0.001,1.000,1.529
trio-core,naked,5,1,solo,300,200,1.000,0.000,0.000,0.999,0.1,0.00,0.001,1.000,1.530
trio-core,naked,5,1,pack,180,200,1.000,0.000,0.000,0.930,8.1,0.00,0.070,1.000,1.494
trio-core,naked,5,1,pack,300,200,1.000,0.000,0.000,0.913,8.1,0.00,0.087,1.000,1.486
trio-core,naked,5,1,boss,180,200,1.000,0.000,0.000,0.947,19.1,0.00,0.053,1.000,1.503
trio-core,naked,5,1,boss,300,200,1.000,0.000,0.000,0.949,19.0,0.00,0.051,1.000,1.504
trio-core,naked,5,2,solo,180,200,1.000,0.000,0.000,0.904,4.0,0.00,0.096,1.000,1.481
trio-core,naked,5,2,solo,300,200,1.000,0.000,0.000,0.902,4.0,0.00,0.098,1.000,1.480
trio-core,naked,5,2,pack,180,200,1.000,0.000,0.000,0.961,19.3,0.00,0.039,1.000,1.510
trio-core,naked,5,2,pack,300,200,1.000,0.000,0.000,0.961,19.1,0.00,0.039,1.000,1.510
trio-core,naked,5,2,boss,180,200,1.000,0.000,0.000,0.914,38.2,0.01,0.086,0.998,1.486
trio-core,naked,5,2,boss,300,200,1.000,0.000,0.000,0.914,39.7,0.03,0.086,0.999,1.486
trio-core,naked,5,3,solo,180,200,1.000,0.000,0.000,0.943,10.2,0.00,0.057,1.000,1.501
trio-core,naked,5,3,solo,300,200,1.000,0.000,0.000,0.932,10.4,0.00,0.068,1.000,1.496
trio-core,naked,5,3,pack,180,200,0.000,0.000,1.000,—,—,3.00,1.000,0.419,0.000
trio-core,naked,5,3,pack,300,200,0.000,0.000,1.000,—,—,3.00,1.000,0.419,0.000
trio-core,naked,5,3,boss,180,200,0.000,0.000,1.000,—,—,3.00,1.000,0.518,0.000
trio-core,naked,5,3,boss,300,200,0.000,0.000,1.000,—,—,3.00,1.000,0.531,0.000
trio-core,naked,5,4,solo,180,200,0.520,0.000,0.480,0.538,22.6,1.77,0.720,0.650,0.673
trio-core,naked,5,4,solo,300,200,0.485,0.000,0.515,0.557,22.4,1.83,0.730,0.651,0.633
trio-core,naked,5,4,pack,180,200,0.000,0.000,1.000,—,—,3.00,1.000,0.404,0.000
trio-core,naked,5,4,pack,300,200,0.000,0.000,1.000,—,—,3.00,1.000,0.404,0.000
trio-core,naked,5,4,boss,180,200,0.000,0.000,1.000,—,—,3.00,1.000,0.439,0.000
trio-core,naked,5,4,boss,300,200,0.000,0.000,1.000,—,—,3.00,1.000,0.440,0.000
trio-core,naked,5,5,solo,180,200,0.000,0.000,1.000,—,—,3.00,1.000,0.484,0.000
trio-core,naked,5,5,solo,300,200,0.000,0.000,1.000,—,—,3.00,1.000,0.484,0.000
trio-core,naked,5,5,pack,180,200,0.000,0.000,1.000,—,—,3.00,1.000,0.486,0.000
trio-core,naked,5,5,pack,300,200,0.000,0.000,1.000,—,—,3.00,1.000,0.485,0.000
trio-core,naked,5,5,boss,180,200,0.000,0.000,1.000,—,—,3.00,1.000,0.330,0.000
trio-core,naked,5,5,boss,300,200,0.000,0.000,1.000,—,—,3.00,1.000,0.325,0.000
trio-core,naked,5,6,solo,180,200,0.000,0.000,1.000,—,—,3.00,1.000,0.345,0.000
trio-core,naked,5,6,solo,300,200,0.000,0.000,1.000,—,—,3.00,1.000,0.347,0.000
trio-core,naked,5,6,pack,180,200,0.000,0.000,1.000,—,—,3.00,1.000,0.338,0.000
trio-core,naked,5,6,pack,300,200,0.000,0.000,1.000,—,—,3.00,1.000,0.341,0.000
trio-core,naked,5,6,boss,180,200,0.000,0.000,1.000,—,—,3.00,1.000,0.341,0.000
trio-core,naked,5,6,boss,300,200,0.000,0.000,1.000,—,—,3.00,1.000,0.342,0.000
trio-core,naked,5,7,solo,180,200,0.000,0.000,1.000,—,—,3.00,1.000,0.330,0.000
trio-core,naked,5,7,solo,300,200,0.000,0.000,1.000,—,—,3.00,1.000,0.333,0.000
trio-core,naked,5,7,pack,180,200,0.000,0.000,1.000,—,—,3.00,1.000,0.327,0.000
trio-core,naked,5,7,pack,300,200,0.000,0.000,1.000,—,—,3.00,1.000,0.326,0.000
trio-core,naked,5,7,boss,180,200,0.000,0.000,1.000,—,—,3.00,1.000,0.330,0.000
trio-core,naked,5,7,boss,300,200,0.000,0.000,1.000,—,—,3.00,1.000,0.331,0.000
trio-core,naked,5,8,solo,180,200,0.000,0.000,1.000,—,—,3.00,1.000,0.330,0.000
trio-core,naked,5,8,solo,300,200,0.000,0.000,1.000,—,—,3.00,1.000,0.332,0.000
trio-core,naked,5,8,pack,180,200,0.000,0.000,1.000,—,—,3.00,1.000,0.332,0.000
trio-core,naked,5,8,pack,300,200,0.000,0.000,1.000,—,—,3.00,1.000,0.331,0.000
trio-core,naked,5,8,boss,180,200,0.000,0.000,1.000,—,—,3.00,1.000,0.331,0.000
trio-core,naked,5,8,boss,300,200,0.000,0.000,1.000,—,—,3.00,1.000,0.331,0.000
trio-core,naked,10,1,solo,180,200,1.000,0.000,0.000,1.000,0.0,0.00,0.000,—,1.560
trio-core,naked,10,1,solo,300,200,1.000,0.000,0.000,1.000,0.0,0.00,0.000,—,1.560
trio-core,naked,10,1,pack,180,200,1.000,0.000,0.000,0.944,4.1,0.00,0.056,1.000,1.531
trio-core,naked,10,1,pack,300,200,1.000,0.000,0.000,0.942,4.2,0.00,0.058,1.000,1.530
trio-core,naked,10,1,boss,180,200,1.000,0.000,0.000,0.918,8.8,0.00,0.082,1.000,1.517
trio-core,naked,10,1,boss,300,200,1.000,0.000,0.000,0.917,8.9,0.00,0.083,1.000,1.517
trio-core,naked,10,2,solo,180,200,1.000,0.000,0.000,0.972,1.4,0.00,0.028,1.000,1.545
trio-core,naked,10,2,solo,300,200,1.000,0.000,0.000,0.972,1.4,0.00,0.028,1.000,1.545
trio-core,naked,10,2,pack,180,200,1.000,0.000,0.000,0.969,10.9,0.00,0.031,1.000,1.544
trio-core,naked,10,2,pack,300,200,1.000,0.000,0.000,0.967,11.1,0.00,0.033,1.000,1.543
trio-core,naked,10,2,boss,180,200,1.000,0.000,0.000,0.905,21.8,0.00,0.095,0.999,1.511
trio-core,naked,10,2,boss,300,200,1.000,0.000,0.000,0.917,21.8,0.00,0.083,0.999,1.517
trio-core,naked,10,3,solo,180,200,1.000,0.000,0.000,0.932,4.9,0.00,0.068,1.000,1.525
trio-core,naked,10,3,solo,300,200,1.000,0.000,0.000,0.932,4.9,0.00,0.068,1.000,1.525
trio-core,naked,10,3,pack,180,200,1.000,0.000,0.000,0.942,21.9,0.04,0.058,0.993,1.530
trio-core,naked,10,3,pack,300,200,1.000,0.000,0.000,0.952,21.9,0.03,0.048,0.994,1.535
trio-core,naked,10,3,boss,180,200,0.815,0.000,0.185,0.762,67.2,0.95,0.379,0.997,1.170
trio-core,naked,10,3,boss,300,200,0.780,0.000,0.220,0.779,66.3,1.06,0.393,0.995,1.127
trio-core,naked,10,4,solo,180,200,1.000,0.000,0.000,0.916,12.7,0.00,0.084,1.000,1.516
trio-core,naked,10,4,solo,300,200,1.000,0.000,0.000,0.907,12.6,0.00,0.093,1.000,1.512
trio-core,naked,10,4,pack,180,200,0.000,0.000,1.000,—,—,3.00,1.000,0.433,0.000
trio-core,naked,10,4,pack,300,200,0.000,0.000,1.000,—,—,3.00,1.000,0.427,0.000
trio-core,naked,10,4,boss,180,200,0.000,0.000,1.000,—,—,3.00,1.000,0.405,0.000
trio-core,naked,10,4,boss,300,200,0.000,0.000,1.000,—,—,3.00,1.000,0.400,0.000
trio-core,naked,10,5,solo,180,200,0.035,0.000,0.965,0.499,26.9,2.92,0.983,0.547,0.045
trio-core,naked,10,5,solo,300,200,0.030,0.000,0.970,0.627,29.4,2.92,0.981,0.542,0.041
trio-core,naked,10,5,pack,180,200,0.000,0.000,1.000,—,—,3.00,1.000,0.463,0.000
trio-core,naked,10,5,pack,300,200,0.000,0.000,1.000,—,—,3.00,1.000,0.456,0.000
trio-core,naked,10,5,boss,180,200,0.000,0.000,1.000,—,—,3.00,1.000,0.427,0.000
trio-core,naked,10,5,boss,300,200,0.000,0.000,1.000,—,—,3.00,1.000,0.425,0.000
trio-core,naked,10,6,solo,180,200,0.000,0.000,1.000,—,—,3.00,1.000,0.499,0.000
trio-core,naked,10,6,solo,300,200,0.000,0.000,1.000,—,—,3.00,1.000,0.501,0.000
trio-core,naked,10,6,pack,180,200,0.000,0.000,1.000,—,—,3.00,1.000,0.502,0.000
trio-core,naked,10,6,pack,300,200,0.000,0.000,1.000,—,—,3.00,1.000,0.497,0.000
trio-core,naked,10,6,boss,180,200,0.000,0.000,1.000,—,—,3.00,1.000,0.336,0.000
trio-core,naked,10,6,boss,300,200,0.000,0.000,1.000,—,—,3.00,1.000,0.323,0.000
trio-core,naked,10,7,solo,180,200,0.000,0.000,1.000,—,—,3.00,1.000,0.352,0.000
trio-core,naked,10,7,solo,300,200,0.000,0.000,1.000,—,—,3.00,1.000,0.360,0.000
trio-core,naked,10,7,pack,180,200,0.000,0.000,1.000,—,—,3.00,1.000,0.351,0.000
trio-core,naked,10,7,pack,300,200,0.000,0.000,1.000,—,—,3.00,1.000,0.357,0.000
trio-core,naked,10,7,boss,180,200,0.000,0.000,1.000,—,—,3.00,1.000,0.328,0.000
trio-core,naked,10,7,boss,300,200,0.000,0.000,1.000,—,—,3.00,1.000,0.332,0.000
trio-core,naked,10,8,solo,180,200,0.000,0.000,1.000,—,—,3.00,1.000,0.326,0.000
trio-core,naked,10,8,solo,300,200,0.000,0.000,1.000,—,—,3.00,1.000,0.336,0.000
trio-core,naked,10,8,pack,180,200,0.000,0.000,1.000,—,—,3.00,1.000,0.333,0.000
trio-core,naked,10,8,pack,300,200,0.000,0.000,1.000,—,—,3.00,1.000,0.331,0.000
trio-core,naked,10,8,boss,180,200,0.000,0.000,1.000,—,—,3.00,1.000,0.332,0.000
trio-core,naked,10,8,boss,300,200,0.000,0.000,1.000,—,—,3.00,1.000,0.338,0.000
trio-core,naked,20,1,solo,180,200,1.000,0.000,0.000,1.000,0.0,0.00,0.000,—,1.620
trio-core,naked,20,1,solo,300,200,1.000,0.000,0.000,1.000,0.0,0.00,0.000,—,1.620
trio-core,naked,20,1,pack,180,200,1.000,0.000,0.000,0.974,3.4,0.00,0.026,1.000,1.606
trio-core,naked,20,1,pack,300,200,1.000,0.000,0.000,0.974,3.4,0.00,0.026,1.000,1.606
trio-core,naked,20,1,boss,180,200,1.000,0.000,0.000,0.969,4.7,0.00,0.031,1.000,1.603
trio-core,naked,20,1,boss,300,200,1.000,0.000,0.000,0.969,4.8,0.00,0.031,1.000,1.603
trio-core,naked,20,2,solo,180,200,1.000,0.000,0.000,1.000,0.0,0.00,0.000,—,1.620
trio-core,naked,20,2,solo,300,200,1.000,0.000,0.000,1.000,0.0,0.00,0.000,—,1.620
trio-core,naked,20,2,pack,180,200,1.000,0.000,0.000,0.943,4.5,0.00,0.057,1.000,1.589
trio-core,naked,20,2,pack,300,200,1.000,0.000,0.000,0.943,4.5,0.00,0.057,1.000,1.589
trio-core,naked,20,2,boss,180,200,1.000,0.000,0.000,0.916,8.4,0.00,0.084,1.000,1.575
trio-core,naked,20,2,boss,300,200,1.000,0.000,0.000,0.916,8.4,0.00,0.084,1.000,1.575
trio-core,naked,20,3,solo,180,200,1.000,0.000,0.000,0.968,1.5,0.00,0.032,1.000,1.603
trio-core,naked,20,3,solo,300,200,1.000,0.000,0.000,0.968,1.5,0.00,0.032,1.000,1.603
trio-core,naked,20,3,pack,180,200,1.000,0.000,0.000,0.970,10.5,0.00,0.030,1.000,1.604
trio-core,naked,20,3,pack,300,200,1.000,0.000,0.000,0.971,10.3,0.00,0.029,1.000,1.604
trio-core,naked,20,3,boss,180,200,1.000,0.000,0.000,0.940,20.1,0.00,0.060,1.000,1.587
trio-core,naked,20,3,boss,300,200,1.000,0.000,0.000,0.926,20.3,0.00,0.074,1.000,1.580
trio-core,naked,20,4,solo,180,200,1.000,0.000,0.000,0.923,5.0,0.00,0.077,1.000,1.579
trio-core,naked,20,4,solo,300,200,1.000,0.000,0.000,0.922,4.9,0.00,0.078,1.000,1.578
trio-core,naked,20,4,pack,180,200,1.000,0.000,0.000,0.954,21.6,0.01,0.046,0.998,1.595
trio-core,naked,20,4,pack,300,200,1.000,0.000,0.000,0.953,21.7,0.01,0.047,0.998,1.595
trio-core,naked,20,4,boss,180,200,0.470,0.000,0.530,0.693,49.0,1.91,0.674,0.994,0.684
trio-core,naked,20,4,boss,300,200,0.430,0.000,0.570,0.650,44.6,2.06,0.720,0.990,0.615
trio-core,naked,20,5,solo,180,200,1.000,0.000,0.000,0.961,13.5,0.00,0.039,1.000,1.599
trio-core,naked,20,5,solo,300,200,1.000,0.000,0.000,0.967,13.4,0.00,0.033,1.000,1.602
trio-core,naked,20,5,pack,180,200,0.000,0.000,1.000,—,—,3.00,1.000,0.470,0.000
trio-core,naked,20,5,pack,300,200,0.000,0.000,1.000,—,—,3.00,1.000,0.476,0.000
trio-core,naked,20,5,boss,180,200,0.000,0.000,1.000,—,—,3.00,1.000,0.504,0.000
trio-core,naked,20,5,boss,300,200,0.000,0.000,1.000,—,—,3.00,1.000,0.503,0.000
trio-core,naked,20,6,solo,180,200,0.045,0.000,0.955,0.595,34.4,2.90,0.973,0.674,0.063
trio-core,naked,20,6,solo,300,200,0.050,0.000,0.950,0.531,29.6,2.90,0.973,0.666,0.068
trio-core,naked,20,6,pack,180,200,0.000,0.000,1.000,—,—,3.00,1.000,0.542,0.000
trio-core,naked,20,6,pack,300,200,0.000,0.000,1.000,—,—,3.00,1.000,0.542,0.000
trio-core,naked,20,6,boss,180,200,0.000,0.000,1.000,—,—,3.00,1.000,0.459,0.000
trio-core,naked,20,6,boss,300,200,0.000,0.000,1.000,—,—,3.00,1.000,0.450,0.000
trio-core,naked,20,7,solo,180,200,0.000,0.000,1.000,—,—,3.00,1.000,0.499,0.000
trio-core,naked,20,7,solo,300,200,0.000,0.000,1.000,—,—,3.00,1.000,0.504,0.000
trio-core,naked,20,7,pack,180,200,0.000,0.000,1.000,—,—,3.00,1.000,0.503,0.000
trio-core,naked,20,7,pack,300,200,0.000,0.000,1.000,—,—,3.00,1.000,0.502,0.000
trio-core,naked,20,7,boss,180,200,0.000,0.000,1.000,—,—,3.00,1.000,0.382,0.000
trio-core,naked,20,7,boss,300,200,0.000,0.000,1.000,—,—,3.00,1.000,0.387,0.000
trio-core,naked,20,8,solo,180,200,0.000,0.000,1.000,—,—,3.00,1.000,0.381,0.000
trio-core,naked,20,8,solo,300,200,0.000,0.000,1.000,—,—,3.00,1.000,0.376,0.000
trio-core,naked,20,8,pack,180,200,0.000,0.000,1.000,—,—,3.00,1.000,0.369,0.000
trio-core,naked,20,8,pack,300,200,0.000,0.000,1.000,—,—,3.00,1.000,0.361,0.000
trio-core,naked,20,8,boss,180,200,0.000,0.000,1.000,—,—,3.00,1.000,0.357,0.000
trio-core,naked,20,8,boss,300,200,0.000,0.000,1.000,—,—,3.00,1.000,0.351,0.000
trio-core,naked,35,1,solo,180,200,1.000,0.000,0.000,1.000,0.0,0.00,0.000,—,1.710
trio-core,naked,35,1,solo,300,200,1.000,0.000,0.000,1.000,0.0,0.00,0.000,—,1.710
trio-core,naked,35,1,pack,180,200,1.000,0.000,0.000,1.000,0.0,0.00,0.000,—,1.710
trio-core,naked,35,1,pack,300,200,1.000,0.000,0.000,1.000,0.0,0.00,0.000,—,1.710
trio-core,naked,35,1,boss,180,200,1.000,0.000,0.000,0.987,2.9,0.00,0.013,1.000,1.703
trio-core,naked,35,1,boss,300,200,1.000,0.000,0.000,0.987,2.9,0.00,0.013,1.000,1.703
trio-core,naked,35,2,solo,180,200,1.000,0.000,0.000,1.000,0.0,0.00,0.000,—,1.710
trio-core,naked,35,2,solo,300,200,1.000,0.000,0.000,1.000,0.0,0.00,0.000,—,1.710
trio-core,naked,35,2,pack,180,200,1.000,0.000,0.000,0.972,3.2,0.00,0.028,1.000,1.694
trio-core,naked,35,2,pack,300,200,1.000,0.000,0.000,0.971,3.2,0.00,0.029,1.000,1.694
trio-core,naked,35,2,boss,180,200,1.000,0.000,0.000,0.971,4.8,0.00,0.029,1.000,1.693
trio-core,naked,35,2,boss,300,200,1.000,0.000,0.000,0.970,4.9,0.00,0.030,1.000,1.693
trio-core,naked,35,3,solo,180,200,1.000,0.000,0.000,1.000,0.0,0.00,0.000,—,1.710
trio-core,naked,35,3,solo,300,200,1.000,0.000,0.000,1.000,0.0,0.00,0.000,—,1.710
trio-core,naked,35,3,pack,180,200,1.000,0.000,0.000,0.938,4.9,0.00,0.062,1.000,1.675
trio-core,naked,35,3,pack,300,200,1.000,0.000,0.000,0.938,4.9,0.00,0.062,1.000,1.675
trio-core,naked,35,3,boss,180,200,1.000,0.000,0.000,0.902,9.4,0.00,0.098,1.000,1.654
trio-core,naked,35,3,boss,300,200,1.000,0.000,0.000,0.901,9.3,0.00,0.099,1.000,1.653
trio-core,naked,35,4,solo,180,200,1.000,0.000,0.000,0.966,2.1,0.00,0.034,1.000,1.691
trio-core,naked,35,4,solo,300,200,1.000,0.000,0.000,0.965,2.1,0.00,0.035,1.000,1.690
trio-core,naked,35,4,pack,180,200,1.000,0.000,0.000,0.973,11.2,0.00,0.027,1.000,1.695
trio-core,naked,35,4,pack,300,200,1.000,0.000,0.000,0.969,11.0,0.00,0.031,1.000,1.692
trio-core,naked,35,4,boss,180,200,1.000,0.000,0.000,0.893,22.7,0.10,0.107,0.998,1.649
trio-core,naked,35,4,boss,300,200,1.000,0.000,0.000,0.894,23.0,0.12,0.106,0.999,1.649
trio-core,naked,35,5,solo,180,200,1.000,0.000,0.000,0.918,5.8,0.00,0.082,1.000,1.663
trio-core,naked,35,5,solo,300,200,1.000,0.000,0.000,0.921,5.7,0.00,0.079,1.000,1.665
trio-core,naked,35,5,pack,180,200,0.995,0.005,0.000,0.953,24.5,0.01,0.051,0.983,1.675
trio-core,naked,35,5,pack,300,200,0.995,0.005,0.000,0.949,24.2,0.01,0.055,0.971,1.672
trio-core,naked,35,5,boss,180,200,0.330,0.000,0.670,0.635,51.9,2.27,0.791,0.988,0.496
trio-core,naked,35,5,boss,300,200,0.345,0.000,0.655,0.671,53.2,2.21,0.769,0.989,0.525
trio-core,naked,35,6,solo,180,200,1.000,0.000,0.000,0.952,16.9,0.00,0.048,1.000,1.682
trio-core,naked,35,6,solo,300,200,1.000,0.000,0.000,0.949,16.9,0.00,0.051,1.000,1.681
trio-core,naked,35,6,pack,180,200,0.000,0.000,1.000,—,—,3.00,1.000,0.509,0.000
trio-core,naked,35,6,pack,300,200,0.000,0.000,1.000,—,—,3.00,1.000,0.508,0.000
trio-core,naked,35,6,boss,180,200,0.000,0.000,1.000,—,—,3.00,1.000,0.544,0.000
trio-core,naked,35,6,boss,300,200,0.000,0.000,1.000,—,—,3.00,1.000,0.542,0.000
trio-core,naked,35,7,solo,180,200,0.090,0.000,0.910,0.687,45.1,2.77,0.938,0.773,0.138
trio-core,naked,35,7,solo,300,200,0.125,0.000,0.875,0.677,44.7,2.67,0.915,0.776,0.191
trio-core,naked,35,7,pack,180,200,0.000,0.000,1.000,—,—,3.00,1.000,0.587,0.000
trio-core,naked,35,7,pack,300,200,0.000,0.000,1.000,—,—,3.00,1.000,0.582,0.000
trio-core,naked,35,7,boss,180,200,0.000,0.000,1.000,—,—,3.00,1.000,0.470,0.000
trio-core,naked,35,7,boss,300,200,0.000,0.000,1.000,—,—,3.00,1.000,0.474,0.000
trio-core,naked,35,8,solo,180,200,0.000,0.000,1.000,—,—,3.00,1.000,0.511,0.000
trio-core,naked,35,8,solo,300,200,0.000,0.000,1.000,—,—,3.00,1.000,0.501,0.000
trio-core,naked,35,8,pack,180,200,0.000,0.000,1.000,—,—,3.00,1.000,0.498,0.000
trio-core,naked,35,8,pack,300,200,0.000,0.000,1.000,—,—,3.00,1.000,0.502,0.000
trio-core,naked,35,8,boss,180,200,0.000,0.000,1.000,—,—,3.00,1.000,0.468,0.000
trio-core,naked,35,8,boss,300,200,0.000,0.000,1.000,—,—,3.00,1.000,0.463,0.000
trio-core,naked,50,1,solo,180,200,1.000,0.000,0.000,1.000,0.0,0.00,0.000,—,1.800
trio-core,naked,50,1,solo,300,200,1.000,0.000,0.000,1.000,0.0,0.00,0.000,—,1.800
trio-core,naked,50,1,pack,180,200,1.000,0.000,0.000,1.000,0.0,0.00,0.000,—,1.800
trio-core,naked,50,1,pack,300,200,1.000,0.000,0.000,1.000,0.0,0.00,0.000,—,1.800
trio-core,naked,50,1,boss,180,200,1.000,0.000,0.000,0.995,1.8,0.00,0.005,1.000,1.797
trio-core,naked,50,1,boss,300,200,1.000,0.000,0.000,0.995,1.8,0.00,0.005,1.000,1.797
trio-core,naked,50,2,solo,180,200,1.000,0.000,0.000,1.000,0.0,0.00,0.000,—,1.800
trio-core,naked,50,2,solo,300,200,1.000,0.000,0.000,1.000,0.0,0.00,0.000,—,1.800
trio-core,naked,50,2,pack,180,200,1.000,0.000,0.000,0.994,1.0,0.00,0.006,1.000,1.797
trio-core,naked,50,2,pack,300,200,1.000,0.000,0.000,0.994,1.1,0.00,0.006,1.000,1.796
trio-core,naked,50,2,boss,180,200,1.000,0.000,0.000,0.983,3.5,0.00,0.017,1.000,1.790
trio-core,naked,50,2,boss,300,200,1.000,0.000,0.000,0.983,3.5,0.00,0.017,1.000,1.790
trio-core,naked,50,3,solo,180,200,1.000,0.000,0.000,1.000,0.0,0.00,0.000,—,1.800
trio-core,naked,50,3,solo,300,200,1.000,0.000,0.000,1.000,0.0,0.00,0.000,—,1.800
trio-core,naked,50,3,pack,180,200,1.000,0.000,0.000,0.967,3.0,0.00,0.033,1.000,1.780
trio-core,naked,50,3,pack,300,200,1.000,0.000,0.000,0.969,3.0,0.00,0.031,1.000,1.781
trio-core,naked,50,3,boss,180,200,1.000,0.000,0.000,0.964,5.8,0.00,0.036,1.000,1.779
trio-core,naked,50,3,boss,300,200,1.000,0.000,0.000,0.963,5.8,0.00,0.037,1.000,1.778
trio-core,naked,50,4,solo,180,200,1.000,0.000,0.000,0.985,0.8,0.00,0.015,1.000,1.791
trio-core,naked,50,4,solo,300,200,1.000,0.000,0.000,0.985,0.8,0.00,0.015,1.000,1.791
trio-core,naked,50,4,pack,180,200,1.000,0.000,0.000,0.894,6.3,0.00,0.106,1.000,1.737
trio-core,naked,50,4,pack,300,200,1.000,0.000,0.000,0.899,6.2,0.00,0.101,1.000,1.740
trio-core,naked,50,4,boss,180,200,1.000,0.000,0.000,0.965,13.7,0.00,0.035,1.000,1.779
trio-core,naked,50,4,boss,300,200,1.000,0.000,0.000,0.952,13.6,0.00,0.048,1.000,1.771
trio-core,naked,50,5,solo,180,200,1.000,0.000,0.000,0.932,3.6,0.00,0.068,1.000,1.759
trio-core,naked,50,5,solo,300,200,1.000,0.000,0.000,0.931,3.6,0.00,0.069,1.000,1.759
trio-core,naked,50,5,pack,180,200,1.000,0.000,0.000,0.991,15.5,0.00,0.009,1.000,1.795
trio-core,naked,50,5,pack,300,200,1.000,0.000,0.000,0.991,15.5,0.00,0.009,1.000,1.795
trio-core,naked,50,5,boss,180,200,0.835,0.000,0.165,0.783,41.7,0.91,0.346,0.999,1.394
trio-core,naked,50,5,boss,300,200,0.820,0.000,0.180,0.759,37.5,0.97,0.378,0.998,1.357
trio-core,naked,50,6,solo,180,200,1.000,0.000,0.000,0.931,9.7,0.00,0.069,1.000,1.759
trio-core,naked,50,6,solo,300,200,1.000,0.000,0.000,0.937,9.7,0.00,0.063,1.000,1.762
trio-core,naked,50,6,pack,180,200,0.590,0.000,0.410,0.944,35.7,1.23,0.443,0.901,1.042
trio-core,naked,50,6,pack,300,200,0.550,0.000,0.450,0.945,35.8,1.35,0.480,0.890,0.972
trio-core,naked,50,6,boss,180,200,0.080,0.010,0.910,0.733,69.7,2.79,0.937,0.971,0.131
trio-core,naked,50,6,boss,300,200,0.100,0.000,0.900,0.698,71.4,2.76,0.930,0.966,0.162
trio-core,naked,50,7,solo,180,200,1.000,0.000,0.000,0.910,28.5,0.00,0.090,1.000,1.746
trio-core,naked,50,7,solo,300,200,1.000,0.000,0.000,0.915,28.4,0.00,0.085,1.000,1.749
trio-core,naked,50,7,pack,180,200,0.000,0.000,1.000,—,—,3.00,1.000,0.594,0.000
trio-core,naked,50,7,pack,300,200,0.000,0.000,1.000,—,—,3.00,1.000,0.601,0.000
trio-core,naked,50,7,boss,180,200,0.000,0.000,1.000,—,—,3.00,1.000,0.562,0.000
trio-core,naked,50,7,boss,300,200,0.000,0.000,1.000,—,—,3.00,1.000,0.562,0.000
trio-core,naked,50,8,solo,180,200,0.000,0.000,1.000,—,—,3.00,1.000,0.650,0.000
trio-core,naked,50,8,solo,300,200,0.005,0.000,0.995,0.324,73.5,3.00,0.998,0.667,0.007
trio-core,naked,50,8,pack,180,200,0.000,0.000,1.000,—,—,3.00,1.000,0.574,0.000
trio-core,naked,50,8,pack,300,200,0.000,0.000,1.000,—,—,3.00,1.000,0.576,0.000
trio-core,naked,50,8,boss,180,200,0.000,0.000,1.000,—,—,3.00,1.000,0.579,0.000
trio-core,naked,50,8,boss,300,200,0.000,0.000,1.000,—,—,3.00,1.000,0.576,0.000
trio-core,geared,1,1,solo,180,200,1.000,0.000,0.000,0.984,1.6,0.00,0.016,1.000,1.498
trio-core,geared,1,1,solo,300,200,1.000,0.000,0.000,0.982,1.8,0.00,0.018,1.000,1.497
trio-core,geared,1,1,pack,180,200,1.000,0.000,0.000,0.918,12.6,0.00,0.082,1.000,1.465
trio-core,geared,1,1,pack,300,200,1.000,0.000,0.000,0.921,12.5,0.00,0.079,1.000,1.466
trio-core,geared,1,1,boss,180,200,1.000,0.000,0.000,0.955,27.6,0.00,0.045,0.999,1.483
trio-core,geared,1,1,boss,300,200,1.000,0.000,0.000,0.954,27.8,0.00,0.046,0.998,1.483
trio-core,geared,1,2,solo,180,200,1.000,0.000,0.000,0.902,5.4,0.00,0.098,1.000,1.457
trio-core,geared,1,2,solo,300,200,1.000,0.000,0.000,0.903,5.4,0.00,0.097,1.000,1.458
trio-core,geared,1,2,pack,180,200,1.000,0.000,0.000,0.940,28.0,0.00,0.060,1.000,1.476
trio-core,geared,1,2,pack,300,200,1.000,0.000,0.000,0.937,28.0,0.00,0.063,1.000,1.474
trio-core,geared,1,2,boss,180,200,1.000,0.000,0.000,0.868,55.3,0.00,0.132,0.998,1.440
trio-core,geared,1,2,boss,300,200,1.000,0.000,0.000,0.870,55.4,0.00,0.130,0.997,1.441
trio-core,geared,1,3,solo,180,200,1.000,0.000,0.000,0.944,15.2,0.00,0.056,1.000,1.478
trio-core,geared,1,3,solo,300,200,1.000,0.000,0.000,0.949,15.3,0.00,0.051,1.000,1.480
trio-core,geared,1,3,pack,180,200,0.000,0.000,1.000,—,—,3.00,1.000,0.411,0.000
trio-core,geared,1,3,pack,300,200,0.000,0.000,1.000,—,—,3.00,1.000,0.407,0.000
trio-core,geared,1,3,boss,180,200,0.000,0.000,1.000,—,—,3.00,1.000,0.429,0.000
trio-core,geared,1,3,boss,300,200,0.000,0.000,1.000,—,—,3.00,1.000,0.436,0.000
trio-core,geared,1,4,solo,180,200,0.035,0.000,0.965,0.379,31.0,2.94,0.987,0.462,0.042
trio-core,geared,1,4,solo,300,200,0.010,0.000,0.990,0.710,32.8,2.98,0.993,0.466,0.014
trio-core,geared,1,4,pack,180,200,0.000,0.000,1.000,—,—,3.00,1.000,0.399,0.000
trio-core,geared,1,4,pack,300,200,0.000,0.000,1.000,—,—,3.00,1.000,0.393,0.000
trio-core,geared,1,4,boss,180,200,0.000,0.000,1.000,—,—,3.00,1.000,0.434,0.000
trio-core,geared,1,4,boss,300,200,0.000,0.000,1.000,—,—,3.00,1.000,0.432,0.000
trio-core,geared,1,5,solo,180,200,0.000,0.000,1.000,—,—,3.00,1.000,0.472,0.000
trio-core,geared,1,5,solo,300,200,0.000,0.000,1.000,—,—,3.00,1.000,0.467,0.000
trio-core,geared,1,5,pack,180,200,0.000,0.000,1.000,—,—,3.00,1.000,0.466,0.000
trio-core,geared,1,5,pack,300,200,0.000,0.000,1.000,—,—,3.00,1.000,0.470,0.000
trio-core,geared,1,5,boss,180,200,0.000,0.000,1.000,—,—,3.00,1.000,0.313,0.000
trio-core,geared,1,5,boss,300,200,0.000,0.000,1.000,—,—,3.00,1.000,0.330,0.000
trio-core,geared,1,6,solo,180,200,0.000,0.000,1.000,—,—,3.00,1.000,0.348,0.000
trio-core,geared,1,6,solo,300,200,0.000,0.000,1.000,—,—,3.00,1.000,0.341,0.000
trio-core,geared,1,6,pack,180,200,0.000,0.000,1.000,—,—,3.00,1.000,0.340,0.000
trio-core,geared,1,6,pack,300,200,0.000,0.000,1.000,—,—,3.00,1.000,0.349,0.000
trio-core,geared,1,6,boss,180,200,0.000,0.000,1.000,—,—,3.00,1.000,0.347,0.000
trio-core,geared,1,6,boss,300,200,0.000,0.000,1.000,—,—,3.00,1.000,0.352,0.000
trio-core,geared,1,7,solo,180,200,0.000,0.000,1.000,—,—,3.00,1.000,0.334,0.000
trio-core,geared,1,7,solo,300,200,0.000,0.000,1.000,—,—,3.00,1.000,0.330,0.000
trio-core,geared,1,7,pack,180,200,0.000,0.000,1.000,—,—,3.00,1.000,0.330,0.000
trio-core,geared,1,7,pack,300,200,0.000,0.000,1.000,—,—,3.00,1.000,0.330,0.000
trio-core,geared,1,7,boss,180,200,0.000,0.000,1.000,—,—,3.00,1.000,0.326,0.000
trio-core,geared,1,7,boss,300,200,0.000,0.000,1.000,—,—,3.00,1.000,0.333,0.000
trio-core,geared,1,8,solo,180,200,0.000,0.000,1.000,—,—,3.00,1.000,0.336,0.000
trio-core,geared,1,8,solo,300,200,0.000,0.000,1.000,—,—,3.00,1.000,0.326,0.000
trio-core,geared,1,8,pack,180,200,0.000,0.000,1.000,—,—,3.00,1.000,0.326,0.000
trio-core,geared,1,8,pack,300,200,0.000,0.000,1.000,—,—,3.00,1.000,0.333,0.000
trio-core,geared,1,8,boss,180,200,0.000,0.000,1.000,—,—,3.00,1.000,0.328,0.000
trio-core,geared,1,8,boss,300,200,0.000,0.000,1.000,—,—,3.00,1.000,0.330,0.000
trio-core,geared,5,1,solo,180,200,1.000,0.000,0.000,1.000,0.0,0.00,0.000,—,1.530
trio-core,geared,5,1,solo,300,200,1.000,0.000,0.000,1.000,0.0,0.00,0.000,—,1.530
trio-core,geared,5,1,pack,180,200,1.000,0.000,0.000,0.942,5.2,0.00,0.058,1.000,1.500
trio-core,geared,5,1,pack,300,200,1.000,0.000,0.000,0.944,5.1,0.00,0.056,1.000,1.501
trio-core,geared,5,1,boss,180,200,1.000,0.000,0.000,0.906,11.3,0.00,0.094,1.000,1.482
trio-core,geared,5,1,boss,300,200,1.000,0.000,0.000,0.910,11.3,0.00,0.090,1.000,1.484
trio-core,geared,5,2,solo,180,200,1.000,0.000,0.000,0.966,2.1,0.00,0.034,1.000,1.513
trio-core,geared,5,2,solo,300,200,1.000,0.000,0.000,0.967,2.1,0.00,0.033,1.000,1.513
trio-core,geared,5,2,pack,180,200,1.000,0.000,0.000,0.998,14.1,0.00,0.002,1.000,1.529
trio-core,geared,5,2,pack,300,200,1.000,0.000,0.000,0.998,14.0,0.00,0.002,1.000,1.529
trio-core,geared,5,2,boss,180,200,1.000,0.000,0.000,0.941,26.9,0.00,0.059,0.998,1.500
trio-core,geared,5,2,boss,300,200,1.000,0.000,0.000,0.947,27.4,0.00,0.053,0.999,1.503
trio-core,geared,5,3,solo,180,200,1.000,0.000,0.000,0.917,6.0,0.00,0.083,1.000,1.488
trio-core,geared,5,3,solo,300,200,1.000,0.000,0.000,0.916,6.0,0.00,0.084,1.000,1.487
trio-core,geared,5,3,pack,180,200,0.930,0.020,0.050,0.751,28.6,0.62,0.298,0.755,1.305
trio-core,geared,5,3,pack,300,200,0.975,0.005,0.020,0.761,28.7,0.52,0.257,0.801,1.373
trio-core,geared,5,3,boss,180,200,0.725,0.055,0.220,0.733,84.8,1.13,0.448,0.992,1.010
trio-core,geared,5,3,boss,300,200,0.830,0.000,0.170,0.756,94.0,0.93,0.373,0.996,1.167
trio-core,geared,5,4,solo,180,200,1.000,0.000,0.000,0.941,16.3,0.00,0.059,1.000,1.500
trio-core,geared,5,4,solo,300,200,1.000,0.000,0.000,0.934,16.3,0.00,0.066,1.000,1.496
trio-core,geared,5,4,pack,180,200,0.000,0.000,1.000,—,—,3.00,1.000,0.426,0.000
trio-core,geared,5,4,pack,300,200,0.000,0.000,1.000,—,—,3.00,1.000,0.428,0.000
trio-core,geared,5,4,boss,180,200,0.000,0.000,1.000,—,—,3.00,1.000,0.384,0.000
trio-core,geared,5,4,boss,300,200,0.000,0.000,1.000,—,—,3.00,1.000,0.383,0.000
trio-core,geared,5,5,solo,180,200,0.005,0.000,0.995,0.324,32.1,3.00,0.998,0.510,0.006
trio-core,geared,5,5,solo,300,200,0.000,0.000,1.000,—,—,3.00,1.000,0.502,0.000
trio-core,geared,5,5,pack,180,200,0.000,0.000,1.000,—,—,3.00,1.000,0.447,0.000
trio-core,geared,5,5,pack,300,200,0.000,0.000,1.000,—,—,3.00,1.000,0.447,0.000
trio-core,geared,5,5,boss,180,200,0.000,0.000,1.000,—,—,3.00,1.000,0.432,0.000
trio-core,geared,5,5,boss,300,200,0.000,0.000,1.000,—,—,3.00,1.000,0.425,0.000
trio-core,geared,5,6,solo,180,200,0.000,0.000,1.000,—,—,3.00,1.000,0.502,0.000
trio-core,geared,5,6,solo,300,200,0.000,0.000,1.000,—,—,3.00,1.000,0.498,0.000
trio-core,geared,5,6,pack,180,200,0.000,0.000,1.000,—,—,3.00,1.000,0.495,0.000
trio-core,geared,5,6,pack,300,200,0.000,0.000,1.000,—,—,3.00,1.000,0.498,0.000
trio-core,geared,5,6,boss,180,200,0.000,0.000,1.000,—,—,3.00,1.000,0.310,0.000
trio-core,geared,5,6,boss,300,200,0.000,0.000,1.000,—,—,3.00,1.000,0.307,0.000
trio-core,geared,5,7,solo,180,200,0.000,0.000,1.000,—,—,3.00,1.000,0.344,0.000
trio-core,geared,5,7,solo,300,200,0.000,0.000,1.000,—,—,3.00,1.000,0.352,0.000
trio-core,geared,5,7,pack,180,200,0.000,0.000,1.000,—,—,3.00,1.000,0.340,0.000
trio-core,geared,5,7,pack,300,200,0.000,0.000,1.000,—,—,3.00,1.000,0.357,0.000
trio-core,geared,5,7,boss,180,200,0.000,0.000,1.000,—,—,3.00,1.000,0.331,0.000
trio-core,geared,5,7,boss,300,200,0.000,0.000,1.000,—,—,3.00,1.000,0.332,0.000
trio-core,geared,5,8,solo,180,200,0.000,0.000,1.000,—,—,3.00,1.000,0.328,0.000
trio-core,geared,5,8,solo,300,200,0.000,0.000,1.000,—,—,3.00,1.000,0.331,0.000
trio-core,geared,5,8,pack,180,200,0.000,0.000,1.000,—,—,3.00,1.000,0.333,0.000
trio-core,geared,5,8,pack,300,200,0.000,0.000,1.000,—,—,3.00,1.000,0.333,0.000
trio-core,geared,5,8,boss,180,200,0.000,0.000,1.000,—,—,3.00,1.000,0.333,0.000
trio-core,geared,5,8,boss,300,200,0.000,0.000,1.000,—,—,3.00,1.000,0.334,0.000
trio-core,geared,10,1,solo,180,200,1.000,0.000,0.000,1.000,0.0,0.00,0.000,—,1.560
trio-core,geared,10,1,solo,300,200,1.000,0.000,0.000,1.000,0.0,0.00,0.000,—,1.560
trio-core,geared,10,1,pack,180,200,1.000,0.000,0.000,0.962,4.0,0.00,0.038,1.000,1.540
trio-core,geared,10,1,pack,300,200,1.000,0.000,0.000,0.961,4.0,0.00,0.039,1.000,1.540
trio-core,geared,10,1,boss,180,200,1.000,0.000,0.000,0.958,6.7,0.00,0.042,1.000,1.538
trio-core,geared,10,1,boss,300,200,1.000,0.000,0.000,0.958,6.7,0.00,0.042,1.000,1.538
trio-core,geared,10,2,solo,180,200,1.000,0.000,0.000,1.000,0.0,0.00,0.000,—,1.560
trio-core,geared,10,2,solo,300,200,1.000,0.000,0.000,1.000,0.0,0.00,0.000,—,1.560
trio-core,geared,10,2,pack,180,200,1.000,0.000,0.000,0.905,6.4,0.00,0.095,1.000,1.511
trio-core,geared,10,2,pack,300,200,1.000,0.000,0.000,0.905,6.4,0.00,0.095,1.000,1.511
trio-core,geared,10,2,boss,180,200,1.000,0.000,0.000,0.948,13.9,0.00,0.052,1.000,1.533
trio-core,geared,10,2,boss,300,200,1.000,0.000,0.000,0.938,13.8,0.00,0.062,1.000,1.528
trio-core,geared,10,3,solo,180,200,1.000,0.000,0.000,0.927,3.1,0.00,0.073,1.000,1.522
trio-core,geared,10,3,solo,300,200,1.000,0.000,0.000,0.925,3.2,0.00,0.075,1.000,1.521
trio-core,geared,10,3,pack,180,200,1.000,0.000,0.000,0.986,16.0,0.00,0.014,1.000,1.553
trio-core,geared,10,3,pack,300,200,1.000,0.000,0.000,0.986,16.0,0.00,0.014,1.000,1.553
trio-core,geared,10,3,boss,180,200,1.000,0.000,0.000,0.925,32.8,0.05,0.075,1.000,1.521
trio-core,geared,10,3,boss,300,200,1.000,0.000,0.000,0.922,34.1,0.09,0.078,0.998,1.519
trio-core,geared,10,4,solo,180,200,1.000,0.000,0.000,0.940,8.1,0.00,0.060,1.000,1.529
trio-core,geared,10,4,solo,300,200,1.000,0.000,0.000,0.942,8.1,0.00,0.058,1.000,1.530
trio-core,geared,10,4,pack,180,200,0.095,0.085,0.820,0.527,32.7,2.71,0.941,0.389,0.125
trio-core,geared,10,4,pack,300,200,0.105,0.025,0.870,0.703,32.0,2.71,0.921,0.445,0.148
trio-core,geared,10,4,boss,180,200,0.070,0.000,0.930,0.700,62.6,2.83,0.951,0.896,0.098
trio-core,geared,10,4,boss,300,200,0.060,0.000,0.940,0.613,83.2,2.87,0.963,0.889,0.082
trio-core,geared,10,5,solo,180,200,0.995,0.000,0.005,0.870,20.6,0.03,0.135,0.995,1.485
trio-core,geared,10,5,solo,300,200,1.000,0.000,0.000,0.859,21.0,0.00,0.141,1.000,1.487
trio-core,geared,10,5,pack,180,200,0.000,0.000,1.000,—,—,3.00,1.000,0.442,0.000
trio-core,geared,10,5,pack,300,200,0.000,0.000,1.000,—,—,3.00,1.000,0.446,0.000
trio-core,geared,10,5,boss,180,200,0.000,0.000,1.000,—,—,3.00,1.000,0.487,0.000
trio-core,geared,10,5,boss,300,200,0.000,0.000,1.000,—,—,3.00,1.000,0.477,0.000
trio-core,geared,10,6,solo,180,200,0.000,0.000,1.000,—,—,3.00,1.000,0.535,0.000
trio-core,geared,10,6,solo,300,200,0.000,0.000,1.000,—,—,3.00,1.000,0.531,0.000
trio-core,geared,10,6,pack,180,200,0.000,0.000,1.000,—,—,3.00,1.000,0.517,0.000
trio-core,geared,10,6,pack,300,200,0.000,0.000,1.000,—,—,3.00,1.000,0.509,0.000
trio-core,geared,10,6,boss,180,200,0.000,0.000,1.000,—,—,3.00,1.000,0.416,0.000
trio-core,geared,10,6,boss,300,200,0.000,0.000,1.000,—,—,3.00,1.000,0.415,0.000
trio-core,geared,10,7,solo,180,200,0.000,0.000,1.000,—,—,3.00,1.000,0.389,0.000
trio-core,geared,10,7,solo,300,200,0.000,0.000,1.000,—,—,3.00,1.000,0.401,0.000
trio-core,geared,10,7,pack,180,200,0.000,0.000,1.000,—,—,3.00,1.000,0.385,0.000
trio-core,geared,10,7,pack,300,200,0.000,0.000,1.000,—,—,3.00,1.000,0.392,0.000
trio-core,geared,10,7,boss,180,200,0.000,0.000,1.000,—,—,3.00,1.000,0.365,0.000
trio-core,geared,10,7,boss,300,200,0.000,0.000,1.000,—,—,3.00,1.000,0.362,0.000
trio-core,geared,10,8,solo,180,200,0.000,0.000,1.000,—,—,3.00,1.000,0.348,0.000
trio-core,geared,10,8,solo,300,200,0.000,0.000,1.000,—,—,3.00,1.000,0.350,0.000
trio-core,geared,10,8,pack,180,200,0.000,0.000,1.000,—,—,3.00,1.000,0.346,0.000
trio-core,geared,10,8,pack,300,200,0.000,0.000,1.000,—,—,3.00,1.000,0.354,0.000
trio-core,geared,10,8,boss,180,200,0.000,0.000,1.000,—,—,3.00,1.000,0.331,0.000
trio-core,geared,10,8,boss,300,200,0.000,0.000,1.000,—,—,3.00,1.000,0.344,0.000
trio-core,geared,20,1,solo,180,200,1.000,0.000,0.000,1.000,0.0,0.00,0.000,—,1.620
trio-core,geared,20,1,solo,300,200,1.000,0.000,0.000,1.000,0.0,0.00,0.000,—,1.620
trio-core,geared,20,1,pack,180,200,1.000,0.000,0.000,0.999,0.2,0.00,0.001,1.000,1.619
trio-core,geared,20,1,pack,300,200,1.000,0.000,0.000,0.999,0.3,0.00,0.001,1.000,1.619
trio-core,geared,20,1,boss,180,200,1.000,0.000,0.000,0.981,3.9,0.00,0.019,1.000,1.610
trio-core,geared,20,1,boss,300,200,1.000,0.000,0.000,0.981,3.9,0.00,0.019,1.000,1.610
trio-core,geared,20,2,solo,180,200,1.000,0.000,0.000,1.000,0.0,0.00,0.000,—,1.620
trio-core,geared,20,2,solo,300,200,1.000,0.000,0.000,1.000,0.0,0.00,0.000,—,1.620
trio-core,geared,20,2,pack,180,200,1.000,0.000,0.000,0.966,3.8,0.00,0.034,1.000,1.602
trio-core,geared,20,2,pack,300,200,1.000,0.000,0.000,0.966,3.8,0.00,0.034,1.000,1.602
trio-core,geared,20,2,boss,180,200,1.000,0.000,0.000,0.963,6.2,0.00,0.037,1.000,1.600
trio-core,geared,20,2,boss,300,200,1.000,0.000,0.000,0.962,6.3,0.00,0.038,1.000,1.599
trio-core,geared,20,3,solo,180,200,1.000,0.000,0.000,0.995,0.3,0.00,0.005,1.000,1.617
trio-core,geared,20,3,solo,300,200,1.000,0.000,0.000,0.995,0.3,0.00,0.005,1.000,1.617
trio-core,geared,20,3,pack,180,200,1.000,0.000,0.000,0.918,6.1,0.00,0.082,1.000,1.575
trio-core,geared,20,3,pack,300,200,1.000,0.000,0.000,0.917,6.0,0.00,0.083,1.000,1.575
trio-core,geared,20,3,boss,180,200,1.000,0.000,0.000,0.975,13.7,0.00,0.025,1.000,1.607
trio-core,geared,20,3,boss,300,200,1.000,0.000,0.000,0.978,13.8,0.00,0.022,1.000,1.608
trio-core,geared,20,4,solo,180,200,1.000,0.000,0.000,0.942,3.4,0.00,0.058,1.000,1.589
trio-core,geared,20,4,solo,300,200,1.000,0.000,0.000,0.943,3.3,0.00,0.057,1.000,1.589
trio-core,geared,20,4,pack,180,200,1.000,0.000,0.000,1.000,15.6,0.00,0.000,1.000,1.620
trio-core,geared,20,4,pack,300,200,1.000,0.000,0.000,1.000,15.6,0.00,0.000,1.000,1.620
trio-core,geared,20,4,boss,180,200,1.000,0.000,0.000,0.869,52.4,0.35,0.131,1.000,1.549
trio-core,geared,20,4,boss,300,200,1.000,0.000,0.000,0.879,48.2,0.30,0.121,0.999,1.555
trio-core,geared,20,5,solo,180,200,1.000,0.000,0.000,0.934,8.6,0.00,0.066,1.000,1.585
trio-core,geared,20,5,solo,300,200,1.000,0.000,0.000,0.935,8.7,0.00,0.065,1.000,1.585
trio-core,geared,20,5,pack,180,200,0.235,0.010,0.755,0.973,32.3,2.29,0.771,0.686,0.377
trio-core,geared,20,5,pack,300,200,0.250,0.015,0.735,0.964,32.5,2.23,0.757,0.666,0.400
trio-core,geared,20,5,boss,180,200,0.105,0.010,0.885,0.677,69.6,2.73,0.925,0.962,0.152
trio-core,geared,20,5,boss,300,200,0.120,0.000,0.880,0.670,69.7,2.71,0.920,0.962,0.173
trio-core,geared,20,6,solo,180,200,1.000,0.000,0.000,0.903,24.2,0.00,0.097,1.000,1.567
trio-core,geared,20,6,solo,300,200,1.000,0.000,0.000,0.909,23.8,0.00,0.091,1.000,1.571
trio-core,geared,20,6,pack,180,200,0.000,0.000,1.000,—,—,3.00,1.000,0.524,0.000
trio-core,geared,20,6,pack,300,200,0.000,0.000,1.000,—,—,3.00,1.000,0.515,0.000
trio-core,geared,20,6,boss,180,200,0.000,0.000,1.000,—,—,3.00,1.000,0.549,0.000
trio-core,geared,20,6,boss,300,200,0.000,0.000,1.000,—,—,3.00,1.000,0.552,0.000
trio-core,geared,20,7,solo,180,200,0.000,0.000,1.000,—,—,3.00,1.000,0.607,0.000
trio-core,geared,20,7,solo,300,200,0.000,0.000,1.000,—,—,3.00,1.000,0.608,0.000
trio-core,geared,20,7,pack,180,200,0.000,0.000,1.000,—,—,3.00,1.000,0.546,0.000
trio-core,geared,20,7,pack,300,200,0.000,0.000,1.000,—,—,3.00,1.000,0.553,0.000
trio-core,geared,20,7,boss,180,200,0.000,0.000,1.000,—,—,3.00,1.000,0.455,0.000
trio-core,geared,20,7,boss,300,200,0.000,0.000,1.000,—,—,3.00,1.000,0.454,0.000
trio-core,geared,20,8,solo,180,200,0.000,0.000,1.000,—,—,3.00,1.000,0.433,0.000
trio-core,geared,20,8,solo,300,200,0.000,0.000,1.000,—,—,3.00,1.000,0.430,0.000
trio-core,geared,20,8,pack,180,200,0.000,0.000,1.000,—,—,3.00,1.000,0.435,0.000
trio-core,geared,20,8,pack,300,200,0.000,0.000,1.000,—,—,3.00,1.000,0.412,0.000
trio-core,geared,20,8,boss,180,200,0.000,0.000,1.000,—,—,3.00,1.000,0.441,0.000
trio-core,geared,20,8,boss,300,200,0.000,0.000,1.000,—,—,3.00,1.000,0.436,0.000
trio-core,geared,35,1,solo,180,200,1.000,0.000,0.000,1.000,0.0,0.00,0.000,—,1.710
trio-core,geared,35,1,solo,300,200,1.000,0.000,0.000,1.000,0.0,0.00,0.000,—,1.710
trio-core,geared,35,1,pack,180,200,1.000,0.000,0.000,1.000,0.0,0.00,0.000,—,1.710
trio-core,geared,35,1,pack,300,200,1.000,0.000,0.000,1.000,0.0,0.00,0.000,—,1.710
trio-core,geared,35,1,boss,180,200,1.000,0.000,0.000,0.995,2.1,0.00,0.005,1.000,1.707
trio-core,geared,35,1,boss,300,200,1.000,0.000,0.000,0.995,2.0,0.00,0.005,1.000,1.707
trio-core,geared,35,2,solo,180,200,1.000,0.000,0.000,1.000,0.0,0.00,0.000,—,1.710
trio-core,geared,35,2,solo,300,200,1.000,0.000,0.000,1.000,0.0,0.00,0.000,—,1.710
trio-core,geared,35,2,pack,180,200,1.000,0.000,0.000,0.994,1.3,0.00,0.006,1.000,1.706
trio-core,geared,35,2,pack,300,200,1.000,0.000,0.000,0.993,1.3,0.00,0.007,1.000,1.706
trio-core,geared,35,2,boss,180,200,1.000,0.000,0.000,0.982,3.7,0.00,0.018,1.000,1.700
trio-core,geared,35,2,boss,300,200,1.000,0.000,0.000,0.983,3.7,0.00,0.017,1.000,1.700
trio-core,geared,35,3,solo,180,200,1.000,0.000,0.000,1.000,0.0,0.00,0.000,—,1.710
trio-core,geared,35,3,solo,300,200,1.000,0.000,0.000,1.000,0.0,0.00,0.000,—,1.710
trio-core,geared,35,3,pack,180,200,1.000,0.000,0.000,0.969,3.3,0.00,0.031,1.000,1.692
trio-core,geared,35,3,pack,300,200,1.000,0.000,0.000,0.968,3.3,0.00,0.032,1.000,1.692
trio-core,geared,35,3,boss,180,200,1.000,0.000,0.000,0.966,6.2,0.00,0.034,1.000,1.691
trio-core,geared,35,3,boss,300,200,1.000,0.000,0.000,0.966,6.1,0.00,0.034,1.000,1.691
trio-core,geared,35,4,solo,180,200,1.000,0.000,0.000,0.985,0.9,0.00,0.015,1.000,1.701
trio-core,geared,35,4,solo,300,200,1.000,0.000,0.000,0.986,0.8,0.00,0.014,1.000,1.702
trio-core,geared,35,4,pack,180,200,1.000,0.000,0.000,0.898,6.9,0.00,0.102,1.000,1.652
trio-core,geared,35,4,pack,300,200,1.000,0.000,0.000,0.902,6.8,0.00,0.098,1.000,1.654
trio-core,geared,35,4,boss,180,200,1.000,0.000,0.000,0.964,14.7,0.00,0.036,1.000,1.689
trio-core,geared,35,4,boss,300,200,1.000,0.000,0.000,0.963,14.9,0.00,0.037,1.000,1.689
trio-core,geared,35,5,solo,180,200,1.000,0.000,0.000,0.930,3.8,0.00,0.070,1.000,1.670
trio-core,geared,35,5,solo,300,200,1.000,0.000,0.000,0.931,3.8,0.00,0.069,1.000,1.671
trio-core,geared,35,5,pack,180,200,1.000,0.000,0.000,0.984,17.3,0.00,0.016,1.000,1.701
trio-core,geared,35,5,pack,300,200,1.000,0.000,0.000,0.986,17.1,0.00,0.014,1.000,1.702
trio-core,geared,35,5,boss,180,200,0.790,0.000,0.210,0.825,44.1,0.91,0.349,0.999,1.272
trio-core,geared,35,5,boss,300,200,0.820,0.000,0.180,0.777,44.6,0.93,0.363,0.999,1.298
trio-core,geared,35,6,solo,180,200,1.000,0.000,0.000,0.930,10.6,0.00,0.070,1.000,1.670
trio-core,geared,35,6,solo,300,200,1.000,0.000,0.000,0.928,10.5,0.00,0.072,1.000,1.669
trio-core,geared,35,6,pack,180,200,0.485,0.000,0.515,0.963,40.0,1.54,0.533,0.875,0.819
trio-core,geared,35,6,pack,300,200,0.530,0.000,0.470,0.971,39.7,1.41,0.486,0.885,0.897
trio-core,geared,35,6,boss,180,200,0.045,0.005,0.950,0.763,79.3,2.88,0.964,0.972,0.071
trio-core,geared,35,6,boss,300,200,0.045,0.000,0.955,0.698,73.2,2.89,0.969,0.965,0.069
trio-core,geared,35,7,solo,180,200,1.000,0.000,0.000,0.915,31.5,0.00,0.085,1.000,1.662
trio-core,geared,35,7,solo,300,200,1.000,0.000,0.000,0.930,31.4,0.00,0.070,1.000,1.670
trio-core,geared,35,7,pack,180,200,0.000,0.000,1.000,—,—,3.00,1.000,0.589,0.000
trio-core,geared,35,7,pack,300,200,0.000,0.000,1.000,—,—,3.00,1.000,0.599,0.000
trio-core,geared,35,7,boss,180,200,0.000,0.000,1.000,—,—,3.00,1.000,0.565,0.000
trio-core,geared,35,7,boss,300,200,0.000,0.000,1.000,—,—,3.00,1.000,0.574,0.000
trio-core,geared,35,8,solo,180,200,0.000,0.000,1.000,—,—,3.00,1.000,0.661,0.000
trio-core,geared,35,8,solo,300,200,0.000,0.000,1.000,—,—,3.00,1.000,0.651,0.000
trio-core,geared,35,8,pack,180,200,0.000,0.000,1.000,—,—,3.00,1.000,0.577,0.000
trio-core,geared,35,8,pack,300,200,0.000,0.000,1.000,—,—,3.00,1.000,0.569,0.000
trio-core,geared,35,8,boss,180,200,0.000,0.000,1.000,—,—,3.00,1.000,0.578,0.000
trio-core,geared,35,8,boss,300,200,0.000,0.000,1.000,—,—,3.00,1.000,0.573,0.000
trio-core,geared,50,1,solo,180,200,1.000,0.000,0.000,1.000,0.0,0.00,0.000,—,1.800
trio-core,geared,50,1,solo,300,200,1.000,0.000,0.000,1.000,0.0,0.00,0.000,—,1.800
trio-core,geared,50,1,pack,180,200,1.000,0.000,0.000,1.000,0.0,0.00,0.000,—,1.800
trio-core,geared,50,1,pack,300,200,1.000,0.000,0.000,1.000,0.0,0.00,0.000,—,1.800
trio-core,geared,50,1,boss,180,200,1.000,0.000,0.000,0.997,1.1,0.00,0.003,1.000,1.798
trio-core,geared,50,1,boss,300,200,1.000,0.000,0.000,0.997,1.2,0.00,0.003,1.000,1.798
trio-core,geared,50,2,solo,180,200,1.000,0.000,0.000,1.000,0.0,0.00,0.000,—,1.800
trio-core,geared,50,2,solo,300,200,1.000,0.000,0.000,1.000,0.0,0.00,0.000,—,1.800
trio-core,geared,50,2,pack,180,200,1.000,0.000,0.000,1.000,0.0,0.00,0.000,—,1.800
trio-core,geared,50,2,pack,300,200,1.000,0.000,0.000,1.000,0.0,0.00,0.000,—,1.800
trio-core,geared,50,2,boss,180,200,1.000,0.000,0.000,0.993,2.4,0.00,0.007,1.000,1.796
trio-core,geared,50,2,boss,300,200,1.000,0.000,0.000,0.994,2.4,0.00,0.006,1.000,1.796
trio-core,geared,50,3,solo,180,200,1.000,0.000,0.000,1.000,0.0,0.00,0.000,—,1.800
trio-core,geared,50,3,solo,300,200,1.000,0.000,0.000,1.000,0.0,0.00,0.000,—,1.800
trio-core,geared,50,3,pack,180,200,1.000,0.000,0.000,0.983,2.7,0.00,0.017,1.000,1.790
trio-core,geared,50,3,pack,300,200,1.000,0.000,0.000,0.984,2.7,0.00,0.016,1.000,1.790
trio-core,geared,50,3,boss,180,200,1.000,0.000,0.000,0.982,4.3,0.00,0.018,1.000,1.789
trio-core,geared,50,3,boss,300,200,1.000,0.000,0.000,0.981,4.2,0.00,0.019,1.000,1.789
trio-core,geared,50,4,solo,180,200,1.000,0.000,0.000,1.000,0.0,0.00,0.000,1.000,1.800
trio-core,geared,50,4,solo,300,200,1.000,0.000,0.000,1.000,0.0,0.00,0.000,—,1.800
trio-core,geared,50,4,pack,180,200,1.000,0.000,0.000,0.962,4.3,0.00,0.038,1.000,1.777
trio-core,geared,50,4,pack,300,200,1.000,0.000,0.000,0.963,4.3,0.00,0.037,1.000,1.778
trio-core,geared,50,4,boss,180,200,1.000,0.000,0.000,0.939,9.4,0.00,0.061,1.000,1.763
trio-core,geared,50,4,boss,300,200,1.000,0.000,0.000,0.940,9.3,0.00,0.060,1.000,1.764
trio-core,geared,50,5,solo,180,200,1.000,0.000,0.000,0.978,1.9,0.00,0.022,1.000,1.787
trio-core,geared,50,5,solo,300,200,1.000,0.000,0.000,0.977,2.0,0.00,0.023,1.000,1.786
trio-core,geared,50,5,pack,180,200,1.000,0.000,0.000,0.911,9.1,0.00,0.089,1.000,1.747
trio-core,geared,50,5,pack,300,200,1.000,0.000,0.000,0.910,9.2,0.00,0.090,1.000,1.746
trio-core,geared,50,5,boss,180,200,1.000,0.000,0.000,0.954,19.8,0.04,0.046,1.000,1.773
trio-core,geared,50,5,boss,300,200,1.000,0.000,0.000,0.945,19.9,0.05,0.055,0.999,1.767
trio-core,geared,50,6,solo,180,200,1.000,0.000,0.000,0.918,5.6,0.00,0.082,1.000,1.751
trio-core,geared,50,6,solo,300,200,1.000,0.000,0.000,0.919,5.7,0.00,0.081,1.000,1.752
trio-core,geared,50,6,pack,180,200,1.000,0.000,0.000,0.972,25.0,0.00,0.028,1.000,1.783
trio-core,geared,50,6,pack,300,200,1.000,0.000,0.000,0.970,25.0,0.00,0.030,1.000,1.782
trio-core,geared,50,6,boss,180,200,0.490,0.005,0.505,0.603,51.3,1.96,0.704,0.992,0.765
trio-core,geared,50,6,boss,300,200,0.475,0.000,0.525,0.607,52.1,1.98,0.712,0.990,0.743
trio-core,geared,50,7,solo,180,200,1.000,0.000,0.000,0.968,18.4,0.00,0.032,1.000,1.781
trio-core,geared,50,7,solo,300,200,1.000,0.000,0.000,0.968,18.2,0.00,0.032,1.000,1.781
trio-core,geared,50,7,pack,180,200,0.255,0.000,0.745,0.959,63.4,2.23,0.756,0.847,0.453
trio-core,geared,50,7,pack,300,200,0.210,0.000,0.790,0.960,62.4,2.37,0.798,0.830,0.373
trio-core,geared,50,7,boss,180,200,0.005,0.015,0.980,0.549,122.1,2.97,0.992,0.928,0.008
trio-core,geared,50,7,boss,300,200,0.000,0.000,1.000,—,—,3.00,1.000,0.930,0.000
trio-core,geared,50,8,solo,180,200,0.515,0.000,0.485,0.920,54.8,1.46,0.526,0.923,0.902
trio-core,geared,50,8,solo,300,200,0.550,0.000,0.450,0.929,54.5,1.35,0.489,0.931,0.967
trio-core,geared,50,8,pack,180,200,0.000,0.000,1.000,—,—,3.00,1.000,0.681,0.000
trio-core,geared,50,8,pack,300,200,0.000,0.000,1.000,—,—,3.00,1.000,0.682,0.000
trio-core,geared,50,8,boss,180,200,0.000,0.000,1.000,—,—,3.00,1.000,0.660,0.000
trio-core,geared,50,8,boss,300,200,0.000,0.000,1.000,—,—,3.00,1.000,0.633,0.000
trio-core,full-build,1,1,solo,180,200,1.000,0.000,0.000,1.000,0.0,0.00,0.000,—,1.506
trio-core,full-build,1,1,solo,300,200,1.000,0.000,0.000,1.000,0.0,0.00,0.000,—,1.506
trio-core,full-build,1,1,pack,180,200,1.000,0.000,0.000,0.935,7.4,0.00,0.065,1.000,1.473
trio-core,full-build,1,1,pack,300,200,1.000,0.000,0.000,0.936,7.3,0.00,0.064,1.000,1.474
trio-core,full-build,1,1,boss,180,200,1.000,0.000,0.000,0.922,14.4,0.00,0.078,1.000,1.467
trio-core,full-build,1,1,boss,300,200,1.000,0.000,0.000,0.917,14.5,0.00,0.083,1.000,1.464
trio-core,full-build,1,2,solo,180,200,1.000,0.000,0.000,0.954,3.2,0.00,0.046,1.000,1.483
trio-core,full-build,1,2,solo,300,200,1.000,0.000,0.000,0.955,3.2,0.00,0.045,1.000,1.484
trio-core,full-build,1,2,pack,180,200,1.000,0.000,0.000,0.981,19.2,0.00,0.019,1.000,1.497
trio-core,full-build,1,2,pack,300,200,1.000,0.000,0.000,0.979,19.0,0.00,0.021,1.000,1.495
trio-core,full-build,1,2,boss,180,200,1.000,0.000,0.000,0.981,36.5,0.00,0.019,0.997,1.496
trio-core,full-build,1,2,boss,300,200,1.000,0.000,0.000,0.984,36.7,0.00,0.016,0.999,1.498
trio-core,full-build,1,3,solo,180,200,1.000,0.000,0.000,0.932,8.2,0.00,0.068,1.000,1.472
trio-core,full-build,1,3,solo,300,200,1.000,0.000,0.000,0.936,8.5,0.00,0.064,1.000,1.474
trio-core,full-build,1,3,pack,180,200,0.475,0.190,0.335,0.650,41.1,1.72,0.658,0.420,0.632
trio-core,full-build,1,3,pack,300,200,0.455,0.155,0.390,0.655,40.8,1.79,0.666,0.371,0.606
trio-core,full-build,1,3,boss,180,200,0.420,0.110,0.470,0.708,101.4,1.76,0.665,0.939,0.571
trio-core,full-build,1,3,boss,300,200,0.500,0.000,0.500,0.668,115.7,1.77,0.666,0.952,0.670
trio-core,full-build,1,4,solo,180,200,1.000,0.000,0.000,0.828,22.7,0.01,0.172,1.000,1.420
trio-core,full-build,1,4,solo,300,200,1.000,0.000,0.000,0.824,23.1,0.01,0.176,1.000,1.418
trio-core,full-build,1,4,pack,180,200,0.000,0.000,1.000,—,—,3.00,1.000,0.416,0.000
trio-core,full-build,1,4,pack,300,200,0.000,0.000,1.000,—,—,3.00,1.000,0.419,0.000
trio-core,full-build,1,4,boss,180,200,0.000,0.000,1.000,—,—,3.00,1.000,0.374,0.000
trio-core,full-build,1,4,boss,300,200,0.000,0.000,1.000,—,—,3.00,1.000,0.375,0.000
trio-core,full-build,1,5,solo,180,200,0.000,0.000,1.000,—,—,3.00,1.000,0.467,0.000
trio-core,full-build,1,5,solo,300,200,0.000,0.000,1.000,—,—,3.00,1.000,0.477,0.000
trio-core,full-build,1,5,pack,180,200,0.000,0.000,1.000,—,—,3.00,1.000,0.432,0.000
trio-core,full-build,1,5,pack,300,200,0.000,0.000,1.000,—,—,3.00,1.000,0.422,0.000
trio-core,full-build,1,5,boss,180,200,0.000,0.000,1.000,—,—,3.00,1.000,0.421,0.000
trio-core,full-build,1,5,boss,300,200,0.000,0.000,1.000,—,—,3.00,1.000,0.432,0.000
trio-core,full-build,1,6,solo,180,200,0.000,0.000,1.000,—,—,3.00,1.000,0.500,0.000
trio-core,full-build,1,6,solo,300,200,0.000,0.000,1.000,—,—,3.00,1.000,0.496,0.000
trio-core,full-build,1,6,pack,180,200,0.000,0.000,1.000,—,—,3.00,1.000,0.500,0.000
trio-core,full-build,1,6,pack,300,200,0.000,0.000,1.000,—,—,3.00,1.000,0.495,0.000
trio-core,full-build,1,6,boss,180,200,0.000,0.000,1.000,—,—,3.00,1.000,0.288,0.000
trio-core,full-build,1,6,boss,300,200,0.000,0.000,1.000,—,—,3.00,1.000,0.294,0.000
trio-core,full-build,1,7,solo,180,200,0.000,0.000,1.000,—,—,3.00,1.000,0.353,0.000
trio-core,full-build,1,7,solo,300,200,0.000,0.000,1.000,—,—,3.00,1.000,0.348,0.000
trio-core,full-build,1,7,pack,180,200,0.000,0.000,1.000,—,—,3.00,1.000,0.350,0.000
trio-core,full-build,1,7,pack,300,200,0.000,0.000,1.000,—,—,3.00,1.000,0.352,0.000
trio-core,full-build,1,7,boss,180,200,0.000,0.000,1.000,—,—,3.00,1.000,0.322,0.000
trio-core,full-build,1,7,boss,300,200,0.000,0.000,1.000,—,—,3.00,1.000,0.330,0.000
trio-core,full-build,1,8,solo,180,200,0.000,0.000,1.000,—,—,3.00,1.000,0.333,0.000
trio-core,full-build,1,8,solo,300,200,0.000,0.000,1.000,—,—,3.00,1.000,0.326,0.000
trio-core,full-build,1,8,pack,180,200,0.000,0.000,1.000,—,—,3.00,1.000,0.324,0.000
trio-core,full-build,1,8,pack,300,200,0.000,0.000,1.000,—,—,3.00,1.000,0.333,0.000
trio-core,full-build,1,8,boss,180,200,0.000,0.000,1.000,—,—,3.00,1.000,0.331,0.000
trio-core,full-build,1,8,boss,300,200,0.000,0.000,1.000,—,—,3.00,1.000,0.327,0.000
trio-core,full-build,5,1,solo,180,200,1.000,0.000,0.000,1.000,0.0,0.00,0.000,—,1.530
trio-core,full-build,5,1,solo,300,200,1.000,0.000,0.000,1.000,0.0,0.00,0.000,—,1.530
trio-core,full-build,5,1,pack,180,200,1.000,0.000,0.000,0.964,4.2,0.00,0.036,1.000,1.512
trio-core,full-build,5,1,pack,300,200,1.000,0.000,0.000,0.965,4.2,0.00,0.035,1.000,1.512
trio-core,full-build,5,1,boss,180,200,1.000,0.000,0.000,0.957,7.7,0.00,0.043,1.000,1.508
trio-core,full-build,5,1,boss,300,200,1.000,0.000,0.000,0.959,7.7,0.00,0.041,1.000,1.509
trio-core,full-build,5,2,solo,180,200,1.000,0.000,0.000,1.000,0.0,0.00,0.000,1.000,1.530
trio-core,full-build,5,2,solo,300,200,1.000,0.000,0.000,1.000,0.0,0.00,0.000,—,1.530
trio-core,full-build,5,2,pack,180,200,1.000,0.000,0.000,0.905,7.4,0.00,0.095,1.000,1.482
trio-core,full-build,5,2,pack,300,200,1.000,0.000,0.000,0.905,7.5,0.00,0.095,1.000,1.481
trio-core,full-build,5,2,boss,180,200,1.000,0.000,0.000,0.955,16.5,0.00,0.045,1.000,1.507
trio-core,full-build,5,2,boss,300,200,1.000,0.000,0.000,0.954,16.8,0.00,0.046,1.000,1.507
trio-core,full-build,5,3,solo,180,200,1.000,0.000,0.000,0.926,3.8,0.00,0.074,1.000,1.492
trio-core,full-build,5,3,solo,300,200,1.000,0.000,0.000,0.929,3.8,0.00,0.071,1.000,1.494
trio-core,full-build,5,3,pack,180,200,1.000,0.000,0.000,0.973,19.1,0.00,0.027,1.000,1.516
trio-core,full-build,5,3,pack,300,200,1.000,0.000,0.000,0.973,19.0,0.00,0.027,1.000,1.516
trio-core,full-build,5,3,boss,180,200,1.000,0.000,0.000,0.969,37.1,0.00,0.031,0.998,1.514
trio-core,full-build,5,3,boss,300,200,1.000,0.000,0.000,0.970,37.1,0.00,0.030,0.998,1.515
trio-core,full-build,5,4,solo,180,200,1.000,0.000,0.000,0.947,10.1,0.00,0.053,1.000,1.503
trio-core,full-build,5,4,solo,300,200,1.000,0.000,0.000,0.955,10.2,0.00,0.045,1.000,1.507
trio-core,full-build,5,4,pack,180,200,0.055,0.025,0.920,0.686,39.5,2.85,0.959,0.451,0.075
trio-core,full-build,5,4,pack,300,200,0.105,0.030,0.865,0.683,40.4,2.72,0.922,0.432,0.144
trio-core,full-build,5,4,boss,180,200,0.045,0.000,0.955,0.649,76.7,2.90,0.971,0.915,0.061
trio-core,full-build,5,4,boss,300,200,0.035,0.000,0.965,0.398,88.8,2.94,0.986,0.906,0.043
trio-core,full-build,5,5,solo,180,200,1.000,0.000,0.000,0.828,25.7,0.04,0.172,1.000,1.442
trio-core,full-build,5,5,solo,300,200,1.000,0.000,0.000,0.821,25.3,0.03,0.179,1.000,1.439
trio-core,full-build,5,5,pack,180,200,0.000,0.000,1.000,—,—,3.00,1.000,0.465,0.000
trio-core,full-build,5,5,pack,300,200,0.000,0.000,1.000,—,—,3.00,1.000,0.467,0.000
trio-core,full-build,5,5,boss,180,200,0.000,0.000,1.000,—,—,3.00,1.000,0.439,0.000
trio-core,full-build,5,5,boss,300,200,0.000,0.000,1.000,—,—,3.00,1.000,0.443,0.000
trio-core,full-build,5,6,solo,180,200,0.000,0.000,1.000,—,—,3.00,1.000,0.486,0.000
trio-core,full-build,5,6,solo,300,200,0.000,0.000,1.000,—,—,3.00,1.000,0.489,0.000
trio-core,full-build,5,6,pack,180,200,0.000,0.000,1.000,—,—,3.00,1.000,0.464,0.000
trio-core,full-build,5,6,pack,300,200,0.000,0.000,1.000,—,—,3.00,1.000,0.473,0.000
trio-core,full-build,5,6,boss,180,200,0.000,0.000,1.000,—,—,3.00,1.000,0.416,0.000
trio-core,full-build,5,6,boss,300,200,0.000,0.000,1.000,—,—,3.00,1.000,0.413,0.000
trio-core,full-build,5,7,solo,180,200,0.000,0.000,1.000,—,—,3.00,1.000,0.432,0.000
trio-core,full-build,5,7,solo,300,200,0.000,0.000,1.000,—,—,3.00,1.000,0.420,0.000
trio-core,full-build,5,7,pack,180,200,0.000,0.000,1.000,—,—,3.00,1.000,0.418,0.000
trio-core,full-build,5,7,pack,300,200,0.000,0.000,1.000,—,—,3.00,1.000,0.440,0.000
trio-core,full-build,5,7,boss,180,200,0.000,0.000,1.000,—,—,3.00,1.000,0.367,0.000
trio-core,full-build,5,7,boss,300,200,0.000,0.000,1.000,—,—,3.00,1.000,0.364,0.000
trio-core,full-build,5,8,solo,180,200,0.000,0.000,1.000,—,—,3.00,1.000,0.353,0.000
trio-core,full-build,5,8,solo,300,200,0.000,0.000,1.000,—,—,3.00,1.000,0.356,0.000
trio-core,full-build,5,8,pack,180,200,0.000,0.000,1.000,—,—,3.00,1.000,0.354,0.000
trio-core,full-build,5,8,pack,300,200,0.000,0.000,1.000,—,—,3.00,1.000,0.360,0.000
trio-core,full-build,5,8,boss,180,200,0.000,0.000,1.000,—,—,3.00,1.000,0.336,0.000
trio-core,full-build,5,8,boss,300,200,0.000,0.000,1.000,—,—,3.00,1.000,0.338,0.000
trio-core,full-build,10,1,solo,180,200,1.000,0.000,0.000,1.000,0.0,0.00,0.000,—,1.560
trio-core,full-build,10,1,solo,300,200,1.000,0.000,0.000,1.000,0.0,0.00,0.000,—,1.560
trio-core,full-build,10,1,pack,180,200,1.000,0.000,0.000,0.990,1.9,0.00,0.010,1.000,1.555
trio-core,full-build,10,1,pack,300,200,1.000,0.000,0.000,0.989,2.0,0.00,0.011,1.000,1.554
trio-core,full-build,10,1,boss,180,200,1.000,0.000,0.000,0.978,4.9,0.00,0.022,1.000,1.548
trio-core,full-build,10,1,boss,300,200,1.000,0.000,0.000,0.978,5.0,0.00,0.022,1.000,1.548
trio-core,full-build,10,2,solo,180,200,1.000,0.000,0.000,1.000,0.0,0.00,0.000,—,1.560
trio-core,full-build,10,2,solo,300,200,1.000,0.000,0.000,1.000,0.0,0.00,0.000,—,1.560
trio-core,full-build,10,2,pack,180,200,1.000,0.000,0.000,0.958,3.9,0.00,0.042,1.000,1.538
trio-core,full-build,10,2,pack,300,200,1.000,0.000,0.000,0.958,3.9,0.00,0.042,1.000,1.538
trio-core,full-build,10,2,boss,180,200,1.000,0.000,0.000,0.946,8.2,0.00,0.054,1.000,1.532
trio-core,full-build,10,2,boss,300,200,1.000,0.000,0.000,0.944,8.3,0.00,0.056,1.000,1.531
trio-core,full-build,10,3,solo,180,200,1.000,0.000,0.000,0.981,1.3,0.00,0.019,1.000,1.550
trio-core,full-build,10,3,solo,300,200,1.000,0.000,0.000,0.980,1.4,0.00,0.020,1.000,1.550
trio-core,full-build,10,3,pack,180,200,1.000,0.000,0.000,0.936,9.5,0.00,0.064,1.000,1.527
trio-core,full-build,10,3,pack,300,200,1.000,0.000,0.000,0.933,9.5,0.00,0.067,1.000,1.525
trio-core,full-build,10,3,boss,180,200,1.000,0.000,0.000,0.967,19.9,0.00,0.033,0.999,1.543
trio-core,full-build,10,3,boss,300,200,1.000,0.000,0.000,0.965,19.8,0.00,0.035,0.999,1.542
trio-core,full-build,10,4,solo,180,200,1.000,0.000,0.000,0.912,4.5,0.00,0.088,1.000,1.514
trio-core,full-build,10,4,solo,300,200,1.000,0.000,0.000,0.912,4.4,0.00,0.088,1.000,1.514
trio-core,full-build,10,4,pack,180,200,1.000,0.000,0.000,0.983,22.1,0.00,0.017,1.000,1.551
trio-core,full-build,10,4,pack,300,200,1.000,0.000,0.000,0.980,22.0,0.00,0.020,1.000,1.550
trio-core,full-build,10,4,boss,180,200,0.995,0.000,0.005,0.842,71.6,0.45,0.162,0.997,1.470
trio-core,full-build,10,4,boss,300,200,0.995,0.000,0.005,0.845,70.1,0.41,0.159,0.998,1.472
trio-core,full-build,10,5,solo,180,200,1.000,0.000,0.000,0.945,13.2,0.00,0.055,1.000,1.531
trio-core,full-build,10,5,solo,300,200,1.000,0.000,0.000,0.937,13.4,0.00,0.063,1.000,1.527
trio-core,full-build,10,5,pack,180,200,0.000,0.000,1.000,—,—,3.00,1.000,0.502,0.000
trio-core,full-build,10,5,pack,300,200,0.000,0.000,1.000,—,—,3.00,1.000,0.496,0.000
trio-core,full-build,10,5,boss,180,200,0.000,0.000,1.000,—,—,3.00,1.000,0.617,0.000
trio-core,full-build,10,5,boss,300,200,0.005,0.000,0.995,0.355,89.1,2.99,0.998,0.650,0.006
trio-core,full-build,10,6,solo,180,200,0.795,0.000,0.205,0.789,34.2,0.74,0.373,0.933,1.153
trio-core,full-build,10,6,solo,300,200,0.740,0.000,0.260,0.799,34.5,0.89,0.409,0.920,1.077
trio-core,full-build,10,6,pack,180,200,0.000,0.000,1.000,—,—,3.00,1.000,0.469,0.000
trio-core,full-build,10,6,pack,300,200,0.000,0.000,1.000,—,—,3.00,1.000,0.473,0.000
trio-core,full-build,10,6,boss,180,200,0.000,0.000,1.000,—,—,3.00,1.000,0.523,0.000
trio-core,full-build,10,6,boss,300,200,0.000,0.000,1.000,—,—,3.00,1.000,0.518,0.000
trio-core,full-build,10,7,solo,180,200,0.000,0.000,1.000,—,—,3.00,1.000,0.548,0.000
trio-core,full-build,10,7,solo,300,200,0.000,0.000,1.000,—,—,3.00,1.000,0.538,0.000
trio-core,full-build,10,7,pack,180,200,0.000,0.000,1.000,—,—,3.00,1.000,0.507,0.000
trio-core,full-build,10,7,pack,300,200,0.000,0.000,1.000,—,—,3.00,1.000,0.515,0.000
trio-core,full-build,10,7,boss,180,200,0.000,0.000,1.000,—,—,3.00,1.000,0.393,0.000
trio-core,full-build,10,7,boss,300,200,0.000,0.000,1.000,—,—,3.00,1.000,0.373,0.000
trio-core,full-build,10,8,solo,180,200,0.000,0.000,1.000,—,—,3.00,1.000,0.372,0.000
trio-core,full-build,10,8,solo,300,200,0.000,0.000,1.000,—,—,3.00,1.000,0.379,0.000
trio-core,full-build,10,8,pack,180,200,0.000,0.000,1.000,—,—,3.00,1.000,0.376,0.000
trio-core,full-build,10,8,pack,300,200,0.000,0.000,1.000,—,—,3.00,1.000,0.371,0.000
trio-core,full-build,10,8,boss,180,200,0.000,0.000,1.000,—,—,3.00,1.000,0.403,0.000
trio-core,full-build,10,8,boss,300,200,0.000,0.000,1.000,—,—,3.00,1.000,0.423,0.000
trio-core,full-build,20,1,solo,180,200,1.000,0.000,0.000,1.000,0.0,0.00,0.000,—,1.620
trio-core,full-build,20,1,solo,300,200,1.000,0.000,0.000,1.000,0.0,0.00,0.000,—,1.620
trio-core,full-build,20,1,pack,180,200,1.000,0.000,0.000,1.000,0.0,0.00,0.000,—,1.620
trio-core,full-build,20,1,pack,300,200,1.000,0.000,0.000,1.000,0.0,0.00,0.000,—,1.620
trio-core,full-build,20,1,boss,180,200,1.000,0.000,0.000,0.994,2.7,0.00,0.006,1.000,1.617
trio-core,full-build,20,1,boss,300,200,1.000,0.000,0.000,0.994,2.7,0.00,0.006,1.000,1.617
trio-core,full-build,20,2,solo,180,200,1.000,0.000,0.000,1.000,0.0,0.00,0.000,—,1.620
trio-core,full-build,20,2,solo,300,200,1.000,0.000,0.000,1.000,0.0,0.00,0.000,—,1.620
trio-core,full-build,20,2,pack,180,200,1.000,0.000,0.000,0.985,2.9,0.00,0.015,1.000,1.612
trio-core,full-build,20,2,pack,300,200,1.000,0.000,0.000,0.985,3.0,0.00,0.015,1.000,1.612
trio-core,full-build,20,2,boss,180,200,1.000,0.000,0.000,0.980,4.4,0.00,0.020,1.000,1.609
trio-core,full-build,20,2,boss,300,200,1.000,0.000,0.000,0.980,4.4,0.00,0.020,1.000,1.609
trio-core,full-build,20,3,solo,180,200,1.000,0.000,0.000,1.000,0.0,0.00,0.000,—,1.620
trio-core,full-build,20,3,solo,300,200,1.000,0.000,0.000,1.000,0.0,0.00,0.000,—,1.620
trio-core,full-build,20,3,pack,180,200,1.000,0.000,0.000,0.964,4.4,0.00,0.036,1.000,1.600
trio-core,full-build,20,3,pack,300,200,1.000,0.000,0.000,0.963,4.3,0.00,0.037,1.000,1.600
trio-core,full-build,20,3,boss,180,200,1.000,0.000,0.000,0.950,7.9,0.00,0.050,1.000,1.593
trio-core,full-build,20,3,boss,300,200,1.000,0.000,0.000,0.950,8.0,0.00,0.050,1.000,1.593
trio-core,full-build,20,4,solo,180,200,1.000,0.000,0.000,0.979,1.5,0.00,0.021,1.000,1.609
trio-core,full-build,20,4,solo,300,200,1.000,0.000,0.000,0.979,1.5,0.00,0.021,1.000,1.609
trio-core,full-build,20,4,pack,180,200,1.000,0.000,0.000,0.901,8.6,0.00,0.099,1.000,1.567
trio-core,full-build,20,4,pack,300,200,1.000,0.000,0.000,0.904,8.7,0.00,0.096,1.000,1.568
trio-core,full-build,20,4,boss,180,200,1.000,0.000,0.000,0.951,19.9,0.00,0.049,0.998,1.594
trio-core,full-build,20,4,boss,300,200,1.000,0.000,0.000,0.955,19.8,0.00,0.045,0.999,1.596
trio-core,full-build,20,5,solo,180,200,1.000,0.000,0.000,0.922,4.7,0.00,0.078,1.000,1.578
trio-core,full-build,20,5,solo,300,200,1.000,0.000,0.000,0.922,4.8,0.00,0.078,1.000,1.578
trio-core,full-build,20,5,pack,180,200,1.000,0.000,0.000,0.972,22.7,0.00,0.028,1.000,1.605
trio-core,full-build,20,5,pack,300,200,1.000,0.000,0.000,0.972,22.4,0.00,0.028,1.000,1.605
trio-core,full-build,20,5,boss,180,200,0.575,0.010,0.415,0.679,55.8,1.69,0.603,0.992,0.832
trio-core,full-build,20,5,boss,300,200,0.695,0.000,0.305,0.704,54.8,1.40,0.510,0.995,1.015
trio-core,full-build,20,6,solo,180,200,1.000,0.000,0.000,0.954,14.8,0.00,0.046,1.000,1.595
trio-core,full-build,20,6,solo,300,200,1.000,0.000,0.000,0.954,14.7,0.00,0.046,1.000,1.595
trio-core,full-build,20,6,pack,180,200,0.055,0.000,0.945,0.945,50.1,2.83,0.948,0.719,0.087
trio-core,full-build,20,6,pack,300,200,0.035,0.000,0.965,0.921,53.2,2.90,0.968,0.692,0.055
trio-core,full-build,20,6,boss,180,200,0.005,0.005,0.990,0.019,85.9,2.98,0.998,0.930,0.005
trio-core,full-build,20,6,boss,300,200,0.005,0.000,0.995,1.000,108.0,2.98,0.995,0.931,0.008
trio-core,full-build,20,7,solo,180,200,0.990,0.000,0.010,0.904,42.0,0.04,0.105,0.998,1.552
trio-core,full-build,20,7,solo,300,200,1.000,0.000,0.000,0.895,42.3,0.00,0.105,1.000,1.563
trio-core,full-build,20,7,pack,180,200,0.000,0.000,1.000,—,—,3.00,1.000,0.580,0.000
trio-core,full-build,20,7,pack,300,200,0.000,0.000,1.000,—,—,3.00,1.000,0.580,0.000
trio-core,full-build,20,7,boss,180,200,0.000,0.000,1.000,—,—,3.00,1.000,0.540,0.000
trio-core,full-build,20,7,boss,300,200,0.000,0.000,1.000,—,—,3.00,1.000,0.548,0.000
trio-core,full-build,20,8,solo,180,200,0.000,0.000,1.000,—,—,3.00,1.000,0.592,0.000
trio-core,full-build,20,8,solo,300,200,0.000,0.000,1.000,—,—,3.00,1.000,0.606,0.000
trio-core,full-build,20,8,pack,180,200,0.000,0.000,1.000,—,—,3.00,1.000,0.551,0.000
trio-core,full-build,20,8,pack,300,200,0.000,0.000,1.000,—,—,3.00,1.000,0.556,0.000
trio-core,full-build,20,8,boss,180,200,0.000,0.000,1.000,—,—,3.00,1.000,0.566,0.000
trio-core,full-build,20,8,boss,300,200,0.000,0.000,1.000,—,—,3.00,1.000,0.553,0.000
trio-core,full-build,35,1,solo,180,200,1.000,0.000,0.000,1.000,0.0,0.00,0.000,—,1.710
trio-core,full-build,35,1,solo,300,200,1.000,0.000,0.000,1.000,0.0,0.00,0.000,—,1.710
trio-core,full-build,35,1,pack,180,200,1.000,0.000,0.000,1.000,0.0,0.00,0.000,—,1.710
trio-core,full-build,35,1,pack,300,200,1.000,0.000,0.000,1.000,0.0,0.00,0.000,—,1.710
trio-core,full-build,35,1,boss,180,200,1.000,0.000,0.000,0.997,1.2,0.00,0.003,1.000,1.709
trio-core,full-build,35,1,boss,300,200,1.000,0.000,0.000,0.997,1.2,0.00,0.003,1.000,1.708
trio-core,full-build,35,2,solo,180,200,1.000,0.000,0.000,1.000,0.0,0.00,0.000,—,1.710
trio-core,full-build,35,2,solo,300,200,1.000,0.000,0.000,1.000,0.0,0.00,0.000,—,1.710
trio-core,full-build,35,2,pack,180,200,1.000,0.000,0.000,1.000,0.0,0.00,0.000,—,1.710
trio-core,full-build,35,2,pack,300,200,1.000,0.000,0.000,1.000,0.0,0.00,0.000,—,1.710
trio-core,full-build,35,2,boss,180,200,1.000,0.000,0.000,0.994,2.6,0.00,0.006,1.000,1.707
trio-core,full-build,35,2,boss,300,200,1.000,0.000,0.000,0.994,2.6,0.00,0.006,1.000,1.707
trio-core,full-build,35,3,solo,180,200,1.000,0.000,0.000,1.000,0.0,0.00,0.000,—,1.710
trio-core,full-build,35,3,solo,300,200,1.000,0.000,0.000,1.000,0.0,0.00,0.000,—,1.710
trio-core,full-build,35,3,pack,180,200,1.000,0.000,0.000,0.986,3.0,0.00,0.014,1.000,1.702
trio-core,full-build,35,3,pack,300,200,1.000,0.000,0.000,0.985,3.0,0.00,0.015,1.000,1.702
trio-core,full-build,35,3,boss,180,200,1.000,0.000,0.000,0.983,4.3,0.00,0.017,1.000,1.701
trio-core,full-build,35,3,boss,300,200,1.000,0.000,0.000,0.983,4.2,0.00,0.017,1.000,1.700
trio-core,full-build,35,4,solo,180,200,1.000,0.000,0.000,1.000,0.0,0.00,0.000,—,1.710
trio-core,full-build,35,4,solo,300,200,1.000,0.000,0.000,1.000,0.0,0.00,0.000,—,1.710
trio-core,full-build,35,4,pack,180,200,1.000,0.000,0.000,0.966,4.4,0.00,0.034,1.000,1.691
trio-core,full-build,35,4,pack,300,200,1.000,0.000,0.000,0.967,4.4,0.00,0.033,1.000,1.691
trio-core,full-build,35,4,boss,180,200,1.000,0.000,0.000,0.946,9.4,0.00,0.054,1.000,1.679
trio-core,full-build,35,4,boss,300,200,1.000,0.000,0.000,0.948,9.4,0.00,0.052,1.000,1.680
trio-core,full-build,35,5,solo,180,200,1.000,0.000,0.000,0.980,2.1,0.00,0.020,1.000,1.698
trio-core,full-build,35,5,solo,300,200,1.000,0.000,0.000,0.979,2.1,0.00,0.021,1.000,1.698
trio-core,full-build,35,5,pack,180,200,1.000,0.000,0.000,0.894,9.4,0.00,0.106,1.000,1.650
trio-core,full-build,35,5,pack,300,200,1.000,0.000,0.000,0.897,9.3,0.00,0.103,1.000,1.651
trio-core,full-build,35,5,boss,180,200,1.000,0.000,0.000,0.947,19.7,0.04,0.053,0.999,1.680
trio-core,full-build,35,5,boss,300,200,1.000,0.000,0.000,0.952,19.5,0.04,0.048,0.998,1.683
trio-core,full-build,35,6,solo,180,200,1.000,0.000,0.000,0.929,5.8,0.00,0.071,1.000,1.670
trio-core,full-build,35,6,solo,300,200,1.000,0.000,0.000,0.930,5.8,0.00,0.070,1.000,1.670
trio-core,full-build,35,6,pack,180,200,1.000,0.000,0.000,0.981,26.2,0.00,0.019,1.000,1.699
trio-core,full-build,35,6,pack,300,200,1.000,0.000,0.000,0.977,25.8,0.00,0.023,1.000,1.697
trio-core,full-build,35,6,boss,180,200,0.430,0.005,0.565,0.598,54.8,2.10,0.743,0.990,0.637
trio-core,full-build,35,6,boss,300,200,0.415,0.000,0.585,0.583,54.6,2.15,0.758,0.987,0.611
trio-core,full-build,35,7,solo,180,200,1.000,0.000,0.000,0.963,18.6,0.00,0.037,1.000,1.689
trio-core,full-build,35,7,solo,300,200,1.000,0.000,0.000,0.968,18.5,0.00,0.032,1.000,1.692
trio-core,full-build,35,7,pack,180,200,0.690,0.000,0.310,0.953,66.4,0.93,0.343,0.958,1.161
trio-core,full-build,35,7,pack,300,200,0.710,0.000,0.290,0.955,66.3,0.87,0.322,0.961,1.196
trio-core,full-build,35,7,boss,180,200,0.025,0.000,0.975,0.735,126.2,2.94,0.982,0.983,0.039
trio-core,full-build,35,7,boss,300,200,0.010,0.000,0.990,0.474,121.0,2.98,0.995,0.984,0.014
trio-core,full-build,35,8,solo,180,200,0.520,0.000,0.480,0.920,56.4,1.44,0.522,0.924,0.865
trio-core,full-build,35,8,solo,300,200,0.590,0.000,0.410,0.926,57.3,1.23,0.454,0.941,0.984
trio-core,full-build,35,8,pack,180,200,0.000,0.000,1.000,—,—,3.00,1.000,0.698,0.000
trio-core,full-build,35,8,pack,300,200,0.000,0.000,1.000,—,—,3.00,1.000,0.692,0.000
trio-core,full-build,35,8,boss,180,200,0.000,0.000,1.000,—,—,3.00,1.000,0.652,0.000
trio-core,full-build,35,8,boss,300,200,0.000,0.000,1.000,—,—,3.00,1.000,0.647,0.000
trio-core,full-build,50,1,solo,180,200,1.000,0.000,0.000,1.000,0.0,0.00,0.000,—,1.800
trio-core,full-build,50,1,solo,300,200,1.000,0.000,0.000,1.000,0.0,0.00,0.000,—,1.800
trio-core,full-build,50,1,pack,180,200,1.000,0.000,0.000,1.000,0.0,0.00,0.000,—,1.800
trio-core,full-build,50,1,pack,300,200,1.000,0.000,0.000,1.000,0.0,0.00,0.000,—,1.800
trio-core,full-build,50,1,boss,180,200,1.000,0.000,0.000,0.999,1.0,0.00,0.001,1.000,1.799
trio-core,full-build,50,1,boss,300,200,1.000,0.000,0.000,0.999,1.0,0.00,0.001,1.000,1.799
trio-core,full-build,50,2,solo,180,200,1.000,0.000,0.000,1.000,0.0,0.00,0.000,—,1.800
trio-core,full-build,50,2,solo,300,200,1.000,0.000,0.000,1.000,0.0,0.00,0.000,—,1.800
trio-core,full-build,50,2,pack,180,200,1.000,0.000,0.000,1.000,0.0,0.00,0.000,—,1.800
trio-core,full-build,50,2,pack,300,200,1.000,0.000,0.000,1.000,0.0,0.00,0.000,—,1.800
trio-core,full-build,50,2,boss,180,200,1.000,0.000,0.000,0.998,1.5,0.00,0.002,1.000,1.799
trio-core,full-build,50,2,boss,300,200,1.000,0.000,0.000,0.998,1.5,0.00,0.002,1.000,1.799
trio-core,full-build,50,3,solo,180,200,1.000,0.000,0.000,1.000,0.0,0.00,0.000,—,1.800
trio-core,full-build,50,3,solo,300,200,1.000,0.000,0.000,1.000,0.0,0.00,0.000,—,1.800
trio-core,full-build,50,3,pack,180,200,1.000,0.000,0.000,0.998,0.8,0.00,0.002,1.000,1.799
trio-core,full-build,50,3,pack,300,200,1.000,0.000,0.000,0.998,0.8,0.00,0.002,1.000,1.799
trio-core,full-build,50,3,boss,180,200,1.000,0.000,0.000,0.992,3.1,0.00,0.008,1.000,1.795
trio-core,full-build,50,3,boss,300,200,1.000,0.000,0.000,0.992,2.9,0.00,0.008,1.000,1.795
trio-core,full-build,50,4,solo,180,200,1.000,0.000,0.000,1.000,0.0,0.00,0.000,—,1.800
trio-core,full-build,50,4,solo,300,200,1.000,0.000,0.000,1.000,0.0,0.00,0.000,—,1.800
trio-core,full-build,50,4,pack,180,200,1.000,0.000,0.000,0.985,2.9,0.00,0.015,1.000,1.791
trio-core,full-build,50,4,pack,300,200,1.000,0.000,0.000,0.985,2.9,0.00,0.015,1.000,1.791
trio-core,full-build,50,4,boss,180,200,1.000,0.000,0.000,0.983,5.8,0.00,0.017,1.000,1.790
trio-core,full-build,50,4,boss,300,200,1.000,0.000,0.000,0.983,5.8,0.00,0.017,1.000,1.790
trio-core,full-build,50,5,solo,180,200,1.000,0.000,0.000,0.995,0.6,0.00,0.005,1.000,1.797
trio-core,full-build,50,5,solo,300,200,1.000,0.000,0.000,0.995,0.6,0.00,0.005,1.000,1.797
trio-core,full-build,50,5,pack,180,200,1.000,0.000,0.000,0.956,5.8,0.00,0.044,1.000,1.774
trio-core,full-build,50,5,pack,300,200,1.000,0.000,0.000,0.955,5.9,0.00,0.045,1.000,1.773
trio-core,full-build,50,5,boss,180,200,1.000,0.000,0.000,0.936,11.7,0.00,0.064,1.000,1.762
trio-core,full-build,50,5,boss,300,200,1.000,0.000,0.000,0.937,11.7,0.00,0.063,1.000,1.762
trio-core,full-build,50,6,solo,180,200,1.000,0.000,0.000,0.966,3.6,0.00,0.034,1.000,1.780
trio-core,full-build,50,6,solo,300,200,1.000,0.000,0.000,0.967,3.6,0.00,0.033,1.000,1.780
trio-core,full-build,50,6,pack,180,200,1.000,0.000,0.000,0.961,14.1,0.00,0.039,1.000,1.777
trio-core,full-build,50,6,pack,300,200,1.000,0.000,0.000,0.959,14.1,0.00,0.041,1.000,1.775
trio-core,full-build,50,6,boss,180,200,0.990,0.000,0.010,0.826,35.4,0.49,0.182,0.997,1.679
trio-core,full-build,50,6,boss,300,200,0.980,0.000,0.020,0.826,35.7,0.53,0.191,0.999,1.661
trio-core,full-build,50,7,solo,180,200,1.000,0.000,0.000,0.901,9.0,0.00,0.099,1.000,1.740
trio-core,full-build,50,7,solo,300,200,1.000,0.000,0.000,0.899,9.0,0.00,0.101,1.000,1.740
trio-core,full-build,50,7,pack,180,200,1.000,0.000,0.000,0.984,40.3,0.00,0.016,1.000,1.790
trio-core,full-build,50,7,pack,300,200,1.000,0.000,0.000,0.984,39.9,0.00,0.016,1.000,1.790
trio-core,full-build,50,7,boss,180,200,0.110,0.020,0.870,0.498,76.1,2.76,0.942,0.985,0.165
trio-core,full-build,50,7,boss,300,200,0.105,0.000,0.895,0.614,82.6,2.77,0.935,0.985,0.165
trio-core,full-build,50,8,solo,180,200,1.000,0.000,0.000,0.965,33.0,0.00,0.035,0.958,1.779
trio-core,full-build,50,8,solo,300,200,1.000,0.000,0.000,0.967,33.0,0.00,0.033,0.959,1.780
trio-core,full-build,50,8,pack,180,200,0.410,0.000,0.590,0.970,109.0,1.77,0.602,0.952,0.731
trio-core,full-build,50,8,pack,300,200,0.395,0.000,0.605,0.959,109.5,1.81,0.621,0.949,0.701
trio-core,full-build,50,8,boss,180,200,0.000,0.000,1.000,—,—,3.00,1.000,0.920,0.000
trio-core,full-build,50,8,boss,300,200,0.000,0.000,1.000,—,—,3.00,1.000,0.930,0.000
trio-double-dps,naked,1,1,solo,180,200,1.000,0.000,0.000,0.959,2.8,0.00,0.041,1.000,1.485
trio-double-dps,naked,1,1,solo,300,200,1.000,0.000,0.000,0.960,2.8,0.00,0.040,1.000,1.486
trio-double-dps,naked,1,1,pack,180,200,1.000,0.000,0.000,0.711,12.8,0.00,0.289,1.000,1.361
trio-double-dps,naked,1,1,pack,300,200,1.000,0.000,0.000,0.719,12.5,0.00,0.281,1.000,1.365
trio-double-dps,naked,1,1,boss,180,200,0.990,0.000,0.010,0.420,25.1,0.58,0.585,0.945,1.203
trio-double-dps,naked,1,1,boss,300,200,0.995,0.000,0.005,0.413,25.5,0.65,0.589,0.941,1.205
trio-double-dps,naked,1,2,solo,180,200,1.000,0.000,0.000,0.852,6.4,0.00,0.148,1.000,1.432
trio-double-dps,naked,1,2,solo,300,200,1.000,0.000,0.000,0.857,6.3,0.00,0.143,1.000,1.434
trio-double-dps,naked,1,2,pack,180,200,0.000,0.000,1.000,—,—,3.00,1.000,0.454,0.000
trio-double-dps,naked,1,2,pack,300,200,0.005,0.000,0.995,0.052,30.0,3.00,1.000,0.455,0.005
trio-double-dps,naked,1,2,boss,180,200,0.000,0.000,1.000,—,—,3.00,1.000,0.610,0.000
trio-double-dps,naked,1,2,boss,300,200,0.000,0.000,1.000,—,—,3.00,1.000,0.623,0.000
trio-double-dps,naked,1,3,solo,180,200,0.995,0.000,0.005,0.382,15.3,1.21,0.620,0.777,1.190
trio-double-dps,naked,1,3,solo,300,200,0.995,0.000,0.005,0.377,15.4,1.23,0.625,0.765,1.187
trio-double-dps,naked,1,3,pack,180,200,0.000,0.000,1.000,—,—,3.00,1.000,0.486,0.000
trio-double-dps,naked,1,3,pack,300,200,0.000,0.000,1.000,—,—,3.00,1.000,0.486,0.000
trio-double-dps,naked,1,3,boss,180,200,0.000,0.000,1.000,—,—,3.00,1.000,0.456,0.000
trio-double-dps,naked,1,3,boss,300,200,0.000,0.000,1.000,—,—,3.00,1.000,0.458,0.000
trio-double-dps,naked,1,4,solo,180,200,0.000,0.000,1.000,—,—,3.00,1.000,0.419,0.000
trio-double-dps,naked,1,4,solo,300,200,0.000,0.000,1.000,—,—,3.00,1.000,0.426,0.000
trio-double-dps,naked,1,4,pack,180,200,0.000,0.000,1.000,—,—,3.00,1.000,0.397,0.000
trio-double-dps,naked,1,4,pack,300,200,0.000,0.000,1.000,—,—,3.00,1.000,0.399,0.000
trio-double-dps,naked,1,4,boss,180,200,0.000,0.000,1.000,—,—,3.00,1.000,0.342,0.000
trio-double-dps,naked,1,4,boss,300,200,0.000,0.000,1.000,—,—,3.00,1.000,0.351,0.000
trio-double-dps,naked,1,5,solo,180,200,0.000,0.000,1.000,—,—,3.00,1.000,0.437,0.000
trio-double-dps,naked,1,5,solo,300,200,0.000,0.000,1.000,—,—,3.00,1.000,0.448,0.000
trio-double-dps,naked,1,5,pack,180,200,0.000,0.000,1.000,—,—,3.00,1.000,0.439,0.000
trio-double-dps,naked,1,5,pack,300,200,0.000,0.000,1.000,—,—,3.00,1.000,0.448,0.000
trio-double-dps,naked,1,5,boss,180,200,0.000,0.000,1.000,—,—,3.00,1.000,0.342,0.000
trio-double-dps,naked,1,5,boss,300,200,0.000,0.000,1.000,—,—,3.00,1.000,0.331,0.000
trio-double-dps,naked,1,6,solo,180,200,0.000,0.000,1.000,—,—,3.00,1.000,0.341,0.000
trio-double-dps,naked,1,6,solo,300,200,0.000,0.000,1.000,—,—,3.00,1.000,0.331,0.000
trio-double-dps,naked,1,6,pack,180,200,0.000,0.000,1.000,—,—,3.00,1.000,0.336,0.000
trio-double-dps,naked,1,6,pack,300,200,0.000,0.000,1.000,—,—,3.00,1.000,0.342,0.000
trio-double-dps,naked,1,6,boss,180,200,0.000,0.000,1.000,—,—,3.00,1.000,0.326,0.000
trio-double-dps,naked,1,6,boss,300,200,0.000,0.000,1.000,—,—,3.00,1.000,0.329,0.000
trio-double-dps,naked,1,7,solo,180,200,0.000,0.000,1.000,—,—,3.00,1.000,0.335,0.000
trio-double-dps,naked,1,7,solo,300,200,0.000,0.000,1.000,—,—,3.00,1.000,0.326,0.000
trio-double-dps,naked,1,7,pack,180,200,0.000,0.000,1.000,—,—,3.00,1.000,0.327,0.000
trio-double-dps,naked,1,7,pack,300,200,0.000,0.000,1.000,—,—,3.00,1.000,0.327,0.000
trio-double-dps,naked,1,7,boss,180,200,0.000,0.000,1.000,—,—,3.00,1.000,0.326,0.000
trio-double-dps,naked,1,7,boss,300,200,0.000,0.000,1.000,—,—,3.00,1.000,0.329,0.000
trio-double-dps,naked,1,8,solo,180,200,0.000,0.000,1.000,—,—,3.00,1.000,0.329,0.000
trio-double-dps,naked,1,8,solo,300,200,0.000,0.000,1.000,—,—,3.00,1.000,0.328,0.000
trio-double-dps,naked,1,8,pack,180,200,0.000,0.000,1.000,—,—,3.00,1.000,0.327,0.000
trio-double-dps,naked,1,8,pack,300,200,0.000,0.000,1.000,—,—,3.00,1.000,0.325,0.000
trio-double-dps,naked,1,8,boss,180,200,0.000,0.000,1.000,—,—,3.00,1.000,0.335,0.000
trio-double-dps,naked,1,8,boss,300,200,0.000,0.000,1.000,—,—,3.00,1.000,0.327,0.000
trio-double-dps,naked,5,1,solo,180,200,1.000,0.000,0.000,1.000,0.0,0.00,0.000,—,1.530
trio-double-dps,naked,5,1,solo,300,200,1.000,0.000,0.000,1.000,0.0,0.00,0.000,—,1.530
trio-double-dps,naked,5,1,pack,180,200,1.000,0.000,0.000,0.880,6.2,0.00,0.120,1.000,1.469
trio-double-dps,naked,5,1,pack,300,200,1.000,0.000,0.000,0.880,6.2,0.00,0.120,1.000,1.469
trio-double-dps,naked,5,1,boss,180,200,1.000,0.000,0.000,0.818,12.3,0.00,0.182,1.000,1.437
trio-double-dps,naked,5,1,boss,300,200,1.000,0.000,0.000,0.820,12.2,0.00,0.180,1.000,1.438
trio-double-dps,naked,5,2,solo,180,200,1.000,0.000,0.000,0.945,2.3,0.00,0.055,1.000,1.502
trio-double-dps,naked,5,2,solo,300,200,1.000,0.000,0.000,0.942,2.4,0.00,0.058,1.000,1.500
trio-double-dps,naked,5,2,pack,180,200,1.000,0.000,0.000,0.594,11.6,0.09,0.406,0.999,1.323
trio-double-dps,naked,5,2,pack,300,200,1.000,0.000,0.000,0.588,11.8,0.11,0.412,0.996,1.320
trio-double-dps,naked,5,2,boss,180,200,0.930,0.000,0.070,0.253,24.0,1.46,0.764,0.833,1.069
trio-double-dps,naked,5,2,boss,300,200,0.940,0.000,0.060,0.268,23.5,1.40,0.748,0.855,1.087
trio-double-dps,naked,5,3,solo,180,200,1.000,0.000,0.000,0.747,6.3,0.00,0.253,1.000,1.401
trio-double-dps,naked,5,3,solo,300,200,1.000,0.000,0.000,0.752,6.3,0.00,0.248,1.000,1.404
trio-double-dps,naked,5,3,pack,180,200,0.000,0.000,1.000,—,—,3.00,1.000,0.462,0.000
trio-double-dps,naked,5,3,pack,300,200,0.000,0.000,1.000,—,—,3.00,1.000,0.466,0.000
trio-double-dps,naked,5,3,boss,180,200,0.000,0.000,1.000,—,—,3.00,1.000,0.539,0.000
trio-double-dps,naked,5,3,boss,300,200,0.000,0.000,1.000,—,—,3.00,1.000,0.539,0.000
trio-double-dps,naked,5,4,solo,180,200,0.735,0.000,0.265,0.208,15.1,2.02,0.847,0.544,0.828
trio-double-dps,naked,5,4,solo,300,200,0.705,0.000,0.295,0.225,15.2,2.00,0.841,0.549,0.800
trio-double-dps,naked,5,4,pack,180,200,0.000,0.000,1.000,—,—,3.00,1.000,0.442,0.000
trio-double-dps,naked,5,4,pack,300,200,0.000,0.000,1.000,—,—,3.00,1.000,0.441,0.000
trio-double-dps,naked,5,4,boss,180,200,0.000,0.000,1.000,—,—,3.00,1.000,0.494,0.000
trio-double-dps,naked,5,4,boss,300,200,0.000,0.000,1.000,—,—,3.00,1.000,0.479,0.000
trio-double-dps,naked,5,5,solo,180,200,0.000,0.000,1.000,—,—,3.00,1.000,0.500,0.000
trio-double-dps,naked,5,5,solo,300,200,0.000,0.000,1.000,—,—,3.00,1.000,0.499,0.000
trio-double-dps,naked,5,5,pack,180,200,0.000,0.000,1.000,—,—,3.00,1.000,0.499,0.000
trio-double-dps,naked,5,5,pack,300,200,0.000,0.000,1.000,—,—,3.00,1.000,0.503,0.000
trio-double-dps,naked,5,5,boss,180,200,0.000,0.000,1.000,—,—,3.00,1.000,0.330,0.000
trio-double-dps,naked,5,5,boss,300,200,0.000,0.000,1.000,—,—,3.00,1.000,0.322,0.000
trio-double-dps,naked,5,6,solo,180,200,0.000,0.000,1.000,—,—,3.00,1.000,0.350,0.000
trio-double-dps,naked,5,6,solo,300,200,0.000,0.000,1.000,—,—,3.00,1.000,0.347,0.000
trio-double-dps,naked,5,6,pack,180,200,0.000,0.000,1.000,—,—,3.00,1.000,0.354,0.000
trio-double-dps,naked,5,6,pack,300,200,0.000,0.000,1.000,—,—,3.00,1.000,0.340,0.000
trio-double-dps,naked,5,6,boss,180,200,0.000,0.000,1.000,—,—,3.00,1.000,0.346,0.000
trio-double-dps,naked,5,6,boss,300,200,0.000,0.000,1.000,—,—,3.00,1.000,0.347,0.000
trio-double-dps,naked,5,7,solo,180,200,0.000,0.000,1.000,—,—,3.00,1.000,0.325,0.000
trio-double-dps,naked,5,7,solo,300,200,0.000,0.000,1.000,—,—,3.00,1.000,0.330,0.000
trio-double-dps,naked,5,7,pack,180,200,0.000,0.000,1.000,—,—,3.00,1.000,0.323,0.000
trio-double-dps,naked,5,7,pack,300,200,0.000,0.000,1.000,—,—,3.00,1.000,0.327,0.000
trio-double-dps,naked,5,7,boss,180,200,0.000,0.000,1.000,—,—,3.00,1.000,0.332,0.000
trio-double-dps,naked,5,7,boss,300,200,0.000,0.000,1.000,—,—,3.00,1.000,0.327,0.000
trio-double-dps,naked,5,8,solo,180,200,0.000,0.000,1.000,—,—,3.00,1.000,0.330,0.000
trio-double-dps,naked,5,8,solo,300,200,0.000,0.000,1.000,—,—,3.00,1.000,0.324,0.000
trio-double-dps,naked,5,8,pack,180,200,0.000,0.000,1.000,—,—,3.00,1.000,0.329,0.000
trio-double-dps,naked,5,8,pack,300,200,0.000,0.000,1.000,—,—,3.00,1.000,0.327,0.000
trio-double-dps,naked,5,8,boss,180,200,0.000,0.000,1.000,—,—,3.00,1.000,0.328,0.000
trio-double-dps,naked,5,8,boss,300,200,0.000,0.000,1.000,—,—,3.00,1.000,0.327,0.000
trio-double-dps,naked,10,1,solo,180,200,1.000,0.000,0.000,1.000,0.0,0.00,0.000,—,1.560
trio-double-dps,naked,10,1,solo,300,200,1.000,0.000,0.000,1.000,0.0,0.00,0.000,—,1.560
trio-double-dps,naked,10,1,pack,180,200,1.000,0.000,0.000,0.942,3.3,0.00,0.058,1.000,1.530
trio-double-dps,naked,10,1,pack,300,200,1.000,0.000,0.000,0.941,3.4,0.00,0.059,1.000,1.529
trio-double-dps,naked,10,1,boss,180,200,1.000,0.000,0.000,0.935,6.2,0.00,0.065,1.000,1.526
trio-double-dps,naked,10,1,boss,300,200,1.000,0.000,0.000,0.935,6.1,0.00,0.065,1.000,1.526
trio-double-dps,naked,10,2,solo,180,200,1.000,0.000,0.000,0.979,1.0,0.00,0.021,1.000,1.549
trio-double-dps,naked,10,2,solo,300,200,1.000,0.000,0.000,0.979,0.9,0.00,0.021,1.000,1.549
trio-double-dps,naked,10,2,pack,180,200,1.000,0.000,0.000,0.824,6.3,0.00,0.176,1.000,1.469
trio-double-dps,naked,10,2,pack,300,200,1.000,0.000,0.000,0.833,6.2,0.00,0.167,1.000,1.473
trio-double-dps,naked,10,2,boss,180,200,1.000,0.000,0.000,0.746,12.8,0.00,0.254,1.000,1.428
trio-double-dps,naked,10,2,boss,300,200,1.000,0.000,0.000,0.742,12.8,0.00,0.258,1.000,1.426
trio-double-dps,naked,10,3,solo,180,200,1.000,0.000,0.000,0.874,3.2,0.00,0.126,1.000,1.494
trio-double-dps,naked,10,3,solo,300,200,1.000,0.000,0.000,0.874,3.3,0.00,0.126,1.000,1.494
trio-double-dps,naked,10,3,pack,180,200,1.000,0.000,0.000,0.385,12.9,1.04,0.615,0.813,1.240
trio-double-dps,naked,10,3,pack,300,200,1.000,0.000,0.000,0.374,12.8,1.05,0.626,0.803,1.235
trio-double-dps,naked,10,3,boss,180,200,0.100,0.000,0.900,0.124,25.7,2.90,0.988,0.660,0.110
trio-double-dps,naked,10,3,boss,300,200,0.135,0.000,0.865,0.091,25.4,2.85,0.988,0.662,0.147
trio-double-dps,naked,10,4,solo,180,200,1.000,0.000,0.000,0.667,7.3,0.00,0.333,1.000,1.387
trio-double-dps,naked,10,4,solo,300,200,1.000,0.000,0.000,0.666,7.3,0.00,0.334,1.000,1.386
trio-double-dps,naked,10,4,pack,180,200,0.000,0.000,1.000,—,—,3.00,1.000,0.515,0.000
trio-double-dps,naked,10,4,pack,300,200,0.000,0.000,1.000,—,—,3.00,1.000,0.514,0.000
trio-double-dps,naked,10,4,boss,180,200,0.000,0.000,1.000,—,—,3.00,1.000,0.509,0.000
trio-double-dps,naked,10,4,boss,300,200,0.000,0.000,1.000,—,—,3.00,1.000,0.497,0.000
trio-double-dps,naked,10,5,solo,180,200,0.030,0.000,0.970,0.057,17.0,2.96,0.998,0.532,0.032
trio-double-dps,naked,10,5,solo,300,200,0.030,0.000,0.970,0.138,17.4,2.96,0.996,0.520,0.033
trio-double-dps,naked,10,5,pack,180,200,0.000,0.000,1.000,—,—,3.00,1.000,0.522,0.000
trio-double-dps,naked,10,5,pack,300,200,0.000,0.000,1.000,—,—,3.00,1.000,0.516,0.000
trio-double-dps,naked,10,5,boss,180,200,0.000,0.000,1.000,—,—,3.00,1.000,0.387,0.000
trio-double-dps,naked,10,5,boss,300,200,0.000,0.000,1.000,—,—,3.00,1.000,0.397,0.000
trio-double-dps,naked,10,6,solo,180,200,0.000,0.000,1.000,—,—,3.00,1.000,0.496,0.000
trio-double-dps,naked,10,6,solo,300,200,0.000,0.000,1.000,—,—,3.00,1.000,0.498,0.000
trio-double-dps,naked,10,6,pack,180,200,0.000,0.000,1.000,—,—,3.00,1.000,0.501,0.000
trio-double-dps,naked,10,6,pack,300,200,0.000,0.000,1.000,—,—,3.00,1.000,0.500,0.000
trio-double-dps,naked,10,6,boss,180,200,0.000,0.000,1.000,—,—,3.00,1.000,0.362,0.000
trio-double-dps,naked,10,6,boss,300,200,0.000,0.000,1.000,—,—,3.00,1.000,0.358,0.000
trio-double-dps,naked,10,7,solo,180,200,0.000,0.000,1.000,—,—,3.00,1.000,0.351,0.000
trio-double-dps,naked,10,7,solo,300,200,0.000,0.000,1.000,—,—,3.00,1.000,0.350,0.000
trio-double-dps,naked,10,7,pack,180,200,0.000,0.000,1.000,—,—,3.00,1.000,0.353,0.000
trio-double-dps,naked,10,7,pack,300,200,0.000,0.000,1.000,—,—,3.00,1.000,0.360,0.000
trio-double-dps,naked,10,7,boss,180,200,0.000,0.000,1.000,—,—,3.00,1.000,0.329,0.000
trio-double-dps,naked,10,7,boss,300,200,0.000,0.000,1.000,—,—,3.00,1.000,0.333,0.000
trio-double-dps,naked,10,8,solo,180,200,0.000,0.000,1.000,—,—,3.00,1.000,0.327,0.000
trio-double-dps,naked,10,8,solo,300,200,0.000,0.000,1.000,—,—,3.00,1.000,0.327,0.000
trio-double-dps,naked,10,8,pack,180,200,0.000,0.000,1.000,—,—,3.00,1.000,0.327,0.000
trio-double-dps,naked,10,8,pack,300,200,0.000,0.000,1.000,—,—,3.00,1.000,0.327,0.000
trio-double-dps,naked,10,8,boss,180,200,0.000,0.000,1.000,—,—,3.00,1.000,0.329,0.000
trio-double-dps,naked,10,8,boss,300,200,0.000,0.000,1.000,—,—,3.00,1.000,0.329,0.000
trio-double-dps,naked,20,1,solo,180,200,1.000,0.000,0.000,1.000,0.0,0.00,0.000,—,1.620
trio-double-dps,naked,20,1,solo,300,200,1.000,0.000,0.000,1.000,0.0,0.00,0.000,—,1.620
trio-double-dps,naked,20,1,pack,180,200,1.000,0.000,0.000,0.986,1.7,0.00,0.014,1.000,1.612
trio-double-dps,naked,20,1,pack,300,200,1.000,0.000,0.000,0.986,1.6,0.00,0.014,1.000,1.613
trio-double-dps,naked,20,1,boss,180,200,1.000,0.000,0.000,0.980,3.0,0.00,0.020,1.000,1.609
trio-double-dps,naked,20,1,boss,300,200,1.000,0.000,0.000,0.980,3.0,0.00,0.020,1.000,1.609
trio-double-dps,naked,20,2,solo,180,200,1.000,0.000,0.000,1.000,0.0,0.00,0.000,—,1.620
trio-double-dps,naked,20,2,solo,300,200,1.000,0.000,0.000,1.000,0.0,0.00,0.000,—,1.620
trio-double-dps,naked,20,2,pack,180,200,1.000,0.000,0.000,0.959,2.8,0.00,0.041,1.000,1.598
trio-double-dps,naked,20,2,pack,300,200,1.000,0.000,0.000,0.960,2.7,0.00,0.040,1.000,1.598
trio-double-dps,naked,20,2,boss,180,200,1.000,0.000,0.000,0.941,5.5,0.00,0.059,1.000,1.588
trio-double-dps,naked,20,2,boss,300,200,1.000,0.000,0.000,0.940,5.6,0.00,0.060,1.000,1.588
trio-double-dps,naked,20,3,solo,180,200,1.000,0.000,0.000,0.968,1.2,0.00,0.032,1.000,1.603
trio-double-dps,naked,20,3,solo,300,200,1.000,0.000,0.000,0.968,1.2,0.00,0.032,1.000,1.603
trio-double-dps,naked,20,3,pack,180,200,1.000,0.000,0.000,0.840,5.8,0.00,0.160,1.000,1.534
trio-double-dps,naked,20,3,pack,300,200,1.000,0.000,0.000,0.845,5.7,0.00,0.155,1.000,1.537
trio-double-dps,naked,20,3,boss,180,200,1.000,0.000,0.000,0.757,11.3,0.00,0.243,1.000,1.489
trio-double-dps,naked,20,3,boss,300,200,1.000,0.000,0.000,0.754,11.4,0.00,0.246,1.000,1.487
trio-double-dps,naked,20,4,solo,180,200,1.000,0.000,0.000,0.917,3.1,0.00,0.083,1.000,1.575
trio-double-dps,naked,20,4,solo,300,200,1.000,0.000,0.000,0.915,3.1,0.00,0.085,1.000,1.574
trio-double-dps,naked,20,4,pack,180,200,1.000,0.000,0.000,0.447,12.1,0.76,0.553,0.914,1.321
trio-double-dps,naked,20,4,pack,300,200,1.000,0.000,0.000,0.440,12.1,0.81,0.560,0.912,1.318
trio-double-dps,naked,20,4,boss,180,200,0.205,0.000,0.795,0.222,22.7,2.73,0.954,0.739,0.246
trio-double-dps,naked,20,4,boss,300,200,0.165,0.000,0.835,0.232,22.7,2.77,0.962,0.730,0.199
trio-double-dps,naked,20,5,solo,180,200,1.000,0.000,0.000,0.661,7.4,0.01,0.339,1.000,1.437
trio-double-dps,naked,20,5,solo,300,200,1.000,0.000,0.000,0.655,7.5,0.01,0.345,1.000,1.433
trio-double-dps,naked,20,5,pack,180,200,0.000,0.000,1.000,—,—,3.00,1.000,0.527,0.000
trio-double-dps,naked,20,5,pack,300,200,0.000,0.000,1.000,—,—,3.00,1.000,0.531,0.000
trio-double-dps,naked,20,5,boss,180,200,0.000,0.000,1.000,—,—,3.00,1.000,0.566,0.000
trio-double-dps,naked,20,5,boss,300,200,0.000,0.000,1.000,—,—,3.00,1.000,0.556,0.000
trio-double-dps,naked,20,6,solo,180,200,0.000,0.000,1.000,—,—,3.00,1.000,0.582,0.000
trio-double-dps,naked,20,6,solo,300,200,0.005,0.000,0.995,0.259,19.4,3.00,0.999,0.582,0.006
trio-double-dps,naked,20,6,pack,180,200,0.000,0.000,1.000,—,—,3.00,1.000,0.585,0.000
trio-double-dps,naked,20,6,pack,300,200,0.000,0.000,1.000,—,—,3.00,1.000,0.589,0.000
trio-double-dps,naked,20,6,boss,180,200,0.000,0.000,1.000,—,—,3.00,1.000,0.443,0.000
trio-double-dps,naked,20,6,boss,300,200,0.000,0.000,1.000,—,—,3.00,1.000,0.443,0.000
trio-double-dps,naked,20,7,solo,180,200,0.000,0.000,1.000,—,—,3.00,1.000,0.493,0.000
trio-double-dps,naked,20,7,solo,300,200,0.000,0.000,1.000,—,—,3.00,1.000,0.492,0.000
trio-double-dps,naked,20,7,pack,180,200,0.000,0.000,1.000,—,—,3.00,1.000,0.499,0.000
trio-double-dps,naked,20,7,pack,300,200,0.000,0.000,1.000,—,—,3.00,1.000,0.498,0.000
trio-double-dps,naked,20,7,boss,180,200,0.000,0.000,1.000,—,—,3.00,1.000,0.376,0.000
trio-double-dps,naked,20,7,boss,300,200,0.000,0.000,1.000,—,—,3.00,1.000,0.373,0.000
trio-double-dps,naked,20,8,solo,180,200,0.000,0.000,1.000,—,—,3.00,1.000,0.359,0.000
trio-double-dps,naked,20,8,solo,300,200,0.000,0.000,1.000,—,—,3.00,1.000,0.370,0.000
trio-double-dps,naked,20,8,pack,180,200,0.000,0.000,1.000,—,—,3.00,1.000,0.366,0.000
trio-double-dps,naked,20,8,pack,300,200,0.000,0.000,1.000,—,—,3.00,1.000,0.371,0.000
trio-double-dps,naked,20,8,boss,180,200,0.000,0.000,1.000,—,—,3.00,1.000,0.327,0.000
trio-double-dps,naked,20,8,boss,300,200,0.000,0.000,1.000,—,—,3.00,1.000,0.333,0.000
trio-double-dps,naked,35,1,solo,180,200,1.000,0.000,0.000,1.000,0.0,0.00,0.000,—,1.710
trio-double-dps,naked,35,1,solo,300,200,1.000,0.000,0.000,1.000,0.0,0.00,0.000,—,1.710
trio-double-dps,naked,35,1,pack,180,200,1.000,0.000,0.000,1.000,0.0,0.00,0.000,—,1.710
trio-double-dps,naked,35,1,pack,300,200,1.000,0.000,0.000,1.000,0.0,0.00,0.000,—,1.710
trio-double-dps,naked,35,1,boss,180,200,1.000,0.000,0.000,0.991,1.4,0.00,0.009,1.000,1.705
trio-double-dps,naked,35,1,boss,300,200,1.000,0.000,0.000,0.991,1.5,0.00,0.009,1.000,1.705
trio-double-dps,naked,35,2,solo,180,200,1.000,0.000,0.000,1.000,0.0,0.00,0.000,—,1.710
trio-double-dps,naked,35,2,solo,300,200,1.000,0.000,0.000,1.000,0.0,0.00,0.000,—,1.710
trio-double-dps,naked,35,2,pack,180,200,1.000,0.000,0.000,0.982,1.7,0.00,0.018,1.000,1.700
trio-double-dps,naked,35,2,pack,300,200,1.000,0.000,0.000,0.982,1.7,0.00,0.018,1.000,1.700
trio-double-dps,naked,35,2,boss,180,200,1.000,0.000,0.000,0.976,2.8,0.00,0.024,1.000,1.696
trio-double-dps,naked,35,2,boss,300,200,1.000,0.000,0.000,0.976,2.8,0.00,0.024,1.000,1.696
trio-double-dps,naked,35,3,solo,180,200,1.000,0.000,0.000,1.000,0.0,0.00,0.000,—,1.710
trio-double-dps,naked,35,3,solo,300,200,1.000,0.000,0.000,1.000,0.0,0.00,0.000,—,1.710
trio-double-dps,naked,35,3,pack,180,200,1.000,0.000,0.000,0.948,3.0,0.00,0.052,1.000,1.680
trio-double-dps,naked,35,3,pack,300,200,1.000,0.000,0.000,0.949,3.0,0.00,0.051,1.000,1.681
trio-double-dps,naked,35,3,boss,180,200,1.000,0.000,0.000,0.940,5.6,0.00,0.060,1.000,1.676
trio-double-dps,naked,35,3,boss,300,200,1.000,0.000,0.000,0.940,5.6,0.00,0.060,1.000,1.676
trio-double-dps,naked,35,4,solo,180,200,1.000,0.000,0.000,0.966,1.2,0.00,0.034,1.000,1.691
trio-double-dps,naked,35,4,solo,300,200,1.000,0.000,0.000,0.965,1.1,0.00,0.035,1.000,1.690
trio-double-dps,naked,35,4,pack,180,200,1.000,0.000,0.000,0.826,5.9,0.00,0.174,1.000,1.611
trio-double-dps,naked,35,4,pack,300,200,1.000,0.000,0.000,0.825,5.8,0.00,0.175,1.000,1.610
trio-double-dps,naked,35,4,boss,180,200,1.000,0.000,0.000,0.763,11.4,0.00,0.237,1.000,1.575
trio-double-dps,naked,35,4,boss,300,200,1.000,0.000,0.000,0.762,11.3,0.00,0.238,1.000,1.574
trio-double-dps,naked,35,5,solo,180,200,1.000,0.000,0.000,0.878,3.5,0.00,0.122,1.000,1.641
trio-double-dps,naked,35,5,solo,300,200,1.000,0.000,0.000,0.879,3.6,0.00,0.121,1.000,1.641
trio-double-dps,naked,35,5,pack,180,200,0.860,0.000,0.140,0.342,13.1,1.41,0.706,0.807,1.148
trio-double-dps,naked,35,5,pack,300,200,0.860,0.000,0.140,0.337,13.3,1.44,0.710,0.810,1.146
trio-double-dps,naked,35,5,boss,180,200,0.070,0.000,0.930,0.117,25.2,2.92,0.992,0.715,0.084
trio-double-dps,naked,35,5,boss,300,200,0.060,0.000,0.940,0.123,24.3,2.94,0.993,0.726,0.073
trio-double-dps,naked,35,6,solo,180,200,1.000,0.000,0.000,0.584,9.3,0.29,0.416,1.000,1.473
trio-double-dps,naked,35,6,solo,300,200,1.000,0.000,0.000,0.590,9.3,0.30,0.410,1.000,1.476
trio-double-dps,naked,35,6,pack,180,200,0.000,0.000,1.000,—,—,3.00,1.000,0.555,0.000
trio-double-dps,naked,35,6,pack,300,200,0.000,0.000,1.000,—,—,3.00,1.000,0.552,0.000
trio-double-dps,naked,35,6,boss,180,200,0.000,0.000,1.000,—,—,3.00,1.000,0.577,0.000
trio-double-dps,naked,35,6,boss,300,200,0.000,0.000,1.000,—,—,3.00,1.000,0.579,0.000
trio-double-dps,naked,35,7,solo,180,200,0.000,0.000,1.000,—,—,3.00,1.000,0.582,0.000
trio-double-dps,naked,35,7,solo,300,200,0.000,0.000,1.000,—,—,3.00,1.000,0.585,0.000
trio-double-dps,naked,35,7,pack,180,200,0.000,0.000,1.000,—,—,3.00,1.000,0.575,0.000
trio-double-dps,naked,35,7,pack,300,200,0.000,0.000,1.000,—,—,3.00,1.000,0.579,0.000
trio-double-dps,naked,35,7,boss,180,200,0.000,0.000,1.000,—,—,3.00,1.000,0.564,0.000
trio-double-dps,naked,35,7,boss,300,200,0.000,0.000,1.000,—,—,3.00,1.000,0.561,0.000
trio-double-dps,naked,35,8,solo,180,200,0.000,0.000,1.000,—,—,3.00,1.000,0.502,0.000
trio-double-dps,naked,35,8,solo,300,200,0.000,0.000,1.000,—,—,3.00,1.000,0.492,0.000
trio-double-dps,naked,35,8,pack,180,200,0.000,0.000,1.000,—,—,3.00,1.000,0.495,0.000
trio-double-dps,naked,35,8,pack,300,200,0.000,0.000,1.000,—,—,3.00,1.000,0.498,0.000
trio-double-dps,naked,35,8,boss,180,200,0.000,0.000,1.000,—,—,3.00,1.000,0.394,0.000
trio-double-dps,naked,35,8,boss,300,200,0.000,0.000,1.000,—,—,3.00,1.000,0.405,0.000
trio-double-dps,naked,50,1,solo,180,200,1.000,0.000,0.000,1.000,0.0,0.00,0.000,—,1.800
trio-double-dps,naked,50,1,solo,300,200,1.000,0.000,0.000,1.000,0.0,0.00,0.000,—,1.800
trio-double-dps,naked,50,1,pack,180,200,1.000,0.000,0.000,1.000,0.0,0.00,0.000,—,1.800
trio-double-dps,naked,50,1,pack,300,200,1.000,0.000,0.000,1.000,0.0,0.00,0.000,—,1.800
trio-double-dps,naked,50,1,boss,180,200,1.000,0.000,0.000,0.995,1.0,0.00,0.005,1.000,1.797
trio-double-dps,naked,50,1,boss,300,200,1.000,0.000,0.000,0.995,1.0,0.00,0.005,1.000,1.797
trio-double-dps,naked,50,2,solo,180,200,1.000,0.000,0.000,1.000,0.0,0.00,0.000,—,1.800
trio-double-dps,naked,50,2,solo,300,200,1.000,0.000,0.000,1.000,0.0,0.00,0.000,—,1.800
trio-double-dps,naked,50,2,pack,180,200,1.000,0.000,0.000,0.997,0.4,0.00,0.003,1.000,1.798
trio-double-dps,naked,50,2,pack,300,200,1.000,0.000,0.000,0.997,0.4,0.00,0.003,1.000,1.798
trio-double-dps,naked,50,2,boss,180,200,1.000,0.000,0.000,0.990,1.9,0.00,0.010,1.000,1.794
trio-double-dps,naked,50,2,boss,300,200,1.000,0.000,0.000,0.990,1.9,0.00,0.010,1.000,1.794
trio-double-dps,naked,50,3,solo,180,200,1.000,0.000,0.000,1.000,0.0,0.00,0.000,—,1.800
trio-double-dps,naked,50,3,solo,300,200,1.000,0.000,0.000,1.000,0.0,0.00,0.000,—,1.800
trio-double-dps,naked,50,3,pack,180,200,1.000,0.000,0.000,0.979,1.7,0.00,0.021,1.000,1.787
trio-double-dps,naked,50,3,pack,300,200,1.000,0.000,0.000,0.978,1.8,0.00,0.022,1.000,1.787
trio-double-dps,naked,50,3,boss,180,200,1.000,0.000,0.000,0.965,3.3,0.00,0.035,1.000,1.779
trio-double-dps,naked,50,3,boss,300,200,1.000,0.000,0.000,0.964,3.4,0.00,0.036,1.000,1.779
trio-double-dps,naked,50,4,solo,180,200,1.000,0.000,0.000,0.992,0.4,0.00,0.008,1.000,1.795
trio-double-dps,naked,50,4,solo,300,200,1.000,0.000,0.000,0.992,0.4,0.00,0.008,1.000,1.795
trio-double-dps,naked,50,4,pack,180,200,1.000,0.000,0.000,0.929,3.6,0.00,0.071,1.000,1.757
trio-double-dps,naked,50,4,pack,300,200,1.000,0.000,0.000,0.931,3.6,0.00,0.069,1.000,1.758
trio-double-dps,naked,50,4,boss,180,200,1.000,0.000,0.000,0.895,7.1,0.00,0.105,1.000,1.737
trio-double-dps,naked,50,4,boss,300,200,1.000,0.000,0.000,0.897,7.0,0.00,0.103,1.000,1.738
trio-double-dps,naked,50,5,solo,180,200,1.000,0.000,0.000,0.961,2.0,0.00,0.039,1.000,1.776
trio-double-dps,naked,50,5,solo,300,200,1.000,0.000,0.000,0.960,2.0,0.00,0.040,1.000,1.776
trio-double-dps,naked,50,5,pack,180,200,1.000,0.000,0.000,0.767,7.8,0.00,0.233,1.000,1.660
trio-double-dps,naked,50,5,pack,300,200,1.000,0.000,0.000,0.764,7.8,0.00,0.236,1.000,1.658
trio-double-dps,naked,50,5,boss,180,200,1.000,0.000,0.000,0.658,15.3,0.01,0.342,1.000,1.595
trio-double-dps,naked,50,5,boss,300,200,1.000,0.000,0.000,0.661,15.3,0.01,0.339,1.000,1.596
trio-double-dps,naked,50,6,solo,180,200,1.000,0.000,0.000,0.841,5.7,0.00,0.159,1.000,1.705
trio-double-dps,naked,50,6,solo,300,200,1.000,0.000,0.000,0.841,5.6,0.00,0.159,1.000,1.705
trio-double-dps,naked,50,6,pack,180,200,0.005,0.000,0.995,0.257,18.8,3.00,0.999,0.645,0.007
trio-double-dps,naked,50,6,pack,300,200,0.010,0.000,0.990,0.058,20.9,2.99,0.999,0.644,0.012
trio-double-dps,naked,50,6,boss,180,200,0.000,0.000,1.000,—,—,3.00,1.000,0.739,0.000
trio-double-dps,naked,50,6,boss,300,200,0.000,0.000,1.000,—,—,3.00,1.000,0.739,0.000
trio-double-dps,naked,50,7,solo,180,200,0.340,0.000,0.660,0.423,15.0,2.42,0.856,0.741,0.494
trio-double-dps,naked,50,7,solo,300,200,0.375,0.000,0.625,0.411,15.3,2.38,0.846,0.750,0.542
trio-double-dps,naked,50,7,pack,180,200,0.000,0.000,1.000,—,—,3.00,1.000,0.684,0.000
trio-double-dps,naked,50,7,pack,300,200,0.000,0.000,1.000,—,—,3.00,1.000,0.681,0.000
trio-double-dps,naked,50,7,boss,180,200,0.000,0.000,1.000,—,—,3.00,1.000,0.564,0.000
trio-double-dps,naked,50,7,boss,300,200,0.000,0.000,1.000,—,—,3.00,1.000,0.561,0.000
trio-double-dps,naked,50,8,solo,180,200,0.000,0.000,1.000,—,—,3.00,1.000,0.573,0.000
trio-double-dps,naked,50,8,solo,300,200,0.000,0.000,1.000,—,—,3.00,1.000,0.572,0.000
trio-double-dps,naked,50,8,pack,180,200,0.000,0.000,1.000,—,—,3.00,1.000,0.573,0.000
trio-double-dps,naked,50,8,pack,300,200,0.000,0.000,1.000,—,—,3.00,1.000,0.573,0.000
trio-double-dps,naked,50,8,boss,180,200,0.000,0.000,1.000,—,—,3.00,1.000,0.552,0.000
trio-double-dps,naked,50,8,boss,300,200,0.000,0.000,1.000,—,—,3.00,1.000,0.539,0.000
trio-double-dps,geared,1,1,solo,180,200,1.000,0.000,0.000,0.990,1.0,0.00,0.010,1.000,1.501
trio-double-dps,geared,1,1,solo,300,200,1.000,0.000,0.000,0.989,1.1,0.00,0.011,1.000,1.500
trio-double-dps,geared,1,1,pack,180,200,1.000,0.000,0.000,0.866,9.1,0.00,0.134,1.000,1.439
trio-double-dps,geared,1,1,pack,300,200,1.000,0.000,0.000,0.868,9.0,0.00,0.132,1.000,1.440
trio-double-dps,geared,1,1,boss,180,200,1.000,0.000,0.000,0.740,18.8,0.00,0.260,1.000,1.376
trio-double-dps,geared,1,1,boss,300,200,1.000,0.000,0.000,0.743,19.0,0.00,0.257,1.000,1.377
trio-double-dps,geared,1,2,solo,180,200,1.000,0.000,0.000,0.913,4.7,0.00,0.087,1.000,1.462
trio-double-dps,geared,1,2,solo,300,200,1.000,0.000,0.000,0.912,4.7,0.00,0.088,1.000,1.462
trio-double-dps,geared,1,2,pack,180,200,1.000,0.000,0.000,0.411,19.0,0.98,0.589,0.807,1.210
trio-double-dps,geared,1,2,pack,300,200,1.000,0.000,0.000,0.390,19.5,1.06,0.610,0.789,1.200
trio-double-dps,geared,1,2,boss,180,200,0.120,0.000,0.880,0.139,35.2,2.83,0.983,0.627,0.129
trio-double-dps,geared,1,2,boss,300,200,0.095,0.000,0.905,0.134,37.0,2.86,0.987,0.617,0.102
trio-double-dps,geared,1,3,solo,180,200,1.000,0.000,0.000,0.687,10.0,0.00,0.313,1.000,1.349
trio-double-dps,geared,1,3,solo,300,200,1.000,0.000,0.000,0.688,10.0,0.00,0.312,1.000,1.349
trio-double-dps,geared,1,3,pack,180,200,0.000,0.000,1.000,—,—,3.00,1.000,0.461,0.000
trio-double-dps,geared,1,3,pack,300,200,0.000,0.000,1.000,—,—,3.00,1.000,0.461,0.000
trio-double-dps,geared,1,3,boss,180,200,0.000,0.000,1.000,—,—,3.00,1.000,0.503,0.000
trio-double-dps,geared,1,3,boss,300,200,0.000,0.000,1.000,—,—,3.00,1.000,0.500,0.000
trio-double-dps,geared,1,4,solo,180,200,0.015,0.000,0.985,0.158,24.0,2.98,0.998,0.445,0.016
trio-double-dps,geared,1,4,solo,300,200,0.010,0.000,0.990,0.088,24.0,2.99,0.999,0.435,0.010
trio-double-dps,geared,1,4,pack,180,200,0.000,0.000,1.000,—,—,3.00,1.000,0.427,0.000
trio-double-dps,geared,1,4,pack,300,200,0.000,0.000,1.000,—,—,3.00,1.000,0.424,0.000
trio-double-dps,geared,1,4,boss,180,200,0.000,0.000,1.000,—,—,3.00,1.000,0.449,0.000
trio-double-dps,geared,1,4,boss,300,200,0.000,0.000,1.000,—,—,3.00,1.000,0.462,0.000
trio-double-dps,geared,1,5,solo,180,200,0.000,0.000,1.000,—,—,3.00,1.000,0.496,0.000
trio-double-dps,geared,1,5,solo,300,200,0.000,0.000,1.000,—,—,3.00,1.000,0.499,0.000
trio-double-dps,geared,1,5,pack,180,200,0.000,0.000,1.000,—,—,3.00,1.000,0.493,0.000
trio-double-dps,geared,1,5,pack,300,200,0.000,0.000,1.000,—,—,3.00,1.000,0.494,0.000
trio-double-dps,geared,1,5,boss,180,200,0.000,0.000,1.000,—,—,3.00,1.000,0.302,0.000
trio-double-dps,geared,1,5,boss,300,200,0.000,0.000,1.000,—,—,3.00,1.000,0.299,0.000
trio-double-dps,geared,1,6,solo,180,200,0.000,0.000,1.000,—,—,3.00,1.000,0.340,0.000
trio-double-dps,geared,1,6,solo,300,200,0.000,0.000,1.000,—,—,3.00,1.000,0.329,0.000
trio-double-dps,geared,1,6,pack,180,200,0.000,0.000,1.000,—,—,3.00,1.000,0.337,0.000
trio-double-dps,geared,1,6,pack,300,200,0.000,0.000,1.000,—,—,3.00,1.000,0.344,0.000
trio-double-dps,geared,1,6,boss,180,200,0.000,0.000,1.000,—,—,3.00,1.000,0.340,0.000
trio-double-dps,geared,1,6,boss,300,200,0.000,0.000,1.000,—,—,3.00,1.000,0.349,0.000
trio-double-dps,geared,1,7,solo,180,200,0.000,0.000,1.000,—,—,3.00,1.000,0.337,0.000
trio-double-dps,geared,1,7,solo,300,200,0.000,0.000,1.000,—,—,3.00,1.000,0.326,0.000
trio-double-dps,geared,1,7,pack,180,200,0.000,0.000,1.000,—,—,3.00,1.000,0.326,0.000
trio-double-dps,geared,1,7,pack,300,200,0.000,0.000,1.000,—,—,3.00,1.000,0.326,0.000
trio-double-dps,geared,1,7,boss,180,200,0.000,0.000,1.000,—,—,3.00,1.000,0.326,0.000
trio-double-dps,geared,1,7,boss,300,200,0.000,0.000,1.000,—,—,3.00,1.000,0.330,0.000
trio-double-dps,geared,1,8,solo,180,200,0.000,0.000,1.000,—,—,3.00,1.000,0.326,0.000
trio-double-dps,geared,1,8,solo,300,200,0.000,0.000,1.000,—,—,3.00,1.000,0.328,0.000
trio-double-dps,geared,1,8,pack,180,200,0.000,0.000,1.000,—,—,3.00,1.000,0.326,0.000
trio-double-dps,geared,1,8,pack,300,200,0.000,0.000,1.000,—,—,3.00,1.000,0.325,0.000
trio-double-dps,geared,1,8,boss,180,200,0.000,0.000,1.000,—,—,3.00,1.000,0.335,0.000
trio-double-dps,geared,1,8,boss,300,200,0.000,0.000,1.000,—,—,3.00,1.000,0.326,0.000
trio-double-dps,geared,5,1,solo,180,200,1.000,0.000,0.000,1.000,0.0,0.00,0.000,—,1.530
trio-double-dps,geared,5,1,solo,300,200,1.000,0.000,0.000,1.000,0.0,0.00,0.000,—,1.530
trio-double-dps,geared,5,1,pack,180,200,1.000,0.000,0.000,0.941,4.2,0.00,0.059,1.000,1.500
trio-double-dps,geared,5,1,pack,300,200,1.000,0.000,0.000,0.941,4.2,0.00,0.059,1.000,1.500
trio-double-dps,geared,5,1,boss,180,200,1.000,0.000,0.000,0.922,8.1,0.00,0.078,1.000,1.490
trio-double-dps,geared,5,1,boss,300,200,1.000,0.000,0.000,0.923,8.0,0.00,0.077,1.000,1.491
trio-double-dps,geared,5,2,solo,180,200,1.000,0.000,0.000,0.970,1.8,0.00,0.030,1.000,1.515
trio-double-dps,geared,5,2,solo,300,200,1.000,0.000,0.000,0.970,1.8,0.00,0.030,1.000,1.515
trio-double-dps,geared,5,2,pack,180,200,1.000,0.000,0.000,0.804,8.3,0.00,0.196,1.000,1.430
trio-double-dps,geared,5,2,pack,300,200,1.000,0.000,0.000,0.802,8.4,0.00,0.198,1.000,1.429
trio-double-dps,geared,5,2,boss,180,200,1.000,0.000,0.000,0.688,17.0,0.00,0.312,1.000,1.371
trio-double-dps,geared,5,2,boss,300,200,1.000,0.000,0.000,0.688,16.8,0.00,0.312,1.000,1.371
trio-double-dps,geared,5,3,solo,180,200,1.000,0.000,0.000,0.874,4.4,0.00,0.126,1.000,1.466
trio-double-dps,geared,5,3,solo,300,200,1.000,0.000,0.000,0.874,4.4,0.00,0.126,1.000,1.466
trio-double-dps,geared,5,3,pack,180,200,0.865,0.000,0.135,0.230,18.5,1.68,0.801,0.634,0.984
trio-double-dps,geared,5,3,pack,300,200,0.820,0.000,0.180,0.254,18.0,1.65,0.792,0.638,0.943
trio-double-dps,geared,5,3,boss,180,200,0.010,0.000,0.990,0.104,30.5,2.98,0.999,0.622,0.011
trio-double-dps,geared,5,3,boss,300,200,0.000,0.000,1.000,—,—,3.00,1.000,0.620,0.000
trio-double-dps,geared,5,4,solo,180,200,1.000,0.000,0.000,0.603,9.9,0.25,0.397,0.994,1.327
trio-double-dps,geared,5,4,solo,300,200,1.000,0.000,0.000,0.602,10.0,0.28,0.398,0.994,1.327
trio-double-dps,geared,5,4,pack,180,200,0.000,0.000,1.000,—,—,3.00,1.000,0.516,0.000
trio-double-dps,geared,5,4,pack,300,200,0.000,0.000,1.000,—,—,3.00,1.000,0.509,0.000
trio-double-dps,geared,5,4,boss,180,200,0.000,0.000,1.000,—,—,3.00,1.000,0.491,0.000
trio-double-dps,geared,5,4,boss,300,200,0.000,0.000,1.000,—,—,3.00,1.000,0.485,0.000
trio-double-dps,geared,5,5,solo,180,200,0.000,0.000,1.000,—,—,3.00,1.000,0.477,0.000
trio-double-dps,geared,5,5,solo,300,200,0.000,0.000,1.000,—,—,3.00,1.000,0.472,0.000
trio-double-dps,geared,5,5,pack,180,200,0.000,0.000,1.000,—,—,3.00,1.000,0.475,0.000
trio-double-dps,geared,5,5,pack,300,200,0.000,0.000,1.000,—,—,3.00,1.000,0.471,0.000
trio-double-dps,geared,5,5,boss,180,200,0.000,0.000,1.000,—,—,3.00,1.000,0.391,0.000
trio-double-dps,geared,5,5,boss,300,200,0.000,0.000,1.000,—,—,3.00,1.000,0.394,0.000
trio-double-dps,geared,5,6,solo,180,200,0.000,0.000,1.000,—,—,3.00,1.000,0.495,0.000
trio-double-dps,geared,5,6,solo,300,200,0.000,0.000,1.000,—,—,3.00,1.000,0.495,0.000
trio-double-dps,geared,5,6,pack,180,200,0.000,0.000,1.000,—,—,3.00,1.000,0.489,0.000
trio-double-dps,geared,5,6,pack,300,200,0.000,0.000,1.000,—,—,3.00,1.000,0.491,0.000
trio-double-dps,geared,5,6,boss,180,200,0.000,0.000,1.000,—,—,3.00,1.000,0.357,0.000
trio-double-dps,geared,5,6,boss,300,200,0.000,0.000,1.000,—,—,3.00,1.000,0.360,0.000
trio-double-dps,geared,5,7,solo,180,200,0.000,0.000,1.000,—,—,3.00,1.000,0.340,0.000
trio-double-dps,geared,5,7,solo,300,200,0.000,0.000,1.000,—,—,3.00,1.000,0.361,0.000
trio-double-dps,geared,5,7,pack,180,200,0.000,0.000,1.000,—,—,3.00,1.000,0.337,0.000
trio-double-dps,geared,5,7,pack,300,200,0.000,0.000,1.000,—,—,3.00,1.000,0.347,0.000
trio-double-dps,geared,5,7,boss,180,200,0.000,0.000,1.000,—,—,3.00,1.000,0.334,0.000
trio-double-dps,geared,5,7,boss,300,200,0.000,0.000,1.000,—,—,3.00,1.000,0.326,0.000
trio-double-dps,geared,5,8,solo,180,200,0.000,0.000,1.000,—,—,3.00,1.000,0.327,0.000
trio-double-dps,geared,5,8,solo,300,200,0.000,0.000,1.000,—,—,3.00,1.000,0.323,0.000
trio-double-dps,geared,5,8,pack,180,200,0.000,0.000,1.000,—,—,3.00,1.000,0.327,0.000
trio-double-dps,geared,5,8,pack,300,200,0.000,0.000,1.000,—,—,3.00,1.000,0.324,0.000
trio-double-dps,geared,5,8,boss,180,200,0.000,0.000,1.000,—,—,3.00,1.000,0.324,0.000
trio-double-dps,geared,5,8,boss,300,200,0.000,0.000,1.000,—,—,3.00,1.000,0.324,0.000
trio-double-dps,geared,10,1,solo,180,200,1.000,0.000,0.000,1.000,0.0,0.00,0.000,—,1.560
trio-double-dps,geared,10,1,solo,300,200,1.000,0.000,0.000,1.000,0.0,0.00,0.000,—,1.560
trio-double-dps,geared,10,1,pack,180,200,1.000,0.000,0.000,0.966,2.9,0.00,0.034,1.000,1.542
trio-double-dps,geared,10,1,pack,300,200,1.000,0.000,0.000,0.966,2.9,0.00,0.034,1.000,1.542
trio-double-dps,geared,10,1,boss,180,200,1.000,0.000,0.000,0.959,4.8,0.00,0.041,1.000,1.539
trio-double-dps,geared,10,1,boss,300,200,1.000,0.000,0.000,0.960,4.8,0.00,0.040,1.000,1.539
trio-double-dps,geared,10,2,solo,180,200,1.000,0.000,0.000,1.000,0.0,0.00,0.000,—,1.560
trio-double-dps,geared,10,2,solo,300,200,1.000,0.000,0.000,1.000,0.0,0.00,0.000,—,1.560
trio-double-dps,geared,10,2,pack,180,200,1.000,0.000,0.000,0.909,5.1,0.00,0.091,1.000,1.513
trio-double-dps,geared,10,2,pack,300,200,1.000,0.000,0.000,0.912,5.0,0.00,0.088,1.000,1.514
trio-double-dps,geared,10,2,boss,180,200,1.000,0.000,0.000,0.891,8.9,0.00,0.109,1.000,1.503
trio-double-dps,geared,10,2,boss,300,200,1.000,0.000,0.000,0.892,8.9,0.00,0.108,1.000,1.504
trio-double-dps,geared,10,3,solo,180,200,1.000,0.000,0.000,0.955,1.7,0.00,0.045,1.000,1.537
trio-double-dps,geared,10,3,solo,300,200,1.000,0.000,0.000,0.955,1.8,0.00,0.045,1.000,1.537
trio-double-dps,geared,10,3,pack,180,200,1.000,0.000,0.000,0.738,9.0,0.00,0.262,1.000,1.424
trio-double-dps,geared,10,3,pack,300,200,1.000,0.000,0.000,0.735,8.9,0.00,0.265,1.000,1.422
trio-double-dps,geared,10,3,boss,180,200,1.000,0.000,0.000,0.584,17.4,0.16,0.416,0.996,1.344
trio-double-dps,geared,10,3,boss,300,200,1.000,0.000,0.000,0.593,17.1,0.17,0.407,0.997,1.349
trio-double-dps,geared,10,4,solo,180,200,1.000,0.000,0.000,0.844,5.3,0.00,0.156,1.000,1.479
trio-double-dps,geared,10,4,solo,300,200,1.000,0.000,0.000,0.844,5.2,0.00,0.156,1.000,1.479
trio-double-dps,geared,10,4,pack,180,200,0.050,0.000,0.950,0.081,20.8,2.94,0.996,0.508,0.054
trio-double-dps,geared,10,4,pack,300,200,0.035,0.000,0.965,0.075,19.9,2.96,0.997,0.511,0.038
trio-double-dps,geared,10,4,boss,180,200,0.000,0.000,1.000,—,—,3.00,1.000,0.616,0.000
trio-double-dps,geared,10,4,boss,300,200,0.000,0.000,1.000,—,—,3.00,1.000,0.621,0.000
trio-double-dps,geared,10,5,solo,180,200,1.000,0.000,0.000,0.403,12.4,1.01,0.597,0.838,1.249
trio-double-dps,geared,10,5,solo,300,200,1.000,0.000,0.000,0.393,12.4,0.97,0.607,0.832,1.244
trio-double-dps,geared,10,5,pack,180,200,0.000,0.000,1.000,—,—,3.00,1.000,0.481,0.000
trio-double-dps,geared,10,5,pack,300,200,0.000,0.000,1.000,—,—,3.00,1.000,0.471,0.000
trio-double-dps,geared,10,5,boss,180,200,0.000,0.000,1.000,—,—,3.00,1.000,0.538,0.000
trio-double-dps,geared,10,5,boss,300,200,0.000,0.000,1.000,—,—,3.00,1.000,0.531,0.000
trio-double-dps,geared,10,6,solo,180,200,0.000,0.000,1.000,—,—,3.00,1.000,0.515,0.000
trio-double-dps,geared,10,6,solo,300,200,0.000,0.000,1.000,—,—,3.00,1.000,0.531,0.000
trio-double-dps,geared,10,6,pack,180,200,0.000,0.000,1.000,—,—,3.00,1.000,0.529,0.000
trio-double-dps,geared,10,6,pack,300,200,0.000,0.000,1.000,—,—,3.00,1.000,0.522,0.000
trio-double-dps,geared,10,6,boss,180,200,0.000,0.000,1.000,—,—,3.00,1.000,0.430,0.000
trio-double-dps,geared,10,6,boss,300,200,0.000,0.000,1.000,—,—,3.00,1.000,0.416,0.000
trio-double-dps,geared,10,7,solo,180,200,0.000,0.000,1.000,—,—,3.00,1.000,0.381,0.000
trio-double-dps,geared,10,7,solo,300,200,0.000,0.000,1.000,—,—,3.00,1.000,0.383,0.000
trio-double-dps,geared,10,7,pack,180,200,0.000,0.000,1.000,—,—,3.00,1.000,0.384,0.000
trio-double-dps,geared,10,7,pack,300,200,0.000,0.000,1.000,—,—,3.00,1.000,0.394,0.000
trio-double-dps,geared,10,7,boss,180,200,0.000,0.000,1.000,—,—,3.00,1.000,0.359,0.000
trio-double-dps,geared,10,7,boss,300,200,0.000,0.000,1.000,—,—,3.00,1.000,0.377,0.000
trio-double-dps,geared,10,8,solo,180,200,0.000,0.000,1.000,—,—,3.00,1.000,0.343,0.000
trio-double-dps,geared,10,8,solo,300,200,0.000,0.000,1.000,—,—,3.00,1.000,0.348,0.000
trio-double-dps,geared,10,8,pack,180,200,0.000,0.000,1.000,—,—,3.00,1.000,0.345,0.000
trio-double-dps,geared,10,8,pack,300,200,0.000,0.000,1.000,—,—,3.00,1.000,0.347,0.000
trio-double-dps,geared,10,8,boss,180,200,0.000,0.000,1.000,—,—,3.00,1.000,0.328,0.000
trio-double-dps,geared,10,8,boss,300,200,0.000,0.000,1.000,—,—,3.00,1.000,0.327,0.000
trio-double-dps,geared,20,1,solo,180,200,1.000,0.000,0.000,1.000,0.0,0.00,0.000,—,1.620
trio-double-dps,geared,20,1,solo,300,200,1.000,0.000,0.000,1.000,0.0,0.00,0.000,—,1.620
trio-double-dps,geared,20,1,pack,180,200,1.000,0.000,0.000,1.000,0.0,0.00,0.000,1.000,1.620
trio-double-dps,geared,20,1,pack,300,200,1.000,0.000,0.000,1.000,0.0,0.00,0.000,1.000,1.620
trio-double-dps,geared,20,1,boss,180,200,1.000,0.000,0.000,0.990,2.5,0.00,0.010,1.000,1.614
trio-double-dps,geared,20,1,boss,300,200,1.000,0.000,0.000,0.989,2.3,0.00,0.011,1.000,1.614
trio-double-dps,geared,20,2,solo,180,200,1.000,0.000,0.000,1.000,0.0,0.00,0.000,—,1.620
trio-double-dps,geared,20,2,solo,300,200,1.000,0.000,0.000,1.000,0.0,0.00,0.000,—,1.620
trio-double-dps,geared,20,2,pack,180,200,1.000,0.000,0.000,0.977,2.2,0.00,0.023,1.000,1.607
trio-double-dps,geared,20,2,pack,300,200,1.000,0.000,0.000,0.977,2.3,0.00,0.023,1.000,1.607
trio-double-dps,geared,20,2,boss,180,200,1.000,0.000,0.000,0.964,4.0,0.00,0.036,1.000,1.601
trio-double-dps,geared,20,2,boss,300,200,1.000,0.000,0.000,0.964,4.1,0.00,0.036,1.000,1.600
trio-double-dps,geared,20,3,solo,180,200,1.000,0.000,0.000,0.999,0.1,0.00,0.001,1.000,1.620
trio-double-dps,geared,20,3,solo,300,200,1.000,0.000,0.000,0.999,0.0,0.00,0.001,1.000,1.620
trio-double-dps,geared,20,3,pack,180,200,1.000,0.000,0.000,0.932,4.1,0.00,0.068,1.000,1.583
trio-double-dps,geared,20,3,pack,300,200,1.000,0.000,0.000,0.932,4.1,0.00,0.068,1.000,1.583
trio-double-dps,geared,20,3,boss,180,200,1.000,0.000,0.000,0.892,8.0,0.00,0.108,1.000,1.562
trio-double-dps,geared,20,3,boss,300,200,1.000,0.000,0.000,0.891,8.1,0.00,0.109,1.000,1.561
trio-double-dps,geared,20,4,solo,180,200,1.000,0.000,0.000,0.959,1.9,0.00,0.041,1.000,1.598
trio-double-dps,geared,20,4,solo,300,200,1.000,0.000,0.000,0.957,1.9,0.00,0.043,1.000,1.597
trio-double-dps,geared,20,4,pack,180,200,1.000,0.000,0.000,0.749,8.4,0.00,0.251,1.000,1.485
trio-double-dps,geared,20,4,pack,300,200,1.000,0.000,0.000,0.751,8.3,0.00,0.249,1.000,1.486
trio-double-dps,geared,20,4,boss,180,200,1.000,0.000,0.000,0.617,16.4,0.05,0.383,1.000,1.413
trio-double-dps,geared,20,4,boss,300,200,1.000,0.000,0.000,0.617,16.7,0.04,0.383,0.999,1.413
trio-double-dps,geared,20,5,solo,180,200,1.000,0.000,0.000,0.852,5.3,0.00,0.148,1.000,1.540
trio-double-dps,geared,20,5,solo,300,200,1.000,0.000,0.000,0.853,5.3,0.00,0.147,1.000,1.541
trio-double-dps,geared,20,5,pack,180,200,0.010,0.000,0.990,0.065,19.2,2.99,0.999,0.617,0.011
trio-double-dps,geared,20,5,pack,300,200,0.010,0.000,0.990,0.122,19.9,2.99,0.999,0.619,0.011
trio-double-dps,geared,20,5,boss,180,200,0.000,0.000,1.000,—,—,3.00,1.000,0.654,0.000
trio-double-dps,geared,20,5,boss,300,200,0.000,0.000,1.000,—,—,3.00,1.000,0.655,0.000
trio-double-dps,geared,20,6,solo,180,200,0.820,0.000,0.180,0.358,13.6,1.43,0.707,0.811,1.044
trio-double-dps,geared,20,6,solo,300,200,0.770,0.000,0.230,0.391,13.3,1.45,0.699,0.812,0.994
trio-double-dps,geared,20,6,pack,180,200,0.000,0.000,1.000,—,—,3.00,1.000,0.551,0.000
trio-double-dps,geared,20,6,pack,300,200,0.000,0.000,1.000,—,—,3.00,1.000,0.555,0.000
trio-double-dps,geared,20,6,boss,180,200,0.000,0.000,1.000,—,—,3.00,1.000,0.562,0.000
trio-double-dps,geared,20,6,boss,300,200,0.000,0.000,1.000,—,—,3.00,1.000,0.555,0.000
trio-double-dps,geared,20,7,solo,180,200,0.000,0.000,1.000,—,—,3.00,1.000,0.537,0.000
trio-double-dps,geared,20,7,solo,300,200,0.000,0.000,1.000,—,—,3.00,1.000,0.541,0.000
trio-double-dps,geared,20,7,pack,180,200,0.000,0.000,1.000,—,—,3.00,1.000,0.537,0.000
trio-double-dps,geared,20,7,pack,300,200,0.000,0.000,1.000,—,—,3.00,1.000,0.544,0.000
trio-double-dps,geared,20,7,boss,180,200,0.000,0.000,1.000,—,—,3.00,1.000,0.524,0.000
trio-double-dps,geared,20,7,boss,300,200,0.000,0.000,1.000,—,—,3.00,1.000,0.533,0.000
trio-double-dps,geared,20,8,solo,180,200,0.000,0.000,1.000,—,—,3.00,1.000,0.429,0.000
trio-double-dps,geared,20,8,solo,300,200,0.000,0.000,1.000,—,—,3.00,1.000,0.434,0.000
trio-double-dps,geared,20,8,pack,180,200,0.000,0.000,1.000,—,—,3.00,1.000,0.423,0.000
trio-double-dps,geared,20,8,pack,300,200,0.000,0.000,1.000,—,—,3.00,1.000,0.411,0.000
trio-double-dps,geared,20,8,boss,180,200,0.000,0.000,1.000,—,—,3.00,1.000,0.372,0.000
trio-double-dps,geared,20,8,boss,300,200,0.000,0.000,1.000,—,—,3.00,1.000,0.378,0.000
trio-double-dps,geared,35,1,solo,180,200,1.000,0.000,0.000,1.000,0.0,0.00,0.000,—,1.710
trio-double-dps,geared,35,1,solo,300,200,1.000,0.000,0.000,1.000,0.0,0.00,0.000,—,1.710
trio-double-dps,geared,35,1,pack,180,200,1.000,0.000,0.000,1.000,0.0,0.00,0.000,—,1.710
trio-double-dps,geared,35,1,pack,300,200,1.000,0.000,0.000,1.000,0.0,0.00,0.000,—,1.710
trio-double-dps,geared,35,1,boss,180,200,1.000,0.000,0.000,0.995,1.2,0.00,0.005,1.000,1.707
trio-double-dps,geared,35,1,boss,300,200,1.000,0.000,0.000,0.995,1.2,0.00,0.005,1.000,1.707
trio-double-dps,geared,35,2,solo,180,200,1.000,0.000,0.000,1.000,0.0,0.00,0.000,—,1.710
trio-double-dps,geared,35,2,solo,300,200,1.000,0.000,0.000,1.000,0.0,0.00,0.000,—,1.710
trio-double-dps,geared,35,2,pack,180,200,1.000,0.000,0.000,0.997,0.6,0.00,0.003,1.000,1.708
trio-double-dps,geared,35,2,pack,300,200,1.000,0.000,0.000,0.997,0.6,0.00,0.003,1.000,1.708
trio-double-dps,geared,35,2,boss,180,200,1.000,0.000,0.000,0.990,2.1,0.00,0.010,1.000,1.704
trio-double-dps,geared,35,2,boss,300,200,1.000,0.000,0.000,0.990,2.2,0.00,0.010,1.000,1.704
trio-double-dps,geared,35,3,solo,180,200,1.000,0.000,0.000,1.000,0.0,0.00,0.000,—,1.710
trio-double-dps,geared,35,3,solo,300,200,1.000,0.000,0.000,1.000,0.0,0.00,0.000,—,1.710
trio-double-dps,geared,35,3,pack,180,200,1.000,0.000,0.000,0.978,1.9,0.00,0.022,1.000,1.698
trio-double-dps,geared,35,3,pack,300,200,1.000,0.000,0.000,0.979,1.9,0.00,0.021,1.000,1.698
trio-double-dps,geared,35,3,boss,180,200,1.000,0.000,0.000,0.965,3.7,0.00,0.035,1.000,1.690
trio-double-dps,geared,35,3,boss,300,200,1.000,0.000,0.000,0.966,3.7,0.00,0.034,1.000,1.691
trio-double-dps,geared,35,4,solo,180,200,1.000,0.000,0.000,0.990,0.6,0.00,0.010,1.000,1.704
trio-double-dps,geared,35,4,solo,300,200,1.000,0.000,0.000,0.990,0.6,0.00,0.010,1.000,1.704
trio-double-dps,geared,35,4,pack,180,200,1.000,0.000,0.000,0.931,4.0,0.00,0.069,1.000,1.671
trio-double-dps,geared,35,4,pack,300,200,1.000,0.000,0.000,0.931,4.1,0.00,0.069,1.000,1.670
trio-double-dps,geared,35,4,boss,180,200,1.000,0.000,0.000,0.898,7.9,0.00,0.102,1.000,1.652
trio-double-dps,geared,35,4,boss,300,200,1.000,0.000,0.000,0.895,7.9,0.00,0.105,1.000,1.650
trio-double-dps,geared,35,5,solo,180,200,1.000,0.000,0.000,0.962,2.3,0.00,0.038,1.000,1.688
trio-double-dps,geared,35,5,solo,300,200,1.000,0.000,0.000,0.961,2.2,0.00,0.039,1.000,1.688
trio-double-dps,geared,35,5,pack,180,200,1.000,0.000,0.000,0.752,8.7,0.00,0.248,1.000,1.569
trio-double-dps,geared,35,5,pack,300,200,1.000,0.000,0.000,0.757,8.7,0.00,0.243,1.000,1.571
trio-double-dps,geared,35,5,boss,180,200,1.000,0.000,0.000,0.629,17.2,0.03,0.371,0.999,1.498
trio-double-dps,geared,35,5,boss,300,200,1.000,0.000,0.000,0.622,17.4,0.04,0.378,1.000,1.495
trio-double-dps,geared,35,6,solo,180,200,1.000,0.000,0.000,0.841,6.2,0.00,0.159,1.000,1.619
trio-double-dps,geared,35,6,solo,300,200,1.000,0.000,0.000,0.844,6.2,0.00,0.156,1.000,1.621
trio-double-dps,geared,35,6,pack,180,200,0.005,0.000,0.995,0.364,17.3,2.99,0.998,0.650,0.007
trio-double-dps,geared,35,6,pack,300,200,0.015,0.000,0.985,0.086,19.9,2.98,0.999,0.646,0.018
trio-double-dps,geared,35,6,boss,180,200,0.000,0.000,1.000,—,—,3.00,1.000,0.731,0.000
trio-double-dps,geared,35,6,boss,300,200,0.000,0.000,1.000,—,—,3.00,1.000,0.725,0.000
trio-double-dps,geared,35,7,solo,180,200,0.225,0.000,0.775,0.394,17.0,2.63,0.911,0.718,0.307
trio-double-dps,geared,35,7,solo,300,200,0.195,0.000,0.805,0.393,16.5,2.69,0.923,0.715,0.266
trio-double-dps,geared,35,7,pack,180,200,0.000,0.000,1.000,—,—,3.00,1.000,0.684,0.000
trio-double-dps,geared,35,7,pack,300,200,0.000,0.000,1.000,—,—,3.00,1.000,0.683,0.000
trio-double-dps,geared,35,7,boss,180,200,0.000,0.000,1.000,—,—,3.00,1.000,0.558,0.000
trio-double-dps,geared,35,7,boss,300,200,0.000,0.000,1.000,—,—,3.00,1.000,0.566,0.000
trio-double-dps,geared,35,8,solo,180,200,0.000,0.000,1.000,—,—,3.00,1.000,0.569,0.000
trio-double-dps,geared,35,8,solo,300,200,0.000,0.000,1.000,—,—,3.00,1.000,0.565,0.000
trio-double-dps,geared,35,8,pack,180,200,0.000,0.000,1.000,—,—,3.00,1.000,0.562,0.000
trio-double-dps,geared,35,8,pack,300,200,0.000,0.000,1.000,—,—,3.00,1.000,0.564,0.000
trio-double-dps,geared,35,8,boss,180,200,0.000,0.000,1.000,—,—,3.00,1.000,0.555,0.000
trio-double-dps,geared,35,8,boss,300,200,0.000,0.000,1.000,—,—,3.00,1.000,0.553,0.000
trio-double-dps,geared,50,1,solo,180,200,1.000,0.000,0.000,1.000,0.0,0.00,0.000,—,1.800
trio-double-dps,geared,50,1,solo,300,200,1.000,0.000,0.000,1.000,0.0,0.00,0.000,—,1.800
trio-double-dps,geared,50,1,pack,180,200,1.000,0.000,0.000,1.000,0.0,0.00,0.000,—,1.800
trio-double-dps,geared,50,1,pack,300,200,1.000,0.000,0.000,1.000,0.0,0.00,0.000,—,1.800
trio-double-dps,geared,50,1,boss,180,200,1.000,0.000,0.000,0.997,1.0,0.00,0.003,1.000,1.798
trio-double-dps,geared,50,1,boss,300,200,1.000,0.000,0.000,0.997,1.0,0.00,0.003,1.000,1.798
trio-double-dps,geared,50,2,solo,180,200,1.000,0.000,0.000,1.000,0.0,0.00,0.000,—,1.800
trio-double-dps,geared,50,2,solo,300,200,1.000,0.000,0.000,1.000,0.0,0.00,0.000,—,1.800
trio-double-dps,geared,50,2,pack,180,200,1.000,0.000,0.000,1.000,0.0,0.00,0.000,—,1.800
trio-double-dps,geared,50,2,pack,300,200,1.000,0.000,0.000,1.000,0.0,0.00,0.000,—,1.800
trio-double-dps,geared,50,2,boss,180,200,1.000,0.000,0.000,0.994,1.2,0.00,0.006,1.000,1.797
trio-double-dps,geared,50,2,boss,300,200,1.000,0.000,0.000,0.994,1.2,0.00,0.006,1.000,1.797
trio-double-dps,geared,50,3,solo,180,200,1.000,0.000,0.000,1.000,0.0,0.00,0.000,—,1.800
trio-double-dps,geared,50,3,solo,300,200,1.000,0.000,0.000,1.000,0.0,0.00,0.000,—,1.800
trio-double-dps,geared,50,3,pack,180,200,1.000,0.000,0.000,0.990,1.3,0.00,0.010,1.000,1.794
trio-double-dps,geared,50,3,pack,300,200,1.000,0.000,0.000,0.990,1.3,0.00,0.010,1.000,1.794
trio-double-dps,geared,50,3,boss,180,200,1.000,0.000,0.000,0.989,2.3,0.00,0.011,1.000,1.793
trio-double-dps,geared,50,3,boss,300,200,1.000,0.000,0.000,0.988,2.3,0.00,0.012,1.000,1.793
trio-double-dps,geared,50,4,solo,180,200,1.000,0.000,0.000,1.000,0.0,0.00,0.000,—,1.800
trio-double-dps,geared,50,4,solo,300,200,1.000,0.000,0.000,1.000,0.0,0.00,0.000,—,1.800
trio-double-dps,geared,50,4,pack,180,200,1.000,0.000,0.000,0.971,2.5,0.00,0.029,1.000,1.783
trio-double-dps,geared,50,4,pack,300,200,1.000,0.000,0.000,0.971,2.5,0.00,0.029,1.000,1.782
trio-double-dps,geared,50,4,boss,180,200,1.000,0.000,0.000,0.962,5.0,0.00,0.038,1.000,1.777
trio-double-dps,geared,50,4,boss,300,200,1.000,0.000,0.000,0.964,4.9,0.00,0.036,1.000,1.778
trio-double-dps,geared,50,5,solo,180,200,1.000,0.000,0.000,0.978,1.1,0.00,0.022,1.000,1.787
trio-double-dps,geared,50,5,solo,300,200,1.000,0.000,0.000,0.978,1.1,0.00,0.022,1.000,1.787
trio-double-dps,geared,50,5,pack,180,200,1.000,0.000,0.000,0.892,5.4,0.00,0.108,1.000,1.735
trio-double-dps,geared,50,5,pack,300,200,1.000,0.000,0.000,0.889,5.4,0.00,0.111,1.000,1.733
trio-double-dps,geared,50,5,boss,180,200,1.000,0.000,0.000,0.858,10.4,0.00,0.142,1.000,1.715
trio-double-dps,geared,50,5,boss,300,200,1.000,0.000,0.000,0.860,10.5,0.00,0.140,1.000,1.716
trio-double-dps,geared,50,6,solo,180,200,1.000,0.000,0.000,0.920,3.7,0.00,0.080,1.000,1.752
trio-double-dps,geared,50,6,solo,300,200,1.000,0.000,0.000,0.921,3.6,0.00,0.079,1.000,1.753
trio-double-dps,geared,50,6,pack,180,200,1.000,0.000,0.000,0.620,12.7,0.03,0.380,0.999,1.572
trio-double-dps,geared,50,6,pack,300,200,1.000,0.000,0.000,0.619,12.8,0.03,0.381,0.999,1.571
trio-double-dps,geared,50,6,boss,180,200,0.580,0.000,0.420,0.262,25.5,2.12,0.848,0.874,0.787
trio-double-dps,geared,50,6,boss,300,200,0.650,0.000,0.350,0.286,25.3,1.96,0.814,0.885,0.891
trio-double-dps,geared,50,7,solo,180,200,1.000,0.000,0.000,0.718,10.3,0.00,0.282,1.000,1.631
trio-double-dps,geared,50,7,solo,300,200,1.000,0.000,0.000,0.718,10.5,0.00,0.282,1.000,1.631
trio-double-dps,geared,50,7,pack,180,200,0.000,0.000,1.000,—,—,3.00,1.000,0.646,0.000
trio-double-dps,geared,50,7,pack,300,200,0.000,0.000,1.000,—,—,3.00,1.000,0.648,0.000
trio-double-dps,geared,50,7,boss,180,200,0.000,0.000,1.000,—,—,3.00,1.000,0.704,0.000
trio-double-dps,geared,50,7,boss,300,200,0.000,0.000,1.000,—,—,3.00,1.000,0.706,0.000
trio-double-dps,geared,50,8,solo,180,200,0.000,0.000,1.000,—,—,3.00,1.000,0.675,0.000
trio-double-dps,geared,50,8,solo,300,200,0.000,0.000,1.000,—,—,3.00,1.000,0.674,0.000
trio-double-dps,geared,50,8,pack,180,200,0.000,0.000,1.000,—,—,3.00,1.000,0.675,0.000
trio-double-dps,geared,50,8,pack,300,200,0.000,0.000,1.000,—,—,3.00,1.000,0.679,0.000
trio-double-dps,geared,50,8,boss,180,200,0.000,0.000,1.000,—,—,3.00,1.000,0.670,0.000
trio-double-dps,geared,50,8,boss,300,200,0.000,0.000,1.000,—,—,3.00,1.000,0.665,0.000
trio-double-dps,full-build,1,1,solo,180,200,1.000,0.000,0.000,1.000,0.0,0.00,0.000,—,1.506
trio-double-dps,full-build,1,1,solo,300,200,1.000,0.000,0.000,1.000,0.0,0.00,0.000,—,1.506
trio-double-dps,full-build,1,1,pack,180,200,1.000,0.000,0.000,0.947,6.4,0.00,0.053,1.000,1.480
trio-double-dps,full-build,1,1,pack,300,200,1.000,0.000,0.000,0.949,6.3,0.00,0.051,1.000,1.480
trio-double-dps,full-build,1,1,boss,180,200,1.000,0.000,0.000,0.910,12.0,0.00,0.090,1.000,1.461
trio-double-dps,full-build,1,1,boss,300,200,1.000,0.000,0.000,0.912,12.1,0.00,0.088,1.000,1.462
trio-double-dps,full-build,1,2,solo,180,200,1.000,0.000,0.000,0.966,2.7,0.00,0.034,1.000,1.489
trio-double-dps,full-build,1,2,solo,300,200,1.000,0.000,0.000,0.966,2.7,0.00,0.034,1.000,1.489
trio-double-dps,full-build,1,2,pack,180,200,1.000,0.000,0.000,0.773,12.3,0.00,0.227,1.000,1.392
trio-double-dps,full-build,1,2,pack,300,200,1.000,0.000,0.000,0.770,12.4,0.00,0.230,1.000,1.391
trio-double-dps,full-build,1,2,boss,180,200,1.000,0.000,0.000,0.535,24.1,0.16,0.465,0.985,1.273
trio-double-dps,full-build,1,2,boss,300,200,1.000,0.000,0.000,0.541,24.3,0.19,0.459,0.978,1.276
trio-double-dps,full-build,1,3,solo,180,200,1.000,0.000,0.000,0.885,6.2,0.00,0.115,1.000,1.448
trio-double-dps,full-build,1,3,solo,300,200,1.000,0.000,0.000,0.885,6.2,0.00,0.115,1.000,1.448
trio-double-dps,full-build,1,3,pack,180,200,0.065,0.000,0.935,0.092,28.7,2.94,0.994,0.493,0.068
trio-double-dps,full-build,1,3,pack,300,200,0.060,0.000,0.940,0.120,28.4,2.93,0.993,0.491,0.064
trio-double-dps,full-build,1,3,boss,180,200,0.000,0.000,1.000,—,—,3.00,1.000,0.606,0.000
trio-double-dps,full-build,1,3,boss,300,200,0.000,0.000,1.000,—,—,3.00,1.000,0.614,0.000
trio-double-dps,full-build,1,4,solo,180,200,0.990,0.000,0.010,0.475,15.2,0.89,0.529,0.869,1.230
trio-double-dps,full-build,1,4,solo,300,200,0.975,0.000,0.025,0.485,14.9,0.89,0.527,0.879,1.216
trio-double-dps,full-build,1,4,pack,180,200,0.000,0.000,1.000,—,—,3.00,1.000,0.463,0.000
trio-double-dps,full-build,1,4,pack,300,200,0.000,0.000,1.000,—,—,3.00,1.000,0.464,0.000
trio-double-dps,full-build,1,4,boss,180,200,0.000,0.000,1.000,—,—,3.00,1.000,0.467,0.000
trio-double-dps,full-build,1,4,boss,300,200,0.000,0.000,1.000,—,—,3.00,1.000,0.459,0.000
trio-double-dps,full-build,1,5,solo,180,200,0.000,0.000,1.000,—,—,3.00,1.000,0.424,0.000
trio-double-dps,full-build,1,5,solo,300,200,0.000,0.000,1.000,—,—,3.00,1.000,0.426,0.000
trio-double-dps,full-build,1,5,pack,180,200,0.000,0.000,1.000,—,—,3.00,1.000,0.438,0.000
trio-double-dps,full-build,1,5,pack,300,200,0.000,0.000,1.000,—,—,3.00,1.000,0.427,0.000
trio-double-dps,full-build,1,5,boss,180,200,0.000,0.000,1.000,—,—,3.00,1.000,0.418,0.000
trio-double-dps,full-build,1,5,boss,300,200,0.000,0.000,1.000,—,—,3.00,1.000,0.418,0.000
trio-double-dps,full-build,1,6,solo,180,200,0.000,0.000,1.000,—,—,3.00,1.000,0.491,0.000
trio-double-dps,full-build,1,6,solo,300,200,0.000,0.000,1.000,—,—,3.00,1.000,0.482,0.000
trio-double-dps,full-build,1,6,pack,180,200,0.000,0.000,1.000,—,—,3.00,1.000,0.490,0.000
trio-double-dps,full-build,1,6,pack,300,200,0.000,0.000,1.000,—,—,3.00,1.000,0.489,0.000
trio-double-dps,full-build,1,6,boss,180,200,0.000,0.000,1.000,—,—,3.00,1.000,0.330,0.000
trio-double-dps,full-build,1,6,boss,300,200,0.000,0.000,1.000,—,—,3.00,1.000,0.348,0.000
trio-double-dps,full-build,1,7,solo,180,200,0.000,0.000,1.000,—,—,3.00,1.000,0.355,0.000
trio-double-dps,full-build,1,7,solo,300,200,0.000,0.000,1.000,—,—,3.00,1.000,0.334,0.000
trio-double-dps,full-build,1,7,pack,180,200,0.000,0.000,1.000,—,—,3.00,1.000,0.347,0.000
trio-double-dps,full-build,1,7,pack,300,200,0.000,0.000,1.000,—,—,3.00,1.000,0.336,0.000
trio-double-dps,full-build,1,7,boss,180,200,0.000,0.000,1.000,—,—,3.00,1.000,0.324,0.000
trio-double-dps,full-build,1,7,boss,300,200,0.000,0.000,1.000,—,—,3.00,1.000,0.330,0.000
trio-double-dps,full-build,1,8,solo,180,200,0.000,0.000,1.000,—,—,3.00,1.000,0.323,0.000
trio-double-dps,full-build,1,8,solo,300,200,0.000,0.000,1.000,—,—,3.00,1.000,0.322,0.000
trio-double-dps,full-build,1,8,pack,180,200,0.000,0.000,1.000,—,—,3.00,1.000,0.323,0.000
trio-double-dps,full-build,1,8,pack,300,200,0.000,0.000,1.000,—,—,3.00,1.000,0.322,0.000
trio-double-dps,full-build,1,8,boss,180,200,0.000,0.000,1.000,—,—,3.00,1.000,0.333,0.000
trio-double-dps,full-build,1,8,boss,300,200,0.000,0.000,1.000,—,—,3.00,1.000,0.324,0.000
trio-double-dps,full-build,5,1,solo,180,200,1.000,0.000,0.000,1.000,0.0,0.00,0.000,—,1.530
trio-double-dps,full-build,5,1,solo,300,200,1.000,0.000,0.000,1.000,0.0,0.00,0.000,—,1.530
trio-double-dps,full-build,5,1,pack,180,200,1.000,0.000,0.000,0.968,3.7,0.00,0.032,1.000,1.514
trio-double-dps,full-build,5,1,pack,300,200,1.000,0.000,0.000,0.967,3.6,0.00,0.033,1.000,1.513
trio-double-dps,full-build,5,1,boss,180,200,1.000,0.000,0.000,0.964,6.0,0.00,0.036,1.000,1.511
trio-double-dps,full-build,5,1,boss,300,200,1.000,0.000,0.000,0.965,5.9,0.00,0.035,1.000,1.512
trio-double-dps,full-build,5,2,solo,180,200,1.000,0.000,0.000,1.000,0.0,0.00,0.000,—,1.530
trio-double-dps,full-build,5,2,solo,300,200,1.000,0.000,0.000,1.000,0.0,0.00,0.000,—,1.530
trio-double-dps,full-build,5,2,pack,180,200,1.000,0.000,0.000,0.912,6.1,0.00,0.088,1.000,1.485
trio-double-dps,full-build,5,2,pack,300,200,1.000,0.000,0.000,0.911,6.1,0.00,0.089,1.000,1.485
trio-double-dps,full-build,5,2,boss,180,200,1.000,0.000,0.000,0.874,11.6,0.00,0.126,1.000,1.466
trio-double-dps,full-build,5,2,boss,300,200,1.000,0.000,0.000,0.874,11.6,0.00,0.126,1.000,1.466
trio-double-dps,full-build,5,3,solo,180,200,1.000,0.000,0.000,0.957,2.3,0.00,0.043,1.000,1.508
trio-double-dps,full-build,5,3,solo,300,200,1.000,0.000,0.000,0.956,2.4,0.00,0.044,1.000,1.508
trio-double-dps,full-build,5,3,pack,180,200,1.000,0.000,0.000,0.696,11.4,0.00,0.304,1.000,1.375
trio-double-dps,full-build,5,3,pack,300,200,1.000,0.000,0.000,0.694,11.5,0.00,0.306,1.000,1.374
trio-double-dps,full-build,5,3,boss,180,200,1.000,0.000,0.000,0.473,21.8,0.38,0.527,0.988,1.261
trio-double-dps,full-build,5,3,boss,300,200,1.000,0.000,0.000,0.453,21.8,0.40,0.547,0.987,1.251
trio-double-dps,full-build,5,4,solo,180,200,1.000,0.000,0.000,0.807,6.4,0.00,0.193,1.000,1.431
trio-double-dps,full-build,5,4,solo,300,200,1.000,0.000,0.000,0.805,6.5,0.00,0.195,1.000,1.430
trio-double-dps,full-build,5,4,pack,180,200,0.005,0.000,0.995,0.093,24.4,3.00,1.000,0.518,0.005
trio-double-dps,full-build,5,4,pack,300,200,0.000,0.000,1.000,—,—,3.00,1.000,0.511,0.000
trio-double-dps,full-build,5,4,boss,180,200,0.000,0.000,1.000,—,—,3.00,1.000,0.631,0.000
trio-double-dps,full-build,5,4,boss,300,200,0.000,0.000,1.000,—,—,3.00,1.000,0.627,0.000
trio-double-dps,full-build,5,5,solo,180,200,0.925,0.000,0.075,0.299,16.0,1.42,0.723,0.702,1.085
trio-double-dps,full-build,5,5,solo,300,200,0.930,0.000,0.070,0.302,16.1,1.38,0.719,0.706,1.092
trio-double-dps,full-build,5,5,pack,180,200,0.000,0.000,1.000,—,—,3.00,1.000,0.488,0.000
trio-double-dps,full-build,5,5,pack,300,200,0.000,0.000,1.000,—,—,3.00,1.000,0.492,0.000
trio-double-dps,full-build,5,5,boss,180,200,0.000,0.000,1.000,—,—,3.00,1.000,0.464,0.000
trio-double-dps,full-build,5,5,boss,300,200,0.000,0.000,1.000,—,—,3.00,1.000,0.467,0.000
trio-double-dps,full-build,5,6,solo,180,200,0.000,0.000,1.000,—,—,3.00,1.000,0.530,0.000
trio-double-dps,full-build,5,6,solo,300,200,0.000,0.000,1.000,—,—,3.00,1.000,0.513,0.000
trio-double-dps,full-build,5,6,pack,180,200,0.000,0.000,1.000,—,—,3.00,1.000,0.521,0.000
trio-double-dps,full-build,5,6,pack,300,200,0.000,0.000,1.000,—,—,3.00,1.000,0.524,0.000
trio-double-dps,full-build,5,6,boss,180,200,0.000,0.000,1.000,—,—,3.00,1.000,0.368,0.000
trio-double-dps,full-build,5,6,boss,300,200,0.000,0.000,1.000,—,—,3.00,1.000,0.374,0.000
trio-double-dps,full-build,5,7,solo,180,200,0.000,0.000,1.000,—,—,3.00,1.000,0.428,0.000
trio-double-dps,full-build,5,7,solo,300,200,0.000,0.000,1.000,—,—,3.00,1.000,0.437,0.000
trio-double-dps,full-build,5,7,pack,180,200,0.000,0.000,1.000,—,—,3.00,1.000,0.413,0.000
trio-double-dps,full-build,5,7,pack,300,200,0.000,0.000,1.000,—,—,3.00,1.000,0.422,0.000
trio-double-dps,full-build,5,7,boss,180,200,0.000,0.000,1.000,—,—,3.00,1.000,0.358,0.000
trio-double-dps,full-build,5,7,boss,300,200,0.000,0.000,1.000,—,—,3.00,1.000,0.357,0.000
trio-double-dps,full-build,5,8,solo,180,200,0.000,0.000,1.000,—,—,3.00,1.000,0.359,0.000
trio-double-dps,full-build,5,8,solo,300,200,0.000,0.000,1.000,—,—,3.00,1.000,0.349,0.000
trio-double-dps,full-build,5,8,pack,180,200,0.000,0.000,1.000,—,—,3.00,1.000,0.351,0.000
trio-double-dps,full-build,5,8,pack,300,200,0.000,0.000,1.000,—,—,3.00,1.000,0.355,0.000
trio-double-dps,full-build,5,8,boss,180,200,0.000,0.000,1.000,—,—,3.00,1.000,0.320,0.000
trio-double-dps,full-build,5,8,boss,300,200,0.000,0.000,1.000,—,—,3.00,1.000,0.319,0.000
trio-double-dps,full-build,10,1,solo,180,200,1.000,0.000,0.000,1.000,0.0,0.00,0.000,—,1.560
trio-double-dps,full-build,10,1,solo,300,200,1.000,0.000,0.000,1.000,0.0,0.00,0.000,—,1.560
trio-double-dps,full-build,10,1,pack,180,200,1.000,0.000,0.000,0.997,0.6,0.00,0.003,1.000,1.558
trio-double-dps,full-build,10,1,pack,300,200,1.000,0.000,0.000,0.997,0.7,0.00,0.003,1.000,1.558
trio-double-dps,full-build,10,1,boss,180,200,1.000,0.000,0.000,0.976,3.4,0.00,0.024,1.000,1.547
trio-double-dps,full-build,10,1,boss,300,200,1.000,0.000,0.000,0.976,3.4,0.00,0.024,1.000,1.548
trio-double-dps,full-build,10,2,solo,180,200,1.000,0.000,0.000,1.000,0.0,0.00,0.000,—,1.560
trio-double-dps,full-build,10,2,solo,300,200,1.000,0.000,0.000,1.000,0.0,0.00,0.000,—,1.560
trio-double-dps,full-build,10,2,pack,180,200,1.000,0.000,0.000,0.959,3.2,0.00,0.041,1.000,1.539
trio-double-dps,full-build,10,2,pack,300,200,1.000,0.000,0.000,0.958,3.2,0.00,0.042,1.000,1.538
trio-double-dps,full-build,10,2,boss,180,200,1.000,0.000,0.000,0.958,5.7,0.00,0.042,1.000,1.538
trio-double-dps,full-build,10,2,boss,300,200,1.000,0.000,0.000,0.956,5.8,0.00,0.044,1.000,1.537
trio-double-dps,full-build,10,3,solo,180,200,1.000,0.000,0.000,0.987,0.8,0.00,0.013,1.000,1.553
trio-double-dps,full-build,10,3,solo,300,200,1.000,0.000,0.000,0.987,0.8,0.00,0.013,1.000,1.553
trio-double-dps,full-build,10,3,pack,180,200,1.000,0.000,0.000,0.884,5.9,0.00,0.116,1.000,1.500
trio-double-dps,full-build,10,3,pack,300,200,1.000,0.000,0.000,0.888,5.9,0.00,0.112,1.000,1.502
trio-double-dps,full-build,10,3,boss,180,200,1.000,0.000,0.000,0.824,12.2,0.00,0.176,1.000,1.468
trio-double-dps,full-build,10,3,boss,300,200,1.000,0.000,0.000,0.824,12.1,0.00,0.176,1.000,1.469
trio-double-dps,full-build,10,4,solo,180,200,1.000,0.000,0.000,0.912,3.2,0.00,0.088,1.000,1.514
trio-double-dps,full-build,10,4,solo,300,200,1.000,0.000,0.000,0.910,3.3,0.00,0.090,1.000,1.513
trio-double-dps,full-build,10,4,pack,180,200,1.000,0.000,0.000,0.574,12.4,0.27,0.426,0.987,1.339
trio-double-dps,full-build,10,4,pack,300,200,1.000,0.000,0.000,0.575,12.4,0.27,0.425,0.990,1.339
trio-double-dps,full-build,10,4,boss,180,200,0.585,0.000,0.415,0.191,25.8,2.24,0.888,0.782,0.666
trio-double-dps,full-build,10,4,boss,300,200,0.605,0.000,0.395,0.238,25.4,2.10,0.856,0.788,0.704
trio-double-dps,full-build,10,5,solo,180,200,1.000,0.000,0.000,0.747,7.7,0.00,0.253,1.000,1.429
trio-double-dps,full-build,10,5,solo,300,200,1.000,0.000,0.000,0.753,7.8,0.00,0.247,1.000,1.431
trio-double-dps,full-build,10,5,pack,180,200,0.000,0.000,1.000,—,—,3.00,1.000,0.574,0.000
trio-double-dps,full-build,10,5,pack,300,200,0.000,0.000,1.000,—,—,3.00,1.000,0.572,0.000
trio-double-dps,full-build,10,5,boss,180,200,0.000,0.000,1.000,—,—,3.00,1.000,0.581,0.000
trio-double-dps,full-build,10,5,boss,300,200,0.000,0.000,1.000,—,—,3.00,1.000,0.578,0.000
trio-double-dps,full-build,10,6,solo,180,200,0.095,0.000,0.905,0.147,19.6,2.87,0.986,0.520,0.106
trio-double-dps,full-build,10,6,solo,300,200,0.090,0.000,0.910,0.099,19.9,2.89,0.991,0.529,0.098
trio-double-dps,full-build,10,6,pack,180,200,0.000,0.000,1.000,—,—,3.00,1.000,0.517,0.000
trio-double-dps,full-build,10,6,pack,300,200,0.000,0.000,1.000,—,—,3.00,1.000,0.503,0.000
trio-double-dps,full-build,10,6,boss,180,200,0.000,0.000,1.000,—,—,3.00,1.000,0.524,0.000
trio-double-dps,full-build,10,6,boss,300,200,0.000,0.000,1.000,—,—,3.00,1.000,0.521,0.000
trio-double-dps,full-build,10,7,solo,180,200,0.000,0.000,1.000,—,—,3.00,1.000,0.503,0.000
trio-double-dps,full-build,10,7,solo,300,200,0.000,0.000,1.000,—,—,3.00,1.000,0.510,0.000
trio-double-dps,full-build,10,7,pack,180,200,0.000,0.000,1.000,—,—,3.00,1.000,0.512,0.000
trio-double-dps,full-build,10,7,pack,300,200,0.000,0.000,1.000,—,—,3.00,1.000,0.502,0.000
trio-double-dps,full-build,10,7,boss,180,200,0.000,0.000,1.000,—,—,3.00,1.000,0.440,0.000
trio-double-dps,full-build,10,7,boss,300,200,0.000,0.000,1.000,—,—,3.00,1.000,0.446,0.000
trio-double-dps,full-build,10,8,solo,180,200,0.000,0.000,1.000,—,—,3.00,1.000,0.365,0.000
trio-double-dps,full-build,10,8,solo,300,200,0.000,0.000,1.000,—,—,3.00,1.000,0.366,0.000
trio-double-dps,full-build,10,8,pack,180,200,0.000,0.000,1.000,—,—,3.00,1.000,0.364,0.000
trio-double-dps,full-build,10,8,pack,300,200,0.000,0.000,1.000,—,—,3.00,1.000,0.373,0.000
trio-double-dps,full-build,10,8,boss,180,200,0.000,0.000,1.000,—,—,3.00,1.000,0.372,0.000
trio-double-dps,full-build,10,8,boss,300,200,0.000,0.000,1.000,—,—,3.00,1.000,0.360,0.000
trio-double-dps,full-build,20,1,solo,180,200,1.000,0.000,0.000,1.000,0.0,0.00,0.000,—,1.620
trio-double-dps,full-build,20,1,solo,300,200,1.000,0.000,0.000,1.000,0.0,0.00,0.000,—,1.620
trio-double-dps,full-build,20,1,pack,180,200,1.000,0.000,0.000,1.000,0.0,0.00,0.000,—,1.620
trio-double-dps,full-build,20,1,pack,300,200,1.000,0.000,0.000,1.000,0.0,0.00,0.000,—,1.620
trio-double-dps,full-build,20,1,boss,180,200,1.000,0.000,0.000,0.994,1.4,0.00,0.006,1.000,1.617
trio-double-dps,full-build,20,1,boss,300,200,1.000,0.000,0.000,0.994,1.4,0.00,0.006,1.000,1.617
trio-double-dps,full-build,20,2,solo,180,200,1.000,0.000,0.000,1.000,0.0,0.00,0.000,—,1.620
trio-double-dps,full-build,20,2,solo,300,200,1.000,0.000,0.000,1.000,0.0,0.00,0.000,—,1.620
trio-double-dps,full-build,20,2,pack,180,200,1.000,0.000,0.000,0.992,1.4,0.00,0.008,1.000,1.616
trio-double-dps,full-build,20,2,pack,300,200,1.000,0.000,0.000,0.992,1.4,0.00,0.008,1.000,1.616
trio-double-dps,full-build,20,2,boss,180,200,1.000,0.000,0.000,0.989,2.7,0.00,0.011,1.000,1.614
trio-double-dps,full-build,20,2,boss,300,200,1.000,0.000,0.000,0.989,2.8,0.00,0.011,1.000,1.614
trio-double-dps,full-build,20,3,solo,180,200,1.000,0.000,0.000,1.000,0.0,0.00,0.000,—,1.620
trio-double-dps,full-build,20,3,solo,300,200,1.000,0.000,0.000,1.000,0.0,0.00,0.000,—,1.620
trio-double-dps,full-build,20,3,pack,180,200,1.000,0.000,0.000,0.974,2.7,0.00,0.026,1.000,1.606
trio-double-dps,full-build,20,3,pack,300,200,1.000,0.000,0.000,0.975,2.7,0.00,0.025,1.000,1.606
trio-double-dps,full-build,20,3,boss,180,200,1.000,0.000,0.000,0.961,5.1,0.00,0.039,1.000,1.599
trio-double-dps,full-build,20,3,boss,300,200,1.000,0.000,0.000,0.961,5.1,0.00,0.039,1.000,1.599
trio-double-dps,full-build,20,4,solo,180,200,1.000,0.000,0.000,0.981,1.1,0.00,0.019,1.000,1.609
trio-double-dps,full-build,20,4,solo,300,200,1.000,0.000,0.000,0.981,1.1,0.00,0.019,1.000,1.610
trio-double-dps,full-build,20,4,pack,180,200,1.000,0.000,0.000,0.905,5.6,0.00,0.095,1.000,1.569
trio-double-dps,full-build,20,4,pack,300,200,1.000,0.000,0.000,0.904,5.6,0.00,0.096,1.000,1.568
trio-double-dps,full-build,20,4,boss,180,200,1.000,0.000,0.000,0.852,10.9,0.00,0.148,1.000,1.540
trio-double-dps,full-build,20,4,boss,300,200,1.000,0.000,0.000,0.850,11.0,0.00,0.150,1.000,1.539
trio-double-dps,full-build,20,5,solo,180,200,1.000,0.000,0.000,0.943,3.2,0.00,0.057,1.000,1.589
trio-double-dps,full-build,20,5,solo,300,200,1.000,0.000,0.000,0.945,3.2,0.00,0.055,1.000,1.590
trio-double-dps,full-build,20,5,pack,180,200,1.000,0.000,0.000,0.637,12.1,0.01,0.363,1.000,1.424
trio-double-dps,full-build,20,5,pack,300,200,1.000,0.000,0.000,0.644,12.1,0.01,0.356,1.000,1.428
trio-double-dps,full-build,20,5,boss,180,200,0.830,0.000,0.170,0.351,23.9,1.52,0.709,0.922,1.054
trio-double-dps,full-build,20,5,boss,300,200,0.825,0.000,0.175,0.314,24.8,1.64,0.741,0.921,1.031
trio-double-dps,full-build,20,6,solo,180,200,1.000,0.000,0.000,0.751,8.7,0.00,0.249,1.000,1.485
trio-double-dps,full-build,20,6,solo,300,200,1.000,0.000,0.000,0.750,8.7,0.00,0.250,1.000,1.485
trio-double-dps,full-build,20,6,pack,180,200,0.000,0.000,1.000,—,—,3.00,1.000,0.619,0.000
trio-double-dps,full-build,20,6,pack,300,200,0.000,0.000,1.000,—,—,3.00,1.000,0.619,0.000
trio-double-dps,full-build,20,6,boss,180,200,0.000,0.000,1.000,—,—,3.00,1.000,0.679,0.000
trio-double-dps,full-build,20,6,boss,300,200,0.000,0.000,1.000,—,—,3.00,1.000,0.667,0.000
trio-double-dps,full-build,20,7,solo,180,200,0.010,0.000,0.990,0.256,19.9,2.99,0.997,0.664,0.012
trio-double-dps,full-build,20,7,solo,300,200,0.010,0.000,0.990,0.256,23.4,2.99,0.997,0.669,0.012
trio-double-dps,full-build,20,7,pack,180,200,0.000,0.000,1.000,—,—,3.00,1.000,0.657,0.000
trio-double-dps,full-build,20,7,pack,300,200,0.000,0.000,1.000,—,—,3.00,1.000,0.656,0.000
trio-double-dps,full-build,20,7,boss,180,200,0.000,0.000,1.000,—,—,3.00,1.000,0.541,0.000
trio-double-dps,full-build,20,7,boss,300,200,0.000,0.000,1.000,—,—,3.00,1.000,0.547,0.000
trio-double-dps,full-build,20,8,solo,180,200,0.000,0.000,1.000,—,—,3.00,1.000,0.545,0.000
trio-double-dps,full-build,20,8,solo,300,200,0.000,0.000,1.000,—,—,3.00,1.000,0.543,0.000
trio-double-dps,full-build,20,8,pack,180,200,0.000,0.000,1.000,—,—,3.00,1.000,0.551,0.000
trio-double-dps,full-build,20,8,pack,300,200,0.000,0.000,1.000,—,—,3.00,1.000,0.553,0.000
trio-double-dps,full-build,20,8,boss,180,200,0.000,0.000,1.000,—,—,3.00,1.000,0.510,0.000
trio-double-dps,full-build,20,8,boss,300,200,0.000,0.000,1.000,—,—,3.00,1.000,0.518,0.000
trio-double-dps,full-build,35,1,solo,180,200,1.000,0.000,0.000,1.000,0.0,0.00,0.000,—,1.710
trio-double-dps,full-build,35,1,solo,300,200,1.000,0.000,0.000,1.000,0.0,0.00,0.000,—,1.710
trio-double-dps,full-build,35,1,pack,180,200,1.000,0.000,0.000,1.000,0.0,0.00,0.000,—,1.710
trio-double-dps,full-build,35,1,pack,300,200,1.000,0.000,0.000,1.000,0.0,0.00,0.000,—,1.710
trio-double-dps,full-build,35,1,boss,180,200,1.000,0.000,0.000,0.998,1.0,0.00,0.002,1.000,1.709
trio-double-dps,full-build,35,1,boss,300,200,1.000,0.000,0.000,0.998,0.9,0.00,0.002,1.000,1.709
trio-double-dps,full-build,35,2,solo,180,200,1.000,0.000,0.000,1.000,0.0,0.00,0.000,—,1.710
trio-double-dps,full-build,35,2,solo,300,200,1.000,0.000,0.000,1.000,0.0,0.00,0.000,—,1.710
trio-double-dps,full-build,35,2,pack,180,200,1.000,0.000,0.000,1.000,0.0,0.00,0.000,—,1.710
trio-double-dps,full-build,35,2,pack,300,200,1.000,0.000,0.000,1.000,0.0,0.00,0.000,—,1.710
trio-double-dps,full-build,35,2,boss,180,200,1.000,0.000,0.000,0.995,1.2,0.00,0.005,1.000,1.707
trio-double-dps,full-build,35,2,boss,300,200,1.000,0.000,0.000,0.995,1.2,0.00,0.005,1.000,1.707
trio-double-dps,full-build,35,3,solo,180,200,1.000,0.000,0.000,1.000,0.0,0.00,0.000,—,1.710
trio-double-dps,full-build,35,3,solo,300,200,1.000,0.000,0.000,1.000,0.0,0.00,0.000,—,1.710
trio-double-dps,full-build,35,3,pack,180,200,1.000,0.000,0.000,0.992,1.3,0.00,0.008,1.000,1.705
trio-double-dps,full-build,35,3,pack,300,200,1.000,0.000,0.000,0.992,1.3,0.00,0.008,1.000,1.705
trio-double-dps,full-build,35,3,boss,180,200,1.000,0.000,0.000,0.989,2.4,0.00,0.011,1.000,1.704
trio-double-dps,full-build,35,3,boss,300,200,1.000,0.000,0.000,0.990,2.5,0.00,0.010,1.000,1.704
trio-double-dps,full-build,35,4,solo,180,200,1.000,0.000,0.000,1.000,0.0,0.00,0.000,—,1.710
trio-double-dps,full-build,35,4,solo,300,200,1.000,0.000,0.000,1.000,0.0,0.00,0.000,—,1.710
trio-double-dps,full-build,35,4,pack,180,200,1.000,0.000,0.000,0.975,2.6,0.00,0.025,1.000,1.696
trio-double-dps,full-build,35,4,pack,300,200,1.000,0.000,0.000,0.975,2.7,0.00,0.025,1.000,1.696
trio-double-dps,full-build,35,4,boss,180,200,1.000,0.000,0.000,0.968,5.2,0.00,0.032,1.000,1.692
trio-double-dps,full-build,35,4,boss,300,200,1.000,0.000,0.000,0.967,5.2,0.00,0.033,1.000,1.691
trio-double-dps,full-build,35,5,solo,180,200,1.000,0.000,0.000,0.981,1.2,0.00,0.019,1.000,1.699
trio-double-dps,full-build,35,5,solo,300,200,1.000,0.000,0.000,0.981,1.1,0.00,0.019,1.000,1.699
trio-double-dps,full-build,35,5,pack,180,200,1.000,0.000,0.000,0.901,5.6,0.00,0.099,1.000,1.654
trio-double-dps,full-build,35,5,pack,300,200,1.000,0.000,0.000,0.904,5.7,0.00,0.096,1.000,1.655
trio-double-dps,full-build,35,5,boss,180,200,1.000,0.000,0.000,0.871,11.1,0.00,0.129,1.000,1.637
trio-double-dps,full-build,35,5,boss,300,200,1.000,0.000,0.000,0.871,11.2,0.00,0.129,1.000,1.636
trio-double-dps,full-build,35,6,solo,180,200,1.000,0.000,0.000,0.931,3.9,0.00,0.069,1.000,1.671
trio-double-dps,full-build,35,6,solo,300,200,1.000,0.000,0.000,0.931,3.9,0.00,0.069,1.000,1.671
trio-double-dps,full-build,35,6,pack,180,200,1.000,0.000,0.000,0.642,13.4,0.01,0.358,1.000,1.506
trio-double-dps,full-build,35,6,pack,300,200,1.000,0.000,0.000,0.648,13.3,0.00,0.352,1.000,1.509
trio-double-dps,full-build,35,6,boss,180,200,0.705,0.000,0.295,0.295,27.7,1.79,0.792,0.901,0.922
trio-double-dps,full-build,35,6,boss,300,200,0.740,0.000,0.260,0.276,28.1,1.79,0.796,0.898,0.960
trio-double-dps,full-build,35,7,solo,180,200,1.000,0.000,0.000,0.741,11.2,0.00,0.259,1.000,1.563
trio-double-dps,full-build,35,7,solo,300,200,1.000,0.000,0.000,0.739,11.0,0.00,0.261,1.000,1.561
trio-double-dps,full-build,35,7,pack,180,200,0.000,0.000,1.000,—,—,3.00,1.000,0.659,0.000
trio-double-dps,full-build,35,7,pack,300,200,0.000,0.000,1.000,—,—,3.00,1.000,0.650,0.000
trio-double-dps,full-build,35,7,boss,180,200,0.000,0.000,1.000,—,—,3.00,1.000,0.719,0.000
trio-double-dps,full-build,35,7,boss,300,200,0.000,0.000,1.000,—,—,3.00,1.000,0.727,0.000
trio-double-dps,full-build,35,8,solo,180,200,0.000,0.000,1.000,—,—,3.00,1.000,0.697,0.000
trio-double-dps,full-build,35,8,solo,300,200,0.000,0.000,1.000,—,—,3.00,1.000,0.702,0.000
trio-double-dps,full-build,35,8,pack,180,200,0.000,0.000,1.000,—,—,3.00,1.000,0.690,0.000
trio-double-dps,full-build,35,8,pack,300,200,0.000,0.000,1.000,—,—,3.00,1.000,0.689,0.000
trio-double-dps,full-build,35,8,boss,180,200,0.000,0.000,1.000,—,—,3.00,1.000,0.644,0.000
trio-double-dps,full-build,35,8,boss,300,200,0.000,0.000,1.000,—,—,3.00,1.000,0.636,0.000
trio-double-dps,full-build,50,1,solo,180,200,1.000,0.000,0.000,1.000,0.0,0.00,0.000,—,1.800
trio-double-dps,full-build,50,1,solo,300,200,1.000,0.000,0.000,1.000,0.0,0.00,0.000,—,1.800
trio-double-dps,full-build,50,1,pack,180,200,1.000,0.000,0.000,1.000,0.0,0.00,0.000,—,1.800
trio-double-dps,full-build,50,1,pack,300,200,1.000,0.000,0.000,1.000,0.0,0.00,0.000,—,1.800
trio-double-dps,full-build,50,1,boss,180,200,1.000,0.000,0.000,0.999,0.4,0.00,0.001,1.000,1.800
trio-double-dps,full-build,50,1,boss,300,200,1.000,0.000,0.000,0.999,0.4,0.00,0.001,1.000,1.800
trio-double-dps,full-build,50,2,solo,180,200,1.000,0.000,0.000,1.000,0.0,0.00,0.000,—,1.800
trio-double-dps,full-build,50,2,solo,300,200,1.000,0.000,0.000,1.000,0.0,0.00,0.000,—,1.800
trio-double-dps,full-build,50,2,pack,180,200,1.000,0.000,0.000,1.000,0.0,0.00,0.000,—,1.800
trio-double-dps,full-build,50,2,pack,300,200,1.000,0.000,0.000,1.000,0.0,0.00,0.000,—,1.800
trio-double-dps,full-build,50,2,boss,180,200,1.000,0.000,0.000,0.997,1.0,0.00,0.003,1.000,1.798
trio-double-dps,full-build,50,2,boss,300,200,1.000,0.000,0.000,0.997,1.0,0.00,0.003,1.000,1.798
trio-double-dps,full-build,50,3,solo,180,200,1.000,0.000,0.000,1.000,0.0,0.00,0.000,—,1.800
trio-double-dps,full-build,50,3,solo,300,200,1.000,0.000,0.000,1.000,0.0,0.00,0.000,—,1.800
trio-double-dps,full-build,50,3,pack,180,200,1.000,0.000,0.000,0.998,0.5,0.00,0.002,1.000,1.799
trio-double-dps,full-build,50,3,pack,300,200,1.000,0.000,0.000,0.999,0.5,0.00,0.001,1.000,1.799
trio-double-dps,full-build,50,3,boss,180,200,1.000,0.000,0.000,0.995,1.4,0.00,0.005,1.000,1.797
trio-double-dps,full-build,50,3,boss,300,200,1.000,0.000,0.000,0.995,1.5,0.00,0.005,1.000,1.797
trio-double-dps,full-build,50,4,solo,180,200,1.000,0.000,0.000,1.000,0.0,0.00,0.000,—,1.800
trio-double-dps,full-build,50,4,solo,300,200,1.000,0.000,0.000,1.000,0.0,0.00,0.000,—,1.800
trio-double-dps,full-build,50,4,pack,180,200,1.000,0.000,0.000,0.992,1.3,0.00,0.008,1.000,1.795
trio-double-dps,full-build,50,4,pack,300,200,1.000,0.000,0.000,0.992,1.3,0.00,0.008,1.000,1.795
trio-double-dps,full-build,50,4,boss,180,200,1.000,0.000,0.000,0.984,3.0,0.00,0.016,1.000,1.790
trio-double-dps,full-build,50,4,boss,300,200,1.000,0.000,0.000,0.985,2.9,0.00,0.015,1.000,1.791
trio-double-dps,full-build,50,5,solo,180,200,1.000,0.000,0.000,0.997,0.3,0.00,0.003,1.000,1.798
trio-double-dps,full-build,50,5,solo,300,200,1.000,0.000,0.000,0.998,0.3,0.00,0.002,1.000,1.799
trio-double-dps,full-build,50,5,pack,180,200,1.000,0.000,0.000,0.967,3.2,0.00,0.033,1.000,1.780
trio-double-dps,full-build,50,5,pack,300,200,1.000,0.000,0.000,0.968,3.3,0.00,0.032,1.000,1.781
trio-double-dps,full-build,50,5,boss,180,200,1.000,0.000,0.000,0.958,6.2,0.00,0.042,1.000,1.775
trio-double-dps,full-build,50,5,boss,300,200,1.000,0.000,0.000,0.957,6.3,0.00,0.043,1.000,1.774
trio-double-dps,full-build,50,6,solo,180,200,1.000,0.000,0.000,0.979,2.0,0.00,0.021,1.000,1.787
trio-double-dps,full-build,50,6,solo,300,200,1.000,0.000,0.000,0.981,2.0,0.00,0.019,1.000,1.789
trio-double-dps,full-build,50,6,pack,180,200,1.000,0.000,0.000,0.890,7.8,0.00,0.110,1.000,1.734
trio-double-dps,full-build,50,6,pack,300,200,1.000,0.000,0.000,0.888,7.9,0.00,0.112,1.000,1.733
trio-double-dps,full-build,50,6,boss,180,200,1.000,0.000,0.000,0.834,15.6,0.00,0.166,1.000,1.700
trio-double-dps,full-build,50,6,boss,300,200,1.000,0.000,0.000,0.836,15.3,0.00,0.164,1.000,1.702
trio-double-dps,full-build,50,7,solo,180,200,1.000,0.000,0.000,0.908,6.3,0.00,0.092,1.000,1.745
trio-double-dps,full-build,50,7,solo,300,200,1.000,0.000,0.000,0.910,6.3,0.00,0.090,1.000,1.746
trio-double-dps,full-build,50,7,pack,180,200,0.910,0.000,0.090,0.514,20.5,0.64,0.532,0.959,1.373
trio-double-dps,full-build,50,7,pack,300,200,0.945,0.000,0.055,0.499,20.7,0.61,0.528,0.959,1.417
trio-double-dps,full-build,50,7,boss,180,200,0.020,0.000,0.980,0.277,36.6,2.96,0.994,0.837,0.027
trio-double-dps,full-build,50,7,boss,300,200,0.020,0.000,0.980,0.389,36.9,2.97,0.992,0.827,0.029
trio-double-dps,full-build,50,8,solo,180,200,0.980,0.000,0.020,0.610,18.9,0.20,0.402,0.992,1.535
trio-double-dps,full-build,50,8,solo,300,200,0.985,0.000,0.015,0.607,18.8,0.18,0.402,0.993,1.541
trio-double-dps,full-build,50,8,pack,180,200,0.000,0.000,1.000,—,—,3.00,1.000,0.800,0.000
trio-double-dps,full-build,50,8,pack,300,200,0.000,0.000,1.000,—,—,3.00,1.000,0.794,0.000
trio-double-dps,full-build,50,8,boss,180,200,0.000,0.000,1.000,—,—,3.00,1.000,0.708,0.000
trio-double-dps,full-build,50,8,boss,300,200,0.000,0.000,1.000,—,—,3.00,1.000,0.702,0.000
trio-no-tank,naked,1,1,solo,180,200,1.000,0.000,0.000,0.950,2.8,0.00,0.050,—,1.481
trio-no-tank,naked,1,1,solo,300,200,1.000,0.000,0.000,0.949,2.8,0.00,0.051,—,1.480
trio-no-tank,naked,1,1,pack,180,200,1.000,0.000,0.000,0.973,14.5,0.00,0.027,—,1.492
trio-no-tank,naked,1,1,pack,300,200,1.000,0.000,0.000,0.974,14.5,0.00,0.026,—,1.493
trio-no-tank,naked,1,1,boss,180,200,1.000,0.000,0.000,0.882,29.1,0.04,0.118,—,1.447
trio-no-tank,naked,1,1,boss,300,200,1.000,0.000,0.000,0.882,29.2,0.03,0.118,—,1.447
trio-no-tank,naked,1,2,solo,180,200,1.000,0.000,0.000,0.969,7.1,0.00,0.031,—,1.491
trio-no-tank,naked,1,2,solo,300,200,1.000,0.000,0.000,0.971,7.2,0.00,0.029,—,1.492
trio-no-tank,naked,1,2,pack,180,200,0.000,0.000,1.000,—,—,3.00,1.000,—,0.000
trio-no-tank,naked,1,2,pack,300,200,0.000,0.000,1.000,—,—,3.00,1.000,—,0.000
trio-no-tank,naked,1,2,boss,180,200,0.000,0.000,1.000,—,—,3.00,1.000,—,0.000
trio-no-tank,naked,1,2,boss,300,200,0.000,0.000,1.000,—,—,3.00,1.000,—,0.000
trio-no-tank,naked,1,3,solo,180,200,0.220,0.000,0.780,0.590,19.8,2.58,0.870,—,0.286
trio-no-tank,naked,1,3,solo,300,200,0.180,0.000,0.820,0.590,19.8,2.64,0.894,—,0.234
trio-no-tank,naked,1,3,pack,180,200,0.000,0.000,1.000,—,—,3.00,1.000,—,0.000
trio-no-tank,naked,1,3,pack,300,200,0.000,0.000,1.000,—,—,3.00,1.000,—,0.000
trio-no-tank,naked,1,3,boss,180,200,0.000,0.000,1.000,—,—,3.00,1.000,—,0.000
trio-no-tank,naked,1,3,boss,300,200,0.000,0.000,1.000,—,—,3.00,1.000,—,0.000
trio-no-tank,naked,1,4,solo,180,200,0.000,0.000,1.000,—,—,3.00,1.000,—,0.000
trio-no-tank,naked,1,4,solo,300,200,0.000,0.000,1.000,—,—,3.00,1.000,—,0.000
trio-no-tank,naked,1,4,pack,180,200,0.000,0.000,1.000,—,—,3.00,1.000,—,0.000
trio-no-tank,naked,1,4,pack,300,200,0.000,0.000,1.000,—,—,3.00,1.000,—,0.000
trio-no-tank,naked,1,4,boss,180,200,0.000,0.000,1.000,—,—,3.00,1.000,—,0.000
trio-no-tank,naked,1,4,boss,300,200,0.000,0.000,1.000,—,—,3.00,1.000,—,0.000
trio-no-tank,naked,1,5,solo,180,200,0.000,0.000,1.000,—,—,3.00,1.000,—,0.000
trio-no-tank,naked,1,5,solo,300,200,0.000,0.000,1.000,—,—,3.00,1.000,—,0.000
trio-no-tank,naked,1,5,pack,180,200,0.000,0.000,1.000,—,—,3.00,1.000,—,0.000
trio-no-tank,naked,1,5,pack,300,200,0.000,0.000,1.000,—,—,3.00,1.000,—,0.000
trio-no-tank,naked,1,5,boss,180,200,0.000,0.000,1.000,—,—,3.00,1.000,—,0.000
trio-no-tank,naked,1,5,boss,300,200,0.000,0.000,1.000,—,—,3.00,1.000,—,0.000
trio-no-tank,naked,1,6,solo,180,200,0.000,0.000,1.000,—,—,3.00,1.000,—,0.000
trio-no-tank,naked,1,6,solo,300,200,0.000,0.000,1.000,—,—,3.00,1.000,—,0.000
trio-no-tank,naked,1,6,pack,180,200,0.000,0.000,1.000,—,—,3.00,1.000,—,0.000
trio-no-tank,naked,1,6,pack,300,200,0.000,0.000,1.000,—,—,3.00,1.000,—,0.000
trio-no-tank,naked,1,6,boss,180,200,0.000,0.000,1.000,—,—,3.00,1.000,—,0.000
trio-no-tank,naked,1,6,boss,300,200,0.000,0.000,1.000,—,—,3.00,1.000,—,0.000
trio-no-tank,naked,1,7,solo,180,200,0.000,0.000,1.000,—,—,3.00,1.000,—,0.000
trio-no-tank,naked,1,7,solo,300,200,0.000,0.000,1.000,—,—,3.00,1.000,—,0.000
trio-no-tank,naked,1,7,pack,180,200,0.000,0.000,1.000,—,—,3.00,1.000,—,0.000
trio-no-tank,naked,1,7,pack,300,200,0.000,0.000,1.000,—,—,3.00,1.000,—,0.000
trio-no-tank,naked,1,7,boss,180,200,0.000,0.000,1.000,—,—,3.00,1.000,—,0.000
trio-no-tank,naked,1,7,boss,300,200,0.000,0.000,1.000,—,—,3.00,1.000,—,0.000
trio-no-tank,naked,1,8,solo,180,200,0.000,0.000,1.000,—,—,3.00,1.000,—,0.000
trio-no-tank,naked,1,8,solo,300,200,0.000,0.000,1.000,—,—,3.00,1.000,—,0.000
trio-no-tank,naked,1,8,pack,180,200,0.000,0.000,1.000,—,—,3.00,1.000,—,0.000
trio-no-tank,naked,1,8,pack,300,200,0.000,0.000,1.000,—,—,3.00,1.000,—,0.000
trio-no-tank,naked,1,8,boss,180,200,0.000,0.000,1.000,—,—,3.00,1.000,—,0.000
trio-no-tank,naked,1,8,boss,300,200,0.000,0.000,1.000,—,—,3.00,1.000,—,0.000
trio-no-tank,naked,5,1,solo,180,200,1.000,0.000,0.000,1.000,0.0,0.00,0.000,—,1.530
trio-no-tank,naked,5,1,solo,300,200,1.000,0.000,0.000,1.000,0.0,0.00,0.000,—,1.530
trio-no-tank,naked,5,1,pack,180,200,1.000,0.000,0.000,0.958,6.4,0.00,0.042,—,1.508
trio-no-tank,naked,5,1,pack,300,200,1.000,0.000,0.000,0.955,6.4,0.00,0.045,—,1.507
trio-no-tank,naked,5,1,boss,180,200,1.000,0.000,0.000,0.980,12.8,0.00,0.020,—,1.520
trio-no-tank,naked,5,1,boss,300,200,1.000,0.000,0.000,0.978,12.8,0.00,0.022,—,1.519
trio-no-tank,naked,5,2,solo,180,200,1.000,0.000,0.000,0.931,2.3,0.00,0.069,—,1.495
trio-no-tank,naked,5,2,solo,300,200,1.000,0.000,0.000,0.934,2.3,0.00,0.066,—,1.496
trio-no-tank,naked,5,2,pack,180,200,0.975,0.025,0.000,0.671,20.2,0.90,0.338,—,1.328
trio-no-tank,naked,5,2,pack,300,200,0.980,0.020,0.000,0.673,19.9,0.89,0.334,—,1.336
trio-no-tank,naked,5,2,boss,180,200,0.995,0.000,0.005,0.741,25.7,0.25,0.263,—,1.391
trio-no-tank,naked,5,2,boss,300,200,0.995,0.005,0.000,0.755,25.4,0.26,0.248,—,1.398
trio-no-tank,naked,5,3,solo,180,200,1.000,0.000,0.000,0.833,6.8,0.00,0.167,—,1.445
trio-no-tank,naked,5,3,solo,300,200,1.000,0.000,0.000,0.832,6.7,0.00,0.168,—,1.445
trio-no-tank,naked,5,3,pack,180,200,0.000,0.000,1.000,—,—,3.00,1.000,—,0.000
trio-no-tank,naked,5,3,pack,300,200,0.000,0.000,1.000,—,—,3.00,1.000,—,0.000
trio-no-tank,naked,5,3,boss,180,200,0.000,0.000,1.000,—,—,3.00,1.000,—,0.000
trio-no-tank,naked,5,3,boss,300,200,0.000,0.000,1.000,—,—,3.00,1.000,—,0.000
trio-no-tank,naked,5,4,solo,180,200,0.180,0.000,0.820,0.510,18.8,2.66,0.908,—,0.230
trio-no-tank,naked,5,4,solo,300,200,0.200,0.000,0.800,0.535,18.6,2.62,0.893,—,0.259
trio-no-tank,naked,5,4,pack,180,200,0.000,0.000,1.000,—,—,3.00,1.000,—,0.000
trio-no-tank,naked,5,4,pack,300,200,0.000,0.000,1.000,—,—,3.00,1.000,—,0.000
trio-no-tank,naked,5,4,boss,180,200,0.000,0.000,1.000,—,—,3.00,1.000,—,0.000
trio-no-tank,naked,5,4,boss,300,200,0.000,0.000,1.000,—,—,3.00,1.000,—,0.000
trio-no-tank,naked,5,5,solo,180,200,0.000,0.000,1.000,—,—,3.00,1.000,—,0.000
trio-no-tank,naked,5,5,solo,300,200,0.000,0.000,1.000,—,—,3.00,1.000,—,0.000
trio-no-tank,naked,5,5,pack,180,200,0.000,0.000,1.000,—,—,3.00,1.000,—,0.000
trio-no-tank,naked,5,5,pack,300,200,0.000,0.000,1.000,—,—,3.00,1.000,—,0.000
trio-no-tank,naked,5,5,boss,180,200,0.000,0.000,1.000,—,—,3.00,1.000,—,0.000
trio-no-tank,naked,5,5,boss,300,200,0.000,0.000,1.000,—,—,3.00,1.000,—,0.000
trio-no-tank,naked,5,6,solo,180,200,0.000,0.000,1.000,—,—,3.00,1.000,—,0.000
trio-no-tank,naked,5,6,solo,300,200,0.000,0.000,1.000,—,—,3.00,1.000,—,0.000
trio-no-tank,naked,5,6,pack,180,200,0.000,0.000,1.000,—,—,3.00,1.000,—,0.000
trio-no-tank,naked,5,6,pack,300,200,0.000,0.000,1.000,—,—,3.00,1.000,—,0.000
trio-no-tank,naked,5,6,boss,180,200,0.000,0.000,1.000,—,—,3.00,1.000,—,0.000
trio-no-tank,naked,5,6,boss,300,200,0.000,0.000,1.000,—,—,3.00,1.000,—,0.000
trio-no-tank,naked,5,7,solo,180,200,0.000,0.000,1.000,—,—,3.00,1.000,—,0.000
trio-no-tank,naked,5,7,solo,300,200,0.000,0.000,1.000,—,—,3.00,1.000,—,0.000
trio-no-tank,naked,5,7,pack,180,200,0.000,0.000,1.000,—,—,3.00,1.000,—,0.000
trio-no-tank,naked,5,7,pack,300,200,0.000,0.000,1.000,—,—,3.00,1.000,—,0.000
trio-no-tank,naked,5,7,boss,180,200,0.000,0.000,1.000,—,—,3.00,1.000,—,0.000
trio-no-tank,naked,5,7,boss,300,200,0.000,0.000,1.000,—,—,3.00,1.000,—,0.000
trio-no-tank,naked,5,8,solo,180,200,0.000,0.000,1.000,—,—,3.00,1.000,—,0.000
trio-no-tank,naked,5,8,solo,300,200,0.000,0.000,1.000,—,—,3.00,1.000,—,0.000
trio-no-tank,naked,5,8,pack,180,200,0.000,0.000,1.000,—,—,3.00,1.000,—,0.000
trio-no-tank,naked,5,8,pack,300,200,0.000,0.000,1.000,—,—,3.00,1.000,—,0.000
trio-no-tank,naked,5,8,boss,180,200,0.000,0.000,1.000,—,—,3.00,1.000,—,0.000
trio-no-tank,naked,5,8,boss,300,200,0.000,0.000,1.000,—,—,3.00,1.000,—,0.000
trio-no-tank,naked,10,1,solo,180,200,1.000,0.000,0.000,1.000,0.0,0.00,0.000,—,1.560
trio-no-tank,naked,10,1,solo,300,200,1.000,0.000,0.000,1.000,0.0,0.00,0.000,—,1.560
trio-no-tank,naked,10,1,pack,180,200,1.000,0.000,0.000,0.913,3.3,0.00,0.087,—,1.515
trio-no-tank,naked,10,1,pack,300,200,1.000,0.000,0.000,0.915,3.3,0.00,0.085,—,1.516
trio-no-tank,naked,10,1,boss,180,200,1.000,0.000,0.000,0.932,6.4,0.00,0.068,—,1.525
trio-no-tank,naked,10,1,boss,300,200,1.000,0.000,0.000,0.931,6.3,0.00,0.069,—,1.524
trio-no-tank,naked,10,2,solo,180,200,1.000,0.000,0.000,0.970,0.9,0.00,0.030,—,1.544
trio-no-tank,naked,10,2,solo,300,200,1.000,0.000,0.000,0.970,0.9,0.00,0.030,—,1.545
trio-no-tank,naked,10,2,pack,180,200,1.000,0.000,0.000,0.944,6.6,0.01,0.056,—,1.531
trio-no-tank,naked,10,2,pack,300,200,1.000,0.000,0.000,0.942,6.7,0.01,0.058,—,1.530
trio-no-tank,naked,10,2,boss,180,200,1.000,0.000,0.000,0.951,13.9,0.00,0.049,—,1.534
trio-no-tank,naked,10,2,boss,300,200,1.000,0.000,0.000,0.949,13.7,0.00,0.051,—,1.534
trio-no-tank,naked,10,3,solo,180,200,1.000,0.000,0.000,0.823,3.2,0.00,0.177,—,1.468
trio-no-tank,naked,10,3,solo,300,200,1.000,0.000,0.000,0.822,3.2,0.00,0.178,—,1.468
trio-no-tank,naked,10,3,pack,180,200,0.135,0.160,0.705,0.647,22.3,2.56,0.865,—,0.186
trio-no-tank,naked,10,3,pack,300,200,0.165,0.185,0.650,0.650,21.1,2.47,0.838,—,0.227
trio-no-tank,naked,10,3,boss,180,200,0.190,0.000,0.810,0.502,40.8,2.62,0.905,—,0.247
trio-no-tank,naked,10,3,boss,300,200,0.115,0.000,0.885,0.505,45.6,2.77,0.942,—,0.150
trio-no-tank,naked,10,4,solo,180,200,0.940,0.035,0.025,0.605,9.8,0.91,0.424,—,1.273
trio-no-tank,naked,10,4,solo,300,200,0.930,0.025,0.045,0.635,9.6,0.89,0.406,—,1.274
trio-no-tank,naked,10,4,pack,180,200,0.000,0.000,1.000,—,—,3.00,1.000,—,0.000
trio-no-tank,naked,10,4,pack,300,200,0.000,0.000,1.000,—,—,3.00,1.000,—,0.000
trio-no-tank,naked,10,4,boss,180,200,0.000,0.000,1.000,—,—,3.00,1.000,—,0.000
trio-no-tank,naked,10,4,boss,300,200,0.000,0.000,1.000,—,—,3.00,1.000,—,0.000
trio-no-tank,naked,10,5,solo,180,200,0.000,0.000,1.000,—,—,3.00,1.000,—,0.000
trio-no-tank,naked,10,5,solo,300,200,0.000,0.000,1.000,—,—,3.00,1.000,—,0.000
trio-no-tank,naked,10,5,pack,180,200,0.000,0.000,1.000,—,—,3.00,1.000,—,0.000
trio-no-tank,naked,10,5,pack,300,200,0.000,0.000,1.000,—,—,3.00,1.000,—,0.000
trio-no-tank,naked,10,5,boss,180,200,0.000,0.000,1.000,—,—,3.00,1.000,—,0.000
trio-no-tank,naked,10,5,boss,300,200,0.000,0.000,1.000,—,—,3.00,1.000,—,0.000
trio-no-tank,naked,10,6,solo,180,200,0.000,0.000,1.000,—,—,3.00,1.000,—,0.000
trio-no-tank,naked,10,6,solo,300,200,0.000,0.000,1.000,—,—,3.00,1.000,—,0.000
trio-no-tank,naked,10,6,pack,180,200,0.000,0.000,1.000,—,—,3.00,1.000,—,0.000
trio-no-tank,naked,10,6,pack,300,200,0.000,0.000,1.000,—,—,3.00,1.000,—,0.000
trio-no-tank,naked,10,6,boss,180,200,0.000,0.000,1.000,—,—,3.00,1.000,—,0.000
trio-no-tank,naked,10,6,boss,300,200,0.000,0.000,1.000,—,—,3.00,1.000,—,0.000
trio-no-tank,naked,10,7,solo,180,200,0.000,0.000,1.000,—,—,3.00,1.000,—,0.000
trio-no-tank,naked,10,7,solo,300,200,0.000,0.000,1.000,—,—,3.00,1.000,—,0.000
trio-no-tank,naked,10,7,pack,180,200,0.000,0.000,1.000,—,—,3.00,1.000,—,0.000
trio-no-tank,naked,10,7,pack,300,200,0.000,0.000,1.000,—,—,3.00,1.000,—,0.000
trio-no-tank,naked,10,7,boss,180,200,0.000,0.000,1.000,—,—,3.00,1.000,—,0.000
trio-no-tank,naked,10,7,boss,300,200,0.000,0.000,1.000,—,—,3.00,1.000,—,0.000
trio-no-tank,naked,10,8,solo,180,200,0.000,0.000,1.000,—,—,3.00,1.000,—,0.000
trio-no-tank,naked,10,8,solo,300,200,0.000,0.000,1.000,—,—,3.00,1.000,—,0.000
trio-no-tank,naked,10,8,pack,180,200,0.000,0.000,1.000,—,—,3.00,1.000,—,0.000
trio-no-tank,naked,10,8,pack,300,200,0.000,0.000,1.000,—,—,3.00,1.000,—,0.000
trio-no-tank,naked,10,8,boss,180,200,0.000,0.000,1.000,—,—,3.00,1.000,—,0.000
trio-no-tank,naked,10,8,boss,300,200,0.000,0.000,1.000,—,—,3.00,1.000,—,0.000
trio-no-tank,naked,20,1,solo,180,200,1.000,0.000,0.000,1.000,0.0,0.00,0.000,—,1.620
trio-no-tank,naked,20,1,solo,300,200,1.000,0.000,0.000,1.000,0.0,0.00,0.000,—,1.620
trio-no-tank,naked,20,1,pack,180,200,1.000,0.000,0.000,0.978,1.4,0.00,0.022,—,1.608
trio-no-tank,naked,20,1,pack,300,200,1.000,0.000,0.000,0.977,1.4,0.00,0.023,—,1.608
trio-no-tank,naked,20,1,boss,180,200,1.000,0.000,0.000,0.961,3.1,0.00,0.039,—,1.599
trio-no-tank,naked,20,1,boss,300,200,1.000,0.000,0.000,0.961,3.2,0.00,0.039,—,1.599
trio-no-tank,naked,20,2,solo,180,200,1.000,0.000,0.000,1.000,0.0,0.00,0.000,—,1.620
trio-no-tank,naked,20,2,solo,300,200,1.000,0.000,0.000,1.000,0.0,0.00,0.000,—,1.620
trio-no-tank,naked,20,2,pack,180,200,1.000,0.000,0.000,0.930,2.8,0.00,0.070,—,1.582
trio-no-tank,naked,20,2,pack,300,200,1.000,0.000,0.000,0.930,2.7,0.00,0.070,—,1.582
trio-no-tank,naked,20,2,boss,180,200,1.000,0.000,0.000,0.970,5.6,0.00,0.030,—,1.604
trio-no-tank,naked,20,2,boss,300,200,1.000,0.000,0.000,0.969,5.7,0.00,0.031,—,1.603
trio-no-tank,naked,20,3,solo,180,200,1.000,0.000,0.000,0.942,1.2,0.00,0.058,—,1.589
trio-no-tank,naked,20,3,solo,300,200,1.000,0.000,0.000,0.943,1.2,0.00,0.057,—,1.589
trio-no-tank,naked,20,3,pack,180,200,1.000,0.000,0.000,0.819,6.7,0.43,0.181,—,1.522
trio-no-tank,naked,20,3,pack,300,200,1.000,0.000,0.000,0.842,6.5,0.33,0.158,—,1.535
trio-no-tank,naked,20,3,boss,180,200,1.000,0.000,0.000,0.946,12.0,0.00,0.054,—,1.591
trio-no-tank,naked,20,3,boss,300,200,1.000,0.000,0.000,0.947,12.0,0.01,0.053,—,1.592
trio-no-tank,naked,20,4,solo,180,200,1.000,0.000,0.000,0.897,3.0,0.00,0.103,—,1.564
trio-no-tank,naked,20,4,solo,300,200,1.000,0.000,0.000,0.895,3.0,0.00,0.105,—,1.563
trio-no-tank,naked,20,4,pack,180,200,0.060,0.110,0.830,0.701,15.0,2.75,0.927,—,0.088
trio-no-tank,naked,20,4,pack,300,200,0.115,0.150,0.735,0.691,14.7,2.56,0.879,—,0.167
trio-no-tank,naked,20,4,boss,180,200,0.055,0.000,0.945,0.561,26.1,2.88,0.969,—,0.076
trio-no-tank,naked,20,4,boss,300,200,0.020,0.000,0.980,0.457,26.0,2.96,0.991,—,0.027
trio-no-tank,naked,20,5,solo,180,200,0.975,0.000,0.025,0.681,8.5,0.34,0.336,—,1.412
trio-no-tank,naked,20,5,solo,300,200,0.995,0.000,0.005,0.696,8.4,0.32,0.308,—,1.448
trio-no-tank,naked,20,5,pack,180,200,0.000,0.000,1.000,—,—,3.00,1.000,—,0.000
trio-no-tank,naked,20,5,pack,300,200,0.000,0.000,1.000,—,—,3.00,1.000,—,0.000
trio-no-tank,naked,20,5,boss,180,200,0.000,0.000,1.000,—,—,3.00,1.000,—,0.000
trio-no-tank,naked,20,5,boss,300,200,0.000,0.000,1.000,—,—,3.00,1.000,—,0.000
trio-no-tank,naked,20,6,solo,180,200,0.000,0.000,1.000,—,—,3.00,1.000,—,0.000
trio-no-tank,naked,20,6,solo,300,200,0.000,0.000,1.000,—,—,3.00,1.000,—,0.000
trio-no-tank,naked,20,6,pack,180,200,0.000,0.000,1.000,—,—,3.00,1.000,—,0.000
trio-no-tank,naked,20,6,pack,300,200,0.000,0.000,1.000,—,—,3.00,1.000,—,0.000
trio-no-tank,naked,20,6,boss,180,200,0.000,0.000,1.000,—,—,3.00,1.000,—,0.000
trio-no-tank,naked,20,6,boss,300,200,0.000,0.000,1.000,—,—,3.00,1.000,—,0.000
trio-no-tank,naked,20,7,solo,180,200,0.000,0.000,1.000,—,—,3.00,1.000,—,0.000
trio-no-tank,naked,20,7,solo,300,200,0.000,0.000,1.000,—,—,3.00,1.000,—,0.000
trio-no-tank,naked,20,7,pack,180,200,0.000,0.000,1.000,—,—,3.00,1.000,—,0.000
trio-no-tank,naked,20,7,pack,300,200,0.000,0.000,1.000,—,—,3.00,1.000,—,0.000
trio-no-tank,naked,20,7,boss,180,200,0.000,0.000,1.000,—,—,3.00,1.000,—,0.000
trio-no-tank,naked,20,7,boss,300,200,0.000,0.000,1.000,—,—,3.00,1.000,—,0.000
trio-no-tank,naked,20,8,solo,180,200,0.000,0.000,1.000,—,—,3.00,1.000,—,0.000
trio-no-tank,naked,20,8,solo,300,200,0.000,0.000,1.000,—,—,3.00,1.000,—,0.000
trio-no-tank,naked,20,8,pack,180,200,0.000,0.000,1.000,—,—,3.00,1.000,—,0.000
trio-no-tank,naked,20,8,pack,300,200,0.000,0.000,1.000,—,—,3.00,1.000,—,0.000
trio-no-tank,naked,20,8,boss,180,200,0.000,0.000,1.000,—,—,3.00,1.000,—,0.000
trio-no-tank,naked,20,8,boss,300,200,0.000,0.000,1.000,—,—,3.00,1.000,—,0.000
trio-no-tank,naked,35,1,solo,180,200,1.000,0.000,0.000,1.000,0.0,0.00,0.000,—,1.710
trio-no-tank,naked,35,1,solo,300,200,1.000,0.000,0.000,1.000,0.0,0.00,0.000,—,1.710
trio-no-tank,naked,35,1,pack,180,200,1.000,0.000,0.000,1.000,0.0,0.00,0.000,—,1.710
trio-no-tank,naked,35,1,pack,300,200,1.000,0.000,0.000,1.000,0.0,0.00,0.000,—,1.710
trio-no-tank,naked,35,1,boss,180,200,1.000,0.000,0.000,0.979,1.7,0.00,0.021,—,1.698
trio-no-tank,naked,35,1,boss,300,200,1.000,0.000,0.000,0.980,1.7,0.00,0.020,—,1.698
trio-no-tank,naked,35,2,solo,180,200,1.000,0.000,0.000,1.000,0.0,0.00,0.000,—,1.710
trio-no-tank,naked,35,2,solo,300,200,1.000,0.000,0.000,1.000,0.0,0.00,0.000,—,1.710
trio-no-tank,naked,35,2,pack,180,200,1.000,0.000,0.000,0.959,1.7,0.00,0.041,—,1.686
trio-no-tank,naked,35,2,pack,300,200,1.000,0.000,0.000,0.959,1.7,0.00,0.041,—,1.687
trio-no-tank,naked,35,2,boss,180,200,1.000,0.000,0.000,0.939,3.0,0.00,0.061,—,1.675
trio-no-tank,naked,35,2,boss,300,200,1.000,0.000,0.000,0.940,3.0,0.00,0.060,—,1.676
trio-no-tank,naked,35,3,solo,180,200,1.000,0.000,0.000,1.000,0.0,0.00,0.000,—,1.710
trio-no-tank,naked,35,3,solo,300,200,1.000,0.000,0.000,1.000,0.0,0.00,0.000,—,1.710
trio-no-tank,naked,35,3,pack,180,200,1.000,0.000,0.000,0.885,2.9,0.00,0.115,—,1.644
trio-no-tank,naked,35,3,pack,300,200,1.000,0.000,0.000,0.888,2.9,0.00,0.112,—,1.646
trio-no-tank,naked,35,3,boss,180,200,1.000,0.000,0.000,0.966,5.3,0.00,0.034,—,1.691
trio-no-tank,naked,35,3,boss,300,200,1.000,0.000,0.000,0.958,5.3,0.00,0.042,—,1.686
trio-no-tank,naked,35,4,solo,180,200,1.000,0.000,0.000,0.918,1.1,0.00,0.082,—,1.663
trio-no-tank,naked,35,4,solo,300,200,1.000,0.000,0.000,0.919,1.1,0.00,0.081,—,1.664
trio-no-tank,naked,35,4,pack,180,200,1.000,0.000,0.000,0.663,7.8,0.76,0.337,—,1.518
trio-no-tank,naked,35,4,pack,300,200,1.000,0.000,0.000,0.662,7.8,0.72,0.338,—,1.517
trio-no-tank,naked,35,4,boss,180,200,0.865,0.000,0.135,0.775,14.8,0.73,0.330,—,1.368
trio-no-tank,naked,35,4,boss,300,200,0.925,0.000,0.075,0.756,15.1,0.61,0.301,—,1.453
trio-no-tank,naked,35,5,solo,180,200,1.000,0.000,0.000,0.743,3.5,0.17,0.257,—,1.563
trio-no-tank,naked,35,5,solo,300,200,1.000,0.000,0.000,0.746,3.5,0.18,0.254,—,1.565
trio-no-tank,naked,35,5,pack,180,200,0.000,0.000,1.000,—,—,3.00,1.000,—,0.000
trio-no-tank,naked,35,5,pack,300,200,0.000,0.000,1.000,—,—,3.00,1.000,—,0.000
trio-no-tank,naked,35,5,boss,180,200,0.005,0.000,0.995,0.853,20.8,2.98,0.996,—,0.008
trio-no-tank,naked,35,5,boss,300,200,0.015,0.000,0.985,0.479,24.6,2.97,0.993,—,0.021
trio-no-tank,naked,35,6,solo,180,200,0.630,0.000,0.370,0.539,9.7,1.25,0.660,—,0.912
trio-no-tank,naked,35,6,solo,300,200,0.690,0.000,0.310,0.534,9.9,1.20,0.631,—,0.997
trio-no-tank,naked,35,6,pack,180,200,0.000,0.000,1.000,—,—,3.00,1.000,—,0.000
trio-no-tank,naked,35,6,pack,300,200,0.000,0.000,1.000,—,—,3.00,1.000,—,0.000
trio-no-tank,naked,35,6,boss,180,200,0.000,0.000,1.000,—,—,3.00,1.000,—,0.000
trio-no-tank,naked,35,6,boss,300,200,0.000,0.000,1.000,—,—,3.00,1.000,—,0.000
trio-no-tank,naked,35,7,solo,180,200,0.000,0.000,1.000,—,—,3.00,1.000,—,0.000
trio-no-tank,naked,35,7,solo,300,200,0.000,0.000,1.000,—,—,3.00,1.000,—,0.000
trio-no-tank,naked,35,7,pack,180,200,0.000,0.000,1.000,—,—,3.00,1.000,—,0.000
trio-no-tank,naked,35,7,pack,300,200,0.000,0.000,1.000,—,—,3.00,1.000,—,0.000
trio-no-tank,naked,35,7,boss,180,200,0.000,0.000,1.000,—,—,3.00,1.000,—,0.000
trio-no-tank,naked,35,7,boss,300,200,0.000,0.000,1.000,—,—,3.00,1.000,—,0.000
trio-no-tank,naked,35,8,solo,180,200,0.000,0.000,1.000,—,—,3.00,1.000,—,0.000
trio-no-tank,naked,35,8,solo,300,200,0.000,0.000,1.000,—,—,3.00,1.000,—,0.000
trio-no-tank,naked,35,8,pack,180,200,0.000,0.000,1.000,—,—,3.00,1.000,—,0.000
trio-no-tank,naked,35,8,pack,300,200,0.000,0.000,1.000,—,—,3.00,1.000,—,0.000
trio-no-tank,naked,35,8,boss,180,200,0.000,0.000,1.000,—,—,3.00,1.000,—,0.000
trio-no-tank,naked,35,8,boss,300,200,0.000,0.000,1.000,—,—,3.00,1.000,—,0.000
trio-no-tank,naked,50,1,solo,180,200,1.000,0.000,0.000,1.000,0.0,0.00,0.000,—,1.800
trio-no-tank,naked,50,1,solo,300,200,1.000,0.000,0.000,1.000,0.0,0.00,0.000,—,1.800
trio-no-tank,naked,50,1,pack,180,200,1.000,0.000,0.000,1.000,0.0,0.00,0.000,—,1.800
trio-no-tank,naked,50,1,pack,300,200,1.000,0.000,0.000,1.000,0.0,0.00,0.000,—,1.800
trio-no-tank,naked,50,1,boss,180,200,1.000,0.000,0.000,0.984,1.0,0.00,0.016,—,1.790
trio-no-tank,naked,50,1,boss,300,200,1.000,0.000,0.000,0.984,1.0,0.00,0.016,—,1.790
trio-no-tank,naked,50,2,solo,180,200,1.000,0.000,0.000,1.000,0.0,0.00,0.000,—,1.800
trio-no-tank,naked,50,2,solo,300,200,1.000,0.000,0.000,1.000,0.0,0.00,0.000,—,1.800
trio-no-tank,naked,50,2,pack,180,200,1.000,0.000,0.000,0.987,0.7,0.00,0.013,—,1.792
trio-no-tank,naked,50,2,pack,300,200,1.000,0.000,0.000,0.988,0.7,0.00,0.012,—,1.793
trio-no-tank,naked,50,2,boss,180,200,1.000,0.000,0.000,0.972,2.0,0.00,0.028,—,1.783
trio-no-tank,naked,50,2,boss,300,200,1.000,0.000,0.000,0.971,2.1,0.00,0.029,—,1.783
trio-no-tank,naked,50,3,solo,180,200,1.000,0.000,0.000,1.000,0.0,0.00,0.000,—,1.800
trio-no-tank,naked,50,3,solo,300,200,1.000,0.000,0.000,1.000,0.0,0.00,0.000,—,1.800
trio-no-tank,naked,50,3,pack,180,200,1.000,0.000,0.000,0.943,1.6,0.00,0.057,—,1.766
trio-no-tank,naked,50,3,pack,300,200,1.000,0.000,0.000,0.941,1.6,0.00,0.059,—,1.765
trio-no-tank,naked,50,3,boss,180,200,1.000,0.000,0.000,0.923,3.5,0.00,0.077,—,1.754
trio-no-tank,naked,50,3,boss,300,200,1.000,0.000,0.000,0.929,3.5,0.00,0.071,—,1.758
trio-no-tank,naked,50,4,solo,180,200,1.000,0.000,0.000,0.983,0.3,0.00,0.017,—,1.790
trio-no-tank,naked,50,4,solo,300,200,1.000,0.000,0.000,0.984,0.3,0.00,0.016,—,1.791
trio-no-tank,naked,50,4,pack,180,200,1.000,0.000,0.000,0.864,3.4,0.00,0.136,—,1.718
trio-no-tank,naked,50,4,pack,300,200,1.000,0.000,0.000,0.870,3.5,0.01,0.130,—,1.722
trio-no-tank,naked,50,4,boss,180,200,1.000,0.000,0.000,0.915,7.4,0.00,0.085,—,1.749
trio-no-tank,naked,50,4,boss,300,200,1.000,0.000,0.000,0.920,7.4,0.00,0.080,—,1.752
trio-no-tank,naked,50,5,solo,180,200,1.000,0.000,0.000,0.887,1.9,0.00,0.113,—,1.732
trio-no-tank,naked,50,5,solo,300,200,1.000,0.000,0.000,0.888,1.9,0.00,0.112,—,1.733
trio-no-tank,naked,50,5,pack,180,200,0.590,0.085,0.325,0.691,11.4,1.55,0.568,—,0.952
trio-no-tank,naked,50,5,pack,300,200,0.600,0.105,0.295,0.706,11.3,1.50,0.546,—,0.974
trio-no-tank,naked,50,5,boss,180,200,0.255,0.000,0.745,0.581,18.9,2.49,0.852,—,0.395
trio-no-tank,naked,50,5,boss,300,200,0.300,0.000,0.700,0.553,19.1,2.42,0.834,—,0.460
trio-no-tank,naked,50,6,solo,180,200,1.000,0.000,0.000,0.690,6.0,0.34,0.310,—,1.614
trio-no-tank,naked,50,6,solo,300,200,1.000,0.000,0.000,0.688,6.1,0.40,0.312,—,1.613
trio-no-tank,naked,50,6,pack,180,200,0.000,0.000,1.000,—,—,3.00,1.000,—,0.000
trio-no-tank,naked,50,6,pack,300,200,0.000,0.000,1.000,—,—,3.00,1.000,—,0.000
trio-no-tank,naked,50,6,boss,180,200,0.000,0.000,1.000,—,—,3.00,1.000,—,0.000
trio-no-tank,naked,50,6,boss,300,200,0.000,0.000,1.000,—,—,3.00,1.000,—,0.000
trio-no-tank,naked,50,7,solo,180,200,0.000,0.000,1.000,—,—,3.00,1.000,—,0.000
trio-no-tank,naked,50,7,solo,300,200,0.000,0.000,1.000,—,—,3.00,1.000,—,0.000
trio-no-tank,naked,50,7,pack,180,200,0.000,0.000,1.000,—,—,3.00,1.000,—,0.000
trio-no-tank,naked,50,7,pack,300,200,0.000,0.000,1.000,—,—,3.00,1.000,—,0.000
trio-no-tank,naked,50,7,boss,180,200,0.000,0.000,1.000,—,—,3.00,1.000,—,0.000
trio-no-tank,naked,50,7,boss,300,200,0.000,0.000,1.000,—,—,3.00,1.000,—,0.000
trio-no-tank,naked,50,8,solo,180,200,0.000,0.000,1.000,—,—,3.00,1.000,—,0.000
trio-no-tank,naked,50,8,solo,300,200,0.000,0.000,1.000,—,—,3.00,1.000,—,0.000
trio-no-tank,naked,50,8,pack,180,200,0.000,0.000,1.000,—,—,3.00,1.000,—,0.000
trio-no-tank,naked,50,8,pack,300,200,0.000,0.000,1.000,—,—,3.00,1.000,—,0.000
trio-no-tank,naked,50,8,boss,180,200,0.000,0.000,1.000,—,—,3.00,1.000,—,0.000
trio-no-tank,naked,50,8,boss,300,200,0.000,0.000,1.000,—,—,3.00,1.000,—,0.000
trio-no-tank,geared,1,1,solo,180,200,1.000,0.000,0.000,0.985,1.1,0.00,0.015,—,1.499
trio-no-tank,geared,1,1,solo,300,200,1.000,0.000,0.000,0.986,1.0,0.00,0.014,—,1.499
trio-no-tank,geared,1,1,pack,180,200,1.000,0.000,0.000,0.981,10.0,0.00,0.019,—,1.496
trio-no-tank,geared,1,1,pack,300,200,1.000,0.000,0.000,0.979,9.8,0.00,0.021,—,1.495
trio-no-tank,geared,1,1,boss,180,200,1.000,0.000,0.000,0.924,21.3,0.00,0.076,—,1.468
trio-no-tank,geared,1,1,boss,300,200,1.000,0.000,0.000,0.920,21.2,0.00,0.080,—,1.466
trio-no-tank,geared,1,2,solo,180,200,1.000,0.000,0.000,0.969,4.6,0.00,0.031,—,1.491
trio-no-tank,geared,1,2,solo,300,200,1.000,0.000,0.000,0.975,4.7,0.00,0.025,—,1.493
trio-no-tank,geared,1,2,pack,180,200,0.745,0.050,0.205,0.696,32.0,1.35,0.470,—,1.008
trio-no-tank,geared,1,2,pack,300,200,0.650,0.040,0.310,0.696,32.1,1.58,0.535,—,0.880
trio-no-tank,geared,1,2,boss,180,200,0.625,0.025,0.350,0.693,48.2,1.43,0.566,—,0.845
trio-no-tank,geared,1,2,boss,300,200,0.775,0.015,0.210,0.739,46.1,0.97,0.427,—,1.065
trio-no-tank,geared,1,3,solo,180,200,1.000,0.000,0.000,0.832,11.1,0.02,0.168,—,1.422
trio-no-tank,geared,1,3,solo,300,200,1.000,0.000,0.000,0.830,11.0,0.06,0.170,—,1.421
trio-no-tank,geared,1,3,pack,180,200,0.000,0.000,1.000,—,—,3.00,1.000,—,0.000
trio-no-tank,geared,1,3,pack,300,200,0.000,0.000,1.000,—,—,3.00,1.000,—,0.000
trio-no-tank,geared,1,3,boss,180,200,0.000,0.000,1.000,—,—,3.00,1.000,—,0.000
trio-no-tank,geared,1,3,boss,300,200,0.000,0.000,1.000,—,—,3.00,1.000,—,0.000
trio-no-tank,geared,1,4,solo,180,200,0.000,0.000,1.000,—,—,3.00,1.000,—,0.000
trio-no-tank,geared,1,4,solo,300,200,0.000,0.000,1.000,—,—,3.00,1.000,—,0.000
trio-no-tank,geared,1,4,pack,180,200,0.000,0.000,1.000,—,—,3.00,1.000,—,0.000
trio-no-tank,geared,1,4,pack,300,200,0.000,0.000,1.000,—,—,3.00,1.000,—,0.000
trio-no-tank,geared,1,4,boss,180,200,0.000,0.000,1.000,—,—,3.00,1.000,—,0.000
trio-no-tank,geared,1,4,boss,300,200,0.000,0.000,1.000,—,—,3.00,1.000,—,0.000
trio-no-tank,geared,1,5,solo,180,200,0.000,0.000,1.000,—,—,3.00,1.000,—,0.000
trio-no-tank,geared,1,5,solo,300,200,0.000,0.000,1.000,—,—,3.00,1.000,—,0.000
trio-no-tank,geared,1,5,pack,180,200,0.000,0.000,1.000,—,—,3.00,1.000,—,0.000
trio-no-tank,geared,1,5,pack,300,200,0.000,0.000,1.000,—,—,3.00,1.000,—,0.000
trio-no-tank,geared,1,5,boss,180,200,0.000,0.000,1.000,—,—,3.00,1.000,—,0.000
trio-no-tank,geared,1,5,boss,300,200,0.000,0.000,1.000,—,—,3.00,1.000,—,0.000
trio-no-tank,geared,1,6,solo,180,200,0.000,0.000,1.000,—,—,3.00,1.000,—,0.000
trio-no-tank,geared,1,6,solo,300,200,0.000,0.000,1.000,—,—,3.00,1.000,—,0.000
trio-no-tank,geared,1,6,pack,180,200,0.000,0.000,1.000,—,—,3.00,1.000,—,0.000
trio-no-tank,geared,1,6,pack,300,200,0.000,0.000,1.000,—,—,3.00,1.000,—,0.000
trio-no-tank,geared,1,6,boss,180,200,0.000,0.000,1.000,—,—,3.00,1.000,—,0.000
trio-no-tank,geared,1,6,boss,300,200,0.000,0.000,1.000,—,—,3.00,1.000,—,0.000
trio-no-tank,geared,1,7,solo,180,200,0.000,0.000,1.000,—,—,3.00,1.000,—,0.000
trio-no-tank,geared,1,7,solo,300,200,0.000,0.000,1.000,—,—,3.00,1.000,—,0.000
trio-no-tank,geared,1,7,pack,180,200,0.000,0.000,1.000,—,—,3.00,1.000,—,0.000
trio-no-tank,geared,1,7,pack,300,200,0.000,0.000,1.000,—,—,3.00,1.000,—,0.000
trio-no-tank,geared,1,7,boss,180,200,0.000,0.000,1.000,—,—,3.00,1.000,—,0.000
trio-no-tank,geared,1,7,boss,300,200,0.000,0.000,1.000,—,—,3.00,1.000,—,0.000
trio-no-tank,geared,1,8,solo,180,200,0.000,0.000,1.000,—,—,3.00,1.000,—,0.000
trio-no-tank,geared,1,8,solo,300,200,0.000,0.000,1.000,—,—,3.00,1.000,—,0.000
trio-no-tank,geared,1,8,pack,180,200,0.000,0.000,1.000,—,—,3.00,1.000,—,0.000
trio-no-tank,geared,1,8,pack,300,200,0.000,0.000,1.000,—,—,3.00,1.000,—,0.000
trio-no-tank,geared,1,8,boss,180,200,0.000,0.000,1.000,—,—,3.00,1.000,—,0.000
trio-no-tank,geared,1,8,boss,300,200,0.000,0.000,1.000,—,—,3.00,1.000,—,0.000
trio-no-tank,geared,5,1,solo,180,200,1.000,0.000,0.000,1.000,0.0,0.00,0.000,—,1.530
trio-no-tank,geared,5,1,solo,300,200,1.000,0.000,0.000,1.000,0.0,0.00,0.000,—,1.530
trio-no-tank,geared,5,1,pack,180,200,1.000,0.000,0.000,0.939,4.1,0.00,0.061,—,1.499
trio-no-tank,geared,5,1,pack,300,200,1.000,0.000,0.000,0.940,4.1,0.00,0.060,—,1.500
trio-no-tank,geared,5,1,boss,180,200,1.000,0.000,0.000,0.961,8.4,0.00,0.039,—,1.510
trio-no-tank,geared,5,1,boss,300,200,1.000,0.000,0.000,0.968,8.4,0.00,0.032,—,1.513
trio-no-tank,geared,5,2,solo,180,200,1.000,0.000,0.000,0.957,1.7,0.00,0.043,—,1.508
trio-no-tank,geared,5,2,solo,300,200,1.000,0.000,0.000,0.959,1.7,0.00,0.041,—,1.509
trio-no-tank,geared,5,2,pack,180,200,1.000,0.000,0.000,0.964,9.5,0.00,0.036,—,1.512
trio-no-tank,geared,5,2,pack,300,200,1.000,0.000,0.000,0.969,9.3,0.00,0.031,—,1.514
trio-no-tank,geared,5,2,boss,180,200,1.000,0.000,0.000,0.933,18.6,0.00,0.067,—,1.496
trio-no-tank,geared,5,2,boss,300,200,1.000,0.000,0.000,0.944,18.6,0.00,0.056,—,1.502
trio-no-tank,geared,5,3,solo,180,200,1.000,0.000,0.000,0.976,4.4,0.00,0.024,—,1.518
trio-no-tank,geared,5,3,solo,300,200,1.000,0.000,0.000,0.978,4.3,0.00,0.022,—,1.519
trio-no-tank,geared,5,3,pack,180,200,0.125,0.010,0.865,0.656,27.8,2.71,0.916,—,0.169
trio-no-tank,geared,5,3,pack,300,200,0.155,0.015,0.830,0.659,28.6,2.67,0.893,—,0.210
trio-no-tank,geared,5,3,boss,180,200,0.050,0.000,0.950,0.564,50.6,2.90,0.972,—,0.065
trio-no-tank,geared,5,3,boss,300,200,0.085,0.000,0.915,0.520,54.1,2.82,0.956,—,0.109
trio-no-tank,geared,5,4,solo,180,200,0.620,0.000,0.380,0.673,12.2,1.50,0.583,—,0.845
trio-no-tank,geared,5,4,solo,300,200,0.635,0.000,0.365,0.706,12.0,1.41,0.551,—,0.876
trio-no-tank,geared,5,4,pack,180,200,0.000,0.000,1.000,—,—,3.00,1.000,—,0.000
trio-no-tank,geared,5,4,pack,300,200,0.000,0.000,1.000,—,—,3.00,1.000,—,0.000
trio-no-tank,geared,5,4,boss,180,200,0.000,0.000,1.000,—,—,3.00,1.000,—,0.000
trio-no-tank,geared,5,4,boss,300,200,0.000,0.000,1.000,—,—,3.00,1.000,—,0.000
trio-no-tank,geared,5,5,solo,180,200,0.000,0.000,1.000,—,—,3.00,1.000,—,0.000
trio-no-tank,geared,5,5,solo,300,200,0.000,0.000,1.000,—,—,3.00,1.000,—,0.000
trio-no-tank,geared,5,5,pack,180,200,0.000,0.000,1.000,—,—,3.00,1.000,—,0.000
trio-no-tank,geared,5,5,pack,300,200,0.000,0.000,1.000,—,—,3.00,1.000,—,0.000
trio-no-tank,geared,5,5,boss,180,200,0.000,0.000,1.000,—,—,3.00,1.000,—,0.000
trio-no-tank,geared,5,5,boss,300,200,0.000,0.000,1.000,—,—,3.00,1.000,—,0.000
trio-no-tank,geared,5,6,solo,180,200,0.000,0.000,1.000,—,—,3.00,1.000,—,0.000
trio-no-tank,geared,5,6,solo,300,200,0.000,0.000,1.000,—,—,3.00,1.000,—,0.000
trio-no-tank,geared,5,6,pack,180,200,0.000,0.000,1.000,—,—,3.00,1.000,—,0.000
trio-no-tank,geared,5,6,pack,300,200,0.000,0.000,1.000,—,—,3.00,1.000,—,0.000
trio-no-tank,geared,5,6,boss,180,200,0.000,0.000,1.000,—,—,3.00,1.000,—,0.000
trio-no-tank,geared,5,6,boss,300,200,0.000,0.000,1.000,—,—,3.00,1.000,—,0.000
trio-no-tank,geared,5,7,solo,180,200,0.000,0.000,1.000,—,—,3.00,1.000,—,0.000
trio-no-tank,geared,5,7,solo,300,200,0.000,0.000,1.000,—,—,3.00,1.000,—,0.000
trio-no-tank,geared,5,7,pack,180,200,0.000,0.000,1.000,—,—,3.00,1.000,—,0.000
trio-no-tank,geared,5,7,pack,300,200,0.000,0.000,1.000,—,—,3.00,1.000,—,0.000
trio-no-tank,geared,5,7,boss,180,200,0.000,0.000,1.000,—,—,3.00,1.000,—,0.000
trio-no-tank,geared,5,7,boss,300,200,0.000,0.000,1.000,—,—,3.00,1.000,—,0.000
trio-no-tank,geared,5,8,solo,180,200,0.000,0.000,1.000,—,—,3.00,1.000,—,0.000
trio-no-tank,geared,5,8,solo,300,200,0.000,0.000,1.000,—,—,3.00,1.000,—,0.000
trio-no-tank,geared,5,8,pack,180,200,0.000,0.000,1.000,—,—,3.00,1.000,—,0.000
trio-no-tank,geared,5,8,pack,300,200,0.000,0.000,1.000,—,—,3.00,1.000,—,0.000
trio-no-tank,geared,5,8,boss,180,200,0.000,0.000,1.000,—,—,3.00,1.000,—,0.000
trio-no-tank,geared,5,8,boss,300,200,0.000,0.000,1.000,—,—,3.00,1.000,—,0.000
trio-no-tank,geared,10,1,solo,180,200,1.000,0.000,0.000,1.000,0.0,0.00,0.000,—,1.560
trio-no-tank,geared,10,1,solo,300,200,1.000,0.000,0.000,1.000,0.0,0.00,0.000,—,1.560
trio-no-tank,geared,10,1,pack,180,200,1.000,0.000,0.000,0.946,2.9,0.00,0.054,—,1.532
trio-no-tank,geared,10,1,pack,300,200,1.000,0.000,0.000,0.948,2.9,0.00,0.052,—,1.533
trio-no-tank,geared,10,1,boss,180,200,1.000,0.000,0.000,0.936,4.5,0.00,0.064,—,1.527
trio-no-tank,geared,10,1,boss,300,200,1.000,0.000,0.000,0.936,4.4,0.00,0.064,—,1.526
trio-no-tank,geared,10,2,solo,180,200,1.000,0.000,0.000,1.000,0.0,0.00,0.000,—,1.560
trio-no-tank,geared,10,2,solo,300,200,1.000,0.000,0.000,1.000,0.0,0.00,0.000,—,1.560
trio-no-tank,geared,10,2,pack,180,200,1.000,0.000,0.000,0.959,4.6,0.00,0.041,—,1.538
trio-no-tank,geared,10,2,pack,300,200,1.000,0.000,0.000,0.965,4.7,0.00,0.035,—,1.542
trio-no-tank,geared,10,2,boss,180,200,1.000,0.000,0.000,0.967,8.9,0.00,0.033,—,1.543
trio-no-tank,geared,10,2,boss,300,200,1.000,0.000,0.000,0.967,8.8,0.00,0.033,—,1.543
trio-no-tank,geared,10,3,solo,180,200,1.000,0.000,0.000,0.930,1.8,0.00,0.070,—,1.523
trio-no-tank,geared,10,3,solo,300,200,1.000,0.000,0.000,0.930,1.8,0.00,0.070,—,1.524
trio-no-tank,geared,10,3,pack,180,200,1.000,0.000,0.000,0.716,13.6,0.76,0.284,—,1.412
trio-no-tank,geared,10,3,pack,300,200,1.000,0.000,0.000,0.734,13.1,0.71,0.266,—,1.421
trio-no-tank,geared,10,3,boss,180,200,1.000,0.000,0.000,0.912,19.1,0.03,0.088,—,1.514
trio-no-tank,geared,10,3,boss,300,200,0.995,0.000,0.005,0.925,18.6,0.04,0.080,—,1.513
trio-no-tank,geared,10,4,solo,180,200,1.000,0.000,0.000,0.917,5.2,0.00,0.083,—,1.517
trio-no-tank,geared,10,4,solo,300,200,1.000,0.000,0.000,0.900,5.1,0.01,0.100,—,1.508
trio-no-tank,geared,10,4,pack,180,200,0.010,0.000,0.990,0.728,23.9,2.98,0.993,—,0.014
trio-no-tank,geared,10,4,pack,300,200,0.000,0.000,1.000,—,—,3.00,1.000,—,0.000
trio-no-tank,geared,10,4,boss,180,200,0.000,0.000,1.000,—,—,3.00,1.000,—,0.000
trio-no-tank,geared,10,4,boss,300,200,0.000,0.000,1.000,—,—,3.00,1.000,—,0.000
trio-no-tank,geared,10,5,solo,180,200,0.700,0.000,0.300,0.612,13.4,1.22,0.572,—,0.951
trio-no-tank,geared,10,5,solo,300,200,0.685,0.000,0.315,0.591,13.4,1.32,0.595,—,0.923
trio-no-tank,geared,10,5,pack,180,200,0.000,0.000,1.000,—,—,3.00,1.000,—,0.000
trio-no-tank,geared,10,5,pack,300,200,0.000,0.000,1.000,—,—,3.00,1.000,—,0.000
trio-no-tank,geared,10,5,boss,180,200,0.000,0.000,1.000,—,—,3.00,1.000,—,0.000
trio-no-tank,geared,10,5,boss,300,200,0.000,0.000,1.000,—,—,3.00,1.000,—,0.000
trio-no-tank,geared,10,6,solo,180,200,0.000,0.000,1.000,—,—,3.00,1.000,—,0.000
trio-no-tank,geared,10,6,solo,300,200,0.000,0.000,1.000,—,—,3.00,1.000,—,0.000
trio-no-tank,geared,10,6,pack,180,200,0.000,0.000,1.000,—,—,3.00,1.000,—,0.000
trio-no-tank,geared,10,6,pack,300,200,0.000,0.000,1.000,—,—,3.00,1.000,—,0.000
trio-no-tank,geared,10,6,boss,180,200,0.000,0.000,1.000,—,—,3.00,1.000,—,0.000
trio-no-tank,geared,10,6,boss,300,200,0.000,0.000,1.000,—,—,3.00,1.000,—,0.000
trio-no-tank,geared,10,7,solo,180,200,0.000,0.000,1.000,—,—,3.00,1.000,—,0.000
trio-no-tank,geared,10,7,solo,300,200,0.000,0.000,1.000,—,—,3.00,1.000,—,0.000
trio-no-tank,geared,10,7,pack,180,200,0.000,0.000,1.000,—,—,3.00,1.000,—,0.000
trio-no-tank,geared,10,7,pack,300,200,0.000,0.000,1.000,—,—,3.00,1.000,—,0.000
trio-no-tank,geared,10,7,boss,180,200,0.000,0.000,1.000,—,—,3.00,1.000,—,0.000
trio-no-tank,geared,10,7,boss,300,200,0.000,0.000,1.000,—,—,3.00,1.000,—,0.000
trio-no-tank,geared,10,8,solo,180,200,0.000,0.000,1.000,—,—,3.00,1.000,—,0.000
trio-no-tank,geared,10,8,solo,300,200,0.000,0.000,1.000,—,—,3.00,1.000,—,0.000
trio-no-tank,geared,10,8,pack,180,200,0.000,0.000,1.000,—,—,3.00,1.000,—,0.000
trio-no-tank,geared,10,8,pack,300,200,0.000,0.000,1.000,—,—,3.00,1.000,—,0.000
trio-no-tank,geared,10,8,boss,180,200,0.000,0.000,1.000,—,—,3.00,1.000,—,0.000
trio-no-tank,geared,10,8,boss,300,200,0.000,0.000,1.000,—,—,3.00,1.000,—,0.000
trio-no-tank,geared,20,1,solo,180,200,1.000,0.000,0.000,1.000,0.0,0.00,0.000,—,1.620
trio-no-tank,geared,20,1,solo,300,200,1.000,0.000,0.000,1.000,0.0,0.00,0.000,—,1.620
trio-no-tank,geared,20,1,pack,180,200,1.000,0.000,0.000,0.997,0.3,0.00,0.003,—,1.618
trio-no-tank,geared,20,1,pack,300,200,1.000,0.000,0.000,0.997,0.2,0.00,0.003,—,1.619
trio-no-tank,geared,20,1,boss,180,200,1.000,0.000,0.000,0.978,2.5,0.00,0.022,—,1.608
trio-no-tank,geared,20,1,boss,300,200,1.000,0.000,0.000,0.978,2.5,0.00,0.022,—,1.608
trio-no-tank,geared,20,2,solo,180,200,1.000,0.000,0.000,1.000,0.0,0.00,0.000,—,1.620
trio-no-tank,geared,20,2,solo,300,200,1.000,0.000,0.000,1.000,0.0,0.00,0.000,—,1.620
trio-no-tank,geared,20,2,pack,180,200,1.000,0.000,0.000,0.951,2.2,0.00,0.049,—,1.593
trio-no-tank,geared,20,2,pack,300,200,1.000,0.000,0.000,0.952,2.3,0.00,0.048,—,1.594
trio-no-tank,geared,20,2,boss,180,200,1.000,0.000,0.000,0.932,4.1,0.00,0.068,—,1.583
trio-no-tank,geared,20,2,boss,300,200,1.000,0.000,0.000,0.928,4.0,0.00,0.072,—,1.581
trio-no-tank,geared,20,3,solo,180,200,1.000,0.000,0.000,1.000,0.0,0.00,0.000,—,1.620
trio-no-tank,geared,20,3,solo,300,200,1.000,0.000,0.000,1.000,0.0,0.00,0.000,—,1.620
trio-no-tank,geared,20,3,pack,180,200,1.000,0.000,0.000,0.981,4.0,0.00,0.019,—,1.610
trio-no-tank,geared,20,3,pack,300,200,1.000,0.000,0.000,0.980,3.9,0.00,0.020,—,1.609
trio-no-tank,geared,20,3,boss,180,200,1.000,0.000,0.000,0.941,8.3,0.00,0.059,—,1.588
trio-no-tank,geared,20,3,boss,300,200,1.000,0.000,0.000,0.949,8.3,0.00,0.051,—,1.593
trio-no-tank,geared,20,4,solo,180,200,1.000,0.000,0.000,0.913,1.7,0.00,0.087,—,1.573
trio-no-tank,geared,20,4,solo,300,200,1.000,0.000,0.000,0.914,1.7,0.00,0.086,—,1.574
trio-no-tank,geared,20,4,pack,180,200,1.000,0.000,0.000,0.746,11.9,0.68,0.254,—,1.483
trio-no-tank,geared,20,4,pack,300,200,1.000,0.000,0.000,0.737,11.9,0.71,0.263,—,1.478
trio-no-tank,geared,20,4,boss,180,200,0.615,0.000,0.385,0.739,23.6,1.46,0.546,—,0.910
trio-no-tank,geared,20,4,boss,300,200,0.635,0.000,0.365,0.763,22.8,1.39,0.516,—,0.947
trio-no-tank,geared,20,5,solo,180,200,1.000,0.000,0.000,0.817,5.3,0.23,0.183,—,1.521
trio-no-tank,geared,20,5,solo,300,200,1.000,0.000,0.000,0.820,5.2,0.27,0.180,—,1.523
trio-no-tank,geared,20,5,pack,180,200,0.000,0.000,1.000,—,—,3.00,1.000,—,0.000
trio-no-tank,geared,20,5,pack,300,200,0.000,0.000,1.000,—,—,3.00,1.000,—,0.000
trio-no-tank,geared,20,5,boss,180,200,0.000,0.000,1.000,—,—,3.00,1.000,—,0.000
trio-no-tank,geared,20,5,boss,300,200,0.000,0.000,1.000,—,—,3.00,1.000,—,0.000
trio-no-tank,geared,20,6,solo,180,200,0.200,0.000,0.800,0.625,15.6,2.56,0.875,—,0.283
trio-no-tank,geared,20,6,solo,300,200,0.190,0.000,0.810,0.609,15.4,2.59,0.884,—,0.268
trio-no-tank,geared,20,6,pack,180,200,0.000,0.000,1.000,—,—,3.00,1.000,—,0.000
trio-no-tank,geared,20,6,pack,300,200,0.000,0.000,1.000,—,—,3.00,1.000,—,0.000
trio-no-tank,geared,20,6,boss,180,200,0.000,0.000,1.000,—,—,3.00,1.000,—,0.000
trio-no-tank,geared,20,6,boss,300,200,0.000,0.000,1.000,—,—,3.00,1.000,—,0.000
trio-no-tank,geared,20,7,solo,180,200,0.000,0.000,1.000,—,—,3.00,1.000,—,0.000
trio-no-tank,geared,20,7,solo,300,200,0.000,0.000,1.000,—,—,3.00,1.000,—,0.000
trio-no-tank,geared,20,7,pack,180,200,0.000,0.000,1.000,—,—,3.00,1.000,—,0.000
trio-no-tank,geared,20,7,pack,300,200,0.000,0.000,1.000,—,—,3.00,1.000,—,0.000
trio-no-tank,geared,20,7,boss,180,200,0.000,0.000,1.000,—,—,3.00,1.000,—,0.000
trio-no-tank,geared,20,7,boss,300,200,0.000,0.000,1.000,—,—,3.00,1.000,—,0.000
trio-no-tank,geared,20,8,solo,180,200,0.000,0.000,1.000,—,—,3.00,1.000,—,0.000
trio-no-tank,geared,20,8,solo,300,200,0.000,0.000,1.000,—,—,3.00,1.000,—,0.000
trio-no-tank,geared,20,8,pack,180,200,0.000,0.000,1.000,—,—,3.00,1.000,—,0.000
trio-no-tank,geared,20,8,pack,300,200,0.000,0.000,1.000,—,—,3.00,1.000,—,0.000
trio-no-tank,geared,20,8,boss,180,200,0.000,0.000,1.000,—,—,3.00,1.000,—,0.000
trio-no-tank,geared,20,8,boss,300,200,0.000,0.000,1.000,—,—,3.00,1.000,—,0.000
trio-no-tank,geared,35,1,solo,180,200,1.000,0.000,0.000,1.000,0.0,0.00,0.000,—,1.710
trio-no-tank,geared,35,1,solo,300,200,1.000,0.000,0.000,1.000,0.0,0.00,0.000,—,1.710
trio-no-tank,geared,35,1,pack,180,200,1.000,0.000,0.000,1.000,0.0,0.00,0.000,—,1.710
trio-no-tank,geared,35,1,pack,300,200,1.000,0.000,0.000,1.000,0.0,0.00,0.000,—,1.710
trio-no-tank,geared,35,1,boss,180,200,1.000,0.000,0.000,0.985,1.2,0.00,0.015,—,1.701
trio-no-tank,geared,35,1,boss,300,200,1.000,0.000,0.000,0.986,1.2,0.00,0.014,—,1.702
trio-no-tank,geared,35,2,solo,180,200,1.000,0.000,0.000,1.000,0.0,0.00,0.000,—,1.710
trio-no-tank,geared,35,2,solo,300,200,1.000,0.000,0.000,1.000,0.0,0.00,0.000,—,1.710
trio-no-tank,geared,35,2,pack,180,200,1.000,0.000,0.000,0.987,0.8,0.00,0.013,—,1.703
trio-no-tank,geared,35,2,pack,300,200,1.000,0.000,0.000,0.987,0.8,0.00,0.013,—,1.702
trio-no-tank,geared,35,2,boss,180,200,1.000,0.000,0.000,0.973,2.3,0.00,0.027,—,1.694
trio-no-tank,geared,35,2,boss,300,200,1.000,0.000,0.000,0.974,2.3,0.00,0.026,—,1.695
trio-no-tank,geared,35,3,solo,180,200,1.000,0.000,0.000,1.000,0.0,0.00,0.000,—,1.710
trio-no-tank,geared,35,3,solo,300,200,1.000,0.000,0.000,1.000,0.0,0.00,0.000,—,1.710
trio-no-tank,geared,35,3,pack,180,200,1.000,0.000,0.000,0.942,1.9,0.00,0.058,—,1.677
trio-no-tank,geared,35,3,pack,300,200,1.000,0.000,0.000,0.942,1.9,0.00,0.058,—,1.677
trio-no-tank,geared,35,3,boss,180,200,1.000,0.000,0.000,0.931,3.8,0.00,0.069,—,1.670
trio-no-tank,geared,35,3,boss,300,200,1.000,0.000,0.000,0.937,3.9,0.00,0.063,—,1.674
trio-no-tank,geared,35,4,solo,180,200,1.000,0.000,0.000,0.984,0.3,0.00,0.016,—,1.701
trio-no-tank,geared,35,4,solo,300,200,1.000,0.000,0.000,0.987,0.3,0.00,0.013,—,1.703
trio-no-tank,geared,35,4,pack,180,200,1.000,0.000,0.000,0.882,3.8,0.00,0.118,—,1.643
trio-no-tank,geared,35,4,pack,300,200,1.000,0.000,0.000,0.886,3.9,0.01,0.114,—,1.645
trio-no-tank,geared,35,4,boss,180,200,1.000,0.000,0.000,0.921,8.3,0.00,0.079,—,1.665
trio-no-tank,geared,35,4,boss,300,200,1.000,0.000,0.000,0.922,8.3,0.00,0.078,—,1.665
trio-no-tank,geared,35,5,solo,180,200,1.000,0.000,0.000,0.890,2.1,0.00,0.110,—,1.648
trio-no-tank,geared,35,5,solo,300,200,1.000,0.000,0.000,0.892,2.0,0.00,0.108,—,1.648
trio-no-tank,geared,35,5,pack,180,200,0.525,0.230,0.245,0.693,11.9,1.56,0.596,—,0.806
trio-no-tank,geared,35,5,pack,300,200,0.555,0.195,0.250,0.696,12.6,1.55,0.557,—,0.853
trio-no-tank,geared,35,5,boss,180,200,0.270,0.000,0.730,0.546,21.4,2.46,0.852,—,0.392
trio-no-tank,geared,35,5,boss,300,200,0.235,0.000,0.765,0.518,22.2,2.54,0.878,—,0.337
trio-no-tank,geared,35,6,solo,180,200,1.000,0.000,0.000,0.712,6.7,0.29,0.288,—,1.546
trio-no-tank,geared,35,6,solo,300,200,1.000,0.000,0.000,0.690,6.9,0.34,0.310,—,1.533
trio-no-tank,geared,35,6,pack,180,200,0.000,0.000,1.000,—,—,3.00,1.000,—,0.000
trio-no-tank,geared,35,6,pack,300,200,0.000,0.000,1.000,—,—,3.00,1.000,—,0.000
trio-no-tank,geared,35,6,boss,180,200,0.000,0.000,1.000,—,—,3.00,1.000,—,0.000
trio-no-tank,geared,35,6,boss,300,200,0.000,0.000,1.000,—,—,3.00,1.000,—,0.000
trio-no-tank,geared,35,7,solo,180,200,0.000,0.000,1.000,—,—,3.00,1.000,—,0.000
trio-no-tank,geared,35,7,solo,300,200,0.000,0.000,1.000,—,—,3.00,1.000,—,0.000
trio-no-tank,geared,35,7,pack,180,200,0.000,0.000,1.000,—,—,3.00,1.000,—,0.000
trio-no-tank,geared,35,7,pack,300,200,0.000,0.000,1.000,—,—,3.00,1.000,—,0.000
trio-no-tank,geared,35,7,boss,180,200,0.000,0.000,1.000,—,—,3.00,1.000,—,0.000
trio-no-tank,geared,35,7,boss,300,200,0.000,0.000,1.000,—,—,3.00,1.000,—,0.000
trio-no-tank,geared,35,8,solo,180,200,0.000,0.000,1.000,—,—,3.00,1.000,—,0.000
trio-no-tank,geared,35,8,solo,300,200,0.000,0.000,1.000,—,—,3.00,1.000,—,0.000
trio-no-tank,geared,35,8,pack,180,200,0.000,0.000,1.000,—,—,3.00,1.000,—,0.000
trio-no-tank,geared,35,8,pack,300,200,0.000,0.000,1.000,—,—,3.00,1.000,—,0.000
trio-no-tank,geared,35,8,boss,180,200,0.000,0.000,1.000,—,—,3.00,1.000,—,0.000
trio-no-tank,geared,35,8,boss,300,200,0.000,0.000,1.000,—,—,3.00,1.000,—,0.000
trio-no-tank,geared,50,1,solo,180,200,1.000,0.000,0.000,1.000,0.0,0.00,0.000,—,1.800
trio-no-tank,geared,50,1,solo,300,200,1.000,0.000,0.000,1.000,0.0,0.00,0.000,—,1.800
trio-no-tank,geared,50,1,pack,180,200,1.000,0.000,0.000,1.000,0.0,0.00,0.000,—,1.800
trio-no-tank,geared,50,1,pack,300,200,1.000,0.000,0.000,1.000,0.0,0.00,0.000,—,1.800
trio-no-tank,geared,50,1,boss,180,200,1.000,0.000,0.000,0.989,1.0,0.00,0.011,—,1.793
trio-no-tank,geared,50,1,boss,300,200,1.000,0.000,0.000,0.988,1.0,0.00,0.012,—,1.793
trio-no-tank,geared,50,2,solo,180,200,1.000,0.000,0.000,1.000,0.0,0.00,0.000,—,1.800
trio-no-tank,geared,50,2,solo,300,200,1.000,0.000,0.000,1.000,0.0,0.00,0.000,—,1.800
trio-no-tank,geared,50,2,pack,180,200,1.000,0.000,0.000,1.000,0.0,0.00,0.000,—,1.800
trio-no-tank,geared,50,2,pack,300,200,1.000,0.000,0.000,1.000,0.0,0.00,0.000,—,1.800
trio-no-tank,geared,50,2,boss,180,200,1.000,0.000,0.000,0.980,1.3,0.00,0.020,—,1.788
trio-no-tank,geared,50,2,boss,300,200,1.000,0.000,0.000,0.979,1.4,0.00,0.021,—,1.788
trio-no-tank,geared,50,3,solo,180,200,1.000,0.000,0.000,1.000,0.0,0.00,0.000,—,1.800
trio-no-tank,geared,50,3,solo,300,200,1.000,0.000,0.000,1.000,0.0,0.00,0.000,—,1.800
trio-no-tank,geared,50,3,pack,180,200,1.000,0.000,0.000,0.961,1.3,0.00,0.039,—,1.777
trio-no-tank,geared,50,3,pack,300,200,1.000,0.000,0.000,0.963,1.3,0.00,0.037,—,1.778
trio-no-tank,geared,50,3,boss,180,200,1.000,0.000,0.000,0.950,2.5,0.00,0.050,—,1.770
trio-no-tank,geared,50,3,boss,300,200,1.000,0.000,0.000,0.948,2.5,0.00,0.052,—,1.769
trio-no-tank,geared,50,4,solo,180,200,1.000,0.000,0.000,1.000,0.0,0.00,0.000,—,1.800
trio-no-tank,geared,50,4,solo,300,200,1.000,0.000,0.000,1.000,0.0,0.00,0.000,—,1.800
trio-no-tank,geared,50,4,pack,180,200,1.000,0.000,0.000,0.901,2.3,0.00,0.099,—,1.741
trio-no-tank,geared,50,4,pack,300,200,1.000,0.000,0.000,0.902,2.3,0.00,0.098,—,1.741
trio-no-tank,geared,50,4,boss,180,200,1.000,0.000,0.000,0.970,4.8,0.00,0.030,—,1.782
trio-no-tank,geared,50,4,boss,300,200,1.000,0.000,0.000,0.960,4.9,0.00,0.040,—,1.776
trio-no-tank,geared,50,5,solo,180,200,1.000,0.000,0.000,0.923,1.0,0.00,0.077,—,1.754
trio-no-tank,geared,50,5,solo,300,200,1.000,0.000,0.000,0.923,1.0,0.00,0.077,—,1.754
trio-no-tank,geared,50,5,pack,180,200,1.000,0.000,0.000,0.704,6.8,0.66,0.296,—,1.622
trio-no-tank,geared,50,5,pack,300,200,1.000,0.000,0.000,0.719,6.5,0.58,0.281,—,1.632
trio-no-tank,geared,50,5,boss,180,200,0.995,0.000,0.005,0.783,13.5,0.41,0.221,—,1.662
trio-no-tank,geared,50,5,boss,300,200,0.985,0.000,0.015,0.769,13.6,0.45,0.242,—,1.637
trio-no-tank,geared,50,6,solo,180,200,1.000,0.000,0.000,0.783,3.5,0.18,0.217,—,1.670
trio-no-tank,geared,50,6,solo,300,200,1.000,0.000,0.000,0.771,3.5,0.26,0.229,—,1.663
trio-no-tank,geared,50,6,pack,180,200,0.005,0.010,0.985,0.701,20.9,2.98,0.995,—,0.008
trio-no-tank,geared,50,6,pack,300,200,0.000,0.000,1.000,—,—,3.00,1.000,—,0.000
trio-no-tank,geared,50,6,boss,180,200,0.005,0.000,0.995,1.000,26.1,2.98,0.995,—,0.009
trio-no-tank,geared,50,6,boss,300,200,0.000,0.000,1.000,—,—,3.00,1.000,—,0.000
trio-no-tank,geared,50,7,solo,180,200,0.865,0.000,0.135,0.595,10.4,0.49,0.486,—,1.347
trio-no-tank,geared,50,7,solo,300,200,0.830,0.000,0.170,0.596,10.2,0.55,0.505,—,1.293
trio-no-tank,geared,50,7,pack,180,200,0.000,0.000,1.000,—,—,3.00,1.000,—,0.000
trio-no-tank,geared,50,7,pack,300,200,0.000,0.000,1.000,—,—,3.00,1.000,—,0.000
trio-no-tank,geared,50,7,boss,180,200,0.000,0.000,1.000,—,—,3.00,1.000,—,0.000
trio-no-tank,geared,50,7,boss,300,200,0.000,0.000,1.000,—,—,3.00,1.000,—,0.000
trio-no-tank,geared,50,8,solo,180,200,0.000,0.000,1.000,—,—,3.00,1.000,—,0.000
trio-no-tank,geared,50,8,solo,300,200,0.000,0.000,1.000,—,—,3.00,1.000,—,0.000
trio-no-tank,geared,50,8,pack,180,200,0.000,0.000,1.000,—,—,3.00,1.000,—,0.000
trio-no-tank,geared,50,8,pack,300,200,0.000,0.000,1.000,—,—,3.00,1.000,—,0.000
trio-no-tank,geared,50,8,boss,180,200,0.000,0.000,1.000,—,—,3.00,1.000,—,0.000
trio-no-tank,geared,50,8,boss,300,200,0.000,0.000,1.000,—,—,3.00,1.000,—,0.000
trio-no-tank,full-build,1,1,solo,180,200,1.000,0.000,0.000,1.000,0.0,0.00,0.000,—,1.506
trio-no-tank,full-build,1,1,solo,300,200,1.000,0.000,0.000,1.000,0.0,0.00,0.000,—,1.506
trio-no-tank,full-build,1,1,pack,180,200,1.000,0.000,0.000,0.934,6.0,0.00,0.066,—,1.473
trio-no-tank,full-build,1,1,pack,300,200,1.000,0.000,0.000,0.931,6.0,0.00,0.069,—,1.471
trio-no-tank,full-build,1,1,boss,180,200,1.000,0.000,0.000,0.954,12.4,0.00,0.046,—,1.483
trio-no-tank,full-build,1,1,boss,300,200,1.000,0.000,0.000,0.957,12.5,0.00,0.043,—,1.484
trio-no-tank,full-build,1,2,solo,180,200,1.000,0.000,0.000,0.955,2.7,0.00,0.045,—,1.483
trio-no-tank,full-build,1,2,solo,300,200,1.000,0.000,0.000,0.956,2.8,0.00,0.044,—,1.484
trio-no-tank,full-build,1,2,pack,180,200,1.000,0.000,0.000,0.956,13.9,0.00,0.044,—,1.484
trio-no-tank,full-build,1,2,pack,300,200,1.000,0.000,0.000,0.959,14.0,0.00,0.041,—,1.485
trio-no-tank,full-build,1,2,boss,180,200,1.000,0.000,0.000,0.909,27.7,0.00,0.091,—,1.460
trio-no-tank,full-build,1,2,boss,300,200,1.000,0.000,0.000,0.907,27.8,0.00,0.093,—,1.459
trio-no-tank,full-build,1,3,solo,180,200,1.000,0.000,0.000,0.972,6.8,0.00,0.028,—,1.492
trio-no-tank,full-build,1,3,solo,300,200,1.000,0.000,0.000,0.969,6.8,0.00,0.031,—,1.491
trio-no-tank,full-build,1,3,pack,180,200,0.035,0.020,0.945,0.677,39.0,2.90,0.972,—,0.047
trio-no-tank,full-build,1,3,pack,300,200,0.020,0.000,0.980,0.676,39.5,2.96,0.986,—,0.027
trio-no-tank,full-build,1,3,boss,180,200,0.015,0.000,0.985,0.452,74.2,2.96,0.993,—,0.018
trio-no-tank,full-build,1,3,boss,300,200,0.025,0.000,0.975,0.714,56.2,2.93,0.982,—,0.034
trio-no-tank,full-build,1,4,solo,180,200,0.650,0.000,0.350,0.688,18.8,1.43,0.553,—,0.877
trio-no-tank,full-build,1,4,solo,300,200,0.650,0.000,0.350,0.700,18.8,1.38,0.545,—,0.881
trio-no-tank,full-build,1,4,pack,180,200,0.000,0.000,1.000,—,—,3.00,1.000,—,0.000
trio-no-tank,full-build,1,4,pack,300,200,0.000,0.000,1.000,—,—,3.00,1.000,—,0.000
trio-no-tank,full-build,1,4,boss,180,200,0.000,0.000,1.000,—,—,3.00,1.000,—,0.000
trio-no-tank,full-build,1,4,boss,300,200,0.000,0.000,1.000,—,—,3.00,1.000,—,0.000
trio-no-tank,full-build,1,5,solo,180,200,0.000,0.000,1.000,—,—,3.00,1.000,—,0.000
trio-no-tank,full-build,1,5,solo,300,200,0.000,0.000,1.000,—,—,3.00,1.000,—,0.000
trio-no-tank,full-build,1,5,pack,180,200,0.000,0.000,1.000,—,—,3.00,1.000,—,0.000
trio-no-tank,full-build,1,5,pack,300,200,0.000,0.000,1.000,—,—,3.00,1.000,—,0.000
trio-no-tank,full-build,1,5,boss,180,200,0.000,0.000,1.000,—,—,3.00,1.000,—,0.000
trio-no-tank,full-build,1,5,boss,300,200,0.000,0.000,1.000,—,—,3.00,1.000,—,0.000
trio-no-tank,full-build,1,6,solo,180,200,0.000,0.000,1.000,—,—,3.00,1.000,—,0.000
trio-no-tank,full-build,1,6,solo,300,200,0.000,0.000,1.000,—,—,3.00,1.000,—,0.000
trio-no-tank,full-build,1,6,pack,180,200,0.000,0.000,1.000,—,—,3.00,1.000,—,0.000
trio-no-tank,full-build,1,6,pack,300,200,0.000,0.000,1.000,—,—,3.00,1.000,—,0.000
trio-no-tank,full-build,1,6,boss,180,200,0.000,0.000,1.000,—,—,3.00,1.000,—,0.000
trio-no-tank,full-build,1,6,boss,300,200,0.000,0.000,1.000,—,—,3.00,1.000,—,0.000
trio-no-tank,full-build,1,7,solo,180,200,0.000,0.000,1.000,—,—,3.00,1.000,—,0.000
trio-no-tank,full-build,1,7,solo,300,200,0.000,0.000,1.000,—,—,3.00,1.000,—,0.000
trio-no-tank,full-build,1,7,pack,180,200,0.000,0.000,1.000,—,—,3.00,1.000,—,0.000
trio-no-tank,full-build,1,7,pack,300,200,0.000,0.000,1.000,—,—,3.00,1.000,—,0.000
trio-no-tank,full-build,1,7,boss,180,200,0.000,0.000,1.000,—,—,3.00,1.000,—,0.000
trio-no-tank,full-build,1,7,boss,300,200,0.000,0.000,1.000,—,—,3.00,1.000,—,0.000
trio-no-tank,full-build,1,8,solo,180,200,0.000,0.000,1.000,—,—,3.00,1.000,—,0.000
trio-no-tank,full-build,1,8,solo,300,200,0.000,0.000,1.000,—,—,3.00,1.000,—,0.000
trio-no-tank,full-build,1,8,pack,180,200,0.000,0.000,1.000,—,—,3.00,1.000,—,0.000
trio-no-tank,full-build,1,8,pack,300,200,0.000,0.000,1.000,—,—,3.00,1.000,—,0.000
trio-no-tank,full-build,1,8,boss,180,200,0.000,0.000,1.000,—,—,3.00,1.000,—,0.000
trio-no-tank,full-build,1,8,boss,300,200,0.000,0.000,1.000,—,—,3.00,1.000,—,0.000
trio-no-tank,full-build,5,1,solo,180,200,1.000,0.000,0.000,1.000,0.0,0.00,0.000,—,1.530
trio-no-tank,full-build,5,1,solo,300,200,1.000,0.000,0.000,1.000,0.0,0.00,0.000,—,1.530
trio-no-tank,full-build,5,1,pack,180,200,1.000,0.000,0.000,0.951,3.5,0.00,0.049,—,1.505
trio-no-tank,full-build,5,1,pack,300,200,1.000,0.000,0.000,0.953,3.4,0.00,0.047,—,1.506
trio-no-tank,full-build,5,1,boss,180,200,1.000,0.000,0.000,0.925,5.7,0.00,0.075,—,1.492
trio-no-tank,full-build,5,1,boss,300,200,1.000,0.000,0.000,0.926,5.6,0.00,0.074,—,1.492
trio-no-tank,full-build,5,2,solo,180,200,1.000,0.000,0.000,1.000,0.0,0.00,0.000,—,1.530
trio-no-tank,full-build,5,2,solo,300,200,1.000,0.000,0.000,1.000,0.0,0.00,0.000,—,1.530
trio-no-tank,full-build,5,2,pack,180,200,1.000,0.000,0.000,0.957,6.0,0.00,0.043,—,1.508
trio-no-tank,full-build,5,2,pack,300,200,1.000,0.000,0.000,0.959,6.0,0.00,0.041,—,1.509
trio-no-tank,full-build,5,2,boss,180,200,1.000,0.000,0.000,0.943,11.8,0.00,0.057,—,1.501
trio-no-tank,full-build,5,2,boss,300,200,1.000,0.000,0.000,0.946,11.8,0.00,0.054,—,1.502
trio-no-tank,full-build,5,3,solo,180,200,1.000,0.000,0.000,0.939,2.3,0.00,0.061,—,1.499
trio-no-tank,full-build,5,3,solo,300,200,1.000,0.000,0.000,0.940,2.2,0.00,0.060,—,1.499
trio-no-tank,full-build,5,3,pack,180,200,1.000,0.000,0.000,0.768,16.7,0.57,0.232,—,1.412
trio-no-tank,full-build,5,3,pack,300,200,1.000,0.000,0.000,0.776,16.6,0.55,0.224,—,1.416
trio-no-tank,full-build,5,3,boss,180,200,1.000,0.000,0.000,0.814,24.7,0.03,0.186,—,1.435
trio-no-tank,full-build,5,3,boss,300,200,1.000,0.000,0.000,0.817,24.4,0.01,0.183,—,1.437
trio-no-tank,full-build,5,4,solo,180,200,1.000,0.000,0.000,0.853,6.7,0.00,0.147,—,1.455
trio-no-tank,full-build,5,4,solo,300,200,1.000,0.000,0.000,0.863,6.8,0.00,0.137,—,1.460
trio-no-tank,full-build,5,4,pack,180,200,0.000,0.000,1.000,—,—,3.00,1.000,—,0.000
trio-no-tank,full-build,5,4,pack,300,200,0.000,0.000,1.000,—,—,3.00,1.000,—,0.000
trio-no-tank,full-build,5,4,boss,180,200,0.000,0.000,1.000,—,—,3.00,1.000,—,0.000
trio-no-tank,full-build,5,4,boss,300,200,0.000,0.000,1.000,—,—,3.00,1.000,—,0.000
trio-no-tank,full-build,5,5,solo,180,200,0.600,0.000,0.400,0.589,18.0,1.50,0.647,—,0.792
trio-no-tank,full-build,5,5,solo,300,200,0.585,0.000,0.415,0.615,17.5,1.56,0.640,—,0.780
trio-no-tank,full-build,5,5,pack,180,200,0.000,0.000,1.000,—,—,3.00,1.000,—,0.000
trio-no-tank,full-build,5,5,pack,300,200,0.000,0.000,1.000,—,—,3.00,1.000,—,0.000
trio-no-tank,full-build,5,5,boss,180,200,0.000,0.000,1.000,—,—,3.00,1.000,—,0.000
trio-no-tank,full-build,5,5,boss,300,200,0.000,0.000,1.000,—,—,3.00,1.000,—,0.000
trio-no-tank,full-build,5,6,solo,180,200,0.000,0.000,1.000,—,—,3.00,1.000,—,0.000
trio-no-tank,full-build,5,6,solo,300,200,0.000,0.000,1.000,—,—,3.00,1.000,—,0.000
trio-no-tank,full-build,5,6,pack,180,200,0.000,0.000,1.000,—,—,3.00,1.000,—,0.000
trio-no-tank,full-build,5,6,pack,300,200,0.000,0.000,1.000,—,—,3.00,1.000,—,0.000
trio-no-tank,full-build,5,6,boss,180,200,0.000,0.000,1.000,—,—,3.00,1.000,—,0.000
trio-no-tank,full-build,5,6,boss,300,200,0.000,0.000,1.000,—,—,3.00,1.000,—,0.000
trio-no-tank,full-build,5,7,solo,180,200,0.000,0.000,1.000,—,—,3.00,1.000,—,0.000
trio-no-tank,full-build,5,7,solo,300,200,0.000,0.000,1.000,—,—,3.00,1.000,—,0.000
trio-no-tank,full-build,5,7,pack,180,200,0.000,0.000,1.000,—,—,3.00,1.000,—,0.000
trio-no-tank,full-build,5,7,pack,300,200,0.000,0.000,1.000,—,—,3.00,1.000,—,0.000
trio-no-tank,full-build,5,7,boss,180,200,0.000,0.000,1.000,—,—,3.00,1.000,—,0.000
trio-no-tank,full-build,5,7,boss,300,200,0.000,0.000,1.000,—,—,3.00,1.000,—,0.000
trio-no-tank,full-build,5,8,solo,180,200,0.000,0.000,1.000,—,—,3.00,1.000,—,0.000
trio-no-tank,full-build,5,8,solo,300,200,0.000,0.000,1.000,—,—,3.00,1.000,—,0.000
trio-no-tank,full-build,5,8,pack,180,200,0.000,0.000,1.000,—,—,3.00,1.000,—,0.000
trio-no-tank,full-build,5,8,pack,300,200,0.000,0.000,1.000,—,—,3.00,1.000,—,0.000
trio-no-tank,full-build,5,8,boss,180,200,0.000,0.000,1.000,—,—,3.00,1.000,—,0.000
trio-no-tank,full-build,5,8,boss,300,200,0.000,0.000,1.000,—,—,3.00,1.000,—,0.000
trio-no-tank,full-build,10,1,solo,180,200,1.000,0.000,0.000,1.000,0.0,0.00,0.000,—,1.560
trio-no-tank,full-build,10,1,solo,300,200,1.000,0.000,0.000,1.000,0.0,0.00,0.000,—,1.560
trio-no-tank,full-build,10,1,pack,180,200,1.000,0.000,0.000,0.987,1.5,0.00,0.013,—,1.553
trio-no-tank,full-build,10,1,pack,300,200,1.000,0.000,0.000,0.988,1.4,0.00,0.012,—,1.554
trio-no-tank,full-build,10,1,boss,180,200,1.000,0.000,0.000,0.957,3.5,0.00,0.043,—,1.538
trio-no-tank,full-build,10,1,boss,300,200,1.000,0.000,0.000,0.956,3.5,0.00,0.044,—,1.537
trio-no-tank,full-build,10,2,solo,180,200,1.000,0.000,0.000,1.000,0.0,0.00,0.000,—,1.560
trio-no-tank,full-build,10,2,solo,300,200,1.000,0.000,0.000,1.000,0.0,0.00,0.000,—,1.560
trio-no-tank,full-build,10,2,pack,180,200,1.000,0.000,0.000,0.929,3.1,0.00,0.071,—,1.523
trio-no-tank,full-build,10,2,pack,300,200,1.000,0.000,0.000,0.928,3.2,0.00,0.072,—,1.522
trio-no-tank,full-build,10,2,boss,180,200,1.000,0.000,0.000,0.922,5.6,0.00,0.078,—,1.519
trio-no-tank,full-build,10,2,boss,300,200,1.000,0.000,0.000,0.919,5.6,0.00,0.081,—,1.518
trio-no-tank,full-build,10,3,solo,180,200,1.000,0.000,0.000,0.985,0.6,0.00,0.015,—,1.552
trio-no-tank,full-build,10,3,solo,300,200,1.000,0.000,0.000,0.981,0.7,0.00,0.019,—,1.550
trio-no-tank,full-build,10,3,pack,180,200,1.000,0.000,0.000,0.960,6.1,0.00,0.040,—,1.539
trio-no-tank,full-build,10,3,pack,300,200,1.000,0.000,0.000,0.967,6.1,0.00,0.033,—,1.543
trio-no-tank,full-build,10,3,boss,180,200,1.000,0.000,0.000,0.932,13.1,0.00,0.068,—,1.525
trio-no-tank,full-build,10,3,boss,300,200,1.000,0.000,0.000,0.934,12.9,0.00,0.066,—,1.526
trio-no-tank,full-build,10,4,solo,180,200,1.000,0.000,0.000,0.842,3.1,0.00,0.158,—,1.478
trio-no-tank,full-build,10,4,solo,300,200,1.000,0.000,0.000,0.847,3.1,0.00,0.153,—,1.481
trio-no-tank,full-build,10,4,pack,180,200,0.885,0.105,0.010,0.686,20.6,0.93,0.373,—,1.236
trio-no-tank,full-build,10,4,pack,300,200,0.915,0.075,0.010,0.682,21.0,0.92,0.354,—,1.276
trio-no-tank,full-build,10,4,boss,180,200,0.595,0.000,0.405,0.611,34.8,1.69,0.637,—,0.808
trio-no-tank,full-build,10,4,boss,300,200,0.545,0.000,0.455,0.586,39.1,1.84,0.680,—,0.733
trio-no-tank,full-build,10,5,solo,180,200,1.000,0.000,0.000,0.765,9.0,0.27,0.235,—,1.438
trio-no-tank,full-build,10,5,solo,300,200,1.000,0.000,0.000,0.765,8.9,0.27,0.235,—,1.438
trio-no-tank,full-build,10,5,pack,180,200,0.000,0.000,1.000,—,—,3.00,1.000,—,0.000
trio-no-tank,full-build,10,5,pack,300,200,0.000,0.000,1.000,—,—,3.00,1.000,—,0.000
trio-no-tank,full-build,10,5,boss,180,200,0.000,0.000,1.000,—,—,3.00,1.000,—,0.000
trio-no-tank,full-build,10,5,boss,300,200,0.000,0.000,1.000,—,—,3.00,1.000,—,0.000
trio-no-tank,full-build,10,6,solo,180,200,0.005,0.000,0.995,0.397,31.3,3.00,0.998,—,0.006
trio-no-tank,full-build,10,6,solo,300,200,0.005,0.000,0.995,0.631,24.0,2.99,0.997,—,0.007
trio-no-tank,full-build,10,6,pack,180,200,0.000,0.000,1.000,—,—,3.00,1.000,—,0.000
trio-no-tank,full-build,10,6,pack,300,200,0.000,0.000,1.000,—,—,3.00,1.000,—,0.000
trio-no-tank,full-build,10,6,boss,180,200,0.000,0.000,1.000,—,—,3.00,1.000,—,0.000
trio-no-tank,full-build,10,6,boss,300,200,0.000,0.000,1.000,—,—,3.00,1.000,—,0.000
trio-no-tank,full-build,10,7,solo,180,200,0.000,0.000,1.000,—,—,3.00,1.000,—,0.000
trio-no-tank,full-build,10,7,solo,300,200,0.000,0.000,1.000,—,—,3.00,1.000,—,0.000
trio-no-tank,full-build,10,7,pack,180,200,0.000,0.000,1.000,—,—,3.00,1.000,—,0.000
trio-no-tank,full-build,10,7,pack,300,200,0.000,0.000,1.000,—,—,3.00,1.000,—,0.000
trio-no-tank,full-build,10,7,boss,180,200,0.000,0.000,1.000,—,—,3.00,1.000,—,0.000
trio-no-tank,full-build,10,7,boss,300,200,0.000,0.000,1.000,—,—,3.00,1.000,—,0.000
trio-no-tank,full-build,10,8,solo,180,200,0.000,0.000,1.000,—,—,3.00,1.000,—,0.000
trio-no-tank,full-build,10,8,solo,300,200,0.000,0.000,1.000,—,—,3.00,1.000,—,0.000
trio-no-tank,full-build,10,8,pack,180,200,0.000,0.000,1.000,—,—,3.00,1.000,—,0.000
trio-no-tank,full-build,10,8,pack,300,200,0.000,0.000,1.000,—,—,3.00,1.000,—,0.000
trio-no-tank,full-build,10,8,boss,180,200,0.000,0.000,1.000,—,—,3.00,1.000,—,0.000
trio-no-tank,full-build,10,8,boss,300,200,0.000,0.000,1.000,—,—,3.00,1.000,—,0.000
trio-no-tank,full-build,20,1,solo,180,200,1.000,0.000,0.000,1.000,0.0,0.00,0.000,—,1.620
trio-no-tank,full-build,20,1,solo,300,200,1.000,0.000,0.000,1.000,0.0,0.00,0.000,—,1.620
trio-no-tank,full-build,20,1,pack,180,200,1.000,0.000,0.000,1.000,0.0,0.00,0.000,—,1.620
trio-no-tank,full-build,20,1,pack,300,200,1.000,0.000,0.000,1.000,0.0,0.00,0.000,—,1.620
trio-no-tank,full-build,20,1,boss,180,200,1.000,0.000,0.000,0.986,1.4,0.00,0.014,—,1.612
trio-no-tank,full-build,20,1,boss,300,200,1.000,0.000,0.000,0.986,1.5,0.00,0.014,—,1.612
trio-no-tank,full-build,20,2,solo,180,200,1.000,0.000,0.000,1.000,0.0,0.00,0.000,—,1.620
trio-no-tank,full-build,20,2,solo,300,200,1.000,0.000,0.000,1.000,0.0,0.00,0.000,—,1.620
trio-no-tank,full-build,20,2,pack,180,200,1.000,0.000,0.000,0.981,1.4,0.00,0.019,—,1.610
trio-no-tank,full-build,20,2,pack,300,200,1.000,0.000,0.000,0.980,1.4,0.00,0.020,—,1.609
trio-no-tank,full-build,20,2,boss,180,200,1.000,0.000,0.000,0.971,2.9,0.00,0.029,—,1.604
trio-no-tank,full-build,20,2,boss,300,200,1.000,0.000,0.000,0.971,2.9,0.00,0.029,—,1.604
trio-no-tank,full-build,20,3,solo,180,200,1.000,0.000,0.000,1.000,0.0,0.00,0.000,—,1.620
trio-no-tank,full-build,20,3,solo,300,200,1.000,0.000,0.000,1.000,0.0,0.00,0.000,—,1.620
trio-no-tank,full-build,20,3,pack,180,200,1.000,0.000,0.000,0.936,2.7,0.00,0.064,—,1.585
trio-no-tank,full-build,20,3,pack,300,200,1.000,0.000,0.000,0.938,2.7,0.00,0.062,—,1.586
trio-no-tank,full-build,20,3,boss,180,200,1.000,0.000,0.000,0.970,5.1,0.00,0.030,—,1.604
trio-no-tank,full-build,20,3,boss,300,200,1.000,0.000,0.000,0.970,5.1,0.00,0.030,—,1.604
trio-no-tank,full-build,20,4,solo,180,200,1.000,0.000,0.000,0.960,0.9,0.00,0.040,—,1.598
trio-no-tank,full-build,20,4,solo,300,200,1.000,0.000,0.000,0.960,0.9,0.00,0.040,—,1.598
trio-no-tank,full-build,20,4,pack,180,200,1.000,0.000,0.000,0.939,5.7,0.09,0.061,—,1.587
trio-no-tank,full-build,20,4,pack,300,200,1.000,0.000,0.000,0.945,5.6,0.06,0.055,—,1.590
trio-no-tank,full-build,20,4,boss,180,200,1.000,0.000,0.000,0.901,11.3,0.00,0.099,—,1.566
trio-no-tank,full-build,20,4,boss,300,200,1.000,0.000,0.000,0.906,11.5,0.00,0.094,—,1.569
trio-no-tank,full-build,20,5,solo,180,200,1.000,0.000,0.000,0.903,3.1,0.00,0.097,—,1.568
trio-no-tank,full-build,20,5,solo,300,200,1.000,0.000,0.000,0.900,3.0,0.00,0.100,—,1.566
trio-no-tank,full-build,20,5,pack,180,200,0.490,0.095,0.415,0.654,19.1,1.86,0.663,—,0.702
trio-no-tank,full-build,20,5,pack,300,200,0.520,0.140,0.340,0.671,18.4,1.73,0.611,—,0.750
trio-no-tank,full-build,20,5,boss,180,200,0.145,0.000,0.855,0.613,26.8,2.69,0.911,—,0.205
trio-no-tank,full-build,20,5,boss,300,200,0.120,0.000,0.880,0.461,29.0,2.79,0.945,—,0.159
trio-no-tank,full-build,20,6,solo,180,200,1.000,0.000,0.000,0.702,9.6,0.35,0.298,—,1.459
trio-no-tank,full-build,20,6,solo,300,200,1.000,0.000,0.000,0.711,9.5,0.33,0.289,—,1.464
trio-no-tank,full-build,20,6,pack,180,200,0.000,0.000,1.000,—,—,3.00,1.000,—,0.000
trio-no-tank,full-build,20,6,pack,300,200,0.000,0.000,1.000,—,—,3.00,1.000,—,0.000
trio-no-tank,full-build,20,6,boss,180,200,0.000,0.000,1.000,—,—,3.00,1.000,—,0.000
trio-no-tank,full-build,20,6,boss,300,200,0.000,0.000,1.000,—,—,3.00,1.000,—,0.000
trio-no-tank,full-build,20,7,solo,180,200,0.000,0.000,1.000,—,—,3.00,1.000,—,0.000
trio-no-tank,full-build,20,7,solo,300,200,0.000,0.000,1.000,—,—,3.00,1.000,—,0.000
trio-no-tank,full-build,20,7,pack,180,200,0.000,0.000,1.000,—,—,3.00,1.000,—,0.000
trio-no-tank,full-build,20,7,pack,300,200,0.000,0.000,1.000,—,—,3.00,1.000,—,0.000
trio-no-tank,full-build,20,7,boss,180,200,0.000,0.000,1.000,—,—,3.00,1.000,—,0.000
trio-no-tank,full-build,20,7,boss,300,200,0.000,0.000,1.000,—,—,3.00,1.000,—,0.000
trio-no-tank,full-build,20,8,solo,180,200,0.000,0.000,1.000,—,—,3.00,1.000,—,0.000
trio-no-tank,full-build,20,8,solo,300,200,0.000,0.000,1.000,—,—,3.00,1.000,—,0.000
trio-no-tank,full-build,20,8,pack,180,200,0.000,0.000,1.000,—,—,3.00,1.000,—,0.000
trio-no-tank,full-build,20,8,pack,300,200,0.000,0.000,1.000,—,—,3.00,1.000,—,0.000
trio-no-tank,full-build,20,8,boss,180,200,0.000,0.000,1.000,—,—,3.00,1.000,—,0.000
trio-no-tank,full-build,20,8,boss,300,200,0.000,0.000,1.000,—,—,3.00,1.000,—,0.000
trio-no-tank,full-build,35,1,solo,180,200,1.000,0.000,0.000,1.000,0.0,0.00,0.000,—,1.710
trio-no-tank,full-build,35,1,solo,300,200,1.000,0.000,0.000,1.000,0.0,0.00,0.000,—,1.710
trio-no-tank,full-build,35,1,pack,180,200,1.000,0.000,0.000,1.000,0.0,0.00,0.000,—,1.710
trio-no-tank,full-build,35,1,pack,300,200,1.000,0.000,0.000,1.000,0.0,0.00,0.000,—,1.710
trio-no-tank,full-build,35,1,boss,180,200,1.000,0.000,0.000,0.990,1.1,0.00,0.010,—,1.704
trio-no-tank,full-build,35,1,boss,300,200,1.000,0.000,0.000,0.990,1.1,0.00,0.010,—,1.704
trio-no-tank,full-build,35,2,solo,180,200,1.000,0.000,0.000,1.000,0.0,0.00,0.000,—,1.710
trio-no-tank,full-build,35,2,solo,300,200,1.000,0.000,0.000,1.000,0.0,0.00,0.000,—,1.710
trio-no-tank,full-build,35,2,pack,180,200,1.000,0.000,0.000,1.000,0.0,0.00,0.000,—,1.710
trio-no-tank,full-build,35,2,pack,300,200,1.000,0.000,0.000,1.000,0.0,0.00,0.000,—,1.710
trio-no-tank,full-build,35,2,boss,180,200,1.000,0.000,0.000,0.981,1.4,0.00,0.019,—,1.699
trio-no-tank,full-build,35,2,boss,300,200,1.000,0.000,0.000,0.982,1.4,0.00,0.018,—,1.700
trio-no-tank,full-build,35,3,solo,180,200,1.000,0.000,0.000,1.000,0.0,0.00,0.000,—,1.710
trio-no-tank,full-build,35,3,solo,300,200,1.000,0.000,0.000,1.000,0.0,0.00,0.000,—,1.710
trio-no-tank,full-build,35,3,pack,180,200,1.000,0.000,0.000,0.966,1.4,0.00,0.034,—,1.690
trio-no-tank,full-build,35,3,pack,300,200,1.000,0.000,0.000,0.966,1.4,0.00,0.034,—,1.691
trio-no-tank,full-build,35,3,boss,180,200,1.000,0.000,0.000,0.959,2.6,0.00,0.041,—,1.686
trio-no-tank,full-build,35,3,boss,300,200,1.000,0.000,0.000,0.958,2.6,0.00,0.042,—,1.686
trio-no-tank,full-build,35,4,solo,180,200,1.000,0.000,0.000,1.000,0.0,0.00,0.000,—,1.710
trio-no-tank,full-build,35,4,solo,300,200,1.000,0.000,0.000,1.000,0.0,0.00,0.000,—,1.710
trio-no-tank,full-build,35,4,pack,180,200,1.000,0.000,0.000,0.913,2.5,0.00,0.087,—,1.661
trio-no-tank,full-build,35,4,pack,300,200,1.000,0.000,0.000,0.910,2.6,0.00,0.090,—,1.659
trio-no-tank,full-build,35,4,boss,180,200,1.000,0.000,0.000,0.966,5.0,0.00,0.034,—,1.691
trio-no-tank,full-build,35,4,boss,300,200,1.000,0.000,0.000,0.960,5.1,0.00,0.040,—,1.687
trio-no-tank,full-build,35,5,solo,180,200,1.000,0.000,0.000,0.932,1.1,0.00,0.068,—,1.671
trio-no-tank,full-build,35,5,solo,300,200,1.000,0.000,0.000,0.937,1.0,0.00,0.063,—,1.674
trio-no-tank,full-build,35,5,pack,180,200,1.000,0.000,0.000,0.766,6.6,0.52,0.234,—,1.577
trio-no-tank,full-build,35,5,pack,300,200,1.000,0.000,0.000,0.801,6.3,0.42,0.199,—,1.597
trio-no-tank,full-build,35,5,boss,180,200,1.000,0.000,0.000,0.861,11.7,0.08,0.139,—,1.631
trio-no-tank,full-build,35,5,boss,300,200,1.000,0.000,0.000,0.861,11.7,0.09,0.139,—,1.631
trio-no-tank,full-build,35,6,solo,180,200,1.000,0.000,0.000,0.788,3.6,0.03,0.212,—,1.589
trio-no-tank,full-build,35,6,solo,300,200,1.000,0.000,0.000,0.786,3.7,0.09,0.214,—,1.588
trio-no-tank,full-build,35,6,pack,180,200,0.035,0.040,0.925,0.622,22.5,2.89,0.973,—,0.052
trio-no-tank,full-build,35,6,pack,300,200,0.050,0.065,0.885,0.623,21.8,2.83,0.951,—,0.075
trio-no-tank,full-build,35,6,boss,180,200,0.005,0.000,0.995,0.525,26.6,2.99,0.997,—,0.007
trio-no-tank,full-build,35,6,boss,300,200,0.005,0.000,0.995,0.520,25.4,2.99,0.997,—,0.007
trio-no-tank,full-build,35,7,solo,180,200,1.000,0.000,0.000,0.614,10.9,0.00,0.386,—,1.490
trio-no-tank,full-build,35,7,solo,300,200,1.000,0.000,0.000,0.613,10.8,0.00,0.387,—,1.489
trio-no-tank,full-build,35,7,pack,180,200,0.000,0.000,1.000,—,—,3.00,1.000,—,0.000
trio-no-tank,full-build,35,7,pack,300,200,0.000,0.000,1.000,—,—,3.00,1.000,—,0.000
trio-no-tank,full-build,35,7,boss,180,200,0.000,0.000,1.000,—,—,3.00,1.000,—,0.000
trio-no-tank,full-build,35,7,boss,300,200,0.000,0.000,1.000,—,—,3.00,1.000,—,0.000
trio-no-tank,full-build,35,8,solo,180,200,0.000,0.000,1.000,—,—,3.00,1.000,—,0.000
trio-no-tank,full-build,35,8,solo,300,200,0.000,0.000,1.000,—,—,3.00,1.000,—,0.000
trio-no-tank,full-build,35,8,pack,180,200,0.000,0.000,1.000,—,—,3.00,1.000,—,0.000
trio-no-tank,full-build,35,8,pack,300,200,0.000,0.000,1.000,—,—,3.00,1.000,—,0.000
trio-no-tank,full-build,35,8,boss,180,200,0.000,0.000,1.000,—,—,3.00,1.000,—,0.000
trio-no-tank,full-build,35,8,boss,300,200,0.000,0.000,1.000,—,—,3.00,1.000,—,0.000
trio-no-tank,full-build,50,1,solo,180,200,1.000,0.000,0.000,1.000,0.0,0.00,0.000,—,1.800
trio-no-tank,full-build,50,1,solo,300,200,1.000,0.000,0.000,1.000,0.0,0.00,0.000,—,1.800
trio-no-tank,full-build,50,1,pack,180,200,1.000,0.000,0.000,1.000,0.0,0.00,0.000,—,1.800
trio-no-tank,full-build,50,1,pack,300,200,1.000,0.000,0.000,1.000,0.0,0.00,0.000,—,1.800
trio-no-tank,full-build,50,1,boss,180,200,1.000,0.000,0.000,0.992,1.0,0.00,0.008,—,1.795
trio-no-tank,full-build,50,1,boss,300,200,1.000,0.000,0.000,0.992,1.0,0.00,0.008,—,1.795
trio-no-tank,full-build,50,2,solo,180,200,1.000,0.000,0.000,1.000,0.0,0.00,0.000,—,1.800
trio-no-tank,full-build,50,2,solo,300,200,1.000,0.000,0.000,1.000,0.0,0.00,0.000,—,1.800
trio-no-tank,full-build,50,2,pack,180,200,1.000,0.000,0.000,1.000,0.0,0.00,0.000,—,1.800
trio-no-tank,full-build,50,2,pack,300,200,1.000,0.000,0.000,1.000,0.0,0.00,0.000,—,1.800
trio-no-tank,full-build,50,2,boss,180,200,1.000,0.000,0.000,0.986,1.0,0.00,0.014,—,1.792
trio-no-tank,full-build,50,2,boss,300,200,1.000,0.000,0.000,0.986,1.0,0.00,0.014,—,1.792
trio-no-tank,full-build,50,3,solo,180,200,1.000,0.000,0.000,1.000,0.0,0.00,0.000,—,1.800
trio-no-tank,full-build,50,3,solo,300,200,1.000,0.000,0.000,1.000,0.0,0.00,0.000,—,1.800
trio-no-tank,full-build,50,3,pack,180,200,1.000,0.000,0.000,0.994,0.4,0.00,0.006,—,1.796
trio-no-tank,full-build,50,3,pack,300,200,1.000,0.000,0.000,0.993,0.4,0.00,0.007,—,1.796
trio-no-tank,full-build,50,3,boss,180,200,1.000,0.000,0.000,0.975,1.8,0.00,0.025,—,1.785
trio-no-tank,full-build,50,3,boss,300,200,1.000,0.000,0.000,0.976,1.9,0.00,0.024,—,1.785
trio-no-tank,full-build,50,4,solo,180,200,1.000,0.000,0.000,1.000,0.0,0.00,0.000,—,1.800
trio-no-tank,full-build,50,4,solo,300,200,1.000,0.000,0.000,1.000,0.0,0.00,0.000,—,1.800
trio-no-tank,full-build,50,4,pack,180,200,1.000,0.000,0.000,0.956,1.3,0.00,0.044,—,1.774
trio-no-tank,full-build,50,4,pack,300,200,1.000,0.000,0.000,0.954,1.4,0.00,0.046,—,1.772
trio-no-tank,full-build,50,4,boss,180,200,1.000,0.000,0.000,0.915,3.2,0.00,0.085,—,1.749
trio-no-tank,full-build,50,4,boss,300,200,1.000,0.000,0.000,0.920,3.2,0.00,0.080,—,1.752
trio-no-tank,full-build,50,5,solo,180,200,1.000,0.000,0.000,0.997,0.1,0.00,0.003,—,1.798
trio-no-tank,full-build,50,5,solo,300,200,1.000,0.000,0.000,0.997,0.1,0.00,0.003,—,1.798
trio-no-tank,full-build,50,5,pack,180,200,1.000,0.000,0.000,0.855,3.1,0.00,0.145,—,1.713
trio-no-tank,full-build,50,5,pack,300,200,1.000,0.000,0.000,0.853,3.1,0.00,0.147,—,1.712
trio-no-tank,full-build,50,5,boss,180,200,1.000,0.000,0.000,0.916,6.2,0.00,0.084,—,1.750
trio-no-tank,full-build,50,5,boss,300,200,1.000,0.000,0.000,0.919,6.2,0.00,0.081,—,1.751
trio-no-tank,full-build,50,6,solo,180,200,1.000,0.000,0.000,0.900,1.8,0.00,0.100,—,1.740
trio-no-tank,full-build,50,6,solo,300,200,1.000,0.000,0.000,0.898,1.8,0.00,0.102,—,1.739
trio-no-tank,full-build,50,6,pack,180,200,0.850,0.005,0.145,0.650,13.0,1.16,0.447,—,1.352
trio-no-tank,full-build,50,6,pack,300,200,0.775,0.005,0.220,0.672,12.5,1.28,0.479,—,1.242
trio-no-tank,full-build,50,6,boss,180,200,0.490,0.000,0.510,0.721,18.2,1.79,0.647,—,0.800
trio-no-tank,full-build,50,6,boss,300,200,0.495,0.000,0.505,0.740,18.1,1.77,0.634,—,0.814
trio-no-tank,full-build,50,7,solo,180,200,1.000,0.000,0.000,0.736,6.1,0.01,0.264,—,1.642
trio-no-tank,full-build,50,7,solo,300,200,1.000,0.000,0.000,0.746,6.1,0.01,0.254,—,1.648
trio-no-tank,full-build,50,7,pack,180,200,0.000,0.000,1.000,—,—,3.00,1.000,—,0.000
trio-no-tank,full-build,50,7,pack,300,200,0.000,0.000,1.000,—,—,3.00,1.000,—,0.000
trio-no-tank,full-build,50,7,boss,180,200,0.000,0.000,1.000,—,—,3.00,1.000,—,0.000
trio-no-tank,full-build,50,7,boss,300,200,0.000,0.000,1.000,—,—,3.00,1.000,—,0.000
trio-no-tank,full-build,50,8,solo,180,200,0.000,0.000,1.000,—,—,3.00,1.000,—,0.000
trio-no-tank,full-build,50,8,solo,300,200,0.000,0.000,1.000,—,—,3.00,1.000,—,0.000
trio-no-tank,full-build,50,8,pack,180,200,0.000,0.000,1.000,—,—,3.00,1.000,—,0.000
trio-no-tank,full-build,50,8,pack,300,200,0.000,0.000,1.000,—,—,3.00,1.000,—,0.000
trio-no-tank,full-build,50,8,boss,180,200,0.000,0.000,1.000,—,—,3.00,1.000,—,0.000
trio-no-tank,full-build,50,8,boss,300,200,0.000,0.000,1.000,—,—,3.00,1.000,—,0.000
trio-casters,naked,1,1,solo,180,200,1.000,0.000,0.000,0.905,4.5,0.00,0.095,—,1.458
trio-casters,naked,1,1,solo,300,200,1.000,0.000,0.000,0.905,4.5,0.00,0.095,—,1.458
trio-casters,naked,1,1,pack,180,200,0.985,0.000,0.015,0.665,30.2,0.65,0.345,—,1.318
trio-casters,naked,1,1,pack,300,200,0.995,0.005,0.000,0.658,30.4,0.63,0.343,—,1.328
trio-casters,naked,1,1,boss,180,200,0.840,0.025,0.135,0.573,49.5,0.86,0.515,—,1.085
trio-casters,naked,1,1,boss,300,200,0.910,0.020,0.070,0.581,48.8,0.70,0.469,—,1.179
trio-casters,naked,1,2,solo,180,200,1.000,0.000,0.000,0.765,10.6,0.00,0.235,—,1.388
trio-casters,naked,1,2,solo,300,200,1.000,0.000,0.000,0.768,10.6,0.00,0.232,—,1.390
trio-casters,naked,1,2,pack,180,200,0.000,0.000,1.000,—,—,3.00,1.000,—,0.000
trio-casters,naked,1,2,pack,300,200,0.000,0.000,1.000,—,—,3.00,1.000,—,0.000
trio-casters,naked,1,2,boss,180,200,0.000,0.000,1.000,—,—,3.00,1.000,—,0.000
trio-casters,naked,1,2,boss,300,200,0.000,0.000,1.000,—,—,3.00,1.000,—,0.000
trio-casters,naked,1,3,solo,180,200,0.010,0.000,0.990,0.374,25.2,2.98,0.996,—,0.012
trio-casters,naked,1,3,solo,300,200,0.000,0.000,1.000,—,—,3.00,1.000,—,0.000
trio-casters,naked,1,3,pack,180,200,0.000,0.000,1.000,—,—,3.00,1.000,—,0.000
trio-casters,naked,1,3,pack,300,200,0.000,0.000,1.000,—,—,3.00,1.000,—,0.000
trio-casters,naked,1,3,boss,180,200,0.000,0.000,1.000,—,—,3.00,1.000,—,0.000
trio-casters,naked,1,3,boss,300,200,0.000,0.000,1.000,—,—,3.00,1.000,—,0.000
trio-casters,naked,1,4,solo,180,200,0.000,0.000,1.000,—,—,3.00,1.000,—,0.000
trio-casters,naked,1,4,solo,300,200,0.000,0.000,1.000,—,—,3.00,1.000,—,0.000
trio-casters,naked,1,4,pack,180,200,0.000,0.000,1.000,—,—,3.00,1.000,—,0.000
trio-casters,naked,1,4,pack,300,200,0.000,0.000,1.000,—,—,3.00,1.000,—,0.000
trio-casters,naked,1,4,boss,180,200,0.000,0.000,1.000,—,—,3.00,1.000,—,0.000
trio-casters,naked,1,4,boss,300,200,0.000,0.000,1.000,—,—,3.00,1.000,—,0.000
trio-casters,naked,1,5,solo,180,200,0.000,0.000,1.000,—,—,3.00,1.000,—,0.000
trio-casters,naked,1,5,solo,300,200,0.000,0.000,1.000,—,—,3.00,1.000,—,0.000
trio-casters,naked,1,5,pack,180,200,0.000,0.000,1.000,—,—,3.00,1.000,—,0.000
trio-casters,naked,1,5,pack,300,200,0.000,0.000,1.000,—,—,3.00,1.000,—,0.000
trio-casters,naked,1,5,boss,180,200,0.000,0.000,1.000,—,—,3.00,1.000,—,0.000
trio-casters,naked,1,5,boss,300,200,0.000,0.000,1.000,—,—,3.00,1.000,—,0.000
trio-casters,naked,1,6,solo,180,200,0.000,0.000,1.000,—,—,3.00,1.000,—,0.000
trio-casters,naked,1,6,solo,300,200,0.000,0.000,1.000,—,—,3.00,1.000,—,0.000
trio-casters,naked,1,6,pack,180,200,0.000,0.000,1.000,—,—,3.00,1.000,—,0.000
trio-casters,naked,1,6,pack,300,200,0.000,0.000,1.000,—,—,3.00,1.000,—,0.000
trio-casters,naked,1,6,boss,180,200,0.000,0.000,1.000,—,—,3.00,1.000,—,0.000
trio-casters,naked,1,6,boss,300,200,0.000,0.000,1.000,—,—,3.00,1.000,—,0.000
trio-casters,naked,1,7,solo,180,200,0.000,0.000,1.000,—,—,3.00,1.000,—,0.000
trio-casters,naked,1,7,solo,300,200,0.000,0.000,1.000,—,—,3.00,1.000,—,0.000
trio-casters,naked,1,7,pack,180,200,0.000,0.000,1.000,—,—,3.00,1.000,—,0.000
trio-casters,naked,1,7,pack,300,200,0.000,0.000,1.000,—,—,3.00,1.000,—,0.000
trio-casters,naked,1,7,boss,180,200,0.000,0.000,1.000,—,—,3.00,1.000,—,0.000
trio-casters,naked,1,7,boss,300,200,0.000,0.000,1.000,—,—,3.00,1.000,—,0.000
trio-casters,naked,1,8,solo,180,200,0.000,0.000,1.000,—,—,3.00,1.000,—,0.000
trio-casters,naked,1,8,solo,300,200,0.000,0.000,1.000,—,—,3.00,1.000,—,0.000
trio-casters,naked,1,8,pack,180,200,0.000,0.000,1.000,—,—,3.00,1.000,—,0.000
trio-casters,naked,1,8,pack,300,200,0.000,0.000,1.000,—,—,3.00,1.000,—,0.000
trio-casters,naked,1,8,boss,180,200,0.000,0.000,1.000,—,—,3.00,1.000,—,0.000
trio-casters,naked,1,8,boss,300,200,0.000,0.000,1.000,—,—,3.00,1.000,—,0.000
trio-casters,naked,5,1,solo,180,200,1.000,0.000,0.000,1.000,0.0,0.00,0.000,—,1.530
trio-casters,naked,5,1,solo,300,200,1.000,0.000,0.000,0.999,0.0,0.00,0.001,—,1.530
trio-casters,naked,5,1,pack,180,200,1.000,0.000,0.000,0.888,8.9,0.00,0.112,—,1.473
trio-casters,naked,5,1,pack,300,200,1.000,0.000,0.000,0.876,9.0,0.00,0.124,—,1.467
trio-casters,naked,5,1,boss,180,200,1.000,0.000,0.000,0.891,17.8,0.00,0.109,—,1.474
trio-casters,naked,5,1,boss,300,200,1.000,0.000,0.000,0.886,18.1,0.00,0.114,—,1.472
trio-casters,naked,5,2,solo,180,200,1.000,0.000,0.000,0.873,4.6,0.00,0.127,—,1.465
trio-casters,naked,5,2,solo,300,200,1.000,0.000,0.000,0.870,4.7,0.00,0.130,—,1.463
trio-casters,naked,5,2,pack,180,200,0.475,0.100,0.425,0.574,34.9,1.94,0.699,—,0.624
trio-casters,naked,5,2,pack,300,200,0.510,0.075,0.415,0.583,34.5,1.90,0.681,—,0.672
trio-casters,naked,5,2,boss,180,200,0.285,0.130,0.585,0.475,43.4,2.25,0.848,—,0.360
trio-casters,naked,5,2,boss,300,200,0.315,0.095,0.590,0.488,41.8,2.19,0.834,—,0.400
trio-casters,naked,5,3,solo,180,200,1.000,0.000,0.000,0.717,9.1,0.29,0.283,—,1.386
trio-casters,naked,5,3,solo,300,200,1.000,0.000,0.000,0.710,9.3,0.30,0.290,—,1.382
trio-casters,naked,5,3,pack,180,200,0.000,0.000,1.000,—,—,3.00,1.000,—,0.000
trio-casters,naked,5,3,pack,300,200,0.000,0.000,1.000,—,—,3.00,1.000,—,0.000
trio-casters,naked,5,3,boss,180,200,0.000,0.000,1.000,—,—,3.00,1.000,—,0.000
trio-casters,naked,5,3,boss,300,200,0.000,0.000,1.000,—,—,3.00,1.000,—,0.000
trio-casters,naked,5,4,solo,180,200,0.000,0.000,1.000,—,—,3.00,1.000,—,0.000
trio-casters,naked,5,4,solo,300,200,0.000,0.000,1.000,—,—,3.00,1.000,—,0.000
trio-casters,naked,5,4,pack,180,200,0.000,0.000,1.000,—,—,3.00,1.000,—,0.000
trio-casters,naked,5,4,pack,300,200,0.000,0.000,1.000,—,—,3.00,1.000,—,0.000
trio-casters,naked,5,4,boss,180,200,0.000,0.000,1.000,—,—,3.00,1.000,—,0.000
trio-casters,naked,5,4,boss,300,200,0.000,0.000,1.000,—,—,3.00,1.000,—,0.000
trio-casters,naked,5,5,solo,180,200,0.000,0.000,1.000,—,—,3.00,1.000,—,0.000
trio-casters,naked,5,5,solo,300,200,0.000,0.000,1.000,—,—,3.00,1.000,—,0.000
trio-casters,naked,5,5,pack,180,200,0.000,0.000,1.000,—,—,3.00,1.000,—,0.000
trio-casters,naked,5,5,pack,300,200,0.000,0.000,1.000,—,—,3.00,1.000,—,0.000
trio-casters,naked,5,5,boss,180,200,0.000,0.000,1.000,—,—,3.00,1.000,—,0.000
trio-casters,naked,5,5,boss,300,200,0.000,0.000,1.000,—,—,3.00,1.000,—,0.000
trio-casters,naked,5,6,solo,180,200,0.000,0.000,1.000,—,—,3.00,1.000,—,0.000
trio-casters,naked,5,6,solo,300,200,0.000,0.000,1.000,—,—,3.00,1.000,—,0.000
trio-casters,naked,5,6,pack,180,200,0.000,0.000,1.000,—,—,3.00,1.000,—,0.000
trio-casters,naked,5,6,pack,300,200,0.000,0.000,1.000,—,—,3.00,1.000,—,0.000
trio-casters,naked,5,6,boss,180,200,0.000,0.000,1.000,—,—,3.00,1.000,—,0.000
trio-casters,naked,5,6,boss,300,200,0.000,0.000,1.000,—,—,3.00,1.000,—,0.000
trio-casters,naked,5,7,solo,180,200,0.000,0.000,1.000,—,—,3.00,1.000,—,0.000
trio-casters,naked,5,7,solo,300,200,0.000,0.000,1.000,—,—,3.00,1.000,—,0.000
trio-casters,naked,5,7,pack,180,200,0.000,0.000,1.000,—,—,3.00,1.000,—,0.000
trio-casters,naked,5,7,pack,300,200,0.000,0.000,1.000,—,—,3.00,1.000,—,0.000
trio-casters,naked,5,7,boss,180,200,0.000,0.000,1.000,—,—,3.00,1.000,—,0.000
trio-casters,naked,5,7,boss,300,200,0.000,0.000,1.000,—,—,3.00,1.000,—,0.000
trio-casters,naked,5,8,solo,180,200,0.000,0.000,1.000,—,—,3.00,1.000,—,0.000
trio-casters,naked,5,8,solo,300,200,0.000,0.000,1.000,—,—,3.00,1.000,—,0.000
trio-casters,naked,5,8,pack,180,200,0.000,0.000,1.000,—,—,3.00,1.000,—,0.000
trio-casters,naked,5,8,pack,300,200,0.000,0.000,1.000,—,—,3.00,1.000,—,0.000
trio-casters,naked,5,8,boss,180,200,0.000,0.000,1.000,—,—,3.00,1.000,—,0.000
trio-casters,naked,5,8,boss,300,200,0.000,0.000,1.000,—,—,3.00,1.000,—,0.000
trio-casters,naked,10,1,solo,180,200,1.000,0.000,0.000,1.000,0.0,0.00,0.000,—,1.560
trio-casters,naked,10,1,solo,300,200,1.000,0.000,0.000,1.000,0.0,0.00,0.000,—,1.560
trio-casters,naked,10,1,pack,180,200,1.000,0.000,0.000,0.916,5.3,0.00,0.084,—,1.516
trio-casters,naked,10,1,pack,300,200,1.000,0.000,0.000,0.922,5.4,0.00,0.078,—,1.520
trio-casters,naked,10,1,boss,180,200,1.000,0.000,0.000,0.856,9.9,0.00,0.144,—,1.485
trio-casters,naked,10,1,boss,300,200,1.000,0.000,0.000,0.862,9.9,0.00,0.138,—,1.488
trio-casters,naked,10,2,solo,180,200,1.000,0.000,0.000,0.965,1.2,0.00,0.035,—,1.542
trio-casters,naked,10,2,solo,300,200,1.000,0.000,0.000,0.961,1.3,0.00,0.039,—,1.540
trio-casters,naked,10,2,pack,180,200,1.000,0.000,0.000,0.806,9.8,0.01,0.194,—,1.459
trio-casters,naked,10,2,pack,300,200,1.000,0.000,0.000,0.796,10.8,0.06,0.204,—,1.454
trio-casters,naked,10,2,boss,180,200,1.000,0.000,0.000,0.866,17.7,0.00,0.134,—,1.490
trio-casters,naked,10,2,boss,300,200,1.000,0.000,0.000,0.866,17.9,0.00,0.134,—,1.490
trio-casters,naked,10,3,solo,180,200,1.000,0.000,0.000,0.799,4.4,0.00,0.201,—,1.455
trio-casters,naked,10,3,solo,300,200,1.000,0.000,0.000,0.799,4.4,0.00,0.201,—,1.456
trio-casters,naked,10,3,pack,180,200,0.000,0.000,1.000,—,—,3.00,1.000,—,0.000
trio-casters,naked,10,3,pack,300,200,0.000,0.000,1.000,—,—,3.00,1.000,—,0.000
trio-casters,naked,10,3,boss,180,200,0.000,0.000,1.000,—,—,3.00,1.000,—,0.000
trio-casters,naked,10,3,boss,300,200,0.000,0.000,1.000,—,—,3.00,1.000,—,0.000
trio-casters,naked,10,4,solo,180,200,0.470,0.000,0.530,0.540,11.2,2.00,0.746,—,0.621
trio-casters,naked,10,4,solo,300,200,0.465,0.000,0.535,0.539,11.2,2.02,0.749,—,0.614
trio-casters,naked,10,4,pack,180,200,0.000,0.000,1.000,—,—,3.00,1.000,—,0.000
trio-casters,naked,10,4,pack,300,200,0.000,0.000,1.000,—,—,3.00,1.000,—,0.000
trio-casters,naked,10,4,boss,180,200,0.000,0.000,1.000,—,—,3.00,1.000,—,0.000
trio-casters,naked,10,4,boss,300,200,0.000,0.000,1.000,—,—,3.00,1.000,—,0.000
trio-casters,naked,10,5,solo,180,200,0.000,0.000,1.000,—,—,3.00,1.000,—,0.000
trio-casters,naked,10,5,solo,300,200,0.000,0.000,1.000,—,—,3.00,1.000,—,0.000
trio-casters,naked,10,5,pack,180,200,0.000,0.000,1.000,—,—,3.00,1.000,—,0.000
trio-casters,naked,10,5,pack,300,200,0.000,0.000,1.000,—,—,3.00,1.000,—,0.000
trio-casters,naked,10,5,boss,180,200,0.000,0.000,1.000,—,—,3.00,1.000,—,0.000
trio-casters,naked,10,5,boss,300,200,0.000,0.000,1.000,—,—,3.00,1.000,—,0.000
trio-casters,naked,10,6,solo,180,200,0.000,0.000,1.000,—,—,3.00,1.000,—,0.000
trio-casters,naked,10,6,solo,300,200,0.000,0.000,1.000,—,—,3.00,1.000,—,0.000
trio-casters,naked,10,6,pack,180,200,0.000,0.000,1.000,—,—,3.00,1.000,—,0.000
trio-casters,naked,10,6,pack,300,200,0.000,0.000,1.000,—,—,3.00,1.000,—,0.000
trio-casters,naked,10,6,boss,180,200,0.000,0.000,1.000,—,—,3.00,1.000,—,0.000
trio-casters,naked,10,6,boss,300,200,0.000,0.000,1.000,—,—,3.00,1.000,—,0.000
trio-casters,naked,10,7,solo,180,200,0.000,0.000,1.000,—,—,3.00,1.000,—,0.000
trio-casters,naked,10,7,solo,300,200,0.000,0.000,1.000,—,—,3.00,1.000,—,0.000
trio-casters,naked,10,7,pack,180,200,0.000,0.000,1.000,—,—,3.00,1.000,—,0.000
trio-casters,naked,10,7,pack,300,200,0.000,0.000,1.000,—,—,3.00,1.000,—,0.000
trio-casters,naked,10,7,boss,180,200,0.000,0.000,1.000,—,—,3.00,1.000,—,0.000
trio-casters,naked,10,7,boss,300,200,0.000,0.000,1.000,—,—,3.00,1.000,—,0.000
trio-casters,naked,10,8,solo,180,200,0.000,0.000,1.000,—,—,3.00,1.000,—,0.000
trio-casters,naked,10,8,solo,300,200,0.000,0.000,1.000,—,—,3.00,1.000,—,0.000
trio-casters,naked,10,8,pack,180,200,0.000,0.000,1.000,—,—,3.00,1.000,—,0.000
trio-casters,naked,10,8,pack,300,200,0.000,0.000,1.000,—,—,3.00,1.000,—,0.000
trio-casters,naked,10,8,boss,180,200,0.000,0.000,1.000,—,—,3.00,1.000,—,0.000
trio-casters,naked,10,8,boss,300,200,0.000,0.000,1.000,—,—,3.00,1.000,—,0.000
trio-casters,naked,20,1,solo,180,200,1.000,0.000,0.000,1.000,0.0,0.00,0.000,—,1.620
trio-casters,naked,20,1,solo,300,200,1.000,0.000,0.000,1.000,0.0,0.00,0.000,—,1.620
trio-casters,naked,20,1,pack,180,200,1.000,0.000,0.000,0.978,1.4,0.00,0.022,—,1.608
trio-casters,naked,20,1,pack,300,200,1.000,0.000,0.000,0.978,1.4,0.00,0.022,—,1.608
trio-casters,naked,20,1,boss,180,200,1.000,0.000,0.000,0.934,5.0,0.00,0.066,—,1.585
trio-casters,naked,20,1,boss,300,200,1.000,0.000,0.000,0.935,5.0,0.00,0.065,—,1.585
trio-casters,naked,20,2,solo,180,200,1.000,0.000,0.000,1.000,0.0,0.00,0.000,—,1.620
trio-casters,naked,20,2,solo,300,200,1.000,0.000,0.000,1.000,0.0,0.00,0.000,—,1.620
trio-casters,naked,20,2,pack,180,200,1.000,0.000,0.000,0.880,4.8,0.00,0.120,—,1.555
trio-casters,naked,20,2,pack,300,200,1.000,0.000,0.000,0.880,4.8,0.00,0.120,—,1.555
trio-casters,naked,20,2,boss,180,200,1.000,0.000,0.000,0.860,8.8,0.00,0.140,—,1.544
trio-casters,naked,20,2,boss,300,200,1.000,0.000,0.000,0.868,8.7,0.00,0.132,—,1.548
trio-casters,naked,20,3,solo,180,200,1.000,0.000,0.000,0.937,1.2,0.00,0.063,—,1.586
trio-casters,naked,20,3,solo,300,200,1.000,0.000,0.000,0.937,1.2,0.00,0.063,—,1.586
trio-casters,naked,20,3,pack,180,200,0.910,0.090,0.000,0.697,15.9,0.63,0.341,—,1.325
trio-casters,naked,20,3,pack,300,200,0.880,0.120,0.000,0.700,15.6,0.67,0.351,—,1.283
trio-casters,naked,20,3,boss,180,200,0.900,0.020,0.080,0.798,19.6,0.42,0.280,—,1.360
trio-casters,naked,20,3,boss,300,200,0.845,0.030,0.125,0.774,20.5,0.61,0.343,—,1.266
trio-casters,naked,20,4,solo,180,200,1.000,0.000,0.000,0.769,3.9,0.02,0.231,—,1.495
trio-casters,naked,20,4,solo,300,200,1.000,0.000,0.000,0.768,4.0,0.02,0.232,—,1.495
trio-casters,naked,20,4,pack,180,200,0.000,0.005,0.995,—,—,3.00,0.999,—,0.000
trio-casters,naked,20,4,pack,300,200,0.000,0.000,1.000,—,—,3.00,1.000,—,0.000
trio-casters,naked,20,4,boss,180,200,0.000,0.000,1.000,—,—,3.00,1.000,—,0.000
trio-casters,naked,20,4,boss,300,200,0.000,0.000,1.000,—,—,3.00,1.000,—,0.000
trio-casters,naked,20,5,solo,180,200,0.410,0.000,0.590,0.535,8.0,1.82,0.780,—,0.561
trio-casters,naked,20,5,solo,300,200,0.495,0.000,0.505,0.538,7.9,1.58,0.733,—,0.679
trio-casters,naked,20,5,pack,180,200,0.000,0.000,1.000,—,—,3.00,1.000,—,0.000
trio-casters,naked,20,5,pack,300,200,0.000,0.000,1.000,—,—,3.00,1.000,—,0.000
trio-casters,naked,20,5,boss,180,200,0.000,0.000,1.000,—,—,3.00,1.000,—,0.000
trio-casters,naked,20,5,boss,300,200,0.000,0.000,1.000,—,—,3.00,1.000,—,0.000
trio-casters,naked,20,6,solo,180,200,0.000,0.000,1.000,—,—,3.00,1.000,—,0.000
trio-casters,naked,20,6,solo,300,200,0.000,0.000,1.000,—,—,3.00,1.000,—,0.000
trio-casters,naked,20,6,pack,180,200,0.000,0.000,1.000,—,—,3.00,1.000,—,0.000
trio-casters,naked,20,6,pack,300,200,0.000,0.000,1.000,—,—,3.00,1.000,—,0.000
trio-casters,naked,20,6,boss,180,200,0.000,0.000,1.000,—,—,3.00,1.000,—,0.000
trio-casters,naked,20,6,boss,300,200,0.000,0.000,1.000,—,—,3.00,1.000,—,0.000
trio-casters,naked,20,7,solo,180,200,0.000,0.000,1.000,—,—,3.00,1.000,—,0.000
trio-casters,naked,20,7,solo,300,200,0.000,0.000,1.000,—,—,3.00,1.000,—,0.000
trio-casters,naked,20,7,pack,180,200,0.000,0.000,1.000,—,—,3.00,1.000,—,0.000
trio-casters,naked,20,7,pack,300,200,0.000,0.000,1.000,—,—,3.00,1.000,—,0.000
trio-casters,naked,20,7,boss,180,200,0.000,0.000,1.000,—,—,3.00,1.000,—,0.000
trio-casters,naked,20,7,boss,300,200,0.000,0.000,1.000,—,—,3.00,1.000,—,0.000
trio-casters,naked,20,8,solo,180,200,0.000,0.000,1.000,—,—,3.00,1.000,—,0.000
trio-casters,naked,20,8,solo,300,200,0.000,0.000,1.000,—,—,3.00,1.000,—,0.000
trio-casters,naked,20,8,pack,180,200,0.000,0.000,1.000,—,—,3.00,1.000,—,0.000
trio-casters,naked,20,8,pack,300,200,0.000,0.000,1.000,—,—,3.00,1.000,—,0.000
trio-casters,naked,20,8,boss,180,200,0.000,0.000,1.000,—,—,3.00,1.000,—,0.000
trio-casters,naked,20,8,boss,300,200,0.000,0.000,1.000,—,—,3.00,1.000,—,0.000
trio-casters,naked,35,1,solo,180,200,1.000,0.000,0.000,1.000,0.0,0.00,0.000,—,1.710
trio-casters,naked,35,1,solo,300,200,1.000,0.000,0.000,1.000,0.0,0.00,0.000,—,1.710
trio-casters,naked,35,1,pack,180,200,1.000,0.000,0.000,0.985,1.1,0.00,0.015,—,1.701
trio-casters,naked,35,1,pack,300,200,1.000,0.000,0.000,0.985,1.1,0.00,0.015,—,1.701
trio-casters,naked,35,1,boss,180,200,1.000,0.000,0.000,0.959,3.1,0.00,0.041,—,1.687
trio-casters,naked,35,1,boss,300,200,1.000,0.000,0.000,0.958,3.2,0.00,0.042,—,1.686
trio-casters,naked,35,2,solo,180,200,1.000,0.000,0.000,1.000,0.0,0.00,0.000,—,1.710
trio-casters,naked,35,2,solo,300,200,1.000,0.000,0.000,1.000,0.0,0.00,0.000,—,1.710
trio-casters,naked,35,2,pack,180,200,1.000,0.000,0.000,0.971,1.2,0.00,0.029,—,1.693
trio-casters,naked,35,2,pack,300,200,1.000,0.000,0.000,0.971,1.3,0.00,0.029,—,1.693
trio-casters,naked,35,2,boss,180,200,1.000,0.000,0.000,0.918,4.9,0.00,0.082,—,1.663
trio-casters,naked,35,2,boss,300,200,1.000,0.000,0.000,0.918,4.9,0.00,0.082,—,1.663
trio-casters,naked,35,3,solo,180,200,1.000,0.000,0.000,1.000,0.0,0.00,0.000,—,1.710
trio-casters,naked,35,3,solo,300,200,1.000,0.000,0.000,1.000,0.0,0.00,0.000,—,1.710
trio-casters,naked,35,3,pack,180,200,1.000,0.000,0.000,0.849,4.5,0.00,0.151,—,1.624
trio-casters,naked,35,3,pack,300,200,1.000,0.000,0.000,0.849,4.5,0.00,0.151,—,1.624
trio-casters,naked,35,3,boss,180,200,1.000,0.000,0.000,0.834,8.0,0.00,0.166,—,1.616
trio-casters,naked,35,3,boss,300,200,1.000,0.000,0.000,0.828,8.1,0.00,0.172,—,1.612
trio-casters,naked,35,4,solo,180,200,1.000,0.000,0.000,0.910,1.2,0.00,0.090,—,1.659
trio-casters,naked,35,4,solo,300,200,1.000,0.000,0.000,0.910,1.2,0.00,0.090,—,1.658
trio-casters,naked,35,4,pack,180,200,0.505,0.065,0.430,0.687,10.5,1.74,0.636,—,0.773
trio-casters,naked,35,4,pack,300,200,0.450,0.080,0.470,0.688,10.1,1.82,0.670,—,0.690
trio-casters,naked,35,4,boss,180,200,0.250,0.000,0.750,0.475,43.8,2.48,0.881,—,0.353
trio-casters,naked,35,4,boss,300,200,0.215,0.000,0.785,0.468,47.5,2.56,0.899,—,0.302
trio-casters,naked,35,5,solo,180,200,1.000,0.000,0.000,0.667,5.0,0.55,0.333,—,1.520
trio-casters,naked,35,5,solo,300,200,1.000,0.000,0.000,0.668,4.9,0.50,0.332,—,1.520
trio-casters,naked,35,5,pack,180,200,0.000,0.000,1.000,—,—,3.00,1.000,—,0.000
trio-casters,naked,35,5,pack,300,200,0.000,0.000,1.000,—,—,3.00,1.000,—,0.000
trio-casters,naked,35,5,boss,180,200,0.000,0.000,1.000,—,—,3.00,1.000,—,0.000
trio-casters,naked,35,5,boss,300,200,0.000,0.000,1.000,—,—,3.00,1.000,—,0.000
trio-casters,naked,35,6,solo,180,200,0.000,0.000,1.000,—,—,3.00,1.000,—,0.000
trio-casters,naked,35,6,solo,300,200,0.000,0.000,1.000,—,—,3.00,1.000,—,0.000
trio-casters,naked,35,6,pack,180,200,0.000,0.000,1.000,—,—,3.00,1.000,—,0.000
trio-casters,naked,35,6,pack,300,200,0.000,0.000,1.000,—,—,3.00,1.000,—,0.000
trio-casters,naked,35,6,boss,180,200,0.000,0.000,1.000,—,—,3.00,1.000,—,0.000
trio-casters,naked,35,6,boss,300,200,0.000,0.000,1.000,—,—,3.00,1.000,—,0.000
trio-casters,naked,35,7,solo,180,200,0.000,0.000,1.000,—,—,3.00,1.000,—,0.000
trio-casters,naked,35,7,solo,300,200,0.000,0.000,1.000,—,—,3.00,1.000,—,0.000
trio-casters,naked,35,7,pack,180,200,0.000,0.000,1.000,—,—,3.00,1.000,—,0.000
trio-casters,naked,35,7,pack,300,200,0.000,0.000,1.000,—,—,3.00,1.000,—,0.000
trio-casters,naked,35,7,boss,180,200,0.000,0.000,1.000,—,—,3.00,1.000,—,0.000
trio-casters,naked,35,7,boss,300,200,0.000,0.000,1.000,—,—,3.00,1.000,—,0.000
trio-casters,naked,35,8,solo,180,200,0.000,0.000,1.000,—,—,3.00,1.000,—,0.000
trio-casters,naked,35,8,solo,300,200,0.000,0.000,1.000,—,—,3.00,1.000,—,0.000
trio-casters,naked,35,8,pack,180,200,0.000,0.000,1.000,—,—,3.00,1.000,—,0.000
trio-casters,naked,35,8,pack,300,200,0.000,0.000,1.000,—,—,3.00,1.000,—,0.000
trio-casters,naked,35,8,boss,180,200,0.000,0.000,1.000,—,—,3.00,1.000,—,0.000
trio-casters,naked,35,8,boss,300,200,0.000,0.000,1.000,—,—,3.00,1.000,—,0.000
trio-casters,naked,50,1,solo,180,200,1.000,0.000,0.000,1.000,0.0,0.00,0.000,—,1.800
trio-casters,naked,50,1,solo,300,200,1.000,0.000,0.000,1.000,0.0,0.00,0.000,—,1.800
trio-casters,naked,50,1,pack,180,200,1.000,0.000,0.000,0.988,1.0,0.00,0.012,—,1.793
trio-casters,naked,50,1,pack,300,200,1.000,0.000,0.000,0.988,1.0,0.00,0.012,—,1.793
trio-casters,naked,50,1,boss,180,200,1.000,0.000,0.000,0.982,2.0,0.00,0.018,—,1.789
trio-casters,naked,50,1,boss,300,200,1.000,0.000,0.000,0.982,2.0,0.00,0.018,—,1.789
trio-casters,naked,50,2,solo,180,200,1.000,0.000,0.000,1.000,0.0,0.00,0.000,—,1.800
trio-casters,naked,50,2,solo,300,200,1.000,0.000,0.000,1.000,0.0,0.00,0.000,—,1.800
trio-casters,naked,50,2,pack,180,200,1.000,0.000,0.000,0.978,1.0,0.00,0.022,—,1.787
trio-casters,naked,50,2,pack,300,200,1.000,0.000,0.000,0.978,1.0,0.00,0.022,—,1.787
trio-casters,naked,50,2,boss,180,200,1.000,0.000,0.000,0.936,3.4,0.00,0.064,—,1.762
trio-casters,naked,50,2,boss,300,200,1.000,0.000,0.000,0.936,3.5,0.00,0.064,—,1.762
trio-casters,naked,50,3,solo,180,200,1.000,0.000,0.000,1.000,0.0,0.00,0.000,—,1.800
trio-casters,naked,50,3,solo,300,200,1.000,0.000,0.000,1.000,0.0,0.00,0.000,—,1.800
trio-casters,naked,50,3,pack,180,200,1.000,0.000,0.000,0.892,3.0,0.00,0.108,—,1.735
trio-casters,naked,50,3,pack,300,200,1.000,0.000,0.000,0.891,3.0,0.00,0.109,—,1.734
trio-casters,naked,50,3,boss,180,200,1.000,0.000,0.000,0.922,5.2,0.00,0.078,—,1.753
trio-casters,naked,50,3,boss,300,200,1.000,0.000,0.000,0.929,5.2,0.00,0.071,—,1.757
trio-casters,naked,50,4,solo,180,200,1.000,0.000,0.000,0.994,0.1,0.00,0.006,—,1.796
trio-casters,naked,50,4,solo,300,200,1.000,0.000,0.000,0.992,0.1,0.00,0.008,—,1.795
trio-casters,naked,50,4,pack,180,200,1.000,0.000,0.000,0.804,6.4,0.10,0.196,—,1.683
trio-casters,naked,50,4,pack,300,200,1.000,0.000,0.000,0.810,6.5,0.10,0.190,—,1.686
trio-casters,naked,50,4,boss,180,200,1.000,0.000,0.000,0.798,9.7,0.00,0.202,—,1.679
trio-casters,naked,50,4,boss,300,200,1.000,0.000,0.000,0.801,9.8,0.01,0.199,—,1.681
trio-casters,naked,50,5,solo,180,200,1.000,0.000,0.000,0.867,2.0,0.00,0.133,—,1.720
trio-casters,naked,50,5,solo,300,200,1.000,0.000,0.000,0.868,2.0,0.00,0.132,—,1.721
trio-casters,naked,50,5,pack,180,200,0.245,0.300,0.455,0.491,24.1,2.21,0.815,—,0.366
trio-casters,naked,50,5,pack,300,200,0.220,0.270,0.510,0.507,25.0,2.29,0.830,—,0.331
trio-casters,naked,50,5,boss,180,200,0.000,0.000,1.000,—,—,3.00,1.000,—,0.000
trio-casters,naked,50,5,boss,300,200,0.000,0.000,1.000,—,—,3.00,1.000,—,0.000
trio-casters,naked,50,6,solo,180,200,0.055,0.000,0.945,0.659,5.5,2.85,0.964,—,0.088
trio-casters,naked,50,6,solo,300,200,0.045,0.000,0.955,0.645,5.0,2.87,0.971,—,0.071
trio-casters,naked,50,6,pack,180,200,0.000,0.000,1.000,—,—,3.00,1.000,—,0.000
trio-casters,naked,50,6,pack,300,200,0.000,0.000,1.000,—,—,3.00,1.000,—,0.000
trio-casters,naked,50,6,boss,180,200,0.000,0.000,1.000,—,—,3.00,1.000,—,0.000
trio-casters,naked,50,6,boss,300,200,0.000,0.000,1.000,—,—,3.00,1.000,—,0.000
trio-casters,naked,50,7,solo,180,200,0.000,0.000,1.000,—,—,3.00,1.000,—,0.000
trio-casters,naked,50,7,solo,300,200,0.000,0.000,1.000,—,—,3.00,1.000,—,0.000
trio-casters,naked,50,7,pack,180,200,0.000,0.000,1.000,—,—,3.00,1.000,—,0.000
trio-casters,naked,50,7,pack,300,200,0.000,0.000,1.000,—,—,3.00,1.000,—,0.000
trio-casters,naked,50,7,boss,180,200,0.000,0.000,1.000,—,—,3.00,1.000,—,0.000
trio-casters,naked,50,7,boss,300,200,0.000,0.000,1.000,—,—,3.00,1.000,—,0.000
trio-casters,naked,50,8,solo,180,200,0.000,0.000,1.000,—,—,3.00,1.000,—,0.000
trio-casters,naked,50,8,solo,300,200,0.000,0.000,1.000,—,—,3.00,1.000,—,0.000
trio-casters,naked,50,8,pack,180,200,0.000,0.000,1.000,—,—,3.00,1.000,—,0.000
trio-casters,naked,50,8,pack,300,200,0.000,0.000,1.000,—,—,3.00,1.000,—,0.000
trio-casters,naked,50,8,boss,180,200,0.000,0.000,1.000,—,—,3.00,1.000,—,0.000
trio-casters,naked,50,8,boss,300,200,0.000,0.000,1.000,—,—,3.00,1.000,—,0.000
trio-casters,geared,1,1,solo,180,200,1.000,0.000,0.000,0.946,3.1,0.00,0.054,—,1.479
trio-casters,geared,1,1,solo,300,200,1.000,0.000,0.000,0.950,2.8,0.00,0.050,—,1.481
trio-casters,geared,1,1,pack,180,200,1.000,0.000,0.000,0.916,15.5,0.00,0.084,—,1.464
trio-casters,geared,1,1,pack,300,200,1.000,0.000,0.000,0.918,15.5,0.00,0.082,—,1.465
trio-casters,geared,1,1,boss,180,200,1.000,0.000,0.000,0.870,30.3,0.00,0.130,—,1.441
trio-casters,geared,1,1,boss,300,200,1.000,0.000,0.000,0.873,30.7,0.00,0.127,—,1.442
trio-casters,geared,1,2,solo,180,200,1.000,0.000,0.000,0.898,6.9,0.00,0.102,—,1.455
trio-casters,geared,1,2,solo,300,200,1.000,0.000,0.000,0.897,6.9,0.00,0.103,—,1.454
trio-casters,geared,1,2,pack,180,200,0.000,0.000,1.000,—,—,3.00,1.000,—,0.000
trio-casters,geared,1,2,pack,300,200,0.000,0.000,1.000,—,—,3.00,1.000,—,0.000
trio-casters,geared,1,2,boss,180,200,0.020,0.000,0.980,0.246,70.0,2.96,0.995,—,0.023
trio-casters,geared,1,2,boss,300,200,0.000,0.000,1.000,—,—,3.00,1.000,—,0.000
trio-casters,geared,1,3,solo,180,200,0.975,0.000,0.025,0.555,18.0,0.69,0.459,—,1.250
trio-casters,geared,1,3,solo,300,200,0.980,0.000,0.020,0.557,17.9,0.63,0.454,—,1.258
trio-casters,geared,1,3,pack,180,200,0.000,0.000,1.000,—,—,3.00,1.000,—,0.000
trio-casters,geared,1,3,pack,300,200,0.000,0.000,1.000,—,—,3.00,1.000,—,0.000
trio-casters,geared,1,3,boss,180,200,0.000,0.000,1.000,—,—,3.00,1.000,—,0.000
trio-casters,geared,1,3,boss,300,200,0.000,0.000,1.000,—,—,3.00,1.000,—,0.000
trio-casters,geared,1,4,solo,180,200,0.000,0.000,1.000,—,—,3.00,1.000,—,0.000
trio-casters,geared,1,4,solo,300,200,0.000,0.000,1.000,—,—,3.00,1.000,—,0.000
trio-casters,geared,1,4,pack,180,200,0.000,0.000,1.000,—,—,3.00,1.000,—,0.000
trio-casters,geared,1,4,pack,300,200,0.000,0.000,1.000,—,—,3.00,1.000,—,0.000
trio-casters,geared,1,4,boss,180,200,0.000,0.000,1.000,—,—,3.00,1.000,—,0.000
trio-casters,geared,1,4,boss,300,200,0.000,0.000,1.000,—,—,3.00,1.000,—,0.000
trio-casters,geared,1,5,solo,180,200,0.000,0.000,1.000,—,—,3.00,1.000,—,0.000
trio-casters,geared,1,5,solo,300,200,0.000,0.000,1.000,—,—,3.00,1.000,—,0.000
trio-casters,geared,1,5,pack,180,200,0.000,0.000,1.000,—,—,3.00,1.000,—,0.000
trio-casters,geared,1,5,pack,300,200,0.000,0.000,1.000,—,—,3.00,1.000,—,0.000
trio-casters,geared,1,5,boss,180,200,0.000,0.000,1.000,—,—,3.00,1.000,—,0.000
trio-casters,geared,1,5,boss,300,200,0.000,0.000,1.000,—,—,3.00,1.000,—,0.000
trio-casters,geared,1,6,solo,180,200,0.000,0.000,1.000,—,—,3.00,1.000,—,0.000
trio-casters,geared,1,6,solo,300,200,0.000,0.000,1.000,—,—,3.00,1.000,—,0.000
trio-casters,geared,1,6,pack,180,200,0.000,0.000,1.000,—,—,3.00,1.000,—,0.000
trio-casters,geared,1,6,pack,300,200,0.000,0.000,1.000,—,—,3.00,1.000,—,0.000
trio-casters,geared,1,6,boss,180,200,0.000,0.000,1.000,—,—,3.00,1.000,—,0.000
trio-casters,geared,1,6,boss,300,200,0.000,0.000,1.000,—,—,3.00,1.000,—,0.000
trio-casters,geared,1,7,solo,180,200,0.000,0.000,1.000,—,—,3.00,1.000,—,0.000
trio-casters,geared,1,7,solo,300,200,0.000,0.000,1.000,—,—,3.00,1.000,—,0.000
trio-casters,geared,1,7,pack,180,200,0.000,0.000,1.000,—,—,3.00,1.000,—,0.000
trio-casters,geared,1,7,pack,300,200,0.000,0.000,1.000,—,—,3.00,1.000,—,0.000
trio-casters,geared,1,7,boss,180,200,0.000,0.000,1.000,—,—,3.00,1.000,—,0.000
trio-casters,geared,1,7,boss,300,200,0.000,0.000,1.000,—,—,3.00,1.000,—,0.000
trio-casters,geared,1,8,solo,180,200,0.000,0.000,1.000,—,—,3.00,1.000,—,0.000
trio-casters,geared,1,8,solo,300,200,0.000,0.000,1.000,—,—,3.00,1.000,—,0.000
trio-casters,geared,1,8,pack,180,200,0.000,0.000,1.000,—,—,3.00,1.000,—,0.000
trio-casters,geared,1,8,pack,300,200,0.000,0.000,1.000,—,—,3.00,1.000,—,0.000
trio-casters,geared,1,8,boss,180,200,0.000,0.000,1.000,—,—,3.00,1.000,—,0.000
trio-casters,geared,1,8,boss,300,200,0.000,0.000,1.000,—,—,3.00,1.000,—,0.000
trio-casters,geared,5,1,solo,180,200,1.000,0.000,0.000,1.000,0.0,0.00,0.000,—,1.530
trio-casters,geared,5,1,solo,300,200,1.000,0.000,0.000,1.000,0.0,0.00,0.000,—,1.530
trio-casters,geared,5,1,pack,180,200,1.000,0.000,0.000,0.924,7.4,0.00,0.076,—,1.491
trio-casters,geared,5,1,pack,300,200,1.000,0.000,0.000,0.918,7.5,0.00,0.082,—,1.488
trio-casters,geared,5,1,boss,180,200,1.000,0.000,0.000,0.946,13.1,0.00,0.054,—,1.502
trio-casters,geared,5,1,boss,300,200,1.000,0.000,0.000,0.945,13.3,0.00,0.055,—,1.502
trio-casters,geared,5,2,solo,180,200,1.000,0.000,0.000,0.949,2.5,0.00,0.051,—,1.504
trio-casters,geared,5,2,solo,300,200,1.000,0.000,0.000,0.949,2.5,0.00,0.051,—,1.504
trio-casters,geared,5,2,pack,180,200,1.000,0.000,0.000,0.840,13.5,0.04,0.160,—,1.448
trio-casters,geared,5,2,pack,300,200,1.000,0.000,0.000,0.846,13.1,0.03,0.154,—,1.451
trio-casters,geared,5,2,boss,180,200,1.000,0.000,0.000,0.818,25.4,0.05,0.182,—,1.437
trio-casters,geared,5,2,boss,300,200,1.000,0.000,0.000,0.799,25.3,0.06,0.201,—,1.427
trio-casters,geared,5,3,solo,180,200,1.000,0.000,0.000,0.908,5.3,0.00,0.092,—,1.483
trio-casters,geared,5,3,solo,300,200,1.000,0.000,0.000,0.916,5.3,0.00,0.084,—,1.487
trio-casters,geared,5,3,pack,180,200,0.000,0.000,1.000,—,—,3.00,1.000,—,0.000
trio-casters,geared,5,3,pack,300,200,0.000,0.000,1.000,—,—,3.00,1.000,—,0.000
trio-casters,geared,5,3,boss,180,200,0.000,0.000,1.000,—,—,3.00,1.000,—,0.000
trio-casters,geared,5,3,boss,300,200,0.000,0.000,1.000,—,—,3.00,1.000,—,0.000
trio-casters,geared,5,4,solo,180,200,0.415,0.000,0.585,0.476,17.2,2.15,0.802,—,0.524
trio-casters,geared,5,4,solo,300,200,0.395,0.000,0.605,0.474,17.5,2.19,0.813,—,0.498
trio-casters,geared,5,4,pack,180,200,0.000,0.000,1.000,—,—,3.00,1.000,—,0.000
trio-casters,geared,5,4,pack,300,200,0.000,0.000,1.000,—,—,3.00,1.000,—,0.000
trio-casters,geared,5,4,boss,180,200,0.000,0.000,1.000,—,—,3.00,1.000,—,0.000
trio-casters,geared,5,4,boss,300,200,0.000,0.000,1.000,—,—,3.00,1.000,—,0.000
trio-casters,geared,5,5,solo,180,200,0.000,0.000,1.000,—,—,3.00,1.000,—,0.000
trio-casters,geared,5,5,solo,300,200,0.000,0.000,1.000,—,—,3.00,1.000,—,0.000
trio-casters,geared,5,5,pack,180,200,0.000,0.000,1.000,—,—,3.00,1.000,—,0.000
trio-casters,geared,5,5,pack,300,200,0.000,0.000,1.000,—,—,3.00,1.000,—,0.000
trio-casters,geared,5,5,boss,180,200,0.000,0.000,1.000,—,—,3.00,1.000,—,0.000
trio-casters,geared,5,5,boss,300,200,0.000,0.000,1.000,—,—,3.00,1.000,—,0.000
trio-casters,geared,5,6,solo,180,200,0.000,0.000,1.000,—,—,3.00,1.000,—,0.000
trio-casters,geared,5,6,solo,300,200,0.000,0.000,1.000,—,—,3.00,1.000,—,0.000
trio-casters,geared,5,6,pack,180,200,0.000,0.000,1.000,—,—,3.00,1.000,—,0.000
trio-casters,geared,5,6,pack,300,200,0.000,0.000,1.000,—,—,3.00,1.000,—,0.000
trio-casters,geared,5,6,boss,180,200,0.000,0.000,1.000,—,—,3.00,1.000,—,0.000
trio-casters,geared,5,6,boss,300,200,0.000,0.000,1.000,—,—,3.00,1.000,—,0.000
trio-casters,geared,5,7,solo,180,200,0.000,0.000,1.000,—,—,3.00,1.000,—,0.000
trio-casters,geared,5,7,solo,300,200,0.000,0.000,1.000,—,—,3.00,1.000,—,0.000
trio-casters,geared,5,7,pack,180,200,0.000,0.000,1.000,—,—,3.00,1.000,—,0.000
trio-casters,geared,5,7,pack,300,200,0.000,0.000,1.000,—,—,3.00,1.000,—,0.000
trio-casters,geared,5,7,boss,180,200,0.000,0.000,1.000,—,—,3.00,1.000,—,0.000
trio-casters,geared,5,7,boss,300,200,0.000,0.000,1.000,—,—,3.00,1.000,—,0.000
trio-casters,geared,5,8,solo,180,200,0.000,0.000,1.000,—,—,3.00,1.000,—,0.000
trio-casters,geared,5,8,solo,300,200,0.000,0.000,1.000,—,—,3.00,1.000,—,0.000
trio-casters,geared,5,8,pack,180,200,0.000,0.000,1.000,—,—,3.00,1.000,—,0.000
trio-casters,geared,5,8,pack,300,200,0.000,0.000,1.000,—,—,3.00,1.000,—,0.000
trio-casters,geared,5,8,boss,180,200,0.000,0.000,1.000,—,—,3.00,1.000,—,0.000
trio-casters,geared,5,8,boss,300,200,0.000,0.000,1.000,—,—,3.00,1.000,—,0.000
trio-casters,geared,10,1,solo,180,200,1.000,0.000,0.000,1.000,0.0,0.00,0.000,—,1.560
trio-casters,geared,10,1,solo,300,200,1.000,0.000,0.000,1.000,0.0,0.00,0.000,—,1.560
trio-casters,geared,10,1,pack,180,200,1.000,0.000,0.000,0.963,3.0,0.00,0.037,—,1.541
trio-casters,geared,10,1,pack,300,200,1.000,0.000,0.000,0.963,3.0,0.00,0.037,—,1.541
trio-casters,geared,10,1,boss,180,200,1.000,0.000,0.000,0.908,7.1,0.00,0.092,—,1.512
trio-casters,geared,10,1,boss,300,200,1.000,0.000,0.000,0.907,7.1,0.00,0.093,—,1.512
trio-casters,geared,10,2,solo,180,200,1.000,0.000,0.000,1.000,0.0,0.00,0.000,—,1.560
trio-casters,geared,10,2,solo,300,200,1.000,0.000,0.000,1.000,0.0,0.00,0.000,—,1.560
trio-casters,geared,10,2,pack,180,200,1.000,0.000,0.000,0.923,5.9,0.00,0.077,—,1.520
trio-casters,geared,10,2,pack,300,200,1.000,0.000,0.000,0.922,5.8,0.00,0.078,—,1.519
trio-casters,geared,10,2,boss,180,200,1.000,0.000,0.000,0.933,12.8,0.00,0.067,—,1.525
trio-casters,geared,10,2,boss,300,200,1.000,0.000,0.000,0.930,13.0,0.00,0.070,—,1.524
trio-casters,geared,10,3,solo,180,200,1.000,0.000,0.000,0.901,2.5,0.00,0.099,—,1.508
trio-casters,geared,10,3,solo,300,200,1.000,0.000,0.000,0.896,2.6,0.00,0.104,—,1.506
trio-casters,geared,10,3,pack,180,200,0.665,0.040,0.295,0.598,30.1,1.59,0.592,—,0.899
trio-casters,geared,10,3,pack,300,200,0.700,0.040,0.260,0.603,30.5,1.51,0.567,—,0.947
trio-casters,geared,10,3,boss,180,200,0.475,0.065,0.460,0.566,32.0,1.81,0.724,—,0.634
trio-casters,geared,10,3,boss,300,200,0.435,0.065,0.500,0.594,33.5,1.90,0.735,—,0.587
trio-casters,geared,10,4,solo,180,200,1.000,0.000,0.000,0.854,5.8,0.01,0.146,—,1.484
trio-casters,geared,10,4,solo,300,200,1.000,0.000,0.000,0.842,5.8,0.01,0.158,—,1.478
trio-casters,geared,10,4,pack,180,200,0.000,0.000,1.000,—,—,3.00,1.000,—,0.000
trio-casters,geared,10,4,pack,300,200,0.000,0.000,1.000,—,—,3.00,1.000,—,0.000
trio-casters,geared,10,4,boss,180,200,0.000,0.000,1.000,—,—,3.00,1.000,—,0.000
trio-casters,geared,10,4,boss,300,200,0.000,0.000,1.000,—,—,3.00,1.000,—,0.000
trio-casters,geared,10,5,solo,180,200,0.065,0.000,0.935,0.402,17.7,2.90,0.974,—,0.081
trio-casters,geared,10,5,solo,300,200,0.060,0.000,0.940,0.376,18.8,2.92,0.977,—,0.074
trio-casters,geared,10,5,pack,180,200,0.000,0.000,1.000,—,—,3.00,1.000,—,0.000
trio-casters,geared,10,5,pack,300,200,0.000,0.000,1.000,—,—,3.00,1.000,—,0.000
trio-casters,geared,10,5,boss,180,200,0.000,0.000,1.000,—,—,3.00,1.000,—,0.000
trio-casters,geared,10,5,boss,300,200,0.000,0.000,1.000,—,—,3.00,1.000,—,0.000
trio-casters,geared,10,6,solo,180,200,0.000,0.000,1.000,—,—,3.00,1.000,—,0.000
trio-casters,geared,10,6,solo,300,200,0.000,0.000,1.000,—,—,3.00,1.000,—,0.000
trio-casters,geared,10,6,pack,180,200,0.000,0.000,1.000,—,—,3.00,1.000,—,0.000
trio-casters,geared,10,6,pack,300,200,0.000,0.000,1.000,—,—,3.00,1.000,—,0.000
trio-casters,geared,10,6,boss,180,200,0.000,0.000,1.000,—,—,3.00,1.000,—,0.000
trio-casters,geared,10,6,boss,300,200,0.000,0.000,1.000,—,—,3.00,1.000,—,0.000
trio-casters,geared,10,7,solo,180,200,0.000,0.000,1.000,—,—,3.00,1.000,—,0.000
trio-casters,geared,10,7,solo,300,200,0.000,0.000,1.000,—,—,3.00,1.000,—,0.000
trio-casters,geared,10,7,pack,180,200,0.000,0.000,1.000,—,—,3.00,1.000,—,0.000
trio-casters,geared,10,7,pack,300,200,0.000,0.000,1.000,—,—,3.00,1.000,—,0.000
trio-casters,geared,10,7,boss,180,200,0.000,0.000,1.000,—,—,3.00,1.000,—,0.000
trio-casters,geared,10,7,boss,300,200,0.000,0.000,1.000,—,—,3.00,1.000,—,0.000
trio-casters,geared,10,8,solo,180,200,0.000,0.000,1.000,—,—,3.00,1.000,—,0.000
trio-casters,geared,10,8,solo,300,200,0.000,0.000,1.000,—,—,3.00,1.000,—,0.000
trio-casters,geared,10,8,pack,180,200,0.000,0.000,1.000,—,—,3.00,1.000,—,0.000
trio-casters,geared,10,8,pack,300,200,0.000,0.000,1.000,—,—,3.00,1.000,—,0.000
trio-casters,geared,10,8,boss,180,200,0.000,0.000,1.000,—,—,3.00,1.000,—,0.000
trio-casters,geared,10,8,boss,300,200,0.000,0.000,1.000,—,—,3.00,1.000,—,0.000
trio-casters,geared,20,1,solo,180,200,1.000,0.000,0.000,1.000,0.0,0.00,0.000,—,1.620
trio-casters,geared,20,1,solo,300,200,1.000,0.000,0.000,1.000,0.0,0.00,0.000,—,1.620
trio-casters,geared,20,1,pack,180,200,1.000,0.000,0.000,0.984,1.4,0.00,0.016,—,1.611
trio-casters,geared,20,1,pack,300,200,1.000,0.000,0.000,0.984,1.4,0.00,0.016,—,1.611
trio-casters,geared,20,1,boss,180,200,1.000,0.000,0.000,0.951,4.2,0.00,0.049,—,1.594
trio-casters,geared,20,1,boss,300,200,1.000,0.000,0.000,0.951,4.2,0.00,0.049,—,1.594
trio-casters,geared,20,2,solo,180,200,1.000,0.000,0.000,1.000,0.0,0.00,0.000,—,1.620
trio-casters,geared,20,2,solo,300,200,1.000,0.000,0.000,1.000,0.0,0.00,0.000,—,1.620
trio-casters,geared,20,2,pack,180,200,1.000,0.000,0.000,0.942,3.2,0.00,0.058,—,1.589
trio-casters,geared,20,2,pack,300,200,1.000,0.000,0.000,0.944,3.1,0.00,0.056,—,1.590
trio-casters,geared,20,2,boss,180,200,1.000,0.000,0.000,0.923,6.0,0.00,0.077,—,1.579
trio-casters,geared,20,2,boss,300,200,1.000,0.000,0.000,0.926,5.9,0.00,0.074,—,1.580
trio-casters,geared,20,3,solo,180,200,1.000,0.000,0.000,1.000,0.0,0.00,0.000,—,1.620
trio-casters,geared,20,3,solo,300,200,1.000,0.000,0.000,1.000,0.0,0.00,0.000,—,1.620
trio-casters,geared,20,3,pack,180,200,1.000,0.000,0.000,0.904,5.3,0.00,0.096,—,1.568
trio-casters,geared,20,3,pack,300,200,1.000,0.000,0.000,0.896,5.3,0.00,0.104,—,1.564
trio-casters,geared,20,3,boss,180,200,1.000,0.000,0.000,0.872,10.7,0.00,0.128,—,1.551
trio-casters,geared,20,3,boss,300,200,1.000,0.000,0.000,0.862,10.7,0.00,0.138,—,1.545
trio-casters,geared,20,4,solo,180,200,1.000,0.000,0.000,0.905,2.3,0.00,0.095,—,1.569
trio-casters,geared,20,4,solo,300,200,1.000,0.000,0.000,0.906,2.3,0.00,0.094,—,1.569
trio-casters,geared,20,4,pack,180,200,0.455,0.000,0.545,0.591,23.7,2.09,0.731,—,0.637
trio-casters,geared,20,4,pack,300,200,0.470,0.000,0.530,0.591,23.3,2.06,0.722,—,0.658
trio-casters,geared,20,4,boss,180,200,0.020,0.000,0.980,0.377,62.5,2.97,0.992,—,0.026
trio-casters,geared,20,4,boss,300,200,0.010,0.000,0.990,0.360,55.0,2.98,0.996,—,0.013
trio-casters,geared,20,5,solo,180,200,0.945,0.000,0.055,0.579,7.9,0.69,0.453,—,1.316
trio-casters,geared,20,5,solo,300,200,0.920,0.000,0.080,0.599,7.7,0.66,0.449,—,1.291
trio-casters,geared,20,5,pack,180,200,0.000,0.000,1.000,—,—,3.00,1.000,—,0.000
trio-casters,geared,20,5,pack,300,200,0.000,0.000,1.000,—,—,3.00,1.000,—,0.000
trio-casters,geared,20,5,boss,180,200,0.000,0.000,1.000,—,—,3.00,1.000,—,0.000
trio-casters,geared,20,5,boss,300,200,0.000,0.000,1.000,—,—,3.00,1.000,—,0.000
trio-casters,geared,20,6,solo,180,200,0.000,0.000,1.000,—,—,3.00,1.000,—,0.000
trio-casters,geared,20,6,solo,300,200,0.000,0.000,1.000,—,—,3.00,1.000,—,0.000
trio-casters,geared,20,6,pack,180,200,0.000,0.000,1.000,—,—,3.00,1.000,—,0.000
trio-casters,geared,20,6,pack,300,200,0.000,0.000,1.000,—,—,3.00,1.000,—,0.000
trio-casters,geared,20,6,boss,180,200,0.000,0.000,1.000,—,—,3.00,1.000,—,0.000
trio-casters,geared,20,6,boss,300,200,0.000,0.000,1.000,—,—,3.00,1.000,—,0.000
trio-casters,geared,20,7,solo,180,200,0.000,0.000,1.000,—,—,3.00,1.000,—,0.000
trio-casters,geared,20,7,solo,300,200,0.000,0.000,1.000,—,—,3.00,1.000,—,0.000
trio-casters,geared,20,7,pack,180,200,0.000,0.000,1.000,—,—,3.00,1.000,—,0.000
trio-casters,geared,20,7,pack,300,200,0.000,0.000,1.000,—,—,3.00,1.000,—,0.000
trio-casters,geared,20,7,boss,180,200,0.000,0.000,1.000,—,—,3.00,1.000,—,0.000
trio-casters,geared,20,7,boss,300,200,0.000,0.000,1.000,—,—,3.00,1.000,—,0.000
trio-casters,geared,20,8,solo,180,200,0.000,0.000,1.000,—,—,3.00,1.000,—,0.000
trio-casters,geared,20,8,solo,300,200,0.000,0.000,1.000,—,—,3.00,1.000,—,0.000
trio-casters,geared,20,8,pack,180,200,0.000,0.000,1.000,—,—,3.00,1.000,—,0.000
trio-casters,geared,20,8,pack,300,200,0.000,0.000,1.000,—,—,3.00,1.000,—,0.000
trio-casters,geared,20,8,boss,180,200,0.000,0.000,1.000,—,—,3.00,1.000,—,0.000
trio-casters,geared,20,8,boss,300,200,0.000,0.000,1.000,—,—,3.00,1.000,—,0.000
trio-casters,geared,35,1,solo,180,200,1.000,0.000,0.000,1.000,0.0,0.00,0.000,—,1.710
trio-casters,geared,35,1,solo,300,200,1.000,0.000,0.000,1.000,0.0,0.00,0.000,—,1.710
trio-casters,geared,35,1,pack,180,200,1.000,0.000,0.000,0.989,1.1,0.00,0.011,—,1.704
trio-casters,geared,35,1,pack,300,200,1.000,0.000,0.000,0.989,1.1,0.00,0.011,—,1.704
trio-casters,geared,35,1,boss,180,200,1.000,0.000,0.000,0.983,2.2,0.00,0.017,—,1.700
trio-casters,geared,35,1,boss,300,200,1.000,0.000,0.000,0.983,2.2,0.00,0.017,—,1.700
trio-casters,geared,35,2,solo,180,200,1.000,0.000,0.000,1.000,0.0,0.00,0.000,—,1.710
trio-casters,geared,35,2,solo,300,200,1.000,0.000,0.000,1.000,0.0,0.00,0.000,—,1.710
trio-casters,geared,35,2,pack,180,200,1.000,0.000,0.000,0.979,1.1,0.00,0.021,—,1.698
trio-casters,geared,35,2,pack,300,200,1.000,0.000,0.000,0.979,1.1,0.00,0.021,—,1.698
trio-casters,geared,35,2,boss,180,200,1.000,0.000,0.000,0.939,4.0,0.00,0.061,—,1.675
trio-casters,geared,35,2,boss,300,200,1.000,0.000,0.000,0.939,4.0,0.00,0.061,—,1.675
trio-casters,geared,35,3,solo,180,200,1.000,0.000,0.000,1.000,0.0,0.00,0.000,—,1.710
trio-casters,geared,35,3,solo,300,200,1.000,0.000,0.000,1.000,0.0,0.00,0.000,—,1.710
trio-casters,geared,35,3,pack,180,200,1.000,0.000,0.000,0.894,3.3,0.00,0.106,—,1.649
trio-casters,geared,35,3,pack,300,200,1.000,0.000,0.000,0.892,3.4,0.00,0.108,—,1.648
trio-casters,geared,35,3,boss,180,200,1.000,0.000,0.000,0.930,5.7,0.00,0.070,—,1.670
trio-casters,geared,35,3,boss,300,200,1.000,0.000,0.000,0.926,5.7,0.00,0.074,—,1.668
trio-casters,geared,35,4,solo,180,200,1.000,0.000,0.000,0.986,0.2,0.00,0.014,—,1.702
trio-casters,geared,35,4,solo,300,200,1.000,0.000,0.000,0.989,0.2,0.00,0.011,—,1.704
trio-casters,geared,35,4,pack,180,200,1.000,0.000,0.000,0.858,5.9,0.04,0.142,—,1.629
trio-casters,geared,35,4,pack,300,200,1.000,0.000,0.000,0.852,6.1,0.06,0.148,—,1.626
trio-casters,geared,35,4,boss,180,200,1.000,0.000,0.000,0.887,10.6,0.01,0.113,—,1.646
trio-casters,geared,35,4,boss,300,200,1.000,0.000,0.000,0.891,10.5,0.01,0.109,—,1.648
trio-casters,geared,35,5,solo,180,200,1.000,0.000,0.000,0.863,2.4,0.00,0.137,—,1.632
trio-casters,geared,35,5,solo,300,200,1.000,0.000,0.000,0.869,2.3,0.00,0.131,—,1.635
trio-casters,geared,35,5,pack,180,200,0.215,0.205,0.580,0.515,25.2,2.37,0.843,—,0.308
trio-casters,geared,35,5,pack,300,200,0.200,0.200,0.600,0.519,25.6,2.40,0.851,—,0.287
trio-casters,geared,35,5,boss,180,200,0.000,0.000,1.000,—,—,3.00,1.000,—,0.000
trio-casters,geared,35,5,boss,300,200,0.000,0.000,1.000,—,—,3.00,1.000,—,0.000
trio-casters,geared,35,6,solo,180,200,0.065,0.000,0.935,0.707,5.5,2.81,0.954,—,0.100
trio-casters,geared,35,6,solo,300,200,0.025,0.000,0.975,0.701,5.4,2.92,0.982,—,0.038
trio-casters,geared,35,6,pack,180,200,0.000,0.000,1.000,—,—,3.00,1.000,—,0.000
trio-casters,geared,35,6,pack,300,200,0.000,0.000,1.000,—,—,3.00,1.000,—,0.000
trio-casters,geared,35,6,boss,180,200,0.000,0.000,1.000,—,—,3.00,1.000,—,0.000
trio-casters,geared,35,6,boss,300,200,0.000,0.000,1.000,—,—,3.00,1.000,—,0.000
trio-casters,geared,35,7,solo,180,200,0.000,0.000,1.000,—,—,3.00,1.000,—,0.000
trio-casters,geared,35,7,solo,300,200,0.000,0.000,1.000,—,—,3.00,1.000,—,0.000
trio-casters,geared,35,7,pack,180,200,0.000,0.000,1.000,—,—,3.00,1.000,—,0.000
trio-casters,geared,35,7,pack,300,200,0.000,0.000,1.000,—,—,3.00,1.000,—,0.000
trio-casters,geared,35,7,boss,180,200,0.000,0.000,1.000,—,—,3.00,1.000,—,0.000
trio-casters,geared,35,7,boss,300,200,0.000,0.000,1.000,—,—,3.00,1.000,—,0.000
trio-casters,geared,35,8,solo,180,200,0.000,0.000,1.000,—,—,3.00,1.000,—,0.000
trio-casters,geared,35,8,solo,300,200,0.000,0.000,1.000,—,—,3.00,1.000,—,0.000
trio-casters,geared,35,8,pack,180,200,0.000,0.000,1.000,—,—,3.00,1.000,—,0.000
trio-casters,geared,35,8,pack,300,200,0.000,0.000,1.000,—,—,3.00,1.000,—,0.000
trio-casters,geared,35,8,boss,180,200,0.000,0.000,1.000,—,—,3.00,1.000,—,0.000
trio-casters,geared,35,8,boss,300,200,0.000,0.000,1.000,—,—,3.00,1.000,—,0.000
trio-casters,geared,50,1,solo,180,200,1.000,0.000,0.000,1.000,0.0,0.00,0.000,—,1.800
trio-casters,geared,50,1,solo,300,200,1.000,0.000,0.000,1.000,0.0,0.00,0.000,—,1.800
trio-casters,geared,50,1,pack,180,200,1.000,0.000,0.000,1.000,0.0,0.00,0.000,—,1.800
trio-casters,geared,50,1,pack,300,200,1.000,0.000,0.000,1.000,0.0,0.00,0.000,—,1.800
trio-casters,geared,50,1,boss,180,200,1.000,0.000,0.000,0.987,1.6,0.00,0.013,—,1.792
trio-casters,geared,50,1,boss,300,200,1.000,0.000,0.000,0.987,1.5,0.00,0.013,—,1.792
trio-casters,geared,50,2,solo,180,200,1.000,0.000,0.000,1.000,0.0,0.00,0.000,—,1.800
trio-casters,geared,50,2,solo,300,200,1.000,0.000,0.000,1.000,0.0,0.00,0.000,—,1.800
trio-casters,geared,50,2,pack,180,200,1.000,0.000,0.000,0.984,1.0,0.00,0.016,—,1.790
trio-casters,geared,50,2,pack,300,200,1.000,0.000,0.000,0.984,1.0,0.00,0.016,—,1.790
trio-casters,geared,50,2,boss,180,200,1.000,0.000,0.000,0.963,2.6,0.00,0.037,—,1.778
trio-casters,geared,50,2,boss,300,200,1.000,0.000,0.000,0.961,2.7,0.00,0.039,—,1.777
trio-casters,geared,50,3,solo,180,200,1.000,0.000,0.000,1.000,0.0,0.00,0.000,—,1.800
trio-casters,geared,50,3,solo,300,200,1.000,0.000,0.000,1.000,0.0,0.00,0.000,—,1.800
trio-casters,geared,50,3,pack,180,200,1.000,0.000,0.000,0.971,1.0,0.00,0.029,—,1.783
trio-casters,geared,50,3,pack,300,200,1.000,0.000,0.000,0.972,1.0,0.00,0.028,—,1.783
trio-casters,geared,50,3,boss,180,200,1.000,0.000,0.000,0.916,4.6,0.00,0.084,—,1.750
trio-casters,geared,50,3,boss,300,200,1.000,0.000,0.000,0.916,4.5,0.00,0.084,—,1.750
trio-casters,geared,50,4,solo,180,200,1.000,0.000,0.000,1.000,0.0,0.00,0.000,—,1.800
trio-casters,geared,50,4,solo,300,200,1.000,0.000,0.000,1.000,0.0,0.00,0.000,—,1.800
trio-casters,geared,50,4,pack,180,200,1.000,0.000,0.000,0.847,4.0,0.00,0.153,—,1.708
trio-casters,geared,50,4,pack,300,200,1.000,0.000,0.000,0.847,4.0,0.00,0.153,—,1.708
trio-casters,geared,50,4,boss,180,200,1.000,0.000,0.000,0.850,6.9,0.00,0.150,—,1.710
trio-casters,geared,50,4,boss,300,200,1.000,0.000,0.000,0.853,7.0,0.00,0.147,—,1.712
trio-casters,geared,50,5,solo,180,200,1.000,0.000,0.000,0.908,1.0,0.00,0.092,—,1.745
trio-casters,geared,50,5,solo,300,200,1.000,0.000,0.000,0.908,1.0,0.00,0.092,—,1.745
trio-casters,geared,50,5,pack,180,200,0.625,0.140,0.235,0.657,13.0,1.33,0.554,—,0.997
trio-casters,geared,50,5,pack,300,200,0.525,0.165,0.310,0.662,12.0,1.51,0.610,—,0.839
trio-casters,geared,50,5,boss,180,200,0.275,0.000,0.725,0.624,33.8,2.35,0.828,—,0.433
trio-casters,geared,50,5,boss,300,200,0.200,0.000,0.800,0.644,29.5,2.52,0.871,—,0.317
trio-casters,geared,50,6,solo,180,200,1.000,0.000,0.000,0.685,4.8,0.69,0.315,—,1.611
trio-casters,geared,50,6,solo,300,200,1.000,0.000,0.000,0.687,5.0,0.79,0.313,—,1.612
trio-casters,geared,50,6,pack,180,200,0.000,0.000,1.000,—,—,3.00,1.000,—,0.000
trio-casters,geared,50,6,pack,300,200,0.000,0.000,1.000,—,—,3.00,1.000,—,0.000
trio-casters,geared,50,6,boss,180,200,0.000,0.000,1.000,—,—,3.00,1.000,—,0.000
trio-casters,geared,50,6,boss,300,200,0.000,0.000,1.000,—,—,3.00,1.000,—,0.000
trio-casters,geared,50,7,solo,180,200,0.255,0.000,0.745,0.457,10.4,2.40,0.884,—,0.376
trio-casters,geared,50,7,solo,300,200,0.190,0.000,0.810,0.455,10.1,2.54,0.913,—,0.280
trio-casters,geared,50,7,pack,180,200,0.000,0.000,1.000,—,—,3.00,1.000,—,0.000
trio-casters,geared,50,7,pack,300,200,0.000,0.000,1.000,—,—,3.00,1.000,—,0.000
trio-casters,geared,50,7,boss,180,200,0.000,0.000,1.000,—,—,3.00,1.000,—,0.000
trio-casters,geared,50,7,boss,300,200,0.000,0.000,1.000,—,—,3.00,1.000,—,0.000
trio-casters,geared,50,8,solo,180,200,0.000,0.000,1.000,—,—,3.00,1.000,—,0.000
trio-casters,geared,50,8,solo,300,200,0.000,0.000,1.000,—,—,3.00,1.000,—,0.000
trio-casters,geared,50,8,pack,180,200,0.000,0.000,1.000,—,—,3.00,1.000,—,0.000
trio-casters,geared,50,8,pack,300,200,0.000,0.000,1.000,—,—,3.00,1.000,—,0.000
trio-casters,geared,50,8,boss,180,200,0.000,0.000,1.000,—,—,3.00,1.000,—,0.000
trio-casters,geared,50,8,boss,300,200,0.000,0.000,1.000,—,—,3.00,1.000,—,0.000
trio-casters,full-build,1,1,solo,180,200,1.000,0.000,0.000,1.000,0.0,0.00,0.000,—,1.506
trio-casters,full-build,1,1,solo,300,200,1.000,0.000,0.000,1.000,0.0,0.00,0.000,—,1.506
trio-casters,full-build,1,1,pack,180,200,1.000,0.000,0.000,0.918,10.2,0.00,0.082,—,1.465
trio-casters,full-build,1,1,pack,300,200,1.000,0.000,0.000,0.920,10.2,0.00,0.080,—,1.466
trio-casters,full-build,1,1,boss,180,200,1.000,0.000,0.000,0.902,19.8,0.00,0.098,—,1.457
trio-casters,full-build,1,1,boss,300,200,1.000,0.000,0.000,0.889,20.0,0.00,0.111,—,1.450
trio-casters,full-build,1,2,solo,180,200,1.000,0.000,0.000,0.910,4.2,0.00,0.090,—,1.461
trio-casters,full-build,1,2,solo,300,200,1.000,0.000,0.000,0.910,4.3,0.00,0.090,—,1.461
trio-casters,full-build,1,2,pack,180,200,1.000,0.000,0.000,0.681,26.3,0.56,0.319,—,1.346
trio-casters,full-build,1,2,pack,300,200,1.000,0.000,0.000,0.668,27.8,0.64,0.332,—,1.339
trio-casters,full-build,1,2,boss,180,200,0.975,0.025,0.000,0.702,42.5,0.19,0.312,—,1.323
trio-casters,full-build,1,2,boss,300,200,0.985,0.010,0.005,0.689,42.7,0.22,0.319,—,1.330
trio-casters,full-build,1,3,solo,180,200,1.000,0.000,0.000,0.818,9.8,0.00,0.182,—,1.415
trio-casters,full-build,1,3,solo,300,200,1.000,0.000,0.000,0.817,9.8,0.00,0.183,—,1.414
trio-casters,full-build,1,3,pack,180,200,0.000,0.000,1.000,—,—,3.00,1.000,—,0.000
trio-casters,full-build,1,3,pack,300,200,0.000,0.000,1.000,—,—,3.00,1.000,—,0.000
trio-casters,full-build,1,3,boss,180,200,0.000,0.000,1.000,—,—,3.00,1.000,—,0.000
trio-casters,full-build,1,3,boss,300,200,0.000,0.000,1.000,—,—,3.00,1.000,—,0.000
trio-casters,full-build,1,4,solo,180,200,0.140,0.000,0.860,0.410,20.9,2.64,0.943,—,0.169
trio-casters,full-build,1,4,solo,300,200,0.170,0.000,0.830,0.407,20.9,2.57,0.931,—,0.205
trio-casters,full-build,1,4,pack,180,200,0.000,0.000,1.000,—,—,3.00,1.000,—,0.000
trio-casters,full-build,1,4,pack,300,200,0.000,0.000,1.000,—,—,3.00,1.000,—,0.000
trio-casters,full-build,1,4,boss,180,200,0.000,0.000,1.000,—,—,3.00,1.000,—,0.000
trio-casters,full-build,1,4,boss,300,200,0.000,0.000,1.000,—,—,3.00,1.000,—,0.000
trio-casters,full-build,1,5,solo,180,200,0.000,0.000,1.000,—,—,3.00,1.000,—,0.000
trio-casters,full-build,1,5,solo,300,200,0.000,0.000,1.000,—,—,3.00,1.000,—,0.000
trio-casters,full-build,1,5,pack,180,200,0.000,0.000,1.000,—,—,3.00,1.000,—,0.000
trio-casters,full-build,1,5,pack,300,200,0.000,0.000,1.000,—,—,3.00,1.000,—,0.000
trio-casters,full-build,1,5,boss,180,200,0.000,0.000,1.000,—,—,3.00,1.000,—,0.000
trio-casters,full-build,1,5,boss,300,200,0.000,0.000,1.000,—,—,3.00,1.000,—,0.000
trio-casters,full-build,1,6,solo,180,200,0.000,0.000,1.000,—,—,3.00,1.000,—,0.000
trio-casters,full-build,1,6,solo,300,200,0.000,0.000,1.000,—,—,3.00,1.000,—,0.000
trio-casters,full-build,1,6,pack,180,200,0.000,0.000,1.000,—,—,3.00,1.000,—,0.000
trio-casters,full-build,1,6,pack,300,200,0.000,0.000,1.000,—,—,3.00,1.000,—,0.000
trio-casters,full-build,1,6,boss,180,200,0.000,0.000,1.000,—,—,3.00,1.000,—,0.000
trio-casters,full-build,1,6,boss,300,200,0.000,0.000,1.000,—,—,3.00,1.000,—,0.000
trio-casters,full-build,1,7,solo,180,200,0.000,0.000,1.000,—,—,3.00,1.000,—,0.000
trio-casters,full-build,1,7,solo,300,200,0.000,0.000,1.000,—,—,3.00,1.000,—,0.000
trio-casters,full-build,1,7,pack,180,200,0.000,0.000,1.000,—,—,3.00,1.000,—,0.000
trio-casters,full-build,1,7,pack,300,200,0.000,0.000,1.000,—,—,3.00,1.000,—,0.000
trio-casters,full-build,1,7,boss,180,200,0.000,0.000,1.000,—,—,3.00,1.000,—,0.000
trio-casters,full-build,1,7,boss,300,200,0.000,0.000,1.000,—,—,3.00,1.000,—,0.000
trio-casters,full-build,1,8,solo,180,200,0.000,0.000,1.000,—,—,3.00,1.000,—,0.000
trio-casters,full-build,1,8,solo,300,200,0.000,0.000,1.000,—,—,3.00,1.000,—,0.000
trio-casters,full-build,1,8,pack,180,200,0.000,0.000,1.000,—,—,3.00,1.000,—,0.000
trio-casters,full-build,1,8,pack,300,200,0.000,0.000,1.000,—,—,3.00,1.000,—,0.000
trio-casters,full-build,1,8,boss,180,200,0.000,0.000,1.000,—,—,3.00,1.000,—,0.000
trio-casters,full-build,1,8,boss,300,200,0.000,0.000,1.000,—,—,3.00,1.000,—,0.000
trio-casters,full-build,5,1,solo,180,200,1.000,0.000,0.000,1.000,0.0,0.00,0.000,—,1.530
trio-casters,full-build,5,1,solo,300,200,1.000,0.000,0.000,1.000,0.0,0.00,0.000,—,1.530
trio-casters,full-build,5,1,pack,180,200,1.000,0.000,0.000,0.958,4.5,0.00,0.042,—,1.508
trio-casters,full-build,5,1,pack,300,200,1.000,0.000,0.000,0.957,4.5,0.00,0.043,—,1.508
trio-casters,full-build,5,1,boss,180,200,1.000,0.000,0.000,0.887,9.6,0.00,0.113,—,1.472
trio-casters,full-build,5,1,boss,300,200,1.000,0.000,0.000,0.887,9.7,0.00,0.113,—,1.472
trio-casters,full-build,5,2,solo,180,200,1.000,0.000,0.000,1.000,0.0,0.00,0.000,—,1.530
trio-casters,full-build,5,2,solo,300,200,1.000,0.000,0.000,1.000,0.0,0.00,0.000,—,1.530
trio-casters,full-build,5,2,pack,180,200,1.000,0.000,0.000,0.893,8.3,0.00,0.107,—,1.475
trio-casters,full-build,5,2,pack,300,200,1.000,0.000,0.000,0.888,8.3,0.00,0.112,—,1.473
trio-casters,full-build,5,2,boss,180,200,1.000,0.000,0.000,0.924,16.6,0.00,0.076,—,1.491
trio-casters,full-build,5,2,boss,300,200,1.000,0.000,0.000,0.921,16.4,0.00,0.079,—,1.490
trio-casters,full-build,5,3,solo,180,200,1.000,0.000,0.000,0.898,4.0,0.00,0.102,—,1.478
trio-casters,full-build,5,3,solo,300,200,1.000,0.000,0.000,0.892,4.2,0.00,0.108,—,1.475
trio-casters,full-build,5,3,pack,180,200,0.790,0.130,0.080,0.613,33.1,1.22,0.479,—,1.053
trio-casters,full-build,5,3,pack,300,200,0.720,0.140,0.140,0.621,32.5,1.32,0.514,—,0.962
trio-casters,full-build,5,3,boss,180,200,0.580,0.145,0.275,0.579,39.8,1.41,0.646,—,0.763
trio-casters,full-build,5,3,boss,300,200,0.630,0.120,0.250,0.584,38.7,1.29,0.617,—,0.830
trio-casters,full-build,5,4,solo,180,200,1.000,0.000,0.000,0.743,8.4,0.13,0.257,—,1.399
trio-casters,full-build,5,4,solo,300,200,1.000,0.000,0.000,0.752,8.4,0.12,0.248,—,1.404
trio-casters,full-build,5,4,pack,180,200,0.000,0.000,1.000,—,—,3.00,1.000,—,0.000
trio-casters,full-build,5,4,pack,300,200,0.000,0.000,1.000,—,—,3.00,1.000,—,0.000
trio-casters,full-build,5,4,boss,180,200,0.000,0.000,1.000,—,—,3.00,1.000,—,0.000
trio-casters,full-build,5,4,boss,300,200,0.000,0.000,1.000,—,—,3.00,1.000,—,0.000
trio-casters,full-build,5,5,solo,180,200,0.000,0.000,1.000,—,—,3.00,1.000,—,0.000
trio-casters,full-build,5,5,solo,300,200,0.000,0.000,1.000,—,—,3.00,1.000,—,0.000
trio-casters,full-build,5,5,pack,180,200,0.000,0.000,1.000,—,—,3.00,1.000,—,0.000
trio-casters,full-build,5,5,pack,300,200,0.000,0.000,1.000,—,—,3.00,1.000,—,0.000
trio-casters,full-build,5,5,boss,180,200,0.000,0.000,1.000,—,—,3.00,1.000,—,0.000
trio-casters,full-build,5,5,boss,300,200,0.000,0.000,1.000,—,—,3.00,1.000,—,0.000
trio-casters,full-build,5,6,solo,180,200,0.000,0.000,1.000,—,—,3.00,1.000,—,0.000
trio-casters,full-build,5,6,solo,300,200,0.000,0.000,1.000,—,—,3.00,1.000,—,0.000
trio-casters,full-build,5,6,pack,180,200,0.000,0.000,1.000,—,—,3.00,1.000,—,0.000
trio-casters,full-build,5,6,pack,300,200,0.000,0.000,1.000,—,—,3.00,1.000,—,0.000
trio-casters,full-build,5,6,boss,180,200,0.000,0.000,1.000,—,—,3.00,1.000,—,0.000
trio-casters,full-build,5,6,boss,300,200,0.000,0.000,1.000,—,—,3.00,1.000,—,0.000
trio-casters,full-build,5,7,solo,180,200,0.000,0.000,1.000,—,—,3.00,1.000,—,0.000
trio-casters,full-build,5,7,solo,300,200,0.000,0.000,1.000,—,—,3.00,1.000,—,0.000
trio-casters,full-build,5,7,pack,180,200,0.000,0.000,1.000,—,—,3.00,1.000,—,0.000
trio-casters,full-build,5,7,pack,300,200,0.000,0.000,1.000,—,—,3.00,1.000,—,0.000
trio-casters,full-build,5,7,boss,180,200,0.000,0.000,1.000,—,—,3.00,1.000,—,0.000
trio-casters,full-build,5,7,boss,300,200,0.000,0.000,1.000,—,—,3.00,1.000,—,0.000
trio-casters,full-build,5,8,solo,180,200,0.000,0.000,1.000,—,—,3.00,1.000,—,0.000
trio-casters,full-build,5,8,solo,300,200,0.000,0.000,1.000,—,—,3.00,1.000,—,0.000
trio-casters,full-build,5,8,pack,180,200,0.000,0.000,1.000,—,—,3.00,1.000,—,0.000
trio-casters,full-build,5,8,pack,300,200,0.000,0.000,1.000,—,—,3.00,1.000,—,0.000
trio-casters,full-build,5,8,boss,180,200,0.000,0.000,1.000,—,—,3.00,1.000,—,0.000
trio-casters,full-build,5,8,boss,300,200,0.000,0.000,1.000,—,—,3.00,1.000,—,0.000
trio-casters,full-build,10,1,solo,180,200,1.000,0.000,0.000,1.000,0.0,0.00,0.000,—,1.560
trio-casters,full-build,10,1,solo,300,200,1.000,0.000,0.000,1.000,0.0,0.00,0.000,—,1.560
trio-casters,full-build,10,1,pack,180,200,1.000,0.000,0.000,0.984,1.8,0.00,0.016,—,1.552
trio-casters,full-build,10,1,pack,300,200,1.000,0.000,0.000,0.984,1.8,0.00,0.016,—,1.552
trio-casters,full-build,10,1,boss,180,200,1.000,0.000,0.000,0.955,5.2,0.00,0.045,—,1.536
trio-casters,full-build,10,1,boss,300,200,1.000,0.000,0.000,0.954,5.2,0.00,0.046,—,1.536
trio-casters,full-build,10,2,solo,180,200,1.000,0.000,0.000,1.000,0.0,0.00,0.000,—,1.560
trio-casters,full-build,10,2,solo,300,200,1.000,0.000,0.000,1.000,0.0,0.00,0.000,—,1.560
trio-casters,full-build,10,2,pack,180,200,1.000,0.000,0.000,0.917,5.1,0.00,0.083,—,1.517
trio-casters,full-build,10,2,pack,300,200,1.000,0.000,0.000,0.915,5.1,0.00,0.085,—,1.516
trio-casters,full-build,10,2,boss,180,200,1.000,0.000,0.000,0.852,9.2,0.00,0.148,—,1.483
trio-casters,full-build,10,2,boss,300,200,1.000,0.000,0.000,0.854,9.2,0.00,0.146,—,1.484
trio-casters,full-build,10,3,solo,180,200,1.000,0.000,0.000,0.979,0.7,0.00,0.021,—,1.549
trio-casters,full-build,10,3,solo,300,200,1.000,0.000,0.000,0.976,0.8,0.00,0.024,—,1.548
trio-casters,full-build,10,3,pack,180,200,1.000,0.000,0.000,0.856,8.9,0.00,0.144,—,1.485
trio-casters,full-build,10,3,pack,300,200,1.000,0.000,0.000,0.852,8.9,0.00,0.148,—,1.483
trio-casters,full-build,10,3,boss,180,200,1.000,0.000,0.000,0.871,16.2,0.00,0.129,—,1.493
trio-casters,full-build,10,3,boss,300,200,1.000,0.000,0.000,0.876,16.1,0.00,0.124,—,1.496
trio-casters,full-build,10,4,solo,180,200,1.000,0.000,0.000,0.815,4.0,0.00,0.185,—,1.464
trio-casters,full-build,10,4,solo,300,200,1.000,0.000,0.000,0.815,4.0,0.00,0.185,—,1.464
trio-casters,full-build,10,4,pack,180,200,0.090,0.010,0.900,0.544,36.7,2.81,0.949,—,0.119
trio-casters,full-build,10,4,pack,300,200,0.120,0.000,0.880,0.541,37.3,2.76,0.935,—,0.159
trio-casters,full-build,10,4,boss,180,200,0.115,0.000,0.885,0.404,38.3,2.78,0.953,—,0.144
trio-casters,full-build,10,4,boss,300,200,0.070,0.000,0.930,0.422,36.1,2.85,0.970,—,0.088
trio-casters,full-build,10,5,solo,180,200,0.620,0.010,0.370,0.564,11.1,1.63,0.648,—,0.827
trio-casters,full-build,10,5,solo,300,200,0.515,0.005,0.480,0.572,10.7,1.81,0.704,—,0.689
trio-casters,full-build,10,5,pack,180,200,0.000,0.000,1.000,—,—,3.00,1.000,—,0.000
trio-casters,full-build,10,5,pack,300,200,0.000,0.000,1.000,—,—,3.00,1.000,—,0.000
trio-casters,full-build,10,5,boss,180,200,0.000,0.000,1.000,—,—,3.00,1.000,—,0.000
trio-casters,full-build,10,5,boss,300,200,0.000,0.000,1.000,—,—,3.00,1.000,—,0.000
trio-casters,full-build,10,6,solo,180,200,0.000,0.000,1.000,—,—,3.00,1.000,—,0.000
trio-casters,full-build,10,6,solo,300,200,0.000,0.000,1.000,—,—,3.00,1.000,—,0.000
trio-casters,full-build,10,6,pack,180,200,0.000,0.000,1.000,—,—,3.00,1.000,—,0.000
trio-casters,full-build,10,6,pack,300,200,0.000,0.000,1.000,—,—,3.00,1.000,—,0.000
trio-casters,full-build,10,6,boss,180,200,0.000,0.000,1.000,—,—,3.00,1.000,—,0.000
trio-casters,full-build,10,6,boss,300,200,0.000,0.000,1.000,—,—,3.00,1.000,—,0.000
trio-casters,full-build,10,7,solo,180,200,0.000,0.000,1.000,—,—,3.00,1.000,—,0.000
trio-casters,full-build,10,7,solo,300,200,0.000,0.000,1.000,—,—,3.00,1.000,—,0.000
trio-casters,full-build,10,7,pack,180,200,0.000,0.000,1.000,—,—,3.00,1.000,—,0.000
trio-casters,full-build,10,7,pack,300,200,0.000,0.000,1.000,—,—,3.00,1.000,—,0.000
trio-casters,full-build,10,7,boss,180,200,0.000,0.000,1.000,—,—,3.00,1.000,—,0.000
trio-casters,full-build,10,7,boss,300,200,0.000,0.000,1.000,—,—,3.00,1.000,—,0.000
trio-casters,full-build,10,8,solo,180,200,0.000,0.000,1.000,—,—,3.00,1.000,—,0.000
trio-casters,full-build,10,8,solo,300,200,0.000,0.000,1.000,—,—,3.00,1.000,—,0.000
trio-casters,full-build,10,8,pack,180,200,0.000,0.000,1.000,—,—,3.00,1.000,—,0.000
trio-casters,full-build,10,8,pack,300,200,0.000,0.000,1.000,—,—,3.00,1.000,—,0.000
trio-casters,full-build,10,8,boss,180,200,0.000,0.000,1.000,—,—,3.00,1.000,—,0.000
trio-casters,full-build,10,8,boss,300,200,0.000,0.000,1.000,—,—,3.00,1.000,—,0.000
trio-casters,full-build,20,1,solo,180,200,1.000,0.000,0.000,1.000,0.0,0.00,0.000,—,1.620
trio-casters,full-build,20,1,solo,300,200,1.000,0.000,0.000,1.000,0.0,0.00,0.000,—,1.620
trio-casters,full-build,20,1,pack,180,200,1.000,0.000,0.000,0.989,1.3,0.00,0.011,—,1.614
trio-casters,full-build,20,1,pack,300,200,1.000,0.000,0.000,0.989,1.3,0.00,0.011,—,1.614
trio-casters,full-build,20,1,boss,180,200,1.000,0.000,0.000,0.981,2.8,0.00,0.019,—,1.610
trio-casters,full-build,20,1,boss,300,200,1.000,0.000,0.000,0.981,2.9,0.00,0.019,—,1.610
trio-casters,full-build,20,2,solo,180,200,1.000,0.000,0.000,1.000,0.0,0.00,0.000,—,1.620
trio-casters,full-build,20,2,solo,300,200,1.000,0.000,0.000,1.000,0.0,0.00,0.000,—,1.620
trio-casters,full-build,20,2,pack,180,200,1.000,0.000,0.000,0.979,1.3,0.00,0.021,—,1.609
trio-casters,full-build,20,2,pack,300,200,1.000,0.000,0.000,0.979,1.3,0.00,0.021,—,1.609
trio-casters,full-build,20,2,boss,180,200,1.000,0.000,0.000,0.941,4.9,0.00,0.059,—,1.588
trio-casters,full-build,20,2,boss,300,200,1.000,0.000,0.000,0.941,4.9,0.00,0.059,—,1.588
trio-casters,full-build,20,3,solo,180,200,1.000,0.000,0.000,1.000,0.0,0.00,0.000,—,1.620
trio-casters,full-build,20,3,solo,300,200,1.000,0.000,0.000,1.000,0.0,0.00,0.000,—,1.620
trio-casters,full-build,20,3,pack,180,200,1.000,0.000,0.000,0.890,4.6,0.00,0.110,—,1.561
trio-casters,full-build,20,3,pack,300,200,1.000,0.000,0.000,0.891,4.6,0.00,0.109,—,1.561
trio-casters,full-build,20,3,boss,180,200,1.000,0.000,0.000,0.891,7.9,0.00,0.109,—,1.561
trio-casters,full-build,20,3,boss,300,200,1.000,0.000,0.000,0.884,7.8,0.00,0.116,—,1.557
trio-casters,full-build,20,4,solo,180,200,1.000,0.000,0.000,0.951,1.0,0.00,0.049,—,1.594
trio-casters,full-build,20,4,solo,300,200,1.000,0.000,0.000,0.953,1.0,0.00,0.047,—,1.595
trio-casters,full-build,20,4,pack,180,200,1.000,0.000,0.000,0.799,10.4,0.18,0.201,—,1.511
trio-casters,full-build,20,4,pack,300,200,1.000,0.000,0.000,0.772,11.6,0.26,0.228,—,1.497
trio-casters,full-build,20,4,boss,180,200,0.950,0.030,0.020,0.844,15.6,0.18,0.195,—,1.459
trio-casters,full-build,20,4,boss,300,200,0.960,0.025,0.015,0.854,15.1,0.14,0.177,—,1.480
trio-casters,full-build,20,5,solo,180,200,1.000,0.000,0.000,0.816,3.4,0.00,0.184,—,1.520
trio-casters,full-build,20,5,solo,300,200,1.000,0.000,0.000,0.815,3.4,0.00,0.185,—,1.520
trio-casters,full-build,20,5,pack,180,200,0.000,0.005,0.995,—,—,3.00,0.999,—,0.000
trio-casters,full-build,20,5,pack,300,200,0.000,0.010,0.990,—,—,2.99,0.998,—,0.000
trio-casters,full-build,20,5,boss,180,200,0.000,0.000,1.000,—,—,3.00,1.000,—,0.000
trio-casters,full-build,20,5,boss,300,200,0.000,0.000,1.000,—,—,3.00,1.000,—,0.000
trio-casters,full-build,20,6,solo,180,200,0.010,0.000,0.990,0.547,7.4,2.97,0.995,—,0.014
trio-casters,full-build,20,6,solo,300,200,0.000,0.000,1.000,—,—,3.00,1.000,—,0.000
trio-casters,full-build,20,6,pack,180,200,0.000,0.000,1.000,—,—,3.00,1.000,—,0.000
trio-casters,full-build,20,6,pack,300,200,0.000,0.000,1.000,—,—,3.00,1.000,—,0.000
trio-casters,full-build,20,6,boss,180,200,0.000,0.000,1.000,—,—,3.00,1.000,—,0.000
trio-casters,full-build,20,6,boss,300,200,0.000,0.000,1.000,—,—,3.00,1.000,—,0.000
trio-casters,full-build,20,7,solo,180,200,0.000,0.000,1.000,—,—,3.00,1.000,—,0.000
trio-casters,full-build,20,7,solo,300,200,0.000,0.000,1.000,—,—,3.00,1.000,—,0.000
trio-casters,full-build,20,7,pack,180,200,0.000,0.000,1.000,—,—,3.00,1.000,—,0.000
trio-casters,full-build,20,7,pack,300,200,0.000,0.000,1.000,—,—,3.00,1.000,—,0.000
trio-casters,full-build,20,7,boss,180,200,0.000,0.000,1.000,—,—,3.00,1.000,—,0.000
trio-casters,full-build,20,7,boss,300,200,0.000,0.000,1.000,—,—,3.00,1.000,—,0.000
trio-casters,full-build,20,8,solo,180,200,0.000,0.000,1.000,—,—,3.00,1.000,—,0.000
trio-casters,full-build,20,8,solo,300,200,0.000,0.000,1.000,—,—,3.00,1.000,—,0.000
trio-casters,full-build,20,8,pack,180,200,0.000,0.000,1.000,—,—,3.00,1.000,—,0.000
trio-casters,full-build,20,8,pack,300,200,0.000,0.000,1.000,—,—,3.00,1.000,—,0.000
trio-casters,full-build,20,8,boss,180,200,0.000,0.000,1.000,—,—,3.00,1.000,—,0.000
trio-casters,full-build,20,8,boss,300,200,0.000,0.000,1.000,—,—,3.00,1.000,—,0.000
trio-casters,full-build,35,1,solo,180,200,1.000,0.000,0.000,1.000,0.0,0.00,0.000,—,1.710
trio-casters,full-build,35,1,solo,300,200,1.000,0.000,0.000,1.000,0.0,0.00,0.000,—,1.710
trio-casters,full-build,35,1,pack,180,200,1.000,0.000,0.000,1.000,0.0,0.00,0.000,—,1.710
trio-casters,full-build,35,1,pack,300,200,1.000,0.000,0.000,1.000,0.0,0.00,0.000,—,1.710
trio-casters,full-build,35,1,boss,180,200,1.000,0.000,0.000,0.988,1.5,0.00,0.012,—,1.703
trio-casters,full-build,35,1,boss,300,200,1.000,0.000,0.000,0.988,1.7,0.00,0.012,—,1.703
trio-casters,full-build,35,2,solo,180,200,1.000,0.000,0.000,1.000,0.0,0.00,0.000,—,1.710
trio-casters,full-build,35,2,solo,300,200,1.000,0.000,0.000,1.000,0.0,0.00,0.000,—,1.710
trio-casters,full-build,35,2,pack,180,200,1.000,0.000,0.000,0.985,1.1,0.00,0.015,—,1.702
trio-casters,full-build,35,2,pack,300,200,1.000,0.000,0.000,0.986,1.1,0.00,0.014,—,1.702
trio-casters,full-build,35,2,boss,180,200,1.000,0.000,0.000,0.966,2.8,0.00,0.034,—,1.691
trio-casters,full-build,35,2,boss,300,200,1.000,0.000,0.000,0.966,2.9,0.00,0.034,—,1.690
trio-casters,full-build,35,3,solo,180,200,1.000,0.000,0.000,1.000,0.0,0.00,0.000,—,1.710
trio-casters,full-build,35,3,solo,300,200,1.000,0.000,0.000,1.000,0.0,0.00,0.000,—,1.710
trio-casters,full-build,35,3,pack,180,200,1.000,0.000,0.000,0.974,1.1,0.00,0.026,—,1.695
trio-casters,full-build,35,3,pack,300,200,1.000,0.000,0.000,0.974,1.1,0.00,0.026,—,1.695
trio-casters,full-build,35,3,boss,180,200,1.000,0.000,0.000,0.924,4.6,0.00,0.076,—,1.667
trio-casters,full-build,35,3,boss,300,200,1.000,0.000,0.000,0.924,4.7,0.00,0.076,—,1.666
trio-casters,full-build,35,4,solo,180,200,1.000,0.000,0.000,1.000,0.0,0.00,0.000,—,1.710
trio-casters,full-build,35,4,solo,300,200,1.000,0.000,0.000,1.000,0.0,0.00,0.000,—,1.710
trio-casters,full-build,35,4,pack,180,200,1.000,0.000,0.000,0.861,4.4,0.00,0.139,—,1.631
trio-casters,full-build,35,4,pack,300,200,1.000,0.000,0.000,0.861,4.4,0.00,0.139,—,1.631
trio-casters,full-build,35,4,boss,180,200,1.000,0.000,0.000,0.863,7.4,0.00,0.137,—,1.632
trio-casters,full-build,35,4,boss,300,200,1.000,0.000,0.000,0.870,7.3,0.00,0.130,—,1.636
trio-casters,full-build,35,5,solo,180,200,1.000,0.000,0.000,0.916,1.1,0.00,0.084,—,1.662
trio-casters,full-build,35,5,solo,300,200,1.000,0.000,0.000,0.916,1.1,0.00,0.084,—,1.662
trio-casters,full-build,35,5,pack,180,200,0.480,0.410,0.110,0.742,8.3,1.18,0.537,—,0.750
trio-casters,full-build,35,5,pack,300,200,0.455,0.430,0.115,0.743,8.2,1.23,0.549,—,0.711
trio-casters,full-build,35,5,boss,180,200,0.540,0.000,0.460,0.633,29.4,1.68,0.658,—,0.811
trio-casters,full-build,35,5,boss,300,200,0.490,0.000,0.510,0.591,31.2,1.82,0.710,—,0.724
trio-casters,full-build,35,6,solo,180,200,1.000,0.000,0.000,0.713,4.3,0.48,0.287,—,1.547
trio-casters,full-build,35,6,solo,300,200,1.000,0.000,0.000,0.707,4.4,0.47,0.293,—,1.543
trio-casters,full-build,35,6,pack,180,200,0.000,0.000,1.000,—,—,3.00,1.000,—,0.000
trio-casters,full-build,35,6,pack,300,200,0.000,0.000,1.000,—,—,3.00,1.000,—,0.000
trio-casters,full-build,35,6,boss,180,200,0.000,0.000,1.000,—,—,3.00,1.000,—,0.000
trio-casters,full-build,35,6,boss,300,200,0.000,0.000,1.000,—,—,3.00,1.000,—,0.000
trio-casters,full-build,35,7,solo,180,200,0.470,0.000,0.530,0.475,10.3,1.89,0.777,—,0.663
trio-casters,full-build,35,7,solo,300,200,0.560,0.000,0.440,0.476,9.9,1.67,0.733,—,0.790
trio-casters,full-build,35,7,pack,180,200,0.000,0.000,1.000,—,—,3.00,1.000,—,0.000
trio-casters,full-build,35,7,pack,300,200,0.000,0.000,1.000,—,—,3.00,1.000,—,0.000
trio-casters,full-build,35,7,boss,180,200,0.000,0.000,1.000,—,—,3.00,1.000,—,0.000
trio-casters,full-build,35,7,boss,300,200,0.000,0.000,1.000,—,—,3.00,1.000,—,0.000
trio-casters,full-build,35,8,solo,180,200,0.000,0.000,1.000,—,—,3.00,1.000,—,0.000
trio-casters,full-build,35,8,solo,300,200,0.000,0.000,1.000,—,—,3.00,1.000,—,0.000
trio-casters,full-build,35,8,pack,180,200,0.000,0.000,1.000,—,—,3.00,1.000,—,0.000
trio-casters,full-build,35,8,pack,300,200,0.000,0.000,1.000,—,—,3.00,1.000,—,0.000
trio-casters,full-build,35,8,boss,180,200,0.000,0.000,1.000,—,—,3.00,1.000,—,0.000
trio-casters,full-build,35,8,boss,300,200,0.000,0.000,1.000,—,—,3.00,1.000,—,0.000
trio-casters,full-build,50,1,solo,180,200,1.000,0.000,0.000,1.000,0.0,0.00,0.000,—,1.800
trio-casters,full-build,50,1,solo,300,200,1.000,0.000,0.000,1.000,0.0,0.00,0.000,—,1.800
trio-casters,full-build,50,1,pack,180,200,1.000,0.000,0.000,1.000,0.0,0.00,0.000,—,1.800
trio-casters,full-build,50,1,pack,300,200,1.000,0.000,0.000,1.000,0.0,0.00,0.000,—,1.800
trio-casters,full-build,50,1,boss,180,200,1.000,0.000,0.000,0.991,1.0,0.00,0.009,—,1.794
trio-casters,full-build,50,1,boss,300,200,1.000,0.000,0.000,0.991,1.0,0.00,0.009,—,1.794
trio-casters,full-build,50,2,solo,180,200,1.000,0.000,0.000,1.000,0.0,0.00,0.000,—,1.800
trio-casters,full-build,50,2,solo,300,200,1.000,0.000,0.000,1.000,0.0,0.00,0.000,—,1.800
trio-casters,full-build,50,2,pack,180,200,1.000,0.000,0.000,0.990,0.9,0.00,0.010,—,1.794
trio-casters,full-build,50,2,pack,300,200,1.000,0.000,0.000,0.990,0.9,0.00,0.010,—,1.794
trio-casters,full-build,50,2,boss,180,200,1.000,0.000,0.000,0.984,2.0,0.00,0.016,—,1.790
trio-casters,full-build,50,2,boss,300,200,1.000,0.000,0.000,0.984,2.0,0.00,0.016,—,1.790
trio-casters,full-build,50,3,solo,180,200,1.000,0.000,0.000,1.000,0.0,0.00,0.000,—,1.800
trio-casters,full-build,50,3,solo,300,200,1.000,0.000,0.000,1.000,0.0,0.00,0.000,—,1.800
trio-casters,full-build,50,3,pack,180,200,1.000,0.000,0.000,0.980,1.0,0.00,0.020,—,1.788
trio-casters,full-build,50,3,pack,300,200,1.000,0.000,0.000,0.980,1.0,0.00,0.020,—,1.788
trio-casters,full-build,50,3,boss,180,200,1.000,0.000,0.000,0.964,3.2,0.00,0.036,—,1.778
trio-casters,full-build,50,3,boss,300,200,1.000,0.000,0.000,0.965,3.2,0.00,0.035,—,1.779
trio-casters,full-build,50,4,solo,180,200,1.000,0.000,0.000,1.000,0.0,0.00,0.000,—,1.800
trio-casters,full-build,50,4,solo,300,200,1.000,0.000,0.000,1.000,0.0,0.00,0.000,—,1.800
trio-casters,full-build,50,4,pack,180,200,1.000,0.000,0.000,0.939,2.6,0.00,0.061,—,1.764
trio-casters,full-build,50,4,pack,300,200,1.000,0.000,0.000,0.938,2.7,0.00,0.062,—,1.763
trio-casters,full-build,50,4,boss,180,200,1.000,0.000,0.000,0.895,5.0,0.00,0.105,—,1.737
trio-casters,full-build,50,4,boss,300,200,1.000,0.000,0.000,0.895,5.0,0.00,0.105,—,1.737
trio-casters,full-build,50,5,solo,180,200,1.000,0.000,0.000,0.999,0.0,0.00,0.001,—,1.799
trio-casters,full-build,50,5,solo,300,200,1.000,0.000,0.000,0.999,0.0,0.00,0.001,—,1.800
trio-casters,full-build,50,5,pack,180,200,1.000,0.000,0.000,0.807,4.7,0.00,0.193,—,1.684
trio-casters,full-build,50,5,pack,300,200,1.000,0.000,0.000,0.807,4.8,0.00,0.193,—,1.684
trio-casters,full-build,50,5,boss,180,200,1.000,0.000,0.000,0.822,9.2,0.00,0.178,—,1.693
trio-casters,full-build,50,5,boss,300,200,1.000,0.000,0.000,0.805,9.2,0.00,0.195,—,1.683
trio-casters,full-build,50,6,solo,180,200,1.000,0.000,0.000,0.884,1.8,0.00,0.116,—,1.730
trio-casters,full-build,50,6,solo,300,200,1.000,0.000,0.000,0.884,1.8,0.00,0.116,—,1.730
trio-casters,full-build,50,6,pack,180,200,0.465,0.000,0.535,0.534,19.9,2.07,0.752,—,0.707
trio-casters,full-build,50,6,pack,300,200,0.470,0.000,0.530,0.544,18.9,2.06,0.744,—,0.717
trio-casters,full-build,50,6,boss,180,200,0.000,0.000,1.000,—,—,3.00,1.000,—,0.000
trio-casters,full-build,50,6,boss,300,200,0.000,0.000,1.000,—,—,3.00,1.000,—,0.000
trio-casters,full-build,50,7,solo,180,200,1.000,0.000,0.000,0.664,5.4,0.00,0.336,—,1.599
trio-casters,full-build,50,7,solo,300,200,1.000,0.000,0.000,0.641,5.4,0.00,0.359,—,1.584
trio-casters,full-build,50,7,pack,180,200,0.000,0.000,1.000,—,—,3.00,1.000,—,0.000
trio-casters,full-build,50,7,pack,300,200,0.000,0.000,1.000,—,—,3.00,1.000,—,0.000
trio-casters,full-build,50,7,boss,180,200,0.000,0.000,1.000,—,—,3.00,1.000,—,0.000
trio-casters,full-build,50,7,boss,300,200,0.000,0.000,1.000,—,—,3.00,1.000,—,0.000
trio-casters,full-build,50,8,solo,180,200,0.000,0.000,1.000,—,—,3.00,1.000,—,0.000
trio-casters,full-build,50,8,solo,300,200,0.000,0.000,1.000,—,—,3.00,1.000,—,0.000
trio-casters,full-build,50,8,pack,180,200,0.000,0.000,1.000,—,—,3.00,1.000,—,0.000
trio-casters,full-build,50,8,pack,300,200,0.000,0.000,1.000,—,—,3.00,1.000,—,0.000
trio-casters,full-build,50,8,boss,180,200,0.000,0.000,1.000,—,—,3.00,1.000,—,0.000
trio-casters,full-build,50,8,boss,300,200,0.000,0.000,1.000,—,—,3.00,1.000,—,0.000
trio-double-tank,naked,1,1,solo,180,200,1.000,0.000,0.000,0.950,6.0,0.00,0.050,1.000,1.481
trio-double-tank,naked,1,1,solo,300,200,1.000,0.000,0.000,0.952,6.0,0.00,0.048,1.000,1.482
trio-double-tank,naked,1,1,pack,180,200,1.000,0.000,0.000,0.991,39.8,0.00,0.009,1.000,1.502
trio-double-tank,naked,1,1,pack,300,200,1.000,0.000,0.000,0.990,39.3,0.00,0.010,1.000,1.501
trio-double-tank,naked,1,1,boss,180,200,1.000,0.000,0.000,0.983,77.3,0.00,0.017,1.000,1.497
trio-double-tank,naked,1,1,boss,300,200,1.000,0.000,0.000,0.985,77.4,0.00,0.015,1.000,1.499
trio-double-tank,naked,1,2,solo,180,200,1.000,0.000,0.000,0.931,17.8,0.00,0.069,1.000,1.471
trio-double-tank,naked,1,2,solo,300,200,1.000,0.000,0.000,0.932,18.1,0.00,0.068,1.000,1.472
trio-double-tank,naked,1,2,pack,180,200,0.000,0.000,1.000,—,—,3.00,1.000,0.753,0.000
trio-double-tank,naked,1,2,pack,300,200,0.000,0.000,1.000,—,—,3.00,1.000,0.759,0.000
trio-double-tank,naked,1,2,boss,180,200,0.000,0.005,0.995,—,—,2.99,0.998,0.897,0.000
trio-double-tank,naked,1,2,boss,300,200,0.030,0.000,0.970,0.564,157.0,2.92,0.983,0.894,0.039
trio-double-tank,naked,1,3,solo,180,200,0.900,0.000,0.100,0.628,46.2,0.80,0.435,0.975,1.187
trio-double-tank,naked,1,3,solo,300,200,0.900,0.000,0.100,0.618,46.0,0.82,0.444,0.977,1.183
trio-double-tank,naked,1,3,pack,180,200,0.000,0.000,1.000,—,—,3.00,1.000,0.761,0.000
trio-double-tank,naked,1,3,pack,300,200,0.000,0.000,1.000,—,—,3.00,1.000,0.762,0.000
trio-double-tank,naked,1,3,boss,180,200,0.000,0.000,1.000,—,—,3.00,1.000,0.782,0.000
trio-double-tank,naked,1,3,boss,300,200,0.000,0.000,1.000,—,—,3.00,1.000,0.781,0.000
trio-double-tank,naked,1,4,solo,180,200,0.000,0.000,1.000,—,—,3.00,1.000,0.748,0.000
trio-double-tank,naked,1,4,solo,300,200,0.000,0.000,1.000,—,—,3.00,1.000,0.750,0.000
trio-double-tank,naked,1,4,pack,180,200,0.000,0.000,1.000,—,—,3.00,1.000,0.696,0.000
trio-double-tank,naked,1,4,pack,300,200,0.000,0.000,1.000,—,—,3.00,1.000,0.698,0.000
trio-double-tank,naked,1,4,boss,180,200,0.000,0.000,1.000,—,—,3.00,1.000,0.686,0.000
trio-double-tank,naked,1,4,boss,300,200,0.000,0.000,1.000,—,—,3.00,1.000,0.682,0.000
trio-double-tank,naked,1,5,solo,180,200,0.000,0.000,1.000,—,—,3.00,1.000,0.788,0.000
trio-double-tank,naked,1,5,solo,300,200,0.000,0.000,1.000,—,—,3.00,1.000,0.781,0.000
trio-double-tank,naked,1,5,pack,180,200,0.000,0.000,1.000,—,—,3.00,1.000,0.781,0.000
trio-double-tank,naked,1,5,pack,300,200,0.000,0.000,1.000,—,—,3.00,1.000,0.780,0.000
trio-double-tank,naked,1,5,boss,180,200,0.000,0.000,1.000,—,—,3.00,1.000,0.744,0.000
trio-double-tank,naked,1,5,boss,300,200,0.000,0.000,1.000,—,—,3.00,1.000,0.741,0.000
trio-double-tank,naked,1,6,solo,180,200,0.000,0.000,1.000,—,—,3.00,1.000,0.682,0.000
trio-double-tank,naked,1,6,solo,300,200,0.000,0.000,1.000,—,—,3.00,1.000,0.681,0.000
trio-double-tank,naked,1,6,pack,180,200,0.000,0.000,1.000,—,—,3.00,1.000,0.673,0.000
trio-double-tank,naked,1,6,pack,300,200,0.000,0.000,1.000,—,—,3.00,1.000,0.682,0.000
trio-double-tank,naked,1,6,boss,180,200,0.000,0.000,1.000,—,—,3.00,1.000,0.679,0.000
trio-double-tank,naked,1,6,boss,300,200,0.000,0.000,1.000,—,—,3.00,1.000,0.677,0.000
trio-double-tank,naked,1,7,solo,180,200,0.000,0.000,1.000,—,—,3.00,1.000,0.671,0.000
trio-double-tank,naked,1,7,solo,300,200,0.000,0.000,1.000,—,—,3.00,1.000,0.669,0.000
trio-double-tank,naked,1,7,pack,180,200,0.000,0.000,1.000,—,—,3.00,1.000,0.671,0.000
trio-double-tank,naked,1,7,pack,300,200,0.000,0.000,1.000,—,—,3.00,1.000,0.672,0.000
trio-double-tank,naked,1,7,boss,180,200,0.000,0.000,1.000,—,—,3.00,1.000,0.675,0.000
trio-double-tank,naked,1,7,boss,300,200,0.000,0.000,1.000,—,—,3.00,1.000,0.672,0.000
trio-double-tank,naked,1,8,solo,180,200,0.000,0.000,1.000,—,—,3.00,1.000,0.669,0.000
trio-double-tank,naked,1,8,solo,300,200,0.000,0.000,1.000,—,—,3.00,1.000,0.668,0.000
trio-double-tank,naked,1,8,pack,180,200,0.000,0.000,1.000,—,—,3.00,1.000,0.671,0.000
trio-double-tank,naked,1,8,pack,300,200,0.000,0.000,1.000,—,—,3.00,1.000,0.668,0.000
trio-double-tank,naked,1,8,boss,180,200,0.000,0.000,1.000,—,—,3.00,1.000,0.669,0.000
trio-double-tank,naked,1,8,boss,300,200,0.000,0.000,1.000,—,—,3.00,1.000,0.669,0.000
trio-double-tank,naked,5,1,solo,180,200,1.000,0.000,0.000,0.980,1.9,0.00,0.020,1.000,1.520
trio-double-tank,naked,5,1,solo,300,200,1.000,0.000,0.000,0.981,1.7,0.00,0.019,1.000,1.520
trio-double-tank,naked,5,1,pack,180,200,1.000,0.000,0.000,0.956,18.4,0.00,0.044,1.000,1.507
trio-double-tank,naked,5,1,pack,300,200,1.000,0.000,0.000,0.950,17.7,0.00,0.050,1.000,1.504
trio-double-tank,naked,5,1,boss,180,200,1.000,0.000,0.000,0.981,43.7,0.00,0.019,1.000,1.520
trio-double-tank,naked,5,1,boss,300,200,1.000,0.000,0.000,0.983,43.3,0.00,0.017,1.000,1.521
trio-double-tank,naked,5,2,solo,180,200,1.000,0.000,0.000,0.934,6.2,0.00,0.066,1.000,1.496
trio-double-tank,naked,5,2,solo,300,200,1.000,0.000,0.000,0.933,6.5,0.00,0.067,1.000,1.496
trio-double-tank,naked,5,2,pack,180,200,1.000,0.000,0.000,0.978,47.9,0.01,0.022,1.000,1.519
trio-double-tank,naked,5,2,pack,300,200,1.000,0.000,0.000,0.979,47.5,0.01,0.021,1.000,1.519
trio-double-tank,naked,5,2,boss,180,200,1.000,0.000,0.000,0.976,93.4,0.00,0.024,1.000,1.518
trio-double-tank,naked,5,2,boss,300,200,1.000,0.000,0.000,0.977,93.3,0.00,0.023,1.000,1.518
trio-double-tank,naked,5,3,solo,180,200,1.000,0.000,0.000,0.942,23.8,0.00,0.058,1.000,1.501
trio-double-tank,naked,5,3,solo,300,200,1.000,0.000,0.000,0.941,23.6,0.00,0.059,1.000,1.500
trio-double-tank,naked,5,3,pack,180,200,0.000,0.000,1.000,—,—,3.00,1.000,0.761,0.000
trio-double-tank,naked,5,3,pack,300,200,0.000,0.000,1.000,—,—,3.00,1.000,0.764,0.000
trio-double-tank,naked,5,3,boss,180,200,0.000,0.000,1.000,—,—,3.00,1.000,0.860,0.000
trio-double-tank,naked,5,3,boss,300,200,0.000,0.000,1.000,—,—,3.00,1.000,0.867,0.000
trio-double-tank,naked,5,4,solo,180,200,0.320,0.000,0.680,0.544,60.0,2.33,0.826,0.876,0.415
trio-double-tank,naked,5,4,solo,300,200,0.215,0.000,0.785,0.574,59.4,2.52,0.877,0.858,0.282
trio-double-tank,naked,5,4,pack,180,200,0.000,0.000,1.000,—,—,3.00,1.000,0.753,0.000
trio-double-tank,naked,5,4,pack,300,200,0.000,0.000,1.000,—,—,3.00,1.000,0.751,0.000
trio-double-tank,naked,5,4,boss,180,200,0.000,0.000,1.000,—,—,3.00,1.000,0.753,0.000
trio-double-tank,naked,5,4,boss,300,200,0.000,0.000,1.000,—,—,3.00,1.000,0.750,0.000
trio-double-tank,naked,5,5,solo,180,200,0.000,0.000,1.000,—,—,3.00,1.000,0.811,0.000
trio-double-tank,naked,5,5,solo,300,200,0.000,0.000,1.000,—,—,3.00,1.000,0.812,0.000
trio-double-tank,naked,5,5,pack,180,200,0.000,0.000,1.000,—,—,3.00,1.000,0.788,0.000
trio-double-tank,naked,5,5,pack,300,200,0.000,0.000,1.000,—,—,3.00,1.000,0.784,0.000
trio-double-tank,naked,5,5,boss,180,200,0.000,0.000,1.000,—,—,3.00,1.000,0.677,0.000
trio-double-tank,naked,5,5,boss,300,200,0.000,0.000,1.000,—,—,3.00,1.000,0.676,0.000
trio-double-tank,naked,5,6,solo,180,200,0.000,0.000,1.000,—,—,3.00,1.000,0.686,0.000
trio-double-tank,naked,5,6,solo,300,200,0.000,0.000,1.000,—,—,3.00,1.000,0.689,0.000
trio-double-tank,naked,5,6,pack,180,200,0.000,0.000,1.000,—,—,3.00,1.000,0.690,0.000
trio-double-tank,naked,5,6,pack,300,200,0.000,0.000,1.000,—,—,3.00,1.000,0.682,0.000
trio-double-tank,naked,5,6,boss,180,200,0.000,0.000,1.000,—,—,3.00,1.000,0.759,0.000
trio-double-tank,naked,5,6,boss,300,200,0.000,0.000,1.000,—,—,3.00,1.000,0.757,0.000
trio-double-tank,naked,5,7,solo,180,200,0.000,0.000,1.000,—,—,3.00,1.000,0.671,0.000
trio-double-tank,naked,5,7,solo,300,200,0.000,0.000,1.000,—,—,3.00,1.000,0.674,0.000
trio-double-tank,naked,5,7,pack,180,200,0.000,0.000,1.000,—,—,3.00,1.000,0.673,0.000
trio-double-tank,naked,5,7,pack,300,200,0.000,0.000,1.000,—,—,3.00,1.000,0.673,0.000
trio-double-tank,naked,5,7,boss,180,200,0.000,0.000,1.000,—,—,3.00,1.000,0.678,0.000
trio-double-tank,naked,5,7,boss,300,200,0.000,0.000,1.000,—,—,3.00,1.000,0.677,0.000
trio-double-tank,naked,5,8,solo,180,200,0.000,0.000,1.000,—,—,3.00,1.000,0.671,0.000
trio-double-tank,naked,5,8,solo,300,200,0.000,0.000,1.000,—,—,3.00,1.000,0.669,0.000
trio-double-tank,naked,5,8,pack,180,200,0.000,0.000,1.000,—,—,3.00,1.000,0.668,0.000
trio-double-tank,naked,5,8,pack,300,200,0.000,0.000,1.000,—,—,3.00,1.000,0.670,0.000
trio-double-tank,naked,5,8,boss,180,200,0.000,0.000,1.000,—,—,3.00,1.000,0.668,0.000
trio-double-tank,naked,5,8,boss,300,200,0.000,0.000,1.000,—,—,3.00,1.000,0.671,0.000
trio-double-tank,naked,10,1,solo,180,200,1.000,0.000,0.000,1.000,0.0,0.00,0.000,—,1.560
trio-double-tank,naked,10,1,solo,300,200,1.000,0.000,0.000,1.000,0.0,0.00,0.000,—,1.560
trio-double-tank,naked,10,1,pack,180,200,1.000,0.000,0.000,0.944,8.8,0.00,0.056,1.000,1.531
trio-double-tank,naked,10,1,pack,300,200,1.000,0.000,0.000,0.943,8.8,0.00,0.057,1.000,1.531
trio-double-tank,naked,10,1,boss,180,200,1.000,0.000,0.000,0.921,18.1,0.00,0.079,1.000,1.519
trio-double-tank,naked,10,1,boss,300,200,1.000,0.000,0.000,0.926,18.1,0.00,0.074,1.000,1.521
trio-double-tank,naked,10,2,solo,180,200,1.000,0.000,0.000,0.944,4.1,0.00,0.056,1.000,1.531
trio-double-tank,naked,10,2,solo,300,200,1.000,0.000,0.000,0.945,4.1,0.00,0.055,1.000,1.531
trio-double-tank,naked,10,2,pack,180,200,1.000,0.000,0.000,0.996,28.6,0.00,0.004,1.000,1.558
trio-double-tank,naked,10,2,pack,300,200,1.000,0.000,0.000,0.996,28.5,0.00,0.004,1.000,1.558
trio-double-tank,naked,10,2,boss,180,200,1.000,0.000,0.000,0.996,56.7,0.00,0.004,1.000,1.558
trio-double-tank,naked,10,2,boss,300,200,1.000,0.000,0.000,0.994,56.5,0.00,0.006,1.000,1.557
trio-double-tank,naked,10,3,solo,180,200,1.000,0.000,0.000,0.931,10.9,0.00,0.069,1.000,1.524
trio-double-tank,naked,10,3,solo,300,200,1.000,0.000,0.000,0.930,11.0,0.00,0.070,1.000,1.524
trio-double-tank,naked,10,3,pack,180,200,1.000,0.000,0.000,0.862,72.8,0.35,0.138,1.000,1.488
trio-double-tank,naked,10,3,pack,300,200,1.000,0.000,0.000,0.862,71.0,0.34,0.138,1.000,1.488
trio-double-tank,naked,10,3,boss,180,200,0.720,0.000,0.280,0.919,114.8,0.89,0.339,1.000,1.093
trio-double-tank,naked,10,3,boss,300,200,0.640,0.000,0.360,0.911,115.4,1.13,0.417,1.000,0.969
trio-double-tank,naked,10,4,solo,180,200,1.000,0.000,0.000,0.946,33.1,0.00,0.054,1.000,1.532
trio-double-tank,naked,10,4,solo,300,200,1.000,0.000,0.000,0.946,33.6,0.00,0.054,1.000,1.532
trio-double-tank,naked,10,4,pack,180,200,0.000,0.000,1.000,—,—,3.00,1.000,0.782,0.000
trio-double-tank,naked,10,4,pack,300,200,0.000,0.000,1.000,—,—,3.00,1.000,0.781,0.000
trio-double-tank,naked,10,4,boss,180,200,0.000,0.000,1.000,—,—,3.00,1.000,0.803,0.000
trio-double-tank,naked,10,4,boss,300,200,0.000,0.000,1.000,—,—,3.00,1.000,0.801,0.000
trio-double-tank,naked,10,5,solo,180,200,0.000,0.000,1.000,—,—,3.00,1.000,0.808,0.000
trio-double-tank,naked,10,5,solo,300,200,0.000,0.000,1.000,—,—,3.00,1.000,0.810,0.000
trio-double-tank,naked,10,5,pack,180,200,0.000,0.000,1.000,—,—,3.00,1.000,0.745,0.000
trio-double-tank,naked,10,5,pack,300,200,0.000,0.000,1.000,—,—,3.00,1.000,0.746,0.000
trio-double-tank,naked,10,5,boss,180,200,0.000,0.000,1.000,—,—,3.00,1.000,0.750,0.000
trio-double-tank,naked,10,5,boss,300,200,0.000,0.000,1.000,—,—,3.00,1.000,0.754,0.000
trio-double-tank,naked,10,6,solo,180,200,0.000,0.000,1.000,—,—,3.00,1.000,0.814,0.000
trio-double-tank,naked,10,6,solo,300,200,0.000,0.000,1.000,—,—,3.00,1.000,0.813,0.000
trio-double-tank,naked,10,6,pack,180,200,0.000,0.000,1.000,—,—,3.00,1.000,0.804,0.000
trio-double-tank,naked,10,6,pack,300,200,0.000,0.000,1.000,—,—,3.00,1.000,0.805,0.000
trio-double-tank,naked,10,6,boss,180,200,0.000,0.000,1.000,—,—,3.00,1.000,0.750,0.000
trio-double-tank,naked,10,6,boss,300,200,0.000,0.000,1.000,—,—,3.00,1.000,0.748,0.000
trio-double-tank,naked,10,7,solo,180,200,0.000,0.000,1.000,—,—,3.00,1.000,0.689,0.000
trio-double-tank,naked,10,7,solo,300,200,0.000,0.000,1.000,—,—,3.00,1.000,0.692,0.000
trio-double-tank,naked,10,7,pack,180,200,0.000,0.000,1.000,—,—,3.00,1.000,0.686,0.000
trio-double-tank,naked,10,7,pack,300,200,0.000,0.000,1.000,—,—,3.00,1.000,0.688,0.000
trio-double-tank,naked,10,7,boss,180,200,0.000,0.000,1.000,—,—,3.00,1.000,0.700,0.000
trio-double-tank,naked,10,7,boss,300,200,0.000,0.000,1.000,—,—,3.00,1.000,0.696,0.000
trio-double-tank,naked,10,8,solo,180,200,0.000,0.000,1.000,—,—,3.00,1.000,0.668,0.000
trio-double-tank,naked,10,8,solo,300,200,0.000,0.000,1.000,—,—,3.00,1.000,0.671,0.000
trio-double-tank,naked,10,8,pack,180,200,0.000,0.000,1.000,—,—,3.00,1.000,0.674,0.000
trio-double-tank,naked,10,8,pack,300,200,0.000,0.000,1.000,—,—,3.00,1.000,0.668,0.000
trio-double-tank,naked,10,8,boss,180,200,0.000,0.000,1.000,—,—,3.00,1.000,0.677,0.000
trio-double-tank,naked,10,8,boss,300,200,0.000,0.000,1.000,—,—,3.00,1.000,0.680,0.000
trio-double-tank,naked,20,1,solo,180,200,1.000,0.000,0.000,1.000,0.0,0.00,0.000,—,1.620
trio-double-tank,naked,20,1,solo,300,200,1.000,0.000,0.000,1.000,0.0,0.00,0.000,—,1.620
trio-double-tank,naked,20,1,pack,180,200,1.000,0.000,0.000,0.983,6.0,0.00,0.017,1.000,1.611
trio-double-tank,naked,20,1,pack,300,200,1.000,0.000,0.000,0.982,6.0,0.00,0.018,1.000,1.610
trio-double-tank,naked,20,1,boss,180,200,1.000,0.000,0.000,0.973,12.0,0.00,0.027,1.000,1.606
trio-double-tank,naked,20,1,boss,300,200,1.000,0.000,0.000,0.971,12.0,0.00,0.029,1.000,1.605
trio-double-tank,naked,20,2,solo,180,200,1.000,0.000,0.000,1.000,0.0,0.00,0.000,—,1.620
trio-double-tank,naked,20,2,solo,300,200,1.000,0.000,0.000,1.000,0.0,0.00,0.000,—,1.620
trio-double-tank,naked,20,2,pack,180,200,1.000,0.000,0.000,0.937,11.7,0.00,0.063,1.000,1.586
trio-double-tank,naked,20,2,pack,300,200,1.000,0.000,0.000,0.937,11.6,0.00,0.063,1.000,1.586
trio-double-tank,naked,20,2,boss,180,200,1.000,0.000,0.000,0.923,21.1,0.00,0.077,1.000,1.578
trio-double-tank,naked,20,2,boss,300,200,1.000,0.000,0.000,0.926,21.7,0.00,0.074,1.000,1.580
trio-double-tank,naked,20,3,solo,180,200,1.000,0.000,0.000,0.947,4.9,0.00,0.053,1.000,1.592
trio-double-tank,naked,20,3,solo,300,200,1.000,0.000,0.000,0.946,5.2,0.00,0.054,1.000,1.591
trio-double-tank,naked,20,3,pack,180,200,1.000,0.000,0.000,0.984,34.6,0.00,0.016,1.000,1.611
trio-double-tank,naked,20,3,pack,300,200,1.000,0.000,0.000,0.985,33.8,0.00,0.015,1.000,1.612
trio-double-tank,naked,20,3,boss,180,200,1.000,0.000,0.000,0.997,67.0,0.00,0.003,1.000,1.618
trio-double-tank,naked,20,3,boss,300,200,1.000,0.000,0.000,0.998,67.2,0.00,0.002,1.000,1.619
trio-double-tank,naked,20,4,solo,180,200,1.000,0.000,0.000,0.954,15.2,0.00,0.046,1.000,1.595
trio-double-tank,naked,20,4,solo,300,200,1.000,0.000,0.000,0.948,15.1,0.00,0.052,1.000,1.592
trio-double-tank,naked,20,4,pack,180,200,1.000,0.000,0.000,0.805,99.9,0.50,0.195,1.000,1.515
trio-double-tank,naked,20,4,pack,300,200,1.000,0.000,0.000,0.826,96.1,0.44,0.174,1.000,1.526
trio-double-tank,naked,20,4,boss,180,200,0.145,0.000,0.855,0.816,139.7,2.62,0.882,1.000,0.220
trio-double-tank,naked,20,4,boss,300,200,0.135,0.000,0.865,0.791,143.8,2.65,0.893,1.000,0.203
trio-double-tank,naked,20,5,solo,180,200,1.000,0.000,0.000,0.958,46.3,0.00,0.042,1.000,1.597
trio-double-tank,naked,20,5,solo,300,200,1.000,0.000,0.000,0.951,45.8,0.00,0.049,1.000,1.594
trio-double-tank,naked,20,5,pack,180,200,0.000,0.000,1.000,—,—,3.00,1.000,0.851,0.000
trio-double-tank,naked,20,5,pack,300,200,0.000,0.000,1.000,—,—,3.00,1.000,0.850,0.000
trio-double-tank,naked,20,5,boss,180,200,0.000,0.000,1.000,—,—,3.00,1.000,0.823,0.000
trio-double-tank,naked,20,5,boss,300,200,0.000,0.000,1.000,—,—,3.00,1.000,0.814,0.000
trio-double-tank,naked,20,6,solo,180,200,0.010,0.000,0.990,0.573,111.1,2.98,0.994,0.904,0.014
trio-double-tank,naked,20,6,solo,300,200,0.000,0.000,1.000,—,—,3.00,1.000,0.899,0.000
trio-double-tank,naked,20,6,pack,180,200,0.000,0.000,1.000,—,—,3.00,1.000,0.799,0.000
trio-double-tank,naked,20,6,pack,300,200,0.000,0.000,1.000,—,—,3.00,1.000,0.795,0.000
trio-double-tank,naked,20,6,boss,180,200,0.000,0.000,1.000,—,—,3.00,1.000,0.752,0.000
trio-double-tank,naked,20,6,boss,300,200,0.000,0.000,1.000,—,—,3.00,1.000,0.756,0.000
trio-double-tank,naked,20,7,solo,180,200,0.000,0.000,1.000,—,—,3.00,1.000,0.821,0.000
trio-double-tank,naked,20,7,solo,300,200,0.000,0.000,1.000,—,—,3.00,1.000,0.820,0.000
trio-double-tank,naked,20,7,pack,180,200,0.000,0.000,1.000,—,—,3.00,1.000,0.806,0.000
trio-double-tank,naked,20,7,pack,300,200,0.000,0.000,1.000,—,—,3.00,1.000,0.808,0.000
trio-double-tank,naked,20,7,boss,180,200,0.000,0.000,1.000,—,—,3.00,1.000,0.779,0.000
trio-double-tank,naked,20,7,boss,300,200,0.000,0.000,1.000,—,—,3.00,1.000,0.781,0.000
trio-double-tank,naked,20,8,solo,180,200,0.000,0.000,1.000,—,—,3.00,1.000,0.703,0.000
trio-double-tank,naked,20,8,solo,300,200,0.000,0.000,1.000,—,—,3.00,1.000,0.716,0.000
trio-double-tank,naked,20,8,pack,180,200,0.000,0.000,1.000,—,—,3.00,1.000,0.708,0.000
trio-double-tank,naked,20,8,pack,300,200,0.000,0.000,1.000,—,—,3.00,1.000,0.708,0.000
trio-double-tank,naked,20,8,boss,180,200,0.000,0.000,1.000,—,—,3.00,1.000,0.704,0.000
trio-double-tank,naked,20,8,boss,300,200,0.000,0.000,1.000,—,—,3.00,1.000,0.707,0.000
trio-double-tank,naked,35,1,solo,180,200,1.000,0.000,0.000,1.000,0.0,0.00,0.000,—,1.710
trio-double-tank,naked,35,1,solo,300,200,1.000,0.000,0.000,1.000,0.0,0.00,0.000,—,1.710
trio-double-tank,naked,35,1,pack,180,200,1.000,0.000,0.000,1.000,0.0,0.00,0.000,—,1.710
trio-double-tank,naked,35,1,pack,300,200,1.000,0.000,0.000,1.000,0.0,0.00,0.000,—,1.710
trio-double-tank,naked,35,1,boss,180,200,1.000,0.000,0.000,0.996,6.6,0.00,0.004,1.000,1.708
trio-double-tank,naked,35,1,boss,300,200,1.000,0.000,0.000,0.997,6.4,0.00,0.003,1.000,1.708
trio-double-tank,naked,35,2,solo,180,200,1.000,0.000,0.000,1.000,0.0,0.00,0.000,—,1.710
trio-double-tank,naked,35,2,solo,300,200,1.000,0.000,0.000,1.000,0.0,0.00,0.000,—,1.710
trio-double-tank,naked,35,2,pack,180,200,1.000,0.000,0.000,0.985,6.0,0.00,0.015,1.000,1.701
trio-double-tank,naked,35,2,pack,300,200,1.000,0.000,0.000,0.984,6.0,0.00,0.016,1.000,1.701
trio-double-tank,naked,35,2,boss,180,200,1.000,0.000,0.000,0.982,12.2,0.00,0.018,1.000,1.700
trio-double-tank,naked,35,2,boss,300,200,1.000,0.000,0.000,0.980,12.1,0.00,0.020,1.000,1.699
trio-double-tank,naked,35,3,solo,180,200,1.000,0.000,0.000,0.999,0.1,0.00,0.001,1.000,1.710
trio-double-tank,naked,35,3,solo,300,200,1.000,0.000,0.000,1.000,0.0,0.00,0.000,1.000,1.710
trio-double-tank,naked,35,3,pack,180,200,1.000,0.000,0.000,0.951,12.0,0.00,0.049,1.000,1.682
trio-double-tank,naked,35,3,pack,300,200,1.000,0.000,0.000,0.949,12.0,0.00,0.051,1.000,1.681
trio-double-tank,naked,35,3,boss,180,200,1.000,0.000,0.000,0.929,29.0,0.00,0.071,1.000,1.669
trio-double-tank,naked,35,3,boss,300,200,1.000,0.000,0.000,0.927,29.3,0.00,0.073,1.000,1.669
trio-double-tank,naked,35,4,solo,180,200,1.000,0.000,0.000,0.956,6.0,0.00,0.044,1.000,1.685
trio-double-tank,naked,35,4,solo,300,200,1.000,0.000,0.000,0.958,6.0,0.00,0.042,1.000,1.686
trio-double-tank,naked,35,4,pack,180,200,1.000,0.000,0.000,0.992,42.3,0.00,0.008,1.000,1.706
trio-double-tank,naked,35,4,pack,300,200,1.000,0.000,0.000,0.992,42.2,0.00,0.008,1.000,1.706
trio-double-tank,naked,35,4,boss,180,200,1.000,0.000,0.000,0.992,88.7,0.00,0.008,1.000,1.705
trio-double-tank,naked,35,4,boss,300,200,1.000,0.000,0.000,0.989,88.9,0.00,0.011,1.000,1.704
trio-double-tank,naked,35,5,solo,180,200,1.000,0.000,0.000,0.966,20.1,0.00,0.034,1.000,1.690
trio-double-tank,naked,35,5,solo,300,200,1.000,0.000,0.000,0.965,20.4,0.00,0.035,1.000,1.690
trio-double-tank,naked,35,5,pack,180,200,0.935,0.050,0.015,0.938,107.1,0.20,0.095,0.998,1.566
trio-double-tank,naked,35,5,pack,300,200,1.000,0.000,0.000,0.925,109.1,0.14,0.075,1.000,1.668
trio-double-tank,naked,35,5,boss,180,200,0.010,0.050,0.940,0.780,177.0,2.85,0.962,1.000,0.016
trio-double-tank,naked,35,5,boss,300,200,0.040,0.000,0.960,0.611,186.0,2.92,0.976,1.000,0.060
trio-double-tank,naked,35,6,solo,180,200,1.000,0.000,0.000,0.991,68.1,0.00,0.009,1.000,1.705
trio-double-tank,naked,35,6,solo,300,200,1.000,0.000,0.000,0.992,67.9,0.00,0.008,1.000,1.705
trio-double-tank,naked,35,6,pack,180,200,0.000,0.000,1.000,—,—,3.00,1.000,0.855,0.000
trio-double-tank,naked,35,6,pack,300,200,0.000,0.000,1.000,—,—,3.00,1.000,0.857,0.000
trio-double-tank,naked,35,6,boss,180,200,0.000,0.000,1.000,—,—,3.00,1.000,0.871,0.000
trio-double-tank,naked,35,6,boss,300,200,0.000,0.000,1.000,—,—,3.00,1.000,0.865,0.000
trio-double-tank,naked,35,7,solo,180,200,0.010,0.010,0.980,0.623,165.5,2.95,0.985,0.954,0.015
trio-double-tank,naked,35,7,solo,300,200,0.040,0.000,0.960,0.620,188.1,2.91,0.975,0.955,0.060
trio-double-tank,naked,35,7,pack,180,200,0.000,0.000,1.000,—,—,3.00,1.000,0.864,0.000
trio-double-tank,naked,35,7,pack,300,200,0.000,0.000,1.000,—,—,3.00,1.000,0.865,0.000
trio-double-tank,naked,35,7,boss,180,200,0.000,0.000,1.000,—,—,3.00,1.000,0.789,0.000
trio-double-tank,naked,35,7,boss,300,200,0.000,0.000,1.000,—,—,3.00,1.000,0.783,0.000
trio-double-tank,naked,35,8,solo,180,200,0.000,0.000,1.000,—,—,3.00,1.000,0.826,0.000
trio-double-tank,naked,35,8,solo,300,200,0.000,0.000,1.000,—,—,3.00,1.000,0.825,0.000
trio-double-tank,naked,35,8,pack,180,200,0.000,0.000,1.000,—,—,3.00,1.000,0.807,0.000
trio-double-tank,naked,35,8,pack,300,200,0.000,0.000,1.000,—,—,3.00,1.000,0.805,0.000
trio-double-tank,naked,35,8,boss,180,200,0.000,0.000,1.000,—,—,3.00,1.000,0.781,0.000
trio-double-tank,naked,35,8,boss,300,200,0.000,0.000,1.000,—,—,3.00,1.000,0.787,0.000
trio-double-tank,naked,50,1,solo,180,200,1.000,0.000,0.000,1.000,0.0,0.00,0.000,—,1.800
trio-double-tank,naked,50,1,solo,300,200,1.000,0.000,0.000,1.000,0.0,0.00,0.000,—,1.800
trio-double-tank,naked,50,1,pack,180,200,1.000,0.000,0.000,1.000,0.0,0.00,0.000,—,1.800
trio-double-tank,naked,50,1,pack,300,200,1.000,0.000,0.000,1.000,0.0,0.00,0.000,—,1.800
trio-double-tank,naked,50,1,boss,180,200,1.000,0.000,0.000,0.994,6.0,0.00,0.006,1.000,1.796
trio-double-tank,naked,50,1,boss,300,200,1.000,0.000,0.000,0.994,6.0,0.00,0.006,1.000,1.796
trio-double-tank,naked,50,2,solo,180,200,1.000,0.000,0.000,1.000,0.0,0.00,0.000,—,1.800
trio-double-tank,naked,50,2,solo,300,200,1.000,0.000,0.000,1.000,0.0,0.00,0.000,—,1.800
trio-double-tank,naked,50,2,pack,180,200,1.000,0.000,0.000,0.992,4.8,0.00,0.008,1.000,1.795
trio-double-tank,naked,50,2,pack,300,200,1.000,0.000,0.000,0.992,4.6,0.00,0.008,1.000,1.795
trio-double-tank,naked,50,2,boss,180,200,1.000,0.000,0.000,0.987,10.0,0.00,0.013,1.000,1.792
trio-double-tank,naked,50,2,boss,300,200,1.000,0.000,0.000,0.986,10.1,0.00,0.014,1.000,1.791
trio-double-tank,naked,50,3,solo,180,200,1.000,0.000,0.000,1.000,0.0,0.00,0.000,—,1.800
trio-double-tank,naked,50,3,solo,300,200,1.000,0.000,0.000,1.000,0.0,0.00,0.000,—,1.800
trio-double-tank,naked,50,3,pack,180,200,1.000,0.000,0.000,0.973,8.3,0.00,0.027,1.000,1.784
trio-double-tank,naked,50,3,pack,300,200,1.000,0.000,0.000,0.973,8.5,0.00,0.027,1.000,1.784
trio-double-tank,naked,50,3,boss,180,200,1.000,0.000,0.000,0.957,17.4,0.00,0.043,1.000,1.774
trio-double-tank,naked,50,3,boss,300,200,1.000,0.000,0.000,0.958,17.3,0.00,0.042,1.000,1.775
trio-double-tank,naked,50,4,solo,180,200,1.000,0.000,0.000,0.967,4.1,0.00,0.033,1.000,1.780
trio-double-tank,naked,50,4,solo,300,200,1.000,0.000,0.000,0.967,4.2,0.00,0.033,1.000,1.780
trio-double-tank,naked,50,4,pack,180,200,1.000,0.000,0.000,0.957,23.7,0.00,0.043,1.000,1.774
trio-double-tank,naked,50,4,pack,300,200,1.000,0.000,0.000,0.966,24.4,0.00,0.034,1.000,1.780
trio-double-tank,naked,50,4,boss,180,200,1.000,0.000,0.000,0.995,56.8,0.00,0.005,1.000,1.797
trio-double-tank,naked,50,4,boss,300,200,1.000,0.000,0.000,0.994,57.7,0.00,0.006,1.000,1.796
trio-double-tank,naked,50,5,solo,180,200,1.000,0.000,0.000,0.916,10.3,0.00,0.084,1.000,1.750
trio-double-tank,naked,50,5,solo,300,200,1.000,0.000,0.000,0.920,10.1,0.00,0.080,1.000,1.752
trio-double-tank,naked,50,5,pack,180,200,1.000,0.000,0.000,0.995,69.6,0.00,0.005,1.000,1.797
trio-double-tank,naked,50,5,pack,300,200,1.000,0.000,0.000,0.996,70.3,0.00,0.004,1.000,1.798
trio-double-tank,naked,50,5,boss,180,200,0.405,0.000,0.595,0.844,134.2,1.92,0.658,1.000,0.691
trio-double-tank,naked,50,5,boss,300,200,0.355,0.000,0.645,0.919,134.9,1.98,0.674,1.000,0.622
trio-double-tank,naked,50,6,solo,180,200,1.000,0.000,0.000,0.975,42.5,0.00,0.025,1.000,1.785
trio-double-tank,naked,50,6,solo,300,200,1.000,0.000,0.000,0.975,42.1,0.00,0.025,1.000,1.785
trio-double-tank,naked,50,6,pack,180,200,0.120,0.175,0.705,0.995,164.5,2.28,0.780,0.973,0.216
trio-double-tank,naked,50,6,pack,300,200,0.275,0.040,0.685,0.828,212.9,2.21,0.750,0.977,0.467
trio-double-tank,naked,50,6,boss,180,200,0.000,0.055,0.945,—,—,2.87,0.959,0.996,0.000
trio-double-tank,naked,50,6,boss,300,200,0.000,0.010,0.990,—,—,2.98,0.995,0.994,0.000
trio-double-tank,naked,50,7,solo,180,200,1.000,0.000,0.000,0.962,130.2,0.00,0.038,1.000,1.777
trio-double-tank,naked,50,7,solo,300,200,1.000,0.000,0.000,0.960,130.1,0.00,0.040,1.000,1.776
trio-double-tank,naked,50,7,pack,180,200,0.000,0.000,1.000,—,—,3.00,1.000,0.864,0.000
trio-double-tank,naked,50,7,pack,300,200,0.000,0.000,1.000,—,—,3.00,1.000,0.867,0.000
trio-double-tank,naked,50,7,boss,180,200,0.000,0.000,1.000,—,—,3.00,1.000,0.887,0.000
trio-double-tank,naked,50,7,boss,300,200,0.000,0.000,1.000,—,—,3.00,1.000,0.882,0.000
trio-double-tank,naked,50,8,solo,180,200,0.000,0.000,1.000,—,—,3.00,1.000,0.914,0.000
trio-double-tank,naked,50,8,solo,300,200,0.000,0.000,1.000,—,—,3.00,1.000,0.917,0.000
trio-double-tank,naked,50,8,pack,180,200,0.000,0.000,1.000,—,—,3.00,1.000,0.849,0.000
trio-double-tank,naked,50,8,pack,300,200,0.000,0.000,1.000,—,—,3.00,1.000,0.848,0.000
trio-double-tank,naked,50,8,boss,180,200,0.000,0.000,1.000,—,—,3.00,1.000,0.846,0.000
trio-double-tank,naked,50,8,boss,300,200,0.000,0.000,1.000,—,—,3.00,1.000,0.850,0.000
trio-double-tank,geared,1,1,solo,180,200,1.000,0.000,0.000,0.957,4.0,0.00,0.043,1.000,1.484
trio-double-tank,geared,1,1,solo,300,200,1.000,0.000,0.000,0.957,4.2,0.00,0.043,1.000,1.484
trio-double-tank,geared,1,1,pack,180,200,1.000,0.000,0.000,0.986,27.7,0.00,0.014,1.000,1.499
trio-double-tank,geared,1,1,pack,300,200,1.000,0.000,0.000,0.985,27.5,0.00,0.015,1.000,1.499
trio-double-tank,geared,1,1,boss,180,200,1.000,0.000,0.000,0.983,53.4,0.00,0.017,1.000,1.498
trio-double-tank,geared,1,1,boss,300,200,1.000,0.000,0.000,0.984,53.5,0.00,0.016,1.000,1.498
trio-double-tank,geared,1,2,solo,180,200,1.000,0.000,0.000,0.921,9.2,0.00,0.079,1.000,1.466
trio-double-tank,geared,1,2,solo,300,200,1.000,0.000,0.000,0.923,9.5,0.00,0.077,1.000,1.467
trio-double-tank,geared,1,2,pack,180,200,1.000,0.000,0.000,0.920,63.7,0.17,0.080,1.000,1.466
trio-double-tank,geared,1,2,pack,300,200,1.000,0.000,0.000,0.924,62.6,0.16,0.076,1.000,1.468
trio-double-tank,geared,1,2,boss,180,200,1.000,0.000,0.000,0.944,111.3,0.00,0.056,1.000,1.478
trio-double-tank,geared,1,2,boss,300,200,1.000,0.000,0.000,0.943,111.2,0.00,0.057,1.000,1.477
trio-double-tank,geared,1,3,solo,180,200,1.000,0.000,0.000,0.957,30.1,0.00,0.043,1.000,1.484
trio-double-tank,geared,1,3,solo,300,200,1.000,0.000,0.000,0.943,29.7,0.00,0.057,1.000,1.477
trio-double-tank,geared,1,3,pack,180,200,0.000,0.000,1.000,—,—,3.00,1.000,0.736,0.000
trio-double-tank,geared,1,3,pack,300,200,0.000,0.000,1.000,—,—,3.00,1.000,0.739,0.000
trio-double-tank,geared,1,3,boss,180,200,0.000,0.000,1.000,—,—,3.00,1.000,0.821,0.000
trio-double-tank,geared,1,3,boss,300,200,0.000,0.000,1.000,—,—,3.00,1.000,0.828,0.000
trio-double-tank,geared,1,4,solo,180,200,0.000,0.000,1.000,—,—,3.00,1.000,0.796,0.000
trio-double-tank,geared,1,4,solo,300,200,0.000,0.000,1.000,—,—,3.00,1.000,0.792,0.000
trio-double-tank,geared,1,4,pack,180,200,0.000,0.000,1.000,—,—,3.00,1.000,0.752,0.000
trio-double-tank,geared,1,4,pack,300,200,0.000,0.000,1.000,—,—,3.00,1.000,0.752,0.000
trio-double-tank,geared,1,4,boss,180,200,0.000,0.000,1.000,—,—,3.00,1.000,0.742,0.000
trio-double-tank,geared,1,4,boss,300,200,0.000,0.000,1.000,—,—,3.00,1.000,0.744,0.000
trio-double-tank,geared,1,5,solo,180,200,0.000,0.000,1.000,—,—,3.00,1.000,0.790,0.000
trio-double-tank,geared,1,5,solo,300,200,0.000,0.000,1.000,—,—,3.00,1.000,0.797,0.000
trio-double-tank,geared,1,5,pack,180,200,0.000,0.000,1.000,—,—,3.00,1.000,0.770,0.000
trio-double-tank,geared,1,5,pack,300,200,0.000,0.000,1.000,—,—,3.00,1.000,0.769,0.000
trio-double-tank,geared,1,5,boss,180,200,0.000,0.000,1.000,—,—,3.00,1.000,0.679,0.000
trio-double-tank,geared,1,5,boss,300,200,0.000,0.000,1.000,—,—,3.00,1.000,0.676,0.000
trio-double-tank,geared,1,6,solo,180,200,0.000,0.000,1.000,—,—,3.00,1.000,0.688,0.000
trio-double-tank,geared,1,6,solo,300,200,0.000,0.000,1.000,—,—,3.00,1.000,0.685,0.000
trio-double-tank,geared,1,6,pack,180,200,0.000,0.000,1.000,—,—,3.00,1.000,0.677,0.000
trio-double-tank,geared,1,6,pack,300,200,0.000,0.000,1.000,—,—,3.00,1.000,0.688,0.000
trio-double-tank,geared,1,6,boss,180,200,0.000,0.000,1.000,—,—,3.00,1.000,0.760,0.000
trio-double-tank,geared,1,6,boss,300,200,0.000,0.000,1.000,—,—,3.00,1.000,0.759,0.000
trio-double-tank,geared,1,7,solo,180,200,0.000,0.000,1.000,—,—,3.00,1.000,0.676,0.000
trio-double-tank,geared,1,7,solo,300,200,0.000,0.000,1.000,—,—,3.00,1.000,0.676,0.000
trio-double-tank,geared,1,7,pack,180,200,0.000,0.000,1.000,—,—,3.00,1.000,0.673,0.000
trio-double-tank,geared,1,7,pack,300,200,0.000,0.000,1.000,—,—,3.00,1.000,0.676,0.000
trio-double-tank,geared,1,7,boss,180,200,0.000,0.000,1.000,—,—,3.00,1.000,0.678,0.000
trio-double-tank,geared,1,7,boss,300,200,0.000,0.000,1.000,—,—,3.00,1.000,0.683,0.000
trio-double-tank,geared,1,8,solo,180,200,0.000,0.000,1.000,—,—,3.00,1.000,0.672,0.000
trio-double-tank,geared,1,8,solo,300,200,0.000,0.000,1.000,—,—,3.00,1.000,0.671,0.000
trio-double-tank,geared,1,8,pack,180,200,0.000,0.000,1.000,—,—,3.00,1.000,0.671,0.000
trio-double-tank,geared,1,8,pack,300,200,0.000,0.000,1.000,—,—,3.00,1.000,0.671,0.000
trio-double-tank,geared,1,8,boss,180,200,0.000,0.000,1.000,—,—,3.00,1.000,0.671,0.000
trio-double-tank,geared,1,8,boss,300,200,0.000,0.000,1.000,—,—,3.00,1.000,0.671,0.000
trio-double-tank,geared,5,1,solo,180,200,1.000,0.000,0.000,1.000,0.0,0.00,0.000,—,1.530
trio-double-tank,geared,5,1,solo,300,200,1.000,0.000,0.000,1.000,0.0,0.00,0.000,—,1.530
trio-double-tank,geared,5,1,pack,180,200,1.000,0.000,0.000,0.944,11.5,0.00,0.056,1.000,1.501
trio-double-tank,geared,5,1,pack,300,200,1.000,0.000,0.000,0.946,11.7,0.00,0.054,1.000,1.502
trio-double-tank,geared,5,1,boss,180,200,1.000,0.000,0.000,0.920,21.1,0.00,0.080,1.000,1.489
trio-double-tank,geared,5,1,boss,300,200,1.000,0.000,0.000,0.921,21.1,0.00,0.079,1.000,1.490
trio-double-tank,geared,5,2,solo,180,200,1.000,0.000,0.000,0.947,4.9,0.00,0.053,1.000,1.503
trio-double-tank,geared,5,2,solo,300,200,1.000,0.000,0.000,0.948,5.0,0.00,0.052,1.000,1.504
trio-double-tank,geared,5,2,pack,180,200,1.000,0.000,0.000,0.987,32.0,0.00,0.013,1.000,1.524
trio-double-tank,geared,5,2,pack,300,200,1.000,0.000,0.000,0.989,31.8,0.00,0.011,1.000,1.525
trio-double-tank,geared,5,2,boss,180,200,1.000,0.000,0.000,0.980,64.5,0.00,0.020,1.000,1.520
trio-double-tank,geared,5,2,boss,300,200,1.000,0.000,0.000,0.982,63.9,0.00,0.018,1.000,1.521
trio-double-tank,geared,5,3,solo,180,200,1.000,0.000,0.000,0.918,13.0,0.00,0.082,1.000,1.488
trio-double-tank,geared,5,3,solo,300,200,1.000,0.000,0.000,0.916,12.7,0.00,0.084,1.000,1.487
trio-double-tank,geared,5,3,pack,180,200,0.970,0.005,0.025,0.742,101.2,0.71,0.279,0.994,1.357
trio-double-tank,geared,5,3,pack,300,200,0.970,0.010,0.020,0.741,102.5,0.71,0.279,0.984,1.356
trio-double-tank,geared,5,3,boss,180,200,0.825,0.020,0.155,0.912,134.8,0.51,0.242,1.000,1.225
trio-double-tank,geared,5,3,boss,300,200,0.910,0.000,0.090,0.892,137.2,0.31,0.188,1.000,1.342
trio-double-tank,geared,5,4,solo,180,200,1.000,0.000,0.000,0.938,38.1,0.00,0.062,1.000,1.498
trio-double-tank,geared,5,4,solo,300,200,1.000,0.000,0.000,0.938,38.7,0.00,0.062,1.000,1.499
trio-double-tank,geared,5,4,pack,180,200,0.000,0.000,1.000,—,—,3.00,1.000,0.787,0.000
trio-double-tank,geared,5,4,pack,300,200,0.000,0.000,1.000,—,—,3.00,1.000,0.785,0.000
trio-double-tank,geared,5,4,boss,180,200,0.000,0.000,1.000,—,—,3.00,1.000,0.794,0.000
trio-double-tank,geared,5,4,boss,300,200,0.000,0.000,1.000,—,—,3.00,1.000,0.794,0.000
trio-double-tank,geared,5,5,solo,180,200,0.000,0.000,1.000,—,—,3.00,1.000,0.815,0.000
trio-double-tank,geared,5,5,solo,300,200,0.000,0.000,1.000,—,—,3.00,1.000,0.810,0.000
trio-double-tank,geared,5,5,pack,180,200,0.000,0.000,1.000,—,—,3.00,1.000,0.747,0.000
trio-double-tank,geared,5,5,pack,300,200,0.000,0.000,1.000,—,—,3.00,1.000,0.750,0.000
trio-double-tank,geared,5,5,boss,180,200,0.000,0.000,1.000,—,—,3.00,1.000,0.754,0.000
trio-double-tank,geared,5,5,boss,300,200,0.000,0.000,1.000,—,—,3.00,1.000,0.762,0.000
trio-double-tank,geared,5,6,solo,180,200,0.000,0.000,1.000,—,—,3.00,1.000,0.820,0.000
trio-double-tank,geared,5,6,solo,300,200,0.000,0.000,1.000,—,—,3.00,1.000,0.823,0.000
trio-double-tank,geared,5,6,pack,180,200,0.000,0.000,1.000,—,—,3.00,1.000,0.804,0.000
trio-double-tank,geared,5,6,pack,300,200,0.000,0.000,1.000,—,—,3.00,1.000,0.804,0.000
trio-double-tank,geared,5,6,boss,180,200,0.000,0.000,1.000,—,—,3.00,1.000,0.738,0.000
trio-double-tank,geared,5,6,boss,300,200,0.000,0.000,1.000,—,—,3.00,1.000,0.744,0.000
trio-double-tank,geared,5,7,solo,180,200,0.000,0.000,1.000,—,—,3.00,1.000,0.688,0.000
trio-double-tank,geared,5,7,solo,300,200,0.000,0.000,1.000,—,—,3.00,1.000,0.688,0.000
trio-double-tank,geared,5,7,pack,180,200,0.000,0.000,1.000,—,—,3.00,1.000,0.690,0.000
trio-double-tank,geared,5,7,pack,300,200,0.000,0.000,1.000,—,—,3.00,1.000,0.691,0.000
trio-double-tank,geared,5,7,boss,180,200,0.000,0.000,1.000,—,—,3.00,1.000,0.712,0.000
trio-double-tank,geared,5,7,boss,300,200,0.000,0.000,1.000,—,—,3.00,1.000,0.709,0.000
trio-double-tank,geared,5,8,solo,180,200,0.000,0.000,1.000,—,—,3.00,1.000,0.672,0.000
trio-double-tank,geared,5,8,solo,300,200,0.000,0.000,1.000,—,—,3.00,1.000,0.669,0.000
trio-double-tank,geared,5,8,pack,180,200,0.000,0.000,1.000,—,—,3.00,1.000,0.671,0.000
trio-double-tank,geared,5,8,pack,300,200,0.000,0.000,1.000,—,—,3.00,1.000,0.671,0.000
trio-double-tank,geared,5,8,boss,180,200,0.000,0.000,1.000,—,—,3.00,1.000,0.679,0.000
trio-double-tank,geared,5,8,boss,300,200,0.000,0.000,1.000,—,—,3.00,1.000,0.685,0.000
trio-double-tank,geared,10,1,solo,180,200,1.000,0.000,0.000,1.000,0.0,0.00,0.000,—,1.560
trio-double-tank,geared,10,1,solo,300,200,1.000,0.000,0.000,1.000,0.0,0.00,0.000,—,1.560
trio-double-tank,geared,10,1,pack,180,200,1.000,0.000,0.000,0.979,6.0,0.00,0.021,1.000,1.549
trio-double-tank,geared,10,1,pack,300,200,1.000,0.000,0.000,0.979,6.0,0.00,0.021,1.000,1.549
trio-double-tank,geared,10,1,boss,180,200,1.000,0.000,0.000,0.967,12.4,0.00,0.033,1.000,1.543
trio-double-tank,geared,10,1,boss,300,200,1.000,0.000,0.000,0.967,12.4,0.00,0.033,1.000,1.543
trio-double-tank,geared,10,2,solo,180,200,1.000,0.000,0.000,0.999,0.1,0.00,0.001,1.000,1.560
trio-double-tank,geared,10,2,solo,300,200,1.000,0.000,0.000,0.999,0.1,0.00,0.001,1.000,1.560
trio-double-tank,geared,10,2,pack,180,200,1.000,0.000,0.000,0.929,12.1,0.00,0.071,1.000,1.523
trio-double-tank,geared,10,2,pack,300,200,1.000,0.000,0.000,0.928,12.1,0.00,0.072,1.000,1.522
trio-double-tank,geared,10,2,boss,180,200,1.000,0.000,0.000,0.968,34.1,0.00,0.032,1.000,1.544
trio-double-tank,geared,10,2,boss,300,200,1.000,0.000,0.000,0.965,33.7,0.00,0.035,1.000,1.542
trio-double-tank,geared,10,3,solo,180,200,1.000,0.000,0.000,0.944,6.0,0.00,0.056,1.000,1.531
trio-double-tank,geared,10,3,solo,300,200,1.000,0.000,0.000,0.944,6.0,0.00,0.056,1.000,1.531
trio-double-tank,geared,10,3,pack,180,200,1.000,0.000,0.000,0.992,41.2,0.00,0.008,1.000,1.556
trio-double-tank,geared,10,3,pack,300,200,1.000,0.000,0.000,0.992,40.9,0.00,0.008,1.000,1.556
trio-double-tank,geared,10,3,boss,180,200,1.000,0.000,0.000,0.951,82.3,0.00,0.049,1.000,1.535
trio-double-tank,geared,10,3,boss,300,200,1.000,0.000,0.000,0.955,83.1,0.00,0.045,1.000,1.537
trio-double-tank,geared,10,4,solo,180,200,1.000,0.000,0.000,0.956,21.2,0.00,0.044,1.000,1.537
trio-double-tank,geared,10,4,solo,300,200,1.000,0.000,0.000,0.954,21.2,0.00,0.046,1.000,1.536
trio-double-tank,geared,10,4,pack,180,200,0.065,0.005,0.930,0.645,141.9,2.85,0.958,0.844,0.089
trio-double-tank,geared,10,4,pack,300,200,0.055,0.000,0.945,0.635,141.7,2.88,0.965,0.844,0.075
trio-double-tank,geared,10,4,boss,180,200,0.020,0.005,0.975,0.766,162.0,2.93,0.981,0.956,0.029
trio-double-tank,geared,10,4,boss,300,200,0.010,0.000,0.990,0.385,168.0,2.98,0.996,0.959,0.012
trio-double-tank,geared,10,5,solo,180,200,1.000,0.000,0.000,0.922,56.5,0.01,0.078,1.000,1.519
trio-double-tank,geared,10,5,solo,300,200,1.000,0.000,0.000,0.925,56.1,0.03,0.075,1.000,1.521
trio-double-tank,geared,10,5,pack,180,200,0.000,0.000,1.000,—,—,3.00,1.000,0.824,0.000
trio-double-tank,geared,10,5,pack,300,200,0.000,0.000,1.000,—,—,3.00,1.000,0.826,0.000
trio-double-tank,geared,10,5,boss,180,200,0.000,0.000,1.000,—,—,3.00,1.000,0.819,0.000
trio-double-tank,geared,10,5,boss,300,200,0.000,0.000,1.000,—,—,3.00,1.000,0.823,0.000
trio-double-tank,geared,10,6,solo,180,200,0.000,0.000,1.000,—,—,3.00,1.000,0.852,0.000
trio-double-tank,geared,10,6,solo,300,200,0.000,0.000,1.000,—,—,3.00,1.000,0.843,0.000
trio-double-tank,geared,10,6,pack,180,200,0.000,0.000,1.000,—,—,3.00,1.000,0.797,0.000
trio-double-tank,geared,10,6,pack,300,200,0.000,0.000,1.000,—,—,3.00,1.000,0.795,0.000
trio-double-tank,geared,10,6,boss,180,200,0.000,0.000,1.000,—,—,3.00,1.000,0.706,0.000
trio-double-tank,geared,10,6,boss,300,200,0.000,0.000,1.000,—,—,3.00,1.000,0.696,0.000
trio-double-tank,geared,10,7,solo,180,200,0.000,0.000,1.000,—,—,3.00,1.000,0.752,0.000
trio-double-tank,geared,10,7,solo,300,200,0.000,0.000,1.000,—,—,3.00,1.000,0.751,0.000
trio-double-tank,geared,10,7,pack,180,200,0.000,0.000,1.000,—,—,3.00,1.000,0.741,0.000
trio-double-tank,geared,10,7,pack,300,200,0.000,0.000,1.000,—,—,3.00,1.000,0.743,0.000
trio-double-tank,geared,10,7,boss,180,200,0.000,0.000,1.000,—,—,3.00,1.000,0.764,0.000
trio-double-tank,geared,10,7,boss,300,200,0.000,0.000,1.000,—,—,3.00,1.000,0.763,0.000
trio-double-tank,geared,10,8,solo,180,200,0.000,0.000,1.000,—,—,3.00,1.000,0.694,0.000
trio-double-tank,geared,10,8,solo,300,200,0.000,0.000,1.000,—,—,3.00,1.000,0.702,0.000
trio-double-tank,geared,10,8,pack,180,200,0.000,0.000,1.000,—,—,3.00,1.000,0.693,0.000
trio-double-tank,geared,10,8,pack,300,200,0.000,0.000,1.000,—,—,3.00,1.000,0.698,0.000
trio-double-tank,geared,10,8,boss,180,200,0.000,0.000,1.000,—,—,3.00,1.000,0.686,0.000
trio-double-tank,geared,10,8,boss,300,200,0.000,0.000,1.000,—,—,3.00,1.000,0.688,0.000
trio-double-tank,geared,20,1,solo,180,200,1.000,0.000,0.000,1.000,0.0,0.00,0.000,—,1.620
trio-double-tank,geared,20,1,solo,300,200,1.000,0.000,0.000,1.000,0.0,0.00,0.000,—,1.620
trio-double-tank,geared,20,1,pack,180,200,1.000,0.000,0.000,0.998,0.8,0.00,0.002,1.000,1.619
trio-double-tank,geared,20,1,pack,300,200,1.000,0.000,0.000,0.998,0.8,0.00,0.002,1.000,1.619
trio-double-tank,geared,20,1,boss,180,200,1.000,0.000,0.000,0.989,7.9,0.00,0.011,1.000,1.614
trio-double-tank,geared,20,1,boss,300,200,1.000,0.000,0.000,0.989,7.8,0.00,0.011,1.000,1.614
trio-double-tank,geared,20,2,solo,180,200,1.000,0.000,0.000,1.000,0.0,0.00,0.000,—,1.620
trio-double-tank,geared,20,2,solo,300,200,1.000,0.000,0.000,1.000,0.0,0.00,0.000,—,1.620
trio-double-tank,geared,20,2,pack,180,200,1.000,0.000,0.000,0.977,6.0,0.00,0.023,1.000,1.607
trio-double-tank,geared,20,2,pack,300,200,1.000,0.000,0.000,0.977,6.0,0.00,0.023,1.000,1.607
trio-double-tank,geared,20,2,boss,180,200,1.000,0.000,0.000,0.955,14.0,0.00,0.045,1.000,1.596
trio-double-tank,geared,20,2,boss,300,200,1.000,0.000,0.000,0.952,14.4,0.00,0.048,1.000,1.594
trio-double-tank,geared,20,3,solo,180,200,1.000,0.000,0.000,0.984,1.9,0.00,0.016,1.000,1.611
trio-double-tank,geared,20,3,solo,300,200,1.000,0.000,0.000,0.980,2.3,0.00,0.020,1.000,1.609
trio-double-tank,geared,20,3,pack,180,200,1.000,0.000,0.000,0.954,17.1,0.00,0.046,1.000,1.595
trio-double-tank,geared,20,3,pack,300,200,1.000,0.000,0.000,0.951,16.6,0.00,0.049,1.000,1.594
trio-double-tank,geared,20,3,boss,180,200,1.000,0.000,0.000,0.986,43.6,0.00,0.014,1.000,1.612
trio-double-tank,geared,20,3,boss,300,200,1.000,0.000,0.000,0.988,43.6,0.00,0.012,1.000,1.613
trio-double-tank,geared,20,4,solo,180,200,1.000,0.000,0.000,0.941,6.9,0.00,0.059,1.000,1.588
trio-double-tank,geared,20,4,solo,300,200,1.000,0.000,0.000,0.945,6.8,0.00,0.055,1.000,1.590
trio-double-tank,geared,20,4,pack,180,200,1.000,0.000,0.000,0.989,52.1,0.00,0.011,1.000,1.614
trio-double-tank,geared,20,4,pack,300,200,1.000,0.000,0.000,0.990,52.4,0.00,0.010,1.000,1.614
trio-double-tank,geared,20,4,boss,180,200,1.000,0.000,0.000,0.977,105.0,0.00,0.023,1.000,1.608
trio-double-tank,geared,20,4,boss,300,200,1.000,0.000,0.000,0.977,105.3,0.00,0.023,1.000,1.607
trio-double-tank,geared,20,5,solo,180,200,1.000,0.000,0.000,0.974,29.7,0.00,0.026,1.000,1.606
trio-double-tank,geared,20,5,solo,300,200,1.000,0.000,0.000,0.974,29.2,0.00,0.026,1.000,1.606
trio-double-tank,geared,20,5,pack,180,200,0.025,0.100,0.875,0.814,139.2,2.73,0.926,0.921,0.038
trio-double-tank,geared,20,5,pack,300,200,0.140,0.000,0.860,0.681,190.0,2.69,0.905,0.924,0.203
trio-double-tank,geared,20,5,boss,180,200,0.000,0.015,0.985,—,—,2.97,0.990,0.981,0.000
trio-double-tank,geared,20,5,boss,300,200,0.000,0.000,1.000,—,—,3.00,1.000,0.984,0.000
trio-double-tank,geared,20,6,solo,180,200,1.000,0.000,0.000,0.950,83.5,0.00,0.050,1.000,1.593
trio-double-tank,geared,20,6,solo,300,200,1.000,0.000,0.000,0.953,82.4,0.00,0.047,1.000,1.595
trio-double-tank,geared,20,6,pack,180,200,0.000,0.000,1.000,—,—,3.00,1.000,0.844,0.000
trio-double-tank,geared,20,6,pack,300,200,0.000,0.000,1.000,—,—,3.00,1.000,0.840,0.000
trio-double-tank,geared,20,6,boss,180,200,0.000,0.000,1.000,—,—,3.00,1.000,0.873,0.000
trio-double-tank,geared,20,6,boss,300,200,0.000,0.000,1.000,—,—,3.00,1.000,0.870,0.000
trio-double-tank,geared,20,7,solo,180,200,0.000,0.000,1.000,—,—,3.00,1.000,0.887,0.000
trio-double-tank,geared,20,7,solo,300,200,0.000,0.000,1.000,—,—,3.00,1.000,0.891,0.000
trio-double-tank,geared,20,7,pack,180,200,0.000,0.000,1.000,—,—,3.00,1.000,0.837,0.000
trio-double-tank,geared,20,7,pack,300,200,0.000,0.000,1.000,—,—,3.00,1.000,0.837,0.000
trio-double-tank,geared,20,7,boss,180,200,0.000,0.000,1.000,—,—,3.00,1.000,0.743,0.000
trio-double-tank,geared,20,7,boss,300,200,0.000,0.000,1.000,—,—,3.00,1.000,0.743,0.000
trio-double-tank,geared,20,8,solo,180,200,0.000,0.000,1.000,—,—,3.00,1.000,0.758,0.000
trio-double-tank,geared,20,8,solo,300,200,0.000,0.000,1.000,—,—,3.00,1.000,0.772,0.000
trio-double-tank,geared,20,8,pack,180,200,0.000,0.000,1.000,—,—,3.00,1.000,0.763,0.000
trio-double-tank,geared,20,8,pack,300,200,0.000,0.000,1.000,—,—,3.00,1.000,0.756,0.000
trio-double-tank,geared,20,8,boss,180,200,0.000,0.000,1.000,—,—,3.00,1.000,0.768,0.000
trio-double-tank,geared,20,8,boss,300,200,0.000,0.000,1.000,—,—,3.00,1.000,0.773,0.000
trio-double-tank,geared,35,1,solo,180,200,1.000,0.000,0.000,1.000,0.0,0.00,0.000,—,1.710
trio-double-tank,geared,35,1,solo,300,200,1.000,0.000,0.000,1.000,0.0,0.00,0.000,—,1.710
trio-double-tank,geared,35,1,pack,180,200,1.000,0.000,0.000,1.000,0.0,0.00,0.000,—,1.710
trio-double-tank,geared,35,1,pack,300,200,1.000,0.000,0.000,1.000,0.0,0.00,0.000,—,1.710
trio-double-tank,geared,35,1,boss,180,200,1.000,0.000,0.000,0.995,6.0,0.00,0.005,1.000,1.707
trio-double-tank,geared,35,1,boss,300,200,1.000,0.000,0.000,0.994,6.0,0.00,0.006,1.000,1.707
trio-double-tank,geared,35,2,solo,180,200,1.000,0.000,0.000,1.000,0.0,0.00,0.000,—,1.710
trio-double-tank,geared,35,2,solo,300,200,1.000,0.000,0.000,1.000,0.0,0.00,0.000,—,1.710
trio-double-tank,geared,35,2,pack,180,200,1.000,0.000,0.000,0.994,4.8,0.00,0.006,1.000,1.706
trio-double-tank,geared,35,2,pack,300,200,1.000,0.000,0.000,0.993,4.9,0.00,0.007,1.000,1.706
trio-double-tank,geared,35,2,boss,180,200,1.000,0.000,0.000,0.988,10.1,0.00,0.012,1.000,1.703
trio-double-tank,geared,35,2,boss,300,200,1.000,0.000,0.000,0.987,10.3,0.00,0.013,1.000,1.703
trio-double-tank,geared,35,3,solo,180,200,1.000,0.000,0.000,1.000,0.0,0.00,0.000,—,1.710
trio-double-tank,geared,35,3,solo,300,200,1.000,0.000,0.000,1.000,0.0,0.00,0.000,—,1.710
trio-double-tank,geared,35,3,pack,180,200,1.000,0.000,0.000,0.976,8.4,0.00,0.024,1.000,1.696
trio-double-tank,geared,35,3,pack,300,200,1.000,0.000,0.000,0.976,8.5,0.00,0.024,1.000,1.696
trio-double-tank,geared,35,3,boss,180,200,1.000,0.000,0.000,0.962,17.4,0.00,0.038,1.000,1.688
trio-double-tank,geared,35,3,boss,300,200,1.000,0.000,0.000,0.962,17.5,0.00,0.038,1.000,1.689
trio-double-tank,geared,35,4,solo,180,200,1.000,0.000,0.000,0.969,4.1,0.00,0.031,1.000,1.692
trio-double-tank,geared,35,4,solo,300,200,1.000,0.000,0.000,0.970,4.2,0.00,0.030,1.000,1.693
trio-double-tank,geared,35,4,pack,180,200,1.000,0.000,0.000,0.960,23.5,0.00,0.040,1.000,1.687
trio-double-tank,geared,35,4,pack,300,200,1.000,0.000,0.000,0.960,23.7,0.00,0.040,1.000,1.687
trio-double-tank,geared,35,4,boss,180,200,1.000,0.000,0.000,0.989,57.7,0.00,0.011,1.000,1.704
trio-double-tank,geared,35,4,boss,300,200,1.000,0.000,0.000,0.989,58.0,0.00,0.011,1.000,1.704
trio-double-tank,geared,35,5,solo,180,200,1.000,0.000,0.000,0.923,10.0,0.00,0.077,1.000,1.666
trio-double-tank,geared,35,5,solo,300,200,1.000,0.000,0.000,0.923,10.1,0.00,0.077,1.000,1.666
trio-double-tank,geared,35,5,pack,180,200,1.000,0.000,0.000,0.987,70.1,0.00,0.013,1.000,1.703
trio-double-tank,geared,35,5,pack,300,200,1.000,0.000,0.000,0.986,69.7,0.00,0.014,1.000,1.702
trio-double-tank,geared,35,5,boss,180,200,0.450,0.000,0.550,0.868,137.8,1.75,0.609,1.000,0.736
trio-double-tank,geared,35,5,boss,300,200,0.510,0.000,0.490,0.862,135.9,1.58,0.561,1.000,0.832
trio-double-tank,geared,35,6,solo,180,200,1.000,0.000,0.000,0.974,41.8,0.00,0.026,1.000,1.695
trio-double-tank,geared,35,6,solo,300,200,1.000,0.000,0.000,0.975,42.0,0.00,0.025,1.000,1.696
trio-double-tank,geared,35,6,pack,180,200,0.185,0.280,0.535,0.978,165.6,1.88,0.681,0.983,0.314
trio-double-tank,geared,35,6,pack,300,200,0.335,0.090,0.575,0.866,198.0,1.91,0.659,0.981,0.547
trio-double-tank,geared,35,6,boss,180,200,0.000,0.035,0.965,—,—,2.90,0.975,0.993,0.000
trio-double-tank,geared,35,6,boss,300,200,0.000,0.005,0.995,—,—,2.98,0.996,0.995,0.000
trio-double-tank,geared,35,7,solo,180,200,1.000,0.000,0.000,0.955,129.6,0.00,0.045,1.000,1.685
trio-double-tank,geared,35,7,solo,300,200,1.000,0.000,0.000,0.960,130.4,0.00,0.040,1.000,1.687
trio-double-tank,geared,35,7,pack,180,200,0.000,0.000,1.000,—,—,3.00,1.000,0.856,0.000
trio-double-tank,geared,35,7,pack,300,200,0.000,0.000,1.000,—,—,3.00,1.000,0.862,0.000
trio-double-tank,geared,35,7,boss,180,200,0.000,0.000,1.000,—,—,3.00,1.000,0.887,0.000
trio-double-tank,geared,35,7,boss,300,200,0.000,0.000,1.000,—,—,3.00,1.000,0.889,0.000
trio-double-tank,geared,35,8,solo,180,200,0.000,0.010,0.990,—,—,2.98,0.997,0.923,0.000
trio-double-tank,geared,35,8,solo,300,200,0.000,0.000,1.000,—,—,3.00,1.000,0.923,0.000
trio-double-tank,geared,35,8,pack,180,200,0.000,0.000,1.000,—,—,3.00,1.000,0.851,0.000
trio-double-tank,geared,35,8,pack,300,200,0.000,0.000,1.000,—,—,3.00,1.000,0.849,0.000
trio-double-tank,geared,35,8,boss,180,200,0.000,0.000,1.000,—,—,3.00,1.000,0.853,0.000
trio-double-tank,geared,35,8,boss,300,200,0.000,0.000,1.000,—,—,3.00,1.000,0.854,0.000
trio-double-tank,geared,50,1,solo,180,200,1.000,0.000,0.000,1.000,0.0,0.00,0.000,—,1.800
trio-double-tank,geared,50,1,solo,300,200,1.000,0.000,0.000,1.000,0.0,0.00,0.000,—,1.800
trio-double-tank,geared,50,1,pack,180,200,1.000,0.000,0.000,1.000,0.0,0.00,0.000,—,1.800
trio-double-tank,geared,50,1,pack,300,200,1.000,0.000,0.000,1.000,0.0,0.00,0.000,—,1.800
trio-double-tank,geared,50,1,boss,180,200,1.000,0.000,0.000,0.996,4.9,0.00,0.004,1.000,1.797
trio-double-tank,geared,50,1,boss,300,200,1.000,0.000,0.000,0.996,5.1,0.00,0.004,1.000,1.797
trio-double-tank,geared,50,2,solo,180,200,1.000,0.000,0.000,1.000,0.0,0.00,0.000,—,1.800
trio-double-tank,geared,50,2,solo,300,200,1.000,0.000,0.000,1.000,0.0,0.00,0.000,—,1.800
trio-double-tank,geared,50,2,pack,180,200,1.000,0.000,0.000,1.000,0.0,0.00,0.000,—,1.800
trio-double-tank,geared,50,2,pack,300,200,1.000,0.000,0.000,1.000,0.0,0.00,0.000,—,1.800
trio-double-tank,geared,50,2,boss,180,200,1.000,0.000,0.000,0.998,6.4,0.00,0.002,1.000,1.799
trio-double-tank,geared,50,2,boss,300,200,1.000,0.000,0.000,0.997,6.5,0.00,0.003,1.000,1.798
trio-double-tank,geared,50,3,solo,180,200,1.000,0.000,0.000,1.000,0.0,0.00,0.000,—,1.800
trio-double-tank,geared,50,3,solo,300,200,1.000,0.000,0.000,1.000,0.0,0.00,0.000,—,1.800
trio-double-tank,geared,50,3,pack,180,200,1.000,0.000,0.000,0.994,6.0,0.00,0.006,1.000,1.796
trio-double-tank,geared,50,3,pack,300,200,1.000,0.000,0.000,0.994,6.0,0.00,0.006,1.000,1.796
trio-double-tank,geared,50,3,boss,180,200,1.000,0.000,0.000,0.992,12.1,0.00,0.008,1.000,1.795
trio-double-tank,geared,50,3,boss,300,200,1.000,0.000,0.000,0.991,12.2,0.00,0.009,1.000,1.794
trio-double-tank,geared,50,4,solo,180,200,1.000,0.000,0.000,0.998,0.4,0.00,0.002,1.000,1.799
trio-double-tank,geared,50,4,solo,300,200,1.000,0.000,0.000,0.998,0.5,0.00,0.002,1.000,1.799
trio-double-tank,geared,50,4,pack,180,200,1.000,0.000,0.000,0.976,12.2,0.00,0.024,1.000,1.785
trio-double-tank,geared,50,4,pack,300,200,1.000,0.000,0.000,0.975,12.2,0.00,0.025,1.000,1.785
trio-double-tank,geared,50,4,boss,180,200,1.000,0.000,0.000,0.949,35.2,0.00,0.051,1.000,1.770
trio-double-tank,geared,50,4,boss,300,200,1.000,0.000,0.000,0.954,35.8,0.00,0.046,1.000,1.773
trio-double-tank,geared,50,5,solo,180,200,1.000,0.000,0.000,0.978,6.2,0.00,0.022,1.000,1.787
trio-double-tank,geared,50,5,solo,300,200,1.000,0.000,0.000,0.978,6.2,0.00,0.022,1.000,1.787
trio-double-tank,geared,50,5,pack,180,200,1.000,0.000,0.000,0.992,43.5,0.00,0.008,1.000,1.795
trio-double-tank,geared,50,5,pack,300,200,1.000,0.000,0.000,0.992,43.4,0.00,0.008,1.000,1.795
trio-double-tank,geared,50,5,boss,180,200,1.000,0.000,0.000,0.970,86.4,0.00,0.030,1.000,1.782
trio-double-tank,geared,50,5,boss,300,200,1.000,0.000,0.000,0.967,85.7,0.00,0.033,1.000,1.780
trio-double-tank,geared,50,6,solo,180,200,1.000,0.000,0.000,0.949,19.2,0.00,0.051,1.000,1.770
trio-double-tank,geared,50,6,solo,300,200,1.000,0.000,0.000,0.947,18.7,0.00,0.053,1.000,1.768
trio-double-tank,geared,50,6,pack,180,200,1.000,0.000,0.000,0.986,119.7,0.00,0.014,1.000,1.791
trio-double-tank,geared,50,6,pack,300,200,1.000,0.000,0.000,0.984,120.2,0.00,0.016,1.000,1.790
trio-double-tank,geared,50,6,boss,180,200,0.000,0.085,0.915,—,—,2.82,0.954,1.000,0.000
trio-double-tank,geared,50,6,boss,300,200,0.030,0.000,0.970,0.375,222.0,2.95,0.989,1.000,0.043
trio-double-tank,geared,50,7,solo,180,200,1.000,0.000,0.000,0.978,83.5,0.00,0.022,1.000,1.787
trio-double-tank,geared,50,7,solo,300,200,1.000,0.000,0.000,0.975,83.3,0.00,0.025,1.000,1.785
trio-double-tank,geared,50,7,pack,180,200,0.000,0.015,0.985,—,—,2.96,0.992,0.957,0.000
trio-double-tank,geared,50,7,pack,300,200,0.005,0.020,0.975,1.000,258.0,2.94,0.981,0.959,0.009
trio-double-tank,geared,50,7,boss,180,200,0.000,0.005,0.995,—,—,2.99,0.998,0.984,0.000
trio-double-tank,geared,50,7,boss,300,200,0.000,0.000,1.000,—,—,3.00,1.000,0.983,0.000
trio-double-tank,geared,50,8,solo,180,200,0.005,0.680,0.315,0.884,164.6,0.94,0.432,0.993,0.009
trio-double-tank,geared,50,8,solo,300,200,0.685,0.025,0.290,0.961,261.6,0.87,0.320,0.996,1.217
trio-double-tank,geared,50,8,pack,180,200,0.000,0.000,1.000,—,—,3.00,1.000,0.917,0.000
trio-double-tank,geared,50,8,pack,300,200,0.000,0.000,1.000,—,—,3.00,1.000,0.917,0.000
trio-double-tank,geared,50,8,boss,180,200,0.000,0.000,1.000,—,—,3.00,1.000,0.886,0.000
trio-double-tank,geared,50,8,boss,300,200,0.000,0.000,1.000,—,—,3.00,1.000,0.887,0.000
trio-double-tank,full-build,1,1,solo,180,200,1.000,0.000,0.000,1.000,0.0,0.00,0.000,—,1.506
trio-double-tank,full-build,1,1,solo,300,200,1.000,0.000,0.000,1.000,0.0,0.00,0.000,—,1.506
trio-double-tank,full-build,1,1,pack,180,200,1.000,0.000,0.000,0.943,12.0,0.00,0.057,1.000,1.478
trio-double-tank,full-build,1,1,pack,300,200,1.000,0.000,0.000,0.944,12.0,0.00,0.056,1.000,1.478
trio-double-tank,full-build,1,1,boss,180,200,1.000,0.000,0.000,0.926,25.6,0.00,0.074,1.000,1.469
trio-double-tank,full-build,1,1,boss,300,200,1.000,0.000,0.000,0.918,25.3,0.00,0.082,1.000,1.465
trio-double-tank,full-build,1,2,solo,180,200,1.000,0.000,0.000,0.959,6.0,0.00,0.041,1.000,1.486
trio-double-tank,full-build,1,2,solo,300,200,1.000,0.000,0.000,0.958,5.9,0.00,0.042,1.000,1.485
trio-double-tank,full-build,1,2,pack,180,200,1.000,0.000,0.000,0.998,38.4,0.00,0.002,1.000,1.505
trio-double-tank,full-build,1,2,pack,300,200,1.000,0.000,0.000,0.998,38.0,0.00,0.002,1.000,1.505
trio-double-tank,full-build,1,2,boss,180,200,1.000,0.000,0.000,0.978,72.9,0.00,0.022,1.000,1.495
trio-double-tank,full-build,1,2,boss,300,200,1.000,0.000,0.000,0.977,72.8,0.00,0.023,1.000,1.495
trio-double-tank,full-build,1,3,solo,180,200,1.000,0.000,0.000,0.962,15.8,0.00,0.038,1.000,1.487
trio-double-tank,full-build,1,3,solo,300,200,1.000,0.000,0.000,0.958,15.4,0.00,0.042,1.000,1.485
trio-double-tank,full-build,1,3,pack,180,200,0.285,0.050,0.665,0.696,118.6,2.32,0.795,0.845,0.386
trio-double-tank,full-build,1,3,pack,300,200,0.430,0.065,0.505,0.680,119.1,2.00,0.695,0.836,0.578
trio-double-tank,full-build,1,3,boss,180,200,0.535,0.085,0.380,0.866,155.1,1.25,0.508,0.989,0.770
trio-double-tank,full-build,1,3,boss,300,200,0.665,0.015,0.320,0.834,158.6,1.05,0.439,0.990,0.946
trio-double-tank,full-build,1,4,solo,180,200,1.000,0.000,0.000,0.906,45.4,0.03,0.094,1.000,1.459
trio-double-tank,full-build,1,4,solo,300,200,1.000,0.000,0.000,0.898,45.8,0.04,0.102,1.000,1.455
trio-double-tank,full-build,1,4,pack,180,200,0.000,0.000,1.000,—,—,3.00,1.000,0.791,0.000
trio-double-tank,full-build,1,4,pack,300,200,0.000,0.000,1.000,—,—,3.00,1.000,0.786,0.000
trio-double-tank,full-build,1,4,boss,180,200,0.000,0.000,1.000,—,—,3.00,1.000,0.792,0.000
trio-double-tank,full-build,1,4,boss,300,200,0.000,0.000,1.000,—,—,3.00,1.000,0.785,0.000
trio-double-tank,full-build,1,5,solo,180,200,0.000,0.000,1.000,—,—,3.00,1.000,0.803,0.000
trio-double-tank,full-build,1,5,solo,300,200,0.000,0.000,1.000,—,—,3.00,1.000,0.804,0.000
trio-double-tank,full-build,1,5,pack,180,200,0.000,0.000,1.000,—,—,3.00,1.000,0.757,0.000
trio-double-tank,full-build,1,5,pack,300,200,0.000,0.000,1.000,—,—,3.00,1.000,0.756,0.000
trio-double-tank,full-build,1,5,boss,180,200,0.000,0.000,1.000,—,—,3.00,1.000,0.765,0.000
trio-double-tank,full-build,1,5,boss,300,200,0.000,0.000,1.000,—,—,3.00,1.000,0.768,0.000
trio-double-tank,full-build,1,6,solo,180,200,0.000,0.000,1.000,—,—,3.00,1.000,0.821,0.000
trio-double-tank,full-build,1,6,solo,300,200,0.000,0.000,1.000,—,—,3.00,1.000,0.822,0.000
trio-double-tank,full-build,1,6,pack,180,200,0.000,0.000,1.000,—,—,3.00,1.000,0.804,0.000
trio-double-tank,full-build,1,6,pack,300,200,0.000,0.000,1.000,—,—,3.00,1.000,0.805,0.000
trio-double-tank,full-build,1,6,boss,180,200,0.000,0.000,1.000,—,—,3.00,1.000,0.724,0.000
trio-double-tank,full-build,1,6,boss,300,200,0.000,0.000,1.000,—,—,3.00,1.000,0.727,0.000
trio-double-tank,full-build,1,7,solo,180,200,0.000,0.000,1.000,—,—,3.00,1.000,0.697,0.000
trio-double-tank,full-build,1,7,solo,300,200,0.000,0.000,1.000,—,—,3.00,1.000,0.696,0.000
trio-double-tank,full-build,1,7,pack,180,200,0.000,0.000,1.000,—,—,3.00,1.000,0.692,0.000
trio-double-tank,full-build,1,7,pack,300,200,0.000,0.000,1.000,—,—,3.00,1.000,0.694,0.000
trio-double-tank,full-build,1,7,boss,180,200,0.000,0.000,1.000,—,—,3.00,1.000,0.728,0.000
trio-double-tank,full-build,1,7,boss,300,200,0.000,0.000,1.000,—,—,3.00,1.000,0.732,0.000
trio-double-tank,full-build,1,8,solo,180,200,0.000,0.000,1.000,—,—,3.00,1.000,0.674,0.000
trio-double-tank,full-build,1,8,solo,300,200,0.000,0.000,1.000,—,—,3.00,1.000,0.672,0.000
trio-double-tank,full-build,1,8,pack,180,200,0.000,0.000,1.000,—,—,3.00,1.000,0.674,0.000
trio-double-tank,full-build,1,8,pack,300,200,0.000,0.000,1.000,—,—,3.00,1.000,0.673,0.000
trio-double-tank,full-build,1,8,boss,180,200,0.000,0.000,1.000,—,—,3.00,1.000,0.683,0.000
trio-double-tank,full-build,1,8,boss,300,200,0.000,0.000,1.000,—,—,3.00,1.000,0.684,0.000
trio-double-tank,full-build,5,1,solo,180,200,1.000,0.000,0.000,1.000,0.0,0.00,0.000,—,1.530
trio-double-tank,full-build,5,1,solo,300,200,1.000,0.000,0.000,1.000,0.0,0.00,0.000,—,1.530
trio-double-tank,full-build,5,1,pack,180,200,1.000,0.000,0.000,0.979,6.0,0.00,0.021,1.000,1.519
trio-double-tank,full-build,5,1,pack,300,200,1.000,0.000,0.000,0.980,6.0,0.00,0.020,1.000,1.520
trio-double-tank,full-build,5,1,boss,180,200,1.000,0.000,0.000,0.970,13.3,0.00,0.030,1.000,1.514
trio-double-tank,full-build,5,1,boss,300,200,1.000,0.000,0.000,0.967,13.2,0.00,0.033,1.000,1.513
trio-double-tank,full-build,5,2,solo,180,200,1.000,0.000,0.000,0.991,0.9,0.00,0.009,1.000,1.526
trio-double-tank,full-build,5,2,solo,300,200,1.000,0.000,0.000,0.988,1.4,0.00,0.012,1.000,1.524
trio-double-tank,full-build,5,2,pack,180,200,1.000,0.000,0.000,0.934,13.9,0.00,0.066,1.000,1.497
trio-double-tank,full-build,5,2,pack,300,200,1.000,0.000,0.000,0.930,13.7,0.00,0.070,1.000,1.495
trio-double-tank,full-build,5,2,boss,180,200,1.000,0.000,0.000,0.974,36.0,0.00,0.026,1.000,1.517
trio-double-tank,full-build,5,2,boss,300,200,1.000,0.000,0.000,0.971,35.0,0.00,0.029,1.000,1.515
trio-double-tank,full-build,5,3,solo,180,200,1.000,0.000,0.000,0.952,6.1,0.00,0.048,1.000,1.505
trio-double-tank,full-build,5,3,solo,300,200,1.000,0.000,0.000,0.952,6.1,0.00,0.048,1.000,1.505
trio-double-tank,full-build,5,3,pack,180,200,1.000,0.000,0.000,0.994,45.3,0.00,0.006,1.000,1.527
trio-double-tank,full-build,5,3,pack,300,200,1.000,0.000,0.000,0.991,45.4,0.00,0.009,1.000,1.526
trio-double-tank,full-build,5,3,boss,180,200,1.000,0.000,0.000,0.976,91.2,0.00,0.024,1.000,1.518
trio-double-tank,full-build,5,3,boss,300,200,1.000,0.000,0.000,0.978,92.0,0.00,0.022,1.000,1.519
trio-double-tank,full-build,5,4,solo,180,200,1.000,0.000,0.000,0.978,21.8,0.00,0.022,1.000,1.519
trio-double-tank,full-build,5,4,solo,300,200,1.000,0.000,0.000,0.984,22.5,0.00,0.016,1.000,1.522
trio-double-tank,full-build,5,4,pack,180,200,0.015,0.000,0.985,0.608,160.0,2.97,0.991,0.822,0.020
trio-double-tank,full-build,5,4,pack,300,200,0.035,0.010,0.955,0.648,152.6,2.92,0.976,0.823,0.047
trio-double-tank,full-build,5,4,boss,180,200,0.005,0.010,0.985,0.931,168.0,2.96,0.991,0.978,0.007
trio-double-tank,full-build,5,4,boss,300,200,0.020,0.000,0.980,0.695,184.5,2.96,0.986,0.979,0.027
trio-double-tank,full-build,5,5,solo,180,200,0.995,0.000,0.005,0.887,64.1,0.08,0.117,0.999,1.465
trio-double-tank,full-build,5,5,solo,300,200,0.995,0.000,0.005,0.899,64.4,0.06,0.105,0.999,1.471
trio-double-tank,full-build,5,5,pack,180,200,0.000,0.000,1.000,—,—,3.00,1.000,0.817,0.000
trio-double-tank,full-build,5,5,pack,300,200,0.000,0.000,1.000,—,—,3.00,1.000,0.822,0.000
trio-double-tank,full-build,5,5,boss,180,200,0.000,0.000,1.000,—,—,3.00,1.000,0.807,0.000
trio-double-tank,full-build,5,5,boss,300,200,0.000,0.000,1.000,—,—,3.00,1.000,0.811,0.000
trio-double-tank,full-build,5,6,solo,180,200,0.000,0.000,1.000,—,—,3.00,1.000,0.839,0.000
trio-double-tank,full-build,5,6,solo,300,200,0.000,0.000,1.000,—,—,3.00,1.000,0.835,0.000
trio-double-tank,full-build,5,6,pack,180,200,0.000,0.000,1.000,—,—,3.00,1.000,0.763,0.000
trio-double-tank,full-build,5,6,pack,300,200,0.000,0.000,1.000,—,—,3.00,1.000,0.759,0.000
trio-double-tank,full-build,5,6,boss,180,200,0.000,0.000,1.000,—,—,3.00,1.000,0.713,0.000
trio-double-tank,full-build,5,6,boss,300,200,0.000,0.000,1.000,—,—,3.00,1.000,0.705,0.000
trio-double-tank,full-build,5,7,solo,180,200,0.000,0.000,1.000,—,—,3.00,1.000,0.779,0.000
trio-double-tank,full-build,5,7,solo,300,200,0.000,0.000,1.000,—,—,3.00,1.000,0.779,0.000
trio-double-tank,full-build,5,7,pack,180,200,0.000,0.000,1.000,—,—,3.00,1.000,0.772,0.000
trio-double-tank,full-build,5,7,pack,300,200,0.000,0.000,1.000,—,—,3.00,1.000,0.772,0.000
trio-double-tank,full-build,5,7,boss,180,200,0.000,0.000,1.000,—,—,3.00,1.000,0.769,0.000
trio-double-tank,full-build,5,7,boss,300,200,0.000,0.000,1.000,—,—,3.00,1.000,0.767,0.000
trio-double-tank,full-build,5,8,solo,180,200,0.000,0.000,1.000,—,—,3.00,1.000,0.697,0.000
trio-double-tank,full-build,5,8,solo,300,200,0.000,0.000,1.000,—,—,3.00,1.000,0.696,0.000
trio-double-tank,full-build,5,8,pack,180,200,0.000,0.000,1.000,—,—,3.00,1.000,0.699,0.000
trio-double-tank,full-build,5,8,pack,300,200,0.000,0.000,1.000,—,—,3.00,1.000,0.699,0.000
trio-double-tank,full-build,5,8,boss,180,200,0.000,0.000,1.000,—,—,3.00,1.000,0.690,0.000
trio-double-tank,full-build,5,8,boss,300,200,0.000,0.000,1.000,—,—,3.00,1.000,0.692,0.000
trio-double-tank,full-build,10,1,solo,180,200,1.000,0.000,0.000,1.000,0.0,0.00,0.000,—,1.560
trio-double-tank,full-build,10,1,solo,300,200,1.000,0.000,0.000,1.000,0.0,0.00,0.000,—,1.560
trio-double-tank,full-build,10,1,pack,180,200,1.000,0.000,0.000,0.991,4.9,0.00,0.009,1.000,1.555
trio-double-tank,full-build,10,1,pack,300,200,1.000,0.000,0.000,0.991,4.7,0.00,0.009,1.000,1.555
trio-double-tank,full-build,10,1,boss,180,200,1.000,0.000,0.000,0.983,10.0,0.00,0.017,1.000,1.551
trio-double-tank,full-build,10,1,boss,300,200,1.000,0.000,0.000,0.983,10.0,0.00,0.017,1.000,1.551
trio-double-tank,full-build,10,2,solo,180,200,1.000,0.000,0.000,1.000,0.0,0.00,0.000,—,1.560
trio-double-tank,full-build,10,2,solo,300,200,1.000,0.000,0.000,1.000,0.0,0.00,0.000,—,1.560
trio-double-tank,full-build,10,2,pack,180,200,1.000,0.000,0.000,0.968,7.2,0.00,0.032,1.000,1.543
trio-double-tank,full-build,10,2,pack,300,200,1.000,0.000,0.000,0.967,7.4,0.00,0.033,1.000,1.543
trio-double-tank,full-build,10,2,boss,180,200,1.000,0.000,0.000,0.946,17.1,0.00,0.054,1.000,1.532
trio-double-tank,full-build,10,2,boss,300,200,1.000,0.000,0.000,0.945,17.0,0.00,0.055,1.000,1.531
trio-double-tank,full-build,10,3,solo,180,200,1.000,0.000,0.000,0.961,3.8,0.00,0.039,1.000,1.540
trio-double-tank,full-build,10,3,solo,300,200,1.000,0.000,0.000,0.960,3.9,0.00,0.040,1.000,1.539
trio-double-tank,full-build,10,3,pack,180,200,1.000,0.000,0.000,0.998,27.3,0.00,0.002,1.000,1.559
trio-double-tank,full-build,10,3,pack,300,200,1.000,0.000,0.000,0.993,26.1,0.00,0.007,1.000,1.557
trio-double-tank,full-build,10,3,boss,180,200,1.000,0.000,0.000,0.987,50.8,0.00,0.013,1.000,1.553
trio-double-tank,full-build,10,3,boss,300,200,1.000,0.000,0.000,0.988,52.1,0.00,0.012,1.000,1.554
trio-double-tank,full-build,10,4,solo,180,200,1.000,0.000,0.000,0.930,8.8,0.00,0.070,1.000,1.524
trio-double-tank,full-build,10,4,solo,300,200,1.000,0.000,0.000,0.931,9.2,0.00,0.069,1.000,1.524
trio-double-tank,full-build,10,4,pack,180,200,1.000,0.000,0.000,0.984,60.2,0.00,0.016,1.000,1.552
trio-double-tank,full-build,10,4,pack,300,200,1.000,0.000,0.000,0.986,60.1,0.00,0.014,1.000,1.553
trio-double-tank,full-build,10,4,boss,180,200,1.000,0.000,0.000,0.983,118.5,0.00,0.017,1.000,1.551
trio-double-tank,full-build,10,4,boss,300,200,1.000,0.000,0.000,0.978,119.8,0.00,0.022,1.000,1.549
trio-double-tank,full-build,10,5,solo,180,200,1.000,0.000,0.000,0.994,34.9,0.00,0.006,1.000,1.557
trio-double-tank,full-build,10,5,solo,300,200,1.000,0.000,0.000,0.994,34.9,0.00,0.006,1.000,1.557
trio-double-tank,full-build,10,5,pack,180,200,0.000,0.000,1.000,—,—,3.00,1.000,0.842,0.000
trio-double-tank,full-build,10,5,pack,300,200,0.000,0.000,1.000,—,—,3.00,1.000,0.841,0.000
trio-double-tank,full-build,10,5,boss,180,200,0.000,0.005,0.995,—,—,2.98,0.996,0.916,0.000
trio-double-tank,full-build,10,5,boss,300,200,0.000,0.000,1.000,—,—,3.00,1.000,0.916,0.000
trio-double-tank,full-build,10,6,solo,180,200,0.720,0.000,0.280,0.857,97.8,0.97,0.383,0.980,1.070
trio-double-tank,full-build,10,6,solo,300,200,0.730,0.000,0.270,0.893,95.7,0.88,0.348,0.981,1.098
trio-double-tank,full-build,10,6,pack,180,200,0.000,0.000,1.000,—,—,3.00,1.000,0.774,0.000
trio-double-tank,full-build,10,6,pack,300,200,0.000,0.000,1.000,—,—,3.00,1.000,0.782,0.000
trio-double-tank,full-build,10,6,boss,180,200,0.000,0.000,1.000,—,—,3.00,1.000,0.856,0.000
trio-double-tank,full-build,10,6,boss,300,200,0.000,0.000,1.000,—,—,3.00,1.000,0.852,0.000
trio-double-tank,full-build,10,7,solo,180,200,0.000,0.000,1.000,—,—,3.00,1.000,0.859,0.000
trio-double-tank,full-build,10,7,solo,300,200,0.000,0.000,1.000,—,—,3.00,1.000,0.864,0.000
trio-double-tank,full-build,10,7,pack,180,200,0.000,0.000,1.000,—,—,3.00,1.000,0.819,0.000
trio-double-tank,full-build,10,7,pack,300,200,0.000,0.000,1.000,—,—,3.00,1.000,0.822,0.000
trio-double-tank,full-build,10,7,boss,180,200,0.000,0.000,1.000,—,—,3.00,1.000,0.740,0.000
trio-double-tank,full-build,10,7,boss,300,200,0.000,0.000,1.000,—,—,3.00,1.000,0.726,0.000
trio-double-tank,full-build,10,8,solo,180,200,0.000,0.000,1.000,—,—,3.00,1.000,0.716,0.000
trio-double-tank,full-build,10,8,solo,300,200,0.000,0.000,1.000,—,—,3.00,1.000,0.723,0.000
trio-double-tank,full-build,10,8,pack,180,200,0.000,0.000,1.000,—,—,3.00,1.000,0.713,0.000
trio-double-tank,full-build,10,8,pack,300,200,0.000,0.000,1.000,—,—,3.00,1.000,0.714,0.000
trio-double-tank,full-build,10,8,boss,180,200,0.000,0.000,1.000,—,—,3.00,1.000,0.760,0.000
trio-double-tank,full-build,10,8,boss,300,200,0.000,0.000,1.000,—,—,3.00,1.000,0.763,0.000
trio-double-tank,full-build,20,1,solo,180,200,1.000,0.000,0.000,1.000,0.0,0.00,0.000,—,1.620
trio-double-tank,full-build,20,1,solo,300,200,1.000,0.000,0.000,1.000,0.0,0.00,0.000,—,1.620
trio-double-tank,full-build,20,1,pack,180,200,1.000,0.000,0.000,1.000,0.0,0.00,0.000,—,1.620
trio-double-tank,full-build,20,1,pack,300,200,1.000,0.000,0.000,1.000,0.0,0.00,0.000,—,1.620
trio-double-tank,full-build,20,1,boss,180,200,1.000,0.000,0.000,0.997,6.0,0.00,0.003,1.000,1.618
trio-double-tank,full-build,20,1,boss,300,200,1.000,0.000,0.000,0.997,6.0,0.00,0.003,1.000,1.618
trio-double-tank,full-build,20,2,solo,180,200,1.000,0.000,0.000,1.000,0.0,0.00,0.000,—,1.620
trio-double-tank,full-build,20,2,solo,300,200,1.000,0.000,0.000,1.000,0.0,0.00,0.000,—,1.620
trio-double-tank,full-build,20,2,pack,180,200,1.000,0.000,0.000,0.992,5.9,0.00,0.008,1.000,1.616
trio-double-tank,full-build,20,2,pack,300,200,1.000,0.000,0.000,0.993,6.0,0.00,0.007,1.000,1.616
trio-double-tank,full-build,20,2,boss,180,200,1.000,0.000,0.000,0.981,11.5,0.00,0.019,1.000,1.610
trio-double-tank,full-build,20,2,boss,300,200,1.000,0.000,0.000,0.981,11.6,0.00,0.019,1.000,1.610
trio-double-tank,full-build,20,3,solo,180,200,1.000,0.000,0.000,1.000,0.0,0.00,0.000,—,1.620
trio-double-tank,full-build,20,3,solo,300,200,1.000,0.000,0.000,1.000,0.0,0.00,0.000,—,1.620
trio-double-tank,full-build,20,3,pack,180,200,1.000,0.000,0.000,0.958,11.4,0.00,0.042,1.000,1.597
trio-double-tank,full-build,20,3,pack,300,200,1.000,0.000,0.000,0.961,11.2,0.00,0.039,1.000,1.599
trio-double-tank,full-build,20,3,boss,180,200,1.000,0.000,0.000,0.946,19.1,0.00,0.054,1.000,1.591
trio-double-tank,full-build,20,3,boss,300,200,1.000,0.000,0.000,0.945,19.0,0.00,0.055,1.000,1.590
trio-double-tank,full-build,20,4,solo,180,200,1.000,0.000,0.000,0.967,5.0,0.00,0.033,1.000,1.602
trio-double-tank,full-build,20,4,solo,300,200,1.000,0.000,0.000,0.966,4.9,0.00,0.034,1.000,1.602
trio-double-tank,full-build,20,4,pack,180,200,1.000,0.000,0.000,0.997,32.0,0.00,0.003,1.000,1.618
trio-double-tank,full-build,20,4,pack,300,200,1.000,0.000,0.000,0.995,31.9,0.00,0.005,1.000,1.617
trio-double-tank,full-build,20,4,boss,180,200,1.000,0.000,0.000,0.985,66.2,0.00,0.015,1.000,1.612
trio-double-tank,full-build,20,4,boss,300,200,1.000,0.000,0.000,0.984,66.0,0.00,0.016,1.000,1.611
trio-double-tank,full-build,20,5,solo,180,200,1.000,0.000,0.000,0.951,12.5,0.00,0.049,1.000,1.593
trio-double-tank,full-build,20,5,solo,300,200,1.000,0.000,0.000,0.949,12.4,0.00,0.051,1.000,1.592
trio-double-tank,full-build,20,5,pack,180,200,1.000,0.000,0.000,0.982,79.2,0.00,0.018,1.000,1.610
trio-double-tank,full-build,20,5,pack,300,200,1.000,0.000,0.000,0.981,79.0,0.00,0.019,1.000,1.610
trio-double-tank,full-build,20,5,boss,180,200,0.335,0.015,0.650,0.831,152.9,2.06,0.710,1.000,0.512
trio-double-tank,full-build,20,5,boss,300,200,0.340,0.000,0.660,0.881,155.2,2.04,0.701,1.000,0.529
trio-double-tank,full-build,20,6,solo,180,200,1.000,0.000,0.000,0.981,51.5,0.00,0.019,1.000,1.610
trio-double-tank,full-build,20,6,solo,300,200,1.000,0.000,0.000,0.981,50.9,0.00,0.019,1.000,1.610
trio-double-tank,full-build,20,6,pack,180,200,0.000,0.000,1.000,—,—,3.00,1.000,0.922,0.000
trio-double-tank,full-build,20,6,pack,300,200,0.000,0.005,0.995,—,—,2.99,0.997,0.924,0.000
trio-double-tank,full-build,20,6,boss,180,200,0.000,0.000,1.000,—,—,3.00,1.000,0.969,0.000
trio-double-tank,full-build,20,6,boss,300,200,0.000,0.000,1.000,—,—,3.00,1.000,0.973,0.000
trio-double-tank,full-build,20,7,solo,180,200,0.995,0.005,0.000,0.956,148.0,0.01,0.045,1.000,1.588
trio-double-tank,full-build,20,7,solo,300,200,0.995,0.000,0.005,0.955,147.4,0.02,0.050,1.000,1.588
trio-double-tank,full-build,20,7,pack,180,200,0.000,0.000,1.000,—,—,3.00,1.000,0.854,0.000
trio-double-tank,full-build,20,7,pack,300,200,0.000,0.000,1.000,—,—,3.00,1.000,0.855,0.000
trio-double-tank,full-build,20,7,boss,180,200,0.000,0.000,1.000,—,—,3.00,1.000,0.884,0.000
trio-double-tank,full-build,20,7,boss,300,200,0.000,0.000,1.000,—,—,3.00,1.000,0.876,0.000
trio-double-tank,full-build,20,8,solo,180,200,0.000,0.000,1.000,—,—,3.00,1.000,0.884,0.000
trio-double-tank,full-build,20,8,solo,300,200,0.000,0.000,1.000,—,—,3.00,1.000,0.891,0.000
trio-double-tank,full-build,20,8,pack,180,200,0.000,0.000,1.000,—,—,3.00,1.000,0.846,0.000
trio-double-tank,full-build,20,8,pack,300,200,0.000,0.000,1.000,—,—,3.00,1.000,0.843,0.000
trio-double-tank,full-build,20,8,boss,180,200,0.000,0.000,1.000,—,—,3.00,1.000,0.839,0.000
trio-double-tank,full-build,20,8,boss,300,200,0.000,0.000,1.000,—,—,3.00,1.000,0.837,0.000
trio-double-tank,full-build,35,1,solo,180,200,1.000,0.000,0.000,1.000,0.0,0.00,0.000,—,1.710
trio-double-tank,full-build,35,1,solo,300,200,1.000,0.000,0.000,1.000,0.0,0.00,0.000,—,1.710
trio-double-tank,full-build,35,1,pack,180,200,1.000,0.000,0.000,1.000,0.0,0.00,0.000,—,1.710
trio-double-tank,full-build,35,1,pack,300,200,1.000,0.000,0.000,1.000,0.0,0.00,0.000,—,1.710
trio-double-tank,full-build,35,1,boss,180,200,1.000,0.000,0.000,0.996,4.8,0.00,0.004,1.000,1.708
trio-double-tank,full-build,35,1,boss,300,200,1.000,0.000,0.000,0.996,4.8,0.00,0.004,1.000,1.708
trio-double-tank,full-build,35,2,solo,180,200,1.000,0.000,0.000,1.000,0.0,0.00,0.000,—,1.710
trio-double-tank,full-build,35,2,solo,300,200,1.000,0.000,0.000,1.000,0.0,0.00,0.000,—,1.710
trio-double-tank,full-build,35,2,pack,180,200,1.000,0.000,0.000,1.000,0.0,0.00,0.000,—,1.710
trio-double-tank,full-build,35,2,pack,300,200,1.000,0.000,0.000,1.000,0.0,0.00,0.000,—,1.710
trio-double-tank,full-build,35,2,boss,180,200,1.000,0.000,0.000,0.999,6.2,0.00,0.001,1.000,1.710
trio-double-tank,full-build,35,2,boss,300,200,1.000,0.000,0.000,0.999,6.2,0.00,0.001,1.000,1.709
trio-double-tank,full-build,35,3,solo,180,200,1.000,0.000,0.000,1.000,0.0,0.00,0.000,—,1.710
trio-double-tank,full-build,35,3,solo,300,200,1.000,0.000,0.000,1.000,0.0,0.00,0.000,—,1.710
trio-double-tank,full-build,35,3,pack,180,200,1.000,0.000,0.000,0.996,6.0,0.00,0.004,1.000,1.708
trio-double-tank,full-build,35,3,pack,300,200,1.000,0.000,0.000,0.996,6.0,0.00,0.004,1.000,1.708
trio-double-tank,full-build,35,3,boss,180,200,1.000,0.000,0.000,0.989,12.0,0.00,0.011,1.000,1.704
trio-double-tank,full-build,35,3,boss,300,200,1.000,0.000,0.000,0.989,12.0,0.00,0.011,1.000,1.704
trio-double-tank,full-build,35,4,solo,180,200,1.000,0.000,0.000,1.000,0.1,0.00,0.000,1.000,1.710
trio-double-tank,full-build,35,4,solo,300,200,1.000,0.000,0.000,1.000,0.1,0.00,0.000,1.000,1.710
trio-double-tank,full-build,35,4,pack,180,200,1.000,0.000,0.000,0.970,12.1,0.00,0.030,1.000,1.693
trio-double-tank,full-build,35,4,pack,300,200,1.000,0.000,0.000,0.969,12.0,0.00,0.031,1.000,1.692
trio-double-tank,full-build,35,4,boss,180,200,1.000,0.000,0.000,0.955,33.5,0.00,0.045,1.000,1.684
trio-double-tank,full-build,35,4,boss,300,200,1.000,0.000,0.000,0.950,33.6,0.00,0.050,1.000,1.682
trio-double-tank,full-build,35,5,solo,180,200,1.000,0.000,0.000,0.979,6.1,0.00,0.021,1.000,1.698
trio-double-tank,full-build,35,5,solo,300,200,1.000,0.000,0.000,0.980,6.1,0.00,0.020,1.000,1.698
trio-double-tank,full-build,35,5,pack,180,200,1.000,0.000,0.000,0.986,37.9,0.00,0.014,1.000,1.702
trio-double-tank,full-build,35,5,pack,300,200,1.000,0.000,0.000,0.978,36.7,0.00,0.022,1.000,1.697
trio-double-tank,full-build,35,5,boss,180,200,1.000,0.000,0.000,0.985,77.7,0.00,0.015,1.000,1.702
trio-double-tank,full-build,35,5,boss,300,200,1.000,0.000,0.000,0.983,79.4,0.00,0.017,1.000,1.700
trio-double-tank,full-build,35,6,solo,180,200,1.000,0.000,0.000,0.944,15.8,0.00,0.056,1.000,1.678
trio-double-tank,full-build,35,6,solo,300,200,1.000,0.000,0.000,0.938,15.7,0.00,0.062,1.000,1.675
trio-double-tank,full-build,35,6,pack,180,200,1.000,0.000,0.000,0.986,112.7,0.00,0.014,1.000,1.702
trio-double-tank,full-build,35,6,pack,300,200,1.000,0.000,0.000,0.987,112.7,0.00,0.013,1.000,1.703
trio-double-tank,full-build,35,6,boss,180,200,0.010,0.105,0.885,0.844,174.0,2.77,0.941,1.000,0.016
trio-double-tank,full-build,35,6,boss,300,200,0.045,0.000,0.955,0.714,217.5,2.90,0.968,1.000,0.070
trio-double-tank,full-build,35,7,solo,180,200,1.000,0.000,0.000,0.976,74.7,0.00,0.024,1.000,1.696
trio-double-tank,full-build,35,7,solo,300,200,1.000,0.000,0.000,0.977,75.4,0.00,0.023,1.000,1.697
trio-double-tank,full-build,35,7,pack,180,200,0.000,0.505,0.495,—,—,1.60,0.628,0.990,0.000
trio-double-tank,full-build,35,7,pack,300,200,0.235,0.265,0.500,0.984,280.8,1.63,0.574,0.992,0.400
trio-double-tank,full-build,35,7,boss,180,200,0.000,0.010,0.990,—,—,2.98,0.993,0.998,0.000
trio-double-tank,full-build,35,7,boss,300,200,0.000,0.005,0.995,—,—,2.99,0.996,0.996,0.000
trio-double-tank,full-build,35,8,solo,180,200,0.020,0.695,0.285,0.960,174.0,0.85,0.399,0.994,0.034
trio-double-tank,full-build,35,8,solo,300,200,0.775,0.005,0.220,0.966,244.2,0.66,0.247,0.997,1.310
trio-double-tank,full-build,35,8,pack,180,200,0.000,0.000,1.000,—,—,3.00,1.000,0.932,0.000
trio-double-tank,full-build,35,8,pack,300,200,0.000,0.000,1.000,—,—,3.00,1.000,0.928,0.000
trio-double-tank,full-build,35,8,boss,180,200,0.000,0.000,1.000,—,—,3.00,1.000,0.907,0.000
trio-double-tank,full-build,35,8,boss,300,200,0.000,0.000,1.000,—,—,3.00,1.000,0.907,0.000
trio-double-tank,full-build,50,1,solo,180,200,1.000,0.000,0.000,1.000,0.0,0.00,0.000,—,1.800
trio-double-tank,full-build,50,1,solo,300,200,1.000,0.000,0.000,1.000,0.0,0.00,0.000,—,1.800
trio-double-tank,full-build,50,1,pack,180,200,1.000,0.000,0.000,1.000,0.0,0.00,0.000,—,1.800
trio-double-tank,full-build,50,1,pack,300,200,1.000,0.000,0.000,1.000,0.0,0.00,0.000,—,1.800
trio-double-tank,full-build,50,1,boss,180,200,1.000,0.000,0.000,0.998,3.9,0.00,0.002,1.000,1.799
trio-double-tank,full-build,50,1,boss,300,200,1.000,0.000,0.000,0.998,3.9,0.00,0.002,1.000,1.799
trio-double-tank,full-build,50,2,solo,180,200,1.000,0.000,0.000,1.000,0.0,0.00,0.000,—,1.800
trio-double-tank,full-build,50,2,solo,300,200,1.000,0.000,0.000,1.000,0.0,0.00,0.000,—,1.800
trio-double-tank,full-build,50,2,pack,180,200,1.000,0.000,0.000,1.000,0.0,0.00,0.000,—,1.800
trio-double-tank,full-build,50,2,pack,300,200,1.000,0.000,0.000,1.000,0.0,0.00,0.000,—,1.800
trio-double-tank,full-build,50,2,boss,180,200,1.000,0.000,0.000,0.997,6.0,0.00,0.003,1.000,1.798
trio-double-tank,full-build,50,2,boss,300,200,1.000,0.000,0.000,0.997,6.0,0.00,0.003,1.000,1.798
trio-double-tank,full-build,50,3,solo,180,200,1.000,0.000,0.000,1.000,0.0,0.00,0.000,—,1.800
trio-double-tank,full-build,50,3,solo,300,200,1.000,0.000,0.000,1.000,0.0,0.00,0.000,—,1.800
trio-double-tank,full-build,50,3,pack,180,200,1.000,0.000,0.000,0.996,4.1,0.00,0.004,1.000,1.798
trio-double-tank,full-build,50,3,pack,300,200,1.000,0.000,0.000,0.996,4.2,0.00,0.004,1.000,1.798
trio-double-tank,full-build,50,3,boss,180,200,1.000,0.000,0.000,0.994,9.1,0.00,0.006,1.000,1.796
trio-double-tank,full-build,50,3,boss,300,200,1.000,0.000,0.000,0.994,9.4,0.00,0.006,1.000,1.796
trio-double-tank,full-build,50,4,solo,180,200,1.000,0.000,0.000,1.000,0.0,0.00,0.000,—,1.800
trio-double-tank,full-build,50,4,solo,300,200,1.000,0.000,0.000,1.000,0.0,0.00,0.000,—,1.800
trio-double-tank,full-build,50,4,pack,180,200,1.000,0.000,0.000,0.989,8.7,0.00,0.011,1.000,1.794
trio-double-tank,full-build,50,4,pack,300,200,1.000,0.000,0.000,0.990,8.4,0.00,0.010,1.000,1.794
trio-double-tank,full-build,50,4,boss,180,200,1.000,0.000,0.000,0.969,22.8,0.00,0.031,1.000,1.781
trio-double-tank,full-build,50,4,boss,300,200,1.000,0.000,0.000,0.966,23.1,0.00,0.034,1.000,1.779
trio-double-tank,full-build,50,5,solo,180,200,1.000,0.000,0.000,0.984,4.2,0.00,0.016,1.000,1.790
trio-double-tank,full-build,50,5,solo,300,200,1.000,0.000,0.000,0.984,4.0,0.00,0.016,1.000,1.790
trio-double-tank,full-build,50,5,pack,180,200,1.000,0.000,0.000,0.953,18.1,0.00,0.047,1.000,1.772
trio-double-tank,full-build,50,5,pack,300,200,1.000,0.000,0.000,0.954,18.1,0.00,0.046,1.000,1.772
trio-double-tank,full-build,50,5,boss,180,200,1.000,0.000,0.000,0.955,41.2,0.00,0.045,1.000,1.773
trio-double-tank,full-build,50,5,boss,300,200,1.000,0.000,0.000,0.954,41.4,0.00,0.046,1.000,1.772
trio-double-tank,full-build,50,6,solo,180,200,1.000,0.000,0.000,0.960,10.9,0.00,0.040,1.000,1.776
trio-double-tank,full-build,50,6,solo,300,200,1.000,0.000,0.000,0.961,10.6,0.00,0.039,1.000,1.777
trio-double-tank,full-build,50,6,pack,180,200,1.000,0.000,0.000,0.992,71.5,0.00,0.008,1.000,1.795
trio-double-tank,full-build,50,6,pack,300,200,1.000,0.000,0.000,0.994,72.9,0.00,0.006,1.000,1.796
trio-double-tank,full-build,50,6,boss,180,200,0.740,0.020,0.240,0.809,138.2,0.99,0.389,1.000,1.247
trio-double-tank,full-build,50,6,boss,300,200,0.640,0.000,0.360,0.844,137.5,1.24,0.460,1.000,1.092
trio-double-tank,full-build,50,7,solo,180,200,1.000,0.000,0.000,0.973,34.3,0.00,0.027,1.000,1.784
trio-double-tank,full-build,50,7,solo,300,200,1.000,0.000,0.000,0.973,33.1,0.00,0.027,1.000,1.784
trio-double-tank,full-build,50,7,pack,180,200,0.115,0.885,0.000,0.951,169.1,0.00,0.039,1.000,0.204
trio-double-tank,full-build,50,7,pack,300,200,1.000,0.000,0.000,0.983,206.7,0.00,0.017,1.000,1.790
trio-double-tank,full-build,50,7,boss,180,200,0.000,0.065,0.935,—,—,2.87,0.962,1.000,0.000
trio-double-tank,full-build,50,7,boss,300,200,0.000,0.000,1.000,—,—,3.00,1.000,1.000,0.000
trio-double-tank,full-build,50,8,solo,180,200,0.825,0.175,0.000,0.972,149.3,0.00,0.037,0.993,1.471
trio-double-tank,full-build,50,8,solo,300,200,1.000,0.000,0.000,0.980,156.1,0.00,0.020,0.994,1.788
trio-double-tank,full-build,50,8,pack,180,200,0.000,0.435,0.565,—,—,1.99,0.774,0.990,0.000
trio-double-tank,full-build,50,8,pack,300,200,0.000,0.320,0.680,—,—,2.22,0.786,0.990,0.000
trio-double-tank,full-build,50,8,boss,180,200,0.000,0.005,0.995,—,—,2.99,0.998,0.991,0.000
trio-double-tank,full-build,50,8,boss,300,200,0.000,0.000,1.000,—,—,3.00,1.000,0.991,0.000
trio-utility,naked,1,1,solo,180,200,1.000,0.000,0.000,0.921,4.9,0.00,0.079,—,1.466
trio-utility,naked,1,1,solo,300,200,1.000,0.000,0.000,0.920,4.9,0.00,0.080,—,1.466
trio-utility,naked,1,1,pack,180,200,0.745,0.000,0.255,0.239,35.9,1.73,0.822,—,0.837
trio-utility,naked,1,1,pack,300,200,0.810,0.000,0.190,0.243,35.2,1.58,0.803,—,0.912
trio-utility,naked,1,1,boss,180,200,0.000,0.000,1.000,—,—,3.00,1.000,—,0.000
trio-utility,naked,1,1,boss,300,200,0.000,0.000,1.000,—,—,3.00,1.000,—,0.000
trio-utility,naked,1,2,solo,180,200,1.000,0.000,0.000,0.656,12.8,0.69,0.344,—,1.333
trio-utility,naked,1,2,solo,300,200,1.000,0.000,0.000,0.654,13.1,0.74,0.346,—,1.332
trio-utility,naked,1,2,pack,180,200,0.000,0.000,1.000,—,—,3.00,1.000,—,0.000
trio-utility,naked,1,2,pack,300,200,0.000,0.000,1.000,—,—,3.00,1.000,—,0.000
trio-utility,naked,1,2,boss,180,200,0.000,0.000,1.000,—,—,3.00,1.000,—,0.000
trio-utility,naked,1,2,boss,300,200,0.000,0.000,1.000,—,—,3.00,1.000,—,0.000
trio-utility,naked,1,3,solo,180,200,0.000,0.000,1.000,—,—,3.00,1.000,—,0.000
trio-utility,naked,1,3,solo,300,200,0.000,0.000,1.000,—,—,3.00,1.000,—,0.000
trio-utility,naked,1,3,pack,180,200,0.000,0.000,1.000,—,—,3.00,1.000,—,0.000
trio-utility,naked,1,3,pack,300,200,0.000,0.000,1.000,—,—,3.00,1.000,—,0.000
trio-utility,naked,1,3,boss,180,200,0.000,0.000,1.000,—,—,3.00,1.000,—,0.000
trio-utility,naked,1,3,boss,300,200,0.000,0.000,1.000,—,—,3.00,1.000,—,0.000
trio-utility,naked,1,4,solo,180,200,0.000,0.000,1.000,—,—,3.00,1.000,—,0.000
trio-utility,naked,1,4,solo,300,200,0.000,0.000,1.000,—,—,3.00,1.000,—,0.000
trio-utility,naked,1,4,pack,180,200,0.000,0.000,1.000,—,—,3.00,1.000,—,0.000
trio-utility,naked,1,4,pack,300,200,0.000,0.000,1.000,—,—,3.00,1.000,—,0.000
trio-utility,naked,1,4,boss,180,200,0.000,0.000,1.000,—,—,3.00,1.000,—,0.000
trio-utility,naked,1,4,boss,300,200,0.000,0.000,1.000,—,—,3.00,1.000,—,0.000
trio-utility,naked,1,5,solo,180,200,0.000,0.000,1.000,—,—,3.00,1.000,—,0.000
trio-utility,naked,1,5,solo,300,200,0.000,0.000,1.000,—,—,3.00,1.000,—,0.000
trio-utility,naked,1,5,pack,180,200,0.000,0.000,1.000,—,—,3.00,1.000,—,0.000
trio-utility,naked,1,5,pack,300,200,0.000,0.000,1.000,—,—,3.00,1.000,—,0.000
trio-utility,naked,1,5,boss,180,200,0.000,0.000,1.000,—,—,3.00,1.000,—,0.000
trio-utility,naked,1,5,boss,300,200,0.000,0.000,1.000,—,—,3.00,1.000,—,0.000
trio-utility,naked,1,6,solo,180,200,0.000,0.000,1.000,—,—,3.00,1.000,—,0.000
trio-utility,naked,1,6,solo,300,200,0.000,0.000,1.000,—,—,3.00,1.000,—,0.000
trio-utility,naked,1,6,pack,180,200,0.000,0.000,1.000,—,—,3.00,1.000,—,0.000
trio-utility,naked,1,6,pack,300,200,0.000,0.000,1.000,—,—,3.00,1.000,—,0.000
trio-utility,naked,1,6,boss,180,200,0.000,0.000,1.000,—,—,3.00,1.000,—,0.000
trio-utility,naked,1,6,boss,300,200,0.000,0.000,1.000,—,—,3.00,1.000,—,0.000
trio-utility,naked,1,7,solo,180,200,0.000,0.000,1.000,—,—,3.00,1.000,—,0.000
trio-utility,naked,1,7,solo,300,200,0.000,0.000,1.000,—,—,3.00,1.000,—,0.000
trio-utility,naked,1,7,pack,180,200,0.000,0.000,1.000,—,—,3.00,1.000,—,0.000
trio-utility,naked,1,7,pack,300,200,0.000,0.000,1.000,—,—,3.00,1.000,—,0.000
trio-utility,naked,1,7,boss,180,200,0.000,0.000,1.000,—,—,3.00,1.000,—,0.000
trio-utility,naked,1,7,boss,300,200,0.000,0.000,1.000,—,—,3.00,1.000,—,0.000
trio-utility,naked,1,8,solo,180,200,0.000,0.000,1.000,—,—,3.00,1.000,—,0.000
trio-utility,naked,1,8,solo,300,200,0.000,0.000,1.000,—,—,3.00,1.000,—,0.000
trio-utility,naked,1,8,pack,180,200,0.000,0.000,1.000,—,—,3.00,1.000,—,0.000
trio-utility,naked,1,8,pack,300,200,0.000,0.000,1.000,—,—,3.00,1.000,—,0.000
trio-utility,naked,1,8,boss,180,200,0.000,0.000,1.000,—,—,3.00,1.000,—,0.000
trio-utility,naked,1,8,boss,300,200,0.000,0.000,1.000,—,—,3.00,1.000,—,0.000
trio-utility,naked,5,1,solo,180,200,1.000,0.000,0.000,0.934,3.6,0.00,0.066,—,1.496
trio-utility,naked,5,1,solo,300,200,1.000,0.000,0.000,0.933,3.5,0.00,0.067,—,1.496
trio-utility,naked,5,1,pack,180,200,1.000,0.000,0.000,0.680,14.0,0.11,0.320,—,1.367
trio-utility,naked,5,1,pack,300,200,1.000,0.000,0.000,0.680,13.9,0.09,0.320,—,1.367
trio-utility,naked,5,1,boss,180,200,0.920,0.000,0.080,0.418,34.9,1.29,0.616,—,1.134
trio-utility,naked,5,1,boss,300,200,0.935,0.000,0.065,0.418,34.8,1.27,0.609,—,1.153
trio-utility,naked,5,2,solo,180,200,1.000,0.000,0.000,0.830,7.2,0.00,0.170,—,1.444
trio-utility,naked,5,2,solo,300,200,1.000,0.000,0.000,0.831,7.1,0.00,0.169,—,1.444
trio-utility,naked,5,2,pack,180,200,0.000,0.000,1.000,—,—,3.00,1.000,—,0.000
trio-utility,naked,5,2,pack,300,200,0.000,0.000,1.000,—,—,3.00,1.000,—,0.000
trio-utility,naked,5,2,boss,180,200,0.000,0.000,1.000,—,—,3.00,1.000,—,0.000
trio-utility,naked,5,2,boss,300,200,0.000,0.000,1.000,—,—,3.00,1.000,—,0.000
trio-utility,naked,5,3,solo,180,200,0.665,0.000,0.335,0.191,25.0,2.19,0.873,—,0.743
trio-utility,naked,5,3,solo,300,200,0.680,0.000,0.320,0.205,24.5,2.17,0.861,—,0.765
trio-utility,naked,5,3,pack,180,200,0.000,0.000,1.000,—,—,3.00,1.000,—,0.000
trio-utility,naked,5,3,pack,300,200,0.000,0.000,1.000,—,—,3.00,1.000,—,0.000
trio-utility,naked,5,3,boss,180,200,0.000,0.000,1.000,—,—,3.00,1.000,—,0.000
trio-utility,naked,5,3,boss,300,200,0.000,0.000,1.000,—,—,3.00,1.000,—,0.000
trio-utility,naked,5,4,solo,180,200,0.000,0.000,1.000,—,—,3.00,1.000,—,0.000
trio-utility,naked,5,4,solo,300,200,0.000,0.000,1.000,—,—,3.00,1.000,—,0.000
trio-utility,naked,5,4,pack,180,200,0.000,0.000,1.000,—,—,3.00,1.000,—,0.000
trio-utility,naked,5,4,pack,300,200,0.000,0.000,1.000,—,—,3.00,1.000,—,0.000
trio-utility,naked,5,4,boss,180,200,0.000,0.000,1.000,—,—,3.00,1.000,—,0.000
trio-utility,naked,5,4,boss,300,200,0.000,0.000,1.000,—,—,3.00,1.000,—,0.000
trio-utility,naked,5,5,solo,180,200,0.000,0.000,1.000,—,—,3.00,1.000,—,0.000
trio-utility,naked,5,5,solo,300,200,0.000,0.000,1.000,—,—,3.00,1.000,—,0.000
trio-utility,naked,5,5,pack,180,200,0.000,0.000,1.000,—,—,3.00,1.000,—,0.000
trio-utility,naked,5,5,pack,300,200,0.000,0.000,1.000,—,—,3.00,1.000,—,0.000
trio-utility,naked,5,5,boss,180,200,0.000,0.000,1.000,—,—,3.00,1.000,—,0.000
trio-utility,naked,5,5,boss,300,200,0.000,0.000,1.000,—,—,3.00,1.000,—,0.000
trio-utility,naked,5,6,solo,180,200,0.000,0.000,1.000,—,—,3.00,1.000,—,0.000
trio-utility,naked,5,6,solo,300,200,0.000,0.000,1.000,—,—,3.00,1.000,—,0.000
trio-utility,naked,5,6,pack,180,200,0.000,0.000,1.000,—,—,3.00,1.000,—,0.000
trio-utility,naked,5,6,pack,300,200,0.000,0.000,1.000,—,—,3.00,1.000,—,0.000
trio-utility,naked,5,6,boss,180,200,0.000,0.000,1.000,—,—,3.00,1.000,—,0.000
trio-utility,naked,5,6,boss,300,200,0.000,0.000,1.000,—,—,3.00,1.000,—,0.000
trio-utility,naked,5,7,solo,180,200,0.000,0.000,1.000,—,—,3.00,1.000,—,0.000
trio-utility,naked,5,7,solo,300,200,0.000,0.000,1.000,—,—,3.00,1.000,—,0.000
trio-utility,naked,5,7,pack,180,200,0.000,0.000,1.000,—,—,3.00,1.000,—,0.000
trio-utility,naked,5,7,pack,300,200,0.000,0.000,1.000,—,—,3.00,1.000,—,0.000
trio-utility,naked,5,7,boss,180,200,0.000,0.000,1.000,—,—,3.00,1.000,—,0.000
trio-utility,naked,5,7,boss,300,200,0.000,0.000,1.000,—,—,3.00,1.000,—,0.000
trio-utility,naked,5,8,solo,180,200,0.000,0.000,1.000,—,—,3.00,1.000,—,0.000
trio-utility,naked,5,8,solo,300,200,0.000,0.000,1.000,—,—,3.00,1.000,—,0.000
trio-utility,naked,5,8,pack,180,200,0.000,0.000,1.000,—,—,3.00,1.000,—,0.000
trio-utility,naked,5,8,pack,300,200,0.000,0.000,1.000,—,—,3.00,1.000,—,0.000
trio-utility,naked,5,8,boss,180,200,0.000,0.000,1.000,—,—,3.00,1.000,—,0.000
trio-utility,naked,5,8,boss,300,200,0.000,0.000,1.000,—,—,3.00,1.000,—,0.000
trio-utility,naked,10,1,solo,180,200,1.000,0.000,0.000,0.975,1.7,0.00,0.025,—,1.547
trio-utility,naked,10,1,solo,300,200,1.000,0.000,0.000,0.974,1.7,0.00,0.026,—,1.547
trio-utility,naked,10,1,pack,180,200,1.000,0.000,0.000,0.848,9.1,0.00,0.152,—,1.481
trio-utility,naked,10,1,pack,300,200,1.000,0.000,0.000,0.848,9.1,0.00,0.152,—,1.481
trio-utility,naked,10,1,boss,180,200,1.000,0.000,0.000,0.761,18.1,0.00,0.239,—,1.436
trio-utility,naked,10,1,boss,300,200,1.000,0.000,0.000,0.765,18.1,0.00,0.235,—,1.438
trio-utility,naked,10,2,solo,180,200,1.000,0.000,0.000,0.907,4.7,0.00,0.093,—,1.512
trio-utility,naked,10,2,solo,300,200,1.000,0.000,0.000,0.909,4.7,0.00,0.091,—,1.512
trio-utility,naked,10,2,pack,180,200,0.945,0.000,0.055,0.242,37.3,1.96,0.771,—,1.102
trio-utility,naked,10,2,pack,300,200,0.940,0.000,0.060,0.237,37.6,1.95,0.778,—,1.093
trio-utility,naked,10,2,boss,180,200,0.000,0.000,1.000,—,—,3.00,1.000,—,0.000
trio-utility,naked,10,2,boss,300,200,0.000,0.000,1.000,—,—,3.00,1.000,—,0.000
trio-utility,naked,10,3,solo,180,200,1.000,0.000,0.000,0.666,10.3,0.16,0.334,—,1.386
trio-utility,naked,10,3,solo,300,200,1.000,0.000,0.000,0.668,10.4,0.16,0.332,—,1.387
trio-utility,naked,10,3,pack,180,200,0.000,0.000,1.000,—,—,3.00,1.000,—,0.000
trio-utility,naked,10,3,pack,300,200,0.000,0.000,1.000,—,—,3.00,1.000,—,0.000
trio-utility,naked,10,3,boss,180,200,0.000,0.000,1.000,—,—,3.00,1.000,—,0.000
trio-utility,naked,10,3,boss,300,200,0.000,0.000,1.000,—,—,3.00,1.000,—,0.000
trio-utility,naked,10,4,solo,180,200,0.000,0.000,1.000,—,—,3.00,1.000,—,0.000
trio-utility,naked,10,4,solo,300,200,0.000,0.000,1.000,—,—,3.00,1.000,—,0.000
trio-utility,naked,10,4,pack,180,200,0.000,0.000,1.000,—,—,3.00,1.000,—,0.000
trio-utility,naked,10,4,pack,300,200,0.000,0.000,1.000,—,—,3.00,1.000,—,0.000
trio-utility,naked,10,4,boss,180,200,0.000,0.000,1.000,—,—,3.00,1.000,—,0.000
trio-utility,naked,10,4,boss,300,200,0.000,0.000,1.000,—,—,3.00,1.000,—,0.000
trio-utility,naked,10,5,solo,180,200,0.000,0.000,1.000,—,—,3.00,1.000,—,0.000
trio-utility,naked,10,5,solo,300,200,0.000,0.000,1.000,—,—,3.00,1.000,—,0.000
trio-utility,naked,10,5,pack,180,200,0.000,0.000,1.000,—,—,3.00,1.000,—,0.000
trio-utility,naked,10,5,pack,300,200,0.000,0.000,1.000,—,—,3.00,1.000,—,0.000
trio-utility,naked,10,5,boss,180,200,0.000,0.000,1.000,—,—,3.00,1.000,—,0.000
trio-utility,naked,10,5,boss,300,200,0.000,0.000,1.000,—,—,3.00,1.000,—,0.000
trio-utility,naked,10,6,solo,180,200,0.000,0.000,1.000,—,—,3.00,1.000,—,0.000
trio-utility,naked,10,6,solo,300,200,0.000,0.000,1.000,—,—,3.00,1.000,—,0.000
trio-utility,naked,10,6,pack,180,200,0.000,0.000,1.000,—,—,3.00,1.000,—,0.000
trio-utility,naked,10,6,pack,300,200,0.000,0.000,1.000,—,—,3.00,1.000,—,0.000
trio-utility,naked,10,6,boss,180,200,0.000,0.000,1.000,—,—,3.00,1.000,—,0.000
trio-utility,naked,10,6,boss,300,200,0.000,0.000,1.000,—,—,3.00,1.000,—,0.000
trio-utility,naked,10,7,solo,180,200,0.000,0.000,1.000,—,—,3.00,1.000,—,0.000
trio-utility,naked,10,7,solo,300,200,0.000,0.000,1.000,—,—,3.00,1.000,—,0.000
trio-utility,naked,10,7,pack,180,200,0.000,0.000,1.000,—,—,3.00,1.000,—,0.000
trio-utility,naked,10,7,pack,300,200,0.000,0.000,1.000,—,—,3.00,1.000,—,0.000
trio-utility,naked,10,7,boss,180,200,0.000,0.000,1.000,—,—,3.00,1.000,—,0.000
trio-utility,naked,10,7,boss,300,200,0.000,0.000,1.000,—,—,3.00,1.000,—,0.000
trio-utility,naked,10,8,solo,180,200,0.000,0.000,1.000,—,—,3.00,1.000,—,0.000
trio-utility,naked,10,8,solo,300,200,0.000,0.000,1.000,—,—,3.00,1.000,—,0.000
trio-utility,naked,10,8,pack,180,200,0.000,0.000,1.000,—,—,3.00,1.000,—,0.000
trio-utility,naked,10,8,pack,300,200,0.000,0.000,1.000,—,—,3.00,1.000,—,0.000
trio-utility,naked,10,8,boss,180,200,0.000,0.000,1.000,—,—,3.00,1.000,—,0.000
trio-utility,naked,10,8,boss,300,200,0.000,0.000,1.000,—,—,3.00,1.000,—,0.000
trio-utility,naked,20,1,solo,180,200,1.000,0.000,0.000,1.000,0.0,0.00,0.000,—,1.620
trio-utility,naked,20,1,solo,300,200,1.000,0.000,0.000,1.000,0.0,0.00,0.000,—,1.620
trio-utility,naked,20,1,pack,180,200,1.000,0.000,0.000,0.934,4.6,0.00,0.066,—,1.584
trio-utility,naked,20,1,pack,300,200,1.000,0.000,0.000,0.934,4.6,0.00,0.066,—,1.584
trio-utility,naked,20,1,boss,180,200,1.000,0.000,0.000,0.912,9.0,0.00,0.088,—,1.573
trio-utility,naked,20,1,boss,300,200,1.000,0.000,0.000,0.913,9.0,0.00,0.087,—,1.573
trio-utility,naked,20,2,solo,180,200,1.000,0.000,0.000,0.968,1.8,0.00,0.032,—,1.603
trio-utility,naked,20,2,solo,300,200,1.000,0.000,0.000,0.969,1.7,0.00,0.031,—,1.603
trio-utility,naked,20,2,pack,180,200,1.000,0.000,0.000,0.793,8.7,0.00,0.207,—,1.508
trio-utility,naked,20,2,pack,300,200,1.000,0.000,0.000,0.794,8.8,0.00,0.206,—,1.509
trio-utility,naked,20,2,boss,180,200,1.000,0.000,0.000,0.681,17.7,0.24,0.319,—,1.448
trio-utility,naked,20,2,boss,300,200,1.000,0.000,0.000,0.674,18.0,0.28,0.326,—,1.444
trio-utility,naked,20,3,solo,180,200,1.000,0.000,0.000,0.885,4.4,0.00,0.115,—,1.558
trio-utility,naked,20,3,solo,300,200,1.000,0.000,0.000,0.885,4.4,0.00,0.115,—,1.558
trio-utility,naked,20,3,pack,180,200,0.065,0.000,0.935,0.141,38.4,2.92,0.991,—,0.075
trio-utility,naked,20,3,pack,300,200,0.040,0.000,0.960,0.135,41.3,2.94,0.995,—,0.046
trio-utility,naked,20,3,boss,180,200,0.000,0.000,1.000,—,—,3.00,1.000,—,0.000
trio-utility,naked,20,3,boss,300,200,0.000,0.000,1.000,—,—,3.00,1.000,—,0.000
trio-utility,naked,20,4,solo,180,200,1.000,0.000,0.000,0.557,13.2,0.85,0.443,—,1.381
trio-utility,naked,20,4,solo,300,200,1.000,0.000,0.000,0.553,13.4,0.90,0.447,—,1.379
trio-utility,naked,20,4,pack,180,200,0.000,0.000,1.000,—,—,3.00,1.000,—,0.000
trio-utility,naked,20,4,pack,300,200,0.000,0.000,1.000,—,—,3.00,1.000,—,0.000
trio-utility,naked,20,4,boss,180,200,0.000,0.000,1.000,—,—,3.00,1.000,—,0.000
trio-utility,naked,20,4,boss,300,200,0.000,0.000,1.000,—,—,3.00,1.000,—,0.000
trio-utility,naked,20,5,solo,180,200,0.000,0.000,1.000,—,—,3.00,1.000,—,0.000
trio-utility,naked,20,5,solo,300,200,0.000,0.000,1.000,—,—,3.00,1.000,—,0.000
trio-utility,naked,20,5,pack,180,200,0.000,0.000,1.000,—,—,3.00,1.000,—,0.000
trio-utility,naked,20,5,pack,300,200,0.000,0.000,1.000,—,—,3.00,1.000,—,0.000
trio-utility,naked,20,5,boss,180,200,0.000,0.000,1.000,—,—,3.00,1.000,—,0.000
trio-utility,naked,20,5,boss,300,200,0.000,0.000,1.000,—,—,3.00,1.000,—,0.000
trio-utility,naked,20,6,solo,180,200,0.000,0.000,1.000,—,—,3.00,1.000,—,0.000
trio-utility,naked,20,6,solo,300,200,0.000,0.000,1.000,—,—,3.00,1.000,—,0.000
trio-utility,naked,20,6,pack,180,200,0.000,0.000,1.000,—,—,3.00,1.000,—,0.000
trio-utility,naked,20,6,pack,300,200,0.000,0.000,1.000,—,—,3.00,1.000,—,0.000
trio-utility,naked,20,6,boss,180,200,0.000,0.000,1.000,—,—,3.00,1.000,—,0.000
trio-utility,naked,20,6,boss,300,200,0.000,0.000,1.000,—,—,3.00,1.000,—,0.000
trio-utility,naked,20,7,solo,180,200,0.000,0.000,1.000,—,—,3.00,1.000,—,0.000
trio-utility,naked,20,7,solo,300,200,0.000,0.000,1.000,—,—,3.00,1.000,—,0.000
trio-utility,naked,20,7,pack,180,200,0.000,0.000,1.000,—,—,3.00,1.000,—,0.000
trio-utility,naked,20,7,pack,300,200,0.000,0.000,1.000,—,—,3.00,1.000,—,0.000
trio-utility,naked,20,7,boss,180,200,0.000,0.000,1.000,—,—,3.00,1.000,—,0.000
trio-utility,naked,20,7,boss,300,200,0.000,0.000,1.000,—,—,3.00,1.000,—,0.000
trio-utility,naked,20,8,solo,180,200,0.000,0.000,1.000,—,—,3.00,1.000,—,0.000
trio-utility,naked,20,8,solo,300,200,0.000,0.000,1.000,—,—,3.00,1.000,—,0.000
trio-utility,naked,20,8,pack,180,200,0.000,0.000,1.000,—,—,3.00,1.000,—,0.000
trio-utility,naked,20,8,pack,300,200,0.000,0.000,1.000,—,—,3.00,1.000,—,0.000
trio-utility,naked,20,8,boss,180,200,0.000,0.000,1.000,—,—,3.00,1.000,—,0.000
trio-utility,naked,20,8,boss,300,200,0.000,0.000,1.000,—,—,3.00,1.000,—,0.000
trio-utility,naked,35,1,solo,180,200,1.000,0.000,0.000,1.000,0.0,0.00,0.000,—,1.710
trio-utility,naked,35,1,solo,300,200,1.000,0.000,0.000,1.000,0.0,0.00,0.000,—,1.710
trio-utility,naked,35,1,pack,180,200,1.000,0.000,0.000,0.980,2.6,0.00,0.020,—,1.699
trio-utility,naked,35,1,pack,300,200,1.000,0.000,0.000,0.980,2.6,0.00,0.020,—,1.699
trio-utility,naked,35,1,boss,180,200,1.000,0.000,0.000,0.969,4.6,0.00,0.031,—,1.692
trio-utility,naked,35,1,boss,300,200,1.000,0.000,0.000,0.968,4.5,0.00,0.032,—,1.692
trio-utility,naked,35,2,solo,180,200,1.000,0.000,0.000,0.999,0.1,0.00,0.001,—,1.709
trio-utility,naked,35,2,solo,300,200,1.000,0.000,0.000,0.998,0.1,0.00,0.002,—,1.709
trio-utility,naked,35,2,pack,180,200,1.000,0.000,0.000,0.939,4.4,0.00,0.061,—,1.675
trio-utility,naked,35,2,pack,300,200,1.000,0.000,0.000,0.938,4.4,0.00,0.062,—,1.675
trio-utility,naked,35,2,boss,180,200,1.000,0.000,0.000,0.876,9.6,0.00,0.124,—,1.639
trio-utility,naked,35,2,boss,300,200,1.000,0.000,0.000,0.875,9.6,0.00,0.125,—,1.639
trio-utility,naked,35,3,solo,180,200,1.000,0.000,0.000,0.963,2.1,0.00,0.037,—,1.689
trio-utility,naked,35,3,solo,300,200,1.000,0.000,0.000,0.963,2.1,0.00,0.037,—,1.689
trio-utility,naked,35,3,pack,180,200,1.000,0.000,0.000,0.754,9.1,0.06,0.246,—,1.570
trio-utility,naked,35,3,pack,300,200,1.000,0.000,0.000,0.755,9.0,0.04,0.245,—,1.571
trio-utility,naked,35,3,boss,180,200,0.775,0.000,0.225,0.398,32.6,1.63,0.692,—,1.059
trio-utility,naked,35,3,boss,300,200,0.735,0.000,0.265,0.373,35.4,1.77,0.726,—,0.994
trio-utility,naked,35,4,solo,180,200,1.000,0.000,0.000,0.864,4.5,0.00,0.136,—,1.633
trio-utility,naked,35,4,solo,300,200,1.000,0.000,0.000,0.857,4.4,0.00,0.143,—,1.629
trio-utility,naked,35,4,pack,180,200,0.000,0.000,1.000,—,—,3.00,1.000,—,0.000
trio-utility,naked,35,4,pack,300,200,0.000,0.000,1.000,—,—,3.00,1.000,—,0.000
trio-utility,naked,35,4,boss,180,200,0.000,0.000,1.000,—,—,3.00,1.000,—,0.000
trio-utility,naked,35,4,boss,300,200,0.000,0.000,1.000,—,—,3.00,1.000,—,0.000
trio-utility,naked,35,5,solo,180,200,0.765,0.000,0.235,0.428,16.7,1.58,0.673,—,1.059
trio-utility,naked,35,5,solo,300,200,0.660,0.000,0.340,0.414,17.1,1.81,0.727,—,0.908
trio-utility,naked,35,5,pack,180,200,0.000,0.000,1.000,—,—,3.00,1.000,—,0.000
trio-utility,naked,35,5,pack,300,200,0.000,0.000,1.000,—,—,3.00,1.000,—,0.000
trio-utility,naked,35,5,boss,180,200,0.000,0.000,1.000,—,—,3.00,1.000,—,0.000
trio-utility,naked,35,5,boss,300,200,0.000,0.000,1.000,—,—,3.00,1.000,—,0.000
trio-utility,naked,35,6,solo,180,200,0.000,0.000,1.000,—,—,3.00,1.000,—,0.000
trio-utility,naked,35,6,solo,300,200,0.000,0.000,1.000,—,—,3.00,1.000,—,0.000
trio-utility,naked,35,6,pack,180,200,0.000,0.000,1.000,—,—,3.00,1.000,—,0.000
trio-utility,naked,35,6,pack,300,200,0.000,0.000,1.000,—,—,3.00,1.000,—,0.000
trio-utility,naked,35,6,boss,180,200,0.000,0.000,1.000,—,—,3.00,1.000,—,0.000
trio-utility,naked,35,6,boss,300,200,0.000,0.000,1.000,—,—,3.00,1.000,—,0.000
trio-utility,naked,35,7,solo,180,200,0.000,0.000,1.000,—,—,3.00,1.000,—,0.000
trio-utility,naked,35,7,solo,300,200,0.000,0.000,1.000,—,—,3.00,1.000,—,0.000
trio-utility,naked,35,7,pack,180,200,0.000,0.000,1.000,—,—,3.00,1.000,—,0.000
trio-utility,naked,35,7,pack,300,200,0.000,0.000,1.000,—,—,3.00,1.000,—,0.000
trio-utility,naked,35,7,boss,180,200,0.000,0.000,1.000,—,—,3.00,1.000,—,0.000
trio-utility,naked,35,7,boss,300,200,0.000,0.000,1.000,—,—,3.00,1.000,—,0.000
trio-utility,naked,35,8,solo,180,200,0.000,0.000,1.000,—,—,3.00,1.000,—,0.000
trio-utility,naked,35,8,solo,300,200,0.000,0.000,1.000,—,—,3.00,1.000,—,0.000
trio-utility,naked,35,8,pack,180,200,0.000,0.000,1.000,—,—,3.00,1.000,—,0.000
trio-utility,naked,35,8,pack,300,200,0.000,0.000,1.000,—,—,3.00,1.000,—,0.000
trio-utility,naked,35,8,boss,180,200,0.000,0.000,1.000,—,—,3.00,1.000,—,0.000
trio-utility,naked,35,8,boss,300,200,0.000,0.000,1.000,—,—,3.00,1.000,—,0.000
trio-utility,naked,50,1,solo,180,200,1.000,0.000,0.000,1.000,0.0,0.00,0.000,—,1.800
trio-utility,naked,50,1,solo,300,200,1.000,0.000,0.000,1.000,0.0,0.00,0.000,—,1.800
trio-utility,naked,50,1,pack,180,200,1.000,0.000,0.000,0.989,2.0,0.00,0.011,—,1.794
trio-utility,naked,50,1,pack,300,200,1.000,0.000,0.000,0.989,2.0,0.00,0.011,—,1.793
trio-utility,naked,50,1,boss,180,200,1.000,0.000,0.000,0.974,3.9,0.00,0.026,—,1.785
trio-utility,naked,50,1,boss,300,200,1.000,0.000,0.000,0.974,3.8,0.00,0.026,—,1.784
trio-utility,naked,50,2,solo,180,200,1.000,0.000,0.000,1.000,0.0,0.00,0.000,—,1.800
trio-utility,naked,50,2,solo,300,200,1.000,0.000,0.000,1.000,0.0,0.00,0.000,—,1.800
trio-utility,naked,50,2,pack,180,200,1.000,0.000,0.000,0.956,3.4,0.00,0.044,—,1.774
trio-utility,naked,50,2,pack,300,200,1.000,0.000,0.000,0.957,3.4,0.00,0.043,—,1.774
trio-utility,naked,50,2,boss,180,200,1.000,0.000,0.000,0.948,6.1,0.00,0.052,—,1.769
trio-utility,naked,50,2,boss,300,200,1.000,0.000,0.000,0.950,6.0,0.00,0.050,—,1.770
trio-utility,naked,50,3,solo,180,200,1.000,0.000,0.000,0.976,0.8,0.00,0.024,—,1.786
trio-utility,naked,50,3,solo,300,200,1.000,0.000,0.000,0.975,0.8,0.00,0.025,—,1.785
trio-utility,naked,50,3,pack,180,200,1.000,0.000,0.000,0.861,6.0,0.00,0.139,—,1.717
trio-utility,naked,50,3,pack,300,200,1.000,0.000,0.000,0.858,6.0,0.00,0.142,—,1.715
trio-utility,naked,50,3,boss,180,200,1.000,0.000,0.000,0.759,13.0,0.07,0.241,—,1.656
trio-utility,naked,50,3,boss,300,200,1.000,0.000,0.000,0.766,12.8,0.07,0.234,—,1.660
trio-utility,naked,50,4,solo,180,200,1.000,0.000,0.000,0.907,3.3,0.00,0.093,—,1.744
trio-utility,naked,50,4,solo,300,200,1.000,0.000,0.000,0.905,3.3,0.00,0.095,—,1.743
trio-utility,naked,50,4,pack,180,200,0.985,0.000,0.015,0.462,25.8,1.05,0.544,—,1.455
trio-utility,naked,50,4,pack,300,200,0.995,0.000,0.005,0.442,27.1,1.09,0.560,—,1.458
trio-utility,naked,50,4,boss,180,200,0.190,0.000,0.810,0.177,45.2,2.74,0.966,—,0.248
trio-utility,naked,50,4,boss,300,200,0.170,0.000,0.830,0.172,47.1,2.75,0.971,—,0.222
trio-utility,naked,50,5,solo,180,200,1.000,0.000,0.000,0.770,6.5,0.17,0.230,—,1.662
trio-utility,naked,50,5,solo,300,200,1.000,0.000,0.000,0.775,6.5,0.21,0.225,—,1.665
trio-utility,naked,50,5,pack,180,200,0.000,0.000,1.000,—,—,3.00,1.000,—,0.000
trio-utility,naked,50,5,pack,300,200,0.000,0.000,1.000,—,—,3.00,1.000,—,0.000
trio-utility,naked,50,5,boss,180,200,0.000,0.000,1.000,—,—,3.00,1.000,—,0.000
trio-utility,naked,50,5,boss,300,200,0.000,0.000,1.000,—,—,3.00,1.000,—,0.000
trio-utility,naked,50,6,solo,180,200,0.000,0.000,1.000,—,—,3.00,1.000,—,0.000
trio-utility,naked,50,6,solo,300,200,0.000,0.000,1.000,—,—,3.00,1.000,—,0.000
trio-utility,naked,50,6,pack,180,200,0.000,0.000,1.000,—,—,3.00,1.000,—,0.000
trio-utility,naked,50,6,pack,300,200,0.000,0.000,1.000,—,—,3.00,1.000,—,0.000
trio-utility,naked,50,6,boss,180,200,0.000,0.000,1.000,—,—,3.00,1.000,—,0.000
trio-utility,naked,50,6,boss,300,200,0.000,0.000,1.000,—,—,3.00,1.000,—,0.000
trio-utility,naked,50,7,solo,180,200,0.000,0.000,1.000,—,—,3.00,1.000,—,0.000
trio-utility,naked,50,7,solo,300,200,0.000,0.000,1.000,—,—,3.00,1.000,—,0.000
trio-utility,naked,50,7,pack,180,200,0.000,0.000,1.000,—,—,3.00,1.000,—,0.000
trio-utility,naked,50,7,pack,300,200,0.000,0.000,1.000,—,—,3.00,1.000,—,0.000
trio-utility,naked,50,7,boss,180,200,0.000,0.000,1.000,—,—,3.00,1.000,—,0.000
trio-utility,naked,50,7,boss,300,200,0.000,0.000,1.000,—,—,3.00,1.000,—,0.000
trio-utility,naked,50,8,solo,180,200,0.000,0.000,1.000,—,—,3.00,1.000,—,0.000
trio-utility,naked,50,8,solo,300,200,0.000,0.000,1.000,—,—,3.00,1.000,—,0.000
trio-utility,naked,50,8,pack,180,200,0.000,0.000,1.000,—,—,3.00,1.000,—,0.000
trio-utility,naked,50,8,pack,300,200,0.000,0.000,1.000,—,—,3.00,1.000,—,0.000
trio-utility,naked,50,8,boss,180,200,0.000,0.000,1.000,—,—,3.00,1.000,—,0.000
trio-utility,naked,50,8,boss,300,200,0.000,0.000,1.000,—,—,3.00,1.000,—,0.000
trio-utility,geared,1,1,solo,180,200,1.000,0.000,0.000,0.943,4.0,0.00,0.057,—,1.478
trio-utility,geared,1,1,solo,300,200,1.000,0.000,0.000,0.944,3.9,0.00,0.056,—,1.478
trio-utility,geared,1,1,pack,180,200,1.000,0.000,0.000,0.678,17.4,0.35,0.322,—,1.344
trio-utility,geared,1,1,pack,300,200,1.000,0.000,0.000,0.669,17.9,0.43,0.331,—,1.340
trio-utility,geared,1,1,boss,180,200,0.915,0.000,0.085,0.406,38.2,1.29,0.628,—,1.105
trio-utility,geared,1,1,boss,300,200,0.960,0.000,0.040,0.388,39.1,1.20,0.628,—,1.151
trio-utility,geared,1,2,solo,180,200,1.000,0.000,0.000,0.831,8.0,0.00,0.169,—,1.421
trio-utility,geared,1,2,solo,300,200,1.000,0.000,0.000,0.832,8.1,0.00,0.168,—,1.422
trio-utility,geared,1,2,pack,180,200,0.000,0.000,1.000,—,—,3.00,1.000,—,0.000
trio-utility,geared,1,2,pack,300,200,0.000,0.000,1.000,—,—,3.00,1.000,—,0.000
trio-utility,geared,1,2,boss,180,200,0.000,0.000,1.000,—,—,3.00,1.000,—,0.000
trio-utility,geared,1,2,boss,300,200,0.000,0.000,1.000,—,—,3.00,1.000,—,0.000
trio-utility,geared,1,3,solo,180,200,0.705,0.000,0.295,0.201,25.7,1.94,0.858,—,0.779
trio-utility,geared,1,3,solo,300,200,0.700,0.000,0.300,0.203,25.6,1.98,0.858,—,0.774
trio-utility,geared,1,3,pack,180,200,0.000,0.000,1.000,—,—,3.00,1.000,—,0.000
trio-utility,geared,1,3,pack,300,200,0.000,0.000,1.000,—,—,3.00,1.000,—,0.000
trio-utility,geared,1,3,boss,180,200,0.000,0.000,1.000,—,—,3.00,1.000,—,0.000
trio-utility,geared,1,3,boss,300,200,0.000,0.000,1.000,—,—,3.00,1.000,—,0.000
trio-utility,geared,1,4,solo,180,200,0.000,0.000,1.000,—,—,3.00,1.000,—,0.000
trio-utility,geared,1,4,solo,300,200,0.000,0.000,1.000,—,—,3.00,1.000,—,0.000
trio-utility,geared,1,4,pack,180,200,0.000,0.000,1.000,—,—,3.00,1.000,—,0.000
trio-utility,geared,1,4,pack,300,200,0.000,0.000,1.000,—,—,3.00,1.000,—,0.000
trio-utility,geared,1,4,boss,180,200,0.000,0.000,1.000,—,—,3.00,1.000,—,0.000
trio-utility,geared,1,4,boss,300,200,0.000,0.000,1.000,—,—,3.00,1.000,—,0.000
trio-utility,geared,1,5,solo,180,200,0.000,0.000,1.000,—,—,3.00,1.000,—,0.000
trio-utility,geared,1,5,solo,300,200,0.000,0.000,1.000,—,—,3.00,1.000,—,0.000
trio-utility,geared,1,5,pack,180,200,0.000,0.000,1.000,—,—,3.00,1.000,—,0.000
trio-utility,geared,1,5,pack,300,200,0.000,0.000,1.000,—,—,3.00,1.000,—,0.000
trio-utility,geared,1,5,boss,180,200,0.000,0.000,1.000,—,—,3.00,1.000,—,0.000
trio-utility,geared,1,5,boss,300,200,0.000,0.000,1.000,—,—,3.00,1.000,—,0.000
trio-utility,geared,1,6,solo,180,200,0.000,0.000,1.000,—,—,3.00,1.000,—,0.000
trio-utility,geared,1,6,solo,300,200,0.000,0.000,1.000,—,—,3.00,1.000,—,0.000
trio-utility,geared,1,6,pack,180,200,0.000,0.000,1.000,—,—,3.00,1.000,—,0.000
trio-utility,geared,1,6,pack,300,200,0.000,0.000,1.000,—,—,3.00,1.000,—,0.000
trio-utility,geared,1,6,boss,180,200,0.000,0.000,1.000,—,—,3.00,1.000,—,0.000
trio-utility,geared,1,6,boss,300,200,0.000,0.000,1.000,—,—,3.00,1.000,—,0.000
trio-utility,geared,1,7,solo,180,200,0.000,0.000,1.000,—,—,3.00,1.000,—,0.000
trio-utility,geared,1,7,solo,300,200,0.000,0.000,1.000,—,—,3.00,1.000,—,0.000
trio-utility,geared,1,7,pack,180,200,0.000,0.000,1.000,—,—,3.00,1.000,—,0.000
trio-utility,geared,1,7,pack,300,200,0.000,0.000,1.000,—,—,3.00,1.000,—,0.000
trio-utility,geared,1,7,boss,180,200,0.000,0.000,1.000,—,—,3.00,1.000,—,0.000
trio-utility,geared,1,7,boss,300,200,0.000,0.000,1.000,—,—,3.00,1.000,—,0.000
trio-utility,geared,1,8,solo,180,200,0.000,0.000,1.000,—,—,3.00,1.000,—,0.000
trio-utility,geared,1,8,solo,300,200,0.000,0.000,1.000,—,—,3.00,1.000,—,0.000
trio-utility,geared,1,8,pack,180,200,0.000,0.000,1.000,—,—,3.00,1.000,—,0.000
trio-utility,geared,1,8,pack,300,200,0.000,0.000,1.000,—,—,3.00,1.000,—,0.000
trio-utility,geared,1,8,boss,180,200,0.000,0.000,1.000,—,—,3.00,1.000,—,0.000
trio-utility,geared,1,8,boss,300,200,0.000,0.000,1.000,—,—,3.00,1.000,—,0.000
trio-utility,geared,5,1,solo,180,200,1.000,0.000,0.000,0.975,1.6,0.00,0.025,—,1.517
trio-utility,geared,5,1,solo,300,200,1.000,0.000,0.000,0.976,1.6,0.00,0.024,—,1.518
trio-utility,geared,5,1,pack,180,200,1.000,0.000,0.000,0.854,9.5,0.00,0.146,—,1.456
trio-utility,geared,5,1,pack,300,200,1.000,0.000,0.000,0.853,9.6,0.00,0.147,—,1.455
trio-utility,geared,5,1,boss,180,200,1.000,0.000,0.000,0.786,19.1,0.01,0.214,—,1.421
trio-utility,geared,5,1,boss,300,200,1.000,0.000,0.000,0.787,18.8,0.01,0.213,—,1.421
trio-utility,geared,5,2,solo,180,200,1.000,0.000,0.000,0.916,4.8,0.00,0.084,—,1.487
trio-utility,geared,5,2,solo,300,200,1.000,0.000,0.000,0.916,4.8,0.00,0.084,—,1.487
trio-utility,geared,5,2,pack,180,200,0.930,0.000,0.070,0.251,37.5,1.75,0.767,—,1.068
trio-utility,geared,5,2,pack,300,200,0.910,0.000,0.090,0.264,36.6,1.77,0.760,—,1.051
trio-utility,geared,5,2,boss,180,200,0.000,0.000,1.000,—,—,3.00,1.000,—,0.000
trio-utility,geared,5,2,boss,300,200,0.000,0.000,1.000,—,—,3.00,1.000,—,0.000
trio-utility,geared,5,3,solo,180,200,1.000,0.000,0.000,0.690,10.7,0.17,0.310,—,1.372
trio-utility,geared,5,3,solo,300,200,1.000,0.000,0.000,0.692,10.7,0.20,0.308,—,1.373
trio-utility,geared,5,3,pack,180,200,0.000,0.000,1.000,—,—,3.00,1.000,—,0.000
trio-utility,geared,5,3,pack,300,200,0.000,0.000,1.000,—,—,3.00,1.000,—,0.000
trio-utility,geared,5,3,boss,180,200,0.000,0.000,1.000,—,—,3.00,1.000,—,0.000
trio-utility,geared,5,3,boss,300,200,0.000,0.000,1.000,—,—,3.00,1.000,—,0.000
trio-utility,geared,5,4,solo,180,200,0.000,0.000,1.000,—,—,3.00,1.000,—,0.000
trio-utility,geared,5,4,solo,300,200,0.000,0.000,1.000,—,—,3.00,1.000,—,0.000
trio-utility,geared,5,4,pack,180,200,0.000,0.000,1.000,—,—,3.00,1.000,—,0.000
trio-utility,geared,5,4,pack,300,200,0.000,0.000,1.000,—,—,3.00,1.000,—,0.000
trio-utility,geared,5,4,boss,180,200,0.000,0.000,1.000,—,—,3.00,1.000,—,0.000
trio-utility,geared,5,4,boss,300,200,0.000,0.000,1.000,—,—,3.00,1.000,—,0.000
trio-utility,geared,5,5,solo,180,200,0.000,0.000,1.000,—,—,3.00,1.000,—,0.000
trio-utility,geared,5,5,solo,300,200,0.000,0.000,1.000,—,—,3.00,1.000,—,0.000
trio-utility,geared,5,5,pack,180,200,0.000,0.000,1.000,—,—,3.00,1.000,—,0.000
trio-utility,geared,5,5,pack,300,200,0.000,0.000,1.000,—,—,3.00,1.000,—,0.000
trio-utility,geared,5,5,boss,180,200,0.000,0.000,1.000,—,—,3.00,1.000,—,0.000
trio-utility,geared,5,5,boss,300,200,0.000,0.000,1.000,—,—,3.00,1.000,—,0.000
trio-utility,geared,5,6,solo,180,200,0.000,0.000,1.000,—,—,3.00,1.000,—,0.000
trio-utility,geared,5,6,solo,300,200,0.000,0.000,1.000,—,—,3.00,1.000,—,0.000
trio-utility,geared,5,6,pack,180,200,0.000,0.000,1.000,—,—,3.00,1.000,—,0.000
trio-utility,geared,5,6,pack,300,200,0.000,0.000,1.000,—,—,3.00,1.000,—,0.000
trio-utility,geared,5,6,boss,180,200,0.000,0.000,1.000,—,—,3.00,1.000,—,0.000
trio-utility,geared,5,6,boss,300,200,0.000,0.000,1.000,—,—,3.00,1.000,—,0.000
trio-utility,geared,5,7,solo,180,200,0.000,0.000,1.000,—,—,3.00,1.000,—,0.000
trio-utility,geared,5,7,solo,300,200,0.000,0.000,1.000,—,—,3.00,1.000,—,0.000
trio-utility,geared,5,7,pack,180,200,0.000,0.000,1.000,—,—,3.00,1.000,—,0.000
trio-utility,geared,5,7,pack,300,200,0.000,0.000,1.000,—,—,3.00,1.000,—,0.000
trio-utility,geared,5,7,boss,180,200,0.000,0.000,1.000,—,—,3.00,1.000,—,0.000
trio-utility,geared,5,7,boss,300,200,0.000,0.000,1.000,—,—,3.00,1.000,—,0.000
trio-utility,geared,5,8,solo,180,200,0.000,0.000,1.000,—,—,3.00,1.000,—,0.000
trio-utility,geared,5,8,solo,300,200,0.000,0.000,1.000,—,—,3.00,1.000,—,0.000
trio-utility,geared,5,8,pack,180,200,0.000,0.000,1.000,—,—,3.00,1.000,—,0.000
trio-utility,geared,5,8,pack,300,200,0.000,0.000,1.000,—,—,3.00,1.000,—,0.000
trio-utility,geared,5,8,boss,180,200,0.000,0.000,1.000,—,—,3.00,1.000,—,0.000
trio-utility,geared,5,8,boss,300,200,0.000,0.000,1.000,—,—,3.00,1.000,—,0.000
trio-utility,geared,10,1,solo,180,200,1.000,0.000,0.000,0.996,0.3,0.00,0.004,—,1.558
trio-utility,geared,10,1,solo,300,200,1.000,0.000,0.000,0.996,0.3,0.00,0.004,—,1.558
trio-utility,geared,10,1,pack,180,200,1.000,0.000,0.000,0.922,6.2,0.00,0.078,—,1.519
trio-utility,geared,10,1,pack,300,200,1.000,0.000,0.000,0.920,6.4,0.00,0.080,—,1.519
trio-utility,geared,10,1,boss,180,200,1.000,0.000,0.000,0.876,13.4,0.00,0.124,—,1.495
trio-utility,geared,10,1,boss,300,200,1.000,0.000,0.000,0.879,13.3,0.00,0.121,—,1.497
trio-utility,geared,10,2,solo,180,200,1.000,0.000,0.000,0.938,3.6,0.00,0.062,—,1.528
trio-utility,geared,10,2,solo,300,200,1.000,0.000,0.000,0.940,3.5,0.00,0.060,—,1.529
trio-utility,geared,10,2,pack,180,200,1.000,0.000,0.000,0.686,12.8,0.01,0.314,—,1.397
trio-utility,geared,10,2,pack,300,200,1.000,0.000,0.000,0.688,12.8,0.01,0.312,—,1.398
trio-utility,geared,10,2,boss,180,200,0.865,0.000,0.135,0.355,39.1,1.63,0.693,—,1.059
trio-utility,geared,10,2,boss,300,200,0.850,0.000,0.150,0.348,39.4,1.66,0.705,—,1.038
trio-utility,geared,10,3,solo,180,200,1.000,0.000,0.000,0.823,7.3,0.00,0.177,—,1.468
trio-utility,geared,10,3,solo,300,200,1.000,0.000,0.000,0.823,7.3,0.00,0.177,—,1.468
trio-utility,geared,10,3,pack,180,200,0.000,0.000,1.000,—,—,3.00,1.000,—,0.000
trio-utility,geared,10,3,pack,300,200,0.000,0.000,1.000,—,—,3.00,1.000,—,0.000
trio-utility,geared,10,3,boss,180,200,0.000,0.000,1.000,—,—,3.00,1.000,—,0.000
trio-utility,geared,10,3,boss,300,200,0.000,0.000,1.000,—,—,3.00,1.000,—,0.000
trio-utility,geared,10,4,solo,180,200,0.425,0.000,0.575,0.187,26.3,2.54,0.920,—,0.483
trio-utility,geared,10,4,solo,300,200,0.440,0.000,0.560,0.162,27.5,2.56,0.929,—,0.495
trio-utility,geared,10,4,pack,180,200,0.000,0.000,1.000,—,—,3.00,1.000,—,0.000
trio-utility,geared,10,4,pack,300,200,0.000,0.000,1.000,—,—,3.00,1.000,—,0.000
trio-utility,geared,10,4,boss,180,200,0.000,0.000,1.000,—,—,3.00,1.000,—,0.000
trio-utility,geared,10,4,boss,300,200,0.000,0.000,1.000,—,—,3.00,1.000,—,0.000
trio-utility,geared,10,5,solo,180,200,0.000,0.000,1.000,—,—,3.00,1.000,—,0.000
trio-utility,geared,10,5,solo,300,200,0.000,0.000,1.000,—,—,3.00,1.000,—,0.000
trio-utility,geared,10,5,pack,180,200,0.000,0.000,1.000,—,—,3.00,1.000,—,0.000
trio-utility,geared,10,5,pack,300,200,0.000,0.000,1.000,—,—,3.00,1.000,—,0.000
trio-utility,geared,10,5,boss,180,200,0.000,0.000,1.000,—,—,3.00,1.000,—,0.000
trio-utility,geared,10,5,boss,300,200,0.000,0.000,1.000,—,—,3.00,1.000,—,0.000
trio-utility,geared,10,6,solo,180,200,0.000,0.000,1.000,—,—,3.00,1.000,—,0.000
trio-utility,geared,10,6,solo,300,200,0.000,0.000,1.000,—,—,3.00,1.000,—,0.000
trio-utility,geared,10,6,pack,180,200,0.000,0.000,1.000,—,—,3.00,1.000,—,0.000
trio-utility,geared,10,6,pack,300,200,0.000,0.000,1.000,—,—,3.00,1.000,—,0.000
trio-utility,geared,10,6,boss,180,200,0.000,0.000,1.000,—,—,3.00,1.000,—,0.000
trio-utility,geared,10,6,boss,300,200,0.000,0.000,1.000,—,—,3.00,1.000,—,0.000
trio-utility,geared,10,7,solo,180,200,0.000,0.000,1.000,—,—,3.00,1.000,—,0.000
trio-utility,geared,10,7,solo,300,200,0.000,0.000,1.000,—,—,3.00,1.000,—,0.000
trio-utility,geared,10,7,pack,180,200,0.000,0.000,1.000,—,—,3.00,1.000,—,0.000
trio-utility,geared,10,7,pack,300,200,0.000,0.000,1.000,—,—,3.00,1.000,—,0.000
trio-utility,geared,10,7,boss,180,200,0.000,0.000,1.000,—,—,3.00,1.000,—,0.000
trio-utility,geared,10,7,boss,300,200,0.000,0.000,1.000,—,—,3.00,1.000,—,0.000
trio-utility,geared,10,8,solo,180,200,0.000,0.000,1.000,—,—,3.00,1.000,—,0.000
trio-utility,geared,10,8,solo,300,200,0.000,0.000,1.000,—,—,3.00,1.000,—,0.000
trio-utility,geared,10,8,pack,180,200,0.000,0.000,1.000,—,—,3.00,1.000,—,0.000
trio-utility,geared,10,8,pack,300,200,0.000,0.000,1.000,—,—,3.00,1.000,—,0.000
trio-utility,geared,10,8,boss,180,200,0.000,0.000,1.000,—,—,3.00,1.000,—,0.000
trio-utility,geared,10,8,boss,300,200,0.000,0.000,1.000,—,—,3.00,1.000,—,0.000
trio-utility,geared,20,1,solo,180,200,1.000,0.000,0.000,1.000,0.0,0.00,0.000,—,1.620
trio-utility,geared,20,1,solo,300,200,1.000,0.000,0.000,1.000,0.0,0.00,0.000,—,1.620
trio-utility,geared,20,1,pack,180,200,1.000,0.000,0.000,0.965,3.2,0.00,0.035,—,1.601
trio-utility,geared,20,1,pack,300,200,1.000,0.000,0.000,0.965,3.2,0.00,0.035,—,1.601
trio-utility,geared,20,1,boss,180,200,1.000,0.000,0.000,0.955,6.1,0.00,0.045,—,1.596
trio-utility,geared,20,1,boss,300,200,1.000,0.000,0.000,0.955,6.1,0.00,0.045,—,1.596
trio-utility,geared,20,2,solo,180,200,1.000,0.000,0.000,0.986,0.6,0.00,0.014,—,1.612
trio-utility,geared,20,2,solo,300,200,1.000,0.000,0.000,0.988,0.6,0.00,0.012,—,1.613
trio-utility,geared,20,2,pack,180,200,1.000,0.000,0.000,0.885,6.1,0.00,0.115,—,1.558
trio-utility,geared,20,2,pack,300,200,1.000,0.000,0.000,0.886,6.1,0.00,0.114,—,1.558
trio-utility,geared,20,2,boss,180,200,1.000,0.000,0.000,0.828,12.7,0.00,0.172,—,1.527
trio-utility,geared,20,2,boss,300,200,1.000,0.000,0.000,0.826,12.7,0.00,0.174,—,1.526
trio-utility,geared,20,3,solo,180,200,1.000,0.000,0.000,0.918,3.3,0.00,0.082,—,1.576
trio-utility,geared,20,3,solo,300,200,1.000,0.000,0.000,0.916,3.3,0.00,0.084,—,1.574
trio-utility,geared,20,3,pack,180,200,1.000,0.000,0.000,0.575,16.9,0.74,0.425,—,1.390
trio-utility,geared,20,3,pack,300,200,1.000,0.000,0.000,0.570,17.3,0.74,0.430,—,1.388
trio-utility,geared,20,3,boss,180,200,0.015,0.000,0.985,0.206,47.1,2.98,0.997,—,0.018
trio-utility,geared,20,3,boss,300,200,0.020,0.000,0.980,0.165,51.4,2.98,0.997,—,0.023
trio-utility,geared,20,4,solo,180,200,1.000,0.000,0.000,0.794,6.1,0.00,0.206,—,1.509
trio-utility,geared,20,4,solo,300,200,1.000,0.000,0.000,0.793,6.1,0.00,0.207,—,1.508
trio-utility,geared,20,4,pack,180,200,0.000,0.000,1.000,—,—,3.00,1.000,—,0.000
trio-utility,geared,20,4,pack,300,200,0.000,0.000,1.000,—,—,3.00,1.000,—,0.000
trio-utility,geared,20,4,boss,180,200,0.000,0.000,1.000,—,—,3.00,1.000,—,0.000
trio-utility,geared,20,4,boss,300,200,0.000,0.000,1.000,—,—,3.00,1.000,—,0.000
trio-utility,geared,20,5,solo,180,200,0.165,0.000,0.835,0.323,21.6,2.73,0.947,—,0.207
trio-utility,geared,20,5,solo,300,200,0.205,0.000,0.795,0.327,21.4,2.69,0.933,—,0.258
trio-utility,geared,20,5,pack,180,200,0.000,0.000,1.000,—,—,3.00,1.000,—,0.000
trio-utility,geared,20,5,pack,300,200,0.000,0.000,1.000,—,—,3.00,1.000,—,0.000
trio-utility,geared,20,5,boss,180,200,0.000,0.000,1.000,—,—,3.00,1.000,—,0.000
trio-utility,geared,20,5,boss,300,200,0.000,0.000,1.000,—,—,3.00,1.000,—,0.000
trio-utility,geared,20,6,solo,180,200,0.000,0.000,1.000,—,—,3.00,1.000,—,0.000
trio-utility,geared,20,6,solo,300,200,0.000,0.000,1.000,—,—,3.00,1.000,—,0.000
trio-utility,geared,20,6,pack,180,200,0.000,0.000,1.000,—,—,3.00,1.000,—,0.000
trio-utility,geared,20,6,pack,300,200,0.000,0.000,1.000,—,—,3.00,1.000,—,0.000
trio-utility,geared,20,6,boss,180,200,0.000,0.000,1.000,—,—,3.00,1.000,—,0.000
trio-utility,geared,20,6,boss,300,200,0.000,0.000,1.000,—,—,3.00,1.000,—,0.000
trio-utility,geared,20,7,solo,180,200,0.000,0.000,1.000,—,—,3.00,1.000,—,0.000
trio-utility,geared,20,7,solo,300,200,0.000,0.000,1.000,—,—,3.00,1.000,—,0.000
trio-utility,geared,20,7,pack,180,200,0.000,0.000,1.000,—,—,3.00,1.000,—,0.000
trio-utility,geared,20,7,pack,300,200,0.000,0.000,1.000,—,—,3.00,1.000,—,0.000
trio-utility,geared,20,7,boss,180,200,0.000,0.000,1.000,—,—,3.00,1.000,—,0.000
trio-utility,geared,20,7,boss,300,200,0.000,0.000,1.000,—,—,3.00,1.000,—,0.000
trio-utility,geared,20,8,solo,180,200,0.000,0.000,1.000,—,—,3.00,1.000,—,0.000
trio-utility,geared,20,8,solo,300,200,0.000,0.000,1.000,—,—,3.00,1.000,—,0.000
trio-utility,geared,20,8,pack,180,200,0.000,0.000,1.000,—,—,3.00,1.000,—,0.000
trio-utility,geared,20,8,pack,300,200,0.000,0.000,1.000,—,—,3.00,1.000,—,0.000
trio-utility,geared,20,8,boss,180,200,0.000,0.000,1.000,—,—,3.00,1.000,—,0.000
trio-utility,geared,20,8,boss,300,200,0.000,0.000,1.000,—,—,3.00,1.000,—,0.000
trio-utility,geared,35,1,solo,180,200,1.000,0.000,0.000,1.000,0.0,0.00,0.000,—,1.710
trio-utility,geared,35,1,solo,300,200,1.000,0.000,0.000,1.000,0.0,0.00,0.000,—,1.710
trio-utility,geared,35,1,pack,180,200,1.000,0.000,0.000,0.990,2.1,0.00,0.010,—,1.704
trio-utility,geared,35,1,pack,300,200,1.000,0.000,0.000,0.989,2.1,0.00,0.011,—,1.704
trio-utility,geared,35,1,boss,180,200,1.000,0.000,0.000,0.977,4.0,0.00,0.023,—,1.697
trio-utility,geared,35,1,boss,300,200,1.000,0.000,0.000,0.977,3.9,0.00,0.023,—,1.697
trio-utility,geared,35,2,solo,180,200,1.000,0.000,0.000,1.000,0.0,0.00,0.000,—,1.710
trio-utility,geared,35,2,solo,300,200,1.000,0.000,0.000,1.000,0.0,0.00,0.000,—,1.710
trio-utility,geared,35,2,pack,180,200,1.000,0.000,0.000,0.959,3.6,0.00,0.041,—,1.687
trio-utility,geared,35,2,pack,300,200,1.000,0.000,0.000,0.959,3.6,0.00,0.041,—,1.687
trio-utility,geared,35,2,boss,180,200,1.000,0.000,0.000,0.940,6.5,0.00,0.060,—,1.676
trio-utility,geared,35,2,boss,300,200,1.000,0.000,0.000,0.940,6.5,0.00,0.060,—,1.676
trio-utility,geared,35,3,solo,180,200,1.000,0.000,0.000,0.976,0.9,0.00,0.024,—,1.697
trio-utility,geared,35,3,solo,300,200,1.000,0.000,0.000,0.976,0.9,0.00,0.024,—,1.697
trio-utility,geared,35,3,pack,180,200,1.000,0.000,0.000,0.843,6.5,0.00,0.157,—,1.621
trio-utility,geared,35,3,pack,300,200,1.000,0.000,0.000,0.845,6.4,0.00,0.155,—,1.622
trio-utility,geared,35,3,boss,180,200,1.000,0.000,0.000,0.765,13.4,0.01,0.235,—,1.576
trio-utility,geared,35,3,boss,300,200,1.000,0.000,0.000,0.764,13.5,0.01,0.236,—,1.575
trio-utility,geared,35,4,solo,180,200,1.000,0.000,0.000,0.904,3.6,0.00,0.096,—,1.655
trio-utility,geared,35,4,solo,300,200,1.000,0.000,0.000,0.904,3.5,0.00,0.096,—,1.655
trio-utility,geared,35,4,pack,180,200,0.970,0.000,0.030,0.454,26.4,1.15,0.560,—,1.357
trio-utility,geared,35,4,pack,300,200,0.960,0.000,0.040,0.455,26.4,1.14,0.563,—,1.343
trio-utility,geared,35,4,boss,180,200,0.085,0.000,0.915,0.122,51.6,2.88,0.990,—,0.103
trio-utility,geared,35,4,boss,300,200,0.140,0.000,0.860,0.127,50.8,2.82,0.982,—,0.170
trio-utility,geared,35,5,solo,180,200,1.000,0.000,0.000,0.727,7.5,0.28,0.273,—,1.555
trio-utility,geared,35,5,solo,300,200,1.000,0.000,0.000,0.724,7.6,0.34,0.276,—,1.553
trio-utility,geared,35,5,pack,180,200,0.000,0.000,1.000,—,—,3.00,1.000,—,0.000
trio-utility,geared,35,5,pack,300,200,0.000,0.000,1.000,—,—,3.00,1.000,—,0.000
trio-utility,geared,35,5,boss,180,200,0.000,0.000,1.000,—,—,3.00,1.000,—,0.000
trio-utility,geared,35,5,boss,300,200,0.000,0.000,1.000,—,—,3.00,1.000,—,0.000
trio-utility,geared,35,6,solo,180,200,0.000,0.000,1.000,—,—,3.00,1.000,—,0.000
trio-utility,geared,35,6,solo,300,200,0.000,0.000,1.000,—,—,3.00,1.000,—,0.000
trio-utility,geared,35,6,pack,180,200,0.000,0.000,1.000,—,—,3.00,1.000,—,0.000
trio-utility,geared,35,6,pack,300,200,0.000,0.000,1.000,—,—,3.00,1.000,—,0.000
trio-utility,geared,35,6,boss,180,200,0.000,0.000,1.000,—,—,3.00,1.000,—,0.000
trio-utility,geared,35,6,boss,300,200,0.000,0.000,1.000,—,—,3.00,1.000,—,0.000
trio-utility,geared,35,7,solo,180,200,0.000,0.000,1.000,—,—,3.00,1.000,—,0.000
trio-utility,geared,35,7,solo,300,200,0.000,0.000,1.000,—,—,3.00,1.000,—,0.000
trio-utility,geared,35,7,pack,180,200,0.000,0.000,1.000,—,—,3.00,1.000,—,0.000
trio-utility,geared,35,7,pack,300,200,0.000,0.000,1.000,—,—,3.00,1.000,—,0.000
trio-utility,geared,35,7,boss,180,200,0.000,0.000,1.000,—,—,3.00,1.000,—,0.000
trio-utility,geared,35,7,boss,300,200,0.000,0.000,1.000,—,—,3.00,1.000,—,0.000
trio-utility,geared,35,8,solo,180,200,0.000,0.000,1.000,—,—,3.00,1.000,—,0.000
trio-utility,geared,35,8,solo,300,200,0.000,0.000,1.000,—,—,3.00,1.000,—,0.000
trio-utility,geared,35,8,pack,180,200,0.000,0.000,1.000,—,—,3.00,1.000,—,0.000
trio-utility,geared,35,8,pack,300,200,0.000,0.000,1.000,—,—,3.00,1.000,—,0.000
trio-utility,geared,35,8,boss,180,200,0.000,0.000,1.000,—,—,3.00,1.000,—,0.000
trio-utility,geared,35,8,boss,300,200,0.000,0.000,1.000,—,—,3.00,1.000,—,0.000
trio-utility,geared,50,1,solo,180,200,1.000,0.000,0.000,1.000,0.0,0.00,0.000,—,1.800
trio-utility,geared,50,1,solo,300,200,1.000,0.000,0.000,1.000,0.0,0.00,0.000,—,1.800
trio-utility,geared,50,1,pack,180,200,1.000,0.000,0.000,1.000,0.0,0.00,0.000,—,1.800
trio-utility,geared,50,1,pack,300,200,1.000,0.000,0.000,1.000,0.0,0.00,0.000,—,1.800
trio-utility,geared,50,1,boss,180,200,1.000,0.000,0.000,0.988,2.8,0.00,0.012,—,1.793
trio-utility,geared,50,1,boss,300,200,1.000,0.000,0.000,0.989,2.8,0.00,0.011,—,1.793
trio-utility,geared,50,2,solo,180,200,1.000,0.000,0.000,1.000,0.0,0.00,0.000,—,1.800
trio-utility,geared,50,2,solo,300,200,1.000,0.000,0.000,1.000,0.0,0.00,0.000,—,1.800
trio-utility,geared,50,2,pack,180,200,1.000,0.000,0.000,0.982,2.4,0.00,0.018,—,1.789
trio-utility,geared,50,2,pack,300,200,1.000,0.000,0.000,0.982,2.4,0.00,0.018,—,1.789
trio-utility,geared,50,2,boss,180,200,1.000,0.000,0.000,0.969,4.3,0.00,0.031,—,1.782
trio-utility,geared,50,2,boss,300,200,1.000,0.000,0.000,0.969,4.2,0.00,0.031,—,1.782
trio-utility,geared,50,3,solo,180,200,1.000,0.000,0.000,1.000,0.0,0.00,0.000,—,1.800
trio-utility,geared,50,3,solo,300,200,1.000,0.000,0.000,0.999,0.0,0.00,0.001,—,1.799
trio-utility,geared,50,3,pack,180,200,1.000,0.000,0.000,0.941,4.2,0.00,0.059,—,1.765
trio-utility,geared,50,3,pack,300,200,1.000,0.000,0.000,0.940,4.2,0.00,0.060,—,1.764
trio-utility,geared,50,3,boss,180,200,1.000,0.000,0.000,0.881,9.2,0.00,0.119,—,1.729
trio-utility,geared,50,3,boss,300,200,1.000,0.000,0.000,0.882,9.1,0.00,0.118,—,1.729
trio-utility,geared,50,4,solo,180,200,1.000,0.000,0.000,0.967,1.9,0.00,0.033,—,1.780
trio-utility,geared,50,4,solo,300,200,1.000,0.000,0.000,0.967,1.9,0.00,0.033,—,1.780
trio-utility,geared,50,4,pack,180,200,1.000,0.000,0.000,0.781,8.1,0.02,0.219,—,1.669
trio-utility,geared,50,4,pack,300,200,1.000,0.000,0.000,0.777,8.1,0.02,0.223,—,1.666
trio-utility,geared,50,4,boss,180,200,1.000,0.000,0.000,0.588,22.0,0.88,0.412,—,1.553
trio-utility,geared,50,4,boss,300,200,1.000,0.000,0.000,0.571,23.2,0.92,0.429,—,1.543
trio-utility,geared,50,5,solo,180,200,1.000,0.000,0.000,0.866,4.2,0.00,0.134,—,1.720
trio-utility,geared,50,5,solo,300,200,1.000,0.000,0.000,0.862,4.2,0.00,0.138,—,1.717
trio-utility,geared,50,5,pack,180,200,0.225,0.000,0.775,0.144,41.5,2.69,0.968,—,0.289
trio-utility,geared,50,5,pack,300,200,0.145,0.000,0.855,0.163,43.1,2.79,0.976,—,0.188
trio-utility,geared,50,5,boss,180,200,0.000,0.000,1.000,—,—,3.00,1.000,—,0.000
trio-utility,geared,50,5,boss,300,200,0.000,0.000,1.000,—,—,3.00,1.000,—,0.000
trio-utility,geared,50,6,solo,180,200,0.815,0.000,0.185,0.500,15.9,1.35,0.593,—,1.222
trio-utility,geared,50,6,solo,300,200,0.845,0.000,0.155,0.510,15.6,1.28,0.569,—,1.273
trio-utility,geared,50,6,pack,180,200,0.000,0.000,1.000,—,—,3.00,1.000,—,0.000
trio-utility,geared,50,6,pack,300,200,0.000,0.000,1.000,—,—,3.00,1.000,—,0.000
trio-utility,geared,50,6,boss,180,200,0.000,0.000,1.000,—,—,3.00,1.000,—,0.000
trio-utility,geared,50,6,boss,300,200,0.000,0.000,1.000,—,—,3.00,1.000,—,0.000
trio-utility,geared,50,7,solo,180,200,0.000,0.000,1.000,—,—,3.00,1.000,—,0.000
trio-utility,geared,50,7,solo,300,200,0.000,0.000,1.000,—,—,3.00,1.000,—,0.000
trio-utility,geared,50,7,pack,180,200,0.000,0.000,1.000,—,—,3.00,1.000,—,0.000
trio-utility,geared,50,7,pack,300,200,0.000,0.000,1.000,—,—,3.00,1.000,—,0.000
trio-utility,geared,50,7,boss,180,200,0.000,0.000,1.000,—,—,3.00,1.000,—,0.000
trio-utility,geared,50,7,boss,300,200,0.000,0.000,1.000,—,—,3.00,1.000,—,0.000
trio-utility,geared,50,8,solo,180,200,0.000,0.000,1.000,—,—,3.00,1.000,—,0.000
trio-utility,geared,50,8,solo,300,200,0.000,0.000,1.000,—,—,3.00,1.000,—,0.000
trio-utility,geared,50,8,pack,180,200,0.000,0.000,1.000,—,—,3.00,1.000,—,0.000
trio-utility,geared,50,8,pack,300,200,0.000,0.000,1.000,—,—,3.00,1.000,—,0.000
trio-utility,geared,50,8,boss,180,200,0.000,0.000,1.000,—,—,3.00,1.000,—,0.000
trio-utility,geared,50,8,boss,300,200,0.000,0.000,1.000,—,—,3.00,1.000,—,0.000
trio-utility,full-build,1,1,solo,180,200,1.000,0.000,0.000,0.987,1.6,0.00,0.013,—,1.499
trio-utility,full-build,1,1,solo,300,200,1.000,0.000,0.000,0.987,1.6,0.00,0.013,—,1.500
trio-utility,full-build,1,1,pack,180,200,1.000,0.000,0.000,0.878,10.3,0.00,0.122,—,1.445
trio-utility,full-build,1,1,pack,300,200,1.000,0.000,0.000,0.875,10.5,0.00,0.125,—,1.443
trio-utility,full-build,1,1,boss,180,200,1.000,0.000,0.000,0.761,21.1,0.09,0.239,—,1.386
trio-utility,full-build,1,1,boss,300,200,1.000,0.000,0.000,0.758,21.0,0.06,0.242,—,1.385
trio-utility,full-build,1,2,solo,180,200,1.000,0.000,0.000,0.927,4.8,0.00,0.073,—,1.470
trio-utility,full-build,1,2,solo,300,200,1.000,0.000,0.000,0.928,4.8,0.00,0.072,—,1.470
trio-utility,full-build,1,2,pack,180,200,0.965,0.000,0.035,0.327,34.2,1.28,0.684,—,1.127
trio-utility,full-build,1,2,pack,300,200,0.950,0.000,0.050,0.346,33.3,1.31,0.671,—,1.119
trio-utility,full-build,1,2,boss,180,200,0.010,0.000,0.990,0.039,60.0,2.99,1.000,—,0.010
trio-utility,full-build,1,2,boss,300,200,0.010,0.000,0.990,0.051,55.7,2.98,0.999,—,0.010
trio-utility,full-build,1,3,solo,180,200,1.000,0.000,0.000,0.708,11.8,0.29,0.292,—,1.360
trio-utility,full-build,1,3,solo,300,200,1.000,0.000,0.000,0.710,11.7,0.28,0.290,—,1.360
trio-utility,full-build,1,3,pack,180,200,0.000,0.000,1.000,—,—,3.00,1.000,—,0.000
trio-utility,full-build,1,3,pack,300,200,0.000,0.000,1.000,—,—,3.00,1.000,—,0.000
trio-utility,full-build,1,3,boss,180,200,0.000,0.000,1.000,—,—,3.00,1.000,—,0.000
trio-utility,full-build,1,3,boss,300,200,0.000,0.000,1.000,—,—,3.00,1.000,—,0.000
trio-utility,full-build,1,4,solo,180,200,0.000,0.000,1.000,—,—,3.00,1.000,—,0.000
trio-utility,full-build,1,4,solo,300,200,0.000,0.000,1.000,—,—,3.00,1.000,—,0.000
trio-utility,full-build,1,4,pack,180,200,0.000,0.000,1.000,—,—,3.00,1.000,—,0.000
trio-utility,full-build,1,4,pack,300,200,0.000,0.000,1.000,—,—,3.00,1.000,—,0.000
trio-utility,full-build,1,4,boss,180,200,0.000,0.000,1.000,—,—,3.00,1.000,—,0.000
trio-utility,full-build,1,4,boss,300,200,0.000,0.000,1.000,—,—,3.00,1.000,—,0.000
trio-utility,full-build,1,5,solo,180,200,0.000,0.000,1.000,—,—,3.00,1.000,—,0.000
trio-utility,full-build,1,5,solo,300,200,0.000,0.000,1.000,—,—,3.00,1.000,—,0.000
trio-utility,full-build,1,5,pack,180,200,0.000,0.000,1.000,—,—,3.00,1.000,—,0.000
trio-utility,full-build,1,5,pack,300,200,0.000,0.000,1.000,—,—,3.00,1.000,—,0.000
trio-utility,full-build,1,5,boss,180,200,0.000,0.000,1.000,—,—,3.00,1.000,—,0.000
trio-utility,full-build,1,5,boss,300,200,0.000,0.000,1.000,—,—,3.00,1.000,—,0.000
trio-utility,full-build,1,6,solo,180,200,0.000,0.000,1.000,—,—,3.00,1.000,—,0.000
trio-utility,full-build,1,6,solo,300,200,0.000,0.000,1.000,—,—,3.00,1.000,—,0.000
trio-utility,full-build,1,6,pack,180,200,0.000,0.000,1.000,—,—,3.00,1.000,—,0.000
trio-utility,full-build,1,6,pack,300,200,0.000,0.000,1.000,—,—,3.00,1.000,—,0.000
trio-utility,full-build,1,6,boss,180,200,0.000,0.000,1.000,—,—,3.00,1.000,—,0.000
trio-utility,full-build,1,6,boss,300,200,0.000,0.000,1.000,—,—,3.00,1.000,—,0.000
trio-utility,full-build,1,7,solo,180,200,0.000,0.000,1.000,—,—,3.00,1.000,—,0.000
trio-utility,full-build,1,7,solo,300,200,0.000,0.000,1.000,—,—,3.00,1.000,—,0.000
trio-utility,full-build,1,7,pack,180,200,0.000,0.000,1.000,—,—,3.00,1.000,—,0.000
trio-utility,full-build,1,7,pack,300,200,0.000,0.000,1.000,—,—,3.00,1.000,—,0.000
trio-utility,full-build,1,7,boss,180,200,0.000,0.000,1.000,—,—,3.00,1.000,—,0.000
trio-utility,full-build,1,7,boss,300,200,0.000,0.000,1.000,—,—,3.00,1.000,—,0.000
trio-utility,full-build,1,8,solo,180,200,0.000,0.000,1.000,—,—,3.00,1.000,—,0.000
trio-utility,full-build,1,8,solo,300,200,0.000,0.000,1.000,—,—,3.00,1.000,—,0.000
trio-utility,full-build,1,8,pack,180,200,0.000,0.000,1.000,—,—,3.00,1.000,—,0.000
trio-utility,full-build,1,8,pack,300,200,0.000,0.000,1.000,—,—,3.00,1.000,—,0.000
trio-utility,full-build,1,8,boss,180,200,0.000,0.000,1.000,—,—,3.00,1.000,—,0.000
trio-utility,full-build,1,8,boss,300,200,0.000,0.000,1.000,—,—,3.00,1.000,—,0.000
trio-utility,full-build,5,1,solo,180,200,1.000,0.000,0.000,1.000,0.0,0.00,0.000,—,1.530
trio-utility,full-build,5,1,solo,300,200,1.000,0.000,0.000,1.000,0.0,0.00,0.000,—,1.530
trio-utility,full-build,5,1,pack,180,200,1.000,0.000,0.000,0.931,6.2,0.00,0.069,—,1.495
trio-utility,full-build,5,1,pack,300,200,1.000,0.000,0.000,0.931,6.2,0.00,0.069,—,1.495
trio-utility,full-build,5,1,boss,180,200,1.000,0.000,0.000,0.908,13.3,0.00,0.092,—,1.483
trio-utility,full-build,5,1,boss,300,200,1.000,0.000,0.000,0.908,13.2,0.00,0.092,—,1.483
trio-utility,full-build,5,2,solo,180,200,1.000,0.000,0.000,0.940,3.4,0.00,0.060,—,1.499
trio-utility,full-build,5,2,solo,300,200,1.000,0.000,0.000,0.941,3.3,0.00,0.059,—,1.500
trio-utility,full-build,5,2,pack,180,200,1.000,0.000,0.000,0.719,13.0,0.10,0.281,—,1.387
trio-utility,full-build,5,2,pack,300,200,1.000,0.000,0.000,0.717,13.0,0.10,0.283,—,1.386
trio-utility,full-build,5,2,boss,180,200,1.000,0.000,0.000,0.576,28.0,0.65,0.424,—,1.314
trio-utility,full-build,5,2,boss,300,200,1.000,0.000,0.000,0.578,28.2,0.72,0.422,—,1.315
trio-utility,full-build,5,3,solo,180,200,1.000,0.000,0.000,0.852,7.1,0.00,0.148,—,1.455
trio-utility,full-build,5,3,solo,300,200,1.000,0.000,0.000,0.853,7.0,0.00,0.147,—,1.455
trio-utility,full-build,5,3,pack,180,200,0.000,0.000,1.000,—,—,3.00,1.000,—,0.000
trio-utility,full-build,5,3,pack,300,200,0.000,0.000,1.000,—,—,3.00,1.000,—,0.000
trio-utility,full-build,5,3,boss,180,200,0.000,0.000,1.000,—,—,3.00,1.000,—,0.000
trio-utility,full-build,5,3,boss,300,200,0.000,0.000,1.000,—,—,3.00,1.000,—,0.000
trio-utility,full-build,5,4,solo,180,200,0.725,0.000,0.275,0.319,23.8,1.90,0.769,—,0.857
trio-utility,full-build,5,4,solo,300,200,0.660,0.000,0.340,0.273,24.8,2.06,0.820,—,0.765
trio-utility,full-build,5,4,pack,180,200,0.000,0.000,1.000,—,—,3.00,1.000,—,0.000
trio-utility,full-build,5,4,pack,300,200,0.000,0.000,1.000,—,—,3.00,1.000,—,0.000
trio-utility,full-build,5,4,boss,180,200,0.000,0.000,1.000,—,—,3.00,1.000,—,0.000
trio-utility,full-build,5,4,boss,300,200,0.000,0.000,1.000,—,—,3.00,1.000,—,0.000
trio-utility,full-build,5,5,solo,180,200,0.000,0.000,1.000,—,—,3.00,1.000,—,0.000
trio-utility,full-build,5,5,solo,300,200,0.000,0.000,1.000,—,—,3.00,1.000,—,0.000
trio-utility,full-build,5,5,pack,180,200,0.000,0.000,1.000,—,—,3.00,1.000,—,0.000
trio-utility,full-build,5,5,pack,300,200,0.000,0.000,1.000,—,—,3.00,1.000,—,0.000
trio-utility,full-build,5,5,boss,180,200,0.000,0.000,1.000,—,—,3.00,1.000,—,0.000
trio-utility,full-build,5,5,boss,300,200,0.000,0.000,1.000,—,—,3.00,1.000,—,0.000
trio-utility,full-build,5,6,solo,180,200,0.000,0.000,1.000,—,—,3.00,1.000,—,0.000
trio-utility,full-build,5,6,solo,300,200,0.000,0.000,1.000,—,—,3.00,1.000,—,0.000
trio-utility,full-build,5,6,pack,180,200,0.000,0.000,1.000,—,—,3.00,1.000,—,0.000
trio-utility,full-build,5,6,pack,300,200,0.000,0.000,1.000,—,—,3.00,1.000,—,0.000
trio-utility,full-build,5,6,boss,180,200,0.000,0.000,1.000,—,—,3.00,1.000,—,0.000
trio-utility,full-build,5,6,boss,300,200,0.000,0.000,1.000,—,—,3.00,1.000,—,0.000
trio-utility,full-build,5,7,solo,180,200,0.000,0.000,1.000,—,—,3.00,1.000,—,0.000
trio-utility,full-build,5,7,solo,300,200,0.000,0.000,1.000,—,—,3.00,1.000,—,0.000
trio-utility,full-build,5,7,pack,180,200,0.000,0.000,1.000,—,—,3.00,1.000,—,0.000
trio-utility,full-build,5,7,pack,300,200,0.000,0.000,1.000,—,—,3.00,1.000,—,0.000
trio-utility,full-build,5,7,boss,180,200,0.000,0.000,1.000,—,—,3.00,1.000,—,0.000
trio-utility,full-build,5,7,boss,300,200,0.000,0.000,1.000,—,—,3.00,1.000,—,0.000
trio-utility,full-build,5,8,solo,180,200,0.000,0.000,1.000,—,—,3.00,1.000,—,0.000
trio-utility,full-build,5,8,solo,300,200,0.000,0.000,1.000,—,—,3.00,1.000,—,0.000
trio-utility,full-build,5,8,pack,180,200,0.000,0.000,1.000,—,—,3.00,1.000,—,0.000
trio-utility,full-build,5,8,pack,300,200,0.000,0.000,1.000,—,—,3.00,1.000,—,0.000
trio-utility,full-build,5,8,boss,180,200,0.000,0.000,1.000,—,—,3.00,1.000,—,0.000
trio-utility,full-build,5,8,boss,300,200,0.000,0.000,1.000,—,—,3.00,1.000,—,0.000
trio-utility,full-build,10,1,solo,180,200,1.000,0.000,0.000,1.000,0.0,0.00,0.000,—,1.560
trio-utility,full-build,10,1,solo,300,200,1.000,0.000,0.000,1.000,0.0,0.00,0.000,—,1.560
trio-utility,full-build,10,1,pack,180,200,1.000,0.000,0.000,0.961,4.6,0.00,0.039,—,1.540
trio-utility,full-build,10,1,pack,300,200,1.000,0.000,0.000,0.961,4.6,0.00,0.039,—,1.540
trio-utility,full-build,10,1,boss,180,200,1.000,0.000,0.000,0.951,8.7,0.00,0.049,—,1.535
trio-utility,full-build,10,1,boss,300,200,1.000,0.000,0.000,0.952,8.6,0.00,0.048,—,1.535
trio-utility,full-build,10,2,solo,180,200,1.000,0.000,0.000,0.979,1.5,0.00,0.021,—,1.549
trio-utility,full-build,10,2,solo,300,200,1.000,0.000,0.000,0.979,1.6,0.00,0.021,—,1.549
trio-utility,full-build,10,2,pack,180,200,1.000,0.000,0.000,0.868,8.7,0.00,0.132,—,1.492
trio-utility,full-build,10,2,pack,300,200,1.000,0.000,0.000,0.870,8.7,0.00,0.130,—,1.492
trio-utility,full-build,10,2,boss,180,200,1.000,0.000,0.000,0.806,16.9,0.00,0.194,—,1.459
trio-utility,full-build,10,2,boss,300,200,1.000,0.000,0.000,0.803,17.0,0.00,0.197,—,1.458
trio-utility,full-build,10,3,solo,180,200,1.000,0.000,0.000,0.921,4.6,0.00,0.079,—,1.519
trio-utility,full-build,10,3,solo,300,200,1.000,0.000,0.000,0.921,4.6,0.00,0.079,—,1.519
trio-utility,full-build,10,3,pack,180,200,1.000,0.000,0.000,0.352,32.9,1.47,0.648,—,1.223
trio-utility,full-build,10,3,pack,300,200,0.995,0.000,0.005,0.350,33.2,1.51,0.652,—,1.216
trio-utility,full-build,10,3,boss,180,200,0.000,0.000,1.000,—,—,3.00,1.000,—,0.000
trio-utility,full-build,10,3,boss,300,200,0.000,0.000,1.000,—,—,3.00,1.000,—,0.000
trio-utility,full-build,10,4,solo,180,200,1.000,0.000,0.000,0.705,10.1,0.07,0.295,—,1.407
trio-utility,full-build,10,4,solo,300,200,1.000,0.000,0.000,0.703,10.3,0.12,0.297,—,1.405
trio-utility,full-build,10,4,pack,180,200,0.000,0.000,1.000,—,—,3.00,1.000,—,0.000
trio-utility,full-build,10,4,pack,300,200,0.000,0.000,1.000,—,—,3.00,1.000,—,0.000
trio-utility,full-build,10,4,boss,180,200,0.000,0.000,1.000,—,—,3.00,1.000,—,0.000
trio-utility,full-build,10,4,boss,300,200,0.000,0.000,1.000,—,—,3.00,1.000,—,0.000
trio-utility,full-build,10,5,solo,180,200,0.000,0.000,1.000,—,—,3.00,1.000,—,0.000
trio-utility,full-build,10,5,solo,300,200,0.000,0.000,1.000,—,—,3.00,1.000,—,0.000
trio-utility,full-build,10,5,pack,180,200,0.000,0.000,1.000,—,—,3.00,1.000,—,0.000
trio-utility,full-build,10,5,pack,300,200,0.000,0.000,1.000,—,—,3.00,1.000,—,0.000
trio-utility,full-build,10,5,boss,180,200,0.000,0.000,1.000,—,—,3.00,1.000,—,0.000
trio-utility,full-build,10,5,boss,300,200,0.000,0.000,1.000,—,—,3.00,1.000,—,0.000
trio-utility,full-build,10,6,solo,180,200,0.000,0.000,1.000,—,—,3.00,1.000,—,0.000
trio-utility,full-build,10,6,solo,300,200,0.000,0.000,1.000,—,—,3.00,1.000,—,0.000
trio-utility,full-build,10,6,pack,180,200,0.000,0.000,1.000,—,—,3.00,1.000,—,0.000
trio-utility,full-build,10,6,pack,300,200,0.000,0.000,1.000,—,—,3.00,1.000,—,0.000
trio-utility,full-build,10,6,boss,180,200,0.000,0.000,1.000,—,—,3.00,1.000,—,0.000
trio-utility,full-build,10,6,boss,300,200,0.000,0.000,1.000,—,—,3.00,1.000,—,0.000
trio-utility,full-build,10,7,solo,180,200,0.000,0.000,1.000,—,—,3.00,1.000,—,0.000
trio-utility,full-build,10,7,solo,300,200,0.000,0.000,1.000,—,—,3.00,1.000,—,0.000
trio-utility,full-build,10,7,pack,180,200,0.000,0.000,1.000,—,—,3.00,1.000,—,0.000
trio-utility,full-build,10,7,pack,300,200,0.000,0.000,1.000,—,—,3.00,1.000,—,0.000
trio-utility,full-build,10,7,boss,180,200,0.000,0.000,1.000,—,—,3.00,1.000,—,0.000
trio-utility,full-build,10,7,boss,300,200,0.000,0.000,1.000,—,—,3.00,1.000,—,0.000
trio-utility,full-build,10,8,solo,180,200,0.000,0.000,1.000,—,—,3.00,1.000,—,0.000
trio-utility,full-build,10,8,solo,300,200,0.000,0.000,1.000,—,—,3.00,1.000,—,0.000
trio-utility,full-build,10,8,pack,180,200,0.000,0.000,1.000,—,—,3.00,1.000,—,0.000
trio-utility,full-build,10,8,pack,300,200,0.000,0.000,1.000,—,—,3.00,1.000,—,0.000
trio-utility,full-build,10,8,boss,180,200,0.000,0.000,1.000,—,—,3.00,1.000,—,0.000
trio-utility,full-build,10,8,boss,300,200,0.000,0.000,1.000,—,—,3.00,1.000,—,0.000
trio-utility,full-build,20,1,solo,180,200,1.000,0.000,0.000,1.000,0.0,0.00,0.000,—,1.620
trio-utility,full-build,20,1,solo,300,200,1.000,0.000,0.000,1.000,0.0,0.00,0.000,—,1.620
trio-utility,full-build,20,1,pack,180,200,1.000,0.000,0.000,0.988,2.6,0.00,0.012,—,1.613
trio-utility,full-build,20,1,pack,300,200,1.000,0.000,0.000,0.988,2.7,0.00,0.012,—,1.613
trio-utility,full-build,20,1,boss,180,200,1.000,0.000,0.000,0.980,4.3,0.00,0.020,—,1.609
trio-utility,full-build,20,1,boss,300,200,1.000,0.000,0.000,0.980,4.3,0.00,0.020,—,1.609
trio-utility,full-build,20,2,solo,180,200,1.000,0.000,0.000,1.000,0.0,0.00,0.000,—,1.620
trio-utility,full-build,20,2,solo,300,200,1.000,0.000,0.000,1.000,0.0,0.00,0.000,—,1.620
trio-utility,full-build,20,2,pack,180,200,1.000,0.000,0.000,0.960,4.2,0.00,0.040,—,1.598
trio-utility,full-build,20,2,pack,300,200,1.000,0.000,0.000,0.959,4.3,0.00,0.041,—,1.598
trio-utility,full-build,20,2,boss,180,200,1.000,0.000,0.000,0.938,8.2,0.00,0.062,—,1.586
trio-utility,full-build,20,2,boss,300,200,1.000,0.000,0.000,0.938,8.2,0.00,0.062,—,1.587
trio-utility,full-build,20,3,solo,180,200,1.000,0.000,0.000,0.974,1.5,0.00,0.026,—,1.606
trio-utility,full-build,20,3,solo,300,200,1.000,0.000,0.000,0.974,1.5,0.00,0.026,—,1.606
trio-utility,full-build,20,3,pack,180,200,1.000,0.000,0.000,0.838,8.2,0.00,0.162,—,1.532
trio-utility,full-build,20,3,pack,300,200,1.000,0.000,0.000,0.836,8.1,0.00,0.164,—,1.531
trio-utility,full-build,20,3,boss,180,200,1.000,0.000,0.000,0.727,16.8,0.14,0.273,—,1.473
trio-utility,full-build,20,3,boss,300,200,1.000,0.000,0.000,0.731,16.8,0.14,0.269,—,1.475
trio-utility,full-build,20,4,solo,180,200,1.000,0.000,0.000,0.898,4.2,0.00,0.102,—,1.565
trio-utility,full-build,20,4,solo,300,200,1.000,0.000,0.000,0.897,4.2,0.00,0.103,—,1.564
trio-utility,full-build,20,4,pack,180,200,0.580,0.000,0.420,0.291,37.5,2.12,0.831,—,0.718
trio-utility,full-build,20,4,pack,300,200,0.675,0.000,0.325,0.322,35.7,1.93,0.783,—,0.846
trio-utility,full-build,20,4,boss,180,200,0.005,0.000,0.995,0.040,55.1,3.00,1.000,—,0.006
trio-utility,full-build,20,4,boss,300,200,0.000,0.000,1.000,—,—,3.00,1.000,—,0.000
trio-utility,full-build,20,5,solo,180,200,1.000,0.000,0.000,0.672,10.1,0.43,0.328,—,1.443
trio-utility,full-build,20,5,solo,300,200,1.000,0.000,0.000,0.687,9.6,0.39,0.313,—,1.451
trio-utility,full-build,20,5,pack,180,200,0.000,0.000,1.000,—,—,3.00,1.000,—,0.000
trio-utility,full-build,20,5,pack,300,200,0.000,0.000,1.000,—,—,3.00,1.000,—,0.000
trio-utility,full-build,20,5,boss,180,200,0.000,0.000,1.000,—,—,3.00,1.000,—,0.000
trio-utility,full-build,20,5,boss,300,200,0.000,0.000,1.000,—,—,3.00,1.000,—,0.000
trio-utility,full-build,20,6,solo,180,200,0.000,0.000,1.000,—,—,3.00,1.000,—,0.000
trio-utility,full-build,20,6,solo,300,200,0.000,0.000,1.000,—,—,3.00,1.000,—,0.000
trio-utility,full-build,20,6,pack,180,200,0.000,0.000,1.000,—,—,3.00,1.000,—,0.000
trio-utility,full-build,20,6,pack,300,200,0.000,0.000,1.000,—,—,3.00,1.000,—,0.000
trio-utility,full-build,20,6,boss,180,200,0.000,0.000,1.000,—,—,3.00,1.000,—,0.000
trio-utility,full-build,20,6,boss,300,200,0.000,0.000,1.000,—,—,3.00,1.000,—,0.000
trio-utility,full-build,20,7,solo,180,200,0.000,0.000,1.000,—,—,3.00,1.000,—,0.000
trio-utility,full-build,20,7,solo,300,200,0.000,0.000,1.000,—,—,3.00,1.000,—,0.000
trio-utility,full-build,20,7,pack,180,200,0.000,0.000,1.000,—,—,3.00,1.000,—,0.000
trio-utility,full-build,20,7,pack,300,200,0.000,0.000,1.000,—,—,3.00,1.000,—,0.000
trio-utility,full-build,20,7,boss,180,200,0.000,0.000,1.000,—,—,3.00,1.000,—,0.000
trio-utility,full-build,20,7,boss,300,200,0.000,0.000,1.000,—,—,3.00,1.000,—,0.000
trio-utility,full-build,20,8,solo,180,200,0.000,0.000,1.000,—,—,3.00,1.000,—,0.000
trio-utility,full-build,20,8,solo,300,200,0.000,0.000,1.000,—,—,3.00,1.000,—,0.000
trio-utility,full-build,20,8,pack,180,200,0.000,0.000,1.000,—,—,3.00,1.000,—,0.000
trio-utility,full-build,20,8,pack,300,200,0.000,0.000,1.000,—,—,3.00,1.000,—,0.000
trio-utility,full-build,20,8,boss,180,200,0.000,0.000,1.000,—,—,3.00,1.000,—,0.000
trio-utility,full-build,20,8,boss,300,200,0.000,0.000,1.000,—,—,3.00,1.000,—,0.000
trio-utility,full-build,35,1,solo,180,200,1.000,0.000,0.000,1.000,0.0,0.00,0.000,—,1.710
trio-utility,full-build,35,1,solo,300,200,1.000,0.000,0.000,1.000,0.0,0.00,0.000,—,1.710
trio-utility,full-build,35,1,pack,180,200,1.000,0.000,0.000,1.000,0.0,0.00,0.000,—,1.710
trio-utility,full-build,35,1,pack,300,200,1.000,0.000,0.000,1.000,0.0,0.00,0.000,—,1.710
trio-utility,full-build,35,1,boss,180,200,1.000,0.000,0.000,0.991,2.8,0.00,0.009,—,1.705
trio-utility,full-build,35,1,boss,300,200,1.000,0.000,0.000,0.991,2.7,0.00,0.009,—,1.705
trio-utility,full-build,35,2,solo,180,200,1.000,0.000,0.000,1.000,0.0,0.00,0.000,—,1.710
trio-utility,full-build,35,2,solo,300,200,1.000,0.000,0.000,1.000,0.0,0.00,0.000,—,1.710
trio-utility,full-build,35,2,pack,180,200,1.000,0.000,0.000,0.985,2.3,0.00,0.015,—,1.702
trio-utility,full-build,35,2,pack,300,200,1.000,0.000,0.000,0.985,2.3,0.00,0.015,—,1.701
trio-utility,full-build,35,2,boss,180,200,1.000,0.000,0.000,0.973,4.2,0.00,0.027,—,1.694
trio-utility,full-build,35,2,boss,300,200,1.000,0.000,0.000,0.974,4.3,0.00,0.026,—,1.695
trio-utility,full-build,35,3,solo,180,200,1.000,0.000,0.000,1.000,0.0,0.00,0.000,—,1.710
trio-utility,full-build,35,3,solo,300,200,1.000,0.000,0.000,1.000,0.0,0.00,0.000,—,1.710
trio-utility,full-build,35,3,pack,180,200,1.000,0.000,0.000,0.953,4.3,0.00,0.047,—,1.683
trio-utility,full-build,35,3,pack,300,200,1.000,0.000,0.000,0.950,4.3,0.00,0.050,—,1.682
trio-utility,full-build,35,3,boss,180,200,1.000,0.000,0.000,0.902,9.1,0.00,0.098,—,1.654
trio-utility,full-build,35,3,boss,300,200,1.000,0.000,0.000,0.898,9.2,0.00,0.102,—,1.652
trio-utility,full-build,35,4,solo,180,200,1.000,0.000,0.000,0.970,1.9,0.00,0.030,—,1.693
trio-utility,full-build,35,4,solo,300,200,1.000,0.000,0.000,0.969,1.8,0.00,0.031,—,1.692
trio-utility,full-build,35,4,pack,180,200,1.000,0.000,0.000,0.802,8.1,0.01,0.198,—,1.597
trio-utility,full-build,35,4,pack,300,200,1.000,0.000,0.000,0.799,8.0,0.01,0.201,—,1.595
trio-utility,full-build,35,4,boss,180,200,1.000,0.000,0.000,0.631,20.2,0.67,0.369,—,1.499
trio-utility,full-build,35,4,boss,300,200,1.000,0.000,0.000,0.646,19.9,0.59,0.354,—,1.508
trio-utility,full-build,35,5,solo,180,200,1.000,0.000,0.000,0.881,4.2,0.00,0.119,—,1.642
trio-utility,full-build,35,5,solo,300,200,1.000,0.000,0.000,0.877,4.2,0.00,0.123,—,1.640
trio-utility,full-build,35,5,pack,180,200,0.365,0.000,0.635,0.169,43.9,2.48,0.938,—,0.451
trio-utility,full-build,35,5,pack,300,200,0.390,0.000,0.610,0.168,44.4,2.42,0.935,—,0.482
trio-utility,full-build,35,5,boss,180,200,0.000,0.000,1.000,—,—,3.00,1.000,—,0.000
trio-utility,full-build,35,5,boss,300,200,0.000,0.000,1.000,—,—,3.00,1.000,—,0.000
trio-utility,full-build,35,6,solo,180,200,0.995,0.000,0.005,0.564,14.8,0.79,0.439,—,1.454
trio-utility,full-build,35,6,solo,300,200,0.990,0.000,0.010,0.572,14.4,0.81,0.433,—,1.452
trio-utility,full-build,35,6,pack,180,200,0.000,0.000,1.000,—,—,3.00,1.000,—,0.000
trio-utility,full-build,35,6,pack,300,200,0.000,0.000,1.000,—,—,3.00,1.000,—,0.000
trio-utility,full-build,35,6,boss,180,200,0.000,0.000,1.000,—,—,3.00,1.000,—,0.000
trio-utility,full-build,35,6,boss,300,200,0.000,0.000,1.000,—,—,3.00,1.000,—,0.000
trio-utility,full-build,35,7,solo,180,200,0.000,0.000,1.000,—,—,3.00,1.000,—,0.000
trio-utility,full-build,35,7,solo,300,200,0.000,0.000,1.000,—,—,3.00,1.000,—,0.000
trio-utility,full-build,35,7,pack,180,200,0.000,0.000,1.000,—,—,3.00,1.000,—,0.000
trio-utility,full-build,35,7,pack,300,200,0.000,0.000,1.000,—,—,3.00,1.000,—,0.000
trio-utility,full-build,35,7,boss,180,200,0.000,0.000,1.000,—,—,3.00,1.000,—,0.000
trio-utility,full-build,35,7,boss,300,200,0.000,0.000,1.000,—,—,3.00,1.000,—,0.000
trio-utility,full-build,35,8,solo,180,200,0.000,0.000,1.000,—,—,3.00,1.000,—,0.000
trio-utility,full-build,35,8,solo,300,200,0.000,0.000,1.000,—,—,3.00,1.000,—,0.000
trio-utility,full-build,35,8,pack,180,200,0.000,0.000,1.000,—,—,3.00,1.000,—,0.000
trio-utility,full-build,35,8,pack,300,200,0.000,0.000,1.000,—,—,3.00,1.000,—,0.000
trio-utility,full-build,35,8,boss,180,200,0.000,0.000,1.000,—,—,3.00,1.000,—,0.000
trio-utility,full-build,35,8,boss,300,200,0.000,0.000,1.000,—,—,3.00,1.000,—,0.000
trio-utility,full-build,50,1,solo,180,200,1.000,0.000,0.000,1.000,0.0,0.00,0.000,—,1.800
trio-utility,full-build,50,1,solo,300,200,1.000,0.000,0.000,1.000,0.0,0.00,0.000,—,1.800
trio-utility,full-build,50,1,pack,180,200,1.000,0.000,0.000,1.000,0.0,0.00,0.000,—,1.800
trio-utility,full-build,50,1,pack,300,200,1.000,0.000,0.000,1.000,0.0,0.00,0.000,—,1.800
trio-utility,full-build,50,1,boss,180,200,1.000,0.000,0.000,0.995,1.7,0.00,0.005,—,1.797
trio-utility,full-build,50,1,boss,300,200,1.000,0.000,0.000,0.995,1.7,0.00,0.005,—,1.797
trio-utility,full-build,50,2,solo,180,200,1.000,0.000,0.000,1.000,0.0,0.00,0.000,—,1.800
trio-utility,full-build,50,2,solo,300,200,1.000,0.000,0.000,1.000,0.0,0.00,0.000,—,1.800
trio-utility,full-build,50,2,pack,180,200,1.000,0.000,0.000,0.993,1.5,0.00,0.007,—,1.796
trio-utility,full-build,50,2,pack,300,200,1.000,0.000,0.000,0.994,1.4,0.00,0.006,—,1.796
trio-utility,full-build,50,2,boss,180,200,1.000,0.000,0.000,0.979,3.3,0.00,0.021,—,1.787
trio-utility,full-build,50,2,boss,300,200,1.000,0.000,0.000,0.979,3.3,0.00,0.021,—,1.787
trio-utility,full-build,50,3,solo,180,200,1.000,0.000,0.000,1.000,0.0,0.00,0.000,—,1.800
trio-utility,full-build,50,3,solo,300,200,1.000,0.000,0.000,1.000,0.0,0.00,0.000,—,1.800
trio-utility,full-build,50,3,pack,180,200,1.000,0.000,0.000,0.971,2.9,0.00,0.029,—,1.783
trio-utility,full-build,50,3,pack,300,200,1.000,0.000,0.000,0.970,2.9,0.00,0.030,—,1.782
trio-utility,full-build,50,3,boss,180,200,1.000,0.000,0.000,0.956,5.8,0.00,0.044,—,1.774
trio-utility,full-build,50,3,boss,300,200,1.000,0.000,0.000,0.956,5.8,0.00,0.044,—,1.773
trio-utility,full-build,50,4,solo,180,200,1.000,0.000,0.000,0.983,0.7,0.00,0.017,—,1.790
trio-utility,full-build,50,4,solo,300,200,1.000,0.000,0.000,0.983,0.7,0.00,0.017,—,1.790
trio-utility,full-build,50,4,pack,180,200,1.000,0.000,0.000,0.895,5.4,0.00,0.105,—,1.737
trio-utility,full-build,50,4,pack,300,200,1.000,0.000,0.000,0.889,5.4,0.00,0.111,—,1.733
trio-utility,full-build,50,4,boss,180,200,1.000,0.000,0.000,0.825,10.9,0.00,0.175,—,1.695
trio-utility,full-build,50,4,boss,300,200,1.000,0.000,0.000,0.825,11.1,0.00,0.175,—,1.695
trio-utility,full-build,50,5,solo,180,200,1.000,0.000,0.000,0.928,3.0,0.00,0.072,—,1.757
trio-utility,full-build,50,5,solo,300,200,1.000,0.000,0.000,0.931,2.9,0.00,0.069,—,1.759
trio-utility,full-build,50,5,pack,180,200,1.000,0.000,0.000,0.625,16.9,0.59,0.375,—,1.575
trio-utility,full-build,50,5,pack,300,200,1.000,0.000,0.000,0.626,17.1,0.61,0.374,—,1.576
trio-utility,full-build,50,5,boss,180,200,0.820,0.000,0.180,0.305,46.3,1.78,0.750,—,1.134
trio-utility,full-build,50,5,boss,300,200,0.775,0.000,0.225,0.276,48.0,1.96,0.786,—,1.059
trio-utility,full-build,50,6,solo,180,200,1.000,0.000,0.000,0.807,5.8,0.08,0.193,—,1.684
trio-utility,full-build,50,6,solo,300,200,1.000,0.000,0.000,0.802,5.8,0.07,0.198,—,1.681
trio-utility,full-build,50,6,pack,180,200,0.000,0.000,1.000,—,—,3.00,1.000,—,0.000
trio-utility,full-build,50,6,pack,300,200,0.000,0.000,1.000,—,—,3.00,1.000,—,0.000
trio-utility,full-build,50,6,boss,180,200,0.000,0.000,1.000,—,—,3.00,1.000,—,0.000
trio-utility,full-build,50,6,boss,300,200,0.000,0.000,1.000,—,—,3.00,1.000,—,0.000
trio-utility,full-build,50,7,solo,180,200,0.045,0.000,0.955,0.139,27.7,2.96,0.994,—,0.058
trio-utility,full-build,50,7,solo,300,200,0.055,0.000,0.945,0.160,27.6,2.94,0.991,—,0.071
trio-utility,full-build,50,7,pack,180,200,0.000,0.000,1.000,—,—,3.00,1.000,—,0.000
trio-utility,full-build,50,7,pack,300,200,0.000,0.000,1.000,—,—,3.00,1.000,—,0.000
trio-utility,full-build,50,7,boss,180,200,0.000,0.000,1.000,—,—,3.00,1.000,—,0.000
trio-utility,full-build,50,7,boss,300,200,0.000,0.000,1.000,—,—,3.00,1.000,—,0.000
trio-utility,full-build,50,8,solo,180,200,0.000,0.000,1.000,—,—,3.00,1.000,—,0.000
trio-utility,full-build,50,8,solo,300,200,0.000,0.000,1.000,—,—,3.00,1.000,—,0.000
trio-utility,full-build,50,8,pack,180,200,0.000,0.000,1.000,—,—,3.00,1.000,—,0.000
trio-utility,full-build,50,8,pack,300,200,0.000,0.000,1.000,—,—,3.00,1.000,—,0.000
trio-utility,full-build,50,8,boss,180,200,0.000,0.000,1.000,—,—,3.00,1.000,—,0.000
trio-utility,full-build,50,8,boss,300,200,0.000,0.000,1.000,—,—,3.00,1.000,—,0.000
trio-gatherers,naked,1,1,solo,180,200,1.000,0.000,0.000,0.930,5.8,0.00,0.070,—,1.471
trio-gatherers,naked,1,1,solo,300,200,1.000,0.000,0.000,0.929,5.7,0.00,0.071,—,1.470
trio-gatherers,naked,1,1,pack,180,200,0.975,0.000,0.025,0.438,26.4,0.49,0.573,—,1.193
trio-gatherers,naked,1,1,pack,300,200,0.995,0.000,0.005,0.416,28.0,0.54,0.587,—,1.207
trio-gatherers,naked,1,1,boss,180,200,0.080,0.000,0.920,0.155,48.8,2.87,0.988,—,0.087
trio-gatherers,naked,1,1,boss,300,200,0.075,0.000,0.925,0.114,50.1,2.90,0.991,—,0.080
trio-gatherers,naked,1,2,solo,180,200,1.000,0.000,0.000,0.717,12.3,0.17,0.283,—,1.364
trio-gatherers,naked,1,2,solo,300,200,1.000,0.000,0.000,0.715,12.3,0.20,0.285,—,1.363
trio-gatherers,naked,1,2,pack,180,200,0.000,0.000,1.000,—,—,3.00,1.000,—,0.000
trio-gatherers,naked,1,2,pack,300,200,0.000,0.000,1.000,—,—,3.00,1.000,—,0.000
trio-gatherers,naked,1,2,boss,180,200,0.000,0.000,1.000,—,—,3.00,1.000,—,0.000
trio-gatherers,naked,1,2,boss,300,200,0.000,0.000,1.000,—,—,3.00,1.000,—,0.000
trio-gatherers,naked,1,3,solo,180,200,0.000,0.000,1.000,—,—,3.00,1.000,—,0.000
trio-gatherers,naked,1,3,solo,300,200,0.005,0.000,0.995,0.094,30.0,2.99,1.000,—,0.005
trio-gatherers,naked,1,3,pack,180,200,0.000,0.000,1.000,—,—,3.00,1.000,—,0.000
trio-gatherers,naked,1,3,pack,300,200,0.000,0.000,1.000,—,—,3.00,1.000,—,0.000
trio-gatherers,naked,1,3,boss,180,200,0.000,0.000,1.000,—,—,3.00,1.000,—,0.000
trio-gatherers,naked,1,3,boss,300,200,0.000,0.000,1.000,—,—,3.00,1.000,—,0.000
trio-gatherers,naked,1,4,solo,180,200,0.000,0.000,1.000,—,—,3.00,1.000,—,0.000
trio-gatherers,naked,1,4,solo,300,200,0.000,0.000,1.000,—,—,3.00,1.000,—,0.000
trio-gatherers,naked,1,4,pack,180,200,0.000,0.000,1.000,—,—,3.00,1.000,—,0.000
trio-gatherers,naked,1,4,pack,300,200,0.000,0.000,1.000,—,—,3.00,1.000,—,0.000
trio-gatherers,naked,1,4,boss,180,200,0.000,0.000,1.000,—,—,3.00,1.000,—,0.000
trio-gatherers,naked,1,4,boss,300,200,0.000,0.000,1.000,—,—,3.00,1.000,—,0.000
trio-gatherers,naked,1,5,solo,180,200,0.000,0.000,1.000,—,—,3.00,1.000,—,0.000
trio-gatherers,naked,1,5,solo,300,200,0.000,0.000,1.000,—,—,3.00,1.000,—,0.000
trio-gatherers,naked,1,5,pack,180,200,0.000,0.000,1.000,—,—,3.00,1.000,—,0.000
trio-gatherers,naked,1,5,pack,300,200,0.000,0.000,1.000,—,—,3.00,1.000,—,0.000
trio-gatherers,naked,1,5,boss,180,200,0.000,0.000,1.000,—,—,3.00,1.000,—,0.000
trio-gatherers,naked,1,5,boss,300,200,0.000,0.000,1.000,—,—,3.00,1.000,—,0.000
trio-gatherers,naked,1,6,solo,180,200,0.000,0.000,1.000,—,—,3.00,1.000,—,0.000
trio-gatherers,naked,1,6,solo,300,200,0.000,0.000,1.000,—,—,3.00,1.000,—,0.000
trio-gatherers,naked,1,6,pack,180,200,0.000,0.000,1.000,—,—,3.00,1.000,—,0.000
trio-gatherers,naked,1,6,pack,300,200,0.000,0.000,1.000,—,—,3.00,1.000,—,0.000
trio-gatherers,naked,1,6,boss,180,200,0.000,0.000,1.000,—,—,3.00,1.000,—,0.000
trio-gatherers,naked,1,6,boss,300,200,0.000,0.000,1.000,—,—,3.00,1.000,—,0.000
trio-gatherers,naked,1,7,solo,180,200,0.000,0.000,1.000,—,—,3.00,1.000,—,0.000
trio-gatherers,naked,1,7,solo,300,200,0.000,0.000,1.000,—,—,3.00,1.000,—,0.000
trio-gatherers,naked,1,7,pack,180,200,0.000,0.000,1.000,—,—,3.00,1.000,—,0.000
trio-gatherers,naked,1,7,pack,300,200,0.000,0.000,1.000,—,—,3.00,1.000,—,0.000
trio-gatherers,naked,1,7,boss,180,200,0.000,0.000,1.000,—,—,3.00,1.000,—,0.000
trio-gatherers,naked,1,7,boss,300,200,0.000,0.000,1.000,—,—,3.00,1.000,—,0.000
trio-gatherers,naked,1,8,solo,180,200,0.000,0.000,1.000,—,—,3.00,1.000,—,0.000
trio-gatherers,naked,1,8,solo,300,200,0.000,0.000,1.000,—,—,3.00,1.000,—,0.000
trio-gatherers,naked,1,8,pack,180,200,0.000,0.000,1.000,—,—,3.00,1.000,—,0.000
trio-gatherers,naked,1,8,pack,300,200,0.000,0.000,1.000,—,—,3.00,1.000,—,0.000
trio-gatherers,naked,1,8,boss,180,200,0.000,0.000,1.000,—,—,3.00,1.000,—,0.000
trio-gatherers,naked,1,8,boss,300,200,0.000,0.000,1.000,—,—,3.00,1.000,—,0.000
trio-gatherers,naked,5,1,solo,180,200,1.000,0.000,0.000,0.973,2.4,0.00,0.027,—,1.516
trio-gatherers,naked,5,1,solo,300,200,1.000,0.000,0.000,0.972,2.4,0.00,0.028,—,1.516
trio-gatherers,naked,5,1,pack,180,200,1.000,0.000,0.000,0.801,11.0,0.00,0.199,—,1.428
trio-gatherers,naked,5,1,pack,300,200,1.000,0.000,0.000,0.798,10.9,0.00,0.202,—,1.427
trio-gatherers,naked,5,1,boss,180,200,1.000,0.000,0.000,0.588,24.8,0.79,0.412,—,1.320
trio-gatherers,naked,5,1,boss,300,200,1.000,0.000,0.000,0.577,24.6,0.81,0.423,—,1.314
trio-gatherers,naked,5,2,solo,180,200,1.000,0.000,0.000,0.895,5.5,0.00,0.105,—,1.476
trio-gatherers,naked,5,2,solo,300,200,1.000,0.000,0.000,0.894,5.5,0.00,0.106,—,1.476
trio-gatherers,naked,5,2,pack,180,200,0.010,0.000,0.990,0.167,36.0,2.99,0.998,—,0.011
trio-gatherers,naked,5,2,pack,300,200,0.020,0.000,0.980,0.135,39.0,2.98,0.997,—,0.022
trio-gatherers,naked,5,2,boss,180,200,0.000,0.000,1.000,—,—,3.00,1.000,—,0.000
trio-gatherers,naked,5,2,boss,300,200,0.000,0.000,1.000,—,—,3.00,1.000,—,0.000
trio-gatherers,naked,5,3,solo,180,200,1.000,0.000,0.000,0.482,16.4,1.02,0.518,—,1.266
trio-gatherers,naked,5,3,solo,300,200,1.000,0.000,0.000,0.473,16.5,1.03,0.527,—,1.261
trio-gatherers,naked,5,3,pack,180,200,0.000,0.000,1.000,—,—,3.00,1.000,—,0.000
trio-gatherers,naked,5,3,pack,300,200,0.000,0.000,1.000,—,—,3.00,1.000,—,0.000
trio-gatherers,naked,5,3,boss,180,200,0.000,0.000,1.000,—,—,3.00,1.000,—,0.000
trio-gatherers,naked,5,3,boss,300,200,0.000,0.000,1.000,—,—,3.00,1.000,—,0.000
trio-gatherers,naked,5,4,solo,180,200,0.000,0.000,1.000,—,—,3.00,1.000,—,0.000
trio-gatherers,naked,5,4,solo,300,200,0.000,0.000,1.000,—,—,3.00,1.000,—,0.000
trio-gatherers,naked,5,4,pack,180,200,0.000,0.000,1.000,—,—,3.00,1.000,—,0.000
trio-gatherers,naked,5,4,pack,300,200,0.000,0.000,1.000,—,—,3.00,1.000,—,0.000
trio-gatherers,naked,5,4,boss,180,200,0.000,0.000,1.000,—,—,3.00,1.000,—,0.000
trio-gatherers,naked,5,4,boss,300,200,0.000,0.000,1.000,—,—,3.00,1.000,—,0.000
trio-gatherers,naked,5,5,solo,180,200,0.000,0.000,1.000,—,—,3.00,1.000,—,0.000
trio-gatherers,naked,5,5,solo,300,200,0.000,0.000,1.000,—,—,3.00,1.000,—,0.000
trio-gatherers,naked,5,5,pack,180,200,0.000,0.000,1.000,—,—,3.00,1.000,—,0.000
trio-gatherers,naked,5,5,pack,300,200,0.000,0.000,1.000,—,—,3.00,1.000,—,0.000
trio-gatherers,naked,5,5,boss,180,200,0.000,0.000,1.000,—,—,3.00,1.000,—,0.000
trio-gatherers,naked,5,5,boss,300,200,0.000,0.000,1.000,—,—,3.00,1.000,—,0.000
trio-gatherers,naked,5,6,solo,180,200,0.000,0.000,1.000,—,—,3.00,1.000,—,0.000
trio-gatherers,naked,5,6,solo,300,200,0.000,0.000,1.000,—,—,3.00,1.000,—,0.000
trio-gatherers,naked,5,6,pack,180,200,0.000,0.000,1.000,—,—,3.00,1.000,—,0.000
trio-gatherers,naked,5,6,pack,300,200,0.000,0.000,1.000,—,—,3.00,1.000,—,0.000
trio-gatherers,naked,5,6,boss,180,200,0.000,0.000,1.000,—,—,3.00,1.000,—,0.000
trio-gatherers,naked,5,6,boss,300,200,0.000,0.000,1.000,—,—,3.00,1.000,—,0.000
trio-gatherers,naked,5,7,solo,180,200,0.000,0.000,1.000,—,—,3.00,1.000,—,0.000
trio-gatherers,naked,5,7,solo,300,200,0.000,0.000,1.000,—,—,3.00,1.000,—,0.000
trio-gatherers,naked,5,7,pack,180,200,0.000,0.000,1.000,—,—,3.00,1.000,—,0.000
trio-gatherers,naked,5,7,pack,300,200,0.000,0.000,1.000,—,—,3.00,1.000,—,0.000
trio-gatherers,naked,5,7,boss,180,200,0.000,0.000,1.000,—,—,3.00,1.000,—,0.000
trio-gatherers,naked,5,7,boss,300,200,0.000,0.000,1.000,—,—,3.00,1.000,—,0.000
trio-gatherers,naked,5,8,solo,180,200,0.000,0.000,1.000,—,—,3.00,1.000,—,0.000
trio-gatherers,naked,5,8,solo,300,200,0.000,0.000,1.000,—,—,3.00,1.000,—,0.000
trio-gatherers,naked,5,8,pack,180,200,0.000,0.000,1.000,—,—,3.00,1.000,—,0.000
trio-gatherers,naked,5,8,pack,300,200,0.000,0.000,1.000,—,—,3.00,1.000,—,0.000
trio-gatherers,naked,5,8,boss,180,200,0.000,0.000,1.000,—,—,3.00,1.000,—,0.000
trio-gatherers,naked,5,8,boss,300,200,0.000,0.000,1.000,—,—,3.00,1.000,—,0.000
trio-gatherers,naked,10,1,solo,180,200,1.000,0.000,0.000,0.999,0.1,0.00,0.001,—,1.559
trio-gatherers,naked,10,1,solo,300,200,1.000,0.000,0.000,0.999,0.1,0.00,0.001,—,1.560
trio-gatherers,naked,10,1,pack,180,200,1.000,0.000,0.000,0.912,5.8,0.00,0.088,—,1.514
trio-gatherers,naked,10,1,pack,300,200,1.000,0.000,0.000,0.912,5.8,0.00,0.088,—,1.514
trio-gatherers,naked,10,1,boss,180,200,1.000,0.000,0.000,0.845,12.2,0.00,0.155,—,1.479
trio-gatherers,naked,10,1,boss,300,200,1.000,0.000,0.000,0.842,12.3,0.00,0.158,—,1.478
trio-gatherers,naked,10,2,solo,180,200,1.000,0.000,0.000,0.941,2.6,0.00,0.059,—,1.529
trio-gatherers,naked,10,2,solo,300,200,1.000,0.000,0.000,0.942,2.6,0.00,0.058,—,1.530
trio-gatherers,naked,10,2,pack,180,200,1.000,0.000,0.000,0.655,14.2,0.82,0.345,—,1.381
trio-gatherers,naked,10,2,pack,300,200,1.000,0.000,0.000,0.657,14.2,0.80,0.343,—,1.382
trio-gatherers,naked,10,2,boss,180,200,0.520,0.000,0.480,0.296,33.2,2.17,0.846,—,0.621
trio-gatherers,naked,10,2,boss,300,200,0.490,0.000,0.510,0.330,31.9,2.19,0.838,—,0.594
trio-gatherers,naked,10,3,solo,180,200,1.000,0.000,0.000,0.838,6.2,0.00,0.162,—,1.476
trio-gatherers,naked,10,3,solo,300,200,1.000,0.000,0.000,0.839,6.2,0.00,0.161,—,1.476
trio-gatherers,naked,10,3,pack,180,200,0.000,0.000,1.000,—,—,3.00,1.000,—,0.000
trio-gatherers,naked,10,3,pack,300,200,0.000,0.000,1.000,—,—,3.00,1.000,—,0.000
trio-gatherers,naked,10,3,boss,180,200,0.000,0.000,1.000,—,—,3.00,1.000,—,0.000
trio-gatherers,naked,10,3,boss,300,200,0.000,0.000,1.000,—,—,3.00,1.000,—,0.000
trio-gatherers,naked,10,4,solo,180,200,0.090,0.000,0.910,0.338,20.4,2.87,0.970,—,0.109
trio-gatherers,naked,10,4,solo,300,200,0.080,0.000,0.920,0.285,21.7,2.88,0.977,—,0.095
trio-gatherers,naked,10,4,pack,180,200,0.000,0.000,1.000,—,—,3.00,1.000,—,0.000
trio-gatherers,naked,10,4,pack,300,200,0.000,0.000,1.000,—,—,3.00,1.000,—,0.000
trio-gatherers,naked,10,4,boss,180,200,0.000,0.000,1.000,—,—,3.00,1.000,—,0.000
trio-gatherers,naked,10,4,boss,300,200,0.000,0.000,1.000,—,—,3.00,1.000,—,0.000
trio-gatherers,naked,10,5,solo,180,200,0.000,0.000,1.000,—,—,3.00,1.000,—,0.000
trio-gatherers,naked,10,5,solo,300,200,0.000,0.000,1.000,—,—,3.00,1.000,—,0.000
trio-gatherers,naked,10,5,pack,180,200,0.000,0.000,1.000,—,—,3.00,1.000,—,0.000
trio-gatherers,naked,10,5,pack,300,200,0.000,0.000,1.000,—,—,3.00,1.000,—,0.000
trio-gatherers,naked,10,5,boss,180,200,0.000,0.000,1.000,—,—,3.00,1.000,—,0.000
trio-gatherers,naked,10,5,boss,300,200,0.000,0.000,1.000,—,—,3.00,1.000,—,0.000
trio-gatherers,naked,10,6,solo,180,200,0.000,0.000,1.000,—,—,3.00,1.000,—,0.000
trio-gatherers,naked,10,6,solo,300,200,0.000,0.000,1.000,—,—,3.00,1.000,—,0.000
trio-gatherers,naked,10,6,pack,180,200,0.000,0.000,1.000,—,—,3.00,1.000,—,0.000
trio-gatherers,naked,10,6,pack,300,200,0.000,0.000,1.000,—,—,3.00,1.000,—,0.000
trio-gatherers,naked,10,6,boss,180,200,0.000,0.000,1.000,—,—,3.00,1.000,—,0.000
trio-gatherers,naked,10,6,boss,300,200,0.000,0.000,1.000,—,—,3.00,1.000,—,0.000
trio-gatherers,naked,10,7,solo,180,200,0.000,0.000,1.000,—,—,3.00,1.000,—,0.000
trio-gatherers,naked,10,7,solo,300,200,0.000,0.000,1.000,—,—,3.00,1.000,—,0.000
trio-gatherers,naked,10,7,pack,180,200,0.000,0.000,1.000,—,—,3.00,1.000,—,0.000
trio-gatherers,naked,10,7,pack,300,200,0.000,0.000,1.000,—,—,3.00,1.000,—,0.000
trio-gatherers,naked,10,7,boss,180,200,0.000,0.000,1.000,—,—,3.00,1.000,—,0.000
trio-gatherers,naked,10,7,boss,300,200,0.000,0.000,1.000,—,—,3.00,1.000,—,0.000
trio-gatherers,naked,10,8,solo,180,200,0.000,0.000,1.000,—,—,3.00,1.000,—,0.000
trio-gatherers,naked,10,8,solo,300,200,0.000,0.000,1.000,—,—,3.00,1.000,—,0.000
trio-gatherers,naked,10,8,pack,180,200,0.000,0.000,1.000,—,—,3.00,1.000,—,0.000
trio-gatherers,naked,10,8,pack,300,200,0.000,0.000,1.000,—,—,3.00,1.000,—,0.000
trio-gatherers,naked,10,8,boss,180,200,0.000,0.000,1.000,—,—,3.00,1.000,—,0.000
trio-gatherers,naked,10,8,boss,300,200,0.000,0.000,1.000,—,—,3.00,1.000,—,0.000
trio-gatherers,naked,20,1,solo,180,200,1.000,0.000,0.000,1.000,0.0,0.00,0.000,—,1.620
trio-gatherers,naked,20,1,solo,300,200,1.000,0.000,0.000,1.000,0.0,0.00,0.000,—,1.620
trio-gatherers,naked,20,1,pack,180,200,1.000,0.000,0.000,0.970,2.8,0.00,0.030,—,1.604
trio-gatherers,naked,20,1,pack,300,200,1.000,0.000,0.000,0.969,2.8,0.00,0.031,—,1.603
trio-gatherers,naked,20,1,boss,180,200,1.000,0.000,0.000,0.956,5.7,0.00,0.044,—,1.596
trio-gatherers,naked,20,1,boss,300,200,1.000,0.000,0.000,0.956,5.7,0.00,0.044,—,1.596
trio-gatherers,naked,20,2,solo,180,200,1.000,0.000,0.000,0.978,1.0,0.00,0.022,—,1.608
trio-gatherers,naked,20,2,solo,300,200,1.000,0.000,0.000,0.979,1.0,0.00,0.021,—,1.609
trio-gatherers,naked,20,2,pack,180,200,1.000,0.000,0.000,0.889,5.6,0.00,0.111,—,1.560
trio-gatherers,naked,20,2,pack,300,200,1.000,0.000,0.000,0.893,5.6,0.00,0.107,—,1.562
trio-gatherers,naked,20,2,boss,180,200,1.000,0.000,0.000,0.812,11.4,0.00,0.188,—,1.519
trio-gatherers,naked,20,2,boss,300,200,1.000,0.000,0.000,0.813,11.4,0.00,0.187,—,1.519
trio-gatherers,naked,20,3,solo,180,200,1.000,0.000,0.000,0.950,2.8,0.00,0.050,—,1.593
trio-gatherers,naked,20,3,solo,300,200,1.000,0.000,0.000,0.949,2.8,0.00,0.051,—,1.592
trio-gatherers,naked,20,3,pack,180,200,1.000,0.000,0.000,0.564,15.6,1.04,0.436,—,1.384
trio-gatherers,naked,20,3,pack,300,200,1.000,0.000,0.000,0.552,16.0,1.05,0.448,—,1.378
trio-gatherers,naked,20,3,boss,180,200,0.080,0.000,0.920,0.192,34.3,2.88,0.985,—,0.095
trio-gatherers,naked,20,3,boss,300,200,0.075,0.000,0.925,0.256,32.1,2.88,0.981,—,0.091
trio-gatherers,naked,20,4,solo,180,200,1.000,0.000,0.000,0.776,6.5,0.21,0.224,—,1.499
trio-gatherers,naked,20,4,solo,300,200,1.000,0.000,0.000,0.779,6.5,0.20,0.221,—,1.501
trio-gatherers,naked,20,4,pack,180,200,0.000,0.000,1.000,—,—,3.00,1.000,—,0.000
trio-gatherers,naked,20,4,pack,300,200,0.000,0.000,1.000,—,—,3.00,1.000,—,0.000
trio-gatherers,naked,20,4,boss,180,200,0.000,0.000,1.000,—,—,3.00,1.000,—,0.000
trio-gatherers,naked,20,4,boss,300,200,0.000,0.000,1.000,—,—,3.00,1.000,—,0.000
trio-gatherers,naked,20,5,solo,180,200,0.000,0.000,1.000,—,—,3.00,1.000,—,0.000
trio-gatherers,naked,20,5,solo,300,200,0.000,0.000,1.000,—,—,3.00,1.000,—,0.000
trio-gatherers,naked,20,5,pack,180,200,0.000,0.000,1.000,—,—,3.00,1.000,—,0.000
trio-gatherers,naked,20,5,pack,300,200,0.000,0.000,1.000,—,—,3.00,1.000,—,0.000
trio-gatherers,naked,20,5,boss,180,200,0.000,0.000,1.000,—,—,3.00,1.000,—,0.000
trio-gatherers,naked,20,5,boss,300,200,0.000,0.000,1.000,—,—,3.00,1.000,—,0.000
trio-gatherers,naked,20,6,solo,180,200,0.000,0.000,1.000,—,—,3.00,1.000,—,0.000
trio-gatherers,naked,20,6,solo,300,200,0.000,0.000,1.000,—,—,3.00,1.000,—,0.000
trio-gatherers,naked,20,6,pack,180,200,0.000,0.000,1.000,—,—,3.00,1.000,—,0.000
trio-gatherers,naked,20,6,pack,300,200,0.000,0.000,1.000,—,—,3.00,1.000,—,0.000
trio-gatherers,naked,20,6,boss,180,200,0.000,0.000,1.000,—,—,3.00,1.000,—,0.000
trio-gatherers,naked,20,6,boss,300,200,0.000,0.000,1.000,—,—,3.00,1.000,—,0.000
trio-gatherers,naked,20,7,solo,180,200,0.000,0.000,1.000,—,—,3.00,1.000,—,0.000
trio-gatherers,naked,20,7,solo,300,200,0.000,0.000,1.000,—,—,3.00,1.000,—,0.000
trio-gatherers,naked,20,7,pack,180,200,0.000,0.000,1.000,—,—,3.00,1.000,—,0.000
trio-gatherers,naked,20,7,pack,300,200,0.000,0.000,1.000,—,—,3.00,1.000,—,0.000
trio-gatherers,naked,20,7,boss,180,200,0.000,0.000,1.000,—,—,3.00,1.000,—,0.000
trio-gatherers,naked,20,7,boss,300,200,0.000,0.000,1.000,—,—,3.00,1.000,—,0.000
trio-gatherers,naked,20,8,solo,180,200,0.000,0.000,1.000,—,—,3.00,1.000,—,0.000
trio-gatherers,naked,20,8,solo,300,200,0.000,0.000,1.000,—,—,3.00,1.000,—,0.000
trio-gatherers,naked,20,8,pack,180,200,0.000,0.000,1.000,—,—,3.00,1.000,—,0.000
trio-gatherers,naked,20,8,pack,300,200,0.000,0.000,1.000,—,—,3.00,1.000,—,0.000
trio-gatherers,naked,20,8,boss,180,200,0.000,0.000,1.000,—,—,3.00,1.000,—,0.000
trio-gatherers,naked,20,8,boss,300,200,0.000,0.000,1.000,—,—,3.00,1.000,—,0.000
trio-gatherers,naked,35,1,solo,180,200,1.000,0.000,0.000,1.000,0.0,0.00,0.000,—,1.710
trio-gatherers,naked,35,1,solo,300,200,1.000,0.000,0.000,1.000,0.0,0.00,0.000,—,1.710
trio-gatherers,naked,35,1,pack,180,200,1.000,0.000,0.000,0.982,2.0,0.00,0.018,—,1.700
trio-gatherers,naked,35,1,pack,300,200,1.000,0.000,0.000,0.982,2.1,0.00,0.018,—,1.699
trio-gatherers,naked,35,1,boss,180,200,1.000,0.000,0.000,0.975,3.0,0.00,0.025,—,1.696
trio-gatherers,naked,35,1,boss,300,200,1.000,0.000,0.000,0.976,3.0,0.00,0.024,—,1.696
trio-gatherers,naked,35,2,solo,180,200,1.000,0.000,0.000,1.000,0.0,0.00,0.000,—,1.710
trio-gatherers,naked,35,2,solo,300,200,1.000,0.000,0.000,1.000,0.0,0.00,0.000,—,1.710
trio-gatherers,naked,35,2,pack,180,200,1.000,0.000,0.000,0.951,2.9,0.00,0.049,—,1.682
trio-gatherers,naked,35,2,pack,300,200,1.000,0.000,0.000,0.953,2.8,0.00,0.047,—,1.683
trio-gatherers,naked,35,2,boss,180,200,1.000,0.000,0.000,0.943,5.7,0.00,0.057,—,1.677
trio-gatherers,naked,35,2,boss,300,200,1.000,0.000,0.000,0.944,5.7,0.00,0.056,—,1.678
trio-gatherers,naked,35,3,solo,180,200,1.000,0.000,0.000,0.963,1.2,0.00,0.037,—,1.689
trio-gatherers,naked,35,3,solo,300,200,1.000,0.000,0.000,0.965,1.2,0.00,0.035,—,1.690
trio-gatherers,naked,35,3,pack,180,200,1.000,0.000,0.000,0.820,5.9,0.00,0.180,—,1.608
trio-gatherers,naked,35,3,pack,300,200,1.000,0.000,0.000,0.821,5.9,0.00,0.179,—,1.608
trio-gatherers,naked,35,3,boss,180,200,1.000,0.000,0.000,0.763,11.2,0.04,0.237,—,1.575
trio-gatherers,naked,35,3,boss,300,200,1.000,0.000,0.000,0.761,11.3,0.04,0.239,—,1.574
trio-gatherers,naked,35,4,solo,180,200,1.000,0.000,0.000,0.887,3.2,0.00,0.113,—,1.645
trio-gatherers,naked,35,4,solo,300,200,1.000,0.000,0.000,0.886,3.3,0.00,0.114,—,1.645
trio-gatherers,naked,35,4,pack,180,200,0.100,0.000,0.900,0.279,30.3,2.85,0.972,—,0.130
trio-gatherers,naked,35,4,pack,300,200,0.145,0.000,0.855,0.290,28.2,2.77,0.958,—,0.189
trio-gatherers,naked,35,4,boss,180,200,0.000,0.000,1.000,—,—,3.00,1.000,—,0.000
trio-gatherers,naked,35,4,boss,300,200,0.000,0.000,1.000,—,—,3.00,1.000,—,0.000
trio-gatherers,naked,35,5,solo,180,200,1.000,0.000,0.000,0.656,8.9,0.92,0.344,—,1.514
trio-gatherers,naked,35,5,solo,300,200,1.000,0.000,0.000,0.656,8.8,0.88,0.344,—,1.514
trio-gatherers,naked,35,5,pack,180,200,0.000,0.000,1.000,—,—,3.00,1.000,—,0.000
trio-gatherers,naked,35,5,pack,300,200,0.000,0.000,1.000,—,—,3.00,1.000,—,0.000
trio-gatherers,naked,35,5,boss,180,200,0.000,0.000,1.000,—,—,3.00,1.000,—,0.000
trio-gatherers,naked,35,5,boss,300,200,0.000,0.000,1.000,—,—,3.00,1.000,—,0.000
trio-gatherers,naked,35,6,solo,180,200,0.000,0.000,1.000,—,—,3.00,1.000,—,0.000
trio-gatherers,naked,35,6,solo,300,200,0.000,0.000,1.000,—,—,3.00,1.000,—,0.000
trio-gatherers,naked,35,6,pack,180,200,0.000,0.000,1.000,—,—,3.00,1.000,—,0.000
trio-gatherers,naked,35,6,pack,300,200,0.000,0.000,1.000,—,—,3.00,1.000,—,0.000
trio-gatherers,naked,35,6,boss,180,200,0.000,0.000,1.000,—,—,3.00,1.000,—,0.000
trio-gatherers,naked,35,6,boss,300,200,0.000,0.000,1.000,—,—,3.00,1.000,—,0.000
trio-gatherers,naked,35,7,solo,180,200,0.000,0.000,1.000,—,—,3.00,1.000,—,0.000
trio-gatherers,naked,35,7,solo,300,200,0.000,0.000,1.000,—,—,3.00,1.000,—,0.000
trio-gatherers,naked,35,7,pack,180,200,0.000,0.000,1.000,—,—,3.00,1.000,—,0.000
trio-gatherers,naked,35,7,pack,300,200,0.000,0.000,1.000,—,—,3.00,1.000,—,0.000
trio-gatherers,naked,35,7,boss,180,200,0.000,0.000,1.000,—,—,3.00,1.000,—,0.000
trio-gatherers,naked,35,7,boss,300,200,0.000,0.000,1.000,—,—,3.00,1.000,—,0.000
trio-gatherers,naked,35,8,solo,180,200,0.000,0.000,1.000,—,—,3.00,1.000,—,0.000
trio-gatherers,naked,35,8,solo,300,200,0.000,0.000,1.000,—,—,3.00,1.000,—,0.000
trio-gatherers,naked,35,8,pack,180,200,0.000,0.000,1.000,—,—,3.00,1.000,—,0.000
trio-gatherers,naked,35,8,pack,300,200,0.000,0.000,1.000,—,—,3.00,1.000,—,0.000
trio-gatherers,naked,35,8,boss,180,200,0.000,0.000,1.000,—,—,3.00,1.000,—,0.000
trio-gatherers,naked,35,8,boss,300,200,0.000,0.000,1.000,—,—,3.00,1.000,—,0.000
trio-gatherers,naked,50,1,solo,180,200,1.000,0.000,0.000,1.000,0.0,0.00,0.000,—,1.800
trio-gatherers,naked,50,1,solo,300,200,1.000,0.000,0.000,1.000,0.0,0.00,0.000,—,1.800
trio-gatherers,naked,50,1,pack,180,200,1.000,0.000,0.000,0.998,0.3,0.00,0.002,—,1.799
trio-gatherers,naked,50,1,pack,300,200,1.000,0.000,0.000,0.998,0.3,0.00,0.002,—,1.799
trio-gatherers,naked,50,1,boss,180,200,1.000,0.000,0.000,0.988,2.1,0.00,0.012,—,1.793
trio-gatherers,naked,50,1,boss,300,200,1.000,0.000,0.000,0.988,2.1,0.00,0.012,—,1.793
trio-gatherers,naked,50,2,solo,180,200,1.000,0.000,0.000,1.000,0.0,0.00,0.000,—,1.800
trio-gatherers,naked,50,2,solo,300,200,1.000,0.000,0.000,1.000,0.0,0.00,0.000,—,1.800
trio-gatherers,naked,50,2,pack,180,200,1.000,0.000,0.000,0.969,2.1,0.00,0.031,—,1.782
trio-gatherers,naked,50,2,pack,300,200,1.000,0.000,0.000,0.970,2.1,0.00,0.030,—,1.782
trio-gatherers,naked,50,2,boss,180,200,1.000,0.000,0.000,0.956,3.7,0.00,0.044,—,1.774
trio-gatherers,naked,50,2,boss,300,200,1.000,0.000,0.000,0.957,3.7,0.00,0.043,—,1.774
trio-gatherers,naked,50,3,solo,180,200,1.000,0.000,0.000,0.989,0.4,0.00,0.011,—,1.794
trio-gatherers,naked,50,3,solo,300,200,1.000,0.000,0.000,0.990,0.4,0.00,0.010,—,1.794
trio-gatherers,naked,50,3,pack,180,200,1.000,0.000,0.000,0.915,3.5,0.00,0.085,—,1.749
trio-gatherers,naked,50,3,pack,300,200,1.000,0.000,0.000,0.915,3.5,0.00,0.085,—,1.749
trio-gatherers,naked,50,3,boss,180,200,1.000,0.000,0.000,0.863,7.7,0.00,0.137,—,1.718
trio-gatherers,naked,50,3,boss,300,200,1.000,0.000,0.000,0.864,7.7,0.00,0.136,—,1.718
trio-gatherers,naked,50,4,solo,180,200,1.000,0.000,0.000,0.951,2.0,0.00,0.049,—,1.770
trio-gatherers,naked,50,4,solo,300,200,1.000,0.000,0.000,0.950,2.0,0.00,0.050,—,1.770
trio-gatherers,naked,50,4,pack,180,200,1.000,0.000,0.000,0.688,9.3,0.69,0.312,—,1.613
trio-gatherers,naked,50,4,pack,300,200,1.000,0.000,0.000,0.694,9.0,0.56,0.306,—,1.617
trio-gatherers,naked,50,4,boss,180,200,0.860,0.000,0.140,0.410,24.0,1.47,0.647,—,1.244
trio-gatherers,naked,50,4,boss,300,200,0.875,0.000,0.125,0.420,23.7,1.43,0.632,—,1.271
trio-gatherers,naked,50,5,solo,180,200,1.000,0.000,0.000,0.824,5.0,0.00,0.176,—,1.694
trio-gatherers,naked,50,5,solo,300,200,1.000,0.000,0.000,0.825,5.1,0.00,0.175,—,1.695
trio-gatherers,naked,50,5,pack,180,200,0.000,0.000,1.000,—,—,3.00,1.000,—,0.000
trio-gatherers,naked,50,5,pack,300,200,0.000,0.000,1.000,—,—,3.00,1.000,—,0.000
trio-gatherers,naked,50,5,boss,180,200,0.000,0.000,1.000,—,—,3.00,1.000,—,0.000
trio-gatherers,naked,50,5,boss,300,200,0.000,0.000,1.000,—,—,3.00,1.000,—,0.000
trio-gatherers,naked,50,6,solo,180,200,0.005,0.000,0.995,0.068,30.0,3.00,1.000,—,0.006
trio-gatherers,naked,50,6,solo,300,200,0.005,0.000,0.995,0.424,14.8,2.99,0.998,—,0.007
trio-gatherers,naked,50,6,pack,180,200,0.000,0.000,1.000,—,—,3.00,1.000,—,0.000
trio-gatherers,naked,50,6,pack,300,200,0.000,0.000,1.000,—,—,3.00,1.000,—,0.000
trio-gatherers,naked,50,6,boss,180,200,0.000,0.000,1.000,—,—,3.00,1.000,—,0.000
trio-gatherers,naked,50,6,boss,300,200,0.000,0.000,1.000,—,—,3.00,1.000,—,0.000
trio-gatherers,naked,50,7,solo,180,200,0.000,0.000,1.000,—,—,3.00,1.000,—,0.000
trio-gatherers,naked,50,7,solo,300,200,0.000,0.000,1.000,—,—,3.00,1.000,—,0.000
trio-gatherers,naked,50,7,pack,180,200,0.000,0.000,1.000,—,—,3.00,1.000,—,0.000
trio-gatherers,naked,50,7,pack,300,200,0.000,0.000,1.000,—,—,3.00,1.000,—,0.000
trio-gatherers,naked,50,7,boss,180,200,0.000,0.000,1.000,—,—,3.00,1.000,—,0.000
trio-gatherers,naked,50,7,boss,300,200,0.000,0.000,1.000,—,—,3.00,1.000,—,0.000
trio-gatherers,naked,50,8,solo,180,200,0.000,0.000,1.000,—,—,3.00,1.000,—,0.000
trio-gatherers,naked,50,8,solo,300,200,0.000,0.000,1.000,—,—,3.00,1.000,—,0.000
trio-gatherers,naked,50,8,pack,180,200,0.000,0.000,1.000,—,—,3.00,1.000,—,0.000
trio-gatherers,naked,50,8,pack,300,200,0.000,0.000,1.000,—,—,3.00,1.000,—,0.000
trio-gatherers,naked,50,8,boss,180,200,0.000,0.000,1.000,—,—,3.00,1.000,—,0.000
trio-gatherers,naked,50,8,boss,300,200,0.000,0.000,1.000,—,—,3.00,1.000,—,0.000
trio-gatherers,geared,1,1,solo,180,200,1.000,0.000,0.000,0.946,3.5,0.00,0.054,—,1.479
trio-gatherers,geared,1,1,solo,300,200,1.000,0.000,0.000,0.945,3.5,0.00,0.055,—,1.478
trio-gatherers,geared,1,1,pack,180,200,1.000,0.000,0.000,0.707,17.1,0.25,0.293,—,1.359
trio-gatherers,geared,1,1,pack,300,200,1.000,0.000,0.000,0.704,17.2,0.28,0.296,—,1.357
trio-gatherers,geared,1,1,boss,180,200,1.000,0.000,0.000,0.509,35.7,0.69,0.491,—,1.260
trio-gatherers,geared,1,1,boss,300,200,1.000,0.000,0.000,0.504,35.7,0.70,0.496,—,1.257
trio-gatherers,geared,1,2,solo,180,200,1.000,0.000,0.000,0.847,7.8,0.00,0.153,—,1.429
trio-gatherers,geared,1,2,solo,300,200,1.000,0.000,0.000,0.846,7.8,0.00,0.154,—,1.428
trio-gatherers,geared,1,2,pack,180,200,0.000,0.000,1.000,—,—,3.00,1.000,—,0.000
trio-gatherers,geared,1,2,pack,300,200,0.000,0.000,1.000,—,—,3.00,1.000,—,0.000
trio-gatherers,geared,1,2,boss,180,200,0.000,0.000,1.000,—,—,3.00,1.000,—,0.000
trio-gatherers,geared,1,2,boss,300,200,0.000,0.000,1.000,—,—,3.00,1.000,—,0.000
trio-gatherers,geared,1,3,solo,180,200,0.960,0.000,0.040,0.411,21.0,0.88,0.605,—,1.162
trio-gatherers,geared,1,3,solo,300,200,0.915,0.000,0.085,0.410,21.0,0.99,0.624,—,1.107
trio-gatherers,geared,1,3,pack,180,200,0.000,0.000,1.000,—,—,3.00,1.000,—,0.000
trio-gatherers,geared,1,3,pack,300,200,0.000,0.000,1.000,—,—,3.00,1.000,—,0.000
trio-gatherers,geared,1,3,boss,180,200,0.000,0.000,1.000,—,—,3.00,1.000,—,0.000
trio-gatherers,geared,1,3,boss,300,200,0.000,0.000,1.000,—,—,3.00,1.000,—,0.000
trio-gatherers,geared,1,4,solo,180,200,0.000,0.000,1.000,—,—,3.00,1.000,—,0.000
trio-gatherers,geared,1,4,solo,300,200,0.000,0.000,1.000,—,—,3.00,1.000,—,0.000
trio-gatherers,geared,1,4,pack,180,200,0.000,0.000,1.000,—,—,3.00,1.000,—,0.000
trio-gatherers,geared,1,4,pack,300,200,0.000,0.000,1.000,—,—,3.00,1.000,—,0.000
trio-gatherers,geared,1,4,boss,180,200,0.000,0.000,1.000,—,—,3.00,1.000,—,0.000
trio-gatherers,geared,1,4,boss,300,200,0.000,0.000,1.000,—,—,3.00,1.000,—,0.000
trio-gatherers,geared,1,5,solo,180,200,0.000,0.000,1.000,—,—,3.00,1.000,—,0.000
trio-gatherers,geared,1,5,solo,300,200,0.000,0.000,1.000,—,—,3.00,1.000,—,0.000
trio-gatherers,geared,1,5,pack,180,200,0.000,0.000,1.000,—,—,3.00,1.000,—,0.000
trio-gatherers,geared,1,5,pack,300,200,0.000,0.000,1.000,—,—,3.00,1.000,—,0.000
trio-gatherers,geared,1,5,boss,180,200,0.000,0.000,1.000,—,—,3.00,1.000,—,0.000
trio-gatherers,geared,1,5,boss,300,200,0.000,0.000,1.000,—,—,3.00,1.000,—,0.000
trio-gatherers,geared,1,6,solo,180,200,0.000,0.000,1.000,—,—,3.00,1.000,—,0.000
trio-gatherers,geared,1,6,solo,300,200,0.000,0.000,1.000,—,—,3.00,1.000,—,0.000
trio-gatherers,geared,1,6,pack,180,200,0.000,0.000,1.000,—,—,3.00,1.000,—,0.000
trio-gatherers,geared,1,6,pack,300,200,0.000,0.000,1.000,—,—,3.00,1.000,—,0.000
trio-gatherers,geared,1,6,boss,180,200,0.000,0.000,1.000,—,—,3.00,1.000,—,0.000
trio-gatherers,geared,1,6,boss,300,200,0.000,0.000,1.000,—,—,3.00,1.000,—,0.000
trio-gatherers,geared,1,7,solo,180,200,0.000,0.000,1.000,—,—,3.00,1.000,—,0.000
trio-gatherers,geared,1,7,solo,300,200,0.000,0.000,1.000,—,—,3.00,1.000,—,0.000
trio-gatherers,geared,1,7,pack,180,200,0.000,0.000,1.000,—,—,3.00,1.000,—,0.000
trio-gatherers,geared,1,7,pack,300,200,0.000,0.000,1.000,—,—,3.00,1.000,—,0.000
trio-gatherers,geared,1,7,boss,180,200,0.000,0.000,1.000,—,—,3.00,1.000,—,0.000
trio-gatherers,geared,1,7,boss,300,200,0.000,0.000,1.000,—,—,3.00,1.000,—,0.000
trio-gatherers,geared,1,8,solo,180,200,0.000,0.000,1.000,—,—,3.00,1.000,—,0.000
trio-gatherers,geared,1,8,solo,300,200,0.000,0.000,1.000,—,—,3.00,1.000,—,0.000
trio-gatherers,geared,1,8,pack,180,200,0.000,0.000,1.000,—,—,3.00,1.000,—,0.000
trio-gatherers,geared,1,8,pack,300,200,0.000,0.000,1.000,—,—,3.00,1.000,—,0.000
trio-gatherers,geared,1,8,boss,180,200,0.000,0.000,1.000,—,—,3.00,1.000,—,0.000
trio-gatherers,geared,1,8,boss,300,200,0.000,0.000,1.000,—,—,3.00,1.000,—,0.000
trio-gatherers,geared,5,1,solo,180,200,1.000,0.000,0.000,0.998,0.2,0.00,0.002,—,1.529
trio-gatherers,geared,5,1,solo,300,200,1.000,0.000,0.000,0.998,0.2,0.00,0.002,—,1.529
trio-gatherers,geared,5,1,pack,180,200,1.000,0.000,0.000,0.904,7.2,0.00,0.096,—,1.481
trio-gatherers,geared,5,1,pack,300,200,1.000,0.000,0.000,0.902,7.3,0.00,0.098,—,1.480
trio-gatherers,geared,5,1,boss,180,200,1.000,0.000,0.000,0.832,15.9,0.00,0.168,—,1.444
trio-gatherers,geared,5,1,boss,300,200,1.000,0.000,0.000,0.831,15.7,0.00,0.169,—,1.444
trio-gatherers,geared,5,2,solo,180,200,1.000,0.000,0.000,0.941,3.8,0.00,0.059,—,1.500
trio-gatherers,geared,5,2,solo,300,200,1.000,0.000,0.000,0.940,3.8,0.00,0.060,—,1.499
trio-gatherers,geared,5,2,pack,180,200,1.000,0.000,0.000,0.540,21.3,0.98,0.460,—,1.295
trio-gatherers,geared,5,2,pack,300,200,1.000,0.000,0.000,0.550,20.8,0.96,0.450,—,1.301
trio-gatherers,geared,5,2,boss,180,200,0.295,0.000,0.705,0.257,41.2,2.54,0.924,—,0.340
trio-gatherers,geared,5,2,boss,300,200,0.330,0.000,0.670,0.194,43.9,2.55,0.936,—,0.369
trio-gatherers,geared,5,3,solo,180,200,1.000,0.000,0.000,0.769,8.5,0.17,0.231,—,1.412
trio-gatherers,geared,5,3,solo,300,200,1.000,0.000,0.000,0.770,8.5,0.20,0.230,—,1.413
trio-gatherers,geared,5,3,pack,180,200,0.000,0.000,1.000,—,—,3.00,1.000,—,0.000
trio-gatherers,geared,5,3,pack,300,200,0.000,0.000,1.000,—,—,3.00,1.000,—,0.000
trio-gatherers,geared,5,3,boss,180,200,0.000,0.000,1.000,—,—,3.00,1.000,—,0.000
trio-gatherers,geared,5,3,boss,300,200,0.000,0.000,1.000,—,—,3.00,1.000,—,0.000
trio-gatherers,geared,5,4,solo,180,200,0.015,0.000,0.985,0.276,24.7,2.98,0.996,—,0.017
trio-gatherers,geared,5,4,solo,300,200,0.045,0.000,0.955,0.384,23.2,2.94,0.983,—,0.055
trio-gatherers,geared,5,4,pack,180,200,0.000,0.000,1.000,—,—,3.00,1.000,—,0.000
trio-gatherers,geared,5,4,pack,300,200,0.000,0.000,1.000,—,—,3.00,1.000,—,0.000
trio-gatherers,geared,5,4,boss,180,200,0.000,0.000,1.000,—,—,3.00,1.000,—,0.000
trio-gatherers,geared,5,4,boss,300,200,0.000,0.000,1.000,—,—,3.00,1.000,—,0.000
trio-gatherers,geared,5,5,solo,180,200,0.000,0.000,1.000,—,—,3.00,1.000,—,0.000
trio-gatherers,geared,5,5,solo,300,200,0.000,0.000,1.000,—,—,3.00,1.000,—,0.000
trio-gatherers,geared,5,5,pack,180,200,0.000,0.000,1.000,—,—,3.00,1.000,—,0.000
trio-gatherers,geared,5,5,pack,300,200,0.000,0.000,1.000,—,—,3.00,1.000,—,0.000
trio-gatherers,geared,5,5,boss,180,200,0.000,0.000,1.000,—,—,3.00,1.000,—,0.000
trio-gatherers,geared,5,5,boss,300,200,0.000,0.000,1.000,—,—,3.00,1.000,—,0.000
trio-gatherers,geared,5,6,solo,180,200,0.000,0.000,1.000,—,—,3.00,1.000,—,0.000
trio-gatherers,geared,5,6,solo,300,200,0.000,0.000,1.000,—,—,3.00,1.000,—,0.000
trio-gatherers,geared,5,6,pack,180,200,0.000,0.000,1.000,—,—,3.00,1.000,—,0.000
trio-gatherers,geared,5,6,pack,300,200,0.000,0.000,1.000,—,—,3.00,1.000,—,0.000
trio-gatherers,geared,5,6,boss,180,200,0.000,0.000,1.000,—,—,3.00,1.000,—,0.000
trio-gatherers,geared,5,6,boss,300,200,0.000,0.000,1.000,—,—,3.00,1.000,—,0.000
trio-gatherers,geared,5,7,solo,180,200,0.000,0.000,1.000,—,—,3.00,1.000,—,0.000
trio-gatherers,geared,5,7,solo,300,200,0.000,0.000,1.000,—,—,3.00,1.000,—,0.000
trio-gatherers,geared,5,7,pack,180,200,0.000,0.000,1.000,—,—,3.00,1.000,—,0.000
trio-gatherers,geared,5,7,pack,300,200,0.000,0.000,1.000,—,—,3.00,1.000,—,0.000
trio-gatherers,geared,5,7,boss,180,200,0.000,0.000,1.000,—,—,3.00,1.000,—,0.000
trio-gatherers,geared,5,7,boss,300,200,0.000,0.000,1.000,—,—,3.00,1.000,—,0.000
trio-gatherers,geared,5,8,solo,180,200,0.000,0.000,1.000,—,—,3.00,1.000,—,0.000
trio-gatherers,geared,5,8,solo,300,200,0.000,0.000,1.000,—,—,3.00,1.000,—,0.000
trio-gatherers,geared,5,8,pack,180,200,0.000,0.000,1.000,—,—,3.00,1.000,—,0.000
trio-gatherers,geared,5,8,pack,300,200,0.000,0.000,1.000,—,—,3.00,1.000,—,0.000
trio-gatherers,geared,5,8,boss,180,200,0.000,0.000,1.000,—,—,3.00,1.000,—,0.000
trio-gatherers,geared,5,8,boss,300,200,0.000,0.000,1.000,—,—,3.00,1.000,—,0.000
trio-gatherers,geared,10,1,solo,180,200,1.000,0.000,0.000,1.000,0.0,0.00,0.000,—,1.560
trio-gatherers,geared,10,1,solo,300,200,1.000,0.000,0.000,1.000,0.0,0.00,0.000,—,1.560
trio-gatherers,geared,10,1,pack,180,200,1.000,0.000,0.000,0.953,4.2,0.00,0.047,—,1.536
trio-gatherers,geared,10,1,pack,300,200,1.000,0.000,0.000,0.953,4.3,0.00,0.047,—,1.535
trio-gatherers,geared,10,1,boss,180,200,1.000,0.000,0.000,0.924,8.1,0.00,0.076,—,1.521
trio-gatherers,geared,10,1,boss,300,200,1.000,0.000,0.000,0.925,8.1,0.00,0.075,—,1.521
trio-gatherers,geared,10,2,solo,180,200,1.000,0.000,0.000,0.971,1.8,0.00,0.029,—,1.545
trio-gatherers,geared,10,2,solo,300,200,1.000,0.000,0.000,0.970,1.8,0.00,0.030,—,1.544
trio-gatherers,geared,10,2,pack,180,200,1.000,0.000,0.000,0.809,8.2,0.00,0.191,—,1.461
trio-gatherers,geared,10,2,pack,300,200,1.000,0.000,0.000,0.809,8.3,0.00,0.191,—,1.460
trio-gatherers,geared,10,2,boss,180,200,1.000,0.000,0.000,0.723,17.0,0.41,0.277,—,1.416
trio-gatherers,geared,10,2,boss,300,200,1.000,0.000,0.000,0.723,17.4,0.39,0.277,—,1.416
trio-gatherers,geared,10,3,solo,180,200,1.000,0.000,0.000,0.897,4.6,0.00,0.103,—,1.506
trio-gatherers,geared,10,3,solo,300,200,1.000,0.000,0.000,0.895,4.6,0.00,0.105,—,1.506
trio-gatherers,geared,10,3,pack,180,200,0.050,0.000,0.950,0.137,40.2,2.94,0.993,—,0.056
trio-gatherers,geared,10,3,pack,300,200,0.060,0.000,0.940,0.208,36.7,2.92,0.988,—,0.069
trio-gatherers,geared,10,3,boss,180,200,0.000,0.000,1.000,—,—,3.00,1.000,—,0.000
trio-gatherers,geared,10,3,boss,300,200,0.000,0.000,1.000,—,—,3.00,1.000,—,0.000
trio-gatherers,geared,10,4,solo,180,200,1.000,0.000,0.000,0.584,12.6,0.95,0.416,—,1.344
trio-gatherers,geared,10,4,solo,300,200,1.000,0.000,0.000,0.584,12.7,0.94,0.416,—,1.344
trio-gatherers,geared,10,4,pack,180,200,0.000,0.000,1.000,—,—,3.00,1.000,—,0.000
trio-gatherers,geared,10,4,pack,300,200,0.000,0.000,1.000,—,—,3.00,1.000,—,0.000
trio-gatherers,geared,10,4,boss,180,200,0.000,0.000,1.000,—,—,3.00,1.000,—,0.000
trio-gatherers,geared,10,4,boss,300,200,0.000,0.000,1.000,—,—,3.00,1.000,—,0.000
trio-gatherers,geared,10,5,solo,180,200,0.000,0.000,1.000,—,—,3.00,1.000,—,0.000
trio-gatherers,geared,10,5,solo,300,200,0.000,0.000,1.000,—,—,3.00,1.000,—,0.000
trio-gatherers,geared,10,5,pack,180,200,0.000,0.000,1.000,—,—,3.00,1.000,—,0.000
trio-gatherers,geared,10,5,pack,300,200,0.000,0.000,1.000,—,—,3.00,1.000,—,0.000
trio-gatherers,geared,10,5,boss,180,200,0.000,0.000,1.000,—,—,3.00,1.000,—,0.000
trio-gatherers,geared,10,5,boss,300,200,0.000,0.000,1.000,—,—,3.00,1.000,—,0.000
trio-gatherers,geared,10,6,solo,180,200,0.000,0.000,1.000,—,—,3.00,1.000,—,0.000
trio-gatherers,geared,10,6,solo,300,200,0.000,0.000,1.000,—,—,3.00,1.000,—,0.000
trio-gatherers,geared,10,6,pack,180,200,0.000,0.000,1.000,—,—,3.00,1.000,—,0.000
trio-gatherers,geared,10,6,pack,300,200,0.000,0.000,1.000,—,—,3.00,1.000,—,0.000
trio-gatherers,geared,10,6,boss,180,200,0.000,0.000,1.000,—,—,3.00,1.000,—,0.000
trio-gatherers,geared,10,6,boss,300,200,0.000,0.000,1.000,—,—,3.00,1.000,—,0.000
trio-gatherers,geared,10,7,solo,180,200,0.000,0.000,1.000,—,—,3.00,1.000,—,0.000
trio-gatherers,geared,10,7,solo,300,200,0.000,0.000,1.000,—,—,3.00,1.000,—,0.000
trio-gatherers,geared,10,7,pack,180,200,0.000,0.000,1.000,—,—,3.00,1.000,—,0.000
trio-gatherers,geared,10,7,pack,300,200,0.000,0.000,1.000,—,—,3.00,1.000,—,0.000
trio-gatherers,geared,10,7,boss,180,200,0.000,0.000,1.000,—,—,3.00,1.000,—,0.000
trio-gatherers,geared,10,7,boss,300,200,0.000,0.000,1.000,—,—,3.00,1.000,—,0.000
trio-gatherers,geared,10,8,solo,180,200,0.000,0.000,1.000,—,—,3.00,1.000,—,0.000
trio-gatherers,geared,10,8,solo,300,200,0.000,0.000,1.000,—,—,3.00,1.000,—,0.000
trio-gatherers,geared,10,8,pack,180,200,0.000,0.000,1.000,—,—,3.00,1.000,—,0.000
trio-gatherers,geared,10,8,pack,300,200,0.000,0.000,1.000,—,—,3.00,1.000,—,0.000
trio-gatherers,geared,10,8,boss,180,200,0.000,0.000,1.000,—,—,3.00,1.000,—,0.000
trio-gatherers,geared,10,8,boss,300,200,0.000,0.000,1.000,—,—,3.00,1.000,—,0.000
trio-gatherers,geared,20,1,solo,180,200,1.000,0.000,0.000,1.000,0.0,0.00,0.000,—,1.620
trio-gatherers,geared,20,1,solo,300,200,1.000,0.000,0.000,1.000,0.0,0.00,0.000,—,1.620
trio-gatherers,geared,20,1,pack,180,200,1.000,0.000,0.000,0.979,2.8,0.00,0.021,—,1.609
trio-gatherers,geared,20,1,pack,300,200,1.000,0.000,0.000,0.978,2.8,0.00,0.022,—,1.608
trio-gatherers,geared,20,1,boss,180,200,1.000,0.000,0.000,0.969,4.3,0.00,0.031,—,1.603
trio-gatherers,geared,20,1,boss,300,200,1.000,0.000,0.000,0.969,4.3,0.00,0.031,—,1.603
trio-gatherers,geared,20,2,solo,180,200,1.000,0.000,0.000,1.000,0.0,0.00,0.000,—,1.620
trio-gatherers,geared,20,2,solo,300,200,1.000,0.000,0.000,1.000,0.0,0.00,0.000,—,1.620
trio-gatherers,geared,20,2,pack,180,200,1.000,0.000,0.000,0.939,4.3,0.00,0.061,—,1.587
trio-gatherers,geared,20,2,pack,300,200,1.000,0.000,0.000,0.940,4.3,0.00,0.060,—,1.587
trio-gatherers,geared,20,2,boss,180,200,1.000,0.000,0.000,0.909,8.0,0.00,0.091,—,1.571
trio-gatherers,geared,20,2,boss,300,200,1.000,0.000,0.000,0.908,7.9,0.00,0.092,—,1.570
trio-gatherers,geared,20,3,solo,180,200,1.000,0.000,0.000,0.963,1.5,0.00,0.037,—,1.600
trio-gatherers,geared,20,3,solo,300,200,1.000,0.000,0.000,0.962,1.5,0.00,0.038,—,1.600
trio-gatherers,geared,20,3,pack,180,200,1.000,0.000,0.000,0.777,7.9,0.00,0.223,—,1.500
trio-gatherers,geared,20,3,pack,300,200,1.000,0.000,0.000,0.775,7.9,0.00,0.225,—,1.498
trio-gatherers,geared,20,3,boss,180,200,1.000,0.000,0.000,0.646,17.6,0.85,0.354,—,1.429
trio-gatherers,geared,20,3,boss,300,200,1.000,0.000,0.000,0.642,17.9,0.84,0.358,—,1.427
trio-gatherers,geared,20,4,solo,180,200,1.000,0.000,0.000,0.865,4.7,0.00,0.135,—,1.547
trio-gatherers,geared,20,4,solo,300,200,1.000,0.000,0.000,0.867,4.7,0.00,0.133,—,1.548
trio-gatherers,geared,20,4,pack,180,200,0.000,0.000,1.000,—,—,3.00,1.000,—,0.000
trio-gatherers,geared,20,4,pack,300,200,0.000,0.000,1.000,—,—,3.00,1.000,—,0.000
trio-gatherers,geared,20,4,boss,180,200,0.000,0.000,1.000,—,—,3.00,1.000,—,0.000
trio-gatherers,geared,20,4,boss,300,200,0.000,0.000,1.000,—,—,3.00,1.000,—,0.000
trio-gatherers,geared,20,5,solo,180,200,0.910,0.000,0.090,0.438,16.0,1.51,0.602,—,1.198
trio-gatherers,geared,20,5,solo,300,200,0.915,0.000,0.085,0.419,16.8,1.56,0.617,—,1.195
trio-gatherers,geared,20,5,pack,180,200,0.000,0.000,1.000,—,—,3.00,1.000,—,0.000
trio-gatherers,geared,20,5,pack,300,200,0.000,0.000,1.000,—,—,3.00,1.000,—,0.000
trio-gatherers,geared,20,5,boss,180,200,0.000,0.000,1.000,—,—,3.00,1.000,—,0.000
trio-gatherers,geared,20,5,boss,300,200,0.000,0.000,1.000,—,—,3.00,1.000,—,0.000
trio-gatherers,geared,20,6,solo,180,200,0.000,0.000,1.000,—,—,3.00,1.000,—,0.000
trio-gatherers,geared,20,6,solo,300,200,0.000,0.000,1.000,—,—,3.00,1.000,—,0.000
trio-gatherers,geared,20,6,pack,180,200,0.000,0.000,1.000,—,—,3.00,1.000,—,0.000
trio-gatherers,geared,20,6,pack,300,200,0.000,0.000,1.000,—,—,3.00,1.000,—,0.000
trio-gatherers,geared,20,6,boss,180,200,0.000,0.000,1.000,—,—,3.00,1.000,—,0.000
trio-gatherers,geared,20,6,boss,300,200,0.000,0.000,1.000,—,—,3.00,1.000,—,0.000
trio-gatherers,geared,20,7,solo,180,200,0.000,0.000,1.000,—,—,3.00,1.000,—,0.000
trio-gatherers,geared,20,7,solo,300,200,0.000,0.000,1.000,—,—,3.00,1.000,—,0.000
trio-gatherers,geared,20,7,pack,180,200,0.000,0.000,1.000,—,—,3.00,1.000,—,0.000
trio-gatherers,geared,20,7,pack,300,200,0.000,0.000,1.000,—,—,3.00,1.000,—,0.000
trio-gatherers,geared,20,7,boss,180,200,0.000,0.000,1.000,—,—,3.00,1.000,—,0.000
trio-gatherers,geared,20,7,boss,300,200,0.000,0.000,1.000,—,—,3.00,1.000,—,0.000
trio-gatherers,geared,20,8,solo,180,200,0.000,0.000,1.000,—,—,3.00,1.000,—,0.000
trio-gatherers,geared,20,8,solo,300,200,0.000,0.000,1.000,—,—,3.00,1.000,—,0.000
trio-gatherers,geared,20,8,pack,180,200,0.000,0.000,1.000,—,—,3.00,1.000,—,0.000
trio-gatherers,geared,20,8,pack,300,200,0.000,0.000,1.000,—,—,3.00,1.000,—,0.000
trio-gatherers,geared,20,8,boss,180,200,0.000,0.000,1.000,—,—,3.00,1.000,—,0.000
trio-gatherers,geared,20,8,boss,300,200,0.000,0.000,1.000,—,—,3.00,1.000,—,0.000
trio-gatherers,geared,35,1,solo,180,200,1.000,0.000,0.000,1.000,0.0,0.00,0.000,—,1.710
trio-gatherers,geared,35,1,solo,300,200,1.000,0.000,0.000,1.000,0.0,0.00,0.000,—,1.710
trio-gatherers,geared,35,1,pack,180,200,1.000,0.000,0.000,0.999,0.1,0.00,0.001,—,1.710
trio-gatherers,geared,35,1,pack,300,200,1.000,0.000,0.000,0.999,0.2,0.00,0.001,—,1.709
trio-gatherers,geared,35,1,boss,180,200,1.000,0.000,0.000,0.989,2.3,0.00,0.011,—,1.704
trio-gatherers,geared,35,1,boss,300,200,1.000,0.000,0.000,0.989,2.3,0.00,0.011,—,1.704
trio-gatherers,geared,35,2,solo,180,200,1.000,0.000,0.000,1.000,0.0,0.00,0.000,—,1.710
trio-gatherers,geared,35,2,solo,300,200,1.000,0.000,0.000,1.000,0.0,0.00,0.000,—,1.710
trio-gatherers,geared,35,2,pack,180,200,1.000,0.000,0.000,0.972,2.3,0.00,0.028,—,1.694
trio-gatherers,geared,35,2,pack,300,200,1.000,0.000,0.000,0.972,2.3,0.00,0.028,—,1.694
trio-gatherers,geared,35,2,boss,180,200,1.000,0.000,0.000,0.960,4.2,0.00,0.040,—,1.687
trio-gatherers,geared,35,2,boss,300,200,1.000,0.000,0.000,0.960,4.2,0.00,0.040,—,1.687
trio-gatherers,geared,35,3,solo,180,200,1.000,0.000,0.000,0.987,0.6,0.00,0.013,—,1.702
trio-gatherers,geared,35,3,solo,300,200,1.000,0.000,0.000,0.990,0.5,0.00,0.010,—,1.704
trio-gatherers,geared,35,3,pack,180,200,1.000,0.000,0.000,0.920,4.0,0.00,0.080,—,1.664
trio-gatherers,geared,35,3,pack,300,200,1.000,0.000,0.000,0.920,3.9,0.00,0.080,—,1.665
trio-gatherers,geared,35,3,boss,180,200,1.000,0.000,0.000,0.856,8.5,0.00,0.144,—,1.628
trio-gatherers,geared,35,3,boss,300,200,1.000,0.000,0.000,0.852,8.7,0.00,0.148,—,1.625
trio-gatherers,geared,35,4,solo,180,200,1.000,0.000,0.000,0.954,2.3,0.00,0.046,—,1.684
trio-gatherers,geared,35,4,solo,300,200,1.000,0.000,0.000,0.955,2.3,0.00,0.045,—,1.684
trio-gatherers,geared,35,4,pack,180,200,1.000,0.000,0.000,0.703,9.6,0.59,0.297,—,1.540
trio-gatherers,geared,35,4,pack,300,200,1.000,0.000,0.000,0.702,9.7,0.68,0.298,—,1.540
trio-gatherers,geared,35,4,boss,180,200,0.765,0.000,0.235,0.372,26.9,1.75,0.716,—,1.034
trio-gatherers,geared,35,4,boss,300,200,0.820,0.000,0.180,0.347,28.5,1.70,0.716,—,1.097
trio-gatherers,geared,35,5,solo,180,200,1.000,0.000,0.000,0.831,5.6,0.00,0.169,—,1.614
trio-gatherers,geared,35,5,solo,300,200,1.000,0.000,0.000,0.832,5.6,0.00,0.168,—,1.614
trio-gatherers,geared,35,5,pack,180,200,0.000,0.000,1.000,—,—,3.00,1.000,—,0.000
trio-gatherers,geared,35,5,pack,300,200,0.000,0.000,1.000,—,—,3.00,1.000,—,0.000
trio-gatherers,geared,35,5,boss,180,200,0.000,0.000,1.000,—,—,3.00,1.000,—,0.000
trio-gatherers,geared,35,5,boss,300,200,0.000,0.000,1.000,—,—,3.00,1.000,—,0.000
trio-gatherers,geared,35,6,solo,180,200,0.030,0.000,0.970,0.269,24.5,2.96,0.992,—,0.039
trio-gatherers,geared,35,6,solo,300,200,0.010,0.000,0.990,0.564,14.9,2.98,0.994,—,0.015
trio-gatherers,geared,35,6,pack,180,200,0.000,0.000,1.000,—,—,3.00,1.000,—,0.000
trio-gatherers,geared,35,6,pack,300,200,0.000,0.000,1.000,—,—,3.00,1.000,—,0.000
trio-gatherers,geared,35,6,boss,180,200,0.000,0.000,1.000,—,—,3.00,1.000,—,0.000
trio-gatherers,geared,35,6,boss,300,200,0.000,0.000,1.000,—,—,3.00,1.000,—,0.000
trio-gatherers,geared,35,7,solo,180,200,0.000,0.000,1.000,—,—,3.00,1.000,—,0.000
trio-gatherers,geared,35,7,solo,300,200,0.000,0.000,1.000,—,—,3.00,1.000,—,0.000
trio-gatherers,geared,35,7,pack,180,200,0.000,0.000,1.000,—,—,3.00,1.000,—,0.000
trio-gatherers,geared,35,7,pack,300,200,0.000,0.000,1.000,—,—,3.00,1.000,—,0.000
trio-gatherers,geared,35,7,boss,180,200,0.000,0.000,1.000,—,—,3.00,1.000,—,0.000
trio-gatherers,geared,35,7,boss,300,200,0.000,0.000,1.000,—,—,3.00,1.000,—,0.000
trio-gatherers,geared,35,8,solo,180,200,0.000,0.000,1.000,—,—,3.00,1.000,—,0.000
trio-gatherers,geared,35,8,solo,300,200,0.000,0.000,1.000,—,—,3.00,1.000,—,0.000
trio-gatherers,geared,35,8,pack,180,200,0.000,0.000,1.000,—,—,3.00,1.000,—,0.000
trio-gatherers,geared,35,8,pack,300,200,0.000,0.000,1.000,—,—,3.00,1.000,—,0.000
trio-gatherers,geared,35,8,boss,180,200,0.000,0.000,1.000,—,—,3.00,1.000,—,0.000
trio-gatherers,geared,35,8,boss,300,200,0.000,0.000,1.000,—,—,3.00,1.000,—,0.000
trio-gatherers,geared,50,1,solo,180,200,1.000,0.000,0.000,1.000,0.0,0.00,0.000,—,1.800
trio-gatherers,geared,50,1,solo,300,200,1.000,0.000,0.000,1.000,0.0,0.00,0.000,—,1.800
trio-gatherers,geared,50,1,pack,180,200,1.000,0.000,0.000,1.000,0.0,0.00,0.000,—,1.800
trio-gatherers,geared,50,1,pack,300,200,1.000,0.000,0.000,1.000,0.0,0.00,0.000,—,1.800
trio-gatherers,geared,50,1,boss,180,200,1.000,0.000,0.000,0.991,1.3,0.00,0.009,—,1.795
trio-gatherers,geared,50,1,boss,300,200,1.000,0.000,0.000,0.991,1.2,0.00,0.009,—,1.795
trio-gatherers,geared,50,2,solo,180,200,1.000,0.000,0.000,1.000,0.0,0.00,0.000,—,1.800
trio-gatherers,geared,50,2,solo,300,200,1.000,0.000,0.000,1.000,0.0,0.00,0.000,—,1.800
trio-gatherers,geared,50,2,pack,180,200,1.000,0.000,0.000,0.981,1.9,0.00,0.019,—,1.788
trio-gatherers,geared,50,2,pack,300,200,1.000,0.000,0.000,0.981,1.9,0.00,0.019,—,1.789
trio-gatherers,geared,50,2,boss,180,200,1.000,0.000,0.000,0.974,2.8,0.00,0.026,—,1.785
trio-gatherers,geared,50,2,boss,300,200,1.000,0.000,0.000,0.975,2.8,0.00,0.025,—,1.785
trio-gatherers,geared,50,3,solo,180,200,1.000,0.000,0.000,1.000,0.0,0.00,0.000,—,1.800
trio-gatherers,geared,50,3,solo,300,200,1.000,0.000,0.000,1.000,0.0,0.00,0.000,—,1.800
trio-gatherers,geared,50,3,pack,180,200,1.000,0.000,0.000,0.947,2.9,0.00,0.053,—,1.768
trio-gatherers,geared,50,3,pack,300,200,1.000,0.000,0.000,0.947,2.9,0.00,0.053,—,1.768
trio-gatherers,geared,50,3,boss,180,200,1.000,0.000,0.000,0.941,5.5,0.00,0.059,—,1.765
trio-gatherers,geared,50,3,boss,300,200,1.000,0.000,0.000,0.939,5.5,0.00,0.061,—,1.763
trio-gatherers,geared,50,4,solo,180,200,1.000,0.000,0.000,0.964,1.1,0.00,0.036,—,1.779
trio-gatherers,geared,50,4,solo,300,200,1.000,0.000,0.000,0.964,1.1,0.00,0.036,—,1.778
trio-gatherers,geared,50,4,pack,180,200,1.000,0.000,0.000,0.812,5.8,0.00,0.188,—,1.687
trio-gatherers,geared,50,4,pack,300,200,1.000,0.000,0.000,0.815,5.7,0.00,0.185,—,1.689
trio-gatherers,geared,50,4,boss,180,200,1.000,0.000,0.000,0.761,11.1,0.03,0.239,—,1.656
trio-gatherers,geared,50,4,boss,300,200,1.000,0.000,0.000,0.763,11.1,0.02,0.237,—,1.658
trio-gatherers,geared,50,5,solo,180,200,1.000,0.000,0.000,0.872,3.5,0.00,0.128,—,1.723
trio-gatherers,geared,50,5,solo,300,200,1.000,0.000,0.000,0.873,3.5,0.00,0.127,—,1.724
trio-gatherers,geared,50,5,pack,180,200,0.020,0.000,0.980,0.225,40.5,2.98,0.996,—,0.027
trio-gatherers,geared,50,5,pack,300,200,0.030,0.000,0.970,0.264,36.5,2.96,0.992,—,0.041
trio-gatherers,geared,50,5,boss,180,200,0.000,0.000,1.000,—,—,3.00,1.000,—,0.000
trio-gatherers,geared,50,5,boss,300,200,0.000,0.000,1.000,—,—,3.00,1.000,—,0.000
trio-gatherers,geared,50,6,solo,180,200,1.000,0.000,0.000,0.573,11.8,0.94,0.427,—,1.544
trio-gatherers,geared,50,6,solo,300,200,1.000,0.000,0.000,0.570,11.7,0.95,0.430,—,1.542
trio-gatherers,geared,50,6,pack,180,200,0.000,0.000,1.000,—,—,3.00,1.000,—,0.000
trio-gatherers,geared,50,6,pack,300,200,0.000,0.000,1.000,—,—,3.00,1.000,—,0.000
trio-gatherers,geared,50,6,boss,180,200,0.000,0.000,1.000,—,—,3.00,1.000,—,0.000
trio-gatherers,geared,50,6,boss,300,200,0.000,0.000,1.000,—,—,3.00,1.000,—,0.000
trio-gatherers,geared,50,7,solo,180,200,0.000,0.000,1.000,—,—,3.00,1.000,—,0.000
trio-gatherers,geared,50,7,solo,300,200,0.000,0.000,1.000,—,—,3.00,1.000,—,0.000
trio-gatherers,geared,50,7,pack,180,200,0.000,0.000,1.000,—,—,3.00,1.000,—,0.000
trio-gatherers,geared,50,7,pack,300,200,0.000,0.000,1.000,—,—,3.00,1.000,—,0.000
trio-gatherers,geared,50,7,boss,180,200,0.000,0.000,1.000,—,—,3.00,1.000,—,0.000
trio-gatherers,geared,50,7,boss,300,200,0.000,0.000,1.000,—,—,3.00,1.000,—,0.000
trio-gatherers,geared,50,8,solo,180,200,0.000,0.000,1.000,—,—,3.00,1.000,—,0.000
trio-gatherers,geared,50,8,solo,300,200,0.000,0.000,1.000,—,—,3.00,1.000,—,0.000
trio-gatherers,geared,50,8,pack,180,200,0.000,0.000,1.000,—,—,3.00,1.000,—,0.000
trio-gatherers,geared,50,8,pack,300,200,0.000,0.000,1.000,—,—,3.00,1.000,—,0.000
trio-gatherers,geared,50,8,boss,180,200,0.000,0.000,1.000,—,—,3.00,1.000,—,0.000
trio-gatherers,geared,50,8,boss,300,200,0.000,0.000,1.000,—,—,3.00,1.000,—,0.000
trio-gatherers,full-build,1,1,solo,180,200,1.000,0.000,0.000,0.993,0.7,0.00,0.007,—,1.502
trio-gatherers,full-build,1,1,solo,300,200,1.000,0.000,0.000,0.992,0.8,0.00,0.008,—,1.502
trio-gatherers,full-build,1,1,pack,180,200,1.000,0.000,0.000,0.902,10.8,0.00,0.098,—,1.457
trio-gatherers,full-build,1,1,pack,300,200,1.000,0.000,0.000,0.902,10.8,0.00,0.098,—,1.457
trio-gatherers,full-build,1,1,boss,180,200,1.000,0.000,0.000,0.810,21.9,0.01,0.190,—,1.411
trio-gatherers,full-build,1,1,boss,300,200,1.000,0.000,0.000,0.818,21.6,0.01,0.182,—,1.415
trio-gatherers,full-build,1,2,solo,180,200,1.000,0.000,0.000,0.938,5.6,0.00,0.062,—,1.475
trio-gatherers,full-build,1,2,solo,300,200,1.000,0.000,0.000,0.938,5.6,0.00,0.062,—,1.475
trio-gatherers,full-build,1,2,pack,180,200,1.000,0.000,0.000,0.509,26.1,0.41,0.491,—,1.260
trio-gatherers,full-build,1,2,pack,300,200,1.000,0.000,0.000,0.520,25.4,0.35,0.480,—,1.265
trio-gatherers,full-build,1,2,boss,180,200,0.445,0.000,0.555,0.216,50.4,2.31,0.904,—,0.495
trio-gatherers,full-build,1,2,boss,300,200,0.415,0.000,0.585,0.223,49.5,2.33,0.907,—,0.463
trio-gatherers,full-build,1,3,solo,180,200,1.000,0.000,0.000,0.765,11.9,0.04,0.235,—,1.388
trio-gatherers,full-build,1,3,solo,300,200,1.000,0.000,0.000,0.760,12.1,0.06,0.240,—,1.385
trio-gatherers,full-build,1,3,pack,180,200,0.000,0.000,1.000,—,—,3.00,1.000,—,0.000
trio-gatherers,full-build,1,3,pack,300,200,0.000,0.000,1.000,—,—,3.00,1.000,—,0.000
trio-gatherers,full-build,1,3,boss,180,200,0.000,0.000,1.000,—,—,3.00,1.000,—,0.000
trio-gatherers,full-build,1,3,boss,300,200,0.000,0.000,1.000,—,—,3.00,1.000,—,0.000
trio-gatherers,full-build,1,4,solo,180,200,0.045,0.000,0.955,0.243,27.9,2.94,0.989,—,0.051
trio-gatherers,full-build,1,4,solo,300,200,0.025,0.000,0.975,0.219,29.7,2.98,0.995,—,0.028
trio-gatherers,full-build,1,4,pack,180,200,0.000,0.000,1.000,—,—,3.00,1.000,—,0.000
trio-gatherers,full-build,1,4,pack,300,200,0.000,0.000,1.000,—,—,3.00,1.000,—,0.000
trio-gatherers,full-build,1,4,boss,180,200,0.000,0.000,1.000,—,—,3.00,1.000,—,0.000
trio-gatherers,full-build,1,4,boss,300,200,0.000,0.000,1.000,—,—,3.00,1.000,—,0.000
trio-gatherers,full-build,1,5,solo,180,200,0.000,0.000,1.000,—,—,3.00,1.000,—,0.000
trio-gatherers,full-build,1,5,solo,300,200,0.000,0.000,1.000,—,—,3.00,1.000,—,0.000
trio-gatherers,full-build,1,5,pack,180,200,0.000,0.000,1.000,—,—,3.00,1.000,—,0.000
trio-gatherers,full-build,1,5,pack,300,200,0.000,0.000,1.000,—,—,3.00,1.000,—,0.000
trio-gatherers,full-build,1,5,boss,180,200,0.000,0.000,1.000,—,—,3.00,1.000,—,0.000
trio-gatherers,full-build,1,5,boss,300,200,0.000,0.000,1.000,—,—,3.00,1.000,—,0.000
trio-gatherers,full-build,1,6,solo,180,200,0.000,0.000,1.000,—,—,3.00,1.000,—,0.000
trio-gatherers,full-build,1,6,solo,300,200,0.000,0.000,1.000,—,—,3.00,1.000,—,0.000
trio-gatherers,full-build,1,6,pack,180,200,0.000,0.000,1.000,—,—,3.00,1.000,—,0.000
trio-gatherers,full-build,1,6,pack,300,200,0.000,0.000,1.000,—,—,3.00,1.000,—,0.000
trio-gatherers,full-build,1,6,boss,180,200,0.000,0.000,1.000,—,—,3.00,1.000,—,0.000
trio-gatherers,full-build,1,6,boss,300,200,0.000,0.000,1.000,—,—,3.00,1.000,—,0.000
trio-gatherers,full-build,1,7,solo,180,200,0.000,0.000,1.000,—,—,3.00,1.000,—,0.000
trio-gatherers,full-build,1,7,solo,300,200,0.000,0.000,1.000,—,—,3.00,1.000,—,0.000
trio-gatherers,full-build,1,7,pack,180,200,0.000,0.000,1.000,—,—,3.00,1.000,—,0.000
trio-gatherers,full-build,1,7,pack,300,200,0.000,0.000,1.000,—,—,3.00,1.000,—,0.000
trio-gatherers,full-build,1,7,boss,180,200,0.000,0.000,1.000,—,—,3.00,1.000,—,0.000
trio-gatherers,full-build,1,7,boss,300,200,0.000,0.000,1.000,—,—,3.00,1.000,—,0.000
trio-gatherers,full-build,1,8,solo,180,200,0.000,0.000,1.000,—,—,3.00,1.000,—,0.000
trio-gatherers,full-build,1,8,solo,300,200,0.000,0.000,1.000,—,—,3.00,1.000,—,0.000
trio-gatherers,full-build,1,8,pack,180,200,0.000,0.000,1.000,—,—,3.00,1.000,—,0.000
trio-gatherers,full-build,1,8,pack,300,200,0.000,0.000,1.000,—,—,3.00,1.000,—,0.000
trio-gatherers,full-build,1,8,boss,180,200,0.000,0.000,1.000,—,—,3.00,1.000,—,0.000
trio-gatherers,full-build,1,8,boss,300,200,0.000,0.000,1.000,—,—,3.00,1.000,—,0.000
trio-gatherers,full-build,5,1,solo,180,200,1.000,0.000,0.000,1.000,0.0,0.00,0.000,—,1.530
trio-gatherers,full-build,5,1,solo,300,200,1.000,0.000,0.000,1.000,0.0,0.00,0.000,—,1.530
trio-gatherers,full-build,5,1,pack,180,200,1.000,0.000,0.000,0.964,5.4,0.00,0.036,—,1.512
trio-gatherers,full-build,5,1,pack,300,200,1.000,0.000,0.000,0.964,5.3,0.00,0.036,—,1.512
trio-gatherers,full-build,5,1,boss,180,200,1.000,0.000,0.000,0.931,10.8,0.00,0.069,—,1.495
trio-gatherers,full-build,5,1,boss,300,200,1.000,0.000,0.000,0.928,10.6,0.00,0.072,—,1.493
trio-gatherers,full-build,5,2,solo,180,200,1.000,0.000,0.000,0.976,2.4,0.00,0.024,—,1.518
trio-gatherers,full-build,5,2,solo,300,200,1.000,0.000,0.000,0.976,2.4,0.00,0.024,—,1.518
trio-gatherers,full-build,5,2,pack,180,200,1.000,0.000,0.000,0.821,10.7,0.00,0.179,—,1.439
trio-gatherers,full-build,5,2,pack,300,200,1.000,0.000,0.000,0.824,10.7,0.00,0.176,—,1.440
trio-gatherers,full-build,5,2,boss,180,200,1.000,0.000,0.000,0.684,22.1,0.41,0.316,—,1.369
trio-gatherers,full-build,5,2,boss,300,200,1.000,0.000,0.000,0.684,22.1,0.44,0.316,—,1.369
trio-gatherers,full-build,5,3,solo,180,200,1.000,0.000,0.000,0.910,5.5,0.00,0.090,—,1.484
trio-gatherers,full-build,5,3,solo,300,200,1.000,0.000,0.000,0.911,5.5,0.00,0.089,—,1.484
trio-gatherers,full-build,5,3,pack,180,200,0.140,0.000,0.860,0.162,40.8,2.84,0.977,—,0.154
trio-gatherers,full-build,5,3,pack,300,200,0.180,0.000,0.820,0.129,42.0,2.81,0.977,—,0.195
trio-gatherers,full-build,5,3,boss,180,200,0.005,0.000,0.995,0.038,48.0,3.00,1.000,—,0.005
trio-gatherers,full-build,5,3,boss,300,200,0.000,0.000,1.000,—,—,3.00,1.000,—,0.000
trio-gatherers,full-build,5,4,solo,180,200,1.000,0.000,0.000,0.546,16.6,0.93,0.454,—,1.299
trio-gatherers,full-build,5,4,solo,300,200,1.000,0.000,0.000,0.564,16.1,0.89,0.436,—,1.307
trio-gatherers,full-build,5,4,pack,180,200,0.000,0.000,1.000,—,—,3.00,1.000,—,0.000
trio-gatherers,full-build,5,4,pack,300,200,0.000,0.000,1.000,—,—,3.00,1.000,—,0.000
trio-gatherers,full-build,5,4,boss,180,200,0.000,0.000,1.000,—,—,3.00,1.000,—,0.000
trio-gatherers,full-build,5,4,boss,300,200,0.000,0.000,1.000,—,—,3.00,1.000,—,0.000
trio-gatherers,full-build,5,5,solo,180,200,0.000,0.000,1.000,—,—,3.00,1.000,—,0.000
trio-gatherers,full-build,5,5,solo,300,200,0.000,0.000,1.000,—,—,3.00,1.000,—,0.000
trio-gatherers,full-build,5,5,pack,180,200,0.000,0.000,1.000,—,—,3.00,1.000,—,0.000
trio-gatherers,full-build,5,5,pack,300,200,0.000,0.000,1.000,—,—,3.00,1.000,—,0.000
trio-gatherers,full-build,5,5,boss,180,200,0.000,0.000,1.000,—,—,3.00,1.000,—,0.000
trio-gatherers,full-build,5,5,boss,300,200,0.000,0.000,1.000,—,—,3.00,1.000,—,0.000
trio-gatherers,full-build,5,6,solo,180,200,0.000,0.000,1.000,—,—,3.00,1.000,—,0.000
trio-gatherers,full-build,5,6,solo,300,200,0.000,0.000,1.000,—,—,3.00,1.000,—,0.000
trio-gatherers,full-build,5,6,pack,180,200,0.000,0.000,1.000,—,—,3.00,1.000,—,0.000
trio-gatherers,full-build,5,6,pack,300,200,0.000,0.000,1.000,—,—,3.00,1.000,—,0.000
trio-gatherers,full-build,5,6,boss,180,200,0.000,0.000,1.000,—,—,3.00,1.000,—,0.000
trio-gatherers,full-build,5,6,boss,300,200,0.000,0.000,1.000,—,—,3.00,1.000,—,0.000
trio-gatherers,full-build,5,7,solo,180,200,0.000,0.000,1.000,—,—,3.00,1.000,—,0.000
trio-gatherers,full-build,5,7,solo,300,200,0.000,0.000,1.000,—,—,3.00,1.000,—,0.000
trio-gatherers,full-build,5,7,pack,180,200,0.000,0.000,1.000,—,—,3.00,1.000,—,0.000
trio-gatherers,full-build,5,7,pack,300,200,0.000,0.000,1.000,—,—,3.00,1.000,—,0.000
trio-gatherers,full-build,5,7,boss,180,200,0.000,0.000,1.000,—,—,3.00,1.000,—,0.000
trio-gatherers,full-build,5,7,boss,300,200,0.000,0.000,1.000,—,—,3.00,1.000,—,0.000
trio-gatherers,full-build,5,8,solo,180,200,0.000,0.000,1.000,—,—,3.00,1.000,—,0.000
trio-gatherers,full-build,5,8,solo,300,200,0.000,0.000,1.000,—,—,3.00,1.000,—,0.000
trio-gatherers,full-build,5,8,pack,180,200,0.000,0.000,1.000,—,—,3.00,1.000,—,0.000
trio-gatherers,full-build,5,8,pack,300,200,0.000,0.000,1.000,—,—,3.00,1.000,—,0.000
trio-gatherers,full-build,5,8,boss,180,200,0.000,0.000,1.000,—,—,3.00,1.000,—,0.000
trio-gatherers,full-build,5,8,boss,300,200,0.000,0.000,1.000,—,—,3.00,1.000,—,0.000
trio-gatherers,full-build,10,1,solo,180,200,1.000,0.000,0.000,1.000,0.0,0.00,0.000,—,1.560
trio-gatherers,full-build,10,1,solo,300,200,1.000,0.000,0.000,1.000,0.0,0.00,0.000,—,1.560
trio-gatherers,full-build,10,1,pack,180,200,1.000,0.000,0.000,0.970,3.7,0.00,0.030,—,1.544
trio-gatherers,full-build,10,1,pack,300,200,1.000,0.000,0.000,0.970,3.7,0.00,0.030,—,1.544
trio-gatherers,full-build,10,1,boss,180,200,1.000,0.000,0.000,0.972,5.8,0.00,0.028,—,1.545
trio-gatherers,full-build,10,1,boss,300,200,1.000,0.000,0.000,0.973,5.9,0.00,0.027,—,1.546
trio-gatherers,full-build,10,2,solo,180,200,1.000,0.000,0.000,1.000,0.0,0.00,0.000,—,1.560
trio-gatherers,full-build,10,2,solo,300,200,1.000,0.000,0.000,1.000,0.0,0.00,0.000,—,1.560
trio-gatherers,full-build,10,2,pack,180,200,1.000,0.000,0.000,0.922,5.8,0.00,0.078,—,1.519
trio-gatherers,full-build,10,2,pack,300,200,1.000,0.000,0.000,0.922,5.8,0.00,0.078,—,1.520
trio-gatherers,full-build,10,2,boss,180,200,1.000,0.000,0.000,0.871,11.9,0.00,0.129,—,1.493
trio-gatherers,full-build,10,2,boss,300,200,1.000,0.000,0.000,0.871,12.1,0.00,0.129,—,1.493
trio-gatherers,full-build,10,3,solo,180,200,1.000,0.000,0.000,0.951,2.7,0.00,0.049,—,1.534
trio-gatherers,full-build,10,3,solo,300,200,1.000,0.000,0.000,0.948,2.7,0.00,0.052,—,1.533
trio-gatherers,full-build,10,3,pack,180,200,1.000,0.000,0.000,0.704,13.1,0.36,0.296,—,1.406
trio-gatherers,full-build,10,3,pack,300,200,1.000,0.000,0.000,0.697,13.4,0.42,0.303,—,1.403
trio-gatherers,full-build,10,3,boss,180,200,0.805,0.000,0.195,0.360,33.2,1.62,0.710,—,0.988
trio-gatherers,full-build,10,3,boss,300,200,0.815,0.000,0.185,0.357,33.0,1.61,0.709,—,0.999
trio-gatherers,full-build,10,4,solo,180,200,1.000,0.000,0.000,0.844,6.5,0.00,0.156,—,1.479
trio-gatherers,full-build,10,4,solo,300,200,1.000,0.000,0.000,0.839,6.6,0.00,0.161,—,1.476
trio-gatherers,full-build,10,4,pack,180,200,0.000,0.000,1.000,—,—,3.00,1.000,—,0.000
trio-gatherers,full-build,10,4,pack,300,200,0.000,0.000,1.000,—,—,3.00,1.000,—,0.000
trio-gatherers,full-build,10,4,boss,180,200,0.000,0.000,1.000,—,—,3.00,1.000,—,0.000
trio-gatherers,full-build,10,4,boss,300,200,0.000,0.000,1.000,—,—,3.00,1.000,—,0.000
trio-gatherers,full-build,10,5,solo,180,200,0.115,0.000,0.885,0.278,24.4,2.86,0.968,—,0.136
trio-gatherers,full-build,10,5,solo,300,200,0.085,0.000,0.915,0.279,24.8,2.90,0.976,—,0.101
trio-gatherers,full-build,10,5,pack,180,200,0.000,0.000,1.000,—,—,3.00,1.000,—,0.000
trio-gatherers,full-build,10,5,pack,300,200,0.000,0.000,1.000,—,—,3.00,1.000,—,0.000
trio-gatherers,full-build,10,5,boss,180,200,0.000,0.000,1.000,—,—,3.00,1.000,—,0.000
trio-gatherers,full-build,10,5,boss,300,200,0.000,0.000,1.000,—,—,3.00,1.000,—,0.000
trio-gatherers,full-build,10,6,solo,180,200,0.000,0.000,1.000,—,—,3.00,1.000,—,0.000
trio-gatherers,full-build,10,6,solo,300,200,0.000,0.000,1.000,—,—,3.00,1.000,—,0.000
trio-gatherers,full-build,10,6,pack,180,200,0.000,0.000,1.000,—,—,3.00,1.000,—,0.000
trio-gatherers,full-build,10,6,pack,300,200,0.000,0.000,1.000,—,—,3.00,1.000,—,0.000
trio-gatherers,full-build,10,6,boss,180,200,0.000,0.000,1.000,—,—,3.00,1.000,—,0.000
trio-gatherers,full-build,10,6,boss,300,200,0.000,0.000,1.000,—,—,3.00,1.000,—,0.000
trio-gatherers,full-build,10,7,solo,180,200,0.000,0.000,1.000,—,—,3.00,1.000,—,0.000
trio-gatherers,full-build,10,7,solo,300,200,0.000,0.000,1.000,—,—,3.00,1.000,—,0.000
trio-gatherers,full-build,10,7,pack,180,200,0.000,0.000,1.000,—,—,3.00,1.000,—,0.000
trio-gatherers,full-build,10,7,pack,300,200,0.000,0.000,1.000,—,—,3.00,1.000,—,0.000
trio-gatherers,full-build,10,7,boss,180,200,0.000,0.000,1.000,—,—,3.00,1.000,—,0.000
trio-gatherers,full-build,10,7,boss,300,200,0.000,0.000,1.000,—,—,3.00,1.000,—,0.000
trio-gatherers,full-build,10,8,solo,180,200,0.000,0.000,1.000,—,—,3.00,1.000,—,0.000
trio-gatherers,full-build,10,8,solo,300,200,0.000,0.000,1.000,—,—,3.00,1.000,—,0.000
trio-gatherers,full-build,10,8,pack,180,200,0.000,0.000,1.000,—,—,3.00,1.000,—,0.000
trio-gatherers,full-build,10,8,pack,300,200,0.000,0.000,1.000,—,—,3.00,1.000,—,0.000
trio-gatherers,full-build,10,8,boss,180,200,0.000,0.000,1.000,—,—,3.00,1.000,—,0.000
trio-gatherers,full-build,10,8,boss,300,200,0.000,0.000,1.000,—,—,3.00,1.000,—,0.000
trio-gatherers,full-build,20,1,solo,180,200,1.000,0.000,0.000,1.000,0.0,0.00,0.000,—,1.620
trio-gatherers,full-build,20,1,solo,300,200,1.000,0.000,0.000,1.000,0.0,0.00,0.000,—,1.620
trio-gatherers,full-build,20,1,pack,180,200,1.000,0.000,0.000,0.996,0.7,0.00,0.004,—,1.618
trio-gatherers,full-build,20,1,pack,300,200,1.000,0.000,0.000,0.997,0.6,0.00,0.003,—,1.618
trio-gatherers,full-build,20,1,boss,180,200,1.000,0.000,0.000,0.990,2.9,0.00,0.010,—,1.615
trio-gatherers,full-build,20,1,boss,300,200,1.000,0.000,0.000,0.991,2.9,0.00,0.009,—,1.615
trio-gatherers,full-build,20,2,solo,180,200,1.000,0.000,0.000,1.000,0.0,0.00,0.000,—,1.620
trio-gatherers,full-build,20,2,solo,300,200,1.000,0.000,0.000,1.000,0.0,0.00,0.000,—,1.620
trio-gatherers,full-build,20,2,pack,180,200,1.000,0.000,0.000,0.973,2.8,0.00,0.027,—,1.605
trio-gatherers,full-build,20,2,pack,300,200,1.000,0.000,0.000,0.973,2.8,0.00,0.027,—,1.605
trio-gatherers,full-build,20,2,boss,180,200,1.000,0.000,0.000,0.963,5.6,0.00,0.037,—,1.600
trio-gatherers,full-build,20,2,boss,300,200,1.000,0.000,0.000,0.963,5.6,0.00,0.037,—,1.600
trio-gatherers,full-build,20,3,solo,180,200,1.000,0.000,0.000,0.981,1.1,0.00,0.019,—,1.610
trio-gatherers,full-build,20,3,solo,300,200,1.000,0.000,0.000,0.981,1.0,0.00,0.019,—,1.610
trio-gatherers,full-build,20,3,pack,180,200,1.000,0.000,0.000,0.905,5.6,0.00,0.095,—,1.568
trio-gatherers,full-build,20,3,pack,300,200,1.000,0.000,0.000,0.905,5.7,0.00,0.095,—,1.569
trio-gatherers,full-build,20,3,boss,180,200,1.000,0.000,0.000,0.835,11.4,0.00,0.165,—,1.531
trio-gatherers,full-build,20,3,boss,300,200,1.000,0.000,0.000,0.835,11.5,0.00,0.165,—,1.531
trio-gatherers,full-build,20,4,solo,180,200,1.000,0.000,0.000,0.953,2.9,0.00,0.047,—,1.595
trio-gatherers,full-build,20,4,solo,300,200,1.000,0.000,0.000,0.953,2.9,0.00,0.047,—,1.595
trio-gatherers,full-build,20,4,pack,180,200,1.000,0.000,0.000,0.595,15.4,0.93,0.405,—,1.401
trio-gatherers,full-build,20,4,pack,300,200,1.000,0.000,0.000,0.593,15.6,0.95,0.407,—,1.400
trio-gatherers,full-build,20,4,boss,180,200,0.170,0.000,0.830,0.281,34.5,2.73,0.952,—,0.209
trio-gatherers,full-build,20,4,boss,300,200,0.185,0.000,0.815,0.266,34.8,2.71,0.951,—,0.226
trio-gatherers,full-build,20,5,solo,180,200,1.000,0.000,0.000,0.763,7.3,0.10,0.237,—,1.492
trio-gatherers,full-build,20,5,solo,300,200,1.000,0.000,0.000,0.762,7.3,0.10,0.238,—,1.491
trio-gatherers,full-build,20,5,pack,180,200,0.000,0.000,1.000,—,—,3.00,1.000,—,0.000
trio-gatherers,full-build,20,5,pack,300,200,0.000,0.000,1.000,—,—,3.00,1.000,—,0.000
trio-gatherers,full-build,20,5,boss,180,200,0.000,0.000,1.000,—,—,3.00,1.000,—,0.000
trio-gatherers,full-build,20,5,boss,300,200,0.000,0.000,1.000,—,—,3.00,1.000,—,0.000
trio-gatherers,full-build,20,6,solo,180,200,0.000,0.000,1.000,—,—,3.00,1.000,—,0.000
trio-gatherers,full-build,20,6,solo,300,200,0.000,0.000,1.000,—,—,3.00,1.000,—,0.000
trio-gatherers,full-build,20,6,pack,180,200,0.000,0.000,1.000,—,—,3.00,1.000,—,0.000
trio-gatherers,full-build,20,6,pack,300,200,0.000,0.000,1.000,—,—,3.00,1.000,—,0.000
trio-gatherers,full-build,20,6,boss,180,200,0.000,0.000,1.000,—,—,3.00,1.000,—,0.000
trio-gatherers,full-build,20,6,boss,300,200,0.000,0.000,1.000,—,—,3.00,1.000,—,0.000
trio-gatherers,full-build,20,7,solo,180,200,0.000,0.000,1.000,—,—,3.00,1.000,—,0.000
trio-gatherers,full-build,20,7,solo,300,200,0.000,0.000,1.000,—,—,3.00,1.000,—,0.000
trio-gatherers,full-build,20,7,pack,180,200,0.000,0.000,1.000,—,—,3.00,1.000,—,0.000
trio-gatherers,full-build,20,7,pack,300,200,0.000,0.000,1.000,—,—,3.00,1.000,—,0.000
trio-gatherers,full-build,20,7,boss,180,200,0.000,0.000,1.000,—,—,3.00,1.000,—,0.000
trio-gatherers,full-build,20,7,boss,300,200,0.000,0.000,1.000,—,—,3.00,1.000,—,0.000
trio-gatherers,full-build,20,8,solo,180,200,0.000,0.000,1.000,—,—,3.00,1.000,—,0.000
trio-gatherers,full-build,20,8,solo,300,200,0.000,0.000,1.000,—,—,3.00,1.000,—,0.000
trio-gatherers,full-build,20,8,pack,180,200,0.000,0.000,1.000,—,—,3.00,1.000,—,0.000
trio-gatherers,full-build,20,8,pack,300,200,0.000,0.000,1.000,—,—,3.00,1.000,—,0.000
trio-gatherers,full-build,20,8,boss,180,200,0.000,0.000,1.000,—,—,3.00,1.000,—,0.000
trio-gatherers,full-build,20,8,boss,300,200,0.000,0.000,1.000,—,—,3.00,1.000,—,0.000
trio-gatherers,full-build,35,1,solo,180,200,1.000,0.000,0.000,1.000,0.0,0.00,0.000,—,1.710
trio-gatherers,full-build,35,1,solo,300,200,1.000,0.000,0.000,1.000,0.0,0.00,0.000,—,1.710
trio-gatherers,full-build,35,1,pack,180,200,1.000,0.000,0.000,1.000,0.0,0.00,0.000,—,1.710
trio-gatherers,full-build,35,1,pack,300,200,1.000,0.000,0.000,1.000,0.0,0.00,0.000,—,1.710
trio-gatherers,full-build,35,1,boss,180,200,1.000,0.000,0.000,0.992,1.3,0.00,0.008,—,1.706
trio-gatherers,full-build,35,1,boss,300,200,1.000,0.000,0.000,0.992,1.3,0.00,0.008,—,1.706
trio-gatherers,full-build,35,2,solo,180,200,1.000,0.000,0.000,1.000,0.0,0.00,0.000,—,1.710
trio-gatherers,full-build,35,2,solo,300,200,1.000,0.000,0.000,1.000,0.0,0.00,0.000,—,1.710
trio-gatherers,full-build,35,2,pack,180,200,1.000,0.000,0.000,0.984,2.0,0.00,0.016,—,1.701
trio-gatherers,full-build,35,2,pack,300,200,1.000,0.000,0.000,0.985,1.9,0.00,0.015,—,1.701
trio-gatherers,full-build,35,2,boss,180,200,1.000,0.000,0.000,0.979,3.0,0.00,0.021,—,1.698
trio-gatherers,full-build,35,2,boss,300,200,1.000,0.000,0.000,0.979,3.0,0.00,0.021,—,1.698
trio-gatherers,full-build,35,3,solo,180,200,1.000,0.000,0.000,1.000,0.0,0.00,0.000,—,1.710
trio-gatherers,full-build,35,3,solo,300,200,1.000,0.000,0.000,1.000,0.0,0.00,0.000,—,1.710
trio-gatherers,full-build,35,3,pack,180,200,1.000,0.000,0.000,0.958,2.9,0.00,0.042,—,1.686
trio-gatherers,full-build,35,3,pack,300,200,1.000,0.000,0.000,0.958,2.8,0.00,0.042,—,1.686
trio-gatherers,full-build,35,3,boss,180,200,1.000,0.000,0.000,0.950,5.7,0.00,0.050,—,1.681
trio-gatherers,full-build,35,3,boss,300,200,1.000,0.000,0.000,0.949,5.8,0.00,0.051,—,1.681
trio-gatherers,full-build,35,4,solo,180,200,1.000,0.000,0.000,0.969,1.2,0.00,0.031,—,1.692
trio-gatherers,full-build,35,4,solo,300,200,1.000,0.000,0.000,0.969,1.2,0.00,0.031,—,1.692
trio-gatherers,full-build,35,4,pack,180,200,1.000,0.000,0.000,0.838,6.0,0.00,0.162,—,1.618
trio-gatherers,full-build,35,4,pack,300,200,1.000,0.000,0.000,0.838,6.0,0.00,0.162,—,1.617
trio-gatherers,full-build,35,4,boss,180,200,1.000,0.000,0.000,0.780,11.8,0.05,0.220,—,1.584
trio-gatherers,full-build,35,4,boss,300,200,1.000,0.000,0.000,0.782,11.8,0.02,0.218,—,1.586
trio-gatherers,full-build,35,5,solo,180,200,1.000,0.000,0.000,0.885,3.7,0.00,0.115,—,1.644
trio-gatherers,full-build,35,5,solo,300,200,1.000,0.000,0.000,0.886,3.7,0.00,0.114,—,1.645
trio-gatherers,full-build,35,5,pack,180,200,0.060,0.000,0.940,0.198,44.7,2.94,0.988,—,0.075
trio-gatherers,full-build,35,5,pack,300,200,0.115,0.000,0.885,0.229,40.6,2.85,0.974,—,0.146
trio-gatherers,full-build,35,5,boss,180,200,0.000,0.000,1.000,—,—,3.00,1.000,—,0.000
trio-gatherers,full-build,35,5,boss,300,200,0.000,0.000,1.000,—,—,3.00,1.000,—,0.000
trio-gatherers,full-build,35,6,solo,180,200,1.000,0.000,0.000,0.598,11.8,0.94,0.402,—,1.481
trio-gatherers,full-build,35,6,solo,300,200,1.000,0.000,0.000,0.604,11.6,0.92,0.396,—,1.484
trio-gatherers,full-build,35,6,pack,180,200,0.000,0.000,1.000,—,—,3.00,1.000,—,0.000
trio-gatherers,full-build,35,6,pack,300,200,0.000,0.000,1.000,—,—,3.00,1.000,—,0.000
trio-gatherers,full-build,35,6,boss,180,200,0.000,0.000,1.000,—,—,3.00,1.000,—,0.000
trio-gatherers,full-build,35,6,boss,300,200,0.000,0.000,1.000,—,—,3.00,1.000,—,0.000
trio-gatherers,full-build,35,7,solo,180,200,0.000,0.000,1.000,—,—,3.00,1.000,—,0.000
trio-gatherers,full-build,35,7,solo,300,200,0.000,0.000,1.000,—,—,3.00,1.000,—,0.000
trio-gatherers,full-build,35,7,pack,180,200,0.000,0.000,1.000,—,—,3.00,1.000,—,0.000
trio-gatherers,full-build,35,7,pack,300,200,0.000,0.000,1.000,—,—,3.00,1.000,—,0.000
trio-gatherers,full-build,35,7,boss,180,200,0.000,0.000,1.000,—,—,3.00,1.000,—,0.000
trio-gatherers,full-build,35,7,boss,300,200,0.000,0.000,1.000,—,—,3.00,1.000,—,0.000
trio-gatherers,full-build,35,8,solo,180,200,0.000,0.000,1.000,—,—,3.00,1.000,—,0.000
trio-gatherers,full-build,35,8,solo,300,200,0.000,0.000,1.000,—,—,3.00,1.000,—,0.000
trio-gatherers,full-build,35,8,pack,180,200,0.000,0.000,1.000,—,—,3.00,1.000,—,0.000
trio-gatherers,full-build,35,8,pack,300,200,0.000,0.000,1.000,—,—,3.00,1.000,—,0.000
trio-gatherers,full-build,35,8,boss,180,200,0.000,0.000,1.000,—,—,3.00,1.000,—,0.000
trio-gatherers,full-build,35,8,boss,300,200,0.000,0.000,1.000,—,—,3.00,1.000,—,0.000
trio-gatherers,full-build,50,1,solo,180,200,1.000,0.000,0.000,1.000,0.0,0.00,0.000,—,1.800
trio-gatherers,full-build,50,1,solo,300,200,1.000,0.000,0.000,1.000,0.0,0.00,0.000,—,1.800
trio-gatherers,full-build,50,1,pack,180,200,1.000,0.000,0.000,1.000,0.0,0.00,0.000,—,1.800
trio-gatherers,full-build,50,1,pack,300,200,1.000,0.000,0.000,1.000,0.0,0.00,0.000,—,1.800
trio-gatherers,full-build,50,1,boss,180,200,1.000,0.000,0.000,0.994,1.1,0.00,0.006,—,1.796
trio-gatherers,full-build,50,1,boss,300,200,1.000,0.000,0.000,0.994,1.1,0.00,0.006,—,1.797
trio-gatherers,full-build,50,2,solo,180,200,1.000,0.000,0.000,1.000,0.0,0.00,0.000,—,1.800
trio-gatherers,full-build,50,2,solo,300,200,1.000,0.000,0.000,1.000,0.0,0.00,0.000,—,1.800
trio-gatherers,full-build,50,2,pack,180,200,1.000,0.000,0.000,0.998,0.2,0.00,0.002,—,1.799
trio-gatherers,full-build,50,2,pack,300,200,1.000,0.000,0.000,0.998,0.2,0.00,0.002,—,1.799
trio-gatherers,full-build,50,2,boss,180,200,1.000,0.000,0.000,0.989,2.1,0.00,0.011,—,1.794
trio-gatherers,full-build,50,2,boss,300,200,1.000,0.000,0.000,0.990,2.1,0.00,0.010,—,1.794
trio-gatherers,full-build,50,3,solo,180,200,1.000,0.000,0.000,1.000,0.0,0.00,0.000,—,1.800
trio-gatherers,full-build,50,3,solo,300,200,1.000,0.000,0.000,1.000,0.0,0.00,0.000,—,1.800
trio-gatherers,full-build,50,3,pack,180,200,1.000,0.000,0.000,0.973,2.1,0.00,0.027,—,1.784
trio-gatherers,full-build,50,3,pack,300,200,1.000,0.000,0.000,0.974,2.1,0.00,0.026,—,1.784
trio-gatherers,full-build,50,3,boss,180,200,1.000,0.000,0.000,0.962,3.7,0.00,0.038,—,1.777
trio-gatherers,full-build,50,3,boss,300,200,1.000,0.000,0.000,0.961,3.8,0.00,0.039,—,1.777
trio-gatherers,full-build,50,4,solo,180,200,1.000,0.000,0.000,0.987,0.6,0.00,0.013,—,1.792
trio-gatherers,full-build,50,4,solo,300,200,1.000,0.000,0.000,0.986,0.6,0.00,0.014,—,1.792
trio-gatherers,full-build,50,4,pack,180,200,1.000,0.000,0.000,0.919,3.9,0.00,0.081,—,1.751
trio-gatherers,full-build,50,4,pack,300,200,1.000,0.000,0.000,0.920,3.9,0.00,0.080,—,1.752
trio-gatherers,full-build,50,4,boss,180,200,1.000,0.000,0.000,0.874,8.0,0.00,0.126,—,1.724
trio-gatherers,full-build,50,4,boss,300,200,1.000,0.000,0.000,0.876,8.0,0.00,0.124,—,1.726
trio-gatherers,full-build,50,5,solo,180,200,1.000,0.000,0.000,0.954,2.2,0.00,0.046,—,1.773
trio-gatherers,full-build,50,5,solo,300,200,1.000,0.000,0.000,0.955,2.2,0.00,0.045,—,1.773
trio-gatherers,full-build,50,5,pack,180,200,1.000,0.000,0.000,0.725,9.3,0.32,0.275,—,1.635
trio-gatherers,full-build,50,5,pack,300,200,1.000,0.000,0.000,0.725,9.1,0.26,0.275,—,1.635
trio-gatherers,full-build,50,5,boss,180,200,0.930,0.000,0.070,0.402,29.4,1.48,0.626,—,1.340
trio-gatherers,full-build,50,5,boss,300,200,0.915,0.000,0.085,0.408,29.3,1.50,0.626,—,1.322
trio-gatherers,full-build,50,6,solo,180,200,1.000,0.000,0.000,0.799,6.1,0.00,0.201,—,1.679
trio-gatherers,full-build,50,6,solo,300,200,1.000,0.000,0.000,0.799,6.1,0.00,0.201,—,1.679
trio-gatherers,full-build,50,6,pack,180,200,0.000,0.000,1.000,—,—,3.00,1.000,—,0.000
trio-gatherers,full-build,50,6,pack,300,200,0.000,0.000,1.000,—,—,3.00,1.000,—,0.000
trio-gatherers,full-build,50,6,boss,180,200,0.000,0.000,1.000,—,—,3.00,1.000,—,0.000
trio-gatherers,full-build,50,6,boss,300,200,0.000,0.000,1.000,—,—,3.00,1.000,—,0.000
trio-gatherers,full-build,50,7,solo,180,200,0.010,0.000,0.990,0.398,21.5,2.98,0.996,—,0.014
trio-gatherers,full-build,50,7,solo,300,200,0.010,0.000,0.990,0.181,33.0,2.99,0.998,—,0.013
trio-gatherers,full-build,50,7,pack,180,200,0.000,0.000,1.000,—,—,3.00,1.000,—,0.000
trio-gatherers,full-build,50,7,pack,300,200,0.000,0.000,1.000,—,—,3.00,1.000,—,0.000
trio-gatherers,full-build,50,7,boss,180,200,0.000,0.000,1.000,—,—,3.00,1.000,—,0.000
trio-gatherers,full-build,50,7,boss,300,200,0.000,0.000,1.000,—,—,3.00,1.000,—,0.000
trio-gatherers,full-build,50,8,solo,180,200,0.000,0.000,1.000,—,—,3.00,1.000,—,0.000
trio-gatherers,full-build,50,8,solo,300,200,0.000,0.000,1.000,—,—,3.00,1.000,—,0.000
trio-gatherers,full-build,50,8,pack,180,200,0.000,0.000,1.000,—,—,3.00,1.000,—,0.000
trio-gatherers,full-build,50,8,pack,300,200,0.000,0.000,1.000,—,—,3.00,1.000,—,0.000
trio-gatherers,full-build,50,8,boss,180,200,0.000,0.000,1.000,—,—,3.00,1.000,—,0.000
trio-gatherers,full-build,50,8,boss,300,200,0.000,0.000,1.000,—,—,3.00,1.000,—,0.000
duo-tank-heal,naked,1,1,solo,180,200,1.000,0.000,0.000,0.862,8.8,0.00,0.138,1.000,1.437
duo-tank-heal,naked,1,1,solo,300,200,1.000,0.000,0.000,0.867,8.6,0.00,0.133,1.000,1.439
duo-tank-heal,naked,1,1,pack,180,200,1.000,0.000,0.000,0.997,78.4,0.00,0.003,1.000,1.505
duo-tank-heal,naked,1,1,pack,300,200,1.000,0.000,0.000,0.996,77.9,0.00,0.004,1.000,1.504
duo-tank-heal,naked,1,1,boss,180,200,0.985,0.015,0.000,0.971,150.6,0.00,0.032,1.000,1.469
duo-tank-heal,naked,1,1,boss,300,200,1.000,0.000,0.000,0.969,149.0,0.00,0.031,1.000,1.490
duo-tank-heal,naked,1,2,solo,180,200,1.000,0.000,0.000,0.960,40.3,0.00,0.040,1.000,1.486
duo-tank-heal,naked,1,2,solo,300,200,1.000,0.000,0.000,0.958,39.9,0.00,0.042,1.000,1.485
duo-tank-heal,naked,1,2,pack,180,200,0.000,0.000,1.000,—,—,2.00,1.000,0.594,0.000
duo-tank-heal,naked,1,2,pack,300,200,0.000,0.000,1.000,—,—,2.00,1.000,0.590,0.000
duo-tank-heal,naked,1,2,boss,180,200,0.000,0.000,1.000,—,—,2.00,1.000,0.634,0.000
duo-tank-heal,naked,1,2,boss,300,200,0.000,0.000,1.000,—,—,2.00,1.000,0.626,0.000
duo-tank-heal,naked,1,3,solo,180,200,0.005,0.000,0.995,0.425,81.6,2.00,0.998,0.646,0.006
duo-tank-heal,naked,1,3,solo,300,200,0.005,0.000,0.995,0.693,78.0,1.99,0.997,0.629,0.007
duo-tank-heal,naked,1,3,pack,180,200,0.000,0.000,1.000,—,—,2.00,1.000,0.510,0.000
duo-tank-heal,naked,1,3,pack,300,200,0.000,0.000,1.000,—,—,2.00,1.000,0.507,0.000
duo-tank-heal,naked,1,3,boss,180,200,0.000,0.000,1.000,—,—,2.00,1.000,0.504,0.000
duo-tank-heal,naked,1,3,boss,300,200,0.000,0.000,1.000,—,—,2.00,1.000,0.504,0.000
duo-tank-heal,naked,1,4,solo,180,200,0.000,0.000,1.000,—,—,2.00,1.000,0.542,0.000
duo-tank-heal,naked,1,4,solo,300,200,0.000,0.000,1.000,—,—,2.00,1.000,0.538,0.000
duo-tank-heal,naked,1,4,pack,180,200,0.000,0.000,1.000,—,—,2.00,1.000,0.522,0.000
duo-tank-heal,naked,1,4,pack,300,200,0.000,0.000,1.000,—,—,2.00,1.000,0.528,0.000
duo-tank-heal,naked,1,4,boss,180,200,0.000,0.000,1.000,—,—,2.00,1.000,0.533,0.000
duo-tank-heal,naked,1,4,boss,300,200,0.000,0.000,1.000,—,—,2.00,1.000,0.527,0.000
duo-tank-heal,naked,1,5,solo,180,200,0.000,0.000,1.000,—,—,2.00,1.000,0.623,0.000
duo-tank-heal,naked,1,5,solo,300,200,0.000,0.000,1.000,—,—,2.00,1.000,0.633,0.000
duo-tank-heal,naked,1,5,pack,180,200,0.000,0.000,1.000,—,—,2.00,1.000,0.630,0.000
duo-tank-heal,naked,1,5,pack,300,200,0.000,0.000,1.000,—,—,2.00,1.000,0.630,0.000
duo-tank-heal,naked,1,5,boss,180,200,0.000,0.000,1.000,—,—,2.00,1.000,0.425,0.000
duo-tank-heal,naked,1,5,boss,300,200,0.000,0.000,1.000,—,—,2.00,1.000,0.421,0.000
duo-tank-heal,naked,1,6,solo,180,200,0.000,0.000,1.000,—,—,2.00,1.000,0.505,0.000
duo-tank-heal,naked,1,6,solo,300,200,0.000,0.000,1.000,—,—,2.00,1.000,0.518,0.000
duo-tank-heal,naked,1,6,pack,180,200,0.000,0.000,1.000,—,—,2.00,1.000,0.520,0.000
duo-tank-heal,naked,1,6,pack,300,200,0.000,0.000,1.000,—,—,2.00,1.000,0.519,0.000
duo-tank-heal,naked,1,6,boss,180,200,0.000,0.000,1.000,—,—,2.00,1.000,0.502,0.000
duo-tank-heal,naked,1,6,boss,300,200,0.000,0.000,1.000,—,—,2.00,1.000,0.505,0.000
duo-tank-heal,naked,1,7,solo,180,200,0.000,0.000,1.000,—,—,2.00,1.000,0.506,0.000
duo-tank-heal,naked,1,7,solo,300,200,0.000,0.000,1.000,—,—,2.00,1.000,0.504,0.000
duo-tank-heal,naked,1,7,pack,180,200,0.000,0.000,1.000,—,—,2.00,1.000,0.500,0.000
duo-tank-heal,naked,1,7,pack,300,200,0.000,0.000,1.000,—,—,2.00,1.000,0.501,0.000
duo-tank-heal,naked,1,7,boss,180,200,0.000,0.000,1.000,—,—,2.00,1.000,0.502,0.000
duo-tank-heal,naked,1,7,boss,300,200,0.000,0.000,1.000,—,—,2.00,1.000,0.502,0.000
duo-tank-heal,naked,1,8,solo,180,200,0.000,0.000,1.000,—,—,2.00,1.000,0.505,0.000
duo-tank-heal,naked,1,8,solo,300,200,0.000,0.000,1.000,—,—,2.00,1.000,0.501,0.000
duo-tank-heal,naked,1,8,pack,180,200,0.000,0.000,1.000,—,—,2.00,1.000,0.502,0.000
duo-tank-heal,naked,1,8,pack,300,200,0.000,0.000,1.000,—,—,2.00,1.000,0.501,0.000
duo-tank-heal,naked,1,8,boss,180,200,0.000,0.000,1.000,—,—,2.00,1.000,0.502,0.000
duo-tank-heal,naked,1,8,boss,300,200,0.000,0.000,1.000,—,—,2.00,1.000,0.501,0.000
duo-tank-heal,naked,5,1,solo,180,200,1.000,0.000,0.000,0.934,4.6,0.00,0.066,1.000,1.496
duo-tank-heal,naked,5,1,solo,300,200,1.000,0.000,0.000,0.935,4.7,0.00,0.065,1.000,1.497
duo-tank-heal,naked,5,1,pack,180,200,1.000,0.000,0.000,0.992,47.4,0.00,0.008,1.000,1.526
duo-tank-heal,naked,5,1,pack,300,200,1.000,0.000,0.000,0.994,47.3,0.00,0.006,1.000,1.527
duo-tank-heal,naked,5,1,boss,180,200,1.000,0.000,0.000,0.986,92.4,0.00,0.014,1.000,1.523
duo-tank-heal,naked,5,1,boss,300,200,1.000,0.000,0.000,0.987,93.9,0.00,0.013,1.000,1.524
duo-tank-heal,naked,5,2,solo,180,200,1.000,0.000,0.000,0.938,15.0,0.00,0.062,1.000,1.498
duo-tank-heal,naked,5,2,solo,300,200,1.000,0.000,0.000,0.926,14.7,0.00,0.074,1.000,1.492
duo-tank-heal,naked,5,2,pack,180,200,0.500,0.240,0.260,0.995,90.3,0.76,0.439,0.537,0.764
duo-tank-heal,naked,5,2,pack,300,200,0.525,0.250,0.225,0.992,89.6,0.70,0.435,0.417,0.801
duo-tank-heal,naked,5,2,boss,180,200,0.555,0.445,0.000,0.991,169.6,0.00,0.123,1.000,0.846
duo-tank-heal,naked,5,2,boss,300,200,0.995,0.000,0.005,0.952,184.3,0.01,0.053,0.999,1.498
duo-tank-heal,naked,5,3,solo,180,200,1.000,0.000,0.000,0.962,51.4,0.00,0.038,1.000,1.511
duo-tank-heal,naked,5,3,solo,300,200,1.000,0.000,0.000,0.962,51.7,0.00,0.038,1.000,1.511
duo-tank-heal,naked,5,3,pack,180,200,0.000,0.000,1.000,—,—,2.00,1.000,0.576,0.000
duo-tank-heal,naked,5,3,pack,300,200,0.000,0.000,1.000,—,—,2.00,1.000,0.574,0.000
duo-tank-heal,naked,5,3,boss,180,200,0.000,0.000,1.000,—,—,2.00,1.000,0.563,0.000
duo-tank-heal,naked,5,3,boss,300,200,0.000,0.000,1.000,—,—,2.00,1.000,0.560,0.000
duo-tank-heal,naked,5,4,solo,180,200,0.000,0.000,1.000,—,—,2.00,1.000,0.640,0.000
duo-tank-heal,naked,5,4,solo,300,200,0.000,0.000,1.000,—,—,2.00,1.000,0.637,0.000
duo-tank-heal,naked,5,4,pack,180,200,0.000,0.000,1.000,—,—,2.00,1.000,0.616,0.000
duo-tank-heal,naked,5,4,pack,300,200,0.000,0.000,1.000,—,—,2.00,1.000,0.612,0.000
duo-tank-heal,naked,5,4,boss,180,200,0.000,0.000,1.000,—,—,2.00,1.000,0.599,0.000
duo-tank-heal,naked,5,4,boss,300,200,0.000,0.000,1.000,—,—,2.00,1.000,0.597,0.000
duo-tank-heal,naked,5,5,solo,180,200,0.000,0.000,1.000,—,—,2.00,1.000,0.646,0.000
duo-tank-heal,naked,5,5,solo,300,200,0.000,0.000,1.000,—,—,2.00,1.000,0.637,0.000
duo-tank-heal,naked,5,5,pack,180,200,0.000,0.000,1.000,—,—,2.00,1.000,0.636,0.000
duo-tank-heal,naked,5,5,pack,300,200,0.000,0.000,1.000,—,—,2.00,1.000,0.632,0.000
duo-tank-heal,naked,5,5,boss,180,200,0.000,0.000,1.000,—,—,2.00,1.000,0.426,0.000
duo-tank-heal,naked,5,5,boss,300,200,0.000,0.000,1.000,—,—,2.00,1.000,0.437,0.000
duo-tank-heal,naked,5,6,solo,180,200,0.000,0.000,1.000,—,—,2.00,1.000,0.523,0.000
duo-tank-heal,naked,5,6,solo,300,200,0.000,0.000,1.000,—,—,2.00,1.000,0.518,0.000
duo-tank-heal,naked,5,6,pack,180,200,0.000,0.000,1.000,—,—,2.00,1.000,0.516,0.000
duo-tank-heal,naked,5,6,pack,300,200,0.000,0.000,1.000,—,—,2.00,1.000,0.524,0.000
duo-tank-heal,naked,5,6,boss,180,200,0.000,0.000,1.000,—,—,2.00,1.000,0.523,0.000
duo-tank-heal,naked,5,6,boss,300,200,0.000,0.000,1.000,—,—,2.00,1.000,0.520,0.000
duo-tank-heal,naked,5,7,solo,180,200,0.000,0.000,1.000,—,—,2.00,1.000,0.504,0.000
duo-tank-heal,naked,5,7,solo,300,200,0.000,0.000,1.000,—,—,2.00,1.000,0.500,0.000
duo-tank-heal,naked,5,7,pack,180,200,0.000,0.000,1.000,—,—,2.00,1.000,0.506,0.000
duo-tank-heal,naked,5,7,pack,300,200,0.000,0.000,1.000,—,—,2.00,1.000,0.505,0.000
duo-tank-heal,naked,5,7,boss,180,200,0.000,0.000,1.000,—,—,2.00,1.000,0.502,0.000
duo-tank-heal,naked,5,7,boss,300,200,0.000,0.000,1.000,—,—,2.00,1.000,0.501,0.000
duo-tank-heal,naked,5,8,solo,180,200,0.000,0.000,1.000,—,—,2.00,1.000,0.502,0.000
duo-tank-heal,naked,5,8,solo,300,200,0.000,0.000,1.000,—,—,2.00,1.000,0.501,0.000
duo-tank-heal,naked,5,8,pack,180,200,0.000,0.000,1.000,—,—,2.00,1.000,0.500,0.000
duo-tank-heal,naked,5,8,pack,300,200,0.000,0.000,1.000,—,—,2.00,1.000,0.500,0.000
duo-tank-heal,naked,5,8,boss,180,200,0.000,0.000,1.000,—,—,2.00,1.000,0.505,0.000
duo-tank-heal,naked,5,8,boss,300,200,0.000,0.000,1.000,—,—,2.00,1.000,0.502,0.000
duo-tank-heal,naked,10,1,solo,180,200,1.000,0.000,0.000,0.980,1.7,0.00,0.020,1.000,1.550
duo-tank-heal,naked,10,1,solo,300,200,1.000,0.000,0.000,0.982,1.5,0.00,0.018,1.000,1.551
duo-tank-heal,naked,10,1,pack,180,200,1.000,0.000,0.000,0.911,16.7,0.00,0.089,1.000,1.514
duo-tank-heal,naked,10,1,pack,300,200,1.000,0.000,0.000,0.913,17.5,0.00,0.087,1.000,1.515
duo-tank-heal,naked,10,1,boss,180,200,1.000,0.000,0.000,0.987,45.0,0.00,0.013,1.000,1.553
duo-tank-heal,naked,10,1,boss,300,200,1.000,0.000,0.000,0.985,45.1,0.00,0.015,1.000,1.552
duo-tank-heal,naked,10,2,solo,180,200,1.000,0.000,0.000,0.918,6.2,0.00,0.082,1.000,1.517
duo-tank-heal,naked,10,2,solo,300,200,1.000,0.000,0.000,0.918,6.1,0.00,0.082,1.000,1.517
duo-tank-heal,naked,10,2,pack,180,200,1.000,0.000,0.000,0.998,62.9,0.00,0.002,1.000,1.559
duo-tank-heal,naked,10,2,pack,300,200,1.000,0.000,0.000,0.998,62.8,0.00,0.002,1.000,1.559
duo-tank-heal,naked,10,2,boss,180,200,1.000,0.000,0.000,0.971,123.0,0.00,0.029,1.000,1.545
duo-tank-heal,naked,10,2,boss,300,200,1.000,0.000,0.000,0.973,123.1,0.00,0.027,1.000,1.546
duo-tank-heal,naked,10,3,solo,180,200,1.000,0.000,0.000,0.961,28.4,0.00,0.039,1.000,1.540
duo-tank-heal,naked,10,3,solo,300,200,1.000,0.000,0.000,0.965,28.2,0.00,0.035,1.000,1.542
duo-tank-heal,naked,10,3,pack,180,200,0.000,0.000,1.000,—,—,2.00,1.000,0.585,0.000
duo-tank-heal,naked,10,3,pack,300,200,0.005,0.000,0.995,0.934,114.0,1.99,0.995,0.585,0.008
duo-tank-heal,naked,10,3,boss,180,200,0.000,0.380,0.620,—,—,1.25,0.742,0.929,0.000
duo-tank-heal,naked,10,3,boss,300,200,0.390,0.000,0.610,0.901,238.2,1.23,0.649,0.935,0.588
duo-tank-heal,naked,10,4,solo,180,200,1.000,0.000,0.000,0.971,74.5,0.00,0.029,1.000,1.545
duo-tank-heal,naked,10,4,solo,300,200,1.000,0.000,0.000,0.983,73.1,0.00,0.017,1.000,1.551
duo-tank-heal,naked,10,4,pack,180,200,0.000,0.000,1.000,—,—,2.00,1.000,0.531,0.000
duo-tank-heal,naked,10,4,pack,300,200,0.000,0.000,1.000,—,—,2.00,1.000,0.529,0.000
duo-tank-heal,naked,10,4,boss,180,200,0.000,0.000,1.000,—,—,2.00,1.000,0.520,0.000
duo-tank-heal,naked,10,4,boss,300,200,0.000,0.000,1.000,—,—,2.00,1.000,0.507,0.000
duo-tank-heal,naked,10,5,solo,180,200,0.000,0.000,1.000,—,—,2.00,1.000,0.607,0.000
duo-tank-heal,naked,10,5,solo,300,200,0.000,0.000,1.000,—,—,2.00,1.000,0.611,0.000
duo-tank-heal,naked,10,5,pack,180,200,0.000,0.000,1.000,—,—,2.00,1.000,0.575,0.000
duo-tank-heal,naked,10,5,pack,300,200,0.000,0.000,1.000,—,—,2.00,1.000,0.581,0.000
duo-tank-heal,naked,10,5,boss,180,200,0.000,0.000,1.000,—,—,2.00,1.000,0.572,0.000
duo-tank-heal,naked,10,5,boss,300,200,0.000,0.000,1.000,—,—,2.00,1.000,0.583,0.000
duo-tank-heal,naked,10,6,solo,180,200,0.000,0.000,1.000,—,—,2.00,1.000,0.668,0.000
duo-tank-heal,naked,10,6,solo,300,200,0.000,0.000,1.000,—,—,2.00,1.000,0.673,0.000
duo-tank-heal,naked,10,6,pack,180,200,0.000,0.000,1.000,—,—,2.00,1.000,0.669,0.000
duo-tank-heal,naked,10,6,pack,300,200,0.000,0.000,1.000,—,—,2.00,1.000,0.671,0.000
duo-tank-heal,naked,10,6,boss,180,200,0.000,0.000,1.000,—,—,2.00,1.000,0.456,0.000
duo-tank-heal,naked,10,6,boss,300,200,0.000,0.000,1.000,—,—,2.00,1.000,0.463,0.000
duo-tank-heal,naked,10,7,solo,180,200,0.000,0.000,1.000,—,—,2.00,1.000,0.532,0.000
duo-tank-heal,naked,10,7,solo,300,200,0.000,0.000,1.000,—,—,2.00,1.000,0.531,0.000
duo-tank-heal,naked,10,7,pack,180,200,0.000,0.000,1.000,—,—,2.00,1.000,0.526,0.000
duo-tank-heal,naked,10,7,pack,300,200,0.000,0.000,1.000,—,—,2.00,1.000,0.535,0.000
duo-tank-heal,naked,10,7,boss,180,200,0.000,0.000,1.000,—,—,2.00,1.000,0.505,0.000
duo-tank-heal,naked,10,7,boss,300,200,0.000,0.000,1.000,—,—,2.00,1.000,0.509,0.000
duo-tank-heal,naked,10,8,solo,180,200,0.000,0.000,1.000,—,—,2.00,1.000,0.502,0.000
duo-tank-heal,naked,10,8,solo,300,200,0.000,0.000,1.000,—,—,2.00,1.000,0.500,0.000
duo-tank-heal,naked,10,8,pack,180,200,0.000,0.000,1.000,—,—,2.00,1.000,0.500,0.000
duo-tank-heal,naked,10,8,pack,300,200,0.000,0.000,1.000,—,—,2.00,1.000,0.502,0.000
duo-tank-heal,naked,10,8,boss,180,200,0.000,0.000,1.000,—,—,2.00,1.000,0.502,0.000
duo-tank-heal,naked,10,8,boss,300,200,0.000,0.000,1.000,—,—,2.00,1.000,0.510,0.000
duo-tank-heal,naked,20,1,solo,180,200,1.000,0.000,0.000,1.000,0.0,0.00,0.000,—,1.620
duo-tank-heal,naked,20,1,solo,300,200,1.000,0.000,0.000,1.000,0.0,0.00,0.000,—,1.620
duo-tank-heal,naked,20,1,pack,180,200,1.000,0.000,0.000,0.934,11.8,0.00,0.066,1.000,1.585
duo-tank-heal,naked,20,1,pack,300,200,1.000,0.000,0.000,0.935,12.0,0.00,0.065,1.000,1.585
duo-tank-heal,naked,20,1,boss,180,200,1.000,0.000,0.000,0.898,17.2,0.00,0.102,1.000,1.565
duo-tank-heal,naked,20,1,boss,300,200,1.000,0.000,0.000,0.897,17.1,0.00,0.103,1.000,1.565
duo-tank-heal,naked,20,2,solo,180,200,1.000,0.000,0.000,0.959,3.4,0.00,0.041,1.000,1.598
duo-tank-heal,naked,20,2,solo,300,200,1.000,0.000,0.000,0.960,3.3,0.00,0.040,1.000,1.598
duo-tank-heal,naked,20,2,pack,180,200,1.000,0.000,0.000,0.980,29.1,0.00,0.020,1.000,1.609
duo-tank-heal,naked,20,2,pack,300,200,1.000,0.000,0.000,0.971,28.3,0.00,0.029,1.000,1.604
duo-tank-heal,naked,20,2,boss,180,200,1.000,0.000,0.000,0.989,52.9,0.00,0.011,1.000,1.614
duo-tank-heal,naked,20,2,boss,300,200,1.000,0.000,0.000,0.990,52.8,0.00,0.010,1.000,1.615
duo-tank-heal,naked,20,3,solo,180,200,1.000,0.000,0.000,0.895,7.1,0.00,0.105,1.000,1.563
duo-tank-heal,naked,20,3,solo,300,200,1.000,0.000,0.000,0.894,7.2,0.00,0.106,1.000,1.563
duo-tank-heal,naked,20,3,pack,180,200,1.000,0.000,0.000,0.996,73.2,0.00,0.004,1.000,1.618
duo-tank-heal,naked,20,3,pack,300,200,1.000,0.000,0.000,0.998,73.7,0.00,0.002,1.000,1.619
duo-tank-heal,naked,20,3,boss,180,200,1.000,0.000,0.000,0.971,142.8,0.00,0.029,1.000,1.604
duo-tank-heal,naked,20,3,boss,300,200,1.000,0.000,0.000,0.974,140.6,0.00,0.026,1.000,1.606
duo-tank-heal,naked,20,4,solo,180,200,1.000,0.000,0.000,0.962,35.7,0.00,0.038,1.000,1.600
duo-tank-heal,naked,20,4,solo,300,200,1.000,0.000,0.000,0.967,35.4,0.00,0.033,1.000,1.602
duo-tank-heal,naked,20,4,pack,180,200,0.010,0.000,0.990,1.000,144.0,1.98,0.990,0.742,0.016
duo-tank-heal,naked,20,4,pack,300,200,0.035,0.000,0.965,0.984,148.3,1.93,0.966,0.759,0.056
duo-tank-heal,naked,20,4,boss,180,200,0.000,0.005,0.995,—,—,2.00,0.997,0.914,0.000
duo-tank-heal,naked,20,4,boss,300,200,0.000,0.000,1.000,—,—,2.00,1.000,0.922,0.000
duo-tank-heal,naked,20,5,solo,180,200,1.000,0.000,0.000,0.956,97.4,0.00,0.044,1.000,1.596
duo-tank-heal,naked,20,5,solo,300,200,1.000,0.000,0.000,0.951,98.1,0.00,0.049,1.000,1.594
duo-tank-heal,naked,20,5,pack,180,200,0.000,0.000,1.000,—,—,2.00,1.000,0.650,0.000
duo-tank-heal,naked,20,5,pack,300,200,0.000,0.000,1.000,—,—,2.00,1.000,0.653,0.000
duo-tank-heal,naked,20,5,boss,180,200,0.000,0.000,1.000,—,—,2.00,1.000,0.567,0.000
duo-tank-heal,naked,20,5,boss,300,200,0.000,0.000,1.000,—,—,2.00,1.000,0.574,0.000
duo-tank-heal,naked,20,6,solo,180,200,0.000,0.000,1.000,—,—,2.00,1.000,0.779,0.000
duo-tank-heal,naked,20,6,solo,300,200,0.000,0.000,1.000,—,—,2.00,1.000,0.772,0.000
duo-tank-heal,naked,20,6,pack,180,200,0.000,0.000,1.000,—,—,2.00,1.000,0.653,0.000
duo-tank-heal,naked,20,6,pack,300,200,0.000,0.000,1.000,—,—,2.00,1.000,0.666,0.000
duo-tank-heal,naked,20,6,boss,180,200,0.000,0.000,1.000,—,—,2.00,1.000,0.616,0.000
duo-tank-heal,naked,20,6,boss,300,200,0.000,0.000,1.000,—,—,2.00,1.000,0.613,0.000
duo-tank-heal,naked,20,7,solo,180,200,0.000,0.000,1.000,—,—,2.00,1.000,0.673,0.000
duo-tank-heal,naked,20,7,solo,300,200,0.000,0.000,1.000,—,—,2.00,1.000,0.677,0.000
duo-tank-heal,naked,20,7,pack,180,200,0.000,0.000,1.000,—,—,2.00,1.000,0.672,0.000
duo-tank-heal,naked,20,7,pack,300,200,0.000,0.000,1.000,—,—,2.00,1.000,0.672,0.000
duo-tank-heal,naked,20,7,boss,180,200,0.000,0.000,1.000,—,—,2.00,1.000,0.564,0.000
duo-tank-heal,naked,20,7,boss,300,200,0.000,0.000,1.000,—,—,2.00,1.000,0.563,0.000
duo-tank-heal,naked,20,8,solo,180,200,0.000,0.000,1.000,—,—,2.00,1.000,0.549,0.000
duo-tank-heal,naked,20,8,solo,300,200,0.000,0.000,1.000,—,—,2.00,1.000,0.552,0.000
duo-tank-heal,naked,20,8,pack,180,200,0.000,0.000,1.000,—,—,2.00,1.000,0.538,0.000
duo-tank-heal,naked,20,8,pack,300,200,0.000,0.000,1.000,—,—,2.00,1.000,0.544,0.000
duo-tank-heal,naked,20,8,boss,180,200,0.000,0.000,1.000,—,—,2.00,1.000,0.524,0.000
duo-tank-heal,naked,20,8,boss,300,200,0.000,0.000,1.000,—,—,2.00,1.000,0.527,0.000
duo-tank-heal,naked,35,1,solo,180,200,1.000,0.000,0.000,1.000,0.0,0.00,0.000,—,1.710
duo-tank-heal,naked,35,1,solo,300,200,1.000,0.000,0.000,1.000,0.0,0.00,0.000,—,1.710
duo-tank-heal,naked,35,1,pack,180,200,1.000,0.000,0.000,0.986,4.1,0.00,0.014,1.000,1.702
duo-tank-heal,naked,35,1,pack,300,200,1.000,0.000,0.000,0.986,4.1,0.00,0.014,1.000,1.702
duo-tank-heal,naked,35,1,boss,180,200,1.000,0.000,0.000,0.963,12.1,0.00,0.037,1.000,1.689
duo-tank-heal,naked,35,1,boss,300,200,1.000,0.000,0.000,0.964,12.1,0.00,0.036,1.000,1.689
duo-tank-heal,naked,35,2,solo,180,200,1.000,0.000,0.000,1.000,0.0,0.00,0.000,—,1.710
duo-tank-heal,naked,35,2,solo,300,200,1.000,0.000,0.000,1.000,0.0,0.00,0.000,—,1.710
duo-tank-heal,naked,35,2,pack,180,200,1.000,0.000,0.000,0.931,12.0,0.00,0.069,1.000,1.671
duo-tank-heal,naked,35,2,pack,300,200,1.000,0.000,0.000,0.930,12.0,0.00,0.070,1.000,1.670
duo-tank-heal,naked,35,2,boss,180,200,1.000,0.000,0.000,0.891,19.2,0.00,0.109,1.000,1.648
duo-tank-heal,naked,35,2,boss,300,200,1.000,0.000,0.000,0.891,19.1,0.00,0.109,1.000,1.648
duo-tank-heal,naked,35,3,solo,180,200,1.000,0.000,0.000,0.953,4.1,0.00,0.047,1.000,1.683
duo-tank-heal,naked,35,3,solo,300,200,1.000,0.000,0.000,0.953,4.1,0.00,0.047,1.000,1.683
duo-tank-heal,naked,35,3,pack,180,200,1.000,0.000,0.000,0.989,36.3,0.00,0.011,1.000,1.704
duo-tank-heal,naked,35,3,pack,300,200,1.000,0.000,0.000,0.988,36.8,0.00,0.012,1.000,1.703
duo-tank-heal,naked,35,3,boss,180,200,1.000,0.000,0.000,0.993,74.9,0.00,0.007,1.000,1.706
duo-tank-heal,naked,35,3,boss,300,200,1.000,0.000,0.000,0.996,76.2,0.00,0.004,1.000,1.708
duo-tank-heal,naked,35,4,solo,180,200,1.000,0.000,0.000,0.868,9.1,0.00,0.132,1.000,1.635
duo-tank-heal,naked,35,4,solo,300,200,1.000,0.000,0.000,0.869,9.2,0.00,0.131,1.000,1.636
duo-tank-heal,naked,35,4,pack,180,200,1.000,0.000,0.000,0.992,92.9,0.00,0.008,1.000,1.705
duo-tank-heal,naked,35,4,pack,300,200,1.000,0.000,0.000,0.993,94.3,0.00,0.007,1.000,1.706
duo-tank-heal,naked,35,4,boss,180,200,0.490,0.510,0.000,0.998,171.1,0.00,0.132,1.000,0.837
duo-tank-heal,naked,35,4,boss,300,200,1.000,0.000,0.000,0.973,181.6,0.00,0.027,1.000,1.695
duo-tank-heal,naked,35,5,solo,180,200,1.000,0.000,0.000,0.982,50.5,0.00,0.018,1.000,1.699
duo-tank-heal,naked,35,5,solo,300,200,1.000,0.000,0.000,0.972,49.0,0.00,0.028,1.000,1.694
duo-tank-heal,naked,35,5,pack,180,200,0.015,0.145,0.840,1.000,176.0,1.68,0.850,0.929,0.026
duo-tank-heal,naked,35,5,pack,300,200,0.210,0.000,0.790,0.986,196.9,1.58,0.793,0.943,0.357
duo-tank-heal,naked,35,5,boss,180,200,0.000,0.000,1.000,—,—,2.00,1.000,0.943,0.000
duo-tank-heal,naked,35,5,boss,300,200,0.000,0.000,1.000,—,—,2.00,1.000,0.953,0.000
duo-tank-heal,naked,35,6,solo,180,200,1.000,0.000,0.000,0.943,143.5,0.00,0.057,1.000,1.678
duo-tank-heal,naked,35,6,solo,300,200,1.000,0.000,0.000,0.947,143.9,0.00,0.053,1.000,1.680
duo-tank-heal,naked,35,6,pack,180,200,0.000,0.000,1.000,—,—,2.00,1.000,0.653,0.000
duo-tank-heal,naked,35,6,pack,300,200,0.000,0.000,1.000,—,—,2.00,1.000,0.666,0.000
duo-tank-heal,naked,35,6,boss,180,200,0.000,0.000,1.000,—,—,2.00,1.000,0.648,0.000
duo-tank-heal,naked,35,6,boss,300,200,0.000,0.000,1.000,—,—,2.00,1.000,0.642,0.000
duo-tank-heal,naked,35,7,solo,180,200,0.000,0.000,1.000,—,—,2.00,1.000,0.881,0.000
duo-tank-heal,naked,35,7,solo,300,200,0.000,0.000,1.000,—,—,2.00,1.000,0.890,0.000
duo-tank-heal,naked,35,7,pack,180,200,0.000,0.000,1.000,—,—,2.00,1.000,0.738,0.000
duo-tank-heal,naked,35,7,pack,300,200,0.000,0.000,1.000,—,—,2.00,1.000,0.740,0.000
duo-tank-heal,naked,35,7,boss,180,200,0.000,0.000,1.000,—,—,2.00,1.000,0.632,0.000
duo-tank-heal,naked,35,7,boss,300,200,0.000,0.000,1.000,—,—,2.00,1.000,0.608,0.000
duo-tank-heal,naked,35,8,solo,180,200,0.000,0.000,1.000,—,—,2.00,1.000,0.677,0.000
duo-tank-heal,naked,35,8,solo,300,200,0.000,0.000,1.000,—,—,2.00,1.000,0.674,0.000
duo-tank-heal,naked,35,8,pack,180,200,0.000,0.000,1.000,—,—,2.00,1.000,0.674,0.000
duo-tank-heal,naked,35,8,pack,300,200,0.000,0.000,1.000,—,—,2.00,1.000,0.670,0.000
duo-tank-heal,naked,35,8,boss,180,200,0.000,0.000,1.000,—,—,2.00,1.000,0.643,0.000
duo-tank-heal,naked,35,8,boss,300,200,0.000,0.000,1.000,—,—,2.00,1.000,0.658,0.000
duo-tank-heal,naked,50,1,solo,180,200,1.000,0.000,0.000,1.000,0.0,0.00,0.000,—,1.800
duo-tank-heal,naked,50,1,solo,300,200,1.000,0.000,0.000,1.000,0.0,0.00,0.000,—,1.800
duo-tank-heal,naked,50,1,pack,180,200,1.000,0.000,0.000,0.991,4.1,0.00,0.009,1.000,1.795
duo-tank-heal,naked,50,1,pack,300,200,1.000,0.000,0.000,0.991,4.1,0.00,0.009,1.000,1.795
duo-tank-heal,naked,50,1,boss,180,200,1.000,0.000,0.000,0.984,8.8,0.00,0.016,1.000,1.790
duo-tank-heal,naked,50,1,boss,300,200,1.000,0.000,0.000,0.984,8.8,0.00,0.016,1.000,1.791
duo-tank-heal,naked,50,2,solo,180,200,1.000,0.000,0.000,1.000,0.0,0.00,0.000,—,1.800
duo-tank-heal,naked,50,2,solo,300,200,1.000,0.000,0.000,1.000,0.0,0.00,0.000,—,1.800
duo-tank-heal,naked,50,2,pack,180,200,1.000,0.000,0.000,0.973,7.3,0.00,0.027,1.000,1.784
duo-tank-heal,naked,50,2,pack,300,200,1.000,0.000,0.000,0.971,7.3,0.00,0.029,1.000,1.783
duo-tank-heal,naked,50,2,boss,180,200,1.000,0.000,0.000,0.944,14.3,0.00,0.056,1.000,1.766
duo-tank-heal,naked,50,2,boss,300,200,1.000,0.000,0.000,0.944,14.3,0.00,0.056,1.000,1.766
duo-tank-heal,naked,50,3,solo,180,200,1.000,0.000,0.000,0.992,1.1,0.00,0.008,1.000,1.795
duo-tank-heal,naked,50,3,solo,300,200,1.000,0.000,0.000,0.993,0.9,0.00,0.007,1.000,1.796
duo-tank-heal,naked,50,3,pack,180,200,1.000,0.000,0.000,0.909,12.8,0.00,0.091,1.000,1.745
duo-tank-heal,naked,50,3,pack,300,200,1.000,0.000,0.000,0.911,12.9,0.00,0.089,1.000,1.747
duo-tank-heal,naked,50,3,boss,180,200,1.000,0.000,0.000,0.860,27.4,0.00,0.140,1.000,1.716
duo-tank-heal,naked,50,3,boss,300,200,1.000,0.000,0.000,0.859,27.4,0.00,0.141,1.000,1.715
duo-tank-heal,naked,50,4,solo,180,200,1.000,0.000,0.000,0.951,6.0,0.00,0.049,1.000,1.771
duo-tank-heal,naked,50,4,solo,300,200,1.000,0.000,0.000,0.952,6.0,0.00,0.048,1.000,1.771
duo-tank-heal,naked,50,4,pack,180,200,1.000,0.000,0.000,0.998,61.3,0.00,0.002,1.000,1.799
duo-tank-heal,naked,50,4,pack,300,200,1.000,0.000,0.000,0.997,60.9,0.00,0.003,1.000,1.798
duo-tank-heal,naked,50,4,boss,180,200,1.000,0.000,0.000,0.985,124.4,0.00,0.015,1.000,1.791
duo-tank-heal,naked,50,4,boss,300,200,1.000,0.000,0.000,0.983,126.6,0.00,0.017,1.000,1.790
duo-tank-heal,naked,50,5,solo,180,200,1.000,0.000,0.000,0.957,21.8,0.00,0.043,1.000,1.774
duo-tank-heal,naked,50,5,solo,300,200,1.000,0.000,0.000,0.960,21.1,0.00,0.040,1.000,1.776
duo-tank-heal,naked,50,5,pack,180,200,1.000,0.000,0.000,0.978,145.1,0.00,0.022,1.000,1.787
duo-tank-heal,naked,50,5,pack,300,200,1.000,0.000,0.000,0.980,147.7,0.00,0.020,1.000,1.788
duo-tank-heal,naked,50,5,boss,180,200,0.000,0.240,0.760,—,—,1.52,0.830,1.000,0.000
duo-tank-heal,naked,50,5,boss,300,200,0.125,0.075,0.800,0.972,278.3,1.60,0.826,1.000,0.223
duo-tank-heal,naked,50,6,solo,180,200,1.000,0.000,0.000,0.982,93.2,0.00,0.018,1.000,1.789
duo-tank-heal,naked,50,6,solo,300,200,1.000,0.000,0.000,0.981,93.6,0.00,0.019,1.000,1.788
duo-tank-heal,naked,50,6,pack,180,200,0.000,0.010,0.990,—,—,1.98,0.992,0.890,0.000
duo-tank-heal,naked,50,6,pack,300,200,0.000,0.000,1.000,—,—,2.00,1.000,0.877,0.000
duo-tank-heal,naked,50,6,boss,180,200,0.000,0.000,1.000,—,—,2.00,1.000,0.903,0.000
duo-tank-heal,naked,50,6,boss,300,200,0.000,0.000,1.000,—,—,2.00,1.000,0.898,0.000
duo-tank-heal,naked,50,7,solo,180,200,0.000,1.000,0.000,—,—,0.00,0.145,1.000,0.000
duo-tank-heal,naked,50,7,solo,300,200,0.880,0.120,0.000,0.961,263.2,0.00,0.054,1.000,1.564
duo-tank-heal,naked,50,7,pack,180,200,0.000,0.000,1.000,—,—,2.00,1.000,0.699,0.000
duo-tank-heal,naked,50,7,pack,300,200,0.000,0.000,1.000,—,—,2.00,1.000,0.697,0.000
duo-tank-heal,naked,50,7,boss,180,200,0.000,0.000,1.000,—,—,2.00,1.000,0.694,0.000
duo-tank-heal,naked,50,7,boss,300,200,0.000,0.000,1.000,—,—,2.00,1.000,0.694,0.000
duo-tank-heal,naked,50,8,solo,180,200,0.000,0.000,1.000,—,—,2.00,1.000,0.797,0.000
duo-tank-heal,naked,50,8,solo,300,200,0.000,0.000,1.000,—,—,2.00,1.000,0.790,0.000
duo-tank-heal,naked,50,8,pack,180,200,0.000,0.000,1.000,—,—,2.00,1.000,0.733,0.000
duo-tank-heal,naked,50,8,pack,300,200,0.000,0.000,1.000,—,—,2.00,1.000,0.732,0.000
duo-tank-heal,naked,50,8,boss,180,200,0.000,0.000,1.000,—,—,2.00,1.000,0.738,0.000
duo-tank-heal,naked,50,8,boss,300,200,0.000,0.000,1.000,—,—,2.00,1.000,0.737,0.000
duo-tank-heal,geared,1,1,solo,180,200,1.000,0.000,0.000,0.946,5.9,0.00,0.054,1.000,1.479
duo-tank-heal,geared,1,1,solo,300,200,1.000,0.000,0.000,0.947,5.9,0.00,0.053,1.000,1.479
duo-tank-heal,geared,1,1,pack,180,200,1.000,0.000,0.000,0.987,58.0,0.00,0.013,1.000,1.499
duo-tank-heal,geared,1,1,pack,300,200,1.000,0.000,0.000,0.985,58.0,0.00,0.015,1.000,1.499
duo-tank-heal,geared,1,1,boss,180,200,1.000,0.000,0.000,0.980,106.8,0.00,0.020,1.000,1.496
duo-tank-heal,geared,1,1,boss,300,200,1.000,0.000,0.000,0.978,106.1,0.00,0.022,1.000,1.495
duo-tank-heal,geared,1,2,solo,180,200,1.000,0.000,0.000,0.963,20.3,0.00,0.037,1.000,1.488
duo-tank-heal,geared,1,2,solo,300,200,1.000,0.000,0.000,0.960,19.7,0.00,0.040,1.000,1.486
duo-tank-heal,geared,1,2,pack,180,200,0.000,0.000,1.000,—,—,2.00,1.000,0.577,0.000
duo-tank-heal,geared,1,2,pack,300,200,0.000,0.000,1.000,—,—,2.00,1.000,0.563,0.000
duo-tank-heal,geared,1,2,boss,180,200,0.010,0.670,0.320,0.888,180.0,0.68,0.573,0.900,0.014
duo-tank-heal,geared,1,2,boss,300,200,0.675,0.030,0.295,0.885,212.7,0.62,0.402,0.911,0.978
duo-tank-heal,geared,1,3,solo,180,200,1.000,0.000,0.000,0.919,61.7,0.00,0.081,1.000,1.465
duo-tank-heal,geared,1,3,solo,300,200,1.000,0.000,0.000,0.929,61.7,0.00,0.071,1.000,1.470
duo-tank-heal,geared,1,3,pack,180,200,0.000,0.000,1.000,—,—,2.00,1.000,0.561,0.000
duo-tank-heal,geared,1,3,pack,300,200,0.000,0.000,1.000,—,—,2.00,1.000,0.555,0.000
duo-tank-heal,geared,1,3,boss,180,200,0.000,0.000,1.000,—,—,2.00,1.000,0.559,0.000
duo-tank-heal,geared,1,3,boss,300,200,0.000,0.000,1.000,—,—,2.00,1.000,0.558,0.000
duo-tank-heal,geared,1,4,solo,180,200,0.000,0.000,1.000,—,—,2.00,1.000,0.580,0.000
duo-tank-heal,geared,1,4,solo,300,200,0.000,0.000,1.000,—,—,2.00,1.000,0.579,0.000
duo-tank-heal,geared,1,4,pack,180,200,0.000,0.000,1.000,—,—,2.00,1.000,0.617,0.000
duo-tank-heal,geared,1,4,pack,300,200,0.000,0.000,1.000,—,—,2.00,1.000,0.613,0.000
duo-tank-heal,geared,1,4,boss,180,200,0.000,0.000,1.000,—,—,2.00,1.000,0.592,0.000
duo-tank-heal,geared,1,4,boss,300,200,0.000,0.000,1.000,—,—,2.00,1.000,0.595,0.000
duo-tank-heal,geared,1,5,solo,180,200,0.000,0.000,1.000,—,—,2.00,1.000,0.615,0.000
duo-tank-heal,geared,1,5,solo,300,200,0.000,0.000,1.000,—,—,2.00,1.000,0.613,0.000
duo-tank-heal,geared,1,5,pack,180,200,0.000,0.000,1.000,—,—,2.00,1.000,0.611,0.000
duo-tank-heal,geared,1,5,pack,300,200,0.000,0.000,1.000,—,—,2.00,1.000,0.613,0.000
duo-tank-heal,geared,1,5,boss,180,200,0.000,0.000,1.000,—,—,2.00,1.000,0.433,0.000
duo-tank-heal,geared,1,5,boss,300,200,0.000,0.000,1.000,—,—,2.00,1.000,0.428,0.000
duo-tank-heal,geared,1,6,solo,180,200,0.000,0.000,1.000,—,—,2.00,1.000,0.510,0.000
duo-tank-heal,geared,1,6,solo,300,200,0.000,0.000,1.000,—,—,2.00,1.000,0.520,0.000
duo-tank-heal,geared,1,6,pack,180,200,0.000,0.000,1.000,—,—,2.00,1.000,0.520,0.000
duo-tank-heal,geared,1,6,pack,300,200,0.000,0.000,1.000,—,—,2.00,1.000,0.525,0.000
duo-tank-heal,geared,1,6,boss,180,200,0.000,0.000,1.000,—,—,2.00,1.000,0.515,0.000
duo-tank-heal,geared,1,6,boss,300,200,0.000,0.000,1.000,—,—,2.00,1.000,0.525,0.000
duo-tank-heal,geared,1,7,solo,180,200,0.000,0.000,1.000,—,—,2.00,1.000,0.509,0.000
duo-tank-heal,geared,1,7,solo,300,200,0.000,0.000,1.000,—,—,2.00,1.000,0.507,0.000
duo-tank-heal,geared,1,7,pack,180,200,0.000,0.000,1.000,—,—,2.00,1.000,0.502,0.000
duo-tank-heal,geared,1,7,pack,300,200,0.000,0.000,1.000,—,—,2.00,1.000,0.505,0.000
duo-tank-heal,geared,1,7,boss,180,200,0.000,0.000,1.000,—,—,2.00,1.000,0.502,0.000
duo-tank-heal,geared,1,7,boss,300,200,0.000,0.000,1.000,—,—,2.00,1.000,0.502,0.000
duo-tank-heal,geared,1,8,solo,180,200,0.000,0.000,1.000,—,—,2.00,1.000,0.506,0.000
duo-tank-heal,geared,1,8,solo,300,200,0.000,0.000,1.000,—,—,2.00,1.000,0.501,0.000
duo-tank-heal,geared,1,8,pack,180,200,0.000,0.000,1.000,—,—,2.00,1.000,0.504,0.000
duo-tank-heal,geared,1,8,pack,300,200,0.000,0.000,1.000,—,—,2.00,1.000,0.502,0.000
duo-tank-heal,geared,1,8,boss,180,200,0.000,0.000,1.000,—,—,2.00,1.000,0.504,0.000
duo-tank-heal,geared,1,8,boss,300,200,0.000,0.000,1.000,—,—,2.00,1.000,0.506,0.000
duo-tank-heal,geared,5,1,solo,180,200,1.000,0.000,0.000,0.964,3.0,0.00,0.036,1.000,1.512
duo-tank-heal,geared,5,1,solo,300,200,1.000,0.000,0.000,0.964,3.0,0.00,0.036,1.000,1.511
duo-tank-heal,geared,5,1,pack,180,200,1.000,0.000,0.000,0.948,24.8,0.00,0.052,1.000,1.504
duo-tank-heal,geared,5,1,pack,300,200,1.000,0.000,0.000,0.954,24.9,0.00,0.046,1.000,1.506
duo-tank-heal,geared,5,1,boss,180,200,1.000,0.000,0.000,0.985,48.7,0.00,0.015,1.000,1.522
duo-tank-heal,geared,5,1,boss,300,200,1.000,0.000,0.000,0.985,48.4,0.00,0.015,1.000,1.522
duo-tank-heal,geared,5,2,solo,180,200,1.000,0.000,0.000,0.908,6.8,0.00,0.092,1.000,1.483
duo-tank-heal,geared,5,2,solo,300,200,1.000,0.000,0.000,0.908,6.8,0.00,0.092,1.000,1.483
duo-tank-heal,geared,5,2,pack,180,200,1.000,0.000,0.000,0.981,67.3,0.00,0.019,1.000,1.520
duo-tank-heal,geared,5,2,pack,300,200,1.000,0.000,0.000,0.980,67.6,0.00,0.020,1.000,1.520
duo-tank-heal,geared,5,2,boss,180,200,1.000,0.000,0.000,0.967,131.2,0.00,0.033,1.000,1.513
duo-tank-heal,geared,5,2,boss,300,200,1.000,0.000,0.000,0.962,132.3,0.00,0.038,1.000,1.511
duo-tank-heal,geared,5,3,solo,180,200,1.000,0.000,0.000,0.968,31.3,0.00,0.032,1.000,1.514
duo-tank-heal,geared,5,3,solo,300,200,1.000,0.000,0.000,0.969,31.8,0.00,0.031,1.000,1.514
duo-tank-heal,geared,5,3,pack,180,200,0.000,0.000,1.000,—,—,2.00,1.000,0.592,0.000
duo-tank-heal,geared,5,3,pack,300,200,0.000,0.000,1.000,—,—,2.00,1.000,0.586,0.000
duo-tank-heal,geared,5,3,boss,180,200,0.000,0.155,0.845,—,—,1.70,0.910,0.828,0.000
duo-tank-heal,geared,5,3,boss,300,200,0.130,0.000,0.870,0.829,255.7,1.75,0.892,0.830,0.188
duo-tank-heal,geared,5,4,solo,180,200,0.990,0.000,0.010,0.916,80.5,0.02,0.093,0.997,1.472
duo-tank-heal,geared,5,4,solo,300,200,1.000,0.000,0.000,0.912,80.8,0.00,0.088,1.000,1.485
duo-tank-heal,geared,5,4,pack,180,200,0.000,0.000,1.000,—,—,2.00,1.000,0.532,0.000
duo-tank-heal,geared,5,4,pack,300,200,0.000,0.000,1.000,—,—,2.00,1.000,0.529,0.000
duo-tank-heal,geared,5,4,boss,180,200,0.000,0.000,1.000,—,—,2.00,1.000,0.523,0.000
duo-tank-heal,geared,5,4,boss,300,200,0.000,0.000,1.000,—,—,2.00,1.000,0.513,0.000
duo-tank-heal,geared,5,5,solo,180,200,0.000,0.000,1.000,—,—,2.00,1.000,0.611,0.000
duo-tank-heal,geared,5,5,solo,300,200,0.000,0.000,1.000,—,—,2.00,1.000,0.618,0.000
duo-tank-heal,geared,5,5,pack,180,200,0.000,0.000,1.000,—,—,2.00,1.000,0.590,0.000
duo-tank-heal,geared,5,5,pack,300,200,0.000,0.000,1.000,—,—,2.00,1.000,0.585,0.000
duo-tank-heal,geared,5,5,boss,180,200,0.000,0.000,1.000,—,—,2.00,1.000,0.589,0.000
duo-tank-heal,geared,5,5,boss,300,200,0.000,0.000,1.000,—,—,2.00,1.000,0.583,0.000
duo-tank-heal,geared,5,6,solo,180,200,0.000,0.000,1.000,—,—,2.00,1.000,0.671,0.000
duo-tank-heal,geared,5,6,solo,300,200,0.000,0.000,1.000,—,—,2.00,1.000,0.672,0.000
duo-tank-heal,geared,5,6,pack,180,200,0.000,0.000,1.000,—,—,2.00,1.000,0.672,0.000
duo-tank-heal,geared,5,6,pack,300,200,0.000,0.000,1.000,—,—,2.00,1.000,0.670,0.000
duo-tank-heal,geared,5,6,boss,180,200,0.000,0.000,1.000,—,—,2.00,1.000,0.440,0.000
duo-tank-heal,geared,5,6,boss,300,200,0.000,0.000,1.000,—,—,2.00,1.000,0.442,0.000
duo-tank-heal,geared,5,7,solo,180,200,0.000,0.000,1.000,—,—,2.00,1.000,0.538,0.000
duo-tank-heal,geared,5,7,solo,300,200,0.000,0.000,1.000,—,—,2.00,1.000,0.522,0.000
duo-tank-heal,geared,5,7,pack,180,200,0.000,0.000,1.000,—,—,2.00,1.000,0.524,0.000
duo-tank-heal,geared,5,7,pack,300,200,0.000,0.000,1.000,—,—,2.00,1.000,0.526,0.000
duo-tank-heal,geared,5,7,boss,180,200,0.000,0.000,1.000,—,—,2.00,1.000,0.504,0.000
duo-tank-heal,geared,5,7,boss,300,200,0.000,0.000,1.000,—,—,2.00,1.000,0.501,0.000
duo-tank-heal,geared,5,8,solo,180,200,0.000,0.000,1.000,—,—,2.00,1.000,0.504,0.000
duo-tank-heal,geared,5,8,solo,300,200,0.000,0.000,1.000,—,—,2.00,1.000,0.501,0.000
duo-tank-heal,geared,5,8,pack,180,200,0.000,0.000,1.000,—,—,2.00,1.000,0.501,0.000
duo-tank-heal,geared,5,8,pack,300,200,0.000,0.000,1.000,—,—,2.00,1.000,0.500,0.000
duo-tank-heal,geared,5,8,boss,180,200,0.000,0.000,1.000,—,—,2.00,1.000,0.515,0.000
duo-tank-heal,geared,5,8,boss,300,200,0.000,0.000,1.000,—,—,2.00,1.000,0.505,0.000
duo-tank-heal,geared,10,1,solo,180,200,1.000,0.000,0.000,1.000,0.0,0.00,0.000,—,1.560
duo-tank-heal,geared,10,1,solo,300,200,1.000,0.000,0.000,1.000,0.0,0.00,0.000,—,1.560
duo-tank-heal,geared,10,1,pack,180,200,1.000,0.000,0.000,0.923,12.0,0.00,0.077,1.000,1.520
duo-tank-heal,geared,10,1,pack,300,200,1.000,0.000,0.000,0.926,12.0,0.00,0.074,1.000,1.521
duo-tank-heal,geared,10,1,boss,180,200,1.000,0.000,0.000,0.869,19.7,0.00,0.131,1.000,1.492
duo-tank-heal,geared,10,1,boss,300,200,1.000,0.000,0.000,0.866,20.0,0.00,0.134,1.000,1.491
duo-tank-heal,geared,10,2,solo,180,200,1.000,0.000,0.000,0.941,4.1,0.00,0.059,1.000,1.529
duo-tank-heal,geared,10,2,solo,300,200,1.000,0.000,0.000,0.939,4.1,0.00,0.061,1.000,1.528
duo-tank-heal,geared,10,2,pack,180,200,1.000,0.000,0.000,0.993,42.8,0.00,0.007,1.000,1.556
duo-tank-heal,geared,10,2,pack,300,200,1.000,0.000,0.000,0.994,43.0,0.00,0.006,1.000,1.557
duo-tank-heal,geared,10,2,boss,180,200,1.000,0.000,0.000,0.960,82.4,0.00,0.040,1.000,1.539
duo-tank-heal,geared,10,2,boss,300,200,1.000,0.000,0.000,0.964,81.5,0.00,0.036,1.000,1.541
duo-tank-heal,geared,10,3,solo,180,200,1.000,0.000,0.000,0.877,10.8,0.00,0.123,1.000,1.496
duo-tank-heal,geared,10,3,solo,300,200,1.000,0.000,0.000,0.873,10.8,0.00,0.127,1.000,1.494
duo-tank-heal,geared,10,3,pack,180,200,1.000,0.000,0.000,0.980,89.8,0.00,0.020,1.000,1.549
duo-tank-heal,geared,10,3,pack,300,200,1.000,0.000,0.000,0.974,89.1,0.00,0.026,1.000,1.547
duo-tank-heal,geared,10,3,boss,180,200,0.635,0.365,0.000,0.951,165.6,0.00,0.149,1.000,0.974
duo-tank-heal,geared,10,3,boss,300,200,1.000,0.000,0.000,0.950,175.3,0.00,0.050,1.000,1.534
duo-tank-heal,geared,10,4,solo,180,200,1.000,0.000,0.000,0.954,49.7,0.00,0.046,1.000,1.536
duo-tank-heal,geared,10,4,solo,300,200,1.000,0.000,0.000,0.961,48.6,0.00,0.039,1.000,1.540
duo-tank-heal,geared,10,4,pack,180,200,0.000,0.000,1.000,—,—,2.00,1.000,0.666,0.000
duo-tank-heal,geared,10,4,pack,300,200,0.000,0.000,1.000,—,—,2.00,1.000,0.664,0.000
duo-tank-heal,geared,10,4,boss,180,200,0.000,0.000,1.000,—,—,2.00,1.000,0.664,0.000
duo-tank-heal,geared,10,4,boss,300,200,0.000,0.000,1.000,—,—,2.00,1.000,0.658,0.000
duo-tank-heal,geared,10,5,solo,180,200,0.680,0.000,0.320,0.867,120.6,0.66,0.410,0.963,1.014
duo-tank-heal,geared,10,5,solo,300,200,0.710,0.000,0.290,0.878,120.9,0.58,0.376,0.967,1.063
duo-tank-heal,geared,10,5,pack,180,200,0.000,0.000,1.000,—,—,2.00,1.000,0.642,0.000
duo-tank-heal,geared,10,5,pack,300,200,0.000,0.000,1.000,—,—,2.00,1.000,0.642,0.000
duo-tank-heal,geared,10,5,boss,180,200,0.000,0.000,1.000,—,—,2.00,1.000,0.579,0.000
duo-tank-heal,geared,10,5,boss,300,200,0.000,0.000,1.000,—,—,2.00,1.000,0.578,0.000
duo-tank-heal,geared,10,6,solo,180,200,0.000,0.000,1.000,—,—,2.00,1.000,0.685,0.000
duo-tank-heal,geared,10,6,solo,300,200,0.000,0.000,1.000,—,—,2.00,1.000,0.690,0.000
duo-tank-heal,geared,10,6,pack,180,200,0.000,0.000,1.000,—,—,2.00,1.000,0.666,0.000
duo-tank-heal,geared,10,6,pack,300,200,0.000,0.000,1.000,—,—,2.00,1.000,0.672,0.000
duo-tank-heal,geared,10,6,boss,180,200,0.000,0.000,1.000,—,—,2.00,1.000,0.526,0.000
duo-tank-heal,geared,10,6,boss,300,200,0.000,0.000,1.000,—,—,2.00,1.000,0.529,0.000
duo-tank-heal,geared,10,7,solo,180,200,0.000,0.000,1.000,—,—,2.00,1.000,0.576,0.000
duo-tank-heal,geared,10,7,solo,300,200,0.000,0.000,1.000,—,—,2.00,1.000,0.562,0.000
duo-tank-heal,geared,10,7,pack,180,200,0.000,0.000,1.000,—,—,2.00,1.000,0.572,0.000
duo-tank-heal,geared,10,7,pack,300,200,0.000,0.000,1.000,—,—,2.00,1.000,0.573,0.000
duo-tank-heal,geared,10,7,boss,180,200,0.000,0.000,1.000,—,—,2.00,1.000,0.551,0.000
duo-tank-heal,geared,10,7,boss,300,200,0.000,0.000,1.000,—,—,2.00,1.000,0.563,0.000
duo-tank-heal,geared,10,8,solo,180,200,0.000,0.000,1.000,—,—,2.00,1.000,0.531,0.000
duo-tank-heal,geared,10,8,solo,300,200,0.000,0.000,1.000,—,—,2.00,1.000,0.520,0.000
duo-tank-heal,geared,10,8,pack,180,200,0.000,0.000,1.000,—,—,2.00,1.000,0.527,0.000
duo-tank-heal,geared,10,8,pack,300,200,0.000,0.000,1.000,—,—,2.00,1.000,0.536,0.000
duo-tank-heal,geared,10,8,boss,180,200,0.000,0.000,1.000,—,—,2.00,1.000,0.513,0.000
duo-tank-heal,geared,10,8,boss,300,200,0.000,0.000,1.000,—,—,2.00,1.000,0.518,0.000
duo-tank-heal,geared,20,1,solo,180,200,1.000,0.000,0.000,1.000,0.0,0.00,0.000,—,1.620
duo-tank-heal,geared,20,1,solo,300,200,1.000,0.000,0.000,1.000,0.0,0.00,0.000,—,1.620
duo-tank-heal,geared,20,1,pack,180,200,1.000,0.000,0.000,0.982,4.5,0.00,0.018,1.000,1.610
duo-tank-heal,geared,20,1,pack,300,200,1.000,0.000,0.000,0.983,4.5,0.00,0.017,1.000,1.611
duo-tank-heal,geared,20,1,boss,180,200,1.000,0.000,0.000,0.952,12.4,0.00,0.048,1.000,1.594
duo-tank-heal,geared,20,1,boss,300,200,1.000,0.000,0.000,0.951,12.4,0.00,0.049,1.000,1.593
duo-tank-heal,geared,20,2,solo,180,200,1.000,0.000,0.000,1.000,0.0,0.00,0.000,—,1.620
duo-tank-heal,geared,20,2,solo,300,200,1.000,0.000,0.000,1.000,0.0,0.00,0.000,—,1.620
duo-tank-heal,geared,20,2,pack,180,200,1.000,0.000,0.000,0.923,12.0,0.00,0.077,1.000,1.578
duo-tank-heal,geared,20,2,pack,300,200,1.000,0.000,0.000,0.921,12.0,0.00,0.079,1.000,1.577
duo-tank-heal,geared,20,2,boss,180,200,1.000,0.000,0.000,0.843,22.6,0.00,0.157,1.000,1.535
duo-tank-heal,geared,20,2,boss,300,200,1.000,0.000,0.000,0.837,22.5,0.00,0.163,1.000,1.532
duo-tank-heal,geared,20,3,solo,180,200,1.000,0.000,0.000,0.947,4.7,0.00,0.053,1.000,1.591
duo-tank-heal,geared,20,3,solo,300,200,1.000,0.000,0.000,0.947,4.8,0.00,0.053,1.000,1.591
duo-tank-heal,geared,20,3,pack,180,200,1.000,0.000,0.000,0.986,48.7,0.00,0.014,1.000,1.613
duo-tank-heal,geared,20,3,pack,300,200,1.000,0.000,0.000,0.987,48.8,0.00,0.013,1.000,1.613
duo-tank-heal,geared,20,3,boss,180,200,1.000,0.000,0.000,0.967,97.7,0.00,0.033,1.000,1.602
duo-tank-heal,geared,20,3,boss,300,200,1.000,0.000,0.000,0.971,96.1,0.00,0.029,1.000,1.605
duo-tank-heal,geared,20,4,solo,180,200,1.000,0.000,0.000,0.884,13.9,0.00,0.116,1.000,1.557
duo-tank-heal,geared,20,4,solo,300,200,1.000,0.000,0.000,0.879,13.5,0.00,0.121,1.000,1.554
duo-tank-heal,geared,20,4,pack,180,200,1.000,0.000,0.000,0.973,110.1,0.00,0.027,1.000,1.605
duo-tank-heal,geared,20,4,pack,300,200,1.000,0.000,0.000,0.974,109.6,0.00,0.026,1.000,1.606
duo-tank-heal,geared,20,4,boss,180,200,0.030,0.970,0.000,0.934,179.0,0.00,0.325,1.000,0.048
duo-tank-heal,geared,20,4,boss,300,200,1.000,0.000,0.000,0.946,217.3,0.00,0.054,1.000,1.591
duo-tank-heal,geared,20,5,solo,180,200,1.000,0.000,0.000,0.957,63.7,0.00,0.043,1.000,1.597
duo-tank-heal,geared,20,5,solo,300,200,1.000,0.000,0.000,0.960,63.8,0.00,0.040,1.000,1.598
duo-tank-heal,geared,20,5,pack,180,200,0.000,0.000,1.000,—,—,2.00,1.000,0.761,0.000
duo-tank-heal,geared,20,5,pack,300,200,0.000,0.000,1.000,—,—,2.00,1.000,0.753,0.000
duo-tank-heal,geared,20,5,boss,180,200,0.000,0.000,1.000,—,—,2.00,1.000,0.758,0.000
duo-tank-heal,geared,20,5,boss,300,200,0.000,0.000,1.000,—,—,2.00,1.000,0.757,0.000
duo-tank-heal,geared,20,6,solo,180,200,0.685,0.315,0.000,0.906,163.1,0.00,0.170,1.000,1.075
duo-tank-heal,geared,20,6,solo,300,200,0.995,0.000,0.005,0.922,171.8,0.01,0.082,1.000,1.570
duo-tank-heal,geared,20,6,pack,180,200,0.000,0.000,1.000,—,—,2.00,1.000,0.657,0.000
duo-tank-heal,geared,20,6,pack,300,200,0.000,0.000,1.000,—,—,2.00,1.000,0.655,0.000
duo-tank-heal,geared,20,6,boss,180,200,0.000,0.000,1.000,—,—,2.00,1.000,0.657,0.000
duo-tank-heal,geared,20,6,boss,300,200,0.000,0.000,1.000,—,—,2.00,1.000,0.663,0.000
duo-tank-heal,geared,20,7,solo,180,200,0.000,0.000,1.000,—,—,2.00,1.000,0.763,0.000
duo-tank-heal,geared,20,7,solo,300,200,0.000,0.000,1.000,—,—,2.00,1.000,0.763,0.000
duo-tank-heal,geared,20,7,pack,180,200,0.000,0.000,1.000,—,—,2.00,1.000,0.710,0.000
duo-tank-heal,geared,20,7,pack,300,200,0.000,0.000,1.000,—,—,2.00,1.000,0.713,0.000
duo-tank-heal,geared,20,7,boss,180,200,0.000,0.000,1.000,—,—,2.00,1.000,0.616,0.000
duo-tank-heal,geared,20,7,boss,300,200,0.000,0.000,1.000,—,—,2.00,1.000,0.606,0.000
duo-tank-heal,geared,20,8,solo,180,200,0.000,0.000,1.000,—,—,2.00,1.000,0.605,0.000
duo-tank-heal,geared,20,8,solo,300,200,0.000,0.000,1.000,—,—,2.00,1.000,0.614,0.000
duo-tank-heal,geared,20,8,pack,180,200,0.000,0.000,1.000,—,—,2.00,1.000,0.613,0.000
duo-tank-heal,geared,20,8,pack,300,200,0.000,0.000,1.000,—,—,2.00,1.000,0.614,0.000
duo-tank-heal,geared,20,8,boss,180,200,0.000,0.000,1.000,—,—,2.00,1.000,0.606,0.000
duo-tank-heal,geared,20,8,boss,300,200,0.000,0.000,1.000,—,—,2.00,1.000,0.619,0.000
duo-tank-heal,geared,35,1,solo,180,200,1.000,0.000,0.000,1.000,0.0,0.00,0.000,—,1.710
duo-tank-heal,geared,35,1,solo,300,200,1.000,0.000,0.000,1.000,0.0,0.00,0.000,—,1.710
duo-tank-heal,geared,35,1,pack,180,200,1.000,0.000,0.000,0.991,4.0,0.00,0.009,1.000,1.705
duo-tank-heal,geared,35,1,pack,300,200,1.000,0.000,0.000,0.992,4.0,0.00,0.008,1.000,1.705
duo-tank-heal,geared,35,1,boss,180,200,1.000,0.000,0.000,0.985,8.9,0.00,0.015,1.000,1.702
duo-tank-heal,geared,35,1,boss,300,200,1.000,0.000,0.000,0.985,8.8,0.00,0.015,1.000,1.701
duo-tank-heal,geared,35,2,solo,180,200,1.000,0.000,0.000,1.000,0.0,0.00,0.000,—,1.710
duo-tank-heal,geared,35,2,solo,300,200,1.000,0.000,0.000,1.000,0.0,0.00,0.000,—,1.710
duo-tank-heal,geared,35,2,pack,180,200,1.000,0.000,0.000,0.972,8.0,0.00,0.028,1.000,1.694
duo-tank-heal,geared,35,2,pack,300,200,1.000,0.000,0.000,0.971,7.9,0.00,0.029,1.000,1.693
duo-tank-heal,geared,35,2,boss,180,200,1.000,0.000,0.000,0.945,14.5,0.00,0.055,1.000,1.679
duo-tank-heal,geared,35,2,boss,300,200,1.000,0.000,0.000,0.948,14.5,0.00,0.052,1.000,1.680
duo-tank-heal,geared,35,3,solo,180,200,1.000,0.000,0.000,0.993,1.1,0.00,0.007,1.000,1.706
duo-tank-heal,geared,35,3,solo,300,200,1.000,0.000,0.000,0.992,1.1,0.00,0.008,1.000,1.705
duo-tank-heal,geared,35,3,pack,180,200,1.000,0.000,0.000,0.910,13.2,0.00,0.090,1.000,1.659
duo-tank-heal,geared,35,3,pack,300,200,1.000,0.000,0.000,0.910,13.2,0.00,0.090,1.000,1.659
duo-tank-heal,geared,35,3,boss,180,200,1.000,0.000,0.000,0.862,27.3,0.00,0.138,1.000,1.631
duo-tank-heal,geared,35,3,boss,300,200,1.000,0.000,0.000,0.858,27.2,0.00,0.142,1.000,1.629
duo-tank-heal,geared,35,4,solo,180,200,1.000,0.000,0.000,0.950,6.0,0.00,0.050,1.000,1.681
duo-tank-heal,geared,35,4,solo,300,200,1.000,0.000,0.000,0.952,6.0,0.00,0.048,1.000,1.683
duo-tank-heal,geared,35,4,pack,180,200,1.000,0.000,0.000,0.990,60.0,0.00,0.010,1.000,1.704
duo-tank-heal,geared,35,4,pack,300,200,1.000,0.000,0.000,0.989,60.2,0.00,0.011,1.000,1.704
duo-tank-heal,geared,35,4,boss,180,200,1.000,0.000,0.000,0.973,126.5,0.00,0.027,1.000,1.695
duo-tank-heal,geared,35,4,boss,300,200,1.000,0.000,0.000,0.975,125.4,0.00,0.025,1.000,1.696
duo-tank-heal,geared,35,5,solo,180,200,1.000,0.000,0.000,0.964,21.6,0.00,0.036,1.000,1.690
duo-tank-heal,geared,35,5,solo,300,200,1.000,0.000,0.000,0.967,21.2,0.00,0.033,1.000,1.691
duo-tank-heal,geared,35,5,pack,180,200,1.000,0.000,0.000,0.972,149.1,0.00,0.028,1.000,1.694
duo-tank-heal,geared,35,5,pack,300,200,1.000,0.000,0.000,0.972,147.6,0.00,0.028,1.000,1.694
duo-tank-heal,geared,35,5,boss,180,200,0.000,0.320,0.680,—,—,1.36,0.788,1.000,0.000
duo-tank-heal,geared,35,5,boss,300,200,0.250,0.095,0.655,0.967,277.9,1.31,0.690,1.000,0.423
duo-tank-heal,geared,35,6,solo,180,200,1.000,0.000,0.000,0.963,94.2,0.00,0.037,1.000,1.689
duo-tank-heal,geared,35,6,solo,300,200,1.000,0.000,0.000,0.964,93.5,0.00,0.036,1.000,1.690
duo-tank-heal,geared,35,6,pack,180,200,0.000,0.000,1.000,—,—,2.00,1.000,0.864,0.000
duo-tank-heal,geared,35,6,pack,300,200,0.000,0.000,1.000,—,—,2.00,1.000,0.869,0.000
duo-tank-heal,geared,35,6,boss,180,200,0.000,0.000,1.000,—,—,2.00,1.000,0.888,0.000
duo-tank-heal,geared,35,6,boss,300,200,0.000,0.000,1.000,—,—,2.00,1.000,0.902,0.000
duo-tank-heal,geared,35,7,solo,180,200,0.000,1.000,0.000,—,—,0.00,0.292,1.000,0.000
duo-tank-heal,geared,35,7,solo,300,200,0.880,0.120,0.000,0.958,264.3,0.00,0.057,1.000,1.484
duo-tank-heal,geared,35,7,pack,180,200,0.000,0.000,1.000,—,—,2.00,1.000,0.677,0.000
duo-tank-heal,geared,35,7,pack,300,200,0.000,0.000,1.000,—,—,2.00,1.000,0.682,0.000
duo-tank-heal,geared,35,7,boss,180,200,0.000,0.000,1.000,—,—,2.00,1.000,0.698,0.000
duo-tank-heal,geared,35,7,boss,300,200,0.000,0.000,1.000,—,—,2.00,1.000,0.705,0.000
duo-tank-heal,geared,35,8,solo,180,200,0.000,0.000,1.000,—,—,2.00,1.000,0.809,0.000
duo-tank-heal,geared,35,8,solo,300,200,0.000,0.000,1.000,—,—,2.00,1.000,0.804,0.000
duo-tank-heal,geared,35,8,pack,180,200,0.000,0.000,1.000,—,—,2.00,1.000,0.731,0.000
duo-tank-heal,geared,35,8,pack,300,200,0.000,0.000,1.000,—,—,2.00,1.000,0.735,0.000
duo-tank-heal,geared,35,8,boss,180,200,0.000,0.000,1.000,—,—,2.00,1.000,0.733,0.000
duo-tank-heal,geared,35,8,boss,300,200,0.000,0.000,1.000,—,—,2.00,1.000,0.743,0.000
duo-tank-heal,geared,50,1,solo,180,200,1.000,0.000,0.000,1.000,0.0,0.00,0.000,—,1.800
duo-tank-heal,geared,50,1,solo,300,200,1.000,0.000,0.000,1.000,0.0,0.00,0.000,—,1.800
duo-tank-heal,geared,50,1,pack,180,200,1.000,0.000,0.000,0.995,4.0,0.00,0.005,1.000,1.797
duo-tank-heal,geared,50,1,pack,300,200,1.000,0.000,0.000,0.995,4.0,0.00,0.005,1.000,1.797
duo-tank-heal,geared,50,1,boss,180,200,1.000,0.000,0.000,0.994,7.2,0.00,0.006,1.000,1.797
duo-tank-heal,geared,50,1,boss,300,200,1.000,0.000,0.000,0.994,7.2,0.00,0.006,1.000,1.797
duo-tank-heal,geared,50,2,solo,180,200,1.000,0.000,0.000,1.000,0.0,0.00,0.000,—,1.800
duo-tank-heal,geared,50,2,solo,300,200,1.000,0.000,0.000,1.000,0.0,0.00,0.000,—,1.800
duo-tank-heal,geared,50,2,pack,180,200,1.000,0.000,0.000,0.990,4.0,0.00,0.010,1.000,1.794
duo-tank-heal,geared,50,2,pack,300,200,1.000,0.000,0.000,0.991,4.0,0.00,0.009,1.000,1.794
duo-tank-heal,geared,50,2,boss,180,200,1.000,0.000,0.000,0.980,12.0,0.00,0.020,1.000,1.788
duo-tank-heal,geared,50,2,boss,300,200,1.000,0.000,0.000,0.980,12.0,0.00,0.020,1.000,1.788
duo-tank-heal,geared,50,3,solo,180,200,1.000,0.000,0.000,1.000,0.0,0.00,0.000,—,1.800
duo-tank-heal,geared,50,3,solo,300,200,1.000,0.000,0.000,1.000,0.0,0.00,0.000,—,1.800
duo-tank-heal,geared,50,3,pack,180,200,1.000,0.000,0.000,0.959,12.0,0.00,0.041,1.000,1.776
duo-tank-heal,geared,50,3,pack,300,200,1.000,0.000,0.000,0.960,12.0,0.00,0.040,1.000,1.776
duo-tank-heal,geared,50,3,boss,180,200,1.000,0.000,0.000,0.931,18.7,0.00,0.069,1.000,1.759
duo-tank-heal,geared,50,3,boss,300,200,1.000,0.000,0.000,0.933,18.7,0.00,0.067,1.000,1.760
duo-tank-heal,geared,50,4,solo,180,200,1.000,0.000,0.000,0.971,4.0,0.00,0.029,1.000,1.783
duo-tank-heal,geared,50,4,solo,300,200,1.000,0.000,0.000,0.971,4.0,0.00,0.029,1.000,1.783
duo-tank-heal,geared,50,4,pack,180,200,1.000,0.000,0.000,0.911,23.5,0.00,0.089,1.000,1.746
duo-tank-heal,geared,50,4,pack,300,200,1.000,0.000,0.000,0.907,23.3,0.00,0.093,1.000,1.744
duo-tank-heal,geared,50,4,boss,180,200,1.000,0.000,0.000,0.967,79.4,0.00,0.033,1.000,1.780
duo-tank-heal,geared,50,4,boss,300,200,1.000,0.000,0.000,0.967,80.4,0.00,0.033,1.000,1.780
duo-tank-heal,geared,50,5,solo,180,200,1.000,0.000,0.000,0.916,9.7,0.00,0.084,1.000,1.750
duo-tank-heal,geared,50,5,solo,300,200,1.000,0.000,0.000,0.916,9.6,0.00,0.084,1.000,1.750
duo-tank-heal,geared,50,5,pack,180,200,1.000,0.000,0.000,0.983,98.8,0.00,0.017,1.000,1.790
duo-tank-heal,geared,50,5,pack,300,200,1.000,0.000,0.000,0.984,99.4,0.00,0.016,1.000,1.790
duo-tank-heal,geared,50,5,boss,180,200,0.255,0.745,0.000,0.957,166.6,0.00,0.199,1.000,0.452
duo-tank-heal,geared,50,5,boss,300,200,1.000,0.000,0.000,0.971,195.7,0.00,0.029,1.000,1.783
duo-tank-heal,geared,50,6,solo,180,200,1.000,0.000,0.000,0.970,48.9,0.00,0.030,1.000,1.782
duo-tank-heal,geared,50,6,solo,300,200,1.000,0.000,0.000,0.976,48.8,0.00,0.024,1.000,1.786
duo-tank-heal,geared,50,6,pack,180,200,0.000,1.000,0.000,—,—,0.00,0.094,1.000,0.000
duo-tank-heal,geared,50,6,pack,300,200,0.990,0.010,0.000,0.976,247.7,0.00,0.024,1.000,1.768
duo-tank-heal,geared,50,6,boss,180,200,0.000,0.005,0.995,—,—,2.00,0.997,1.000,0.000
duo-tank-heal,geared,50,6,boss,300,200,0.000,0.000,1.000,—,—,2.00,1.000,1.000,0.000
duo-tank-heal,geared,50,7,solo,180,200,0.460,0.540,0.000,0.959,159.9,0.00,0.103,1.000,0.817
duo-tank-heal,geared,50,7,solo,300,200,1.000,0.000,0.000,0.957,180.7,0.00,0.043,1.000,1.774
duo-tank-heal,geared,50,7,pack,180,200,0.000,0.000,1.000,—,—,2.00,1.000,0.878,0.000
duo-tank-heal,geared,50,7,pack,300,200,0.000,0.000,1.000,—,—,2.00,1.000,0.890,0.000
duo-tank-heal,geared,50,7,boss,180,200,0.000,0.000,1.000,—,—,2.00,1.000,0.909,0.000
duo-tank-heal,geared,50,7,boss,300,200,0.000,0.000,1.000,—,—,2.00,1.000,0.904,0.000
duo-tank-heal,geared,50,8,solo,180,200,0.000,0.500,0.500,—,—,1.00,0.652,0.985,0.000
duo-tank-heal,geared,50,8,solo,300,200,0.000,0.435,0.565,—,—,1.13,0.651,0.988,0.000
duo-tank-heal,geared,50,8,pack,180,200,0.000,0.000,1.000,—,—,2.00,1.000,0.813,0.000
duo-tank-heal,geared,50,8,pack,300,200,0.000,0.000,1.000,—,—,2.00,1.000,0.816,0.000
duo-tank-heal,geared,50,8,boss,180,200,0.000,0.000,1.000,—,—,2.00,1.000,0.762,0.000
duo-tank-heal,geared,50,8,boss,300,200,0.000,0.000,1.000,—,—,2.00,1.000,0.766,0.000
duo-tank-heal,full-build,1,1,solo,180,200,1.000,0.000,0.000,0.953,3.9,0.00,0.047,1.000,1.482
duo-tank-heal,full-build,1,1,solo,300,200,1.000,0.000,0.000,0.954,3.9,0.00,0.046,1.000,1.483
duo-tank-heal,full-build,1,1,pack,180,200,1.000,0.000,0.000,0.998,31.7,0.00,0.002,1.000,1.505
duo-tank-heal,full-build,1,1,pack,300,200,1.000,0.000,0.000,0.997,32.5,0.00,0.003,1.000,1.505
duo-tank-heal,full-build,1,1,boss,180,200,1.000,0.000,0.000,0.986,57.0,0.00,0.014,1.000,1.499
duo-tank-heal,full-build,1,1,boss,300,200,1.000,0.000,0.000,0.986,56.3,0.00,0.014,1.000,1.499
duo-tank-heal,full-build,1,2,solo,180,200,1.000,0.000,0.000,0.896,7.7,0.00,0.104,1.000,1.454
duo-tank-heal,full-build,1,2,solo,300,200,1.000,0.000,0.000,0.896,7.8,0.00,0.104,1.000,1.454
duo-tank-heal,full-build,1,2,pack,180,200,1.000,0.000,0.000,0.983,76.4,0.00,0.017,1.000,1.497
duo-tank-heal,full-build,1,2,pack,300,200,1.000,0.000,0.000,0.981,76.1,0.00,0.019,1.000,1.497
duo-tank-heal,full-build,1,2,boss,180,200,0.995,0.005,0.000,0.970,141.8,0.00,0.031,1.000,1.483
duo-tank-heal,full-build,1,2,boss,300,200,1.000,0.000,0.000,0.957,143.5,0.00,0.043,1.000,1.484
duo-tank-heal,full-build,1,3,solo,180,200,1.000,0.000,0.000,0.998,35.7,0.00,0.002,1.000,1.505
duo-tank-heal,full-build,1,3,solo,300,200,1.000,0.000,0.000,0.997,35.3,0.00,0.003,1.000,1.505
duo-tank-heal,full-build,1,3,pack,180,200,0.000,0.000,1.000,—,—,2.00,1.000,0.654,0.000
duo-tank-heal,full-build,1,3,pack,300,200,0.000,0.000,1.000,—,—,2.00,1.000,0.652,0.000
duo-tank-heal,full-build,1,3,boss,180,200,0.000,0.000,1.000,—,—,2.00,1.000,0.759,0.000
duo-tank-heal,full-build,1,3,boss,300,200,0.000,0.000,1.000,—,—,2.00,1.000,0.755,0.000
duo-tank-heal,full-build,1,4,solo,180,200,0.670,0.000,0.330,0.816,88.2,0.70,0.454,0.911,0.947
duo-tank-heal,full-build,1,4,solo,300,200,0.610,0.000,0.390,0.819,89.8,0.80,0.501,0.897,0.863
duo-tank-heal,full-build,1,4,pack,180,200,0.000,0.000,1.000,—,—,2.00,1.000,0.540,0.000
duo-tank-heal,full-build,1,4,pack,300,200,0.000,0.000,1.000,—,—,2.00,1.000,0.539,0.000
duo-tank-heal,full-build,1,4,boss,180,200,0.000,0.000,1.000,—,—,2.00,1.000,0.534,0.000
duo-tank-heal,full-build,1,4,boss,300,200,0.000,0.000,1.000,—,—,2.00,1.000,0.532,0.000
duo-tank-heal,full-build,1,5,solo,180,200,0.000,0.000,1.000,—,—,2.00,1.000,0.630,0.000
duo-tank-heal,full-build,1,5,solo,300,200,0.000,0.000,1.000,—,—,2.00,1.000,0.627,0.000
duo-tank-heal,full-build,1,5,pack,180,200,0.000,0.000,1.000,—,—,2.00,1.000,0.603,0.000
duo-tank-heal,full-build,1,5,pack,300,200,0.000,0.000,1.000,—,—,2.00,1.000,0.603,0.000
duo-tank-heal,full-build,1,5,boss,180,200,0.000,0.000,1.000,—,—,2.00,1.000,0.616,0.000
duo-tank-heal,full-build,1,5,boss,300,200,0.000,0.000,1.000,—,—,2.00,1.000,0.612,0.000
duo-tank-heal,full-build,1,6,solo,180,200,0.000,0.000,1.000,—,—,2.00,1.000,0.669,0.000
duo-tank-heal,full-build,1,6,solo,300,200,0.000,0.000,1.000,—,—,2.00,1.000,0.672,0.000
duo-tank-heal,full-build,1,6,pack,180,200,0.000,0.000,1.000,—,—,2.00,1.000,0.673,0.000
duo-tank-heal,full-build,1,6,pack,300,200,0.000,0.000,1.000,—,—,2.00,1.000,0.671,0.000
duo-tank-heal,full-build,1,6,boss,180,200,0.000,0.000,1.000,—,—,2.00,1.000,0.383,0.000
duo-tank-heal,full-build,1,6,boss,300,200,0.000,0.000,1.000,—,—,2.00,1.000,0.396,0.000
duo-tank-heal,full-build,1,7,solo,180,200,0.000,0.000,1.000,—,—,2.00,1.000,0.538,0.000
duo-tank-heal,full-build,1,7,solo,300,200,0.000,0.000,1.000,—,—,2.00,1.000,0.527,0.000
duo-tank-heal,full-build,1,7,pack,180,200,0.000,0.000,1.000,—,—,2.00,1.000,0.526,0.000
duo-tank-heal,full-build,1,7,pack,300,200,0.000,0.000,1.000,—,—,2.00,1.000,0.533,0.000
duo-tank-heal,full-build,1,7,boss,180,200,0.000,0.000,1.000,—,—,2.00,1.000,0.504,0.000
duo-tank-heal,full-build,1,7,boss,300,200,0.000,0.000,1.000,—,—,2.00,1.000,0.506,0.000
duo-tank-heal,full-build,1,8,solo,180,200,0.000,0.000,1.000,—,—,2.00,1.000,0.506,0.000
duo-tank-heal,full-build,1,8,solo,300,200,0.000,0.000,1.000,—,—,2.00,1.000,0.504,0.000
duo-tank-heal,full-build,1,8,pack,180,200,0.000,0.000,1.000,—,—,2.00,1.000,0.505,0.000
duo-tank-heal,full-build,1,8,pack,300,200,0.000,0.000,1.000,—,—,2.00,1.000,0.504,0.000
duo-tank-heal,full-build,1,8,boss,180,200,0.000,0.000,1.000,—,—,2.00,1.000,0.505,0.000
duo-tank-heal,full-build,1,8,boss,300,200,0.000,0.000,1.000,—,—,2.00,1.000,0.507,0.000
duo-tank-heal,full-build,5,1,solo,180,200,1.000,0.000,0.000,1.000,0.0,0.00,0.000,—,1.530
duo-tank-heal,full-build,5,1,solo,300,200,1.000,0.000,0.000,1.000,0.0,0.00,0.000,—,1.530
duo-tank-heal,full-build,5,1,pack,180,200,1.000,0.000,0.000,0.922,11.7,0.00,0.078,1.000,1.490
duo-tank-heal,full-build,5,1,pack,300,200,1.000,0.000,0.000,0.921,11.7,0.00,0.079,1.000,1.489
duo-tank-heal,full-build,5,1,boss,180,200,1.000,0.000,0.000,0.883,20.3,0.00,0.117,1.000,1.470
duo-tank-heal,full-build,5,1,boss,300,200,1.000,0.000,0.000,0.883,20.4,0.00,0.117,1.000,1.470
duo-tank-heal,full-build,5,2,solo,180,200,1.000,0.000,0.000,0.945,4.3,0.00,0.055,1.000,1.502
duo-tank-heal,full-build,5,2,solo,300,200,1.000,0.000,0.000,0.945,4.2,0.00,0.055,1.000,1.502
duo-tank-heal,full-build,5,2,pack,180,200,1.000,0.000,0.000,0.997,42.9,0.00,0.003,1.000,1.529
duo-tank-heal,full-build,5,2,pack,300,200,1.000,0.000,0.000,0.999,42.5,0.00,0.001,1.000,1.529
duo-tank-heal,full-build,5,2,boss,180,200,1.000,0.000,0.000,0.980,81.9,0.00,0.020,1.000,1.520
duo-tank-heal,full-build,5,2,boss,300,200,1.000,0.000,0.000,0.978,80.6,0.00,0.022,1.000,1.519
duo-tank-heal,full-build,5,3,solo,180,200,1.000,0.000,0.000,0.916,10.0,0.00,0.084,1.000,1.487
duo-tank-heal,full-build,5,3,solo,300,200,1.000,0.000,0.000,0.920,10.4,0.00,0.080,1.000,1.489
duo-tank-heal,full-build,5,3,pack,180,200,1.000,0.000,0.000,0.984,92.3,0.00,0.016,1.000,1.522
duo-tank-heal,full-build,5,3,pack,300,200,1.000,0.000,0.000,0.981,92.7,0.00,0.019,1.000,1.521
duo-tank-heal,full-build,5,3,boss,180,200,0.545,0.455,0.000,0.961,167.7,0.00,0.156,1.000,0.823
duo-tank-heal,full-build,5,3,boss,300,200,1.000,0.000,0.000,0.976,181.7,0.00,0.024,1.000,1.518
duo-tank-heal,full-build,5,4,solo,180,200,1.000,0.000,0.000,0.971,50.4,0.00,0.029,1.000,1.515
duo-tank-heal,full-build,5,4,solo,300,200,1.000,0.000,0.000,0.971,50.7,0.00,0.029,1.000,1.515
duo-tank-heal,full-build,5,4,pack,180,200,0.000,0.000,1.000,—,—,2.00,1.000,0.650,0.000
duo-tank-heal,full-build,5,4,pack,300,200,0.000,0.000,1.000,—,—,2.00,1.000,0.649,0.000
duo-tank-heal,full-build,5,4,boss,180,200,0.000,0.000,1.000,—,—,2.00,1.000,0.706,0.000
duo-tank-heal,full-build,5,4,boss,300,200,0.000,0.000,1.000,—,—,2.00,1.000,0.718,0.000
duo-tank-heal,full-build,5,5,solo,180,200,0.520,0.000,0.480,0.873,127.3,0.98,0.546,0.938,0.762
duo-tank-heal,full-build,5,5,solo,300,200,0.655,0.000,0.345,0.891,126.4,0.71,0.416,0.959,0.966
duo-tank-heal,full-build,5,5,pack,180,200,0.000,0.000,1.000,—,—,2.00,1.000,0.654,0.000
duo-tank-heal,full-build,5,5,pack,300,200,0.000,0.000,1.000,—,—,2.00,1.000,0.653,0.000
duo-tank-heal,full-build,5,5,boss,180,200,0.000,0.000,1.000,—,—,2.00,1.000,0.565,0.000
duo-tank-heal,full-build,5,5,boss,300,200,0.000,0.000,1.000,—,—,2.00,1.000,0.571,0.000
duo-tank-heal,full-build,5,6,solo,180,200,0.000,0.000,1.000,—,—,2.00,1.000,0.634,0.000
duo-tank-heal,full-build,5,6,solo,300,200,0.000,0.000,1.000,—,—,2.00,1.000,0.644,0.000
duo-tank-heal,full-build,5,6,pack,180,200,0.000,0.000,1.000,—,—,2.00,1.000,0.612,0.000
duo-tank-heal,full-build,5,6,pack,300,200,0.000,0.000,1.000,—,—,2.00,1.000,0.605,0.000
duo-tank-heal,full-build,5,6,boss,180,200,0.000,0.000,1.000,—,—,2.00,1.000,0.555,0.000
duo-tank-heal,full-build,5,6,boss,300,200,0.000,0.000,1.000,—,—,2.00,1.000,0.556,0.000
duo-tank-heal,full-build,5,7,solo,180,200,0.000,0.000,1.000,—,—,2.00,1.000,0.610,0.000
duo-tank-heal,full-build,5,7,solo,300,200,0.000,0.000,1.000,—,—,2.00,1.000,0.600,0.000
duo-tank-heal,full-build,5,7,pack,180,200,0.000,0.000,1.000,—,—,2.00,1.000,0.600,0.000
duo-tank-heal,full-build,5,7,pack,300,200,0.000,0.000,1.000,—,—,2.00,1.000,0.604,0.000
duo-tank-heal,full-build,5,7,boss,180,200,0.000,0.000,1.000,—,—,2.00,1.000,0.544,0.000
duo-tank-heal,full-build,5,7,boss,300,200,0.000,0.000,1.000,—,—,2.00,1.000,0.535,0.000
duo-tank-heal,full-build,5,8,solo,180,200,0.000,0.000,1.000,—,—,2.00,1.000,0.538,0.000
duo-tank-heal,full-build,5,8,solo,300,200,0.000,0.000,1.000,—,—,2.00,1.000,0.528,0.000
duo-tank-heal,full-build,5,8,pack,180,200,0.000,0.000,1.000,—,—,2.00,1.000,0.525,0.000
duo-tank-heal,full-build,5,8,pack,300,200,0.000,0.000,1.000,—,—,2.00,1.000,0.534,0.000
duo-tank-heal,full-build,5,8,boss,180,200,0.000,0.000,1.000,—,—,2.00,1.000,0.523,0.000
duo-tank-heal,full-build,5,8,boss,300,200,0.000,0.000,1.000,—,—,2.00,1.000,0.510,0.000
duo-tank-heal,full-build,10,1,solo,180,200,1.000,0.000,0.000,1.000,0.0,0.00,0.000,—,1.560
duo-tank-heal,full-build,10,1,solo,300,200,1.000,0.000,0.000,1.000,0.0,0.00,0.000,—,1.560
duo-tank-heal,full-build,10,1,pack,180,200,1.000,0.000,0.000,0.966,8.0,0.00,0.034,1.000,1.542
duo-tank-heal,full-build,10,1,pack,300,200,1.000,0.000,0.000,0.968,8.0,0.00,0.032,1.000,1.544
duo-tank-heal,full-build,10,1,boss,180,200,1.000,0.000,0.000,0.945,14.2,0.00,0.055,1.000,1.531
duo-tank-heal,full-build,10,1,boss,300,200,1.000,0.000,0.000,0.945,14.4,0.00,0.055,1.000,1.531
duo-tank-heal,full-build,10,2,solo,180,200,1.000,0.000,0.000,0.991,0.9,0.00,0.009,1.000,1.555
duo-tank-heal,full-build,10,2,solo,300,200,1.000,0.000,0.000,0.992,0.9,0.00,0.008,1.000,1.556
duo-tank-heal,full-build,10,2,pack,180,200,1.000,0.000,0.000,0.904,13.2,0.00,0.096,1.000,1.510
duo-tank-heal,full-build,10,2,pack,300,200,1.000,0.000,0.000,0.900,13.1,0.00,0.100,1.000,1.508
duo-tank-heal,full-build,10,2,boss,180,200,1.000,0.000,0.000,0.906,29.3,0.00,0.094,1.000,1.511
duo-tank-heal,full-build,10,2,boss,300,200,1.000,0.000,0.000,0.910,28.8,0.00,0.090,1.000,1.513
duo-tank-heal,full-build,10,3,solo,180,200,1.000,0.000,0.000,0.944,6.0,0.00,0.056,1.000,1.531
duo-tank-heal,full-build,10,3,solo,300,200,1.000,0.000,0.000,0.944,6.0,0.00,0.056,1.000,1.531
duo-tank-heal,full-build,10,3,pack,180,200,1.000,0.000,0.000,0.993,61.4,0.00,0.007,1.000,1.556
duo-tank-heal,full-build,10,3,pack,300,200,1.000,0.000,0.000,0.992,61.7,0.00,0.008,1.000,1.556
duo-tank-heal,full-build,10,3,boss,180,200,1.000,0.000,0.000,0.991,114.9,0.00,0.009,1.000,1.555
duo-tank-heal,full-build,10,3,boss,300,200,1.000,0.000,0.000,0.989,112.1,0.00,0.011,1.000,1.554
duo-tank-heal,full-build,10,4,solo,180,200,1.000,0.000,0.000,0.988,22.3,0.00,0.012,1.000,1.554
duo-tank-heal,full-build,10,4,solo,300,200,1.000,0.000,0.000,0.987,21.7,0.00,0.013,1.000,1.553
duo-tank-heal,full-build,10,4,pack,180,200,0.995,0.000,0.005,0.989,127.2,0.01,0.016,0.999,1.546
duo-tank-heal,full-build,10,4,pack,300,200,0.990,0.000,0.010,0.990,125.7,0.02,0.020,0.998,1.539
duo-tank-heal,full-build,10,4,boss,180,200,0.000,0.960,0.040,—,—,0.10,0.415,1.000,0.000
duo-tank-heal,full-build,10,4,boss,300,200,0.955,0.005,0.040,0.944,252.3,0.08,0.095,1.000,1.462
duo-tank-heal,full-build,10,5,solo,180,200,1.000,0.000,0.000,0.957,78.4,0.00,0.043,1.000,1.537
duo-tank-heal,full-build,10,5,solo,300,200,1.000,0.000,0.000,0.947,79.1,0.00,0.053,1.000,1.532
duo-tank-heal,full-build,10,5,pack,180,200,0.000,0.000,1.000,—,—,2.00,1.000,0.665,0.000
duo-tank-heal,full-build,10,5,pack,300,200,0.000,0.000,1.000,—,—,2.00,1.000,0.658,0.000
duo-tank-heal,full-build,10,5,boss,180,200,0.000,0.000,1.000,—,—,2.00,1.000,0.685,0.000
duo-tank-heal,full-build,10,5,boss,300,200,0.000,0.000,1.000,—,—,2.00,1.000,0.696,0.000
duo-tank-heal,full-build,10,6,solo,180,200,0.075,0.280,0.645,0.860,170.8,1.29,0.762,0.948,0.112
duo-tank-heal,full-build,10,6,solo,300,200,0.360,0.000,0.640,0.904,201.7,1.28,0.675,0.953,0.544
duo-tank-heal,full-build,10,6,pack,180,200,0.000,0.000,1.000,—,—,2.00,1.000,0.634,0.000
duo-tank-heal,full-build,10,6,pack,300,200,0.000,0.000,1.000,—,—,2.00,1.000,0.635,0.000
duo-tank-heal,full-build,10,6,boss,180,200,0.000,0.000,1.000,—,—,2.00,1.000,0.699,0.000
duo-tank-heal,full-build,10,6,boss,300,200,0.000,0.000,1.000,—,—,2.00,1.000,0.702,0.000
duo-tank-heal,full-build,10,7,solo,180,200,0.000,0.000,1.000,—,—,2.00,1.000,0.706,0.000
duo-tank-heal,full-build,10,7,solo,300,200,0.000,0.000,1.000,—,—,2.00,1.000,0.703,0.000
duo-tank-heal,full-build,10,7,pack,180,200,0.000,0.000,1.000,—,—,2.00,1.000,0.691,0.000
duo-tank-heal,full-build,10,7,pack,300,200,0.000,0.000,1.000,—,—,2.00,1.000,0.686,0.000
duo-tank-heal,full-build,10,7,boss,180,200,0.000,0.000,1.000,—,—,2.00,1.000,0.524,0.000
duo-tank-heal,full-build,10,7,boss,300,200,0.000,0.000,1.000,—,—,2.00,1.000,0.532,0.000
duo-tank-heal,full-build,10,8,solo,180,200,0.000,0.000,1.000,—,—,2.00,1.000,0.561,0.000
duo-tank-heal,full-build,10,8,solo,300,200,0.000,0.000,1.000,—,—,2.00,1.000,0.553,0.000
duo-tank-heal,full-build,10,8,pack,180,200,0.000,0.000,1.000,—,—,2.00,1.000,0.563,0.000
duo-tank-heal,full-build,10,8,pack,300,200,0.000,0.000,1.000,—,—,2.00,1.000,0.572,0.000
duo-tank-heal,full-build,10,8,boss,180,200,0.000,0.000,1.000,—,—,2.00,1.000,0.591,0.000
duo-tank-heal,full-build,10,8,boss,300,200,0.000,0.000,1.000,—,—,2.00,1.000,0.609,0.000
duo-tank-heal,full-build,20,1,solo,180,200,1.000,0.000,0.000,1.000,0.0,0.00,0.000,—,1.620
duo-tank-heal,full-build,20,1,solo,300,200,1.000,0.000,0.000,1.000,0.0,0.00,0.000,—,1.620
duo-tank-heal,full-build,20,1,pack,180,200,1.000,0.000,0.000,0.990,3.9,0.00,0.010,1.000,1.615
duo-tank-heal,full-build,20,1,pack,300,200,1.000,0.000,0.000,0.990,3.9,0.00,0.010,1.000,1.615
duo-tank-heal,full-build,20,1,boss,180,200,1.000,0.000,0.000,0.981,10.5,0.00,0.019,1.000,1.610
duo-tank-heal,full-build,20,1,boss,300,200,1.000,0.000,0.000,0.981,10.5,0.00,0.019,1.000,1.609
duo-tank-heal,full-build,20,2,solo,180,200,1.000,0.000,0.000,1.000,0.0,0.00,0.000,—,1.620
duo-tank-heal,full-build,20,2,solo,300,200,1.000,0.000,0.000,1.000,0.0,0.00,0.000,—,1.620
duo-tank-heal,full-build,20,2,pack,180,200,1.000,0.000,0.000,0.957,11.1,0.00,0.043,1.000,1.597
duo-tank-heal,full-build,20,2,pack,300,200,1.000,0.000,0.000,0.957,11.2,0.00,0.043,1.000,1.597
duo-tank-heal,full-build,20,2,boss,180,200,1.000,0.000,0.000,0.941,16.1,0.00,0.059,1.000,1.588
duo-tank-heal,full-build,20,2,boss,300,200,1.000,0.000,0.000,0.940,16.0,0.00,0.060,1.000,1.588
duo-tank-heal,full-build,20,3,solo,180,200,1.000,0.000,0.000,0.976,3.1,0.00,0.024,1.000,1.607
duo-tank-heal,full-build,20,3,solo,300,200,1.000,0.000,0.000,0.976,2.9,0.00,0.024,1.000,1.607
duo-tank-heal,full-build,20,3,pack,180,200,1.000,0.000,0.000,0.903,17.3,0.00,0.097,1.000,1.568
duo-tank-heal,full-build,20,3,pack,300,200,1.000,0.000,0.000,0.906,18.3,0.00,0.094,1.000,1.569
duo-tank-heal,full-build,20,3,boss,180,200,1.000,0.000,0.000,0.920,34.2,0.00,0.080,1.000,1.577
duo-tank-heal,full-build,20,3,boss,300,200,1.000,0.000,0.000,0.936,34.4,0.00,0.064,1.000,1.585
duo-tank-heal,full-build,20,4,solo,180,200,1.000,0.000,0.000,0.934,7.1,0.00,0.066,1.000,1.584
duo-tank-heal,full-build,20,4,solo,300,200,1.000,0.000,0.000,0.938,6.9,0.00,0.062,1.000,1.587
duo-tank-heal,full-build,20,4,pack,180,200,1.000,0.000,0.000,0.986,71.0,0.00,0.014,1.000,1.612
duo-tank-heal,full-build,20,4,pack,300,200,1.000,0.000,0.000,0.986,71.3,0.00,0.014,1.000,1.612
duo-tank-heal,full-build,20,4,boss,180,200,1.000,0.000,0.000,0.972,138.2,0.00,0.028,1.000,1.605
duo-tank-heal,full-build,20,4,boss,300,200,1.000,0.000,0.000,0.958,139.3,0.00,0.042,1.000,1.597
duo-tank-heal,full-build,20,5,solo,180,200,1.000,0.000,0.000,0.988,26.7,0.00,0.012,1.000,1.613
duo-tank-heal,full-build,20,5,solo,300,200,1.000,0.000,0.000,0.992,27.4,0.00,0.008,1.000,1.616
duo-tank-heal,full-build,20,5,pack,180,200,0.850,0.150,0.000,0.974,162.7,0.00,0.036,1.000,1.365
duo-tank-heal,full-build,20,5,pack,300,200,1.000,0.000,0.000,0.974,165.4,0.00,0.026,1.000,1.606
duo-tank-heal,full-build,20,5,boss,180,200,0.000,0.200,0.800,—,—,1.64,0.876,1.000,0.000
duo-tank-heal,full-build,20,5,boss,300,200,0.035,0.125,0.840,0.952,287.1,1.69,0.875,1.000,0.056
duo-tank-heal,full-build,20,6,solo,180,200,1.000,0.000,0.000,0.985,107.1,0.00,0.015,1.000,1.612
duo-tank-heal,full-build,20,6,solo,300,200,1.000,0.000,0.000,0.984,108.3,0.00,0.016,1.000,1.612
duo-tank-heal,full-build,20,6,pack,180,200,0.000,0.000,1.000,—,—,2.00,1.000,0.826,0.000
duo-tank-heal,full-build,20,6,pack,300,200,0.000,0.000,1.000,—,—,2.00,1.000,0.828,0.000
duo-tank-heal,full-build,20,6,boss,180,200,0.000,0.000,1.000,—,—,2.00,1.000,0.830,0.000
duo-tank-heal,full-build,20,6,boss,300,200,0.000,0.000,1.000,—,—,2.00,1.000,0.837,0.000
duo-tank-heal,full-build,20,7,solo,180,200,0.000,0.955,0.045,—,—,0.10,0.364,0.999,0.000
duo-tank-heal,full-build,20,7,solo,300,200,0.430,0.475,0.095,0.943,278.3,0.19,0.237,0.999,0.683
duo-tank-heal,full-build,20,7,pack,180,200,0.000,0.000,1.000,—,—,2.00,1.000,0.695,0.000
duo-tank-heal,full-build,20,7,pack,300,200,0.000,0.000,1.000,—,—,2.00,1.000,0.685,0.000
duo-tank-heal,full-build,20,7,boss,180,200,0.000,0.000,1.000,—,—,2.00,1.000,0.696,0.000
duo-tank-heal,full-build,20,7,boss,300,200,0.000,0.000,1.000,—,—,2.00,1.000,0.685,0.000
duo-tank-heal,full-build,20,8,solo,180,200,0.000,0.000,1.000,—,—,2.00,1.000,0.743,0.000
duo-tank-heal,full-build,20,8,solo,300,200,0.000,0.000,1.000,—,—,2.00,1.000,0.760,0.000
duo-tank-heal,full-build,20,8,pack,180,200,0.000,0.000,1.000,—,—,2.00,1.000,0.722,0.000
duo-tank-heal,full-build,20,8,pack,300,200,0.000,0.000,1.000,—,—,2.00,1.000,0.723,0.000
duo-tank-heal,full-build,20,8,boss,180,200,0.000,0.000,1.000,—,—,2.00,1.000,0.725,0.000
duo-tank-heal,full-build,20,8,boss,300,200,0.000,0.000,1.000,—,—,2.00,1.000,0.728,0.000
duo-tank-heal,full-build,35,1,solo,180,200,1.000,0.000,0.000,1.000,0.0,0.00,0.000,—,1.710
duo-tank-heal,full-build,35,1,solo,300,200,1.000,0.000,0.000,1.000,0.0,0.00,0.000,—,1.710
duo-tank-heal,full-build,35,1,pack,180,200,1.000,0.000,0.000,0.995,3.9,0.00,0.005,1.000,1.707
duo-tank-heal,full-build,35,1,pack,300,200,1.000,0.000,0.000,0.996,3.9,0.00,0.004,1.000,1.707
duo-tank-heal,full-build,35,1,boss,180,200,1.000,0.000,0.000,0.996,6.8,0.00,0.004,1.000,1.708
duo-tank-heal,full-build,35,1,boss,300,200,1.000,0.000,0.000,0.996,6.9,0.00,0.004,1.000,1.708
duo-tank-heal,full-build,35,2,solo,180,200,1.000,0.000,0.000,1.000,0.0,0.00,0.000,—,1.710
duo-tank-heal,full-build,35,2,solo,300,200,1.000,0.000,0.000,1.000,0.0,0.00,0.000,—,1.710
duo-tank-heal,full-build,35,2,pack,180,200,1.000,0.000,0.000,0.992,3.9,0.00,0.008,1.000,1.705
duo-tank-heal,full-build,35,2,pack,300,200,1.000,0.000,0.000,0.992,3.9,0.00,0.008,1.000,1.705
duo-tank-heal,full-build,35,2,boss,180,200,1.000,0.000,0.000,0.982,11.7,0.00,0.018,1.000,1.700
duo-tank-heal,full-build,35,2,boss,300,200,1.000,0.000,0.000,0.983,11.8,0.00,0.017,1.000,1.700
duo-tank-heal,full-build,35,3,solo,180,200,1.000,0.000,0.000,1.000,0.0,0.00,0.000,—,1.710
duo-tank-heal,full-build,35,3,solo,300,200,1.000,0.000,0.000,1.000,0.0,0.00,0.000,—,1.710
duo-tank-heal,full-build,35,3,pack,180,200,1.000,0.000,0.000,0.961,11.7,0.00,0.039,1.000,1.688
duo-tank-heal,full-build,35,3,pack,300,200,1.000,0.000,0.000,0.962,11.7,0.00,0.038,1.000,1.688
duo-tank-heal,full-build,35,3,boss,180,200,1.000,0.000,0.000,0.947,18.0,0.00,0.053,1.000,1.680
duo-tank-heal,full-build,35,3,boss,300,200,1.000,0.000,0.000,0.946,18.1,0.00,0.054,1.000,1.679
duo-tank-heal,full-build,35,4,solo,180,200,1.000,0.000,0.000,0.972,3.9,0.00,0.028,1.000,1.694
duo-tank-heal,full-build,35,4,solo,300,200,1.000,0.000,0.000,0.974,3.9,0.00,0.026,1.000,1.695
duo-tank-heal,full-build,35,4,pack,180,200,1.000,0.000,0.000,0.875,19.2,0.00,0.125,1.000,1.639
duo-tank-heal,full-build,35,4,pack,300,200,1.000,0.000,0.000,0.872,19.0,0.00,0.128,1.000,1.637
duo-tank-heal,full-build,35,4,boss,180,200,1.000,0.000,0.000,0.989,73.1,0.00,0.011,1.000,1.704
duo-tank-heal,full-build,35,4,boss,300,200,1.000,0.000,0.000,0.990,72.2,0.00,0.010,1.000,1.704
duo-tank-heal,full-build,35,5,solo,180,200,1.000,0.000,0.000,0.928,8.7,0.00,0.072,1.000,1.669
duo-tank-heal,full-build,35,5,solo,300,200,1.000,0.000,0.000,0.928,8.9,0.00,0.072,1.000,1.669
duo-tank-heal,full-build,35,5,pack,180,200,1.000,0.000,0.000,0.990,93.3,0.00,0.010,1.000,1.704
duo-tank-heal,full-build,35,5,pack,300,200,1.000,0.000,0.000,0.992,93.7,0.00,0.008,1.000,1.705
duo-tank-heal,full-build,35,5,boss,180,200,0.560,0.440,0.000,0.967,158.9,0.00,0.122,1.000,0.947
duo-tank-heal,full-build,35,5,boss,300,200,1.000,0.000,0.000,0.984,179.3,0.00,0.016,1.000,1.701
duo-tank-heal,full-build,35,6,solo,180,200,1.000,0.000,0.000,0.991,39.4,0.00,0.009,1.000,1.705
duo-tank-heal,full-build,35,6,solo,300,200,1.000,0.000,0.000,0.994,39.9,0.00,0.006,1.000,1.707
duo-tank-heal,full-build,35,6,pack,180,200,0.015,0.985,0.000,0.922,178.0,0.00,0.083,1.000,0.025
duo-tank-heal,full-build,35,6,pack,300,200,1.000,0.000,0.000,0.977,236.3,0.00,0.023,1.000,1.697
duo-tank-heal,full-build,35,6,boss,180,200,0.000,0.015,0.985,—,—,1.98,0.995,1.000,0.000
duo-tank-heal,full-build,35,6,boss,300,200,0.000,0.000,1.000,—,—,2.00,1.000,1.000,0.000
duo-tank-heal,full-build,35,7,solo,180,200,0.735,0.265,0.000,0.966,153.0,0.00,0.065,1.000,1.243
duo-tank-heal,full-build,35,7,solo,300,200,1.000,0.000,0.000,0.975,163.4,0.00,0.025,1.000,1.696
duo-tank-heal,full-build,35,7,pack,180,200,0.000,0.050,0.950,—,—,1.91,0.973,0.958,0.000
duo-tank-heal,full-build,35,7,pack,300,200,0.000,0.020,0.980,—,—,1.96,0.983,0.957,0.000
duo-tank-heal,full-build,35,7,boss,180,200,0.000,0.000,1.000,—,—,2.00,1.000,0.959,0.000
duo-tank-heal,full-build,35,7,boss,300,200,0.000,0.000,1.000,—,—,2.00,1.000,0.952,0.000
duo-tank-heal,full-build,35,8,solo,180,200,0.000,0.545,0.455,—,—,0.91,0.605,0.987,0.000
duo-tank-heal,full-build,35,8,solo,300,200,0.000,0.555,0.445,—,—,0.89,0.534,0.992,0.000
duo-tank-heal,full-build,35,8,pack,180,200,0.000,0.000,1.000,—,—,2.00,1.000,0.828,0.000
duo-tank-heal,full-build,35,8,pack,300,200,0.000,0.000,1.000,—,—,2.00,1.000,0.825,0.000
duo-tank-heal,full-build,35,8,boss,180,200,0.000,0.000,1.000,—,—,2.00,1.000,0.773,0.000
duo-tank-heal,full-build,35,8,boss,300,200,0.000,0.000,1.000,—,—,2.00,1.000,0.784,0.000
duo-tank-heal,full-build,50,1,solo,180,200,1.000,0.000,0.000,1.000,0.0,0.00,0.000,—,1.800
duo-tank-heal,full-build,50,1,solo,300,200,1.000,0.000,0.000,1.000,0.0,0.00,0.000,—,1.800
duo-tank-heal,full-build,50,1,pack,180,200,1.000,0.000,0.000,0.998,3.9,0.00,0.002,1.000,1.799
duo-tank-heal,full-build,50,1,pack,300,200,1.000,0.000,0.000,0.998,3.9,0.00,0.002,1.000,1.799
duo-tank-heal,full-build,50,1,boss,180,200,1.000,0.000,0.000,1.000,6.0,0.00,0.000,1.000,1.800
duo-tank-heal,full-build,50,1,boss,300,200,1.000,0.000,0.000,1.000,6.0,0.00,0.000,1.000,1.800
duo-tank-heal,full-build,50,2,solo,180,200,1.000,0.000,0.000,1.000,0.0,0.00,0.000,—,1.800
duo-tank-heal,full-build,50,2,solo,300,200,1.000,0.000,0.000,1.000,0.0,0.00,0.000,—,1.800
duo-tank-heal,full-build,50,2,pack,180,200,1.000,0.000,0.000,0.996,3.9,0.00,0.004,1.000,1.797
duo-tank-heal,full-build,50,2,pack,300,200,1.000,0.000,0.000,0.996,3.9,0.00,0.004,1.000,1.797
duo-tank-heal,full-build,50,2,boss,180,200,1.000,0.000,0.000,0.994,7.9,0.00,0.006,1.000,1.797
duo-tank-heal,full-build,50,2,boss,300,200,1.000,0.000,0.000,0.994,8.1,0.00,0.006,1.000,1.797
duo-tank-heal,full-build,50,3,solo,180,200,1.000,0.000,0.000,1.000,0.0,0.00,0.000,—,1.800
duo-tank-heal,full-build,50,3,solo,300,200,1.000,0.000,0.000,1.000,0.0,0.00,0.000,—,1.800
duo-tank-heal,full-build,50,3,pack,180,200,1.000,0.000,0.000,0.988,6.7,0.00,0.012,1.000,1.793
duo-tank-heal,full-build,50,3,pack,300,200,1.000,0.000,0.000,0.988,6.8,0.00,0.012,1.000,1.793
duo-tank-heal,full-build,50,3,boss,180,200,1.000,0.000,0.000,0.981,13.2,0.00,0.019,1.000,1.788
duo-tank-heal,full-build,50,3,boss,300,200,1.000,0.000,0.000,0.981,13.3,0.00,0.019,1.000,1.789
duo-tank-heal,full-build,50,4,solo,180,200,1.000,0.000,0.000,0.997,0.9,0.00,0.003,1.000,1.798
duo-tank-heal,full-build,50,4,solo,300,200,1.000,0.000,0.000,0.997,0.8,0.00,0.003,1.000,1.798
duo-tank-heal,full-build,50,4,pack,180,200,1.000,0.000,0.000,0.960,12.3,0.00,0.040,1.000,1.776
duo-tank-heal,full-build,50,4,pack,300,200,1.000,0.000,0.000,0.959,12.5,0.00,0.041,1.000,1.776
duo-tank-heal,full-build,50,4,boss,180,200,1.000,0.000,0.000,0.890,34.5,0.00,0.110,1.000,1.734
duo-tank-heal,full-build,50,4,boss,300,200,1.000,0.000,0.000,0.893,34.7,0.00,0.107,1.000,1.736
duo-tank-heal,full-build,50,5,solo,180,200,1.000,0.000,0.000,0.977,5.9,0.00,0.023,1.000,1.786
duo-tank-heal,full-build,50,5,solo,300,200,1.000,0.000,0.000,0.977,5.9,0.00,0.023,1.000,1.786
duo-tank-heal,full-build,50,5,pack,180,200,1.000,0.000,0.000,0.952,36.4,0.00,0.048,1.000,1.771
duo-tank-heal,full-build,50,5,pack,300,200,1.000,0.000,0.000,0.956,36.7,0.00,0.044,1.000,1.773
duo-tank-heal,full-build,50,5,boss,180,200,1.000,0.000,0.000,0.988,101.5,0.00,0.012,1.000,1.793
duo-tank-heal,full-build,50,5,boss,300,200,1.000,0.000,0.000,0.992,102.7,0.00,0.008,1.000,1.795
duo-tank-heal,full-build,50,6,solo,180,200,1.000,0.000,0.000,0.902,13.3,0.00,0.098,1.000,1.741
duo-tank-heal,full-build,50,6,solo,300,200,1.000,0.000,0.000,0.900,13.3,0.00,0.100,1.000,1.740
duo-tank-heal,full-build,50,6,pack,180,200,0.960,0.040,0.000,0.979,155.6,0.00,0.023,1.000,1.716
duo-tank-heal,full-build,50,6,pack,300,200,1.000,0.000,0.000,0.983,159.6,0.00,0.017,1.000,1.790
duo-tank-heal,full-build,50,6,boss,180,200,0.000,0.490,0.510,—,—,1.02,0.638,1.000,0.000
duo-tank-heal,full-build,50,6,boss,300,200,0.185,0.385,0.430,0.969,274.3,0.86,0.530,1.000,0.330
duo-tank-heal,full-build,50,7,solo,180,200,1.000,0.000,0.000,0.975,85.3,0.00,0.025,1.000,1.785
duo-tank-heal,full-build,50,7,solo,300,200,1.000,0.000,0.000,0.977,86.2,0.00,0.023,1.000,1.786
duo-tank-heal,full-build,50,7,pack,180,200,0.000,1.000,0.000,—,—,0.00,0.157,1.000,0.000
duo-tank-heal,full-build,50,7,pack,300,200,0.000,1.000,0.000,—,—,0.00,0.052,1.000,0.000
duo-tank-heal,full-build,50,7,boss,180,200,0.000,0.000,1.000,—,—,2.00,1.000,1.000,0.000
duo-tank-heal,full-build,50,7,boss,300,200,0.000,0.000,1.000,—,—,2.00,1.000,1.000,0.000
duo-tank-heal,full-build,50,8,solo,180,200,0.010,0.990,0.000,0.973,172.1,0.00,0.146,0.992,0.018
duo-tank-heal,full-build,50,8,solo,300,200,0.215,0.785,0.000,0.975,261.6,0.00,0.065,0.994,0.384
duo-tank-heal,full-build,50,8,pack,180,200,0.000,0.220,0.780,—,—,1.59,0.878,0.977,0.000
duo-tank-heal,full-build,50,8,pack,300,200,0.000,0.115,0.885,—,—,1.77,0.923,0.977,0.000
duo-tank-heal,full-build,50,8,boss,180,200,0.000,0.000,1.000,—,—,2.00,1.000,0.969,0.000
duo-tank-heal,full-build,50,8,boss,300,200,0.000,0.000,1.000,—,—,2.00,1.000,0.968,0.000
solo-tank,naked,1,1,solo,180,200,1.000,0.000,0.000,0.437,28.5,0.00,0.563,1.000,1.223
solo-tank,naked,1,1,solo,300,200,1.000,0.000,0.000,0.447,28.4,0.00,0.553,1.000,1.228
solo-tank,naked,1,1,pack,180,200,0.000,0.000,1.000,—,—,1.00,1.000,1.000,0.000
solo-tank,naked,1,1,pack,300,200,0.000,0.000,1.000,—,—,1.00,1.000,1.000,0.000
solo-tank,naked,1,1,boss,180,200,0.000,0.000,1.000,—,—,1.00,1.000,1.000,0.000
solo-tank,naked,1,1,boss,300,200,0.000,0.000,1.000,—,—,1.00,1.000,1.000,0.000
solo-tank,naked,1,2,solo,180,200,0.000,0.000,1.000,—,—,1.00,1.000,1.000,0.000
solo-tank,naked,1,2,solo,300,200,0.000,0.000,1.000,—,—,1.00,1.000,1.000,0.000
solo-tank,naked,1,2,pack,180,200,0.000,0.000,1.000,—,—,1.00,1.000,1.000,0.000
solo-tank,naked,1,2,pack,300,200,0.000,0.000,1.000,—,—,1.00,1.000,1.000,0.000
solo-tank,naked,1,2,boss,180,200,0.000,0.000,1.000,—,—,1.00,1.000,1.000,0.000
solo-tank,naked,1,2,boss,300,200,0.000,0.000,1.000,—,—,1.00,1.000,1.000,0.000
solo-tank,naked,1,3,solo,180,200,0.000,0.000,1.000,—,—,1.00,1.000,1.000,0.000
solo-tank,naked,1,3,solo,300,200,0.000,0.000,1.000,—,—,1.00,1.000,1.000,0.000
solo-tank,naked,1,3,pack,180,200,0.000,0.000,1.000,—,—,1.00,1.000,1.000,0.000
solo-tank,naked,1,3,pack,300,200,0.000,0.000,1.000,—,—,1.00,1.000,1.000,0.000
solo-tank,naked,1,3,boss,180,200,0.000,0.000,1.000,—,—,1.00,1.000,1.000,0.000
solo-tank,naked,1,3,boss,300,200,0.000,0.000,1.000,—,—,1.00,1.000,1.000,0.000
solo-tank,naked,1,4,solo,180,200,0.000,0.000,1.000,—,—,1.00,1.000,1.000,0.000
solo-tank,naked,1,4,solo,300,200,0.000,0.000,1.000,—,—,1.00,1.000,1.000,0.000
solo-tank,naked,1,4,pack,180,200,0.000,0.000,1.000,—,—,1.00,1.000,1.000,0.000
solo-tank,naked,1,4,pack,300,200,0.000,0.000,1.000,—,—,1.00,1.000,1.000,0.000
solo-tank,naked,1,4,boss,180,200,0.000,0.000,1.000,—,—,1.00,1.000,1.000,0.000
solo-tank,naked,1,4,boss,300,200,0.000,0.000,1.000,—,—,1.00,1.000,1.000,0.000
solo-tank,naked,1,5,solo,180,200,0.000,0.000,1.000,—,—,1.00,1.000,1.000,0.000
solo-tank,naked,1,5,solo,300,200,0.000,0.000,1.000,—,—,1.00,1.000,1.000,0.000
solo-tank,naked,1,5,pack,180,200,0.000,0.000,1.000,—,—,1.00,1.000,1.000,0.000
solo-tank,naked,1,5,pack,300,200,0.000,0.000,1.000,—,—,1.00,1.000,1.000,0.000
solo-tank,naked,1,5,boss,180,200,0.000,0.000,1.000,—,—,1.00,1.000,1.000,0.000
solo-tank,naked,1,5,boss,300,200,0.000,0.000,1.000,—,—,1.00,1.000,1.000,0.000
solo-tank,naked,1,6,solo,180,200,0.000,0.000,1.000,—,—,1.00,1.000,1.000,0.000
solo-tank,naked,1,6,solo,300,200,0.000,0.000,1.000,—,—,1.00,1.000,1.000,0.000
solo-tank,naked,1,6,pack,180,200,0.000,0.000,1.000,—,—,1.00,1.000,1.000,0.000
solo-tank,naked,1,6,pack,300,200,0.000,0.000,1.000,—,—,1.00,1.000,1.000,0.000
solo-tank,naked,1,6,boss,180,200,0.000,0.000,1.000,—,—,1.00,1.000,1.000,0.000
solo-tank,naked,1,6,boss,300,200,0.000,0.000,1.000,—,—,1.00,1.000,1.000,0.000
solo-tank,naked,1,7,solo,180,200,0.000,0.000,1.000,—,—,1.00,1.000,1.000,0.000
solo-tank,naked,1,7,solo,300,200,0.000,0.000,1.000,—,—,1.00,1.000,1.000,0.000
solo-tank,naked,1,7,pack,180,200,0.000,0.000,1.000,—,—,1.00,1.000,1.000,0.000
solo-tank,naked,1,7,pack,300,200,0.000,0.000,1.000,—,—,1.00,1.000,1.000,0.000
solo-tank,naked,1,7,boss,180,200,0.000,0.000,1.000,—,—,1.00,1.000,1.000,0.000
solo-tank,naked,1,7,boss,300,200,0.000,0.000,1.000,—,—,1.00,1.000,1.000,0.000
solo-tank,naked,1,8,solo,180,200,0.000,0.000,1.000,—,—,1.00,1.000,1.000,0.000
solo-tank,naked,1,8,solo,300,200,0.000,0.000,1.000,—,—,1.00,1.000,1.000,0.000
solo-tank,naked,1,8,pack,180,200,0.000,0.000,1.000,—,—,1.00,1.000,1.000,0.000
solo-tank,naked,1,8,pack,300,200,0.000,0.000,1.000,—,—,1.00,1.000,1.000,0.000
solo-tank,naked,1,8,boss,180,200,0.000,0.000,1.000,—,—,1.00,1.000,1.000,0.000
solo-tank,naked,1,8,boss,300,200,0.000,0.000,1.000,—,—,1.00,1.000,1.000,0.000
solo-tank,naked,5,1,solo,180,200,1.000,0.000,0.000,0.824,15.5,0.00,0.176,1.000,1.440
solo-tank,naked,5,1,solo,300,200,1.000,0.000,0.000,0.821,16.0,0.00,0.179,1.000,1.439
solo-tank,naked,5,1,pack,180,200,0.000,0.000,1.000,—,—,1.00,1.000,1.000,0.000
solo-tank,naked,5,1,pack,300,200,0.000,0.000,1.000,—,—,1.00,1.000,1.000,0.000
solo-tank,naked,5,1,boss,180,200,0.000,0.000,1.000,—,—,1.00,1.000,1.000,0.000
solo-tank,naked,5,1,boss,300,200,0.000,0.000,1.000,—,—,1.00,1.000,1.000,0.000
solo-tank,naked,5,2,solo,180,200,0.685,0.000,0.315,0.186,31.1,0.32,0.873,1.000,0.764
solo-tank,naked,5,2,solo,300,200,0.725,0.000,0.275,0.190,31.7,0.28,0.863,1.000,0.810
solo-tank,naked,5,2,pack,180,200,0.000,0.000,1.000,—,—,1.00,1.000,1.000,0.000
solo-tank,naked,5,2,pack,300,200,0.000,0.000,1.000,—,—,1.00,1.000,1.000,0.000
solo-tank,naked,5,2,boss,180,200,0.000,0.000,1.000,—,—,1.00,1.000,1.000,0.000
solo-tank,naked,5,2,boss,300,200,0.000,0.000,1.000,—,—,1.00,1.000,1.000,0.000
solo-tank,naked,5,3,solo,180,200,0.000,0.000,1.000,—,—,1.00,1.000,1.000,0.000
solo-tank,naked,5,3,solo,300,200,0.000,0.000,1.000,—,—,1.00,1.000,1.000,0.000
solo-tank,naked,5,3,pack,180,200,0.000,0.000,1.000,—,—,1.00,1.000,1.000,0.000
solo-tank,naked,5,3,pack,300,200,0.000,0.000,1.000,—,—,1.00,1.000,1.000,0.000
solo-tank,naked,5,3,boss,180,200,0.000,0.000,1.000,—,—,1.00,1.000,1.000,0.000
solo-tank,naked,5,3,boss,300,200,0.000,0.000,1.000,—,—,1.00,1.000,1.000,0.000
solo-tank,naked,5,4,solo,180,200,0.000,0.000,1.000,—,—,1.00,1.000,1.000,0.000
solo-tank,naked,5,4,solo,300,200,0.000,0.000,1.000,—,—,1.00,1.000,1.000,0.000
solo-tank,naked,5,4,pack,180,200,0.000,0.000,1.000,—,—,1.00,1.000,1.000,0.000
solo-tank,naked,5,4,pack,300,200,0.000,0.000,1.000,—,—,1.00,1.000,1.000,0.000
solo-tank,naked,5,4,boss,180,200,0.000,0.000,1.000,—,—,1.00,1.000,1.000,0.000
solo-tank,naked,5,4,boss,300,200,0.000,0.000,1.000,—,—,1.00,1.000,1.000,0.000
solo-tank,naked,5,5,solo,180,200,0.000,0.000,1.000,—,—,1.00,1.000,1.000,0.000
solo-tank,naked,5,5,solo,300,200,0.000,0.000,1.000,—,—,1.00,1.000,1.000,0.000
solo-tank,naked,5,5,pack,180,200,0.000,0.000,1.000,—,—,1.00,1.000,1.000,0.000
solo-tank,naked,5,5,pack,300,200,0.000,0.000,1.000,—,—,1.00,1.000,1.000,0.000
solo-tank,naked,5,5,boss,180,200,0.000,0.000,1.000,—,—,1.00,1.000,1.000,0.000
solo-tank,naked,5,5,boss,300,200,0.000,0.000,1.000,—,—,1.00,1.000,1.000,0.000
solo-tank,naked,5,6,solo,180,200,0.000,0.000,1.000,—,—,1.00,1.000,1.000,0.000
solo-tank,naked,5,6,solo,300,200,0.000,0.000,1.000,—,—,1.00,1.000,1.000,0.000
solo-tank,naked,5,6,pack,180,200,0.000,0.000,1.000,—,—,1.00,1.000,1.000,0.000
solo-tank,naked,5,6,pack,300,200,0.000,0.000,1.000,—,—,1.00,1.000,1.000,0.000
solo-tank,naked,5,6,boss,180,200,0.000,0.000,1.000,—,—,1.00,1.000,1.000,0.000
solo-tank,naked,5,6,boss,300,200,0.000,0.000,1.000,—,—,1.00,1.000,1.000,0.000
solo-tank,naked,5,7,solo,180,200,0.000,0.000,1.000,—,—,1.00,1.000,1.000,0.000
solo-tank,naked,5,7,solo,300,200,0.000,0.000,1.000,—,—,1.00,1.000,1.000,0.000
solo-tank,naked,5,7,pack,180,200,0.000,0.000,1.000,—,—,1.00,1.000,1.000,0.000
solo-tank,naked,5,7,pack,300,200,0.000,0.000,1.000,—,—,1.00,1.000,1.000,0.000
solo-tank,naked,5,7,boss,180,200,0.000,0.000,1.000,—,—,1.00,1.000,1.000,0.000
solo-tank,naked,5,7,boss,300,200,0.000,0.000,1.000,—,—,1.00,1.000,1.000,0.000
solo-tank,naked,5,8,solo,180,200,0.000,0.000,1.000,—,—,1.00,1.000,1.000,0.000
solo-tank,naked,5,8,solo,300,200,0.000,0.000,1.000,—,—,1.00,1.000,1.000,0.000
solo-tank,naked,5,8,pack,180,200,0.000,0.000,1.000,—,—,1.00,1.000,1.000,0.000
solo-tank,naked,5,8,pack,300,200,0.000,0.000,1.000,—,—,1.00,1.000,1.000,0.000
solo-tank,naked,5,8,boss,180,200,0.000,0.000,1.000,—,—,1.00,1.000,1.000,0.000
solo-tank,naked,5,8,boss,300,200,0.000,0.000,1.000,—,—,1.00,1.000,1.000,0.000
solo-tank,naked,10,1,solo,180,200,1.000,0.000,0.000,0.960,7.6,0.00,0.040,1.000,1.539
solo-tank,naked,10,1,solo,300,200,1.000,0.000,0.000,0.961,7.3,0.00,0.039,1.000,1.540
solo-tank,naked,10,1,pack,180,200,1.000,0.000,0.000,0.484,34.1,0.00,0.516,1.000,1.292
solo-tank,naked,10,1,pack,300,200,1.000,0.000,0.000,0.479,33.9,0.00,0.521,1.000,1.289
solo-tank,naked,10,1,boss,180,200,0.280,0.000,0.720,0.133,61.1,0.72,0.963,1.000,0.311
solo-tank,naked,10,1,boss,300,200,0.280,0.000,0.720,0.143,61.0,0.72,0.960,1.000,0.312
solo-tank,naked,10,2,solo,180,200,1.000,0.000,0.000,0.705,18.0,0.00,0.295,1.000,1.406
solo-tank,naked,10,2,solo,300,200,1.000,0.000,0.000,0.711,17.9,0.00,0.289,1.000,1.410
solo-tank,naked,10,2,pack,180,200,0.000,0.000,1.000,—,—,1.00,1.000,1.000,0.000
solo-tank,naked,10,2,pack,300,200,0.000,0.000,1.000,—,—,1.00,1.000,1.000,0.000
solo-tank,naked,10,2,boss,180,200,0.000,0.000,1.000,—,—,1.00,1.000,1.000,0.000
solo-tank,naked,10,2,boss,300,200,0.000,0.000,1.000,—,—,1.00,1.000,1.000,0.000
solo-tank,naked,10,3,solo,180,200,0.050,0.000,0.950,0.185,32.4,0.95,0.991,1.000,0.057
solo-tank,naked,10,3,solo,300,200,0.050,0.000,0.950,0.139,32.4,0.95,0.993,1.000,0.056
solo-tank,naked,10,3,pack,180,200,0.000,0.000,1.000,—,—,1.00,1.000,1.000,0.000
solo-tank,naked,10,3,pack,300,200,0.000,0.000,1.000,—,—,1.00,1.000,1.000,0.000
solo-tank,naked,10,3,boss,180,200,0.000,0.000,1.000,—,—,1.00,1.000,1.000,0.000
solo-tank,naked,10,3,boss,300,200,0.000,0.000,1.000,—,—,1.00,1.000,1.000,0.000
solo-tank,naked,10,4,solo,180,200,0.000,0.000,1.000,—,—,1.00,1.000,1.000,0.000
solo-tank,naked,10,4,solo,300,200,0.000,0.000,1.000,—,—,1.00,1.000,1.000,0.000
solo-tank,naked,10,4,pack,180,200,0.000,0.000,1.000,—,—,1.00,1.000,1.000,0.000
solo-tank,naked,10,4,pack,300,200,0.000,0.000,1.000,—,—,1.00,1.000,1.000,0.000
solo-tank,naked,10,4,boss,180,200,0.000,0.000,1.000,—,—,1.00,1.000,1.000,0.000
solo-tank,naked,10,4,boss,300,200,0.000,0.000,1.000,—,—,1.00,1.000,1.000,0.000
solo-tank,naked,10,5,solo,180,200,0.000,0.000,1.000,—,—,1.00,1.000,1.000,0.000
solo-tank,naked,10,5,solo,300,200,0.000,0.000,1.000,—,—,1.00,1.000,1.000,0.000
solo-tank,naked,10,5,pack,180,200,0.000,0.000,1.000,—,—,1.00,1.000,1.000,0.000
solo-tank,naked,10,5,pack,300,200,0.000,0.000,1.000,—,—,1.00,1.000,1.000,0.000
solo-tank,naked,10,5,boss,180,200,0.000,0.000,1.000,—,—,1.00,1.000,1.000,0.000
solo-tank,naked,10,5,boss,300,200,0.000,0.000,1.000,—,—,1.00,1.000,1.000,0.000
solo-tank,naked,10,6,solo,180,200,0.000,0.000,1.000,—,—,1.00,1.000,1.000,0.000
solo-tank,naked,10,6,solo,300,200,0.000,0.000,1.000,—,—,1.00,1.000,1.000,0.000
solo-tank,naked,10,6,pack,180,200,0.000,0.000,1.000,—,—,1.00,1.000,1.000,0.000
solo-tank,naked,10,6,pack,300,200,0.000,0.000,1.000,—,—,1.00,1.000,1.000,0.000
solo-tank,naked,10,6,boss,180,200,0.000,0.000,1.000,—,—,1.00,1.000,1.000,0.000
solo-tank,naked,10,6,boss,300,200,0.000,0.000,1.000,—,—,1.00,1.000,1.000,0.000
solo-tank,naked,10,7,solo,180,200,0.000,0.000,1.000,—,—,1.00,1.000,1.000,0.000
solo-tank,naked,10,7,solo,300,200,0.000,0.000,1.000,—,—,1.00,1.000,1.000,0.000
solo-tank,naked,10,7,pack,180,200,0.000,0.000,1.000,—,—,1.00,1.000,1.000,0.000
solo-tank,naked,10,7,pack,300,200,0.000,0.000,1.000,—,—,1.00,1.000,1.000,0.000
solo-tank,naked,10,7,boss,180,200,0.000,0.000,1.000,—,—,1.00,1.000,1.000,0.000
solo-tank,naked,10,7,boss,300,200,0.000,0.000,1.000,—,—,1.00,1.000,1.000,0.000
solo-tank,naked,10,8,solo,180,200,0.000,0.000,1.000,—,—,1.00,1.000,1.000,0.000
solo-tank,naked,10,8,solo,300,200,0.000,0.000,1.000,—,—,1.00,1.000,1.000,0.000
solo-tank,naked,10,8,pack,180,200,0.000,0.000,1.000,—,—,1.00,1.000,1.000,0.000
solo-tank,naked,10,8,pack,300,200,0.000,0.000,1.000,—,—,1.00,1.000,1.000,0.000
solo-tank,naked,10,8,boss,180,200,0.000,0.000,1.000,—,—,1.00,1.000,1.000,0.000
solo-tank,naked,10,8,boss,300,200,0.000,0.000,1.000,—,—,1.00,1.000,1.000,0.000
solo-tank,naked,20,1,solo,180,200,1.000,0.000,0.000,0.999,5.8,0.00,0.001,1.000,1.619
solo-tank,naked,20,1,solo,300,200,1.000,0.000,0.000,0.998,5.7,0.00,0.002,1.000,1.619
solo-tank,naked,20,1,pack,180,200,1.000,0.000,0.000,0.858,28.8,0.00,0.142,1.000,1.544
solo-tank,naked,20,1,pack,300,200,1.000,0.000,0.000,0.855,29.3,0.00,0.145,1.000,1.542
solo-tank,naked,20,1,boss,180,200,1.000,0.000,0.000,0.770,43.8,0.00,0.230,1.000,1.496
solo-tank,naked,20,1,boss,300,200,1.000,0.000,0.000,0.777,43.9,0.00,0.223,1.000,1.499
solo-tank,naked,20,2,solo,180,200,1.000,0.000,0.000,0.938,10.9,0.00,0.062,1.000,1.587
solo-tank,naked,20,2,solo,300,200,1.000,0.000,0.000,0.941,10.8,0.00,0.059,1.000,1.588
solo-tank,naked,20,2,pack,180,200,0.970,0.000,0.030,0.273,44.2,0.03,0.736,1.000,1.190
solo-tank,naked,20,2,pack,300,200,0.955,0.000,0.045,0.275,44.1,0.04,0.737,1.000,1.173
solo-tank,naked,20,2,boss,180,200,0.050,0.000,0.950,0.113,69.6,0.95,0.994,1.000,0.057
solo-tank,naked,20,2,boss,300,200,0.080,0.000,0.920,0.127,71.6,0.92,0.990,1.000,0.092
solo-tank,naked,20,3,solo,180,200,1.000,0.000,0.000,0.640,22.0,0.00,0.360,1.000,1.426
solo-tank,naked,20,3,solo,300,200,1.000,0.000,0.000,0.648,21.7,0.00,0.352,1.000,1.430
solo-tank,naked,20,3,pack,180,200,0.000,0.000,1.000,—,—,1.00,1.000,1.000,0.000
solo-tank,naked,20,3,pack,300,200,0.000,0.000,1.000,—,—,1.00,1.000,1.000,0.000
solo-tank,naked,20,3,boss,180,200,0.000,0.000,1.000,—,—,1.00,1.000,1.000,0.000
solo-tank,naked,20,3,boss,300,200,0.000,0.000,1.000,—,—,1.00,1.000,1.000,0.000
solo-tank,naked,20,4,solo,180,200,0.000,0.000,1.000,—,—,1.00,1.000,1.000,0.000
solo-tank,naked,20,4,solo,300,200,0.000,0.000,1.000,—,—,1.00,1.000,1.000,0.000
solo-tank,naked,20,4,pack,180,200,0.000,0.000,1.000,—,—,1.00,1.000,1.000,0.000
solo-tank,naked,20,4,pack,300,200,0.000,0.000,1.000,—,—,1.00,1.000,1.000,0.000
solo-tank,naked,20,4,boss,180,200,0.000,0.000,1.000,—,—,1.00,1.000,1.000,0.000
solo-tank,naked,20,4,boss,300,200,0.000,0.000,1.000,—,—,1.00,1.000,1.000,0.000
solo-tank,naked,20,5,solo,180,200,0.000,0.000,1.000,—,—,1.00,1.000,1.000,0.000
solo-tank,naked,20,5,solo,300,200,0.000,0.000,1.000,—,—,1.00,1.000,1.000,0.000
solo-tank,naked,20,5,pack,180,200,0.000,0.000,1.000,—,—,1.00,1.000,1.000,0.000
solo-tank,naked,20,5,pack,300,200,0.000,0.000,1.000,—,—,1.00,1.000,1.000,0.000
solo-tank,naked,20,5,boss,180,200,0.000,0.000,1.000,—,—,1.00,1.000,1.000,0.000
solo-tank,naked,20,5,boss,300,200,0.000,0.000,1.000,—,—,1.00,1.000,1.000,0.000
solo-tank,naked,20,6,solo,180,200,0.000,0.000,1.000,—,—,1.00,1.000,1.000,0.000
solo-tank,naked,20,6,solo,300,200,0.000,0.000,1.000,—,—,1.00,1.000,1.000,0.000
solo-tank,naked,20,6,pack,180,200,0.000,0.000,1.000,—,—,1.00,1.000,1.000,0.000
solo-tank,naked,20,6,pack,300,200,0.000,0.000,1.000,—,—,1.00,1.000,1.000,0.000
solo-tank,naked,20,6,boss,180,200,0.000,0.000,1.000,—,—,1.00,1.000,1.000,0.000
solo-tank,naked,20,6,boss,300,200,0.000,0.000,1.000,—,—,1.00,1.000,1.000,0.000
solo-tank,naked,20,7,solo,180,200,0.000,0.000,1.000,—,—,1.00,1.000,1.000,0.000
solo-tank,naked,20,7,solo,300,200,0.000,0.000,1.000,—,—,1.00,1.000,1.000,0.000
solo-tank,naked,20,7,pack,180,200,0.000,0.000,1.000,—,—,1.00,1.000,1.000,0.000
solo-tank,naked,20,7,pack,300,200,0.000,0.000,1.000,—,—,1.00,1.000,1.000,0.000
solo-tank,naked,20,7,boss,180,200,0.000,0.000,1.000,—,—,1.00,1.000,1.000,0.000
solo-tank,naked,20,7,boss,300,200,0.000,0.000,1.000,—,—,1.00,1.000,1.000,0.000
solo-tank,naked,20,8,solo,180,200,0.000,0.000,1.000,—,—,1.00,1.000,1.000,0.000
solo-tank,naked,20,8,solo,300,200,0.000,0.000,1.000,—,—,1.00,1.000,1.000,0.000
solo-tank,naked,20,8,pack,180,200,0.000,0.000,1.000,—,—,1.00,1.000,1.000,0.000
solo-tank,naked,20,8,pack,300,200,0.000,0.000,1.000,—,—,1.00,1.000,1.000,0.000
solo-tank,naked,20,8,boss,180,200,0.000,0.000,1.000,—,—,1.00,1.000,1.000,0.000
solo-tank,naked,20,8,boss,300,200,0.000,0.000,1.000,—,—,1.00,1.000,1.000,0.000
solo-tank,naked,35,1,solo,180,200,1.000,0.000,0.000,1.000,0.0,0.00,0.000,—,1.710
solo-tank,naked,35,1,solo,300,200,1.000,0.000,0.000,1.000,0.0,0.00,0.000,—,1.710
solo-tank,naked,35,1,pack,180,200,1.000,0.000,0.000,1.000,12.0,0.00,0.000,1.000,1.710
solo-tank,naked,35,1,pack,300,200,1.000,0.000,0.000,1.000,12.0,0.00,0.000,1.000,1.710
solo-tank,naked,35,1,boss,180,200,1.000,0.000,0.000,0.994,31.3,0.00,0.006,1.000,1.706
solo-tank,naked,35,1,boss,300,200,1.000,0.000,0.000,0.994,31.6,0.00,0.006,1.000,1.706
solo-tank,naked,35,2,solo,180,200,1.000,0.000,0.000,0.999,6.0,0.00,0.001,1.000,1.709
solo-tank,naked,35,2,solo,300,200,1.000,0.000,0.000,0.999,6.0,0.00,0.001,1.000,1.709
solo-tank,naked,35,2,pack,180,200,1.000,0.000,0.000,0.856,30.0,0.00,0.144,1.000,1.628
solo-tank,naked,35,2,pack,300,200,1.000,0.000,0.000,0.855,30.0,0.00,0.145,1.000,1.627
solo-tank,naked,35,2,boss,180,200,1.000,0.000,0.000,0.753,51.6,0.00,0.247,1.000,1.569
solo-tank,naked,35,2,boss,300,200,1.000,0.000,0.000,0.766,51.1,0.00,0.234,1.000,1.577
solo-tank,naked,35,3,solo,180,200,1.000,0.000,0.000,0.941,12.8,0.00,0.059,1.000,1.676
solo-tank,naked,35,3,solo,300,200,1.000,0.000,0.000,0.940,12.8,0.00,0.060,1.000,1.676
solo-tank,naked,35,3,pack,180,200,0.960,0.000,0.040,0.256,50.5,0.04,0.754,1.000,1.235
solo-tank,naked,35,3,pack,300,200,0.965,0.000,0.035,0.254,49.4,0.04,0.755,1.000,1.240
solo-tank,naked,35,3,boss,180,200,0.005,0.000,0.995,0.063,84.0,0.99,1.000,1.000,0.006
solo-tank,naked,35,3,boss,300,200,0.000,0.000,1.000,—,—,1.00,1.000,1.000,0.000
solo-tank,naked,35,4,solo,180,200,1.000,0.000,0.000,0.581,29.3,0.00,0.419,1.000,1.471
solo-tank,naked,35,4,solo,300,200,1.000,0.000,0.000,0.585,29.6,0.00,0.415,1.000,1.473
solo-tank,naked,35,4,pack,180,200,0.000,0.000,1.000,—,—,1.00,1.000,1.000,0.000
solo-tank,naked,35,4,pack,300,200,0.000,0.000,1.000,—,—,1.00,1.000,1.000,0.000
solo-tank,naked,35,4,boss,180,200,0.000,0.000,1.000,—,—,1.00,1.000,1.000,0.000
solo-tank,naked,35,4,boss,300,200,0.000,0.000,1.000,—,—,1.00,1.000,1.000,0.000
solo-tank,naked,35,5,solo,180,200,0.000,0.000,1.000,—,—,1.00,1.000,1.000,0.000
solo-tank,naked,35,5,solo,300,200,0.000,0.000,1.000,—,—,1.00,1.000,1.000,0.000
solo-tank,naked,35,5,pack,180,200,0.000,0.000,1.000,—,—,1.00,1.000,1.000,0.000
solo-tank,naked,35,5,pack,300,200,0.000,0.000,1.000,—,—,1.00,1.000,1.000,0.000
solo-tank,naked,35,5,boss,180,200,0.000,0.000,1.000,—,—,1.00,1.000,1.000,0.000
solo-tank,naked,35,5,boss,300,200,0.000,0.000,1.000,—,—,1.00,1.000,1.000,0.000
solo-tank,naked,35,6,solo,180,200,0.000,0.000,1.000,—,—,1.00,1.000,1.000,0.000
solo-tank,naked,35,6,solo,300,200,0.000,0.000,1.000,—,—,1.00,1.000,1.000,0.000
solo-tank,naked,35,6,pack,180,200,0.000,0.000,1.000,—,—,1.00,1.000,1.000,0.000
solo-tank,naked,35,6,pack,300,200,0.000,0.000,1.000,—,—,1.00,1.000,1.000,0.000
solo-tank,naked,35,6,boss,180,200,0.000,0.000,1.000,—,—,1.00,1.000,1.000,0.000
solo-tank,naked,35,6,boss,300,200,0.000,0.000,1.000,—,—,1.00,1.000,1.000,0.000
solo-tank,naked,35,7,solo,180,200,0.000,0.000,1.000,—,—,1.00,1.000,1.000,0.000
solo-tank,naked,35,7,solo,300,200,0.000,0.000,1.000,—,—,1.00,1.000,1.000,0.000
solo-tank,naked,35,7,pack,180,200,0.000,0.000,1.000,—,—,1.00,1.000,1.000,0.000
solo-tank,naked,35,7,pack,300,200,0.000,0.000,1.000,—,—,1.00,1.000,1.000,0.000
solo-tank,naked,35,7,boss,180,200,0.000,0.000,1.000,—,—,1.00,1.000,1.000,0.000
solo-tank,naked,35,7,boss,300,200,0.000,0.000,1.000,—,—,1.00,1.000,1.000,0.000
solo-tank,naked,35,8,solo,180,200,0.000,0.000,1.000,—,—,1.00,1.000,1.000,0.000
solo-tank,naked,35,8,solo,300,200,0.000,0.000,1.000,—,—,1.00,1.000,1.000,0.000
solo-tank,naked,35,8,pack,180,200,0.000,0.000,1.000,—,—,1.00,1.000,1.000,0.000
solo-tank,naked,35,8,pack,300,200,0.000,0.000,1.000,—,—,1.00,1.000,1.000,0.000
solo-tank,naked,35,8,boss,180,200,0.000,0.000,1.000,—,—,1.00,1.000,1.000,0.000
solo-tank,naked,35,8,boss,300,200,0.000,0.000,1.000,—,—,1.00,1.000,1.000,0.000
solo-tank,naked,50,1,solo,180,200,1.000,0.000,0.000,1.000,0.0,0.00,0.000,—,1.800
solo-tank,naked,50,1,solo,300,200,1.000,0.000,0.000,1.000,0.0,0.00,0.000,—,1.800
solo-tank,naked,50,1,pack,180,200,1.000,0.000,0.000,1.000,12.0,0.00,0.000,1.000,1.800
solo-tank,naked,50,1,pack,300,200,1.000,0.000,0.000,1.000,12.0,0.00,0.000,1.000,1.800
solo-tank,naked,50,1,boss,180,200,1.000,0.000,0.000,1.000,25.3,0.00,0.000,1.000,1.800
solo-tank,naked,50,1,boss,300,200,1.000,0.000,0.000,1.000,25.1,0.00,0.000,1.000,1.800
solo-tank,naked,50,2,solo,180,200,1.000,0.000,0.000,1.000,3.5,0.00,0.000,1.000,1.800
solo-tank,naked,50,2,solo,300,200,1.000,0.000,0.000,1.000,3.6,0.00,0.000,1.000,1.800
solo-tank,naked,50,2,pack,180,200,1.000,0.000,0.000,0.997,24.3,0.00,0.003,1.000,1.798
solo-tank,naked,50,2,pack,300,200,1.000,0.000,0.000,0.997,22.9,0.00,0.003,1.000,1.798
solo-tank,naked,50,2,boss,180,200,1.000,0.000,0.000,0.987,40.4,0.00,0.013,1.000,1.792
solo-tank,naked,50,2,boss,300,200,1.000,0.000,0.000,0.989,39.9,0.00,0.011,1.000,1.793
solo-tank,naked,50,3,solo,180,200,1.000,0.000,0.000,0.995,8.6,0.00,0.005,1.000,1.797
solo-tank,naked,50,3,solo,300,200,1.000,0.000,0.000,0.995,9.0,0.00,0.005,1.000,1.797
solo-tank,naked,50,3,pack,180,200,1.000,0.000,0.000,0.779,38.3,0.00,0.221,1.000,1.668
solo-tank,naked,50,3,pack,300,200,1.000,0.000,0.000,0.794,37.8,0.00,0.206,1.000,1.676
solo-tank,naked,50,3,boss,180,200,1.000,0.000,0.000,0.572,68.2,0.00,0.428,1.000,1.543
solo-tank,naked,50,3,boss,300,200,1.000,0.000,0.000,0.571,68.5,0.00,0.429,1.000,1.542
solo-tank,naked,50,4,solo,180,200,1.000,0.000,0.000,0.873,20.6,0.00,0.127,1.000,1.724
solo-tank,naked,50,4,solo,300,200,1.000,0.000,0.000,0.875,21.1,0.00,0.125,1.000,1.725
solo-tank,naked,50,4,pack,180,200,0.005,0.000,0.995,0.111,66.0,0.99,0.999,1.000,0.006
solo-tank,naked,50,4,pack,300,200,0.005,0.000,0.995,0.070,66.0,0.99,1.000,1.000,0.006
solo-tank,naked,50,4,boss,180,200,0.000,0.000,1.000,—,—,1.00,1.000,1.000,0.000
solo-tank,naked,50,4,boss,300,200,0.000,0.000,1.000,—,—,1.00,1.000,1.000,0.000
solo-tank,naked,50,5,solo,180,200,0.820,0.000,0.180,0.223,47.1,0.18,0.817,1.000,1.094
solo-tank,naked,50,5,solo,300,200,0.835,0.000,0.165,0.247,47.1,0.17,0.793,1.000,1.126
solo-tank,naked,50,5,pack,180,200,0.000,0.000,1.000,—,—,1.00,1.000,1.000,0.000
solo-tank,naked,50,5,pack,300,200,0.000,0.000,1.000,—,—,1.00,1.000,1.000,0.000
solo-tank,naked,50,5,boss,180,200,0.000,0.000,1.000,—,—,1.00,1.000,1.000,0.000
solo-tank,naked,50,5,boss,300,200,0.000,0.000,1.000,—,—,1.00,1.000,1.000,0.000
solo-tank,naked,50,6,solo,180,200,0.000,0.000,1.000,—,—,1.00,1.000,1.000,0.000
solo-tank,naked,50,6,solo,300,200,0.000,0.000,1.000,—,—,1.00,1.000,1.000,0.000
solo-tank,naked,50,6,pack,180,200,0.000,0.000,1.000,—,—,1.00,1.000,1.000,0.000
solo-tank,naked,50,6,pack,300,200,0.000,0.000,1.000,—,—,1.00,1.000,1.000,0.000
solo-tank,naked,50,6,boss,180,200,0.000,0.000,1.000,—,—,1.00,1.000,1.000,0.000
solo-tank,naked,50,6,boss,300,200,0.000,0.000,1.000,—,—,1.00,1.000,1.000,0.000
solo-tank,naked,50,7,solo,180,200,0.000,0.000,1.000,—,—,1.00,1.000,1.000,0.000
solo-tank,naked,50,7,solo,300,200,0.000,0.000,1.000,—,—,1.00,1.000,1.000,0.000
solo-tank,naked,50,7,pack,180,200,0.000,0.000,1.000,—,—,1.00,1.000,1.000,0.000
solo-tank,naked,50,7,pack,300,200,0.000,0.000,1.000,—,—,1.00,1.000,1.000,0.000
solo-tank,naked,50,7,boss,180,200,0.000,0.000,1.000,—,—,1.00,1.000,1.000,0.000
solo-tank,naked,50,7,boss,300,200,0.000,0.000,1.000,—,—,1.00,1.000,1.000,0.000
solo-tank,naked,50,8,solo,180,200,0.000,0.000,1.000,—,—,1.00,1.000,1.000,0.000
solo-tank,naked,50,8,solo,300,200,0.000,0.000,1.000,—,—,1.00,1.000,1.000,0.000
solo-tank,naked,50,8,pack,180,200,0.000,0.000,1.000,—,—,1.00,1.000,1.000,0.000
solo-tank,naked,50,8,pack,300,200,0.000,0.000,1.000,—,—,1.00,1.000,1.000,0.000
solo-tank,naked,50,8,boss,180,200,0.000,0.000,1.000,—,—,1.00,1.000,1.000,0.000
solo-tank,naked,50,8,boss,300,200,0.000,0.000,1.000,—,—,1.00,1.000,1.000,0.000
solo-tank,geared,1,1,solo,180,200,1.000,0.000,0.000,0.772,19.9,0.00,0.228,1.000,1.391
solo-tank,geared,1,1,solo,300,200,1.000,0.000,0.000,0.775,20.3,0.00,0.225,1.000,1.393
solo-tank,geared,1,1,pack,180,200,0.000,0.000,1.000,—,—,1.00,1.000,1.000,0.000
solo-tank,geared,1,1,pack,300,200,0.000,0.000,1.000,—,—,1.00,1.000,1.000,0.000
solo-tank,geared,1,1,boss,180,200,0.000,0.000,1.000,—,—,1.00,1.000,1.000,0.000
solo-tank,geared,1,1,boss,300,200,0.000,0.000,1.000,—,—,1.00,1.000,1.000,0.000
solo-tank,geared,1,2,solo,180,200,0.130,0.000,0.870,0.138,36.5,0.87,0.982,1.000,0.140
solo-tank,geared,1,2,solo,300,200,0.170,0.000,0.830,0.123,36.0,0.83,0.979,1.000,0.181
solo-tank,geared,1,2,pack,180,200,0.000,0.000,1.000,—,—,1.00,1.000,1.000,0.000
solo-tank,geared,1,2,pack,300,200,0.000,0.000,1.000,—,—,1.00,1.000,1.000,0.000
solo-tank,geared,1,2,boss,180,200,0.000,0.000,1.000,—,—,1.00,1.000,1.000,0.000
solo-tank,geared,1,2,boss,300,200,0.000,0.000,1.000,—,—,1.00,1.000,1.000,0.000
solo-tank,geared,1,3,solo,180,200,0.000,0.000,1.000,—,—,1.00,1.000,1.000,0.000
solo-tank,geared,1,3,solo,300,200,0.000,0.000,1.000,—,—,1.00,1.000,1.000,0.000
solo-tank,geared,1,3,pack,180,200,0.000,0.000,1.000,—,—,1.00,1.000,1.000,0.000
solo-tank,geared,1,3,pack,300,200,0.000,0.000,1.000,—,—,1.00,1.000,1.000,0.000
solo-tank,geared,1,3,boss,180,200,0.000,0.000,1.000,—,—,1.00,1.000,1.000,0.000
solo-tank,geared,1,3,boss,300,200,0.000,0.000,1.000,—,—,1.00,1.000,1.000,0.000
solo-tank,geared,1,4,solo,180,200,0.000,0.000,1.000,—,—,1.00,1.000,1.000,0.000
solo-tank,geared,1,4,solo,300,200,0.000,0.000,1.000,—,—,1.00,1.000,1.000,0.000
solo-tank,geared,1,4,pack,180,200,0.000,0.000,1.000,—,—,1.00,1.000,1.000,0.000
solo-tank,geared,1,4,pack,300,200,0.000,0.000,1.000,—,—,1.00,1.000,1.000,0.000
solo-tank,geared,1,4,boss,180,200,0.000,0.000,1.000,—,—,1.00,1.000,1.000,0.000
solo-tank,geared,1,4,boss,300,200,0.000,0.000,1.000,—,—,1.00,1.000,1.000,0.000
solo-tank,geared,1,5,solo,180,200,0.000,0.000,1.000,—,—,1.00,1.000,1.000,0.000
solo-tank,geared,1,5,solo,300,200,0.000,0.000,1.000,—,—,1.00,1.000,1.000,0.000
solo-tank,geared,1,5,pack,180,200,0.000,0.000,1.000,—,—,1.00,1.000,1.000,0.000
solo-tank,geared,1,5,pack,300,200,0.000,0.000,1.000,—,—,1.00,1.000,1.000,0.000
solo-tank,geared,1,5,boss,180,200,0.000,0.000,1.000,—,—,1.00,1.000,1.000,0.000
solo-tank,geared,1,5,boss,300,200,0.000,0.000,1.000,—,—,1.00,1.000,1.000,0.000
solo-tank,geared,1,6,solo,180,200,0.000,0.000,1.000,—,—,1.00,1.000,1.000,0.000
solo-tank,geared,1,6,solo,300,200,0.000,0.000,1.000,—,—,1.00,1.000,1.000,0.000
solo-tank,geared,1,6,pack,180,200,0.000,0.000,1.000,—,—,1.00,1.000,1.000,0.000
solo-tank,geared,1,6,pack,300,200,0.000,0.000,1.000,—,—,1.00,1.000,1.000,0.000
solo-tank,geared,1,6,boss,180,200,0.000,0.000,1.000,—,—,1.00,1.000,1.000,0.000
solo-tank,geared,1,6,boss,300,200,0.000,0.000,1.000,—,—,1.00,1.000,1.000,0.000
solo-tank,geared,1,7,solo,180,200,0.000,0.000,1.000,—,—,1.00,1.000,1.000,0.000
solo-tank,geared,1,7,solo,300,200,0.000,0.000,1.000,—,—,1.00,1.000,1.000,0.000
solo-tank,geared,1,7,pack,180,200,0.000,0.000,1.000,—,—,1.00,1.000,1.000,0.000
solo-tank,geared,1,7,pack,300,200,0.000,0.000,1.000,—,—,1.00,1.000,1.000,0.000
solo-tank,geared,1,7,boss,180,200,0.000,0.000,1.000,—,—,1.00,1.000,1.000,0.000
solo-tank,geared,1,7,boss,300,200,0.000,0.000,1.000,—,—,1.00,1.000,1.000,0.000
solo-tank,geared,1,8,solo,180,200,0.000,0.000,1.000,—,—,1.00,1.000,1.000,0.000
solo-tank,geared,1,8,solo,300,200,0.000,0.000,1.000,—,—,1.00,1.000,1.000,0.000
solo-tank,geared,1,8,pack,180,200,0.000,0.000,1.000,—,—,1.00,1.000,1.000,0.000
solo-tank,geared,1,8,pack,300,200,0.000,0.000,1.000,—,—,1.00,1.000,1.000,0.000
solo-tank,geared,1,8,boss,180,200,0.000,0.000,1.000,—,—,1.00,1.000,1.000,0.000
solo-tank,geared,1,8,boss,300,200,0.000,0.000,1.000,—,—,1.00,1.000,1.000,0.000
solo-tank,geared,5,1,solo,180,200,1.000,0.000,0.000,0.940,11.4,0.00,0.060,1.000,1.499
solo-tank,geared,5,1,solo,300,200,1.000,0.000,0.000,0.941,11.7,0.00,0.059,1.000,1.500
solo-tank,geared,5,1,pack,180,200,0.985,0.000,0.015,0.240,47.0,0.01,0.763,1.000,1.125
solo-tank,geared,5,1,pack,300,200,0.995,0.000,0.005,0.240,47.2,0.01,0.761,1.000,1.137
solo-tank,geared,5,1,boss,180,200,0.035,0.000,0.965,0.133,74.6,0.96,0.995,1.000,0.038
solo-tank,geared,5,1,boss,300,200,0.040,0.000,0.960,0.118,71.3,0.96,0.995,1.000,0.043
solo-tank,geared,5,2,solo,180,200,1.000,0.000,0.000,0.624,23.7,0.00,0.376,1.000,1.338
solo-tank,geared,5,2,solo,300,200,1.000,0.000,0.000,0.631,23.3,0.00,0.369,1.000,1.342
solo-tank,geared,5,2,pack,180,200,0.000,0.000,1.000,—,—,1.00,1.000,1.000,0.000
solo-tank,geared,5,2,pack,300,200,0.000,0.000,1.000,—,—,1.00,1.000,1.000,0.000
solo-tank,geared,5,2,boss,180,200,0.000,0.000,1.000,—,—,1.00,1.000,1.000,0.000
solo-tank,geared,5,2,boss,300,200,0.000,0.000,1.000,—,—,1.00,1.000,1.000,0.000
solo-tank,geared,5,3,solo,180,200,0.000,0.000,1.000,—,—,1.00,1.000,1.000,0.000
solo-tank,geared,5,3,solo,300,200,0.000,0.000,1.000,—,—,1.00,1.000,1.000,0.000
solo-tank,geared,5,3,pack,180,200,0.000,0.000,1.000,—,—,1.00,1.000,1.000,0.000
solo-tank,geared,5,3,pack,300,200,0.000,0.000,1.000,—,—,1.00,1.000,1.000,0.000
solo-tank,geared,5,3,boss,180,200,0.000,0.000,1.000,—,—,1.00,1.000,1.000,0.000
solo-tank,geared,5,3,boss,300,200,0.000,0.000,1.000,—,—,1.00,1.000,1.000,0.000
solo-tank,geared,5,4,solo,180,200,0.000,0.000,1.000,—,—,1.00,1.000,1.000,0.000
solo-tank,geared,5,4,solo,300,200,0.000,0.000,1.000,—,—,1.00,1.000,1.000,0.000
solo-tank,geared,5,4,pack,180,200,0.000,0.000,1.000,—,—,1.00,1.000,1.000,0.000
solo-tank,geared,5,4,pack,300,200,0.000,0.000,1.000,—,—,1.00,1.000,1.000,0.000
solo-tank,geared,5,4,boss,180,200,0.000,0.000,1.000,—,—,1.00,1.000,1.000,0.000
solo-tank,geared,5,4,boss,300,200,0.000,0.000,1.000,—,—,1.00,1.000,1.000,0.000
solo-tank,geared,5,5,solo,180,200,0.000,0.000,1.000,—,—,1.00,1.000,1.000,0.000
solo-tank,geared,5,5,solo,300,200,0.000,0.000,1.000,—,—,1.00,1.000,1.000,0.000
solo-tank,geared,5,5,pack,180,200,0.000,0.000,1.000,—,—,1.00,1.000,1.000,0.000
solo-tank,geared,5,5,pack,300,200,0.000,0.000,1.000,—,—,1.00,1.000,1.000,0.000
solo-tank,geared,5,5,boss,180,200,0.000,0.000,1.000,—,—,1.00,1.000,1.000,0.000
solo-tank,geared,5,5,boss,300,200,0.000,0.000,1.000,—,—,1.00,1.000,1.000,0.000
solo-tank,geared,5,6,solo,180,200,0.000,0.000,1.000,—,—,1.00,1.000,1.000,0.000
solo-tank,geared,5,6,solo,300,200,0.000,0.000,1.000,—,—,1.00,1.000,1.000,0.000
solo-tank,geared,5,6,pack,180,200,0.000,0.000,1.000,—,—,1.00,1.000,1.000,0.000
solo-tank,geared,5,6,pack,300,200,0.000,0.000,1.000,—,—,1.00,1.000,1.000,0.000
solo-tank,geared,5,6,boss,180,200,0.000,0.000,1.000,—,—,1.00,1.000,1.000,0.000
solo-tank,geared,5,6,boss,300,200,0.000,0.000,1.000,—,—,1.00,1.000,1.000,0.000
solo-tank,geared,5,7,solo,180,200,0.000,0.000,1.000,—,—,1.00,1.000,1.000,0.000
solo-tank,geared,5,7,solo,300,200,0.000,0.000,1.000,—,—,1.00,1.000,1.000,0.000
solo-tank,geared,5,7,pack,180,200,0.000,0.000,1.000,—,—,1.00,1.000,1.000,0.000
solo-tank,geared,5,7,pack,300,200,0.000,0.000,1.000,—,—,1.00,1.000,1.000,0.000
solo-tank,geared,5,7,boss,180,200,0.000,0.000,1.000,—,—,1.00,1.000,1.000,0.000
solo-tank,geared,5,7,boss,300,200,0.000,0.000,1.000,—,—,1.00,1.000,1.000,0.000
solo-tank,geared,5,8,solo,180,200,0.000,0.000,1.000,—,—,1.00,1.000,1.000,0.000
solo-tank,geared,5,8,solo,300,200,0.000,0.000,1.000,—,—,1.00,1.000,1.000,0.000
solo-tank,geared,5,8,pack,180,200,0.000,0.000,1.000,—,—,1.00,1.000,1.000,0.000
solo-tank,geared,5,8,pack,300,200,0.000,0.000,1.000,—,—,1.00,1.000,1.000,0.000
solo-tank,geared,5,8,boss,180,200,0.000,0.000,1.000,—,—,1.00,1.000,1.000,0.000
solo-tank,geared,5,8,boss,300,200,0.000,0.000,1.000,—,—,1.00,1.000,1.000,0.000
solo-tank,geared,10,1,solo,180,200,1.000,0.000,0.000,0.993,6.0,0.00,0.007,1.000,1.556
solo-tank,geared,10,1,solo,300,200,1.000,0.000,0.000,0.993,6.0,0.00,0.007,1.000,1.557
solo-tank,geared,10,1,pack,180,200,1.000,0.000,0.000,0.771,30.0,0.00,0.229,1.000,1.441
solo-tank,geared,10,1,pack,300,200,1.000,0.000,0.000,0.763,30.0,0.00,0.237,1.000,1.437
solo-tank,geared,10,1,boss,180,200,1.000,0.000,0.000,0.587,50.3,0.00,0.413,1.000,1.345
solo-tank,geared,10,1,boss,300,200,1.000,0.000,0.000,0.593,49.8,0.00,0.407,1.000,1.348
solo-tank,geared,10,2,solo,180,200,1.000,0.000,0.000,0.897,12.4,0.00,0.103,1.000,1.506
solo-tank,geared,10,2,solo,300,200,1.000,0.000,0.000,0.905,12.1,0.00,0.095,1.000,1.510
solo-tank,geared,10,2,pack,180,200,0.070,0.000,0.930,0.109,48.0,0.93,0.992,1.000,0.077
solo-tank,geared,10,2,pack,300,200,0.100,0.000,0.900,0.093,48.0,0.90,0.991,1.000,0.109
solo-tank,geared,10,2,boss,180,200,0.000,0.000,1.000,—,—,1.00,1.000,1.000,0.000
solo-tank,geared,10,2,boss,300,200,0.000,0.000,1.000,—,—,1.00,1.000,1.000,0.000
solo-tank,geared,10,3,solo,180,200,1.000,0.000,0.000,0.449,26.6,0.00,0.551,1.000,1.274
solo-tank,geared,10,3,solo,300,200,1.000,0.000,0.000,0.442,26.6,0.00,0.558,1.000,1.270
solo-tank,geared,10,3,pack,180,200,0.000,0.000,1.000,—,—,1.00,1.000,1.000,0.000
solo-tank,geared,10,3,pack,300,200,0.000,0.000,1.000,—,—,1.00,1.000,1.000,0.000
solo-tank,geared,10,3,boss,180,200,0.000,0.000,1.000,—,—,1.00,1.000,1.000,0.000
solo-tank,geared,10,3,boss,300,200,0.000,0.000,1.000,—,—,1.00,1.000,1.000,0.000
solo-tank,geared,10,4,solo,180,200,0.000,0.000,1.000,—,—,1.00,1.000,1.000,0.000
solo-tank,geared,10,4,solo,300,200,0.000,0.000,1.000,—,—,1.00,1.000,1.000,0.000
solo-tank,geared,10,4,pack,180,200,0.000,0.000,1.000,—,—,1.00,1.000,1.000,0.000
solo-tank,geared,10,4,pack,300,200,0.000,0.000,1.000,—,—,1.00,1.000,1.000,0.000
solo-tank,geared,10,4,boss,180,200,0.000,0.000,1.000,—,—,1.00,1.000,1.000,0.000
solo-tank,geared,10,4,boss,300,200,0.000,0.000,1.000,—,—,1.00,1.000,1.000,0.000
solo-tank,geared,10,5,solo,180,200,0.000,0.000,1.000,—,—,1.00,1.000,1.000,0.000
solo-tank,geared,10,5,solo,300,200,0.000,0.000,1.000,—,—,1.00,1.000,1.000,0.000
solo-tank,geared,10,5,pack,180,200,0.000,0.000,1.000,—,—,1.00,1.000,1.000,0.000
solo-tank,geared,10,5,pack,300,200,0.000,0.000,1.000,—,—,1.00,1.000,1.000,0.000
solo-tank,geared,10,5,boss,180,200,0.000,0.000,1.000,—,—,1.00,1.000,1.000,0.000
solo-tank,geared,10,5,boss,300,200,0.000,0.000,1.000,—,—,1.00,1.000,1.000,0.000
solo-tank,geared,10,6,solo,180,200,0.000,0.000,1.000,—,—,1.00,1.000,1.000,0.000
solo-tank,geared,10,6,solo,300,200,0.000,0.000,1.000,—,—,1.00,1.000,1.000,0.000
solo-tank,geared,10,6,pack,180,200,0.000,0.000,1.000,—,—,1.00,1.000,1.000,0.000
solo-tank,geared,10,6,pack,300,200,0.000,0.000,1.000,—,—,1.00,1.000,1.000,0.000
solo-tank,geared,10,6,boss,180,200,0.000,0.000,1.000,—,—,1.00,1.000,1.000,0.000
solo-tank,geared,10,6,boss,300,200,0.000,0.000,1.000,—,—,1.00,1.000,1.000,0.000
solo-tank,geared,10,7,solo,180,200,0.000,0.000,1.000,—,—,1.00,1.000,1.000,0.000
solo-tank,geared,10,7,solo,300,200,0.000,0.000,1.000,—,—,1.00,1.000,1.000,0.000
solo-tank,geared,10,7,pack,180,200,0.000,0.000,1.000,—,—,1.00,1.000,1.000,0.000
solo-tank,geared,10,7,pack,300,200,0.000,0.000,1.000,—,—,1.00,1.000,1.000,0.000
solo-tank,geared,10,7,boss,180,200,0.000,0.000,1.000,—,—,1.00,1.000,1.000,0.000
solo-tank,geared,10,7,boss,300,200,0.000,0.000,1.000,—,—,1.00,1.000,1.000,0.000
solo-tank,geared,10,8,solo,180,200,0.000,0.000,1.000,—,—,1.00,1.000,1.000,0.000
solo-tank,geared,10,8,solo,300,200,0.000,0.000,1.000,—,—,1.00,1.000,1.000,0.000
solo-tank,geared,10,8,pack,180,200,0.000,0.000,1.000,—,—,1.00,1.000,1.000,0.000
solo-tank,geared,10,8,pack,300,200,0.000,0.000,1.000,—,—,1.00,1.000,1.000,0.000
solo-tank,geared,10,8,boss,180,200,0.000,0.000,1.000,—,—,1.00,1.000,1.000,0.000
solo-tank,geared,10,8,boss,300,200,0.000,0.000,1.000,—,—,1.00,1.000,1.000,0.000
solo-tank,geared,20,1,solo,180,200,1.000,0.000,0.000,1.000,0.2,0.00,0.000,1.000,1.620
solo-tank,geared,20,1,solo,300,200,1.000,0.000,0.000,1.000,0.3,0.00,0.000,1.000,1.620
solo-tank,geared,20,1,pack,180,200,1.000,0.000,0.000,1.000,13.0,0.00,0.000,1.000,1.620
solo-tank,geared,20,1,pack,300,200,1.000,0.000,0.000,1.000,12.9,0.00,0.000,1.000,1.620
solo-tank,geared,20,1,boss,180,200,1.000,0.000,0.000,0.977,34.8,0.00,0.023,1.000,1.608
solo-tank,geared,20,1,boss,300,200,1.000,0.000,0.000,0.979,35.0,0.00,0.021,1.000,1.609
solo-tank,geared,20,2,solo,180,200,1.000,0.000,0.000,0.994,6.0,0.00,0.006,1.000,1.617
solo-tank,geared,20,2,solo,300,200,1.000,0.000,0.000,0.994,6.0,0.00,0.006,1.000,1.617
solo-tank,geared,20,2,pack,180,200,1.000,0.000,0.000,0.782,30.0,0.00,0.218,1.000,1.502
solo-tank,geared,20,2,pack,300,200,1.000,0.000,0.000,0.778,30.0,0.00,0.222,1.000,1.500
solo-tank,geared,20,2,boss,180,200,1.000,0.000,0.000,0.588,57.7,0.00,0.412,1.000,1.397
solo-tank,geared,20,2,boss,300,200,1.000,0.000,0.000,0.597,57.4,0.00,0.403,1.000,1.403
solo-tank,geared,20,3,solo,180,200,1.000,0.000,0.000,0.885,15.7,0.00,0.115,1.000,1.558
solo-tank,geared,20,3,solo,300,200,1.000,0.000,0.000,0.886,15.3,0.00,0.114,1.000,1.559
solo-tank,geared,20,3,pack,180,200,0.110,0.000,0.890,0.114,53.2,0.89,0.987,1.000,0.126
solo-tank,geared,20,3,pack,300,200,0.075,0.000,0.925,0.100,51.6,0.93,0.993,1.000,0.085
solo-tank,geared,20,3,boss,180,200,0.000,0.000,1.000,—,—,1.00,1.000,1.000,0.000
solo-tank,geared,20,3,boss,300,200,0.000,0.000,1.000,—,—,1.00,1.000,1.000,0.000
solo-tank,geared,20,4,solo,180,200,0.985,0.000,0.015,0.337,34.0,0.01,0.668,1.000,1.243
solo-tank,geared,20,4,solo,300,200,0.980,0.000,0.020,0.350,33.9,0.02,0.657,1.000,1.244
solo-tank,geared,20,4,pack,180,200,0.000,0.000,1.000,—,—,1.00,1.000,1.000,0.000
solo-tank,geared,20,4,pack,300,200,0.000,0.000,1.000,—,—,1.00,1.000,1.000,0.000
solo-tank,geared,20,4,boss,180,200,0.000,0.000,1.000,—,—,1.00,1.000,1.000,0.000
solo-tank,geared,20,4,boss,300,200,0.000,0.000,1.000,—,—,1.00,1.000,1.000,0.000
solo-tank,geared,20,5,solo,180,200,0.000,0.000,1.000,—,—,1.00,1.000,1.000,0.000
solo-tank,geared,20,5,solo,300,200,0.000,0.000,1.000,—,—,1.00,1.000,1.000,0.000
solo-tank,geared,20,5,pack,180,200,0.000,0.000,1.000,—,—,1.00,1.000,1.000,0.000
solo-tank,geared,20,5,pack,300,200,0.000,0.000,1.000,—,—,1.00,1.000,1.000,0.000
solo-tank,geared,20,5,boss,180,200,0.000,0.000,1.000,—,—,1.00,1.000,1.000,0.000
solo-tank,geared,20,5,boss,300,200,0.000,0.000,1.000,—,—,1.00,1.000,1.000,0.000
solo-tank,geared,20,6,solo,180,200,0.000,0.000,1.000,—,—,1.00,1.000,1.000,0.000
solo-tank,geared,20,6,solo,300,200,0.000,0.000,1.000,—,—,1.00,1.000,1.000,0.000
solo-tank,geared,20,6,pack,180,200,0.000,0.000,1.000,—,—,1.00,1.000,1.000,0.000
solo-tank,geared,20,6,pack,300,200,0.000,0.000,1.000,—,—,1.00,1.000,1.000,0.000
solo-tank,geared,20,6,boss,180,200,0.000,0.000,1.000,—,—,1.00,1.000,1.000,0.000
solo-tank,geared,20,6,boss,300,200,0.000,0.000,1.000,—,—,1.00,1.000,1.000,0.000
solo-tank,geared,20,7,solo,180,200,0.000,0.000,1.000,—,—,1.00,1.000,1.000,0.000
solo-tank,geared,20,7,solo,300,200,0.000,0.000,1.000,—,—,1.00,1.000,1.000,0.000
solo-tank,geared,20,7,pack,180,200,0.000,0.000,1.000,—,—,1.00,1.000,1.000,0.000
solo-tank,geared,20,7,pack,300,200,0.000,0.000,1.000,—,—,1.00,1.000,1.000,0.000
solo-tank,geared,20,7,boss,180,200,0.000,0.000,1.000,—,—,1.00,1.000,1.000,0.000
solo-tank,geared,20,7,boss,300,200,0.000,0.000,1.000,—,—,1.00,1.000,1.000,0.000
solo-tank,geared,20,8,solo,180,200,0.000,0.000,1.000,—,—,1.00,1.000,1.000,0.000
solo-tank,geared,20,8,solo,300,200,0.000,0.000,1.000,—,—,1.00,1.000,1.000,0.000
solo-tank,geared,20,8,pack,180,200,0.000,0.000,1.000,—,—,1.00,1.000,1.000,0.000
solo-tank,geared,20,8,pack,300,200,0.000,0.000,1.000,—,—,1.00,1.000,1.000,0.000
solo-tank,geared,20,8,boss,180,200,0.000,0.000,1.000,—,—,1.00,1.000,1.000,0.000
solo-tank,geared,20,8,boss,300,200,0.000,0.000,1.000,—,—,1.00,1.000,1.000,0.000
solo-tank,geared,35,1,solo,180,200,1.000,0.000,0.000,1.000,0.0,0.00,0.000,—,1.710
solo-tank,geared,35,1,solo,300,200,1.000,0.000,0.000,1.000,0.0,0.00,0.000,—,1.710
solo-tank,geared,35,1,pack,180,200,1.000,0.000,0.000,1.000,12.0,0.00,0.000,1.000,1.710
solo-tank,geared,35,1,pack,300,200,1.000,0.000,0.000,1.000,12.0,0.00,0.000,1.000,1.710
solo-tank,geared,35,1,boss,180,200,1.000,0.000,0.000,1.000,25.1,0.00,0.000,1.000,1.710
solo-tank,geared,35,1,boss,300,200,1.000,0.000,0.000,1.000,25.4,0.00,0.000,1.000,1.710
solo-tank,geared,35,2,solo,180,200,1.000,0.000,0.000,1.000,4.2,0.00,0.000,1.000,1.710
solo-tank,geared,35,2,solo,300,200,1.000,0.000,0.000,1.000,3.7,0.00,0.000,1.000,1.710
solo-tank,geared,35,2,pack,180,200,1.000,0.000,0.000,0.998,23.6,0.00,0.002,1.000,1.709
solo-tank,geared,35,2,pack,300,200,1.000,0.000,0.000,0.998,23.4,0.00,0.002,1.000,1.709
solo-tank,geared,35,2,boss,180,200,1.000,0.000,0.000,0.991,40.4,0.00,0.009,1.000,1.705
solo-tank,geared,35,2,boss,300,200,1.000,0.000,0.000,0.993,40.0,0.00,0.007,1.000,1.706
solo-tank,geared,35,3,solo,180,200,1.000,0.000,0.000,0.996,8.8,0.00,0.004,1.000,1.708
solo-tank,geared,35,3,solo,300,200,1.000,0.000,0.000,0.995,9.3,0.00,0.005,1.000,1.707
solo-tank,geared,35,3,pack,180,200,1.000,0.000,0.000,0.798,38.6,0.00,0.202,1.000,1.595
solo-tank,geared,35,3,pack,300,200,1.000,0.000,0.000,0.800,38.3,0.00,0.200,1.000,1.596
solo-tank,geared,35,3,boss,180,200,1.000,0.000,0.000,0.604,68.6,0.00,0.396,1.000,1.485
solo-tank,geared,35,3,boss,300,200,1.000,0.000,0.000,0.610,69.0,0.00,0.390,1.000,1.488
solo-tank,geared,35,4,solo,180,200,1.000,0.000,0.000,0.887,20.5,0.00,0.113,1.000,1.646
solo-tank,geared,35,4,solo,300,200,1.000,0.000,0.000,0.890,20.7,0.00,0.110,1.000,1.648
solo-tank,geared,35,4,pack,180,200,0.030,0.000,0.970,0.079,67.0,0.97,0.998,1.000,0.036
solo-tank,geared,35,4,pack,300,200,0.020,0.000,0.980,0.082,69.0,0.98,0.998,1.000,0.024
solo-tank,geared,35,4,boss,180,200,0.000,0.000,1.000,—,—,1.00,1.000,1.000,0.000
solo-tank,geared,35,4,boss,300,200,0.000,0.000,1.000,—,—,1.00,1.000,1.000,0.000
solo-tank,geared,35,5,solo,180,200,0.930,0.000,0.070,0.268,47.3,0.07,0.751,1.000,1.202
solo-tank,geared,35,5,solo,300,200,0.905,0.000,0.095,0.275,47.5,0.10,0.751,1.000,1.173
solo-tank,geared,35,5,pack,180,200,0.000,0.000,1.000,—,—,1.00,1.000,1.000,0.000
solo-tank,geared,35,5,pack,300,200,0.000,0.000,1.000,—,—,1.00,1.000,1.000,0.000
solo-tank,geared,35,5,boss,180,200,0.000,0.000,1.000,—,—,1.00,1.000,1.000,0.000
solo-tank,geared,35,5,boss,300,200,0.000,0.000,1.000,—,—,1.00,1.000,1.000,0.000
solo-tank,geared,35,6,solo,180,200,0.000,0.000,1.000,—,—,1.00,1.000,1.000,0.000
solo-tank,geared,35,6,solo,300,200,0.000,0.000,1.000,—,—,1.00,1.000,1.000,0.000
solo-tank,geared,35,6,pack,180,200,0.000,0.000,1.000,—,—,1.00,1.000,1.000,0.000
solo-tank,geared,35,6,pack,300,200,0.000,0.000,1.000,—,—,1.00,1.000,1.000,0.000
solo-tank,geared,35,6,boss,180,200,0.000,0.000,1.000,—,—,1.00,1.000,1.000,0.000
solo-tank,geared,35,6,boss,300,200,0.000,0.000,1.000,—,—,1.00,1.000,1.000,0.000
solo-tank,geared,35,7,solo,180,200,0.000,0.000,1.000,—,—,1.00,1.000,1.000,0.000
solo-tank,geared,35,7,solo,300,200,0.000,0.000,1.000,—,—,1.00,1.000,1.000,0.000
solo-tank,geared,35,7,pack,180,200,0.000,0.000,1.000,—,—,1.00,1.000,1.000,0.000
solo-tank,geared,35,7,pack,300,200,0.000,0.000,1.000,—,—,1.00,1.000,1.000,0.000
solo-tank,geared,35,7,boss,180,200,0.000,0.000,1.000,—,—,1.00,1.000,1.000,0.000
solo-tank,geared,35,7,boss,300,200,0.000,0.000,1.000,—,—,1.00,1.000,1.000,0.000
solo-tank,geared,35,8,solo,180,200,0.000,0.000,1.000,—,—,1.00,1.000,1.000,0.000
solo-tank,geared,35,8,solo,300,200,0.000,0.000,1.000,—,—,1.00,1.000,1.000,0.000
solo-tank,geared,35,8,pack,180,200,0.000,0.000,1.000,—,—,1.00,1.000,1.000,0.000
solo-tank,geared,35,8,pack,300,200,0.000,0.000,1.000,—,—,1.00,1.000,1.000,0.000
solo-tank,geared,35,8,boss,180,200,0.000,0.000,1.000,—,—,1.00,1.000,1.000,0.000
solo-tank,geared,35,8,boss,300,200,0.000,0.000,1.000,—,—,1.00,1.000,1.000,0.000
solo-tank,geared,50,1,solo,180,200,1.000,0.000,0.000,1.000,0.0,0.00,0.000,—,1.800
solo-tank,geared,50,1,solo,300,200,1.000,0.000,0.000,1.000,0.0,0.00,0.000,—,1.800
solo-tank,geared,50,1,pack,180,200,1.000,0.000,0.000,1.000,12.0,0.00,0.000,1.000,1.800
solo-tank,geared,50,1,pack,300,200,1.000,0.000,0.000,1.000,12.0,0.00,0.000,1.000,1.800
solo-tank,geared,50,1,boss,180,200,1.000,0.000,0.000,1.000,21.4,0.00,0.000,1.000,1.800
solo-tank,geared,50,1,boss,300,200,1.000,0.000,0.000,1.000,21.7,0.00,0.000,1.000,1.800
solo-tank,geared,50,2,solo,180,200,1.000,0.000,0.000,1.000,0.0,0.00,0.000,—,1.800
solo-tank,geared,50,2,solo,300,200,1.000,0.000,0.000,1.000,0.0,0.00,0.000,—,1.800
solo-tank,geared,50,2,pack,180,200,1.000,0.000,0.000,1.000,12.0,0.00,0.000,1.000,1.800
solo-tank,geared,50,2,pack,300,200,1.000,0.000,0.000,1.000,12.0,0.00,0.000,1.000,1.800
solo-tank,geared,50,2,boss,180,200,1.000,0.000,0.000,1.000,32.3,0.00,0.000,1.000,1.800
solo-tank,geared,50,2,boss,300,200,1.000,0.000,0.000,1.000,31.9,0.00,0.000,1.000,1.800
solo-tank,geared,50,3,solo,180,200,1.000,0.000,0.000,1.000,6.0,0.00,0.000,1.000,1.800
solo-tank,geared,50,3,solo,300,200,1.000,0.000,0.000,1.000,6.0,0.00,0.000,1.000,1.800
solo-tank,geared,50,3,pack,180,200,1.000,0.000,0.000,0.988,30.0,0.00,0.012,1.000,1.793
solo-tank,geared,50,3,pack,300,200,1.000,0.000,0.000,0.990,30.0,0.00,0.010,1.000,1.794
solo-tank,geared,50,3,boss,180,200,1.000,0.000,0.000,0.966,53.0,0.00,0.034,1.000,1.779
solo-tank,geared,50,3,boss,300,200,1.000,0.000,0.000,0.967,53.3,0.00,0.033,1.000,1.780
solo-tank,geared,50,4,solo,180,200,1.000,0.000,0.000,0.990,14.5,0.00,0.010,1.000,1.794
solo-tank,geared,50,4,solo,300,200,1.000,0.000,0.000,0.991,14.9,0.00,0.009,1.000,1.795
solo-tank,geared,50,4,pack,180,200,1.000,0.000,0.000,0.625,55.8,0.00,0.375,1.000,1.575
solo-tank,geared,50,4,pack,300,200,1.000,0.000,0.000,0.626,55.0,0.00,0.374,1.000,1.576
solo-tank,geared,50,4,boss,180,200,0.705,0.000,0.295,0.224,108.0,0.29,0.842,1.000,0.941
solo-tank,geared,50,4,boss,300,200,0.805,0.000,0.195,0.241,107.5,0.20,0.806,1.000,1.082
solo-tank,geared,50,5,solo,180,200,1.000,0.000,0.000,0.771,34.5,0.00,0.229,1.000,1.663
solo-tank,geared,50,5,solo,300,200,1.000,0.000,0.000,0.780,34.8,0.00,0.220,1.000,1.668
solo-tank,geared,50,5,pack,180,200,0.000,0.000,1.000,—,—,1.00,1.000,1.000,0.000
solo-tank,geared,50,5,pack,300,200,0.000,0.000,1.000,—,—,1.00,1.000,1.000,0.000
solo-tank,geared,50,5,boss,180,200,0.000,0.000,1.000,—,—,1.00,1.000,1.000,0.000
solo-tank,geared,50,5,boss,300,200,0.000,0.000,1.000,—,—,1.00,1.000,1.000,0.000
solo-tank,geared,50,6,solo,180,200,0.005,0.000,0.995,0.089,72.0,0.99,1.000,1.000,0.006
solo-tank,geared,50,6,solo,300,200,0.000,0.000,1.000,—,—,1.00,1.000,1.000,0.000
solo-tank,geared,50,6,pack,180,200,0.000,0.000,1.000,—,—,1.00,1.000,1.000,0.000
solo-tank,geared,50,6,pack,300,200,0.000,0.000,1.000,—,—,1.00,1.000,1.000,0.000
solo-tank,geared,50,6,boss,180,200,0.000,0.000,1.000,—,—,1.00,1.000,1.000,0.000
solo-tank,geared,50,6,boss,300,200,0.000,0.000,1.000,—,—,1.00,1.000,1.000,0.000
solo-tank,geared,50,7,solo,180,200,0.000,0.000,1.000,—,—,1.00,1.000,1.000,0.000
solo-tank,geared,50,7,solo,300,200,0.000,0.000,1.000,—,—,1.00,1.000,1.000,0.000
solo-tank,geared,50,7,pack,180,200,0.000,0.000,1.000,—,—,1.00,1.000,1.000,0.000
solo-tank,geared,50,7,pack,300,200,0.000,0.000,1.000,—,—,1.00,1.000,1.000,0.000
solo-tank,geared,50,7,boss,180,200,0.000,0.000,1.000,—,—,1.00,1.000,1.000,0.000
solo-tank,geared,50,7,boss,300,200,0.000,0.000,1.000,—,—,1.00,1.000,1.000,0.000
solo-tank,geared,50,8,solo,180,200,0.000,0.000,1.000,—,—,1.00,1.000,1.000,0.000
solo-tank,geared,50,8,solo,300,200,0.000,0.000,1.000,—,—,1.00,1.000,1.000,0.000
solo-tank,geared,50,8,pack,180,200,0.000,0.000,1.000,—,—,1.00,1.000,1.000,0.000
solo-tank,geared,50,8,pack,300,200,0.000,0.000,1.000,—,—,1.00,1.000,1.000,0.000
solo-tank,geared,50,8,boss,180,200,0.000,0.000,1.000,—,—,1.00,1.000,1.000,0.000
solo-tank,geared,50,8,boss,300,200,0.000,0.000,1.000,—,—,1.00,1.000,1.000,0.000
solo-tank,full-build,1,1,solo,180,200,1.000,0.000,0.000,0.940,13.0,0.00,0.060,1.000,1.476
solo-tank,full-build,1,1,solo,300,200,1.000,0.000,0.000,0.943,13.1,0.00,0.057,1.000,1.477
solo-tank,full-build,1,1,pack,180,200,0.950,0.000,0.050,0.233,50.7,0.05,0.779,1.000,1.065
solo-tank,full-build,1,1,pack,300,200,0.955,0.000,0.045,0.244,51.2,0.04,0.767,1.000,1.076
solo-tank,full-build,1,1,boss,180,200,0.000,0.000,1.000,—,—,1.00,1.000,1.000,0.000
solo-tank,full-build,1,1,boss,300,200,0.000,0.000,1.000,—,—,1.00,1.000,1.000,0.000
solo-tank,full-build,1,2,solo,180,200,1.000,0.000,0.000,0.573,28.4,0.00,0.427,1.000,1.292
solo-tank,full-build,1,2,solo,300,200,1.000,0.000,0.000,0.586,27.9,0.00,0.414,1.000,1.298
solo-tank,full-build,1,2,pack,180,200,0.000,0.000,1.000,—,—,1.00,1.000,1.000,0.000
solo-tank,full-build,1,2,pack,300,200,0.000,0.000,1.000,—,—,1.00,1.000,1.000,0.000
solo-tank,full-build,1,2,boss,180,200,0.000,0.000,1.000,—,—,1.00,1.000,1.000,0.000
solo-tank,full-build,1,2,boss,300,200,0.000,0.000,1.000,—,—,1.00,1.000,1.000,0.000
solo-tank,full-build,1,3,solo,180,200,0.000,0.000,1.000,—,—,1.00,1.000,1.000,0.000
solo-tank,full-build,1,3,solo,300,200,0.000,0.000,1.000,—,—,1.00,1.000,1.000,0.000
solo-tank,full-build,1,3,pack,180,200,0.000,0.000,1.000,—,—,1.00,1.000,1.000,0.000
solo-tank,full-build,1,3,pack,300,200,0.000,0.000,1.000,—,—,1.00,1.000,1.000,0.000
solo-tank,full-build,1,3,boss,180,200,0.000,0.000,1.000,—,—,1.00,1.000,1.000,0.000
solo-tank,full-build,1,3,boss,300,200,0.000,0.000,1.000,—,—,1.00,1.000,1.000,0.000
solo-tank,full-build,1,4,solo,180,200,0.000,0.000,1.000,—,—,1.00,1.000,1.000,0.000
solo-tank,full-build,1,4,solo,300,200,0.000,0.000,1.000,—,—,1.00,1.000,1.000,0.000
solo-tank,full-build,1,4,pack,180,200,0.000,0.000,1.000,—,—,1.00,1.000,1.000,0.000
solo-tank,full-build,1,4,pack,300,200,0.000,0.000,1.000,—,—,1.00,1.000,1.000,0.000
solo-tank,full-build,1,4,boss,180,200,0.000,0.000,1.000,—,—,1.00,1.000,1.000,0.000
solo-tank,full-build,1,4,boss,300,200,0.000,0.000,1.000,—,—,1.00,1.000,1.000,0.000
solo-tank,full-build,1,5,solo,180,200,0.000,0.000,1.000,—,—,1.00,1.000,1.000,0.000
solo-tank,full-build,1,5,solo,300,200,0.000,0.000,1.000,—,—,1.00,1.000,1.000,0.000
solo-tank,full-build,1,5,pack,180,200,0.000,0.000,1.000,—,—,1.00,1.000,1.000,0.000
solo-tank,full-build,1,5,pack,300,200,0.000,0.000,1.000,—,—,1.00,1.000,1.000,0.000
solo-tank,full-build,1,5,boss,180,200,0.000,0.000,1.000,—,—,1.00,1.000,1.000,0.000
solo-tank,full-build,1,5,boss,300,200,0.000,0.000,1.000,—,—,1.00,1.000,1.000,0.000
solo-tank,full-build,1,6,solo,180,200,0.000,0.000,1.000,—,—,1.00,1.000,1.000,0.000
solo-tank,full-build,1,6,solo,300,200,0.000,0.000,1.000,—,—,1.00,1.000,1.000,0.000
solo-tank,full-build,1,6,pack,180,200,0.000,0.000,1.000,—,—,1.00,1.000,1.000,0.000
solo-tank,full-build,1,6,pack,300,200,0.000,0.000,1.000,—,—,1.00,1.000,1.000,0.000
solo-tank,full-build,1,6,boss,180,200,0.000,0.000,1.000,—,—,1.00,1.000,1.000,0.000
solo-tank,full-build,1,6,boss,300,200,0.000,0.000,1.000,—,—,1.00,1.000,1.000,0.000
solo-tank,full-build,1,7,solo,180,200,0.000,0.000,1.000,—,—,1.00,1.000,1.000,0.000
solo-tank,full-build,1,7,solo,300,200,0.000,0.000,1.000,—,—,1.00,1.000,1.000,0.000
solo-tank,full-build,1,7,pack,180,200,0.000,0.000,1.000,—,—,1.00,1.000,1.000,0.000
solo-tank,full-build,1,7,pack,300,200,0.000,0.000,1.000,—,—,1.00,1.000,1.000,0.000
solo-tank,full-build,1,7,boss,180,200,0.000,0.000,1.000,—,—,1.00,1.000,1.000,0.000
solo-tank,full-build,1,7,boss,300,200,0.000,0.000,1.000,—,—,1.00,1.000,1.000,0.000
solo-tank,full-build,1,8,solo,180,200,0.000,0.000,1.000,—,—,1.00,1.000,1.000,0.000
solo-tank,full-build,1,8,solo,300,200,0.000,0.000,1.000,—,—,1.00,1.000,1.000,0.000
solo-tank,full-build,1,8,pack,180,200,0.000,0.000,1.000,—,—,1.00,1.000,1.000,0.000
solo-tank,full-build,1,8,pack,300,200,0.000,0.000,1.000,—,—,1.00,1.000,1.000,0.000
solo-tank,full-build,1,8,boss,180,200,0.000,0.000,1.000,—,—,1.00,1.000,1.000,0.000
solo-tank,full-build,1,8,boss,300,200,0.000,0.000,1.000,—,—,1.00,1.000,1.000,0.000
solo-tank,full-build,5,1,solo,180,200,1.000,0.000,0.000,0.995,6.1,0.00,0.005,1.000,1.528
solo-tank,full-build,5,1,solo,300,200,1.000,0.000,0.000,0.996,6.0,0.00,0.004,1.000,1.528
solo-tank,full-build,5,1,pack,180,200,1.000,0.000,0.000,0.799,30.3,0.00,0.201,1.000,1.427
solo-tank,full-build,5,1,pack,300,200,1.000,0.000,0.000,0.806,30.1,0.00,0.194,1.000,1.431
solo-tank,full-build,5,1,boss,180,200,1.000,0.000,0.000,0.600,58.9,0.00,0.400,1.000,1.326
solo-tank,full-build,5,1,boss,300,200,1.000,0.000,0.000,0.600,58.7,0.00,0.400,1.000,1.326
solo-tank,full-build,5,2,solo,180,200,1.000,0.000,0.000,0.889,16.0,0.00,0.111,1.000,1.473
solo-tank,full-build,5,2,solo,300,200,1.000,0.000,0.000,0.891,16.0,0.00,0.109,1.000,1.474
solo-tank,full-build,5,2,pack,180,200,0.125,0.000,0.875,0.088,52.6,0.88,0.989,1.000,0.133
solo-tank,full-build,5,2,pack,300,200,0.115,0.000,0.885,0.127,50.6,0.89,0.985,1.000,0.125
solo-tank,full-build,5,2,boss,180,200,0.000,0.000,1.000,—,—,1.00,1.000,1.000,0.000
solo-tank,full-build,5,2,boss,300,200,0.000,0.000,1.000,—,—,1.00,1.000,1.000,0.000
solo-tank,full-build,5,3,solo,180,200,1.000,0.000,0.000,0.381,32.8,0.00,0.619,1.000,1.214
solo-tank,full-build,5,3,solo,300,200,1.000,0.000,0.000,0.384,33.0,0.00,0.616,1.000,1.216
solo-tank,full-build,5,3,pack,180,200,0.000,0.000,1.000,—,—,1.00,1.000,1.000,0.000
solo-tank,full-build,5,3,pack,300,200,0.000,0.000,1.000,—,—,1.00,1.000,1.000,0.000
solo-tank,full-build,5,3,boss,180,200,0.000,0.000,1.000,—,—,1.00,1.000,1.000,0.000
solo-tank,full-build,5,3,boss,300,200,0.000,0.000,1.000,—,—,1.00,1.000,1.000,0.000
solo-tank,full-build,5,4,solo,180,200,0.000,0.000,1.000,—,—,1.00,1.000,1.000,0.000
solo-tank,full-build,5,4,solo,300,200,0.000,0.000,1.000,—,—,1.00,1.000,1.000,0.000
solo-tank,full-build,5,4,pack,180,200,0.000,0.000,1.000,—,—,1.00,1.000,1.000,0.000
solo-tank,full-build,5,4,pack,300,200,0.000,0.000,1.000,—,—,1.00,1.000,1.000,0.000
solo-tank,full-build,5,4,boss,180,200,0.000,0.000,1.000,—,—,1.00,1.000,1.000,0.000
solo-tank,full-build,5,4,boss,300,200,0.000,0.000,1.000,—,—,1.00,1.000,1.000,0.000
solo-tank,full-build,5,5,solo,180,200,0.000,0.000,1.000,—,—,1.00,1.000,1.000,0.000
solo-tank,full-build,5,5,solo,300,200,0.000,0.000,1.000,—,—,1.00,1.000,1.000,0.000
solo-tank,full-build,5,5,pack,180,200,0.000,0.000,1.000,—,—,1.00,1.000,1.000,0.000
solo-tank,full-build,5,5,pack,300,200,0.000,0.000,1.000,—,—,1.00,1.000,1.000,0.000
solo-tank,full-build,5,5,boss,180,200,0.000,0.000,1.000,—,—,1.00,1.000,1.000,0.000
solo-tank,full-build,5,5,boss,300,200,0.000,0.000,1.000,—,—,1.00,1.000,1.000,0.000
solo-tank,full-build,5,6,solo,180,200,0.000,0.000,1.000,—,—,1.00,1.000,1.000,0.000
solo-tank,full-build,5,6,solo,300,200,0.000,0.000,1.000,—,—,1.00,1.000,1.000,0.000
solo-tank,full-build,5,6,pack,180,200,0.000,0.000,1.000,—,—,1.00,1.000,1.000,0.000
solo-tank,full-build,5,6,pack,300,200,0.000,0.000,1.000,—,—,1.00,1.000,1.000,0.000
solo-tank,full-build,5,6,boss,180,200,0.000,0.000,1.000,—,—,1.00,1.000,1.000,0.000
solo-tank,full-build,5,6,boss,300,200,0.000,0.000,1.000,—,—,1.00,1.000,1.000,0.000
solo-tank,full-build,5,7,solo,180,200,0.000,0.000,1.000,—,—,1.00,1.000,1.000,0.000
solo-tank,full-build,5,7,solo,300,200,0.000,0.000,1.000,—,—,1.00,1.000,1.000,0.000
solo-tank,full-build,5,7,pack,180,200,0.000,0.000,1.000,—,—,1.00,1.000,1.000,0.000
solo-tank,full-build,5,7,pack,300,200,0.000,0.000,1.000,—,—,1.00,1.000,1.000,0.000
solo-tank,full-build,5,7,boss,180,200,0.000,0.000,1.000,—,—,1.00,1.000,1.000,0.000
solo-tank,full-build,5,7,boss,300,200,0.000,0.000,1.000,—,—,1.00,1.000,1.000,0.000
solo-tank,full-build,5,8,solo,180,200,0.000,0.000,1.000,—,—,1.00,1.000,1.000,0.000
solo-tank,full-build,5,8,solo,300,200,0.000,0.000,1.000,—,—,1.00,1.000,1.000,0.000
solo-tank,full-build,5,8,pack,180,200,0.000,0.000,1.000,—,—,1.00,1.000,1.000,0.000
solo-tank,full-build,5,8,pack,300,200,0.000,0.000,1.000,—,—,1.00,1.000,1.000,0.000
solo-tank,full-build,5,8,boss,180,200,0.000,0.000,1.000,—,—,1.00,1.000,1.000,0.000
solo-tank,full-build,5,8,boss,300,200,0.000,0.000,1.000,—,—,1.00,1.000,1.000,0.000
solo-tank,full-build,10,1,solo,180,200,1.000,0.000,0.000,1.000,2.5,0.00,0.000,1.000,1.560
solo-tank,full-build,10,1,solo,300,200,1.000,0.000,0.000,1.000,2.5,0.00,0.000,1.000,1.560
solo-tank,full-build,10,1,pack,180,200,1.000,0.000,0.000,0.989,19.5,0.00,0.011,1.000,1.554
solo-tank,full-build,10,1,pack,300,200,1.000,0.000,0.000,0.991,19.4,0.00,0.009,1.000,1.555
solo-tank,full-build,10,1,boss,180,200,1.000,0.000,0.000,0.943,38.2,0.00,0.057,1.000,1.530
solo-tank,full-build,10,1,boss,300,200,1.000,0.000,0.000,0.942,37.8,0.00,0.058,1.000,1.530
solo-tank,full-build,10,2,solo,180,200,1.000,0.000,0.000,0.985,7.0,0.00,0.015,1.000,1.552
solo-tank,full-build,10,2,solo,300,200,1.000,0.000,0.000,0.986,7.0,0.00,0.014,1.000,1.553
solo-tank,full-build,10,2,pack,180,200,1.000,0.000,0.000,0.697,32.6,0.00,0.303,1.000,1.402
solo-tank,full-build,10,2,pack,300,200,1.000,0.000,0.000,0.692,33.1,0.00,0.308,1.000,1.400
solo-tank,full-build,10,2,boss,180,200,1.000,0.000,0.000,0.403,63.4,0.00,0.597,1.000,1.250
solo-tank,full-build,10,2,boss,300,200,1.000,0.000,0.000,0.422,63.5,0.00,0.578,1.000,1.259
solo-tank,full-build,10,3,solo,180,200,1.000,0.000,0.000,0.833,18.1,0.00,0.167,1.000,1.473
solo-tank,full-build,10,3,solo,300,200,1.000,0.000,0.000,0.829,18.1,0.00,0.171,1.000,1.471
solo-tank,full-build,10,3,pack,180,200,0.005,0.000,0.995,0.098,48.0,0.99,1.000,1.000,0.005
solo-tank,full-build,10,3,pack,300,200,0.000,0.000,1.000,—,—,1.00,1.000,1.000,0.000
solo-tank,full-build,10,3,boss,180,200,0.000,0.000,1.000,—,—,1.00,1.000,1.000,0.000
solo-tank,full-build,10,3,boss,300,200,0.000,0.000,1.000,—,—,1.00,1.000,1.000,0.000
solo-tank,full-build,10,4,solo,180,200,0.620,0.000,0.380,0.187,37.9,0.38,0.884,1.000,0.705
solo-tank,full-build,10,4,solo,300,200,0.535,0.000,0.465,0.190,37.5,0.47,0.899,1.000,0.609
solo-tank,full-build,10,4,pack,180,200,0.000,0.000,1.000,—,—,1.00,1.000,1.000,0.000
solo-tank,full-build,10,4,pack,300,200,0.000,0.000,1.000,—,—,1.00,1.000,1.000,0.000
solo-tank,full-build,10,4,boss,180,200,0.000,0.000,1.000,—,—,1.00,1.000,1.000,0.000
solo-tank,full-build,10,4,boss,300,200,0.000,0.000,1.000,—,—,1.00,1.000,1.000,0.000
solo-tank,full-build,10,5,solo,180,200,0.000,0.000,1.000,—,—,1.00,1.000,1.000,0.000
solo-tank,full-build,10,5,solo,300,200,0.000,0.000,1.000,—,—,1.00,1.000,1.000,0.000
solo-tank,full-build,10,5,pack,180,200,0.000,0.000,1.000,—,—,1.00,1.000,1.000,0.000
solo-tank,full-build,10,5,pack,300,200,0.000,0.000,1.000,—,—,1.00,1.000,1.000,0.000
solo-tank,full-build,10,5,boss,180,200,0.000,0.000,1.000,—,—,1.00,1.000,1.000,0.000
solo-tank,full-build,10,5,boss,300,200,0.000,0.000,1.000,—,—,1.00,1.000,1.000,0.000
solo-tank,full-build,10,6,solo,180,200,0.000,0.000,1.000,—,—,1.00,1.000,1.000,0.000
solo-tank,full-build,10,6,solo,300,200,0.000,0.000,1.000,—,—,1.00,1.000,1.000,0.000
solo-tank,full-build,10,6,pack,180,200,0.000,0.000,1.000,—,—,1.00,1.000,1.000,0.000
solo-tank,full-build,10,6,pack,300,200,0.000,0.000,1.000,—,—,1.00,1.000,1.000,0.000
solo-tank,full-build,10,6,boss,180,200,0.000,0.000,1.000,—,—,1.00,1.000,1.000,0.000
solo-tank,full-build,10,6,boss,300,200,0.000,0.000,1.000,—,—,1.00,1.000,1.000,0.000
solo-tank,full-build,10,7,solo,180,200,0.000,0.000,1.000,—,—,1.00,1.000,1.000,0.000
solo-tank,full-build,10,7,solo,300,200,0.000,0.000,1.000,—,—,1.00,1.000,1.000,0.000
solo-tank,full-build,10,7,pack,180,200,0.000,0.000,1.000,—,—,1.00,1.000,1.000,0.000
solo-tank,full-build,10,7,pack,300,200,0.000,0.000,1.000,—,—,1.00,1.000,1.000,0.000
solo-tank,full-build,10,7,boss,180,200,0.000,0.000,1.000,—,—,1.00,1.000,1.000,0.000
solo-tank,full-build,10,7,boss,300,200,0.000,0.000,1.000,—,—,1.00,1.000,1.000,0.000
solo-tank,full-build,10,8,solo,180,200,0.000,0.000,1.000,—,—,1.00,1.000,1.000,0.000
solo-tank,full-build,10,8,solo,300,200,0.000,0.000,1.000,—,—,1.00,1.000,1.000,0.000
solo-tank,full-build,10,8,pack,180,200,0.000,0.000,1.000,—,—,1.00,1.000,1.000,0.000
solo-tank,full-build,10,8,pack,300,200,0.000,0.000,1.000,—,—,1.00,1.000,1.000,0.000
solo-tank,full-build,10,8,boss,180,200,0.000,0.000,1.000,—,—,1.00,1.000,1.000,0.000
solo-tank,full-build,10,8,boss,300,200,0.000,0.000,1.000,—,—,1.00,1.000,1.000,0.000
solo-tank,full-build,20,1,solo,180,200,1.000,0.000,0.000,1.000,0.0,0.00,0.000,—,1.620
solo-tank,full-build,20,1,solo,300,200,1.000,0.000,0.000,1.000,0.0,0.00,0.000,—,1.620
solo-tank,full-build,20,1,pack,180,200,1.000,0.000,0.000,1.000,12.0,0.00,0.000,1.000,1.620
solo-tank,full-build,20,1,pack,300,200,1.000,0.000,0.000,1.000,12.0,0.00,0.000,1.000,1.620
solo-tank,full-build,20,1,boss,180,200,1.000,0.000,0.000,0.999,27.3,0.00,0.001,1.000,1.620
solo-tank,full-build,20,1,boss,300,200,1.000,0.000,0.000,0.999,27.6,0.00,0.001,1.000,1.620
solo-tank,full-build,20,2,solo,180,200,1.000,0.000,0.000,1.000,5.6,0.00,0.000,1.000,1.620
solo-tank,full-build,20,2,solo,300,200,1.000,0.000,0.000,1.000,5.5,0.00,0.000,1.000,1.620
solo-tank,full-build,20,2,pack,180,200,1.000,0.000,0.000,0.986,28.4,0.00,0.014,1.000,1.613
solo-tank,full-build,20,2,pack,300,200,1.000,0.000,0.000,0.983,28.8,0.00,0.017,1.000,1.611
solo-tank,full-build,20,2,boss,180,200,1.000,0.000,0.000,0.970,43.5,0.00,0.030,1.000,1.604
solo-tank,full-build,20,2,boss,300,200,1.000,0.000,0.000,0.970,43.4,0.00,0.030,1.000,1.604
solo-tank,full-build,20,3,solo,180,200,1.000,0.000,0.000,0.987,10.8,0.00,0.013,1.000,1.613
solo-tank,full-build,20,3,solo,300,200,1.000,0.000,0.000,0.988,10.5,0.00,0.012,1.000,1.613
solo-tank,full-build,20,3,pack,180,200,1.000,0.000,0.000,0.659,45.5,0.00,0.341,1.000,1.436
solo-tank,full-build,20,3,pack,300,200,1.000,0.000,0.000,0.660,45.0,0.00,0.340,1.000,1.437
solo-tank,full-build,20,3,boss,180,200,0.985,0.000,0.015,0.437,75.7,0.01,0.570,1.000,1.296
solo-tank,full-build,20,3,boss,300,200,0.995,0.000,0.005,0.439,76.0,0.01,0.563,1.000,1.311
solo-tank,full-build,20,4,solo,180,200,1.000,0.000,0.000,0.824,23.6,0.00,0.176,1.000,1.525
solo-tank,full-build,20,4,solo,300,200,1.000,0.000,0.000,0.832,23.0,0.00,0.168,1.000,1.529
solo-tank,full-build,20,4,pack,180,200,0.000,0.000,1.000,—,—,1.00,1.000,1.000,0.000
solo-tank,full-build,20,4,pack,300,200,0.000,0.000,1.000,—,—,1.00,1.000,1.000,0.000
solo-tank,full-build,20,4,boss,180,200,0.000,0.000,1.000,—,—,1.00,1.000,1.000,0.000
solo-tank,full-build,20,4,boss,300,200,0.000,0.000,1.000,—,—,1.00,1.000,1.000,0.000
solo-tank,full-build,20,5,solo,180,200,0.310,0.000,0.690,0.167,50.1,0.69,0.948,1.000,0.363
solo-tank,full-build,20,5,solo,300,200,0.270,0.000,0.730,0.151,50.2,0.73,0.959,1.000,0.314
solo-tank,full-build,20,5,pack,180,200,0.000,0.000,1.000,—,—,1.00,1.000,1.000,0.000
solo-tank,full-build,20,5,pack,300,200,0.000,0.000,1.000,—,—,1.00,1.000,1.000,0.000
solo-tank,full-build,20,5,boss,180,200,0.000,0.000,1.000,—,—,1.00,1.000,1.000,0.000
solo-tank,full-build,20,5,boss,300,200,0.000,0.000,1.000,—,—,1.00,1.000,1.000,0.000
solo-tank,full-build,20,6,solo,180,200,0.000,0.000,1.000,—,—,1.00,1.000,1.000,0.000
solo-tank,full-build,20,6,solo,300,200,0.000,0.000,1.000,—,—,1.00,1.000,1.000,0.000
solo-tank,full-build,20,6,pack,180,200,0.000,0.000,1.000,—,—,1.00,1.000,1.000,0.000
solo-tank,full-build,20,6,pack,300,200,0.000,0.000,1.000,—,—,1.00,1.000,1.000,0.000
solo-tank,full-build,20,6,boss,180,200,0.000,0.000,1.000,—,—,1.00,1.000,1.000,0.000
solo-tank,full-build,20,6,boss,300,200,0.000,0.000,1.000,—,—,1.00,1.000,1.000,0.000
solo-tank,full-build,20,7,solo,180,200,0.000,0.000,1.000,—,—,1.00,1.000,1.000,0.000
solo-tank,full-build,20,7,solo,300,200,0.000,0.000,1.000,—,—,1.00,1.000,1.000,0.000
solo-tank,full-build,20,7,pack,180,200,0.000,0.000,1.000,—,—,1.00,1.000,1.000,0.000
solo-tank,full-build,20,7,pack,300,200,0.000,0.000,1.000,—,—,1.00,1.000,1.000,0.000
solo-tank,full-build,20,7,boss,180,200,0.000,0.000,1.000,—,—,1.00,1.000,1.000,0.000
solo-tank,full-build,20,7,boss,300,200,0.000,0.000,1.000,—,—,1.00,1.000,1.000,0.000
solo-tank,full-build,20,8,solo,180,200,0.000,0.000,1.000,—,—,1.00,1.000,1.000,0.000
solo-tank,full-build,20,8,solo,300,200,0.000,0.000,1.000,—,—,1.00,1.000,1.000,0.000
solo-tank,full-build,20,8,pack,180,200,0.000,0.000,1.000,—,—,1.00,1.000,1.000,0.000
solo-tank,full-build,20,8,pack,300,200,0.000,0.000,1.000,—,—,1.00,1.000,1.000,0.000
solo-tank,full-build,20,8,boss,180,200,0.000,0.000,1.000,—,—,1.00,1.000,1.000,0.000
solo-tank,full-build,20,8,boss,300,200,0.000,0.000,1.000,—,—,1.00,1.000,1.000,0.000
solo-tank,full-build,35,1,solo,180,200,1.000,0.000,0.000,1.000,0.0,0.00,0.000,—,1.710
solo-tank,full-build,35,1,solo,300,200,1.000,0.000,0.000,1.000,0.0,0.00,0.000,—,1.710
solo-tank,full-build,35,1,pack,180,200,1.000,0.000,0.000,1.000,12.0,0.00,0.000,1.000,1.710
solo-tank,full-build,35,1,pack,300,200,1.000,0.000,0.000,1.000,12.0,0.00,0.000,1.000,1.710
solo-tank,full-build,35,1,boss,180,200,1.000,0.000,0.000,1.000,20.2,0.00,0.000,1.000,1.710
solo-tank,full-build,35,1,boss,300,200,1.000,0.000,0.000,1.000,20.7,0.00,0.000,1.000,1.710
solo-tank,full-build,35,2,solo,180,200,1.000,0.000,0.000,1.000,0.0,0.00,0.000,—,1.710
solo-tank,full-build,35,2,solo,300,200,1.000,0.000,0.000,1.000,0.0,0.00,0.000,—,1.710
solo-tank,full-build,35,2,pack,180,200,1.000,0.000,0.000,1.000,12.0,0.00,0.000,1.000,1.710
solo-tank,full-build,35,2,pack,300,200,1.000,0.000,0.000,1.000,12.0,0.00,0.000,1.000,1.710
solo-tank,full-build,35,2,boss,180,200,1.000,0.000,0.000,1.000,31.1,0.00,0.000,1.000,1.710
solo-tank,full-build,35,2,boss,300,200,1.000,0.000,0.000,1.000,31.1,0.00,0.000,1.000,1.710
solo-tank,full-build,35,3,solo,180,200,1.000,0.000,0.000,1.000,6.0,0.00,0.000,1.000,1.710
solo-tank,full-build,35,3,solo,300,200,1.000,0.000,0.000,1.000,6.0,0.00,0.000,1.000,1.710
solo-tank,full-build,35,3,pack,180,200,1.000,0.000,0.000,0.998,30.0,0.00,0.002,1.000,1.709
solo-tank,full-build,35,3,pack,300,200,1.000,0.000,0.000,0.998,30.0,0.00,0.002,1.000,1.709
solo-tank,full-build,35,3,boss,180,200,1.000,0.000,0.000,0.986,51.4,0.00,0.014,1.000,1.702
solo-tank,full-build,35,3,boss,300,200,1.000,0.000,0.000,0.984,51.4,0.00,0.016,1.000,1.701
solo-tank,full-build,35,4,solo,180,200,1.000,0.000,0.000,0.995,13.5,0.00,0.005,1.000,1.707
solo-tank,full-build,35,4,solo,300,200,1.000,0.000,0.000,0.996,13.6,0.00,0.004,1.000,1.708
solo-tank,full-build,35,4,pack,180,200,1.000,0.000,0.000,0.737,52.7,0.00,0.263,1.000,1.560
solo-tank,full-build,35,4,pack,300,200,1.000,0.000,0.000,0.738,52.0,0.00,0.262,1.000,1.561
solo-tank,full-build,35,4,boss,180,200,1.000,0.000,0.000,0.417,105.4,0.00,0.583,1.000,1.378
solo-tank,full-build,35,4,boss,300,200,1.000,0.000,0.000,0.412,104.1,0.00,0.588,1.000,1.375
solo-tank,full-build,35,5,solo,180,200,1.000,0.000,0.000,0.846,33.1,0.00,0.154,1.000,1.622
solo-tank,full-build,35,5,solo,300,200,1.000,0.000,0.000,0.842,33.1,0.00,0.158,1.000,1.620
solo-tank,full-build,35,5,pack,180,200,0.000,0.000,1.000,—,—,1.00,1.000,1.000,0.000
solo-tank,full-build,35,5,pack,300,200,0.000,0.000,1.000,—,—,1.00,1.000,1.000,0.000
solo-tank,full-build,35,5,boss,180,200,0.000,0.000,1.000,—,—,1.00,1.000,1.000,0.000
solo-tank,full-build,35,5,boss,300,200,0.000,0.000,1.000,—,—,1.00,1.000,1.000,0.000
solo-tank,full-build,35,6,solo,180,200,0.160,0.000,0.840,0.154,73.1,0.84,0.975,1.000,0.196
solo-tank,full-build,35,6,solo,300,200,0.115,0.000,0.885,0.151,75.9,0.89,0.983,1.000,0.141
solo-tank,full-build,35,6,pack,180,200,0.000,0.000,1.000,—,—,1.00,1.000,1.000,0.000
solo-tank,full-build,35,6,pack,300,200,0.000,0.000,1.000,—,—,1.00,1.000,1.000,0.000
solo-tank,full-build,35,6,boss,180,200,0.000,0.000,1.000,—,—,1.00,1.000,1.000,0.000
solo-tank,full-build,35,6,boss,300,200,0.000,0.000,1.000,—,—,1.00,1.000,1.000,0.000
solo-tank,full-build,35,7,solo,180,200,0.000,0.000,1.000,—,—,1.00,1.000,1.000,0.000
solo-tank,full-build,35,7,solo,300,200,0.000,0.000,1.000,—,—,1.00,1.000,1.000,0.000
solo-tank,full-build,35,7,pack,180,200,0.000,0.000,1.000,—,—,1.00,1.000,1.000,0.000
solo-tank,full-build,35,7,pack,300,200,0.000,0.000,1.000,—,—,1.00,1.000,1.000,0.000
solo-tank,full-build,35,7,boss,180,200,0.000,0.000,1.000,—,—,1.00,1.000,1.000,0.000
solo-tank,full-build,35,7,boss,300,200,0.000,0.000,1.000,—,—,1.00,1.000,1.000,0.000
solo-tank,full-build,35,8,solo,180,200,0.000,0.000,1.000,—,—,1.00,1.000,1.000,0.000
solo-tank,full-build,35,8,solo,300,200,0.000,0.000,1.000,—,—,1.00,1.000,1.000,0.000
solo-tank,full-build,35,8,pack,180,200,0.000,0.000,1.000,—,—,1.00,1.000,1.000,0.000
solo-tank,full-build,35,8,pack,300,200,0.000,0.000,1.000,—,—,1.00,1.000,1.000,0.000
solo-tank,full-build,35,8,boss,180,200,0.000,0.000,1.000,—,—,1.00,1.000,1.000,0.000
solo-tank,full-build,35,8,boss,300,200,0.000,0.000,1.000,—,—,1.00,1.000,1.000,0.000
solo-tank,full-build,50,1,solo,180,200,1.000,0.000,0.000,1.000,0.0,0.00,0.000,—,1.800
solo-tank,full-build,50,1,solo,300,200,1.000,0.000,0.000,1.000,0.0,0.00,0.000,—,1.800
solo-tank,full-build,50,1,pack,180,200,1.000,0.000,0.000,1.000,12.0,0.00,0.000,1.000,1.800
solo-tank,full-build,50,1,pack,300,200,1.000,0.000,0.000,1.000,12.0,0.00,0.000,1.000,1.800
solo-tank,full-build,50,1,boss,180,200,1.000,0.000,0.000,1.000,18.0,0.00,0.000,1.000,1.800
solo-tank,full-build,50,1,boss,300,200,1.000,0.000,0.000,1.000,18.0,0.00,0.000,1.000,1.800
solo-tank,full-build,50,2,solo,180,200,1.000,0.000,0.000,1.000,0.0,0.00,0.000,—,1.800
solo-tank,full-build,50,2,solo,300,200,1.000,0.000,0.000,1.000,0.0,0.00,0.000,—,1.800
solo-tank,full-build,50,2,pack,180,200,1.000,0.000,0.000,1.000,12.0,0.00,0.000,1.000,1.800
solo-tank,full-build,50,2,pack,300,200,1.000,0.000,0.000,1.000,12.0,0.00,0.000,1.000,1.800
solo-tank,full-build,50,2,boss,180,200,1.000,0.000,0.000,1.000,25.1,0.00,0.000,1.000,1.800
solo-tank,full-build,50,2,boss,300,200,1.000,0.000,0.000,1.000,24.9,0.00,0.000,1.000,1.800
solo-tank,full-build,50,3,solo,180,200,1.000,0.000,0.000,1.000,3.7,0.00,0.000,1.000,1.800
solo-tank,full-build,50,3,solo,300,200,1.000,0.000,0.000,1.000,4.1,0.00,0.000,1.000,1.800
solo-tank,full-build,50,3,pack,180,200,1.000,0.000,0.000,1.000,23.7,0.00,0.000,1.000,1.800
solo-tank,full-build,50,3,pack,300,200,1.000,0.000,0.000,1.000,23.9,0.00,0.000,1.000,1.800
solo-tank,full-build,50,3,boss,180,200,1.000,0.000,0.000,1.000,40.2,0.00,0.000,1.000,1.800
solo-tank,full-build,50,3,boss,300,200,1.000,0.000,0.000,1.000,40.5,0.00,0.000,1.000,1.800
solo-tank,full-build,50,4,solo,180,200,1.000,0.000,0.000,1.000,9.8,0.00,0.000,1.000,1.800
solo-tank,full-build,50,4,solo,300,200,1.000,0.000,0.000,1.000,10.5,0.00,0.000,1.000,1.800
solo-tank,full-build,50,4,pack,180,200,1.000,0.000,0.000,0.998,42.1,0.00,0.002,1.000,1.799
solo-tank,full-build,50,4,pack,300,200,1.000,0.000,0.000,0.998,41.9,0.00,0.002,1.000,1.799
solo-tank,full-build,50,4,boss,180,200,1.000,0.000,0.000,0.978,72.3,0.00,0.022,1.000,1.787
solo-tank,full-build,50,4,boss,300,200,1.000,0.000,0.000,0.980,71.8,0.00,0.020,1.000,1.788
solo-tank,full-build,50,5,solo,180,200,1.000,0.000,0.000,0.991,23.7,0.00,0.009,1.000,1.795
solo-tank,full-build,50,5,solo,300,200,1.000,0.000,0.000,0.993,23.8,0.00,0.007,1.000,1.796
solo-tank,full-build,50,5,pack,180,200,1.000,0.000,0.000,0.535,83.7,0.00,0.465,1.000,1.521
solo-tank,full-build,50,5,pack,300,200,1.000,0.000,0.000,0.536,83.0,0.00,0.464,1.000,1.522
solo-tank,full-build,50,5,boss,180,200,0.640,0.005,0.355,0.214,151.0,0.35,0.863,1.000,0.850
solo-tank,full-build,50,5,boss,300,200,0.665,0.000,0.335,0.222,152.1,0.34,0.852,1.000,0.887
solo-tank,full-build,50,6,solo,180,200,1.000,0.000,0.000,0.714,58.2,0.00,0.286,1.000,1.628
solo-tank,full-build,50,6,solo,300,200,1.000,0.000,0.000,0.700,58.2,0.00,0.300,1.000,1.620
solo-tank,full-build,50,6,pack,180,200,0.000,0.000,1.000,—,—,1.00,1.000,1.000,0.000
solo-tank,full-build,50,6,pack,300,200,0.000,0.000,1.000,—,—,1.00,1.000,1.000,0.000
solo-tank,full-build,50,6,boss,180,200,0.000,0.000,1.000,—,—,1.00,1.000,1.000,0.000
solo-tank,full-build,50,6,boss,300,200,0.000,0.000,1.000,—,—,1.00,1.000,1.000,0.000
solo-tank,full-build,50,7,solo,180,200,0.000,0.000,1.000,—,—,1.00,1.000,1.000,0.000
solo-tank,full-build,50,7,solo,300,200,0.000,0.000,1.000,—,—,1.00,1.000,1.000,0.000
solo-tank,full-build,50,7,pack,180,200,0.000,0.000,1.000,—,—,1.00,1.000,1.000,0.000
solo-tank,full-build,50,7,pack,300,200,0.000,0.000,1.000,—,—,1.00,1.000,1.000,0.000
solo-tank,full-build,50,7,boss,180,200,0.000,0.000,1.000,—,—,1.00,1.000,1.000,0.000
solo-tank,full-build,50,7,boss,300,200,0.000,0.000,1.000,—,—,1.00,1.000,1.000,0.000
solo-tank,full-build,50,8,solo,180,200,0.000,0.000,1.000,—,—,1.00,1.000,1.000,0.000
solo-tank,full-build,50,8,solo,300,200,0.000,0.000,1.000,—,—,1.00,1.000,1.000,0.000
solo-tank,full-build,50,8,pack,180,200,0.000,0.000,1.000,—,—,1.00,1.000,1.000,0.000
solo-tank,full-build,50,8,pack,300,200,0.000,0.000,1.000,—,—,1.00,1.000,1.000,0.000
solo-tank,full-build,50,8,boss,180,200,0.000,0.000,1.000,—,—,1.00,1.000,1.000,0.000
solo-tank,full-build,50,8,boss,300,200,0.000,0.000,1.000,—,—,1.00,1.000,1.000,0.000
solo-dps,naked,1,1,solo,180,200,1.000,0.000,0.000,0.479,8.4,0.00,0.521,—,1.245
solo-dps,naked,1,1,solo,300,200,1.000,0.000,0.000,0.491,8.2,0.00,0.509,—,1.250
solo-dps,naked,1,1,pack,180,200,0.000,0.000,1.000,—,—,1.00,1.000,—,0.000
solo-dps,naked,1,1,pack,300,200,0.000,0.000,1.000,—,—,1.00,1.000,—,0.000
solo-dps,naked,1,1,boss,180,200,0.000,0.000,1.000,—,—,1.00,1.000,—,0.000
solo-dps,naked,1,1,boss,300,200,0.000,0.000,1.000,—,—,1.00,1.000,—,0.000
solo-dps,naked,1,2,solo,180,200,0.000,0.000,1.000,—,—,1.00,1.000,—,0.000
solo-dps,naked,1,2,solo,300,200,0.000,0.000,1.000,—,—,1.00,1.000,—,0.000
solo-dps,naked,1,2,pack,180,200,0.000,0.000,1.000,—,—,1.00,1.000,—,0.000
solo-dps,naked,1,2,pack,300,200,0.000,0.000,1.000,—,—,1.00,1.000,—,0.000
solo-dps,naked,1,2,boss,180,200,0.000,0.000,1.000,—,—,1.00,1.000,—,0.000
solo-dps,naked,1,2,boss,300,200,0.000,0.000,1.000,—,—,1.00,1.000,—,0.000
solo-dps,naked,1,3,solo,180,200,0.000,0.000,1.000,—,—,1.00,1.000,—,0.000
solo-dps,naked,1,3,solo,300,200,0.000,0.000,1.000,—,—,1.00,1.000,—,0.000
solo-dps,naked,1,3,pack,180,200,0.000,0.000,1.000,—,—,1.00,1.000,—,0.000
solo-dps,naked,1,3,pack,300,200,0.000,0.000,1.000,—,—,1.00,1.000,—,0.000
solo-dps,naked,1,3,boss,180,200,0.000,0.000,1.000,—,—,1.00,1.000,—,0.000
solo-dps,naked,1,3,boss,300,200,0.000,0.000,1.000,—,—,1.00,1.000,—,0.000
solo-dps,naked,1,4,solo,180,200,0.000,0.000,1.000,—,—,1.00,1.000,—,0.000
solo-dps,naked,1,4,solo,300,200,0.000,0.000,1.000,—,—,1.00,1.000,—,0.000
solo-dps,naked,1,4,pack,180,200,0.000,0.000,1.000,—,—,1.00,1.000,—,0.000
solo-dps,naked,1,4,pack,300,200,0.000,0.000,1.000,—,—,1.00,1.000,—,0.000
solo-dps,naked,1,4,boss,180,200,0.000,0.000,1.000,—,—,1.00,1.000,—,0.000
solo-dps,naked,1,4,boss,300,200,0.000,0.000,1.000,—,—,1.00,1.000,—,0.000
solo-dps,naked,1,5,solo,180,200,0.000,0.000,1.000,—,—,1.00,1.000,—,0.000
solo-dps,naked,1,5,solo,300,200,0.000,0.000,1.000,—,—,1.00,1.000,—,0.000
solo-dps,naked,1,5,pack,180,200,0.000,0.000,1.000,—,—,1.00,1.000,—,0.000
solo-dps,naked,1,5,pack,300,200,0.000,0.000,1.000,—,—,1.00,1.000,—,0.000
solo-dps,naked,1,5,boss,180,200,0.000,0.000,1.000,—,—,1.00,1.000,—,0.000
solo-dps,naked,1,5,boss,300,200,0.000,0.000,1.000,—,—,1.00,1.000,—,0.000
solo-dps,naked,1,6,solo,180,200,0.000,0.000,1.000,—,—,1.00,1.000,—,0.000
solo-dps,naked,1,6,solo,300,200,0.000,0.000,1.000,—,—,1.00,1.000,—,0.000
solo-dps,naked,1,6,pack,180,200,0.000,0.000,1.000,—,—,1.00,1.000,—,0.000
solo-dps,naked,1,6,pack,300,200,0.000,0.000,1.000,—,—,1.00,1.000,—,0.000
solo-dps,naked,1,6,boss,180,200,0.000,0.000,1.000,—,—,1.00,1.000,—,0.000
solo-dps,naked,1,6,boss,300,200,0.000,0.000,1.000,—,—,1.00,1.000,—,0.000
solo-dps,naked,1,7,solo,180,200,0.000,0.000,1.000,—,—,1.00,1.000,—,0.000
solo-dps,naked,1,7,solo,300,200,0.000,0.000,1.000,—,—,1.00,1.000,—,0.000
solo-dps,naked,1,7,pack,180,200,0.000,0.000,1.000,—,—,1.00,1.000,—,0.000
solo-dps,naked,1,7,pack,300,200,0.000,0.000,1.000,—,—,1.00,1.000,—,0.000
solo-dps,naked,1,7,boss,180,200,0.000,0.000,1.000,—,—,1.00,1.000,—,0.000
solo-dps,naked,1,7,boss,300,200,0.000,0.000,1.000,—,—,1.00,1.000,—,0.000
solo-dps,naked,1,8,solo,180,200,0.000,0.000,1.000,—,—,1.00,1.000,—,0.000
solo-dps,naked,1,8,solo,300,200,0.000,0.000,1.000,—,—,1.00,1.000,—,0.000
solo-dps,naked,1,8,pack,180,200,0.000,0.000,1.000,—,—,1.00,1.000,—,0.000
solo-dps,naked,1,8,pack,300,200,0.000,0.000,1.000,—,—,1.00,1.000,—,0.000
solo-dps,naked,1,8,boss,180,200,0.000,0.000,1.000,—,—,1.00,1.000,—,0.000
solo-dps,naked,1,8,boss,300,200,0.000,0.000,1.000,—,—,1.00,1.000,—,0.000
solo-dps,naked,5,1,solo,180,200,1.000,0.000,0.000,0.753,4.0,0.00,0.247,—,1.404
solo-dps,naked,5,1,solo,300,200,1.000,0.000,0.000,0.763,3.8,0.00,0.237,—,1.409
solo-dps,naked,5,1,pack,180,200,0.015,0.000,0.985,0.065,13.3,0.98,0.999,—,0.016
solo-dps,naked,5,1,pack,300,200,0.015,0.000,0.985,0.071,14.7,0.98,0.999,—,0.016
solo-dps,naked,5,1,boss,180,200,0.000,0.000,1.000,—,—,1.00,1.000,—,0.000
solo-dps,naked,5,1,boss,300,200,0.000,0.000,1.000,—,—,1.00,1.000,—,0.000
solo-dps,naked,5,2,solo,180,200,0.970,0.000,0.030,0.280,7.6,0.03,0.728,—,1.128
solo-dps,naked,5,2,solo,300,200,0.985,0.000,0.015,0.281,7.6,0.01,0.723,—,1.146
solo-dps,naked,5,2,pack,180,200,0.000,0.000,1.000,—,—,1.00,1.000,—,0.000
solo-dps,naked,5,2,pack,300,200,0.000,0.000,1.000,—,—,1.00,1.000,—,0.000
solo-dps,naked,5,2,boss,180,200,0.000,0.000,1.000,—,—,1.00,1.000,—,0.000
solo-dps,naked,5,2,boss,300,200,0.000,0.000,1.000,—,—,1.00,1.000,—,0.000
solo-dps,naked,5,3,solo,180,200,0.000,0.000,1.000,—,—,1.00,1.000,—,0.000
solo-dps,naked,5,3,solo,300,200,0.000,0.000,1.000,—,—,1.00,1.000,—,0.000
solo-dps,naked,5,3,pack,180,200,0.000,0.000,1.000,—,—,1.00,1.000,—,0.000
solo-dps,naked,5,3,pack,300,200,0.000,0.000,1.000,—,—,1.00,1.000,—,0.000
solo-dps,naked,5,3,boss,180,200,0.000,0.000,1.000,—,—,1.00,1.000,—,0.000
solo-dps,naked,5,3,boss,300,200,0.000,0.000,1.000,—,—,1.00,1.000,—,0.000
solo-dps,naked,5,4,solo,180,200,0.000,0.000,1.000,—,—,1.00,1.000,—,0.000
solo-dps,naked,5,4,solo,300,200,0.000,0.000,1.000,—,—,1.00,1.000,—,0.000
solo-dps,naked,5,4,pack,180,200,0.000,0.000,1.000,—,—,1.00,1.000,—,0.000
solo-dps,naked,5,4,pack,300,200,0.000,0.000,1.000,—,—,1.00,1.000,—,0.000
solo-dps,naked,5,4,boss,180,200,0.000,0.000,1.000,—,—,1.00,1.000,—,0.000
solo-dps,naked,5,4,boss,300,200,0.000,0.000,1.000,—,—,1.00,1.000,—,0.000
solo-dps,naked,5,5,solo,180,200,0.000,0.000,1.000,—,—,1.00,1.000,—,0.000
solo-dps,naked,5,5,solo,300,200,0.000,0.000,1.000,—,—,1.00,1.000,—,0.000
solo-dps,naked,5,5,pack,180,200,0.000,0.000,1.000,—,—,1.00,1.000,—,0.000
solo-dps,naked,5,5,pack,300,200,0.000,0.000,1.000,—,—,1.00,1.000,—,0.000
solo-dps,naked,5,5,boss,180,200,0.000,0.000,1.000,—,—,1.00,1.000,—,0.000
solo-dps,naked,5,5,boss,300,200,0.000,0.000,1.000,—,—,1.00,1.000,—,0.000
solo-dps,naked,5,6,solo,180,200,0.000,0.000,1.000,—,—,1.00,1.000,—,0.000
solo-dps,naked,5,6,solo,300,200,0.000,0.000,1.000,—,—,1.00,1.000,—,0.000
solo-dps,naked,5,6,pack,180,200,0.000,0.000,1.000,—,—,1.00,1.000,—,0.000
solo-dps,naked,5,6,pack,300,200,0.000,0.000,1.000,—,—,1.00,1.000,—,0.000
solo-dps,naked,5,6,boss,180,200,0.000,0.000,1.000,—,—,1.00,1.000,—,0.000
solo-dps,naked,5,6,boss,300,200,0.000,0.000,1.000,—,—,1.00,1.000,—,0.000
solo-dps,naked,5,7,solo,180,200,0.000,0.000,1.000,—,—,1.00,1.000,—,0.000
solo-dps,naked,5,7,solo,300,200,0.000,0.000,1.000,—,—,1.00,1.000,—,0.000
solo-dps,naked,5,7,pack,180,200,0.000,0.000,1.000,—,—,1.00,1.000,—,0.000
solo-dps,naked,5,7,pack,300,200,0.000,0.000,1.000,—,—,1.00,1.000,—,0.000
solo-dps,naked,5,7,boss,180,200,0.000,0.000,1.000,—,—,1.00,1.000,—,0.000
solo-dps,naked,5,7,boss,300,200,0.000,0.000,1.000,—,—,1.00,1.000,—,0.000
solo-dps,naked,5,8,solo,180,200,0.000,0.000,1.000,—,—,1.00,1.000,—,0.000
solo-dps,naked,5,8,solo,300,200,0.000,0.000,1.000,—,—,1.00,1.000,—,0.000
solo-dps,naked,5,8,pack,180,200,0.000,0.000,1.000,—,—,1.00,1.000,—,0.000
solo-dps,naked,5,8,pack,300,200,0.000,0.000,1.000,—,—,1.00,1.000,—,0.000
solo-dps,naked,5,8,boss,180,200,0.000,0.000,1.000,—,—,1.00,1.000,—,0.000
solo-dps,naked,5,8,boss,300,200,0.000,0.000,1.000,—,—,1.00,1.000,—,0.000
solo-dps,naked,10,1,solo,180,200,1.000,0.000,0.000,0.902,1.7,0.00,0.098,—,1.509
solo-dps,naked,10,1,solo,300,200,1.000,0.000,0.000,0.903,1.6,0.00,0.097,—,1.510
solo-dps,naked,10,1,pack,180,200,1.000,0.000,0.000,0.407,8.4,0.00,0.593,—,1.251
solo-dps,naked,10,1,pack,300,200,1.000,0.000,0.000,0.409,8.4,0.00,0.591,—,1.252
solo-dps,naked,10,1,boss,180,200,0.650,0.000,0.350,0.157,15.1,0.35,0.898,—,0.729
solo-dps,naked,10,1,boss,300,200,0.645,0.000,0.355,0.118,15.2,0.35,0.924,—,0.710
solo-dps,naked,10,2,solo,180,200,1.000,0.000,0.000,0.634,3.9,0.00,0.366,—,1.370
solo-dps,naked,10,2,solo,300,200,1.000,0.000,0.000,0.633,4.0,0.00,0.367,—,1.369
solo-dps,naked,10,2,pack,180,200,0.000,0.000,1.000,—,—,1.00,1.000,—,0.000
solo-dps,naked,10,2,pack,300,200,0.000,0.000,1.000,—,—,1.00,1.000,—,0.000
solo-dps,naked,10,2,boss,180,200,0.000,0.000,1.000,—,—,1.00,1.000,—,0.000
solo-dps,naked,10,2,boss,300,200,0.000,0.000,1.000,—,—,1.00,1.000,—,0.000
solo-dps,naked,10,3,solo,180,200,0.355,0.000,0.645,0.123,8.0,0.65,0.956,—,0.392
solo-dps,naked,10,3,solo,300,200,0.460,0.000,0.540,0.136,8.1,0.54,0.937,—,0.511
solo-dps,naked,10,3,pack,180,200,0.000,0.000,1.000,—,—,1.00,1.000,—,0.000
solo-dps,naked,10,3,pack,300,200,0.000,0.000,1.000,—,—,1.00,1.000,—,0.000
solo-dps,naked,10,3,boss,180,200,0.000,0.000,1.000,—,—,1.00,1.000,—,0.000
solo-dps,naked,10,3,boss,300,200,0.000,0.000,1.000,—,—,1.00,1.000,—,0.000
solo-dps,naked,10,4,solo,180,200,0.000,0.000,1.000,—,—,1.00,1.000,—,0.000
solo-dps,naked,10,4,solo,300,200,0.000,0.000,1.000,—,—,1.00,1.000,—,0.000
solo-dps,naked,10,4,pack,180,200,0.000,0.000,1.000,—,—,1.00,1.000,—,0.000
solo-dps,naked,10,4,pack,300,200,0.000,0.000,1.000,—,—,1.00,1.000,—,0.000
solo-dps,naked,10,4,boss,180,200,0.000,0.000,1.000,—,—,1.00,1.000,—,0.000
solo-dps,naked,10,4,boss,300,200,0.000,0.000,1.000,—,—,1.00,1.000,—,0.000
solo-dps,naked,10,5,solo,180,200,0.000,0.000,1.000,—,—,1.00,1.000,—,0.000
solo-dps,naked,10,5,solo,300,200,0.000,0.000,1.000,—,—,1.00,1.000,—,0.000
solo-dps,naked,10,5,pack,180,200,0.000,0.000,1.000,—,—,1.00,1.000,—,0.000
solo-dps,naked,10,5,pack,300,200,0.000,0.000,1.000,—,—,1.00,1.000,—,0.000
solo-dps,naked,10,5,boss,180,200,0.000,0.000,1.000,—,—,1.00,1.000,—,0.000
solo-dps,naked,10,5,boss,300,200,0.000,0.000,1.000,—,—,1.00,1.000,—,0.000
solo-dps,naked,10,6,solo,180,200,0.000,0.000,1.000,—,—,1.00,1.000,—,0.000
solo-dps,naked,10,6,solo,300,200,0.000,0.000,1.000,—,—,1.00,1.000,—,0.000
solo-dps,naked,10,6,pack,180,200,0.000,0.000,1.000,—,—,1.00,1.000,—,0.000
solo-dps,naked,10,6,pack,300,200,0.000,0.000,1.000,—,—,1.00,1.000,—,0.000
solo-dps,naked,10,6,boss,180,200,0.000,0.000,1.000,—,—,1.00,1.000,—,0.000
solo-dps,naked,10,6,boss,300,200,0.000,0.000,1.000,—,—,1.00,1.000,—,0.000
solo-dps,naked,10,7,solo,180,200,0.000,0.000,1.000,—,—,1.00,1.000,—,0.000
solo-dps,naked,10,7,solo,300,200,0.000,0.000,1.000,—,—,1.00,1.000,—,0.000
solo-dps,naked,10,7,pack,180,200,0.000,0.000,1.000,—,—,1.00,1.000,—,0.000
solo-dps,naked,10,7,pack,300,200,0.000,0.000,1.000,—,—,1.00,1.000,—,0.000
solo-dps,naked,10,7,boss,180,200,0.000,0.000,1.000,—,—,1.00,1.000,—,0.000
solo-dps,naked,10,7,boss,300,200,0.000,0.000,1.000,—,—,1.00,1.000,—,0.000
solo-dps,naked,10,8,solo,180,200,0.000,0.000,1.000,—,—,1.00,1.000,—,0.000
solo-dps,naked,10,8,solo,300,200,0.000,0.000,1.000,—,—,1.00,1.000,—,0.000
solo-dps,naked,10,8,pack,180,200,0.000,0.000,1.000,—,—,1.00,1.000,—,0.000
solo-dps,naked,10,8,pack,300,200,0.000,0.000,1.000,—,—,1.00,1.000,—,0.000
solo-dps,naked,10,8,boss,180,200,0.000,0.000,1.000,—,—,1.00,1.000,—,0.000
solo-dps,naked,10,8,boss,300,200,0.000,0.000,1.000,—,—,1.00,1.000,—,0.000
solo-dps,naked,20,1,solo,180,200,1.000,0.000,0.000,0.977,0.5,0.00,0.023,—,1.608
solo-dps,naked,20,1,solo,300,200,1.000,0.000,0.000,0.982,0.4,0.00,0.018,—,1.610
solo-dps,naked,20,1,pack,180,200,1.000,0.000,0.000,0.812,3.9,0.00,0.188,—,1.518
solo-dps,naked,20,1,pack,300,200,1.000,0.000,0.000,0.811,4.0,0.00,0.189,—,1.518
solo-dps,naked,20,1,boss,180,200,1.000,0.000,0.000,0.617,8.3,0.00,0.383,—,1.413
solo-dps,naked,20,1,boss,300,200,1.000,0.000,0.000,0.622,8.3,0.00,0.378,—,1.416
solo-dps,naked,20,2,solo,180,200,1.000,0.000,0.000,0.872,1.6,0.00,0.128,—,1.551
solo-dps,naked,20,2,solo,300,200,1.000,0.000,0.000,0.876,1.5,0.00,0.124,—,1.553
solo-dps,naked,20,2,pack,180,200,1.000,0.000,0.000,0.241,7.3,0.00,0.759,—,1.210
solo-dps,naked,20,2,pack,300,200,0.985,0.000,0.015,0.243,7.3,0.01,0.761,—,1.193
solo-dps,naked,20,2,boss,180,200,0.515,0.000,0.485,0.110,13.2,0.48,0.943,—,0.587
solo-dps,naked,20,2,boss,300,200,0.415,0.000,0.585,0.099,13.3,0.58,0.959,—,0.470
solo-dps,naked,20,3,solo,180,200,1.000,0.000,0.000,0.618,3.7,0.00,0.382,—,1.414
solo-dps,naked,20,3,solo,300,200,1.000,0.000,0.000,0.597,3.8,0.00,0.403,—,1.402
solo-dps,naked,20,3,pack,180,200,0.000,0.000,1.000,—,—,1.00,1.000,—,0.000
solo-dps,naked,20,3,pack,300,200,0.000,0.000,1.000,—,—,1.00,1.000,—,0.000
solo-dps,naked,20,3,boss,180,200,0.000,0.000,1.000,—,—,1.00,1.000,—,0.000
solo-dps,naked,20,3,boss,300,200,0.000,0.000,1.000,—,—,1.00,1.000,—,0.000
solo-dps,naked,20,4,solo,180,200,0.080,0.000,0.920,0.159,7.4,0.92,0.987,—,0.093
solo-dps,naked,20,4,solo,300,200,0.060,0.000,0.940,0.184,7.3,0.94,0.989,—,0.071
solo-dps,naked,20,4,pack,180,200,0.000,0.000,1.000,—,—,1.00,1.000,—,0.000
solo-dps,naked,20,4,pack,300,200,0.000,0.000,1.000,—,—,1.00,1.000,—,0.000
solo-dps,naked,20,4,boss,180,200,0.000,0.000,1.000,—,—,1.00,1.000,—,0.000
solo-dps,naked,20,4,boss,300,200,0.000,0.000,1.000,—,—,1.00,1.000,—,0.000
solo-dps,naked,20,5,solo,180,200,0.000,0.000,1.000,—,—,1.00,1.000,—,0.000
solo-dps,naked,20,5,solo,300,200,0.000,0.000,1.000,—,—,1.00,1.000,—,0.000
solo-dps,naked,20,5,pack,180,200,0.000,0.000,1.000,—,—,1.00,1.000,—,0.000
solo-dps,naked,20,5,pack,300,200,0.000,0.000,1.000,—,—,1.00,1.000,—,0.000
solo-dps,naked,20,5,boss,180,200,0.000,0.000,1.000,—,—,1.00,1.000,—,0.000
solo-dps,naked,20,5,boss,300,200,0.000,0.000,1.000,—,—,1.00,1.000,—,0.000
solo-dps,naked,20,6,solo,180,200,0.000,0.000,1.000,—,—,1.00,1.000,—,0.000
solo-dps,naked,20,6,solo,300,200,0.000,0.000,1.000,—,—,1.00,1.000,—,0.000
solo-dps,naked,20,6,pack,180,200,0.000,0.000,1.000,—,—,1.00,1.000,—,0.000
solo-dps,naked,20,6,pack,300,200,0.000,0.000,1.000,—,—,1.00,1.000,—,0.000
solo-dps,naked,20,6,boss,180,200,0.000,0.000,1.000,—,—,1.00,1.000,—,0.000
solo-dps,naked,20,6,boss,300,200,0.000,0.000,1.000,—,—,1.00,1.000,—,0.000
solo-dps,naked,20,7,solo,180,200,0.000,0.000,1.000,—,—,1.00,1.000,—,0.000
solo-dps,naked,20,7,solo,300,200,0.000,0.000,1.000,—,—,1.00,1.000,—,0.000
solo-dps,naked,20,7,pack,180,200,0.000,0.000,1.000,—,—,1.00,1.000,—,0.000
solo-dps,naked,20,7,pack,300,200,0.000,0.000,1.000,—,—,1.00,1.000,—,0.000
solo-dps,naked,20,7,boss,180,200,0.000,0.000,1.000,—,—,1.00,1.000,—,0.000
solo-dps,naked,20,7,boss,300,200,0.000,0.000,1.000,—,—,1.00,1.000,—,0.000
solo-dps,naked,20,8,solo,180,200,0.000,0.000,1.000,—,—,1.00,1.000,—,0.000
solo-dps,naked,20,8,solo,300,200,0.000,0.000,1.000,—,—,1.00,1.000,—,0.000
solo-dps,naked,20,8,pack,180,200,0.000,0.000,1.000,—,—,1.00,1.000,—,0.000
solo-dps,naked,20,8,pack,300,200,0.000,0.000,1.000,—,—,1.00,1.000,—,0.000
solo-dps,naked,20,8,boss,180,200,0.000,0.000,1.000,—,—,1.00,1.000,—,0.000
solo-dps,naked,20,8,boss,300,200,0.000,0.000,1.000,—,—,1.00,1.000,—,0.000
solo-dps,naked,35,1,solo,180,200,1.000,0.000,0.000,1.000,0.0,0.00,0.000,—,1.710
solo-dps,naked,35,1,solo,300,200,1.000,0.000,0.000,1.000,0.0,0.00,0.000,—,1.710
solo-dps,naked,35,1,pack,180,200,1.000,0.000,0.000,0.905,2.3,0.00,0.095,—,1.656
solo-dps,naked,35,1,pack,300,200,1.000,0.000,0.000,0.906,2.3,0.00,0.094,—,1.657
solo-dps,naked,35,1,boss,180,200,1.000,0.000,0.000,0.828,4.9,0.00,0.172,—,1.612
solo-dps,naked,35,1,boss,300,200,1.000,0.000,0.000,0.824,4.9,0.00,0.176,—,1.610
solo-dps,naked,35,2,solo,180,200,1.000,0.000,0.000,0.940,0.8,0.00,0.060,—,1.676
solo-dps,naked,35,2,solo,300,200,1.000,0.000,0.000,0.931,0.9,0.00,0.069,—,1.671
solo-dps,naked,35,2,pack,180,200,1.000,0.000,0.000,0.640,4.9,0.00,0.360,—,1.505
solo-dps,naked,35,2,pack,300,200,1.000,0.000,0.000,0.632,4.8,0.00,0.368,—,1.500
solo-dps,naked,35,2,boss,180,200,1.000,0.000,0.000,0.558,7.6,0.00,0.442,—,1.458
solo-dps,naked,35,2,boss,300,200,1.000,0.000,0.000,0.562,7.6,0.00,0.438,—,1.460
solo-dps,naked,35,3,solo,180,200,1.000,0.000,0.000,0.848,1.8,0.00,0.152,—,1.624
solo-dps,naked,35,3,solo,300,200,1.000,0.000,0.000,0.844,1.8,0.00,0.156,—,1.621
solo-dps,naked,35,3,pack,180,200,0.735,0.000,0.265,0.105,7.4,0.27,0.923,—,0.882
solo-dps,naked,35,3,pack,300,200,0.785,0.000,0.215,0.119,7.3,0.21,0.906,—,0.948
solo-dps,naked,35,3,boss,180,200,0.120,0.000,0.880,0.076,11.8,0.88,0.991,—,0.142
solo-dps,naked,35,3,boss,300,200,0.150,0.000,0.850,0.114,11.9,0.85,0.983,—,0.181
solo-dps,naked,35,4,solo,180,200,1.000,0.000,0.000,0.471,3.9,0.00,0.529,—,1.408
solo-dps,naked,35,4,solo,300,200,1.000,0.000,0.000,0.469,3.9,0.00,0.531,—,1.407
solo-dps,naked,35,4,pack,180,200,0.000,0.000,1.000,—,—,1.00,1.000,—,0.000
solo-dps,naked,35,4,pack,300,200,0.000,0.000,1.000,—,—,1.00,1.000,—,0.000
solo-dps,naked,35,4,boss,180,200,0.000,0.000,1.000,—,—,1.00,1.000,—,0.000
solo-dps,naked,35,4,boss,300,200,0.000,0.000,1.000,—,—,1.00,1.000,—,0.000
solo-dps,naked,35,5,solo,180,200,0.010,0.000,0.990,0.042,8.0,0.99,1.000,—,0.012
solo-dps,naked,35,5,solo,300,200,0.005,0.000,0.995,0.031,9.2,0.99,1.000,—,0.006
solo-dps,naked,35,5,pack,180,200,0.000,0.000,1.000,—,—,1.00,1.000,—,0.000
solo-dps,naked,35,5,pack,300,200,0.000,0.000,1.000,—,—,1.00,1.000,—,0.000
solo-dps,naked,35,5,boss,180,200,0.000,0.000,1.000,—,—,1.00,1.000,—,0.000
solo-dps,naked,35,5,boss,300,200,0.000,0.000,1.000,—,—,1.00,1.000,—,0.000
solo-dps,naked,35,6,solo,180,200,0.000,0.000,1.000,—,—,1.00,1.000,—,0.000
solo-dps,naked,35,6,solo,300,200,0.000,0.000,1.000,—,—,1.00,1.000,—,0.000
solo-dps,naked,35,6,pack,180,200,0.000,0.000,1.000,—,—,1.00,1.000,—,0.000
solo-dps,naked,35,6,pack,300,200,0.000,0.000,1.000,—,—,1.00,1.000,—,0.000
solo-dps,naked,35,6,boss,180,200,0.000,0.000,1.000,—,—,1.00,1.000,—,0.000
solo-dps,naked,35,6,boss,300,200,0.000,0.000,1.000,—,—,1.00,1.000,—,0.000
solo-dps,naked,35,7,solo,180,200,0.000,0.000,1.000,—,—,1.00,1.000,—,0.000
solo-dps,naked,35,7,solo,300,200,0.000,0.000,1.000,—,—,1.00,1.000,—,0.000
solo-dps,naked,35,7,pack,180,200,0.000,0.000,1.000,—,—,1.00,1.000,—,0.000
solo-dps,naked,35,7,pack,300,200,0.000,0.000,1.000,—,—,1.00,1.000,—,0.000
solo-dps,naked,35,7,boss,180,200,0.000,0.000,1.000,—,—,1.00,1.000,—,0.000
solo-dps,naked,35,7,boss,300,200,0.000,0.000,1.000,—,—,1.00,1.000,—,0.000
solo-dps,naked,35,8,solo,180,200,0.000,0.000,1.000,—,—,1.00,1.000,—,0.000
solo-dps,naked,35,8,solo,300,200,0.000,0.000,1.000,—,—,1.00,1.000,—,0.000
solo-dps,naked,35,8,pack,180,200,0.000,0.000,1.000,—,—,1.00,1.000,—,0.000
solo-dps,naked,35,8,pack,300,200,0.000,0.000,1.000,—,—,1.00,1.000,—,0.000
solo-dps,naked,35,8,boss,180,200,0.000,0.000,1.000,—,—,1.00,1.000,—,0.000
solo-dps,naked,35,8,boss,300,200,0.000,0.000,1.000,—,—,1.00,1.000,—,0.000
solo-dps,naked,50,1,solo,180,200,1.000,0.000,0.000,1.000,0.0,0.00,0.000,—,1.800
solo-dps,naked,50,1,solo,300,200,1.000,0.000,0.000,1.000,0.0,0.00,0.000,—,1.800
solo-dps,naked,50,1,pack,180,200,1.000,0.000,0.000,0.928,2.1,0.00,0.072,—,1.757
solo-dps,naked,50,1,pack,300,200,1.000,0.000,0.000,0.928,2.1,0.00,0.072,—,1.757
solo-dps,naked,50,1,boss,180,200,1.000,0.000,0.000,0.871,3.7,0.00,0.129,—,1.722
solo-dps,naked,50,1,boss,300,200,1.000,0.000,0.000,0.870,3.6,0.00,0.130,—,1.722
solo-dps,naked,50,2,solo,180,200,1.000,0.000,0.000,0.998,0.0,0.00,0.002,—,1.799
solo-dps,naked,50,2,solo,300,200,1.000,0.000,0.000,0.999,0.0,0.00,0.001,—,1.799
solo-dps,naked,50,2,pack,180,200,1.000,0.000,0.000,0.865,2.1,0.00,0.135,—,1.719
solo-dps,naked,50,2,pack,300,200,1.000,0.000,0.000,0.868,2.1,0.00,0.132,—,1.721
solo-dps,naked,50,2,boss,180,200,1.000,0.000,0.000,0.740,5.3,0.00,0.260,—,1.644
solo-dps,naked,50,2,boss,300,200,1.000,0.000,0.000,0.744,5.3,0.00,0.256,—,1.647
solo-dps,naked,50,3,solo,180,200,1.000,0.000,0.000,0.907,0.8,0.00,0.093,—,1.744
solo-dps,naked,50,3,solo,300,200,1.000,0.000,0.000,0.908,0.8,0.00,0.092,—,1.745
solo-dps,naked,50,3,pack,180,200,1.000,0.000,0.000,0.498,4.6,0.00,0.502,—,1.499
solo-dps,naked,50,3,pack,300,200,1.000,0.000,0.000,0.494,4.7,0.00,0.506,—,1.496
solo-dps,naked,50,3,boss,180,200,1.000,0.000,0.000,0.328,8.7,0.00,0.672,—,1.397
solo-dps,naked,50,3,boss,300,200,1.000,0.000,0.000,0.327,8.7,0.00,0.673,—,1.396
solo-dps,naked,50,4,solo,180,200,1.000,0.000,0.000,0.728,2.3,0.00,0.272,—,1.637
solo-dps,naked,50,4,solo,300,200,1.000,0.000,0.000,0.712,2.4,0.00,0.288,—,1.627
solo-dps,naked,50,4,pack,180,200,0.020,0.000,0.980,0.108,8.3,0.98,0.998,—,0.025
solo-dps,naked,50,4,pack,300,200,0.000,0.000,1.000,—,—,1.00,1.000,—,0.000
solo-dps,naked,50,4,boss,180,200,0.000,0.000,1.000,—,—,1.00,1.000,—,0.000
solo-dps,naked,50,4,boss,300,200,0.000,0.000,1.000,—,—,1.00,1.000,—,0.000
solo-dps,naked,50,5,solo,180,200,0.600,0.000,0.400,0.240,5.0,0.40,0.856,—,0.806
solo-dps,naked,50,5,solo,300,200,0.685,0.000,0.315,0.233,5.0,0.32,0.841,—,0.918
solo-dps,naked,50,5,pack,180,200,0.000,0.000,1.000,—,—,1.00,1.000,—,0.000
solo-dps,naked,50,5,pack,300,200,0.000,0.000,1.000,—,—,1.00,1.000,—,0.000
solo-dps,naked,50,5,boss,180,200,0.000,0.000,1.000,—,—,1.00,1.000,—,0.000
solo-dps,naked,50,5,boss,300,200,0.000,0.000,1.000,—,—,1.00,1.000,—,0.000
solo-dps,naked,50,6,solo,180,200,0.000,0.000,1.000,—,—,1.00,1.000,—,0.000
solo-dps,naked,50,6,solo,300,200,0.000,0.000,1.000,—,—,1.00,1.000,—,0.000
solo-dps,naked,50,6,pack,180,200,0.000,0.000,1.000,—,—,1.00,1.000,—,0.000
solo-dps,naked,50,6,pack,300,200,0.000,0.000,1.000,—,—,1.00,1.000,—,0.000
solo-dps,naked,50,6,boss,180,200,0.000,0.000,1.000,—,—,1.00,1.000,—,0.000
solo-dps,naked,50,6,boss,300,200,0.000,0.000,1.000,—,—,1.00,1.000,—,0.000
solo-dps,naked,50,7,solo,180,200,0.000,0.000,1.000,—,—,1.00,1.000,—,0.000
solo-dps,naked,50,7,solo,300,200,0.000,0.000,1.000,—,—,1.00,1.000,—,0.000
solo-dps,naked,50,7,pack,180,200,0.000,0.000,1.000,—,—,1.00,1.000,—,0.000
solo-dps,naked,50,7,pack,300,200,0.000,0.000,1.000,—,—,1.00,1.000,—,0.000
solo-dps,naked,50,7,boss,180,200,0.000,0.000,1.000,—,—,1.00,1.000,—,0.000
solo-dps,naked,50,7,boss,300,200,0.000,0.000,1.000,—,—,1.00,1.000,—,0.000
solo-dps,naked,50,8,solo,180,200,0.000,0.000,1.000,—,—,1.00,1.000,—,0.000
solo-dps,naked,50,8,solo,300,200,0.000,0.000,1.000,—,—,1.00,1.000,—,0.000
solo-dps,naked,50,8,pack,180,200,0.000,0.000,1.000,—,—,1.00,1.000,—,0.000
solo-dps,naked,50,8,pack,300,200,0.000,0.000,1.000,—,—,1.00,1.000,—,0.000
solo-dps,naked,50,8,boss,180,200,0.000,0.000,1.000,—,—,1.00,1.000,—,0.000
solo-dps,naked,50,8,boss,300,200,0.000,0.000,1.000,—,—,1.00,1.000,—,0.000
solo-dps,geared,1,1,solo,180,200,1.000,0.000,0.000,0.747,5.6,0.00,0.253,—,1.379
solo-dps,geared,1,1,solo,300,200,1.000,0.000,0.000,0.750,5.6,0.00,0.250,—,1.381
solo-dps,geared,1,1,pack,180,200,0.000,0.000,1.000,—,—,1.00,1.000,—,0.000
solo-dps,geared,1,1,pack,300,200,0.000,0.000,1.000,—,—,1.00,1.000,—,0.000
solo-dps,geared,1,1,boss,180,200,0.000,0.000,1.000,—,—,1.00,1.000,—,0.000
solo-dps,geared,1,1,boss,300,200,0.000,0.000,1.000,—,—,1.00,1.000,—,0.000
solo-dps,geared,1,2,solo,180,200,0.535,0.000,0.465,0.144,10.9,0.47,0.923,—,0.576
solo-dps,geared,1,2,solo,300,200,0.615,0.000,0.385,0.150,11.2,0.39,0.908,—,0.664
solo-dps,geared,1,2,pack,180,200,0.000,0.000,1.000,—,—,1.00,1.000,—,0.000
solo-dps,geared,1,2,pack,300,200,0.000,0.000,1.000,—,—,1.00,1.000,—,0.000
solo-dps,geared,1,2,boss,180,200,0.000,0.000,1.000,—,—,1.00,1.000,—,0.000
solo-dps,geared,1,2,boss,300,200,0.000,0.000,1.000,—,—,1.00,1.000,—,0.000
solo-dps,geared,1,3,solo,180,200,0.000,0.000,1.000,—,—,1.00,1.000,—,0.000
solo-dps,geared,1,3,solo,300,200,0.000,0.000,1.000,—,—,1.00,1.000,—,0.000
solo-dps,geared,1,3,pack,180,200,0.000,0.000,1.000,—,—,1.00,1.000,—,0.000
solo-dps,geared,1,3,pack,300,200,0.000,0.000,1.000,—,—,1.00,1.000,—,0.000
solo-dps,geared,1,3,boss,180,200,0.000,0.000,1.000,—,—,1.00,1.000,—,0.000
solo-dps,geared,1,3,boss,300,200,0.000,0.000,1.000,—,—,1.00,1.000,—,0.000
solo-dps,geared,1,4,solo,180,200,0.000,0.000,1.000,—,—,1.00,1.000,—,0.000
solo-dps,geared,1,4,solo,300,200,0.000,0.000,1.000,—,—,1.00,1.000,—,0.000
solo-dps,geared,1,4,pack,180,200,0.000,0.000,1.000,—,—,1.00,1.000,—,0.000
solo-dps,geared,1,4,pack,300,200,0.000,0.000,1.000,—,—,1.00,1.000,—,0.000
solo-dps,geared,1,4,boss,180,200,0.000,0.000,1.000,—,—,1.00,1.000,—,0.000
solo-dps,geared,1,4,boss,300,200,0.000,0.000,1.000,—,—,1.00,1.000,—,0.000
solo-dps,geared,1,5,solo,180,200,0.000,0.000,1.000,—,—,1.00,1.000,—,0.000
solo-dps,geared,1,5,solo,300,200,0.000,0.000,1.000,—,—,1.00,1.000,—,0.000
solo-dps,geared,1,5,pack,180,200,0.000,0.000,1.000,—,—,1.00,1.000,—,0.000
solo-dps,geared,1,5,pack,300,200,0.000,0.000,1.000,—,—,1.00,1.000,—,0.000
solo-dps,geared,1,5,boss,180,200,0.000,0.000,1.000,—,—,1.00,1.000,—,0.000
solo-dps,geared,1,5,boss,300,200,0.000,0.000,1.000,—,—,1.00,1.000,—,0.000
solo-dps,geared,1,6,solo,180,200,0.000,0.000,1.000,—,—,1.00,1.000,—,0.000
solo-dps,geared,1,6,solo,300,200,0.000,0.000,1.000,—,—,1.00,1.000,—,0.000
solo-dps,geared,1,6,pack,180,200,0.000,0.000,1.000,—,—,1.00,1.000,—,0.000
solo-dps,geared,1,6,pack,300,200,0.000,0.000,1.000,—,—,1.00,1.000,—,0.000
solo-dps,geared,1,6,boss,180,200,0.000,0.000,1.000,—,—,1.00,1.000,—,0.000
solo-dps,geared,1,6,boss,300,200,0.000,0.000,1.000,—,—,1.00,1.000,—,0.000
solo-dps,geared,1,7,solo,180,200,0.000,0.000,1.000,—,—,1.00,1.000,—,0.000
solo-dps,geared,1,7,solo,300,200,0.000,0.000,1.000,—,—,1.00,1.000,—,0.000
solo-dps,geared,1,7,pack,180,200,0.000,0.000,1.000,—,—,1.00,1.000,—,0.000
solo-dps,geared,1,7,pack,300,200,0.000,0.000,1.000,—,—,1.00,1.000,—,0.000
solo-dps,geared,1,7,boss,180,200,0.000,0.000,1.000,—,—,1.00,1.000,—,0.000
solo-dps,geared,1,7,boss,300,200,0.000,0.000,1.000,—,—,1.00,1.000,—,0.000
solo-dps,geared,1,8,solo,180,200,0.000,0.000,1.000,—,—,1.00,1.000,—,0.000
solo-dps,geared,1,8,solo,300,200,0.000,0.000,1.000,—,—,1.00,1.000,—,0.000
solo-dps,geared,1,8,pack,180,200,0.000,0.000,1.000,—,—,1.00,1.000,—,0.000
solo-dps,geared,1,8,pack,300,200,0.000,0.000,1.000,—,—,1.00,1.000,—,0.000
solo-dps,geared,1,8,boss,180,200,0.000,0.000,1.000,—,—,1.00,1.000,—,0.000
solo-dps,geared,1,8,boss,300,200,0.000,0.000,1.000,—,—,1.00,1.000,—,0.000
solo-dps,geared,5,1,solo,180,200,1.000,0.000,0.000,0.907,2.1,0.00,0.093,—,1.483
solo-dps,geared,5,1,solo,300,200,1.000,0.000,0.000,0.904,2.2,0.00,0.096,—,1.481
solo-dps,geared,5,1,pack,180,200,1.000,0.000,0.000,0.250,10.6,0.00,0.750,—,1.147
solo-dps,geared,5,1,pack,300,200,1.000,0.000,0.000,0.246,10.6,0.00,0.754,—,1.145
solo-dps,geared,5,1,boss,180,200,0.200,0.000,0.800,0.089,18.3,0.80,0.982,—,0.213
solo-dps,geared,5,1,boss,300,200,0.180,0.000,0.820,0.085,18.5,0.82,0.985,—,0.191
solo-dps,geared,5,2,solo,180,200,1.000,0.000,0.000,0.556,5.4,0.00,0.444,—,1.303
solo-dps,geared,5,2,solo,300,200,1.000,0.000,0.000,0.551,5.5,0.00,0.449,—,1.301
solo-dps,geared,5,2,pack,180,200,0.000,0.000,1.000,—,—,1.00,1.000,—,0.000
solo-dps,geared,5,2,pack,300,200,0.000,0.000,1.000,—,—,1.00,1.000,—,0.000
solo-dps,geared,5,2,boss,180,200,0.000,0.000,1.000,—,—,1.00,1.000,—,0.000
solo-dps,geared,5,2,boss,300,200,0.000,0.000,1.000,—,—,1.00,1.000,—,0.000
solo-dps,geared,5,3,solo,180,200,0.125,0.000,0.875,0.180,9.3,0.88,0.977,—,0.139
solo-dps,geared,5,3,solo,300,200,0.165,0.000,0.835,0.184,10.1,0.83,0.970,—,0.184
solo-dps,geared,5,3,pack,180,200,0.000,0.000,1.000,—,—,1.00,1.000,—,0.000
solo-dps,geared,5,3,pack,300,200,0.000,0.000,1.000,—,—,1.00,1.000,—,0.000
solo-dps,geared,5,3,boss,180,200,0.000,0.000,1.000,—,—,1.00,1.000,—,0.000
solo-dps,geared,5,3,boss,300,200,0.000,0.000,1.000,—,—,1.00,1.000,—,0.000
solo-dps,geared,5,4,solo,180,200,0.000,0.000,1.000,—,—,1.00,1.000,—,0.000
solo-dps,geared,5,4,solo,300,200,0.000,0.000,1.000,—,—,1.00,1.000,—,0.000
solo-dps,geared,5,4,pack,180,200,0.000,0.000,1.000,—,—,1.00,1.000,—,0.000
solo-dps,geared,5,4,pack,300,200,0.000,0.000,1.000,—,—,1.00,1.000,—,0.000
solo-dps,geared,5,4,boss,180,200,0.000,0.000,1.000,—,—,1.00,1.000,—,0.000
solo-dps,geared,5,4,boss,300,200,0.000,0.000,1.000,—,—,1.00,1.000,—,0.000
solo-dps,geared,5,5,solo,180,200,0.000,0.000,1.000,—,—,1.00,1.000,—,0.000
solo-dps,geared,5,5,solo,300,200,0.000,0.000,1.000,—,—,1.00,1.000,—,0.000
solo-dps,geared,5,5,pack,180,200,0.000,0.000,1.000,—,—,1.00,1.000,—,0.000
solo-dps,geared,5,5,pack,300,200,0.000,0.000,1.000,—,—,1.00,1.000,—,0.000
solo-dps,geared,5,5,boss,180,200,0.000,0.000,1.000,—,—,1.00,1.000,—,0.000
solo-dps,geared,5,5,boss,300,200,0.000,0.000,1.000,—,—,1.00,1.000,—,0.000
solo-dps,geared,5,6,solo,180,200,0.000,0.000,1.000,—,—,1.00,1.000,—,0.000
solo-dps,geared,5,6,solo,300,200,0.000,0.000,1.000,—,—,1.00,1.000,—,0.000
solo-dps,geared,5,6,pack,180,200,0.000,0.000,1.000,—,—,1.00,1.000,—,0.000
solo-dps,geared,5,6,pack,300,200,0.000,0.000,1.000,—,—,1.00,1.000,—,0.000
solo-dps,geared,5,6,boss,180,200,0.000,0.000,1.000,—,—,1.00,1.000,—,0.000
solo-dps,geared,5,6,boss,300,200,0.000,0.000,1.000,—,—,1.00,1.000,—,0.000
solo-dps,geared,5,7,solo,180,200,0.000,0.000,1.000,—,—,1.00,1.000,—,0.000
solo-dps,geared,5,7,solo,300,200,0.000,0.000,1.000,—,—,1.00,1.000,—,0.000
solo-dps,geared,5,7,pack,180,200,0.000,0.000,1.000,—,—,1.00,1.000,—,0.000
solo-dps,geared,5,7,pack,300,200,0.000,0.000,1.000,—,—,1.00,1.000,—,0.000
solo-dps,geared,5,7,boss,180,200,0.000,0.000,1.000,—,—,1.00,1.000,—,0.000
solo-dps,geared,5,7,boss,300,200,0.000,0.000,1.000,—,—,1.00,1.000,—,0.000
solo-dps,geared,5,8,solo,180,200,0.000,0.000,1.000,—,—,1.00,1.000,—,0.000
solo-dps,geared,5,8,solo,300,200,0.000,0.000,1.000,—,—,1.00,1.000,—,0.000
solo-dps,geared,5,8,pack,180,200,0.000,0.000,1.000,—,—,1.00,1.000,—,0.000
solo-dps,geared,5,8,pack,300,200,0.000,0.000,1.000,—,—,1.00,1.000,—,0.000
solo-dps,geared,5,8,boss,180,200,0.000,0.000,1.000,—,—,1.00,1.000,—,0.000
solo-dps,geared,5,8,boss,300,200,0.000,0.000,1.000,—,—,1.00,1.000,—,0.000
solo-dps,geared,10,1,solo,180,200,1.000,0.000,0.000,0.938,1.5,0.00,0.062,—,1.528
solo-dps,geared,10,1,solo,300,200,1.000,0.000,0.000,0.941,1.4,0.00,0.059,—,1.529
solo-dps,geared,10,1,pack,180,200,1.000,0.000,0.000,0.591,7.8,0.00,0.409,—,1.347
solo-dps,geared,10,1,pack,300,200,1.000,0.000,0.000,0.596,7.6,0.00,0.404,—,1.350
solo-dps,geared,10,1,boss,180,200,1.000,0.000,0.000,0.501,12.0,0.00,0.499,—,1.300
solo-dps,geared,10,1,boss,300,200,1.000,0.000,0.000,0.487,12.0,0.00,0.513,—,1.293
solo-dps,geared,10,2,solo,180,200,1.000,0.000,0.000,0.785,2.7,0.00,0.215,—,1.448
solo-dps,geared,10,2,solo,300,200,1.000,0.000,0.000,0.773,2.9,0.00,0.227,—,1.442
solo-dps,geared,10,2,pack,180,200,0.220,0.000,0.780,0.132,10.3,0.78,0.971,—,0.244
solo-dps,geared,10,2,pack,300,200,0.320,0.000,0.680,0.128,10.3,0.68,0.959,—,0.354
solo-dps,geared,10,2,boss,180,200,0.005,0.000,0.995,0.015,18.9,0.99,1.000,—,0.005
solo-dps,geared,10,2,boss,300,200,0.015,0.000,0.985,0.070,19.4,0.98,0.999,—,0.016
solo-dps,geared,10,3,solo,180,200,1.000,0.000,0.000,0.397,6.0,0.00,0.603,—,1.247
solo-dps,geared,10,3,solo,300,200,1.000,0.000,0.000,0.422,5.9,0.00,0.578,—,1.259
solo-dps,geared,10,3,pack,180,200,0.000,0.000,1.000,—,—,1.00,1.000,—,0.000
solo-dps,geared,10,3,pack,300,200,0.000,0.000,1.000,—,—,1.00,1.000,—,0.000
solo-dps,geared,10,3,boss,180,200,0.000,0.000,1.000,—,—,1.00,1.000,—,0.000
solo-dps,geared,10,3,boss,300,200,0.000,0.000,1.000,—,—,1.00,1.000,—,0.000
solo-dps,geared,10,4,solo,180,200,0.010,0.000,0.990,0.092,12.0,0.99,0.999,—,0.011
solo-dps,geared,10,4,solo,300,200,0.025,0.000,0.975,0.051,11.0,0.97,0.999,—,0.027
solo-dps,geared,10,4,pack,180,200,0.000,0.000,1.000,—,—,1.00,1.000,—,0.000
solo-dps,geared,10,4,pack,300,200,0.000,0.000,1.000,—,—,1.00,1.000,—,0.000
solo-dps,geared,10,4,boss,180,200,0.000,0.000,1.000,—,—,1.00,1.000,—,0.000
solo-dps,geared,10,4,boss,300,200,0.000,0.000,1.000,—,—,1.00,1.000,—,0.000
solo-dps,geared,10,5,solo,180,200,0.000,0.000,1.000,—,—,1.00,1.000,—,0.000
solo-dps,geared,10,5,solo,300,200,0.000,0.000,1.000,—,—,1.00,1.000,—,0.000
solo-dps,geared,10,5,pack,180,200,0.000,0.000,1.000,—,—,1.00,1.000,—,0.000
solo-dps,geared,10,5,pack,300,200,0.000,0.000,1.000,—,—,1.00,1.000,—,0.000
solo-dps,geared,10,5,boss,180,200,0.000,0.000,1.000,—,—,1.00,1.000,—,0.000
solo-dps,geared,10,5,boss,300,200,0.000,0.000,1.000,—,—,1.00,1.000,—,0.000
solo-dps,geared,10,6,solo,180,200,0.000,0.000,1.000,—,—,1.00,1.000,—,0.000
solo-dps,geared,10,6,solo,300,200,0.000,0.000,1.000,—,—,1.00,1.000,—,0.000
solo-dps,geared,10,6,pack,180,200,0.000,0.000,1.000,—,—,1.00,1.000,—,0.000
solo-dps,geared,10,6,pack,300,200,0.000,0.000,1.000,—,—,1.00,1.000,—,0.000
solo-dps,geared,10,6,boss,180,200,0.000,0.000,1.000,—,—,1.00,1.000,—,0.000
solo-dps,geared,10,6,boss,300,200,0.000,0.000,1.000,—,—,1.00,1.000,—,0.000
solo-dps,geared,10,7,solo,180,200,0.000,0.000,1.000,—,—,1.00,1.000,—,0.000
solo-dps,geared,10,7,solo,300,200,0.000,0.000,1.000,—,—,1.00,1.000,—,0.000
solo-dps,geared,10,7,pack,180,200,0.000,0.000,1.000,—,—,1.00,1.000,—,0.000
solo-dps,geared,10,7,pack,300,200,0.000,0.000,1.000,—,—,1.00,1.000,—,0.000
solo-dps,geared,10,7,boss,180,200,0.000,0.000,1.000,—,—,1.00,1.000,—,0.000
solo-dps,geared,10,7,boss,300,200,0.000,0.000,1.000,—,—,1.00,1.000,—,0.000
solo-dps,geared,10,8,solo,180,200,0.000,0.000,1.000,—,—,1.00,1.000,—,0.000
solo-dps,geared,10,8,solo,300,200,0.000,0.000,1.000,—,—,1.00,1.000,—,0.000
solo-dps,geared,10,8,pack,180,200,0.000,0.000,1.000,—,—,1.00,1.000,—,0.000
solo-dps,geared,10,8,pack,300,200,0.000,0.000,1.000,—,—,1.00,1.000,—,0.000
solo-dps,geared,10,8,boss,180,200,0.000,0.000,1.000,—,—,1.00,1.000,—,0.000
solo-dps,geared,10,8,boss,300,200,0.000,0.000,1.000,—,—,1.00,1.000,—,0.000
solo-dps,geared,20,1,solo,180,200,1.000,0.000,0.000,1.000,0.0,0.00,0.000,—,1.620
solo-dps,geared,20,1,solo,300,200,1.000,0.000,0.000,1.000,0.0,0.00,0.000,—,1.620
solo-dps,geared,20,1,pack,180,200,1.000,0.000,0.000,0.901,2.7,0.00,0.099,—,1.566
solo-dps,geared,20,1,pack,300,200,1.000,0.000,0.000,0.902,2.7,0.00,0.098,—,1.567
solo-dps,geared,20,1,boss,180,200,1.000,0.000,0.000,0.758,6.6,0.00,0.242,—,1.490
solo-dps,geared,20,1,boss,300,200,1.000,0.000,0.000,0.763,6.5,0.00,0.237,—,1.492
solo-dps,geared,20,2,solo,180,200,1.000,0.000,0.000,0.921,1.2,0.00,0.079,—,1.578
solo-dps,geared,20,2,solo,300,200,1.000,0.000,0.000,0.927,1.1,0.00,0.073,—,1.581
solo-dps,geared,20,2,pack,180,200,1.000,0.000,0.000,0.546,6.1,0.00,0.454,—,1.375
solo-dps,geared,20,2,pack,300,200,1.000,0.000,0.000,0.539,6.1,0.00,0.461,—,1.371
solo-dps,geared,20,2,boss,180,200,1.000,0.000,0.000,0.408,10.4,0.00,0.592,—,1.300
solo-dps,geared,20,2,boss,300,200,1.000,0.000,0.000,0.405,10.3,0.00,0.595,—,1.299
solo-dps,geared,20,3,solo,180,200,1.000,0.000,0.000,0.841,2.5,0.00,0.159,—,1.534
solo-dps,geared,20,3,solo,300,200,1.000,0.000,0.000,0.830,2.5,0.00,0.170,—,1.528
solo-dps,geared,20,3,pack,180,200,0.080,0.000,0.920,0.117,8.9,0.92,0.991,—,0.091
solo-dps,geared,20,3,pack,300,200,0.110,0.000,0.890,0.077,9.1,0.89,0.991,—,0.123
solo-dps,geared,20,3,boss,180,200,0.005,0.000,0.995,0.046,17.7,0.99,1.000,—,0.006
solo-dps,geared,20,3,boss,300,200,0.010,0.000,0.990,0.070,15.0,0.99,0.999,—,0.011
solo-dps,geared,20,4,solo,180,200,0.960,0.000,0.040,0.340,5.7,0.04,0.674,—,1.213
solo-dps,geared,20,4,solo,300,200,0.960,0.000,0.040,0.345,5.6,0.04,0.668,—,1.216
solo-dps,geared,20,4,pack,180,200,0.000,0.000,1.000,—,—,1.00,1.000,—,0.000
solo-dps,geared,20,4,pack,300,200,0.000,0.000,1.000,—,—,1.00,1.000,—,0.000
solo-dps,geared,20,4,boss,180,200,0.000,0.000,1.000,—,—,1.00,1.000,—,0.000
solo-dps,geared,20,4,boss,300,200,0.000,0.000,1.000,—,—,1.00,1.000,—,0.000
solo-dps,geared,20,5,solo,180,200,0.000,0.000,1.000,—,—,1.00,1.000,—,0.000
solo-dps,geared,20,5,solo,300,200,0.000,0.000,1.000,—,—,1.00,1.000,—,0.000
solo-dps,geared,20,5,pack,180,200,0.000,0.000,1.000,—,—,1.00,1.000,—,0.000
solo-dps,geared,20,5,pack,300,200,0.000,0.000,1.000,—,—,1.00,1.000,—,0.000
solo-dps,geared,20,5,boss,180,200,0.000,0.000,1.000,—,—,1.00,1.000,—,0.000
solo-dps,geared,20,5,boss,300,200,0.000,0.000,1.000,—,—,1.00,1.000,—,0.000
solo-dps,geared,20,6,solo,180,200,0.000,0.000,1.000,—,—,1.00,1.000,—,0.000
solo-dps,geared,20,6,solo,300,200,0.000,0.000,1.000,—,—,1.00,1.000,—,0.000
solo-dps,geared,20,6,pack,180,200,0.000,0.000,1.000,—,—,1.00,1.000,—,0.000
solo-dps,geared,20,6,pack,300,200,0.000,0.000,1.000,—,—,1.00,1.000,—,0.000
solo-dps,geared,20,6,boss,180,200,0.000,0.000,1.000,—,—,1.00,1.000,—,0.000
solo-dps,geared,20,6,boss,300,200,0.000,0.000,1.000,—,—,1.00,1.000,—,0.000
solo-dps,geared,20,7,solo,180,200,0.000,0.000,1.000,—,—,1.00,1.000,—,0.000
solo-dps,geared,20,7,solo,300,200,0.000,0.000,1.000,—,—,1.00,1.000,—,0.000
solo-dps,geared,20,7,pack,180,200,0.000,0.000,1.000,—,—,1.00,1.000,—,0.000
solo-dps,geared,20,7,pack,300,200,0.000,0.000,1.000,—,—,1.00,1.000,—,0.000
solo-dps,geared,20,7,boss,180,200,0.000,0.000,1.000,—,—,1.00,1.000,—,0.000
solo-dps,geared,20,7,boss,300,200,0.000,0.000,1.000,—,—,1.00,1.000,—,0.000
solo-dps,geared,20,8,solo,180,200,0.000,0.000,1.000,—,—,1.00,1.000,—,0.000
solo-dps,geared,20,8,solo,300,200,0.000,0.000,1.000,—,—,1.00,1.000,—,0.000
solo-dps,geared,20,8,pack,180,200,0.000,0.000,1.000,—,—,1.00,1.000,—,0.000
solo-dps,geared,20,8,pack,300,200,0.000,0.000,1.000,—,—,1.00,1.000,—,0.000
solo-dps,geared,20,8,boss,180,200,0.000,0.000,1.000,—,—,1.00,1.000,—,0.000
solo-dps,geared,20,8,boss,300,200,0.000,0.000,1.000,—,—,1.00,1.000,—,0.000
solo-dps,geared,35,1,solo,180,200,1.000,0.000,0.000,1.000,0.0,0.00,0.000,—,1.710
solo-dps,geared,35,1,solo,300,200,1.000,0.000,0.000,1.000,0.0,0.00,0.000,—,1.710
solo-dps,geared,35,1,pack,180,200,1.000,0.000,0.000,0.932,2.3,0.00,0.068,—,1.671
solo-dps,geared,35,1,pack,300,200,1.000,0.000,0.000,0.932,2.3,0.00,0.068,—,1.671
solo-dps,geared,35,1,boss,180,200,1.000,0.000,0.000,0.875,4.0,0.00,0.125,—,1.639
solo-dps,geared,35,1,boss,300,200,1.000,0.000,0.000,0.873,4.0,0.00,0.127,—,1.637
solo-dps,geared,35,2,solo,180,200,1.000,0.000,0.000,0.999,0.0,0.00,0.001,—,1.710
solo-dps,geared,35,2,solo,300,200,1.000,0.000,0.000,0.998,0.0,0.00,0.002,—,1.709
solo-dps,geared,35,2,pack,180,200,1.000,0.000,0.000,0.872,2.4,0.00,0.128,—,1.637
solo-dps,geared,35,2,pack,300,200,1.000,0.000,0.000,0.873,2.4,0.00,0.127,—,1.638
solo-dps,geared,35,2,boss,180,200,1.000,0.000,0.000,0.752,6.0,0.00,0.248,—,1.569
solo-dps,geared,35,2,boss,300,200,1.000,0.000,0.000,0.756,5.9,0.00,0.244,—,1.571
solo-dps,geared,35,3,solo,180,200,1.000,0.000,0.000,0.911,1.0,0.00,0.089,—,1.659
solo-dps,geared,35,3,solo,300,200,1.000,0.000,0.000,0.904,1.0,0.00,0.096,—,1.655
solo-dps,geared,35,3,pack,180,200,1.000,0.000,0.000,0.509,5.2,0.00,0.491,—,1.430
solo-dps,geared,35,3,pack,300,200,1.000,0.000,0.000,0.507,5.2,0.00,0.493,—,1.429
solo-dps,geared,35,3,boss,180,200,1.000,0.000,0.000,0.283,9.7,0.00,0.717,—,1.301
solo-dps,geared,35,3,boss,300,200,0.995,0.000,0.005,0.303,9.6,0.01,0.698,—,1.306
solo-dps,geared,35,4,solo,180,200,1.000,0.000,0.000,0.733,2.7,0.00,0.267,—,1.558
solo-dps,geared,35,4,solo,300,200,1.000,0.000,0.000,0.746,2.6,0.00,0.254,—,1.565
solo-dps,geared,35,4,pack,180,200,0.020,0.000,0.980,0.110,8.3,0.98,0.998,—,0.024
solo-dps,geared,35,4,pack,300,200,0.015,0.000,0.985,0.073,8.8,0.98,0.999,—,0.018
solo-dps,geared,35,4,boss,180,200,0.000,0.000,1.000,—,—,1.00,1.000,—,0.000
solo-dps,geared,35,4,boss,300,200,0.000,0.000,1.000,—,—,1.00,1.000,—,0.000
solo-dps,geared,35,5,solo,180,200,0.705,0.000,0.295,0.280,5.8,0.29,0.802,—,0.916
solo-dps,geared,35,5,solo,300,200,0.555,0.000,0.445,0.267,5.7,0.45,0.852,—,0.717
solo-dps,geared,35,5,pack,180,200,0.000,0.000,1.000,—,—,1.00,1.000,—,0.000
solo-dps,geared,35,5,pack,300,200,0.000,0.000,1.000,—,—,1.00,1.000,—,0.000
solo-dps,geared,35,5,boss,180,200,0.000,0.000,1.000,—,—,1.00,1.000,—,0.000
solo-dps,geared,35,5,boss,300,200,0.000,0.000,1.000,—,—,1.00,1.000,—,0.000
solo-dps,geared,35,6,solo,180,200,0.000,0.000,1.000,—,—,1.00,1.000,—,0.000
solo-dps,geared,35,6,solo,300,200,0.000,0.000,1.000,—,—,1.00,1.000,—,0.000
solo-dps,geared,35,6,pack,180,200,0.000,0.000,1.000,—,—,1.00,1.000,—,0.000
solo-dps,geared,35,6,pack,300,200,0.000,0.000,1.000,—,—,1.00,1.000,—,0.000
solo-dps,geared,35,6,boss,180,200,0.000,0.000,1.000,—,—,1.00,1.000,—,0.000
solo-dps,geared,35,6,boss,300,200,0.000,0.000,1.000,—,—,1.00,1.000,—,0.000
solo-dps,geared,35,7,solo,180,200,0.000,0.000,1.000,—,—,1.00,1.000,—,0.000
solo-dps,geared,35,7,solo,300,200,0.000,0.000,1.000,—,—,1.00,1.000,—,0.000
solo-dps,geared,35,7,pack,180,200,0.000,0.000,1.000,—,—,1.00,1.000,—,0.000
solo-dps,geared,35,7,pack,300,200,0.000,0.000,1.000,—,—,1.00,1.000,—,0.000
solo-dps,geared,35,7,boss,180,200,0.000,0.000,1.000,—,—,1.00,1.000,—,0.000
solo-dps,geared,35,7,boss,300,200,0.000,0.000,1.000,—,—,1.00,1.000,—,0.000
solo-dps,geared,35,8,solo,180,200,0.000,0.000,1.000,—,—,1.00,1.000,—,0.000
solo-dps,geared,35,8,solo,300,200,0.000,0.000,1.000,—,—,1.00,1.000,—,0.000
solo-dps,geared,35,8,pack,180,200,0.000,0.000,1.000,—,—,1.00,1.000,—,0.000
solo-dps,geared,35,8,pack,300,200,0.000,0.000,1.000,—,—,1.00,1.000,—,0.000
solo-dps,geared,35,8,boss,180,200,0.000,0.000,1.000,—,—,1.00,1.000,—,0.000
solo-dps,geared,35,8,boss,300,200,0.000,0.000,1.000,—,—,1.00,1.000,—,0.000
solo-dps,geared,50,1,solo,180,200,1.000,0.000,0.000,1.000,0.0,0.00,0.000,—,1.800
solo-dps,geared,50,1,solo,300,200,1.000,0.000,0.000,1.000,0.0,0.00,0.000,—,1.800
solo-dps,geared,50,1,pack,180,200,1.000,0.000,0.000,0.948,2.1,0.00,0.052,—,1.769
solo-dps,geared,50,1,pack,300,200,1.000,0.000,0.000,0.948,2.1,0.00,0.052,—,1.769
solo-dps,geared,50,1,boss,180,200,1.000,0.000,0.000,0.914,2.9,0.00,0.086,—,1.748
solo-dps,geared,50,1,boss,300,200,1.000,0.000,0.000,0.915,2.9,0.00,0.085,—,1.749
solo-dps,geared,50,2,solo,180,200,1.000,0.000,0.000,1.000,0.0,0.00,0.000,—,1.800
solo-dps,geared,50,2,solo,300,200,1.000,0.000,0.000,1.000,0.0,0.00,0.000,—,1.800
solo-dps,geared,50,2,pack,180,200,1.000,0.000,0.000,0.906,2.1,0.00,0.094,—,1.743
solo-dps,geared,50,2,pack,300,200,1.000,0.000,0.000,0.906,2.1,0.00,0.094,—,1.744
solo-dps,geared,50,2,boss,180,200,1.000,0.000,0.000,0.830,4.2,0.00,0.170,—,1.698
solo-dps,geared,50,2,boss,300,200,1.000,0.000,0.000,0.831,4.1,0.00,0.169,—,1.699
solo-dps,geared,50,3,solo,180,200,1.000,0.000,0.000,0.950,0.6,0.00,0.050,—,1.770
solo-dps,geared,50,3,solo,300,200,1.000,0.000,0.000,0.948,0.6,0.00,0.052,—,1.769
solo-dps,geared,50,3,pack,180,200,1.000,0.000,0.000,0.686,3.9,0.00,0.314,—,1.612
solo-dps,geared,50,3,pack,300,200,1.000,0.000,0.000,0.668,4.0,0.00,0.332,—,1.601
solo-dps,geared,50,3,boss,180,200,1.000,0.000,0.000,0.589,6.5,0.00,0.411,—,1.553
solo-dps,geared,50,3,boss,300,200,1.000,0.000,0.000,0.590,6.4,0.00,0.410,—,1.554
solo-dps,geared,50,4,solo,180,200,1.000,0.000,0.000,0.846,1.4,0.00,0.154,—,1.708
solo-dps,geared,50,4,solo,300,200,1.000,0.000,0.000,0.848,1.5,0.00,0.152,—,1.709
solo-dps,geared,50,4,pack,180,200,0.900,0.000,0.100,0.137,6.5,0.10,0.877,—,1.154
solo-dps,geared,50,4,pack,300,200,0.925,0.000,0.075,0.134,6.5,0.07,0.876,—,1.184
solo-dps,geared,50,4,boss,180,200,0.290,0.000,0.710,0.114,11.0,0.71,0.967,—,0.368
solo-dps,geared,50,4,boss,300,200,0.265,0.000,0.735,0.122,11.0,0.73,0.968,—,0.337
solo-dps,geared,50,5,solo,180,200,1.000,0.000,0.000,0.467,3.7,0.00,0.533,—,1.480
solo-dps,geared,50,5,solo,300,200,1.000,0.000,0.000,0.488,3.6,0.00,0.512,—,1.493
solo-dps,geared,50,5,pack,180,200,0.000,0.000,1.000,—,—,1.00,1.000,—,0.000
solo-dps,geared,50,5,pack,300,200,0.000,0.000,1.000,—,—,1.00,1.000,—,0.000
solo-dps,geared,50,5,boss,180,200,0.000,0.000,1.000,—,—,1.00,1.000,—,0.000
solo-dps,geared,50,5,boss,300,200,0.000,0.000,1.000,—,—,1.00,1.000,—,0.000
solo-dps,geared,50,6,solo,180,200,0.035,0.000,0.965,0.041,8.0,0.96,0.999,—,0.043
solo-dps,geared,50,6,solo,300,200,0.030,0.000,0.970,0.140,8.9,0.97,0.996,—,0.039
solo-dps,geared,50,6,pack,180,200,0.000,0.000,1.000,—,—,1.00,1.000,—,0.000
solo-dps,geared,50,6,pack,300,200,0.000,0.000,1.000,—,—,1.00,1.000,—,0.000
solo-dps,geared,50,6,boss,180,200,0.000,0.000,1.000,—,—,1.00,1.000,—,0.000
solo-dps,geared,50,6,boss,300,200,0.000,0.000,1.000,—,—,1.00,1.000,—,0.000
solo-dps,geared,50,7,solo,180,200,0.000,0.000,1.000,—,—,1.00,1.000,—,0.000
solo-dps,geared,50,7,solo,300,200,0.000,0.000,1.000,—,—,1.00,1.000,—,0.000
solo-dps,geared,50,7,pack,180,200,0.000,0.000,1.000,—,—,1.00,1.000,—,0.000
solo-dps,geared,50,7,pack,300,200,0.000,0.000,1.000,—,—,1.00,1.000,—,0.000
solo-dps,geared,50,7,boss,180,200,0.000,0.000,1.000,—,—,1.00,1.000,—,0.000
solo-dps,geared,50,7,boss,300,200,0.000,0.000,1.000,—,—,1.00,1.000,—,0.000
solo-dps,geared,50,8,solo,180,200,0.000,0.000,1.000,—,—,1.00,1.000,—,0.000
solo-dps,geared,50,8,solo,300,200,0.000,0.000,1.000,—,—,1.00,1.000,—,0.000
solo-dps,geared,50,8,pack,180,200,0.000,0.000,1.000,—,—,1.00,1.000,—,0.000
solo-dps,geared,50,8,pack,300,200,0.000,0.000,1.000,—,—,1.00,1.000,—,0.000
solo-dps,geared,50,8,boss,180,200,0.000,0.000,1.000,—,—,1.00,1.000,—,0.000
solo-dps,geared,50,8,boss,300,200,0.000,0.000,1.000,—,—,1.00,1.000,—,0.000
solo-dps,full-build,1,1,solo,180,200,1.000,0.000,0.000,0.899,3.3,0.00,0.101,—,1.455
solo-dps,full-build,1,1,solo,300,200,1.000,0.000,0.000,0.900,3.3,0.00,0.100,—,1.456
solo-dps,full-build,1,1,pack,180,200,0.820,0.000,0.180,0.204,14.9,0.18,0.833,—,0.907
solo-dps,full-build,1,1,pack,300,200,0.865,0.000,0.135,0.212,14.7,0.14,0.817,—,0.960
solo-dps,full-build,1,1,boss,180,200,0.005,0.000,0.995,0.018,32.8,0.99,1.000,—,0.005
solo-dps,full-build,1,1,boss,300,200,0.010,0.000,0.990,0.066,27.4,0.99,0.999,—,0.010
solo-dps,full-build,1,2,solo,180,200,1.000,0.000,0.000,0.553,8.0,0.00,0.447,—,1.282
solo-dps,full-build,1,2,solo,300,200,1.000,0.000,0.000,0.555,8.1,0.00,0.445,—,1.283
solo-dps,full-build,1,2,pack,180,200,0.000,0.000,1.000,—,—,1.00,1.000,—,0.000
solo-dps,full-build,1,2,pack,300,200,0.000,0.000,1.000,—,—,1.00,1.000,—,0.000
solo-dps,full-build,1,2,boss,180,200,0.000,0.000,1.000,—,—,1.00,1.000,—,0.000
solo-dps,full-build,1,2,boss,300,200,0.000,0.000,1.000,—,—,1.00,1.000,—,0.000
solo-dps,full-build,1,3,solo,180,200,0.020,0.000,0.980,0.124,13.7,0.98,0.998,—,0.021
solo-dps,full-build,1,3,solo,300,200,0.010,0.000,0.990,0.139,16.4,0.99,0.999,—,0.011
solo-dps,full-build,1,3,pack,180,200,0.000,0.000,1.000,—,—,1.00,1.000,—,0.000
solo-dps,full-build,1,3,pack,300,200,0.000,0.000,1.000,—,—,1.00,1.000,—,0.000
solo-dps,full-build,1,3,boss,180,200,0.000,0.000,1.000,—,—,1.00,1.000,—,0.000
solo-dps,full-build,1,3,boss,300,200,0.000,0.000,1.000,—,—,1.00,1.000,—,0.000
solo-dps,full-build,1,4,solo,180,200,0.000,0.000,1.000,—,—,1.00,1.000,—,0.000
solo-dps,full-build,1,4,solo,300,200,0.000,0.000,1.000,—,—,1.00,1.000,—,0.000
solo-dps,full-build,1,4,pack,180,200,0.000,0.000,1.000,—,—,1.00,1.000,—,0.000
solo-dps,full-build,1,4,pack,300,200,0.000,0.000,1.000,—,—,1.00,1.000,—,0.000
solo-dps,full-build,1,4,boss,180,200,0.000,0.000,1.000,—,—,1.00,1.000,—,0.000
solo-dps,full-build,1,4,boss,300,200,0.000,0.000,1.000,—,—,1.00,1.000,—,0.000
solo-dps,full-build,1,5,solo,180,200,0.000,0.000,1.000,—,—,1.00,1.000,—,0.000
solo-dps,full-build,1,5,solo,300,200,0.000,0.000,1.000,—,—,1.00,1.000,—,0.000
solo-dps,full-build,1,5,pack,180,200,0.000,0.000,1.000,—,—,1.00,1.000,—,0.000
solo-dps,full-build,1,5,pack,300,200,0.000,0.000,1.000,—,—,1.00,1.000,—,0.000
solo-dps,full-build,1,5,boss,180,200,0.000,0.000,1.000,—,—,1.00,1.000,—,0.000
solo-dps,full-build,1,5,boss,300,200,0.000,0.000,1.000,—,—,1.00,1.000,—,0.000
solo-dps,full-build,1,6,solo,180,200,0.000,0.000,1.000,—,—,1.00,1.000,—,0.000
solo-dps,full-build,1,6,solo,300,200,0.000,0.000,1.000,—,—,1.00,1.000,—,0.000
solo-dps,full-build,1,6,pack,180,200,0.000,0.000,1.000,—,—,1.00,1.000,—,0.000
solo-dps,full-build,1,6,pack,300,200,0.000,0.000,1.000,—,—,1.00,1.000,—,0.000
solo-dps,full-build,1,6,boss,180,200,0.000,0.000,1.000,—,—,1.00,1.000,—,0.000
solo-dps,full-build,1,6,boss,300,200,0.000,0.000,1.000,—,—,1.00,1.000,—,0.000
solo-dps,full-build,1,7,solo,180,200,0.000,0.000,1.000,—,—,1.00,1.000,—,0.000
solo-dps,full-build,1,7,solo,300,200,0.000,0.000,1.000,—,—,1.00,1.000,—,0.000
solo-dps,full-build,1,7,pack,180,200,0.000,0.000,1.000,—,—,1.00,1.000,—,0.000
solo-dps,full-build,1,7,pack,300,200,0.000,0.000,1.000,—,—,1.00,1.000,—,0.000
solo-dps,full-build,1,7,boss,180,200,0.000,0.000,1.000,—,—,1.00,1.000,—,0.000
solo-dps,full-build,1,7,boss,300,200,0.000,0.000,1.000,—,—,1.00,1.000,—,0.000
solo-dps,full-build,1,8,solo,180,200,0.000,0.000,1.000,—,—,1.00,1.000,—,0.000
solo-dps,full-build,1,8,solo,300,200,0.000,0.000,1.000,—,—,1.00,1.000,—,0.000
solo-dps,full-build,1,8,pack,180,200,0.000,0.000,1.000,—,—,1.00,1.000,—,0.000
solo-dps,full-build,1,8,pack,300,200,0.000,0.000,1.000,—,—,1.00,1.000,—,0.000
solo-dps,full-build,1,8,boss,180,200,0.000,0.000,1.000,—,—,1.00,1.000,—,0.000
solo-dps,full-build,1,8,boss,300,200,0.000,0.000,1.000,—,—,1.00,1.000,—,0.000
solo-dps,full-build,5,1,solo,180,200,1.000,0.000,0.000,0.942,1.9,0.00,0.058,—,1.500
solo-dps,full-build,5,1,solo,300,200,1.000,0.000,0.000,0.945,1.8,0.00,0.055,—,1.502
solo-dps,full-build,5,1,pack,180,200,1.000,0.000,0.000,0.538,9.6,0.00,0.462,—,1.294
solo-dps,full-build,5,1,pack,300,200,1.000,0.000,0.000,0.537,9.6,0.00,0.463,—,1.294
solo-dps,full-build,5,1,boss,180,200,1.000,0.000,0.000,0.447,15.2,0.00,0.553,—,1.248
solo-dps,full-build,5,1,boss,300,200,1.000,0.000,0.000,0.459,15.2,0.00,0.541,—,1.254
solo-dps,full-build,5,2,solo,180,200,1.000,0.000,0.000,0.797,3.6,0.00,0.203,—,1.426
solo-dps,full-build,5,2,solo,300,200,1.000,0.000,0.000,0.795,3.6,0.00,0.205,—,1.426
solo-dps,full-build,5,2,pack,180,200,0.115,0.000,0.885,0.075,13.5,0.89,0.991,—,0.122
solo-dps,full-build,5,2,pack,300,200,0.120,0.000,0.880,0.063,13.7,0.88,0.992,—,0.126
solo-dps,full-build,5,2,boss,180,200,0.000,0.000,1.000,—,—,1.00,1.000,—,0.000
solo-dps,full-build,5,2,boss,300,200,0.000,0.000,1.000,—,—,1.00,1.000,—,0.000
solo-dps,full-build,5,3,solo,180,200,1.000,0.000,0.000,0.367,7.5,0.00,0.633,—,1.207
solo-dps,full-build,5,3,solo,300,200,1.000,0.000,0.000,0.389,7.5,0.00,0.611,—,1.218
solo-dps,full-build,5,3,pack,180,200,0.000,0.000,1.000,—,—,1.00,1.000,—,0.000
solo-dps,full-build,5,3,pack,300,200,0.000,0.000,1.000,—,—,1.00,1.000,—,0.000
solo-dps,full-build,5,3,boss,180,200,0.000,0.000,1.000,—,—,1.00,1.000,—,0.000
solo-dps,full-build,5,3,boss,300,200,0.000,0.000,1.000,—,—,1.00,1.000,—,0.000
solo-dps,full-build,5,4,solo,180,200,0.000,0.000,1.000,—,—,1.00,1.000,—,0.000
solo-dps,full-build,5,4,solo,300,200,0.005,0.000,0.995,0.139,14.7,0.99,0.999,—,0.005
solo-dps,full-build,5,4,pack,180,200,0.000,0.000,1.000,—,—,1.00,1.000,—,0.000
solo-dps,full-build,5,4,pack,300,200,0.000,0.000,1.000,—,—,1.00,1.000,—,0.000
solo-dps,full-build,5,4,boss,180,200,0.000,0.000,1.000,—,—,1.00,1.000,—,0.000
solo-dps,full-build,5,4,boss,300,200,0.000,0.000,1.000,—,—,1.00,1.000,—,0.000
solo-dps,full-build,5,5,solo,180,200,0.000,0.000,1.000,—,—,1.00,1.000,—,0.000
solo-dps,full-build,5,5,solo,300,200,0.000,0.000,1.000,—,—,1.00,1.000,—,0.000
solo-dps,full-build,5,5,pack,180,200,0.000,0.000,1.000,—,—,1.00,1.000,—,0.000
solo-dps,full-build,5,5,pack,300,200,0.000,0.000,1.000,—,—,1.00,1.000,—,0.000
solo-dps,full-build,5,5,boss,180,200,0.000,0.000,1.000,—,—,1.00,1.000,—,0.000
solo-dps,full-build,5,5,boss,300,200,0.000,0.000,1.000,—,—,1.00,1.000,—,0.000
solo-dps,full-build,5,6,solo,180,200,0.000,0.000,1.000,—,—,1.00,1.000,—,0.000
solo-dps,full-build,5,6,solo,300,200,0.000,0.000,1.000,—,—,1.00,1.000,—,0.000
solo-dps,full-build,5,6,pack,180,200,0.000,0.000,1.000,—,—,1.00,1.000,—,0.000
solo-dps,full-build,5,6,pack,300,200,0.000,0.000,1.000,—,—,1.00,1.000,—,0.000
solo-dps,full-build,5,6,boss,180,200,0.000,0.000,1.000,—,—,1.00,1.000,—,0.000
solo-dps,full-build,5,6,boss,300,200,0.000,0.000,1.000,—,—,1.00,1.000,—,0.000
solo-dps,full-build,5,7,solo,180,200,0.000,0.000,1.000,—,—,1.00,1.000,—,0.000
solo-dps,full-build,5,7,solo,300,200,0.000,0.000,1.000,—,—,1.00,1.000,—,0.000
solo-dps,full-build,5,7,pack,180,200,0.000,0.000,1.000,—,—,1.00,1.000,—,0.000
solo-dps,full-build,5,7,pack,300,200,0.000,0.000,1.000,—,—,1.00,1.000,—,0.000
solo-dps,full-build,5,7,boss,180,200,0.000,0.000,1.000,—,—,1.00,1.000,—,0.000
solo-dps,full-build,5,7,boss,300,200,0.000,0.000,1.000,—,—,1.00,1.000,—,0.000
solo-dps,full-build,5,8,solo,180,200,0.000,0.000,1.000,—,—,1.00,1.000,—,0.000
solo-dps,full-build,5,8,solo,300,200,0.000,0.000,1.000,—,—,1.00,1.000,—,0.000
solo-dps,full-build,5,8,pack,180,200,0.000,0.000,1.000,—,—,1.00,1.000,—,0.000
solo-dps,full-build,5,8,pack,300,200,0.000,0.000,1.000,—,—,1.00,1.000,—,0.000
solo-dps,full-build,5,8,boss,180,200,0.000,0.000,1.000,—,—,1.00,1.000,—,0.000
solo-dps,full-build,5,8,boss,300,200,0.000,0.000,1.000,—,—,1.00,1.000,—,0.000
solo-dps,full-build,10,1,solo,180,200,1.000,0.000,0.000,1.000,0.0,0.00,0.000,—,1.560
solo-dps,full-build,10,1,solo,300,200,1.000,0.000,0.000,0.999,0.0,0.00,0.001,—,1.560
solo-dps,full-build,10,1,pack,180,200,1.000,0.000,0.000,0.854,3.5,0.00,0.146,—,1.484
solo-dps,full-build,10,1,pack,300,200,1.000,0.000,0.000,0.851,3.5,0.00,0.149,—,1.483
solo-dps,full-build,10,1,boss,180,200,1.000,0.000,0.000,0.722,9.1,0.00,0.278,—,1.415
solo-dps,full-build,10,1,boss,300,200,1.000,0.000,0.000,0.717,9.1,0.00,0.283,—,1.413
solo-dps,full-build,10,2,solo,180,200,1.000,0.000,0.000,0.917,1.5,0.00,0.083,—,1.517
solo-dps,full-build,10,2,solo,300,200,1.000,0.000,0.000,0.919,1.5,0.00,0.081,—,1.518
solo-dps,full-build,10,2,pack,180,200,1.000,0.000,0.000,0.473,8.1,0.00,0.527,—,1.286
solo-dps,full-build,10,2,pack,300,200,1.000,0.000,0.000,0.474,8.1,0.00,0.526,—,1.287
solo-dps,full-build,10,2,boss,180,200,0.975,0.000,0.025,0.214,14.8,0.03,0.791,—,1.122
solo-dps,full-build,10,2,boss,300,200,0.975,0.000,0.025,0.221,14.6,0.03,0.785,—,1.126
solo-dps,full-build,10,3,solo,180,200,1.000,0.000,0.000,0.675,3.8,0.00,0.325,—,1.391
solo-dps,full-build,10,3,solo,300,200,1.000,0.000,0.000,0.690,3.9,0.00,0.310,—,1.399
solo-dps,full-build,10,3,pack,180,200,0.000,0.000,1.000,—,—,1.00,1.000,—,0.000
solo-dps,full-build,10,3,pack,300,200,0.005,0.000,0.995,0.052,10.3,0.99,1.000,—,0.005
solo-dps,full-build,10,3,boss,180,200,0.000,0.000,1.000,—,—,1.00,1.000,—,0.000
solo-dps,full-build,10,3,boss,300,200,0.000,0.000,1.000,—,—,1.00,1.000,—,0.000
solo-dps,full-build,10,4,solo,180,200,0.730,0.000,0.270,0.153,8.4,0.27,0.888,—,0.817
solo-dps,full-build,10,4,solo,300,200,0.695,0.000,0.305,0.176,8.1,0.30,0.878,—,0.786
solo-dps,full-build,10,4,pack,180,200,0.000,0.000,1.000,—,—,1.00,1.000,—,0.000
solo-dps,full-build,10,4,pack,300,200,0.000,0.000,1.000,—,—,1.00,1.000,—,0.000
solo-dps,full-build,10,4,boss,180,200,0.000,0.000,1.000,—,—,1.00,1.000,—,0.000
solo-dps,full-build,10,4,boss,300,200,0.000,0.000,1.000,—,—,1.00,1.000,—,0.000
solo-dps,full-build,10,5,solo,180,200,0.000,0.000,1.000,—,—,1.00,1.000,—,0.000
solo-dps,full-build,10,5,solo,300,200,0.000,0.000,1.000,—,—,1.00,1.000,—,0.000
solo-dps,full-build,10,5,pack,180,200,0.000,0.000,1.000,—,—,1.00,1.000,—,0.000
solo-dps,full-build,10,5,pack,300,200,0.000,0.000,1.000,—,—,1.00,1.000,—,0.000
solo-dps,full-build,10,5,boss,180,200,0.000,0.000,1.000,—,—,1.00,1.000,—,0.000
solo-dps,full-build,10,5,boss,300,200,0.000,0.000,1.000,—,—,1.00,1.000,—,0.000
solo-dps,full-build,10,6,solo,180,200,0.000,0.000,1.000,—,—,1.00,1.000,—,0.000
solo-dps,full-build,10,6,solo,300,200,0.000,0.000,1.000,—,—,1.00,1.000,—,0.000
solo-dps,full-build,10,6,pack,180,200,0.000,0.000,1.000,—,—,1.00,1.000,—,0.000
solo-dps,full-build,10,6,pack,300,200,0.000,0.000,1.000,—,—,1.00,1.000,—,0.000
solo-dps,full-build,10,6,boss,180,200,0.000,0.000,1.000,—,—,1.00,1.000,—,0.000
solo-dps,full-build,10,6,boss,300,200,0.000,0.000,1.000,—,—,1.00,1.000,—,0.000
solo-dps,full-build,10,7,solo,180,200,0.000,0.000,1.000,—,—,1.00,1.000,—,0.000
solo-dps,full-build,10,7,solo,300,200,0.000,0.000,1.000,—,—,1.00,1.000,—,0.000
solo-dps,full-build,10,7,pack,180,200,0.000,0.000,1.000,—,—,1.00,1.000,—,0.000
solo-dps,full-build,10,7,pack,300,200,0.000,0.000,1.000,—,—,1.00,1.000,—,0.000
solo-dps,full-build,10,7,boss,180,200,0.000,0.000,1.000,—,—,1.00,1.000,—,0.000
solo-dps,full-build,10,7,boss,300,200,0.000,0.000,1.000,—,—,1.00,1.000,—,0.000
solo-dps,full-build,10,8,solo,180,200,0.000,0.000,1.000,—,—,1.00,1.000,—,0.000
solo-dps,full-build,10,8,solo,300,200,0.000,0.000,1.000,—,—,1.00,1.000,—,0.000
solo-dps,full-build,10,8,pack,180,200,0.000,0.000,1.000,—,—,1.00,1.000,—,0.000
solo-dps,full-build,10,8,pack,300,200,0.000,0.000,1.000,—,—,1.00,1.000,—,0.000
solo-dps,full-build,10,8,boss,180,200,0.000,0.000,1.000,—,—,1.00,1.000,—,0.000
solo-dps,full-build,10,8,boss,300,200,0.000,0.000,1.000,—,—,1.00,1.000,—,0.000
solo-dps,full-build,20,1,solo,180,200,1.000,0.000,0.000,1.000,0.0,0.00,0.000,—,1.620
solo-dps,full-build,20,1,solo,300,200,1.000,0.000,0.000,1.000,0.0,0.00,0.000,—,1.620
solo-dps,full-build,20,1,pack,180,200,1.000,0.000,0.000,0.933,2.7,0.00,0.067,—,1.584
solo-dps,full-build,20,1,pack,300,200,1.000,0.000,0.000,0.934,2.7,0.00,0.066,—,1.585
solo-dps,full-build,20,1,boss,180,200,1.000,0.000,0.000,0.872,5.1,0.00,0.128,—,1.551
solo-dps,full-build,20,1,boss,300,200,1.000,0.000,0.000,0.875,5.1,0.00,0.125,—,1.553
solo-dps,full-build,20,2,solo,180,200,1.000,0.000,0.000,0.981,0.4,0.00,0.019,—,1.610
solo-dps,full-build,20,2,solo,300,200,1.000,0.000,0.000,0.987,0.3,0.00,0.013,—,1.613
solo-dps,full-build,20,2,pack,180,200,1.000,0.000,0.000,0.835,3.8,0.00,0.165,—,1.531
solo-dps,full-build,20,2,pack,300,200,1.000,0.000,0.000,0.836,3.7,0.00,0.164,—,1.531
solo-dps,full-build,20,2,boss,180,200,1.000,0.000,0.000,0.685,7.8,0.00,0.315,—,1.450
solo-dps,full-build,20,2,boss,300,200,1.000,0.000,0.000,0.683,7.7,0.00,0.317,—,1.449
solo-dps,full-build,20,3,solo,180,200,1.000,0.000,0.000,0.899,1.4,0.00,0.101,—,1.565
solo-dps,full-build,20,3,solo,300,200,1.000,0.000,0.000,0.887,1.5,0.00,0.113,—,1.559
solo-dps,full-build,20,3,pack,180,200,1.000,0.000,0.000,0.347,7.0,0.00,0.653,—,1.268
solo-dps,full-build,20,3,pack,300,200,1.000,0.000,0.000,0.358,7.0,0.00,0.642,—,1.274
solo-dps,full-build,20,3,boss,180,200,0.840,0.000,0.160,0.160,12.7,0.16,0.866,—,0.980
solo-dps,full-build,20,3,boss,300,200,0.780,0.000,0.220,0.191,12.7,0.22,0.851,—,0.923
solo-dps,full-build,20,4,solo,180,200,1.000,0.000,0.000,0.678,3.6,0.00,0.322,—,1.446
solo-dps,full-build,20,4,solo,300,200,1.000,0.000,0.000,0.680,3.6,0.00,0.320,—,1.447
solo-dps,full-build,20,4,pack,180,200,0.000,0.000,1.000,—,—,1.00,1.000,—,0.000
solo-dps,full-build,20,4,pack,300,200,0.000,0.000,1.000,—,—,1.00,1.000,—,0.000
solo-dps,full-build,20,4,boss,180,200,0.000,0.000,1.000,—,—,1.00,1.000,—,0.000
solo-dps,full-build,20,4,boss,300,200,0.000,0.000,1.000,—,—,1.00,1.000,—,0.000
solo-dps,full-build,20,5,solo,180,200,0.135,0.000,0.865,0.247,7.7,0.86,0.967,—,0.164
solo-dps,full-build,20,5,solo,300,200,0.185,0.000,0.815,0.279,7.7,0.81,0.948,—,0.228
solo-dps,full-build,20,5,pack,180,200,0.000,0.000,1.000,—,—,1.00,1.000,—,0.000
solo-dps,full-build,20,5,pack,300,200,0.000,0.000,1.000,—,—,1.00,1.000,—,0.000
solo-dps,full-build,20,5,boss,180,200,0.000,0.000,1.000,—,—,1.00,1.000,—,0.000
solo-dps,full-build,20,5,boss,300,200,0.000,0.000,1.000,—,—,1.00,1.000,—,0.000
solo-dps,full-build,20,6,solo,180,200,0.000,0.000,1.000,—,—,1.00,1.000,—,0.000
solo-dps,full-build,20,6,solo,300,200,0.000,0.000,1.000,—,—,1.00,1.000,—,0.000
solo-dps,full-build,20,6,pack,180,200,0.000,0.000,1.000,—,—,1.00,1.000,—,0.000
solo-dps,full-build,20,6,pack,300,200,0.000,0.000,1.000,—,—,1.00,1.000,—,0.000
solo-dps,full-build,20,6,boss,180,200,0.000,0.000,1.000,—,—,1.00,1.000,—,0.000
solo-dps,full-build,20,6,boss,300,200,0.000,0.000,1.000,—,—,1.00,1.000,—,0.000
solo-dps,full-build,20,7,solo,180,200,0.000,0.000,1.000,—,—,1.00,1.000,—,0.000
solo-dps,full-build,20,7,solo,300,200,0.000,0.000,1.000,—,—,1.00,1.000,—,0.000
solo-dps,full-build,20,7,pack,180,200,0.000,0.000,1.000,—,—,1.00,1.000,—,0.000
solo-dps,full-build,20,7,pack,300,200,0.000,0.000,1.000,—,—,1.00,1.000,—,0.000
solo-dps,full-build,20,7,boss,180,200,0.000,0.000,1.000,—,—,1.00,1.000,—,0.000
solo-dps,full-build,20,7,boss,300,200,0.000,0.000,1.000,—,—,1.00,1.000,—,0.000
solo-dps,full-build,20,8,solo,180,200,0.000,0.000,1.000,—,—,1.00,1.000,—,0.000
solo-dps,full-build,20,8,solo,300,200,0.000,0.000,1.000,—,—,1.00,1.000,—,0.000
solo-dps,full-build,20,8,pack,180,200,0.000,0.000,1.000,—,—,1.00,1.000,—,0.000
solo-dps,full-build,20,8,pack,300,200,0.000,0.000,1.000,—,—,1.00,1.000,—,0.000
solo-dps,full-build,20,8,boss,180,200,0.000,0.000,1.000,—,—,1.00,1.000,—,0.000
solo-dps,full-build,20,8,boss,300,200,0.000,0.000,1.000,—,—,1.00,1.000,—,0.000
solo-dps,full-build,35,1,solo,180,200,1.000,0.000,0.000,1.000,0.0,0.00,0.000,—,1.710
solo-dps,full-build,35,1,solo,300,200,1.000,0.000,0.000,1.000,0.0,0.00,0.000,—,1.710
solo-dps,full-build,35,1,pack,180,200,1.000,0.000,0.000,0.954,2.3,0.00,0.046,—,1.684
solo-dps,full-build,35,1,pack,300,200,1.000,0.000,0.000,0.954,2.3,0.00,0.046,—,1.684
solo-dps,full-build,35,1,boss,180,200,1.000,0.000,0.000,0.924,3.1,0.00,0.076,—,1.666
solo-dps,full-build,35,1,boss,300,200,1.000,0.000,0.000,0.923,3.1,0.00,0.077,—,1.666
solo-dps,full-build,35,2,solo,180,200,1.000,0.000,0.000,1.000,0.0,0.00,0.000,—,1.710
solo-dps,full-build,35,2,solo,300,200,1.000,0.000,0.000,1.000,0.0,0.00,0.000,—,1.710
solo-dps,full-build,35,2,pack,180,200,1.000,0.000,0.000,0.914,2.3,0.00,0.086,—,1.661
solo-dps,full-build,35,2,pack,300,200,1.000,0.000,0.000,0.917,2.3,0.00,0.083,—,1.662
solo-dps,full-build,35,2,boss,180,200,1.000,0.000,0.000,0.849,4.5,0.00,0.151,—,1.624
solo-dps,full-build,35,2,boss,300,200,1.000,0.000,0.000,0.849,4.5,0.00,0.151,—,1.624
solo-dps,full-build,35,3,solo,180,200,1.000,0.000,0.000,0.955,0.7,0.00,0.045,—,1.685
solo-dps,full-build,35,3,solo,300,200,1.000,0.000,0.000,0.958,0.6,0.00,0.042,—,1.686
solo-dps,full-build,35,3,pack,180,200,1.000,0.000,0.000,0.709,4.4,0.00,0.291,—,1.544
solo-dps,full-build,35,3,pack,300,200,1.000,0.000,0.000,0.710,4.3,0.00,0.290,—,1.545
solo-dps,full-build,35,3,boss,180,200,1.000,0.000,0.000,0.634,7.0,0.00,0.366,—,1.501
solo-dps,full-build,35,3,boss,300,200,1.000,0.000,0.000,0.643,6.9,0.00,0.357,—,1.507
solo-dps,full-build,35,4,solo,180,200,1.000,0.000,0.000,0.866,1.6,0.00,0.134,—,1.634
solo-dps,full-build,35,4,solo,300,200,1.000,0.000,0.000,0.868,1.5,0.00,0.132,—,1.635
solo-dps,full-build,35,4,pack,180,200,0.995,0.000,0.005,0.232,6.9,0.01,0.769,—,1.266
solo-dps,full-build,35,4,pack,300,200,0.980,0.000,0.020,0.210,7.0,0.02,0.794,—,1.235
solo-dps,full-build,35,4,boss,180,200,0.400,0.000,0.600,0.132,11.8,0.60,0.947,—,0.486
solo-dps,full-build,35,4,boss,300,200,0.500,0.000,0.500,0.133,11.8,0.50,0.934,—,0.608
solo-dps,full-build,35,5,solo,180,200,1.000,0.000,0.000,0.530,3.8,0.00,0.470,—,1.442
solo-dps,full-build,35,5,solo,300,200,1.000,0.000,0.000,0.531,3.9,0.00,0.469,—,1.443
solo-dps,full-build,35,5,pack,180,200,0.000,0.000,1.000,—,—,1.00,1.000,—,0.000
solo-dps,full-build,35,5,pack,300,200,0.000,0.000,1.000,—,—,1.00,1.000,—,0.000
solo-dps,full-build,35,5,boss,180,200,0.000,0.000,1.000,—,—,1.00,1.000,—,0.000
solo-dps,full-build,35,5,boss,300,200,0.000,0.000,1.000,—,—,1.00,1.000,—,0.000
solo-dps,full-build,35,6,solo,180,200,0.055,0.000,0.945,0.096,8.8,0.94,0.995,—,0.066
solo-dps,full-build,35,6,solo,300,200,0.060,0.000,0.940,0.133,8.6,0.94,0.992,—,0.073
solo-dps,full-build,35,6,pack,180,200,0.000,0.000,1.000,—,—,1.00,1.000,—,0.000
solo-dps,full-build,35,6,pack,300,200,0.000,0.000,1.000,—,—,1.00,1.000,—,0.000
solo-dps,full-build,35,6,boss,180,200,0.000,0.000,1.000,—,—,1.00,1.000,—,0.000
solo-dps,full-build,35,6,boss,300,200,0.000,0.000,1.000,—,—,1.00,1.000,—,0.000
solo-dps,full-build,35,7,solo,180,200,0.000,0.000,1.000,—,—,1.00,1.000,—,0.000
solo-dps,full-build,35,7,solo,300,200,0.000,0.000,1.000,—,—,1.00,1.000,—,0.000
solo-dps,full-build,35,7,pack,180,200,0.000,0.000,1.000,—,—,1.00,1.000,—,0.000
solo-dps,full-build,35,7,pack,300,200,0.000,0.000,1.000,—,—,1.00,1.000,—,0.000
solo-dps,full-build,35,7,boss,180,200,0.000,0.000,1.000,—,—,1.00,1.000,—,0.000
solo-dps,full-build,35,7,boss,300,200,0.000,0.000,1.000,—,—,1.00,1.000,—,0.000
solo-dps,full-build,35,8,solo,180,200,0.000,0.000,1.000,—,—,1.00,1.000,—,0.000
solo-dps,full-build,35,8,solo,300,200,0.000,0.000,1.000,—,—,1.00,1.000,—,0.000
solo-dps,full-build,35,8,pack,180,200,0.000,0.000,1.000,—,—,1.00,1.000,—,0.000
solo-dps,full-build,35,8,pack,300,200,0.000,0.000,1.000,—,—,1.00,1.000,—,0.000
solo-dps,full-build,35,8,boss,180,200,0.000,0.000,1.000,—,—,1.00,1.000,—,0.000
solo-dps,full-build,35,8,boss,300,200,0.000,0.000,1.000,—,—,1.00,1.000,—,0.000
solo-dps,full-build,50,1,solo,180,200,1.000,0.000,0.000,1.000,0.0,0.00,0.000,—,1.800
solo-dps,full-build,50,1,solo,300,200,1.000,0.000,0.000,1.000,0.0,0.00,0.000,—,1.800
solo-dps,full-build,50,1,pack,180,200,1.000,0.000,0.000,0.964,2.1,0.00,0.036,—,1.779
solo-dps,full-build,50,1,pack,300,200,1.000,0.000,0.000,0.964,2.1,0.00,0.036,—,1.779
solo-dps,full-build,50,1,boss,180,200,1.000,0.000,0.000,0.948,2.7,0.00,0.052,—,1.769
solo-dps,full-build,50,1,boss,300,200,1.000,0.000,0.000,0.952,2.5,0.00,0.048,—,1.771
solo-dps,full-build,50,2,solo,180,200,1.000,0.000,0.000,1.000,0.0,0.00,0.000,—,1.800
solo-dps,full-build,50,2,solo,300,200,1.000,0.000,0.000,1.000,0.0,0.00,0.000,—,1.800
solo-dps,full-build,50,2,pack,180,200,1.000,0.000,0.000,0.937,2.1,0.00,0.063,—,1.762
solo-dps,full-build,50,2,pack,300,200,1.000,0.000,0.000,0.936,2.1,0.00,0.064,—,1.761
solo-dps,full-build,50,2,boss,180,200,1.000,0.000,0.000,0.885,3.4,0.00,0.115,—,1.731
solo-dps,full-build,50,2,boss,300,200,1.000,0.000,0.000,0.885,3.3,0.00,0.115,—,1.731
solo-dps,full-build,50,3,solo,180,200,1.000,0.000,0.000,0.999,0.0,0.00,0.001,—,1.800
solo-dps,full-build,50,3,solo,300,200,1.000,0.000,0.000,0.999,0.0,0.00,0.001,—,1.800
solo-dps,full-build,50,3,pack,180,200,1.000,0.000,0.000,0.886,2.1,0.00,0.114,—,1.732
solo-dps,full-build,50,3,pack,300,200,1.000,0.000,0.000,0.884,2.1,0.00,0.116,—,1.730
solo-dps,full-build,50,3,boss,180,200,1.000,0.000,0.000,0.789,4.8,0.00,0.211,—,1.673
solo-dps,full-build,50,3,boss,300,200,1.000,0.000,0.000,0.785,4.7,0.00,0.215,—,1.671
solo-dps,full-build,50,4,solo,180,200,1.000,0.000,0.000,0.942,0.6,0.00,0.058,—,1.765
solo-dps,full-build,50,4,solo,300,200,1.000,0.000,0.000,0.935,0.6,0.00,0.065,—,1.761
solo-dps,full-build,50,4,pack,180,200,1.000,0.000,0.000,0.632,3.8,0.00,0.368,—,1.579
solo-dps,full-build,50,4,pack,300,200,1.000,0.000,0.000,0.609,4.0,0.00,0.391,—,1.565
solo-dps,full-build,50,4,boss,180,200,1.000,0.000,0.000,0.449,7.8,0.00,0.551,—,1.469
solo-dps,full-build,50,4,boss,300,200,1.000,0.000,0.000,0.443,7.9,0.00,0.557,—,1.466
solo-dps,full-build,50,5,solo,180,200,1.000,0.000,0.000,0.776,2.2,0.00,0.224,—,1.666
solo-dps,full-build,50,5,solo,300,200,1.000,0.000,0.000,0.774,2.1,0.00,0.226,—,1.664
solo-dps,full-build,50,5,pack,180,200,0.125,0.000,0.875,0.083,7.7,0.88,0.990,—,0.156
solo-dps,full-build,50,5,pack,300,200,0.135,0.000,0.865,0.057,7.8,0.86,0.992,—,0.167
solo-dps,full-build,50,5,boss,180,200,0.010,0.000,0.990,0.042,13.6,0.99,1.000,—,0.012
solo-dps,full-build,50,5,boss,300,200,0.005,0.000,0.995,0.019,14.6,0.99,1.000,—,0.006
solo-dps,full-build,50,6,solo,180,200,0.750,0.000,0.250,0.310,5.2,0.25,0.768,—,1.039
solo-dps,full-build,50,6,solo,300,200,0.720,0.000,0.280,0.303,5.1,0.28,0.782,—,0.995
solo-dps,full-build,50,6,pack,180,200,0.000,0.000,1.000,—,—,1.00,1.000,—,0.000
solo-dps,full-build,50,6,pack,300,200,0.000,0.000,1.000,—,—,1.00,1.000,—,0.000
solo-dps,full-build,50,6,boss,180,200,0.000,0.000,1.000,—,—,1.00,1.000,—,0.000
solo-dps,full-build,50,6,boss,300,200,0.000,0.000,1.000,—,—,1.00,1.000,—,0.000
solo-dps,full-build,50,7,solo,180,200,0.000,0.000,1.000,—,—,1.00,1.000,—,0.000
solo-dps,full-build,50,7,solo,300,200,0.000,0.000,1.000,—,—,1.00,1.000,—,0.000
solo-dps,full-build,50,7,pack,180,200,0.000,0.000,1.000,—,—,1.00,1.000,—,0.000
solo-dps,full-build,50,7,pack,300,200,0.000,0.000,1.000,—,—,1.00,1.000,—,0.000
solo-dps,full-build,50,7,boss,180,200,0.000,0.000,1.000,—,—,1.00,1.000,—,0.000
solo-dps,full-build,50,7,boss,300,200,0.000,0.000,1.000,—,—,1.00,1.000,—,0.000
solo-dps,full-build,50,8,solo,180,200,0.000,0.000,1.000,—,—,1.00,1.000,—,0.000
solo-dps,full-build,50,8,solo,300,200,0.000,0.000,1.000,—,—,1.00,1.000,—,0.000
solo-dps,full-build,50,8,pack,180,200,0.000,0.000,1.000,—,—,1.00,1.000,—,0.000
solo-dps,full-build,50,8,pack,300,200,0.000,0.000,1.000,—,—,1.00,1.000,—,0.000
solo-dps,full-build,50,8,boss,180,200,0.000,0.000,1.000,—,—,1.00,1.000,—,0.000
solo-dps,full-build,50,8,boss,300,200,0.000,0.000,1.000,—,—,1.00,1.000,—,0.000
solo-crit,naked,1,1,solo,180,200,1.000,0.000,0.000,0.458,8.3,0.00,0.542,—,1.234
solo-crit,naked,1,1,solo,300,200,1.000,0.000,0.000,0.463,8.4,0.00,0.537,—,1.236
solo-crit,naked,1,1,pack,180,200,0.000,0.000,1.000,—,—,1.00,1.000,—,0.000
solo-crit,naked,1,1,pack,300,200,0.000,0.000,1.000,—,—,1.00,1.000,—,0.000
solo-crit,naked,1,1,boss,180,200,0.000,0.000,1.000,—,—,1.00,1.000,—,0.000
solo-crit,naked,1,1,boss,300,200,0.000,0.000,1.000,—,—,1.00,1.000,—,0.000
solo-crit,naked,1,2,solo,180,200,0.000,0.000,1.000,—,—,1.00,1.000,—,0.000
solo-crit,naked,1,2,solo,300,200,0.000,0.000,1.000,—,—,1.00,1.000,—,0.000
solo-crit,naked,1,2,pack,180,200,0.000,0.000,1.000,—,—,1.00,1.000,—,0.000
solo-crit,naked,1,2,pack,300,200,0.000,0.000,1.000,—,—,1.00,1.000,—,0.000
solo-crit,naked,1,2,boss,180,200,0.000,0.000,1.000,—,—,1.00,1.000,—,0.000
solo-crit,naked,1,2,boss,300,200,0.000,0.000,1.000,—,—,1.00,1.000,—,0.000
solo-crit,naked,1,3,solo,180,200,0.000,0.000,1.000,—,—,1.00,1.000,—,0.000
solo-crit,naked,1,3,solo,300,200,0.000,0.000,1.000,—,—,1.00,1.000,—,0.000
solo-crit,naked,1,3,pack,180,200,0.000,0.000,1.000,—,—,1.00,1.000,—,0.000
solo-crit,naked,1,3,pack,300,200,0.000,0.000,1.000,—,—,1.00,1.000,—,0.000
solo-crit,naked,1,3,boss,180,200,0.000,0.000,1.000,—,—,1.00,1.000,—,0.000
solo-crit,naked,1,3,boss,300,200,0.000,0.000,1.000,—,—,1.00,1.000,—,0.000
solo-crit,naked,1,4,solo,180,200,0.000,0.000,1.000,—,—,1.00,1.000,—,0.000
solo-crit,naked,1,4,solo,300,200,0.000,0.000,1.000,—,—,1.00,1.000,—,0.000
solo-crit,naked,1,4,pack,180,200,0.000,0.000,1.000,—,—,1.00,1.000,—,0.000
solo-crit,naked,1,4,pack,300,200,0.000,0.000,1.000,—,—,1.00,1.000,—,0.000
solo-crit,naked,1,4,boss,180,200,0.000,0.000,1.000,—,—,1.00,1.000,—,0.000
solo-crit,naked,1,4,boss,300,200,0.000,0.000,1.000,—,—,1.00,1.000,—,0.000
solo-crit,naked,1,5,solo,180,200,0.000,0.000,1.000,—,—,1.00,1.000,—,0.000
solo-crit,naked,1,5,solo,300,200,0.000,0.000,1.000,—,—,1.00,1.000,—,0.000
solo-crit,naked,1,5,pack,180,200,0.000,0.000,1.000,—,—,1.00,1.000,—,0.000
solo-crit,naked,1,5,pack,300,200,0.000,0.000,1.000,—,—,1.00,1.000,—,0.000
solo-crit,naked,1,5,boss,180,200,0.000,0.000,1.000,—,—,1.00,1.000,—,0.000
solo-crit,naked,1,5,boss,300,200,0.000,0.000,1.000,—,—,1.00,1.000,—,0.000
solo-crit,naked,1,6,solo,180,200,0.000,0.000,1.000,—,—,1.00,1.000,—,0.000
solo-crit,naked,1,6,solo,300,200,0.000,0.000,1.000,—,—,1.00,1.000,—,0.000
solo-crit,naked,1,6,pack,180,200,0.000,0.000,1.000,—,—,1.00,1.000,—,0.000
solo-crit,naked,1,6,pack,300,200,0.000,0.000,1.000,—,—,1.00,1.000,—,0.000
solo-crit,naked,1,6,boss,180,200,0.000,0.000,1.000,—,—,1.00,1.000,—,0.000
solo-crit,naked,1,6,boss,300,200,0.000,0.000,1.000,—,—,1.00,1.000,—,0.000
solo-crit,naked,1,7,solo,180,200,0.000,0.000,1.000,—,—,1.00,1.000,—,0.000
solo-crit,naked,1,7,solo,300,200,0.000,0.000,1.000,—,—,1.00,1.000,—,0.000
solo-crit,naked,1,7,pack,180,200,0.000,0.000,1.000,—,—,1.00,1.000,—,0.000
solo-crit,naked,1,7,pack,300,200,0.000,0.000,1.000,—,—,1.00,1.000,—,0.000
solo-crit,naked,1,7,boss,180,200,0.000,0.000,1.000,—,—,1.00,1.000,—,0.000
solo-crit,naked,1,7,boss,300,200,0.000,0.000,1.000,—,—,1.00,1.000,—,0.000
solo-crit,naked,1,8,solo,180,200,0.000,0.000,1.000,—,—,1.00,1.000,—,0.000
solo-crit,naked,1,8,solo,300,200,0.000,0.000,1.000,—,—,1.00,1.000,—,0.000
solo-crit,naked,1,8,pack,180,200,0.000,0.000,1.000,—,—,1.00,1.000,—,0.000
solo-crit,naked,1,8,pack,300,200,0.000,0.000,1.000,—,—,1.00,1.000,—,0.000
solo-crit,naked,1,8,boss,180,200,0.000,0.000,1.000,—,—,1.00,1.000,—,0.000
solo-crit,naked,1,8,boss,300,200,0.000,0.000,1.000,—,—,1.00,1.000,—,0.000
solo-crit,naked,5,1,solo,180,200,1.000,0.000,0.000,0.741,3.4,0.00,0.259,—,1.398
solo-crit,naked,5,1,solo,300,200,1.000,0.000,0.000,0.737,3.5,0.00,0.263,—,1.396
solo-crit,naked,5,1,pack,180,200,0.020,0.000,0.980,0.054,11.0,0.98,0.999,—,0.021
solo-crit,naked,5,1,pack,300,200,0.025,0.000,0.975,0.063,11.4,0.97,0.998,—,0.026
solo-crit,naked,5,1,boss,180,200,0.000,0.000,1.000,—,—,1.00,1.000,—,0.000
solo-crit,naked,5,1,boss,300,200,0.000,0.000,1.000,—,—,1.00,1.000,—,0.000
solo-crit,naked,5,2,solo,180,200,0.935,0.000,0.065,0.309,6.8,0.07,0.711,—,1.101
solo-crit,naked,5,2,solo,300,200,0.935,0.000,0.065,0.281,7.0,0.07,0.738,—,1.088
solo-crit,naked,5,2,pack,180,200,0.000,0.000,1.000,—,—,1.00,1.000,—,0.000
solo-crit,naked,5,2,pack,300,200,0.000,0.000,1.000,—,—,1.00,1.000,—,0.000
solo-crit,naked,5,2,boss,180,200,0.000,0.000,1.000,—,—,1.00,1.000,—,0.000
solo-crit,naked,5,2,boss,300,200,0.000,0.000,1.000,—,—,1.00,1.000,—,0.000
solo-crit,naked,5,3,solo,180,200,0.000,0.000,1.000,—,—,1.00,1.000,—,0.000
solo-crit,naked,5,3,solo,300,200,0.000,0.000,1.000,—,—,1.00,1.000,—,0.000
solo-crit,naked,5,3,pack,180,200,0.000,0.000,1.000,—,—,1.00,1.000,—,0.000
solo-crit,naked,5,3,pack,300,200,0.000,0.000,1.000,—,—,1.00,1.000,—,0.000
solo-crit,naked,5,3,boss,180,200,0.000,0.000,1.000,—,—,1.00,1.000,—,0.000
solo-crit,naked,5,3,boss,300,200,0.000,0.000,1.000,—,—,1.00,1.000,—,0.000
solo-crit,naked,5,4,solo,180,200,0.000,0.000,1.000,—,—,1.00,1.000,—,0.000
solo-crit,naked,5,4,solo,300,200,0.000,0.000,1.000,—,—,1.00,1.000,—,0.000
solo-crit,naked,5,4,pack,180,200,0.000,0.000,1.000,—,—,1.00,1.000,—,0.000
solo-crit,naked,5,4,pack,300,200,0.000,0.000,1.000,—,—,1.00,1.000,—,0.000
solo-crit,naked,5,4,boss,180,200,0.000,0.000,1.000,—,—,1.00,1.000,—,0.000
solo-crit,naked,5,4,boss,300,200,0.000,0.000,1.000,—,—,1.00,1.000,—,0.000
solo-crit,naked,5,5,solo,180,200,0.000,0.000,1.000,—,—,1.00,1.000,—,0.000
solo-crit,naked,5,5,solo,300,200,0.000,0.000,1.000,—,—,1.00,1.000,—,0.000
solo-crit,naked,5,5,pack,180,200,0.000,0.000,1.000,—,—,1.00,1.000,—,0.000
solo-crit,naked,5,5,pack,300,200,0.000,0.000,1.000,—,—,1.00,1.000,—,0.000
solo-crit,naked,5,5,boss,180,200,0.000,0.000,1.000,—,—,1.00,1.000,—,0.000
solo-crit,naked,5,5,boss,300,200,0.000,0.000,1.000,—,—,1.00,1.000,—,0.000
solo-crit,naked,5,6,solo,180,200,0.000,0.000,1.000,—,—,1.00,1.000,—,0.000
solo-crit,naked,5,6,solo,300,200,0.000,0.000,1.000,—,—,1.00,1.000,—,0.000
solo-crit,naked,5,6,pack,180,200,0.000,0.000,1.000,—,—,1.00,1.000,—,0.000
solo-crit,naked,5,6,pack,300,200,0.000,0.000,1.000,—,—,1.00,1.000,—,0.000
solo-crit,naked,5,6,boss,180,200,0.000,0.000,1.000,—,—,1.00,1.000,—,0.000
solo-crit,naked,5,6,boss,300,200,0.000,0.000,1.000,—,—,1.00,1.000,—,0.000
solo-crit,naked,5,7,solo,180,200,0.000,0.000,1.000,—,—,1.00,1.000,—,0.000
solo-crit,naked,5,7,solo,300,200,0.000,0.000,1.000,—,—,1.00,1.000,—,0.000
solo-crit,naked,5,7,pack,180,200,0.000,0.000,1.000,—,—,1.00,1.000,—,0.000
solo-crit,naked,5,7,pack,300,200,0.000,0.000,1.000,—,—,1.00,1.000,—,0.000
solo-crit,naked,5,7,boss,180,200,0.000,0.000,1.000,—,—,1.00,1.000,—,0.000
solo-crit,naked,5,7,boss,300,200,0.000,0.000,1.000,—,—,1.00,1.000,—,0.000
solo-crit,naked,5,8,solo,180,200,0.000,0.000,1.000,—,—,1.00,1.000,—,0.000
solo-crit,naked,5,8,solo,300,200,0.000,0.000,1.000,—,—,1.00,1.000,—,0.000
solo-crit,naked,5,8,pack,180,200,0.000,0.000,1.000,—,—,1.00,1.000,—,0.000
solo-crit,naked,5,8,pack,300,200,0.000,0.000,1.000,—,—,1.00,1.000,—,0.000
solo-crit,naked,5,8,boss,180,200,0.000,0.000,1.000,—,—,1.00,1.000,—,0.000
solo-crit,naked,5,8,boss,300,200,0.000,0.000,1.000,—,—,1.00,1.000,—,0.000
solo-crit,naked,10,1,solo,180,200,1.000,0.000,0.000,0.887,1.4,0.00,0.113,—,1.501
solo-crit,naked,10,1,solo,300,200,1.000,0.000,0.000,0.888,1.4,0.00,0.112,—,1.502
solo-crit,naked,10,1,pack,180,200,1.000,0.000,0.000,0.310,7.4,0.00,0.690,—,1.201
solo-crit,naked,10,1,pack,300,200,1.000,0.000,0.000,0.315,7.3,0.00,0.685,—,1.204
solo-crit,naked,10,1,boss,180,200,0.605,0.000,0.395,0.129,13.2,0.40,0.922,—,0.670
solo-crit,naked,10,1,boss,300,200,0.640,0.000,0.360,0.123,13.4,0.36,0.921,—,0.706
solo-crit,naked,10,2,solo,180,200,1.000,0.000,0.000,0.713,3.4,0.00,0.287,—,1.411
solo-crit,naked,10,2,solo,300,200,1.000,0.000,0.000,0.712,3.5,0.00,0.288,—,1.410
solo-crit,naked,10,2,pack,180,200,0.000,0.000,1.000,—,—,1.00,1.000,—,0.000
solo-crit,naked,10,2,pack,300,200,0.000,0.000,1.000,—,—,1.00,1.000,—,0.000
solo-crit,naked,10,2,boss,180,200,0.000,0.000,1.000,—,—,1.00,1.000,—,0.000
solo-crit,naked,10,2,boss,300,200,0.000,0.000,1.000,—,—,1.00,1.000,—,0.000
solo-crit,naked,10,3,solo,180,200,0.285,0.000,0.715,0.224,6.2,0.71,0.936,—,0.330
solo-crit,naked,10,3,solo,300,200,0.240,0.000,0.760,0.251,6.2,0.76,0.940,—,0.281
solo-crit,naked,10,3,pack,180,200,0.000,0.000,1.000,—,—,1.00,1.000,—,0.000
solo-crit,naked,10,3,pack,300,200,0.000,0.000,1.000,—,—,1.00,1.000,—,0.000
solo-crit,naked,10,3,boss,180,200,0.000,0.000,1.000,—,—,1.00,1.000,—,0.000
solo-crit,naked,10,3,boss,300,200,0.000,0.000,1.000,—,—,1.00,1.000,—,0.000
solo-crit,naked,10,4,solo,180,200,0.000,0.000,1.000,—,—,1.00,1.000,—,0.000
solo-crit,naked,10,4,solo,300,200,0.000,0.000,1.000,—,—,1.00,1.000,—,0.000
solo-crit,naked,10,4,pack,180,200,0.000,0.000,1.000,—,—,1.00,1.000,—,0.000
solo-crit,naked,10,4,pack,300,200,0.000,0.000,1.000,—,—,1.00,1.000,—,0.000
solo-crit,naked,10,4,boss,180,200,0.000,0.000,1.000,—,—,1.00,1.000,—,0.000
solo-crit,naked,10,4,boss,300,200,0.000,0.000,1.000,—,—,1.00,1.000,—,0.000
solo-crit,naked,10,5,solo,180,200,0.000,0.000,1.000,—,—,1.00,1.000,—,0.000
solo-crit,naked,10,5,solo,300,200,0.000,0.000,1.000,—,—,1.00,1.000,—,0.000
solo-crit,naked,10,5,pack,180,200,0.000,0.000,1.000,—,—,1.00,1.000,—,0.000
solo-crit,naked,10,5,pack,300,200,0.000,0.000,1.000,—,—,1.00,1.000,—,0.000
solo-crit,naked,10,5,boss,180,200,0.000,0.000,1.000,—,—,1.00,1.000,—,0.000
solo-crit,naked,10,5,boss,300,200,0.000,0.000,1.000,—,—,1.00,1.000,—,0.000
solo-crit,naked,10,6,solo,180,200,0.000,0.000,1.000,—,—,1.00,1.000,—,0.000
solo-crit,naked,10,6,solo,300,200,0.000,0.000,1.000,—,—,1.00,1.000,—,0.000
solo-crit,naked,10,6,pack,180,200,0.000,0.000,1.000,—,—,1.00,1.000,—,0.000
solo-crit,naked,10,6,pack,300,200,0.000,0.000,1.000,—,—,1.00,1.000,—,0.000
solo-crit,naked,10,6,boss,180,200,0.000,0.000,1.000,—,—,1.00,1.000,—,0.000
solo-crit,naked,10,6,boss,300,200,0.000,0.000,1.000,—,—,1.00,1.000,—,0.000
solo-crit,naked,10,7,solo,180,200,0.000,0.000,1.000,—,—,1.00,1.000,—,0.000
solo-crit,naked,10,7,solo,300,200,0.000,0.000,1.000,—,—,1.00,1.000,—,0.000
solo-crit,naked,10,7,pack,180,200,0.000,0.000,1.000,—,—,1.00,1.000,—,0.000
solo-crit,naked,10,7,pack,300,200,0.000,0.000,1.000,—,—,1.00,1.000,—,0.000
solo-crit,naked,10,7,boss,180,200,0.000,0.000,1.000,—,—,1.00,1.000,—,0.000
solo-crit,naked,10,7,boss,300,200,0.000,0.000,1.000,—,—,1.00,1.000,—,0.000
solo-crit,naked,10,8,solo,180,200,0.000,0.000,1.000,—,—,1.00,1.000,—,0.000
solo-crit,naked,10,8,solo,300,200,0.000,0.000,1.000,—,—,1.00,1.000,—,0.000
solo-crit,naked,10,8,pack,180,200,0.000,0.000,1.000,—,—,1.00,1.000,—,0.000
solo-crit,naked,10,8,pack,300,200,0.000,0.000,1.000,—,—,1.00,1.000,—,0.000
solo-crit,naked,10,8,boss,180,200,0.000,0.000,1.000,—,—,1.00,1.000,—,0.000
solo-crit,naked,10,8,boss,300,200,0.000,0.000,1.000,—,—,1.00,1.000,—,0.000
solo-crit,naked,20,1,solo,180,200,1.000,0.000,0.000,0.970,0.4,0.00,0.030,—,1.604
solo-crit,naked,20,1,solo,300,200,1.000,0.000,0.000,0.965,0.5,0.00,0.035,—,1.601
solo-crit,naked,20,1,pack,180,200,1.000,0.000,0.000,0.731,3.8,0.00,0.269,—,1.475
solo-crit,naked,20,1,pack,300,200,1.000,0.000,0.000,0.731,3.8,0.00,0.269,—,1.475
solo-crit,naked,20,1,boss,180,200,1.000,0.000,0.000,0.558,7.3,0.00,0.442,—,1.382
solo-crit,naked,20,1,boss,300,200,1.000,0.000,0.000,0.556,7.2,0.00,0.444,—,1.380
solo-crit,naked,20,2,solo,180,200,1.000,0.000,0.000,0.837,1.4,0.00,0.163,—,1.532
solo-crit,naked,20,2,solo,300,200,1.000,0.000,0.000,0.834,1.4,0.00,0.166,—,1.530
solo-crit,naked,20,2,pack,180,200,0.845,0.000,0.155,0.166,6.2,0.15,0.860,—,0.988
solo-crit,naked,20,2,pack,300,200,0.825,0.000,0.175,0.147,6.3,0.17,0.879,—,0.957
solo-crit,naked,20,2,boss,180,200,0.110,0.000,0.890,0.099,11.4,0.89,0.989,—,0.125
solo-crit,naked,20,2,boss,300,200,0.130,0.000,0.870,0.126,11.3,0.87,0.984,—,0.149
solo-crit,naked,20,3,solo,180,200,1.000,0.000,0.000,0.490,3.3,0.00,0.510,—,1.345
solo-crit,naked,20,3,solo,300,200,1.000,0.000,0.000,0.487,3.3,0.00,0.513,—,1.343
solo-crit,naked,20,3,pack,180,200,0.000,0.000,1.000,—,—,1.00,1.000,—,0.000
solo-crit,naked,20,3,pack,300,200,0.000,0.000,1.000,—,—,1.00,1.000,—,0.000
solo-crit,naked,20,3,boss,180,200,0.000,0.000,1.000,—,—,1.00,1.000,—,0.000
solo-crit,naked,20,3,boss,300,200,0.000,0.000,1.000,—,—,1.00,1.000,—,0.000
solo-crit,naked,20,4,solo,180,200,0.055,0.000,0.945,0.062,6.8,0.94,0.997,—,0.061
solo-crit,naked,20,4,solo,300,200,0.075,0.000,0.925,0.052,6.1,0.93,0.996,—,0.083
solo-crit,naked,20,4,pack,180,200,0.000,0.000,1.000,—,—,1.00,1.000,—,0.000
solo-crit,naked,20,4,pack,300,200,0.000,0.000,1.000,—,—,1.00,1.000,—,0.000
solo-crit,naked,20,4,boss,180,200,0.000,0.000,1.000,—,—,1.00,1.000,—,0.000
solo-crit,naked,20,4,boss,300,200,0.000,0.000,1.000,—,—,1.00,1.000,—,0.000
solo-crit,naked,20,5,solo,180,200,0.000,0.000,1.000,—,—,1.00,1.000,—,0.000
solo-crit,naked,20,5,solo,300,200,0.000,0.000,1.000,—,—,1.00,1.000,—,0.000
solo-crit,naked,20,5,pack,180,200,0.000,0.000,1.000,—,—,1.00,1.000,—,0.000
solo-crit,naked,20,5,pack,300,200,0.000,0.000,1.000,—,—,1.00,1.000,—,0.000
solo-crit,naked,20,5,boss,180,200,0.000,0.000,1.000,—,—,1.00,1.000,—,0.000
solo-crit,naked,20,5,boss,300,200,0.000,0.000,1.000,—,—,1.00,1.000,—,0.000
solo-crit,naked,20,6,solo,180,200,0.000,0.000,1.000,—,—,1.00,1.000,—,0.000
solo-crit,naked,20,6,solo,300,200,0.000,0.000,1.000,—,—,1.00,1.000,—,0.000
solo-crit,naked,20,6,pack,180,200,0.000,0.000,1.000,—,—,1.00,1.000,—,0.000
solo-crit,naked,20,6,pack,300,200,0.000,0.000,1.000,—,—,1.00,1.000,—,0.000
solo-crit,naked,20,6,boss,180,200,0.000,0.000,1.000,—,—,1.00,1.000,—,0.000
solo-crit,naked,20,6,boss,300,200,0.000,0.000,1.000,—,—,1.00,1.000,—,0.000
solo-crit,naked,20,7,solo,180,200,0.000,0.000,1.000,—,—,1.00,1.000,—,0.000
solo-crit,naked,20,7,solo,300,200,0.000,0.000,1.000,—,—,1.00,1.000,—,0.000
solo-crit,naked,20,7,pack,180,200,0.000,0.000,1.000,—,—,1.00,1.000,—,0.000
solo-crit,naked,20,7,pack,300,200,0.000,0.000,1.000,—,—,1.00,1.000,—,0.000
solo-crit,naked,20,7,boss,180,200,0.000,0.000,1.000,—,—,1.00,1.000,—,0.000
solo-crit,naked,20,7,boss,300,200,0.000,0.000,1.000,—,—,1.00,1.000,—,0.000
solo-crit,naked,20,8,solo,180,200,0.000,0.000,1.000,—,—,1.00,1.000,—,0.000
solo-crit,naked,20,8,solo,300,200,0.000,0.000,1.000,—,—,1.00,1.000,—,0.000
solo-crit,naked,20,8,pack,180,200,0.000,0.000,1.000,—,—,1.00,1.000,—,0.000
solo-crit,naked,20,8,pack,300,200,0.000,0.000,1.000,—,—,1.00,1.000,—,0.000
solo-crit,naked,20,8,boss,180,200,0.000,0.000,1.000,—,—,1.00,1.000,—,0.000
solo-crit,naked,20,8,boss,300,200,0.000,0.000,1.000,—,—,1.00,1.000,—,0.000
solo-crit,naked,35,1,solo,180,200,1.000,0.000,0.000,1.000,0.0,0.00,0.000,—,1.710
solo-crit,naked,35,1,solo,300,200,1.000,0.000,0.000,1.000,0.0,0.00,0.000,—,1.710
solo-crit,naked,35,1,pack,180,200,1.000,0.000,0.000,0.867,2.1,0.00,0.133,—,1.634
solo-crit,naked,35,1,pack,300,200,1.000,0.000,0.000,0.867,2.1,0.00,0.133,—,1.634
solo-crit,naked,35,1,boss,180,200,1.000,0.000,0.000,0.755,4.5,0.00,0.245,—,1.570
solo-crit,naked,35,1,boss,300,200,1.000,0.000,0.000,0.758,4.5,0.00,0.242,—,1.572
solo-crit,naked,35,2,solo,180,200,1.000,0.000,0.000,0.912,0.7,0.00,0.088,—,1.660
solo-crit,naked,35,2,solo,300,200,1.000,0.000,0.000,0.918,0.7,0.00,0.082,—,1.663
solo-crit,naked,35,2,pack,180,200,1.000,0.000,0.000,0.493,4.3,0.00,0.507,—,1.421
solo-crit,naked,35,2,pack,300,200,1.000,0.000,0.000,0.501,4.3,0.00,0.499,—,1.425
solo-crit,naked,35,2,boss,180,200,1.000,0.000,0.000,0.395,6.9,0.00,0.605,—,1.365
solo-crit,naked,35,2,boss,300,200,1.000,0.000,0.000,0.389,6.9,0.00,0.611,—,1.362
solo-crit,naked,35,3,solo,180,200,1.000,0.000,0.000,0.784,1.6,0.00,0.216,—,1.587
solo-crit,naked,35,3,solo,300,200,1.000,0.000,0.000,0.784,1.5,0.00,0.216,—,1.587
solo-crit,naked,35,3,pack,180,200,0.020,0.000,0.980,0.093,5.9,0.98,0.998,—,0.024
solo-crit,naked,35,3,pack,300,200,0.030,0.000,0.970,0.109,5.8,0.97,0.997,—,0.036
solo-crit,naked,35,3,boss,180,200,0.005,0.000,0.995,0.258,11.3,0.99,0.999,—,0.006
solo-crit,naked,35,3,boss,300,200,0.000,0.000,1.000,—,—,1.00,1.000,—,0.000
solo-crit,naked,35,4,solo,180,200,1.000,0.000,0.000,0.222,3.7,0.00,0.778,—,1.267
solo-crit,naked,35,4,solo,300,200,1.000,0.000,0.000,0.232,3.6,0.00,0.768,—,1.272
solo-crit,naked,35,4,pack,180,200,0.000,0.000,1.000,—,—,1.00,1.000,—,0.000
solo-crit,naked,35,4,pack,300,200,0.000,0.000,1.000,—,—,1.00,1.000,—,0.000
solo-crit,naked,35,4,boss,180,200,0.000,0.000,1.000,—,—,1.00,1.000,—,0.000
solo-crit,naked,35,4,boss,300,200,0.000,0.000,1.000,—,—,1.00,1.000,—,0.000
solo-crit,naked,35,5,solo,180,200,0.000,0.000,1.000,—,—,1.00,1.000,—,0.000
solo-crit,naked,35,5,solo,300,200,0.000,0.000,1.000,—,—,1.00,1.000,—,0.000
solo-crit,naked,35,5,pack,180,200,0.000,0.000,1.000,—,—,1.00,1.000,—,0.000
solo-crit,naked,35,5,pack,300,200,0.000,0.000,1.000,—,—,1.00,1.000,—,0.000
solo-crit,naked,35,5,boss,180,200,0.000,0.000,1.000,—,—,1.00,1.000,—,0.000
solo-crit,naked,35,5,boss,300,200,0.000,0.000,1.000,—,—,1.00,1.000,—,0.000
solo-crit,naked,35,6,solo,180,200,0.000,0.000,1.000,—,—,1.00,1.000,—,0.000
solo-crit,naked,35,6,solo,300,200,0.000,0.000,1.000,—,—,1.00,1.000,—,0.000
solo-crit,naked,35,6,pack,180,200,0.000,0.000,1.000,—,—,1.00,1.000,—,0.000
solo-crit,naked,35,6,pack,300,200,0.000,0.000,1.000,—,—,1.00,1.000,—,0.000
solo-crit,naked,35,6,boss,180,200,0.000,0.000,1.000,—,—,1.00,1.000,—,0.000
solo-crit,naked,35,6,boss,300,200,0.000,0.000,1.000,—,—,1.00,1.000,—,0.000
solo-crit,naked,35,7,solo,180,200,0.000,0.000,1.000,—,—,1.00,1.000,—,0.000
solo-crit,naked,35,7,solo,300,200,0.000,0.000,1.000,—,—,1.00,1.000,—,0.000
solo-crit,naked,35,7,pack,180,200,0.000,0.000,1.000,—,—,1.00,1.000,—,0.000
solo-crit,naked,35,7,pack,300,200,0.000,0.000,1.000,—,—,1.00,1.000,—,0.000
solo-crit,naked,35,7,boss,180,200,0.000,0.000,1.000,—,—,1.00,1.000,—,0.000
solo-crit,naked,35,7,boss,300,200,0.000,0.000,1.000,—,—,1.00,1.000,—,0.000
solo-crit,naked,35,8,solo,180,200,0.000,0.000,1.000,—,—,1.00,1.000,—,0.000
solo-crit,naked,35,8,solo,300,200,0.000,0.000,1.000,—,—,1.00,1.000,—,0.000
solo-crit,naked,35,8,pack,180,200,0.000,0.000,1.000,—,—,1.00,1.000,—,0.000
solo-crit,naked,35,8,pack,300,200,0.000,0.000,1.000,—,—,1.00,1.000,—,0.000
solo-crit,naked,35,8,boss,180,200,0.000,0.000,1.000,—,—,1.00,1.000,—,0.000
solo-crit,naked,35,8,boss,300,200,0.000,0.000,1.000,—,—,1.00,1.000,—,0.000
solo-crit,naked,50,1,solo,180,200,1.000,0.000,0.000,1.000,0.0,0.00,0.000,—,1.800
solo-crit,naked,50,1,solo,300,200,1.000,0.000,0.000,1.000,0.0,0.00,0.000,—,1.800
solo-crit,naked,50,1,pack,180,200,1.000,0.000,0.000,0.894,1.9,0.00,0.106,—,1.736
solo-crit,naked,50,1,pack,300,200,1.000,0.000,0.000,0.895,1.9,0.00,0.105,—,1.737
solo-crit,naked,50,1,boss,180,200,1.000,0.000,0.000,0.850,3.3,0.00,0.150,—,1.710
solo-crit,naked,50,1,boss,300,200,1.000,0.000,0.000,0.852,3.3,0.00,0.148,—,1.711
solo-crit,naked,50,2,solo,180,200,1.000,0.000,0.000,0.997,0.0,0.00,0.003,—,1.798
solo-crit,naked,50,2,solo,300,200,1.000,0.000,0.000,0.999,0.0,0.00,0.001,—,1.799
solo-crit,naked,50,2,pack,180,200,1.000,0.000,0.000,0.805,2.0,0.00,0.195,—,1.683
solo-crit,naked,50,2,pack,300,200,1.000,0.000,0.000,0.806,2.0,0.00,0.194,—,1.684
solo-crit,naked,50,2,boss,180,200,1.000,0.000,0.000,0.652,5.0,0.00,0.348,—,1.591
solo-crit,naked,50,2,boss,300,200,1.000,0.000,0.000,0.653,4.9,0.00,0.347,—,1.592
solo-crit,naked,50,3,solo,180,200,1.000,0.000,0.000,0.841,0.9,0.00,0.159,—,1.705
solo-crit,naked,50,3,solo,300,200,1.000,0.000,0.000,0.846,0.9,0.00,0.154,—,1.707
solo-crit,naked,50,3,pack,180,200,1.000,0.000,0.000,0.338,4.6,0.00,0.662,—,1.403
solo-crit,naked,50,3,pack,300,200,1.000,0.000,0.000,0.333,4.6,0.00,0.667,—,1.400
solo-crit,naked,50,3,boss,180,200,0.915,0.000,0.085,0.119,7.9,0.09,0.891,—,1.164
solo-crit,naked,50,3,boss,300,200,0.880,0.000,0.120,0.117,7.9,0.12,0.897,—,1.118
solo-crit,naked,50,4,solo,180,200,1.000,0.000,0.000,0.692,2.2,0.00,0.308,—,1.615
solo-crit,naked,50,4,solo,300,200,1.000,0.000,0.000,0.688,2.2,0.00,0.312,—,1.613
solo-crit,naked,50,4,pack,180,200,0.000,0.000,1.000,—,—,1.00,1.000,—,0.000
solo-crit,naked,50,4,pack,300,200,0.000,0.000,1.000,—,—,1.00,1.000,—,0.000
solo-crit,naked,50,4,boss,180,200,0.000,0.000,1.000,—,—,1.00,1.000,—,0.000
solo-crit,naked,50,4,boss,300,200,0.000,0.000,1.000,—,—,1.00,1.000,—,0.000
solo-crit,naked,50,5,solo,180,200,0.045,0.000,0.955,0.291,5.4,0.95,0.987,—,0.062
solo-crit,naked,50,5,solo,300,200,0.070,0.000,0.930,0.254,5.1,0.93,0.982,—,0.095
solo-crit,naked,50,5,pack,180,200,0.000,0.000,1.000,—,—,1.00,1.000,—,0.000
solo-crit,naked,50,5,pack,300,200,0.000,0.000,1.000,—,—,1.00,1.000,—,0.000
solo-crit,naked,50,5,boss,180,200,0.000,0.000,1.000,—,—,1.00,1.000,—,0.000
solo-crit,naked,50,5,boss,300,200,0.000,0.000,1.000,—,—,1.00,1.000,—,0.000
solo-crit,naked,50,6,solo,180,200,0.000,0.000,1.000,—,—,1.00,1.000,—,0.000
solo-crit,naked,50,6,solo,300,200,0.000,0.000,1.000,—,—,1.00,1.000,—,0.000
solo-crit,naked,50,6,pack,180,200,0.000,0.000,1.000,—,—,1.00,1.000,—,0.000
solo-crit,naked,50,6,pack,300,200,0.000,0.000,1.000,—,—,1.00,1.000,—,0.000
solo-crit,naked,50,6,boss,180,200,0.000,0.000,1.000,—,—,1.00,1.000,—,0.000
solo-crit,naked,50,6,boss,300,200,0.000,0.000,1.000,—,—,1.00,1.000,—,0.000
solo-crit,naked,50,7,solo,180,200,0.000,0.000,1.000,—,—,1.00,1.000,—,0.000
solo-crit,naked,50,7,solo,300,200,0.000,0.000,1.000,—,—,1.00,1.000,—,0.000
solo-crit,naked,50,7,pack,180,200,0.000,0.000,1.000,—,—,1.00,1.000,—,0.000
solo-crit,naked,50,7,pack,300,200,0.000,0.000,1.000,—,—,1.00,1.000,—,0.000
solo-crit,naked,50,7,boss,180,200,0.000,0.000,1.000,—,—,1.00,1.000,—,0.000
solo-crit,naked,50,7,boss,300,200,0.000,0.000,1.000,—,—,1.00,1.000,—,0.000
solo-crit,naked,50,8,solo,180,200,0.000,0.000,1.000,—,—,1.00,1.000,—,0.000
solo-crit,naked,50,8,solo,300,200,0.000,0.000,1.000,—,—,1.00,1.000,—,0.000
solo-crit,naked,50,8,pack,180,200,0.000,0.000,1.000,—,—,1.00,1.000,—,0.000
solo-crit,naked,50,8,pack,300,200,0.000,0.000,1.000,—,—,1.00,1.000,—,0.000
solo-crit,naked,50,8,boss,180,200,0.000,0.000,1.000,—,—,1.00,1.000,—,0.000
solo-crit,naked,50,8,boss,300,200,0.000,0.000,1.000,—,—,1.00,1.000,—,0.000
solo-crit,geared,1,1,solo,180,200,1.000,0.000,0.000,0.730,5.7,0.00,0.270,—,1.371
solo-crit,geared,1,1,solo,300,200,1.000,0.000,0.000,0.733,5.7,0.00,0.267,—,1.372
solo-crit,geared,1,1,pack,180,200,0.000,0.000,1.000,—,—,1.00,1.000,—,0.000
solo-crit,geared,1,1,pack,300,200,0.000,0.000,1.000,—,—,1.00,1.000,—,0.000
solo-crit,geared,1,1,boss,180,200,0.000,0.000,1.000,—,—,1.00,1.000,—,0.000
solo-crit,geared,1,1,boss,300,200,0.000,0.000,1.000,—,—,1.00,1.000,—,0.000
solo-crit,geared,1,2,solo,180,200,0.475,0.000,0.525,0.135,10.5,0.53,0.936,—,0.509
solo-crit,geared,1,2,solo,300,200,0.430,0.000,0.570,0.143,10.4,0.57,0.939,—,0.463
solo-crit,geared,1,2,pack,180,200,0.000,0.000,1.000,—,—,1.00,1.000,—,0.000
solo-crit,geared,1,2,pack,300,200,0.000,0.000,1.000,—,—,1.00,1.000,—,0.000
solo-crit,geared,1,2,boss,180,200,0.000,0.000,1.000,—,—,1.00,1.000,—,0.000
solo-crit,geared,1,2,boss,300,200,0.000,0.000,1.000,—,—,1.00,1.000,—,0.000
solo-crit,geared,1,3,solo,180,200,0.000,0.000,1.000,—,—,1.00,1.000,—,0.000
solo-crit,geared,1,3,solo,300,200,0.000,0.000,1.000,—,—,1.00,1.000,—,0.000
solo-crit,geared,1,3,pack,180,200,0.000,0.000,1.000,—,—,1.00,1.000,—,0.000
solo-crit,geared,1,3,pack,300,200,0.000,0.000,1.000,—,—,1.00,1.000,—,0.000
solo-crit,geared,1,3,boss,180,200,0.000,0.000,1.000,—,—,1.00,1.000,—,0.000
solo-crit,geared,1,3,boss,300,200,0.000,0.000,1.000,—,—,1.00,1.000,—,0.000
solo-crit,geared,1,4,solo,180,200,0.000,0.000,1.000,—,—,1.00,1.000,—,0.000
solo-crit,geared,1,4,solo,300,200,0.000,0.000,1.000,—,—,1.00,1.000,—,0.000
solo-crit,geared,1,4,pack,180,200,0.000,0.000,1.000,—,—,1.00,1.000,—,0.000
solo-crit,geared,1,4,pack,300,200,0.000,0.000,1.000,—,—,1.00,1.000,—,0.000
solo-crit,geared,1,4,boss,180,200,0.000,0.000,1.000,—,—,1.00,1.000,—,0.000
solo-crit,geared,1,4,boss,300,200,0.000,0.000,1.000,—,—,1.00,1.000,—,0.000
solo-crit,geared,1,5,solo,180,200,0.000,0.000,1.000,—,—,1.00,1.000,—,0.000
solo-crit,geared,1,5,solo,300,200,0.000,0.000,1.000,—,—,1.00,1.000,—,0.000
solo-crit,geared,1,5,pack,180,200,0.000,0.000,1.000,—,—,1.00,1.000,—,0.000
solo-crit,geared,1,5,pack,300,200,0.000,0.000,1.000,—,—,1.00,1.000,—,0.000
solo-crit,geared,1,5,boss,180,200,0.000,0.000,1.000,—,—,1.00,1.000,—,0.000
solo-crit,geared,1,5,boss,300,200,0.000,0.000,1.000,—,—,1.00,1.000,—,0.000
solo-crit,geared,1,6,solo,180,200,0.000,0.000,1.000,—,—,1.00,1.000,—,0.000
solo-crit,geared,1,6,solo,300,200,0.000,0.000,1.000,—,—,1.00,1.000,—,0.000
solo-crit,geared,1,6,pack,180,200,0.000,0.000,1.000,—,—,1.00,1.000,—,0.000
solo-crit,geared,1,6,pack,300,200,0.000,0.000,1.000,—,—,1.00,1.000,—,0.000
solo-crit,geared,1,6,boss,180,200,0.000,0.000,1.000,—,—,1.00,1.000,—,0.000
solo-crit,geared,1,6,boss,300,200,0.000,0.000,1.000,—,—,1.00,1.000,—,0.000
solo-crit,geared,1,7,solo,180,200,0.000,0.000,1.000,—,—,1.00,1.000,—,0.000
solo-crit,geared,1,7,solo,300,200,0.000,0.000,1.000,—,—,1.00,1.000,—,0.000
solo-crit,geared,1,7,pack,180,200,0.000,0.000,1.000,—,—,1.00,1.000,—,0.000
solo-crit,geared,1,7,pack,300,200,0.000,0.000,1.000,—,—,1.00,1.000,—,0.000
solo-crit,geared,1,7,boss,180,200,0.000,0.000,1.000,—,—,1.00,1.000,—,0.000
solo-crit,geared,1,7,boss,300,200,0.000,0.000,1.000,—,—,1.00,1.000,—,0.000
solo-crit,geared,1,8,solo,180,200,0.000,0.000,1.000,—,—,1.00,1.000,—,0.000
solo-crit,geared,1,8,solo,300,200,0.000,0.000,1.000,—,—,1.00,1.000,—,0.000
solo-crit,geared,1,8,pack,180,200,0.000,0.000,1.000,—,—,1.00,1.000,—,0.000
solo-crit,geared,1,8,pack,300,200,0.000,0.000,1.000,—,—,1.00,1.000,—,0.000
solo-crit,geared,1,8,boss,180,200,0.000,0.000,1.000,—,—,1.00,1.000,—,0.000
solo-crit,geared,1,8,boss,300,200,0.000,0.000,1.000,—,—,1.00,1.000,—,0.000
solo-crit,geared,5,1,solo,180,200,1.000,0.000,0.000,0.888,2.0,0.00,0.112,—,1.473
solo-crit,geared,5,1,solo,300,200,1.000,0.000,0.000,0.893,2.0,0.00,0.107,—,1.476
solo-crit,geared,5,1,pack,180,200,0.965,0.000,0.035,0.273,9.7,0.04,0.737,—,1.119
solo-crit,geared,5,1,pack,300,200,0.995,0.000,0.005,0.281,9.9,0.01,0.720,—,1.157
solo-crit,geared,5,1,boss,180,200,0.300,0.000,0.700,0.088,16.9,0.70,0.974,—,0.319
solo-crit,geared,5,1,boss,300,200,0.270,0.000,0.730,0.105,16.8,0.73,0.972,—,0.290
solo-crit,geared,5,2,solo,180,200,1.000,0.000,0.000,0.631,4.9,0.00,0.369,—,1.342
solo-crit,geared,5,2,solo,300,200,1.000,0.000,0.000,0.624,5.0,0.00,0.376,—,1.338
solo-crit,geared,5,2,pack,180,200,0.000,0.000,1.000,—,—,1.00,1.000,—,0.000
solo-crit,geared,5,2,pack,300,200,0.000,0.000,1.000,—,—,1.00,1.000,—,0.000
solo-crit,geared,5,2,boss,180,200,0.000,0.000,1.000,—,—,1.00,1.000,—,0.000
solo-crit,geared,5,2,boss,300,200,0.000,0.000,1.000,—,—,1.00,1.000,—,0.000
solo-crit,geared,5,3,solo,180,200,0.080,0.000,0.920,0.068,9.8,0.92,0.995,—,0.084
solo-crit,geared,5,3,solo,300,200,0.060,0.000,0.940,0.053,8.7,0.94,0.997,—,0.063
solo-crit,geared,5,3,pack,180,200,0.000,0.000,1.000,—,—,1.00,1.000,—,0.000
solo-crit,geared,5,3,pack,300,200,0.000,0.000,1.000,—,—,1.00,1.000,—,0.000
solo-crit,geared,5,3,boss,180,200,0.000,0.000,1.000,—,—,1.00,1.000,—,0.000
solo-crit,geared,5,3,boss,300,200,0.000,0.000,1.000,—,—,1.00,1.000,—,0.000
solo-crit,geared,5,4,solo,180,200,0.000,0.000,1.000,—,—,1.00,1.000,—,0.000
solo-crit,geared,5,4,solo,300,200,0.000,0.000,1.000,—,—,1.00,1.000,—,0.000
solo-crit,geared,5,4,pack,180,200,0.000,0.000,1.000,—,—,1.00,1.000,—,0.000
solo-crit,geared,5,4,pack,300,200,0.000,0.000,1.000,—,—,1.00,1.000,—,0.000
solo-crit,geared,5,4,boss,180,200,0.000,0.000,1.000,—,—,1.00,1.000,—,0.000
solo-crit,geared,5,4,boss,300,200,0.000,0.000,1.000,—,—,1.00,1.000,—,0.000
solo-crit,geared,5,5,solo,180,200,0.000,0.000,1.000,—,—,1.00,1.000,—,0.000
solo-crit,geared,5,5,solo,300,200,0.000,0.000,1.000,—,—,1.00,1.000,—,0.000
solo-crit,geared,5,5,pack,180,200,0.000,0.000,1.000,—,—,1.00,1.000,—,0.000
solo-crit,geared,5,5,pack,300,200,0.000,0.000,1.000,—,—,1.00,1.000,—,0.000
solo-crit,geared,5,5,boss,180,200,0.000,0.000,1.000,—,—,1.00,1.000,—,0.000
solo-crit,geared,5,5,boss,300,200,0.000,0.000,1.000,—,—,1.00,1.000,—,0.000
solo-crit,geared,5,6,solo,180,200,0.000,0.000,1.000,—,—,1.00,1.000,—,0.000
solo-crit,geared,5,6,solo,300,200,0.000,0.000,1.000,—,—,1.00,1.000,—,0.000
solo-crit,geared,5,6,pack,180,200,0.000,0.000,1.000,—,—,1.00,1.000,—,0.000
solo-crit,geared,5,6,pack,300,200,0.000,0.000,1.000,—,—,1.00,1.000,—,0.000
solo-crit,geared,5,6,boss,180,200,0.000,0.000,1.000,—,—,1.00,1.000,—,0.000
solo-crit,geared,5,6,boss,300,200,0.000,0.000,1.000,—,—,1.00,1.000,—,0.000
solo-crit,geared,5,7,solo,180,200,0.000,0.000,1.000,—,—,1.00,1.000,—,0.000
solo-crit,geared,5,7,solo,300,200,0.000,0.000,1.000,—,—,1.00,1.000,—,0.000
solo-crit,geared,5,7,pack,180,200,0.000,0.000,1.000,—,—,1.00,1.000,—,0.000
solo-crit,geared,5,7,pack,300,200,0.000,0.000,1.000,—,—,1.00,1.000,—,0.000
solo-crit,geared,5,7,boss,180,200,0.000,0.000,1.000,—,—,1.00,1.000,—,0.000
solo-crit,geared,5,7,boss,300,200,0.000,0.000,1.000,—,—,1.00,1.000,—,0.000
solo-crit,geared,5,8,solo,180,200,0.000,0.000,1.000,—,—,1.00,1.000,—,0.000
solo-crit,geared,5,8,solo,300,200,0.000,0.000,1.000,—,—,1.00,1.000,—,0.000
solo-crit,geared,5,8,pack,180,200,0.000,0.000,1.000,—,—,1.00,1.000,—,0.000
solo-crit,geared,5,8,pack,300,200,0.000,0.000,1.000,—,—,1.00,1.000,—,0.000
solo-crit,geared,5,8,boss,180,200,0.000,0.000,1.000,—,—,1.00,1.000,—,0.000
solo-crit,geared,5,8,boss,300,200,0.000,0.000,1.000,—,—,1.00,1.000,—,0.000
solo-crit,geared,10,1,solo,180,200,1.000,0.000,0.000,0.932,1.2,0.00,0.068,—,1.525
solo-crit,geared,10,1,solo,300,200,1.000,0.000,0.000,0.930,1.2,0.00,0.070,—,1.524
solo-crit,geared,10,1,pack,180,200,1.000,0.000,0.000,0.564,6.7,0.00,0.436,—,1.333
solo-crit,geared,10,1,pack,300,200,1.000,0.000,0.000,0.566,6.6,0.00,0.434,—,1.335
solo-crit,geared,10,1,boss,180,200,1.000,0.000,0.000,0.447,10.7,0.00,0.553,—,1.272
solo-crit,geared,10,1,boss,300,200,1.000,0.000,0.000,0.449,10.6,0.00,0.551,—,1.273
solo-crit,geared,10,2,solo,180,200,1.000,0.000,0.000,0.843,2.5,0.00,0.157,—,1.478
solo-crit,geared,10,2,solo,300,200,1.000,0.000,0.000,0.846,2.4,0.00,0.154,—,1.480
solo-crit,geared,10,2,pack,180,200,0.230,0.000,0.770,0.068,8.6,0.77,0.984,—,0.247
solo-crit,geared,10,2,pack,300,200,0.270,0.000,0.730,0.087,9.0,0.73,0.977,—,0.293
solo-crit,geared,10,2,boss,180,200,0.005,0.000,0.995,0.027,14.8,0.99,1.000,—,0.005
solo-crit,geared,10,2,boss,300,200,0.015,0.000,0.985,0.090,15.3,0.98,0.999,—,0.016
solo-crit,geared,10,3,solo,180,200,1.000,0.000,0.000,0.445,5.2,0.00,0.555,—,1.271
solo-crit,geared,10,3,solo,300,200,1.000,0.000,0.000,0.445,5.2,0.00,0.555,—,1.271
solo-crit,geared,10,3,pack,180,200,0.000,0.000,1.000,—,—,1.00,1.000,—,0.000
solo-crit,geared,10,3,pack,300,200,0.000,0.000,1.000,—,—,1.00,1.000,—,0.000
solo-crit,geared,10,3,boss,180,200,0.000,0.000,1.000,—,—,1.00,1.000,—,0.000
solo-crit,geared,10,3,boss,300,200,0.000,0.000,1.000,—,—,1.00,1.000,—,0.000
solo-crit,geared,10,4,solo,180,200,0.005,0.000,0.995,0.073,8.9,0.99,1.000,—,0.005
solo-crit,geared,10,4,solo,300,200,0.015,0.000,0.985,0.043,9.9,0.98,0.999,—,0.016
solo-crit,geared,10,4,pack,180,200,0.000,0.000,1.000,—,—,1.00,1.000,—,0.000
solo-crit,geared,10,4,pack,300,200,0.000,0.000,1.000,—,—,1.00,1.000,—,0.000
solo-crit,geared,10,4,boss,180,200,0.000,0.000,1.000,—,—,1.00,1.000,—,0.000
solo-crit,geared,10,4,boss,300,200,0.000,0.000,1.000,—,—,1.00,1.000,—,0.000
solo-crit,geared,10,5,solo,180,200,0.000,0.000,1.000,—,—,1.00,1.000,—,0.000
solo-crit,geared,10,5,solo,300,200,0.000,0.000,1.000,—,—,1.00,1.000,—,0.000
solo-crit,geared,10,5,pack,180,200,0.000,0.000,1.000,—,—,1.00,1.000,—,0.000
solo-crit,geared,10,5,pack,300,200,0.000,0.000,1.000,—,—,1.00,1.000,—,0.000
solo-crit,geared,10,5,boss,180,200,0.000,0.000,1.000,—,—,1.00,1.000,—,0.000
solo-crit,geared,10,5,boss,300,200,0.000,0.000,1.000,—,—,1.00,1.000,—,0.000
solo-crit,geared,10,6,solo,180,200,0.000,0.000,1.000,—,—,1.00,1.000,—,0.000
solo-crit,geared,10,6,solo,300,200,0.000,0.000,1.000,—,—,1.00,1.000,—,0.000
solo-crit,geared,10,6,pack,180,200,0.000,0.000,1.000,—,—,1.00,1.000,—,0.000
solo-crit,geared,10,6,pack,300,200,0.000,0.000,1.000,—,—,1.00,1.000,—,0.000
solo-crit,geared,10,6,boss,180,200,0.000,0.000,1.000,—,—,1.00,1.000,—,0.000
solo-crit,geared,10,6,boss,300,200,0.000,0.000,1.000,—,—,1.00,1.000,—,0.000
solo-crit,geared,10,7,solo,180,200,0.000,0.000,1.000,—,—,1.00,1.000,—,0.000
solo-crit,geared,10,7,solo,300,200,0.000,0.000,1.000,—,—,1.00,1.000,—,0.000
solo-crit,geared,10,7,pack,180,200,0.000,0.000,1.000,—,—,1.00,1.000,—,0.000
solo-crit,geared,10,7,pack,300,200,0.000,0.000,1.000,—,—,1.00,1.000,—,0.000
solo-crit,geared,10,7,boss,180,200,0.000,0.000,1.000,—,—,1.00,1.000,—,0.000
solo-crit,geared,10,7,boss,300,200,0.000,0.000,1.000,—,—,1.00,1.000,—,0.000
solo-crit,geared,10,8,solo,180,200,0.000,0.000,1.000,—,—,1.00,1.000,—,0.000
solo-crit,geared,10,8,solo,300,200,0.000,0.000,1.000,—,—,1.00,1.000,—,0.000
solo-crit,geared,10,8,pack,180,200,0.000,0.000,1.000,—,—,1.00,1.000,—,0.000
solo-crit,geared,10,8,pack,300,200,0.000,0.000,1.000,—,—,1.00,1.000,—,0.000
solo-crit,geared,10,8,boss,180,200,0.000,0.000,1.000,—,—,1.00,1.000,—,0.000
solo-crit,geared,10,8,boss,300,200,0.000,0.000,1.000,—,—,1.00,1.000,—,0.000
solo-crit,geared,20,1,solo,180,200,1.000,0.000,0.000,1.000,0.0,0.00,0.000,—,1.620
solo-crit,geared,20,1,solo,300,200,1.000,0.000,0.000,1.000,0.0,0.00,0.000,—,1.620
solo-crit,geared,20,1,pack,180,200,1.000,0.000,0.000,0.869,2.4,0.00,0.131,—,1.550
solo-crit,geared,20,1,pack,300,200,1.000,0.000,0.000,0.869,2.4,0.00,0.131,—,1.549
solo-crit,geared,20,1,boss,180,200,1.000,0.000,0.000,0.755,5.8,0.00,0.245,—,1.488
solo-crit,geared,20,1,boss,300,200,1.000,0.000,0.000,0.755,5.7,0.00,0.245,—,1.488
solo-crit,geared,20,2,solo,180,200,1.000,0.000,0.000,0.901,1.0,0.00,0.099,—,1.567
solo-crit,geared,20,2,solo,300,200,1.000,0.000,0.000,0.900,1.0,0.00,0.100,—,1.566
solo-crit,geared,20,2,pack,180,200,1.000,0.000,0.000,0.477,5.3,0.00,0.523,—,1.338
solo-crit,geared,20,2,pack,300,200,1.000,0.000,0.000,0.477,5.2,0.00,0.523,—,1.337
solo-crit,geared,20,2,boss,180,200,1.000,0.000,0.000,0.292,9.2,0.00,0.708,—,1.238
solo-crit,geared,20,2,boss,300,200,1.000,0.000,0.000,0.301,9.1,0.00,0.699,—,1.242
solo-crit,geared,20,3,solo,180,200,1.000,0.000,0.000,0.783,2.2,0.00,0.217,—,1.503
solo-crit,geared,20,3,solo,300,200,1.000,0.000,0.000,0.780,2.2,0.00,0.220,—,1.501
solo-crit,geared,20,3,pack,180,200,0.000,0.000,1.000,—,—,1.00,1.000,—,0.000
solo-crit,geared,20,3,pack,300,200,0.000,0.000,1.000,—,—,1.00,1.000,—,0.000
solo-crit,geared,20,3,boss,180,200,0.005,0.000,0.995,0.004,14.3,0.99,1.000,—,0.005
solo-crit,geared,20,3,boss,300,200,0.000,0.000,1.000,—,—,1.00,1.000,—,0.000
solo-crit,geared,20,4,solo,180,200,1.000,0.000,0.000,0.241,5.0,0.00,0.759,—,1.210
solo-crit,geared,20,4,solo,300,200,0.985,0.000,0.015,0.232,5.1,0.01,0.772,—,1.187
solo-crit,geared,20,4,pack,180,200,0.000,0.000,1.000,—,—,1.00,1.000,—,0.000
solo-crit,geared,20,4,pack,300,200,0.000,0.000,1.000,—,—,1.00,1.000,—,0.000
solo-crit,geared,20,4,boss,180,200,0.000,0.000,1.000,—,—,1.00,1.000,—,0.000
solo-crit,geared,20,4,boss,300,200,0.000,0.000,1.000,—,—,1.00,1.000,—,0.000
solo-crit,geared,20,5,solo,180,200,0.000,0.000,1.000,—,—,1.00,1.000,—,0.000
solo-crit,geared,20,5,solo,300,200,0.000,0.000,1.000,—,—,1.00,1.000,—,0.000
solo-crit,geared,20,5,pack,180,200,0.000,0.000,1.000,—,—,1.00,1.000,—,0.000
solo-crit,geared,20,5,pack,300,200,0.000,0.000,1.000,—,—,1.00,1.000,—,0.000
solo-crit,geared,20,5,boss,180,200,0.000,0.000,1.000,—,—,1.00,1.000,—,0.000
solo-crit,geared,20,5,boss,300,200,0.000,0.000,1.000,—,—,1.00,1.000,—,0.000
solo-crit,geared,20,6,solo,180,200,0.000,0.000,1.000,—,—,1.00,1.000,—,0.000
solo-crit,geared,20,6,solo,300,200,0.000,0.000,1.000,—,—,1.00,1.000,—,0.000
solo-crit,geared,20,6,pack,180,200,0.000,0.000,1.000,—,—,1.00,1.000,—,0.000
solo-crit,geared,20,6,pack,300,200,0.000,0.000,1.000,—,—,1.00,1.000,—,0.000
solo-crit,geared,20,6,boss,180,200,0.000,0.000,1.000,—,—,1.00,1.000,—,0.000
solo-crit,geared,20,6,boss,300,200,0.000,0.000,1.000,—,—,1.00,1.000,—,0.000
solo-crit,geared,20,7,solo,180,200,0.000,0.000,1.000,—,—,1.00,1.000,—,0.000
solo-crit,geared,20,7,solo,300,200,0.000,0.000,1.000,—,—,1.00,1.000,—,0.000
solo-crit,geared,20,7,pack,180,200,0.000,0.000,1.000,—,—,1.00,1.000,—,0.000
solo-crit,geared,20,7,pack,300,200,0.000,0.000,1.000,—,—,1.00,1.000,—,0.000
solo-crit,geared,20,7,boss,180,200,0.000,0.000,1.000,—,—,1.00,1.000,—,0.000
solo-crit,geared,20,7,boss,300,200,0.000,0.000,1.000,—,—,1.00,1.000,—,0.000
solo-crit,geared,20,8,solo,180,200,0.000,0.000,1.000,—,—,1.00,1.000,—,0.000
solo-crit,geared,20,8,solo,300,200,0.000,0.000,1.000,—,—,1.00,1.000,—,0.000
solo-crit,geared,20,8,pack,180,200,0.000,0.000,1.000,—,—,1.00,1.000,—,0.000
solo-crit,geared,20,8,pack,300,200,0.000,0.000,1.000,—,—,1.00,1.000,—,0.000
solo-crit,geared,20,8,boss,180,200,0.000,0.000,1.000,—,—,1.00,1.000,—,0.000
solo-crit,geared,20,8,boss,300,200,0.000,0.000,1.000,—,—,1.00,1.000,—,0.000
solo-crit,geared,35,1,solo,180,200,1.000,0.000,0.000,1.000,0.0,0.00,0.000,—,1.710
solo-crit,geared,35,1,solo,300,200,1.000,0.000,0.000,1.000,0.0,0.00,0.000,—,1.710
solo-crit,geared,35,1,pack,180,200,1.000,0.000,0.000,0.904,2.1,0.00,0.096,—,1.655
solo-crit,geared,35,1,pack,300,200,1.000,0.000,0.000,0.903,2.1,0.00,0.097,—,1.655
solo-crit,geared,35,1,boss,180,200,1.000,0.000,0.000,0.822,3.6,0.00,0.178,—,1.608
solo-crit,geared,35,1,boss,300,200,1.000,0.000,0.000,0.823,3.6,0.00,0.177,—,1.609
solo-crit,geared,35,2,solo,180,200,1.000,0.000,0.000,0.996,0.0,0.00,0.004,—,1.708
solo-crit,geared,35,2,solo,300,200,1.000,0.000,0.000,0.997,0.0,0.00,0.003,—,1.708
solo-crit,geared,35,2,pack,180,200,1.000,0.000,0.000,0.814,2.2,0.00,0.186,—,1.604
solo-crit,geared,35,2,pack,300,200,1.000,0.000,0.000,0.813,2.2,0.00,0.187,—,1.603
solo-crit,geared,35,2,boss,180,200,1.000,0.000,0.000,0.648,5.3,0.00,0.352,—,1.509
solo-crit,geared,35,2,boss,300,200,1.000,0.000,0.000,0.645,5.4,0.00,0.355,—,1.508
solo-crit,geared,35,3,solo,180,200,1.000,0.000,0.000,0.848,1.0,0.00,0.152,—,1.623
solo-crit,geared,35,3,solo,300,200,1.000,0.000,0.000,0.853,1.0,0.00,0.147,—,1.626
solo-crit,geared,35,3,pack,180,200,1.000,0.000,0.000,0.247,5.0,0.00,0.753,—,1.281
solo-crit,geared,35,3,pack,300,200,1.000,0.000,0.000,0.232,5.0,0.00,0.768,—,1.272
solo-crit,geared,35,3,boss,180,200,0.645,0.000,0.355,0.159,8.4,0.35,0.898,—,0.794
solo-crit,geared,35,3,boss,300,200,0.585,0.000,0.415,0.156,8.4,0.41,0.909,—,0.719
solo-crit,geared,35,4,solo,180,200,1.000,0.000,0.000,0.595,2.5,0.00,0.405,—,1.479
solo-crit,geared,35,4,solo,300,200,1.000,0.000,0.000,0.610,2.4,0.00,0.390,—,1.487
solo-crit,geared,35,4,pack,180,200,0.000,0.000,1.000,—,—,1.00,1.000,—,0.000
solo-crit,geared,35,4,pack,300,200,0.000,0.000,1.000,—,—,1.00,1.000,—,0.000
solo-crit,geared,35,4,boss,180,200,0.000,0.000,1.000,—,—,1.00,1.000,—,0.000
solo-crit,geared,35,4,boss,300,200,0.000,0.000,1.000,—,—,1.00,1.000,—,0.000
solo-crit,geared,35,5,solo,180,200,0.215,0.000,0.785,0.090,4.9,0.79,0.981,—,0.256
solo-crit,geared,35,5,solo,300,200,0.230,0.000,0.770,0.115,5.2,0.77,0.973,—,0.277
solo-crit,geared,35,5,pack,180,200,0.000,0.000,1.000,—,—,1.00,1.000,—,0.000
solo-crit,geared,35,5,pack,300,200,0.000,0.000,1.000,—,—,1.00,1.000,—,0.000
solo-crit,geared,35,5,boss,180,200,0.000,0.000,1.000,—,—,1.00,1.000,—,0.000
solo-crit,geared,35,5,boss,300,200,0.000,0.000,1.000,—,—,1.00,1.000,—,0.000
solo-crit,geared,35,6,solo,180,200,0.000,0.000,1.000,—,—,1.00,1.000,—,0.000
solo-crit,geared,35,6,solo,300,200,0.000,0.000,1.000,—,—,1.00,1.000,—,0.000
solo-crit,geared,35,6,pack,180,200,0.000,0.000,1.000,—,—,1.00,1.000,—,0.000
solo-crit,geared,35,6,pack,300,200,0.000,0.000,1.000,—,—,1.00,1.000,—,0.000
solo-crit,geared,35,6,boss,180,200,0.000,0.000,1.000,—,—,1.00,1.000,—,0.000
solo-crit,geared,35,6,boss,300,200,0.000,0.000,1.000,—,—,1.00,1.000,—,0.000
solo-crit,geared,35,7,solo,180,200,0.000,0.000,1.000,—,—,1.00,1.000,—,0.000
solo-crit,geared,35,7,solo,300,200,0.000,0.000,1.000,—,—,1.00,1.000,—,0.000
solo-crit,geared,35,7,pack,180,200,0.000,0.000,1.000,—,—,1.00,1.000,—,0.000
solo-crit,geared,35,7,pack,300,200,0.000,0.000,1.000,—,—,1.00,1.000,—,0.000
solo-crit,geared,35,7,boss,180,200,0.000,0.000,1.000,—,—,1.00,1.000,—,0.000
solo-crit,geared,35,7,boss,300,200,0.000,0.000,1.000,—,—,1.00,1.000,—,0.000
solo-crit,geared,35,8,solo,180,200,0.000,0.000,1.000,—,—,1.00,1.000,—,0.000
solo-crit,geared,35,8,solo,300,200,0.000,0.000,1.000,—,—,1.00,1.000,—,0.000
solo-crit,geared,35,8,pack,180,200,0.000,0.000,1.000,—,—,1.00,1.000,—,0.000
solo-crit,geared,35,8,pack,300,200,0.000,0.000,1.000,—,—,1.00,1.000,—,0.000
solo-crit,geared,35,8,boss,180,200,0.000,0.000,1.000,—,—,1.00,1.000,—,0.000
solo-crit,geared,35,8,boss,300,200,0.000,0.000,1.000,—,—,1.00,1.000,—,0.000
solo-crit,geared,50,1,solo,180,200,1.000,0.000,0.000,1.000,0.0,0.00,0.000,—,1.800
solo-crit,geared,50,1,solo,300,200,1.000,0.000,0.000,1.000,0.0,0.00,0.000,—,1.800
solo-crit,geared,50,1,pack,180,200,1.000,0.000,0.000,0.923,1.9,0.00,0.077,—,1.754
solo-crit,geared,50,1,pack,300,200,1.000,0.000,0.000,0.924,1.9,0.00,0.076,—,1.754
solo-crit,geared,50,1,boss,180,200,1.000,0.000,0.000,0.917,2.8,0.00,0.083,—,1.750
solo-crit,geared,50,1,boss,300,200,1.000,0.000,0.000,0.917,2.8,0.00,0.083,—,1.750
solo-crit,geared,50,2,solo,180,200,1.000,0.000,0.000,1.000,0.0,0.00,0.000,—,1.800
solo-crit,geared,50,2,solo,300,200,1.000,0.000,0.000,1.000,0.0,0.00,0.000,—,1.800
solo-crit,geared,50,2,pack,180,200,1.000,0.000,0.000,0.860,1.9,0.00,0.140,—,1.716
solo-crit,geared,50,2,pack,300,200,1.000,0.000,0.000,0.859,1.9,0.00,0.141,—,1.716
solo-crit,geared,50,2,boss,180,200,1.000,0.000,0.000,0.754,3.9,0.00,0.246,—,1.652
solo-crit,geared,50,2,boss,300,200,1.000,0.000,0.000,0.752,3.9,0.00,0.248,—,1.651
solo-crit,geared,50,3,solo,180,200,1.000,0.000,0.000,0.934,0.5,0.00,0.066,—,1.760
solo-crit,geared,50,3,solo,300,200,1.000,0.000,0.000,0.934,0.5,0.00,0.066,—,1.760
solo-crit,geared,50,3,pack,180,200,1.000,0.000,0.000,0.609,3.5,0.00,0.391,—,1.565
solo-crit,geared,50,3,pack,300,200,1.000,0.000,0.000,0.602,3.6,0.00,0.398,—,1.561
solo-crit,geared,50,3,boss,180,200,1.000,0.000,0.000,0.460,6.1,0.00,0.540,—,1.476
solo-crit,geared,50,3,boss,300,200,1.000,0.000,0.000,0.449,6.2,0.00,0.551,—,1.469
solo-crit,geared,50,4,solo,180,200,1.000,0.000,0.000,0.776,1.3,0.00,0.224,—,1.666
solo-crit,geared,50,4,solo,300,200,1.000,0.000,0.000,0.773,1.4,0.00,0.227,—,1.664
solo-crit,geared,50,4,pack,180,200,0.405,0.000,0.595,0.092,5.5,0.59,0.963,—,0.508
solo-crit,geared,50,4,pack,300,200,0.430,0.000,0.570,0.118,5.4,0.57,0.949,—,0.546
solo-crit,geared,50,4,boss,180,200,0.005,0.000,0.995,0.085,10.5,0.99,1.000,—,0.006
solo-crit,geared,50,4,boss,300,200,0.010,0.000,0.990,0.188,8.6,0.99,0.998,—,0.013
solo-crit,geared,50,5,solo,180,200,1.000,0.000,0.000,0.330,3.6,0.00,0.670,—,1.398
solo-crit,geared,50,5,solo,300,200,1.000,0.000,0.000,0.338,3.6,0.00,0.662,—,1.403
solo-crit,geared,50,5,pack,180,200,0.000,0.000,1.000,—,—,1.00,1.000,—,0.000
solo-crit,geared,50,5,pack,300,200,0.000,0.000,1.000,—,—,1.00,1.000,—,0.000
solo-crit,geared,50,5,boss,180,200,0.000,0.000,1.000,—,—,1.00,1.000,—,0.000
solo-crit,geared,50,5,boss,300,200,0.000,0.000,1.000,—,—,1.00,1.000,—,0.000
solo-crit,geared,50,6,solo,180,200,0.000,0.000,1.000,—,—,1.00,1.000,—,0.000
solo-crit,geared,50,6,solo,300,200,0.000,0.000,1.000,—,—,1.00,1.000,—,0.000
solo-crit,geared,50,6,pack,180,200,0.000,0.000,1.000,—,—,1.00,1.000,—,0.000
solo-crit,geared,50,6,pack,300,200,0.000,0.000,1.000,—,—,1.00,1.000,—,0.000
solo-crit,geared,50,6,boss,180,200,0.000,0.000,1.000,—,—,1.00,1.000,—,0.000
solo-crit,geared,50,6,boss,300,200,0.000,0.000,1.000,—,—,1.00,1.000,—,0.000
solo-crit,geared,50,7,solo,180,200,0.000,0.000,1.000,—,—,1.00,1.000,—,0.000
solo-crit,geared,50,7,solo,300,200,0.000,0.000,1.000,—,—,1.00,1.000,—,0.000
solo-crit,geared,50,7,pack,180,200,0.000,0.000,1.000,—,—,1.00,1.000,—,0.000
solo-crit,geared,50,7,pack,300,200,0.000,0.000,1.000,—,—,1.00,1.000,—,0.000
solo-crit,geared,50,7,boss,180,200,0.000,0.000,1.000,—,—,1.00,1.000,—,0.000
solo-crit,geared,50,7,boss,300,200,0.000,0.000,1.000,—,—,1.00,1.000,—,0.000
solo-crit,geared,50,8,solo,180,200,0.000,0.000,1.000,—,—,1.00,1.000,—,0.000
solo-crit,geared,50,8,solo,300,200,0.000,0.000,1.000,—,—,1.00,1.000,—,0.000
solo-crit,geared,50,8,pack,180,200,0.000,0.000,1.000,—,—,1.00,1.000,—,0.000
solo-crit,geared,50,8,pack,300,200,0.000,0.000,1.000,—,—,1.00,1.000,—,0.000
solo-crit,geared,50,8,boss,180,200,0.000,0.000,1.000,—,—,1.00,1.000,—,0.000
solo-crit,geared,50,8,boss,300,200,0.000,0.000,1.000,—,—,1.00,1.000,—,0.000
solo-crit,full-build,1,1,solo,180,200,1.000,0.000,0.000,0.881,3.6,0.00,0.119,—,1.446
solo-crit,full-build,1,1,solo,300,200,1.000,0.000,0.000,0.878,3.7,0.00,0.122,—,1.445
solo-crit,full-build,1,1,pack,180,200,0.785,0.000,0.215,0.168,15.3,0.21,0.868,—,0.854
solo-crit,full-build,1,1,pack,300,200,0.750,0.000,0.250,0.172,15.5,0.25,0.871,—,0.818
solo-crit,full-build,1,1,boss,180,200,0.020,0.000,0.980,0.120,24.0,0.98,0.998,—,0.021
solo-crit,full-build,1,1,boss,300,200,0.010,0.000,0.990,0.131,24.0,0.99,0.999,—,0.011
solo-crit,full-build,1,2,solo,180,200,1.000,0.000,0.000,0.533,7.9,0.00,0.467,—,1.272
solo-crit,full-build,1,2,solo,300,200,1.000,0.000,0.000,0.526,7.9,0.00,0.474,—,1.268
solo-crit,full-build,1,2,pack,180,200,0.000,0.000,1.000,—,—,1.00,1.000,—,0.000
solo-crit,full-build,1,2,pack,300,200,0.000,0.000,1.000,—,—,1.00,1.000,—,0.000
solo-crit,full-build,1,2,boss,180,200,0.000,0.000,1.000,—,—,1.00,1.000,—,0.000
solo-crit,full-build,1,2,boss,300,200,0.000,0.000,1.000,—,—,1.00,1.000,—,0.000
solo-crit,full-build,1,3,solo,180,200,0.005,0.000,0.995,0.023,12.6,0.99,1.000,—,0.005
solo-crit,full-build,1,3,solo,300,200,0.015,0.000,0.985,0.190,11.8,0.98,0.997,—,0.016
solo-crit,full-build,1,3,pack,180,200,0.000,0.000,1.000,—,—,1.00,1.000,—,0.000
solo-crit,full-build,1,3,pack,300,200,0.000,0.000,1.000,—,—,1.00,1.000,—,0.000
solo-crit,full-build,1,3,boss,180,200,0.000,0.000,1.000,—,—,1.00,1.000,—,0.000
solo-crit,full-build,1,3,boss,300,200,0.000,0.000,1.000,—,—,1.00,1.000,—,0.000
solo-crit,full-build,1,4,solo,180,200,0.000,0.000,1.000,—,—,1.00,1.000,—,0.000
solo-crit,full-build,1,4,solo,300,200,0.000,0.000,1.000,—,—,1.00,1.000,—,0.000
solo-crit,full-build,1,4,pack,180,200,0.000,0.000,1.000,—,—,1.00,1.000,—,0.000
solo-crit,full-build,1,4,pack,300,200,0.000,0.000,1.000,—,—,1.00,1.000,—,0.000
solo-crit,full-build,1,4,boss,180,200,0.000,0.000,1.000,—,—,1.00,1.000,—,0.000
solo-crit,full-build,1,4,boss,300,200,0.000,0.000,1.000,—,—,1.00,1.000,—,0.000
solo-crit,full-build,1,5,solo,180,200,0.000,0.000,1.000,—,—,1.00,1.000,—,0.000
solo-crit,full-build,1,5,solo,300,200,0.000,0.000,1.000,—,—,1.00,1.000,—,0.000
solo-crit,full-build,1,5,pack,180,200,0.000,0.000,1.000,—,—,1.00,1.000,—,0.000
solo-crit,full-build,1,5,pack,300,200,0.000,0.000,1.000,—,—,1.00,1.000,—,0.000
solo-crit,full-build,1,5,boss,180,200,0.000,0.000,1.000,—,—,1.00,1.000,—,0.000
solo-crit,full-build,1,5,boss,300,200,0.000,0.000,1.000,—,—,1.00,1.000,—,0.000
solo-crit,full-build,1,6,solo,180,200,0.000,0.000,1.000,—,—,1.00,1.000,—,0.000
solo-crit,full-build,1,6,solo,300,200,0.000,0.000,1.000,—,—,1.00,1.000,—,0.000
solo-crit,full-build,1,6,pack,180,200,0.000,0.000,1.000,—,—,1.00,1.000,—,0.000
solo-crit,full-build,1,6,pack,300,200,0.000,0.000,1.000,—,—,1.00,1.000,—,0.000
solo-crit,full-build,1,6,boss,180,200,0.000,0.000,1.000,—,—,1.00,1.000,—,0.000
solo-crit,full-build,1,6,boss,300,200,0.000,0.000,1.000,—,—,1.00,1.000,—,0.000
solo-crit,full-build,1,7,solo,180,200,0.000,0.000,1.000,—,—,1.00,1.000,—,0.000
solo-crit,full-build,1,7,solo,300,200,0.000,0.000,1.000,—,—,1.00,1.000,—,0.000
solo-crit,full-build,1,7,pack,180,200,0.000,0.000,1.000,—,—,1.00,1.000,—,0.000
solo-crit,full-build,1,7,pack,300,200,0.000,0.000,1.000,—,—,1.00,1.000,—,0.000
solo-crit,full-build,1,7,boss,180,200,0.000,0.000,1.000,—,—,1.00,1.000,—,0.000
solo-crit,full-build,1,7,boss,300,200,0.000,0.000,1.000,—,—,1.00,1.000,—,0.000
solo-crit,full-build,1,8,solo,180,200,0.000,0.000,1.000,—,—,1.00,1.000,—,0.000
solo-crit,full-build,1,8,solo,300,200,0.000,0.000,1.000,—,—,1.00,1.000,—,0.000
solo-crit,full-build,1,8,pack,180,200,0.000,0.000,1.000,—,—,1.00,1.000,—,0.000
solo-crit,full-build,1,8,pack,300,200,0.000,0.000,1.000,—,—,1.00,1.000,—,0.000
solo-crit,full-build,1,8,boss,180,200,0.000,0.000,1.000,—,—,1.00,1.000,—,0.000
solo-crit,full-build,1,8,boss,300,200,0.000,0.000,1.000,—,—,1.00,1.000,—,0.000
solo-crit,full-build,5,1,solo,180,200,1.000,0.000,0.000,0.942,1.5,0.00,0.058,—,1.501
solo-crit,full-build,5,1,solo,300,200,1.000,0.000,0.000,0.945,1.5,0.00,0.055,—,1.502
solo-crit,full-build,5,1,pack,180,200,1.000,0.000,0.000,0.555,8.2,0.00,0.445,—,1.303
solo-crit,full-build,5,1,pack,300,200,1.000,0.000,0.000,0.570,8.1,0.00,0.430,—,1.311
solo-crit,full-build,5,1,boss,180,200,1.000,0.000,0.000,0.439,13.5,0.00,0.561,—,1.244
solo-crit,full-build,5,1,boss,300,200,1.000,0.000,0.000,0.431,13.5,0.00,0.569,—,1.240
solo-crit,full-build,5,2,solo,180,200,1.000,0.000,0.000,0.779,3.2,0.00,0.221,—,1.417
solo-crit,full-build,5,2,solo,300,200,1.000,0.000,0.000,0.775,3.2,0.00,0.225,—,1.415
solo-crit,full-build,5,2,pack,180,200,0.110,0.000,0.890,0.087,10.8,0.89,0.990,—,0.117
solo-crit,full-build,5,2,pack,300,200,0.085,0.000,0.915,0.120,11.1,0.92,0.990,—,0.092
solo-crit,full-build,5,2,boss,180,200,0.005,0.000,0.995,0.024,20.2,0.99,1.000,—,0.005
solo-crit,full-build,5,2,boss,300,200,0.000,0.000,1.000,—,—,1.00,1.000,—,0.000
solo-crit,full-build,5,3,solo,180,200,0.990,0.000,0.010,0.405,6.7,0.01,0.599,—,1.214
solo-crit,full-build,5,3,solo,300,200,1.000,0.000,0.000,0.385,6.8,0.00,0.615,—,1.216
solo-crit,full-build,5,3,pack,180,200,0.000,0.000,1.000,—,—,1.00,1.000,—,0.000
solo-crit,full-build,5,3,pack,300,200,0.000,0.000,1.000,—,—,1.00,1.000,—,0.000
solo-crit,full-build,5,3,boss,180,200,0.000,0.000,1.000,—,—,1.00,1.000,—,0.000
solo-crit,full-build,5,3,boss,300,200,0.000,0.000,1.000,—,—,1.00,1.000,—,0.000
solo-crit,full-build,5,4,solo,180,200,0.000,0.000,1.000,—,—,1.00,1.000,—,0.000
solo-crit,full-build,5,4,solo,300,200,0.000,0.000,1.000,—,—,1.00,1.000,—,0.000
solo-crit,full-build,5,4,pack,180,200,0.000,0.000,1.000,—,—,1.00,1.000,—,0.000
solo-crit,full-build,5,4,pack,300,200,0.000,0.000,1.000,—,—,1.00,1.000,—,0.000
solo-crit,full-build,5,4,boss,180,200,0.000,0.000,1.000,—,—,1.00,1.000,—,0.000
solo-crit,full-build,5,4,boss,300,200,0.000,0.000,1.000,—,—,1.00,1.000,—,0.000
solo-crit,full-build,5,5,solo,180,200,0.000,0.000,1.000,—,—,1.00,1.000,—,0.000
solo-crit,full-build,5,5,solo,300,200,0.000,0.000,1.000,—,—,1.00,1.000,—,0.000
solo-crit,full-build,5,5,pack,180,200,0.000,0.000,1.000,—,—,1.00,1.000,—,0.000
solo-crit,full-build,5,5,pack,300,200,0.000,0.000,1.000,—,—,1.00,1.000,—,0.000
solo-crit,full-build,5,5,boss,180,200,0.000,0.000,1.000,—,—,1.00,1.000,—,0.000
solo-crit,full-build,5,5,boss,300,200,0.000,0.000,1.000,—,—,1.00,1.000,—,0.000
solo-crit,full-build,5,6,solo,180,200,0.000,0.000,1.000,—,—,1.00,1.000,—,0.000
solo-crit,full-build,5,6,solo,300,200,0.000,0.000,1.000,—,—,1.00,1.000,—,0.000
solo-crit,full-build,5,6,pack,180,200,0.000,0.000,1.000,—,—,1.00,1.000,—,0.000
solo-crit,full-build,5,6,pack,300,200,0.000,0.000,1.000,—,—,1.00,1.000,—,0.000
solo-crit,full-build,5,6,boss,180,200,0.000,0.000,1.000,—,—,1.00,1.000,—,0.000
solo-crit,full-build,5,6,boss,300,200,0.000,0.000,1.000,—,—,1.00,1.000,—,0.000
solo-crit,full-build,5,7,solo,180,200,0.000,0.000,1.000,—,—,1.00,1.000,—,0.000
solo-crit,full-build,5,7,solo,300,200,0.000,0.000,1.000,—,—,1.00,1.000,—,0.000
solo-crit,full-build,5,7,pack,180,200,0.000,0.000,1.000,—,—,1.00,1.000,—,0.000
solo-crit,full-build,5,7,pack,300,200,0.000,0.000,1.000,—,—,1.00,1.000,—,0.000
solo-crit,full-build,5,7,boss,180,200,0.000,0.000,1.000,—,—,1.00,1.000,—,0.000
solo-crit,full-build,5,7,boss,300,200,0.000,0.000,1.000,—,—,1.00,1.000,—,0.000
solo-crit,full-build,5,8,solo,180,200,0.000,0.000,1.000,—,—,1.00,1.000,—,0.000
solo-crit,full-build,5,8,solo,300,200,0.000,0.000,1.000,—,—,1.00,1.000,—,0.000
solo-crit,full-build,5,8,pack,180,200,0.000,0.000,1.000,—,—,1.00,1.000,—,0.000
solo-crit,full-build,5,8,pack,300,200,0.000,0.000,1.000,—,—,1.00,1.000,—,0.000
solo-crit,full-build,5,8,boss,180,200,0.000,0.000,1.000,—,—,1.00,1.000,—,0.000
solo-crit,full-build,5,8,boss,300,200,0.000,0.000,1.000,—,—,1.00,1.000,—,0.000
solo-crit,full-build,10,1,solo,180,200,1.000,0.000,0.000,0.998,0.0,0.00,0.002,—,1.559
solo-crit,full-build,10,1,solo,300,200,1.000,0.000,0.000,0.997,0.1,0.00,0.003,—,1.558
solo-crit,full-build,10,1,pack,180,200,1.000,0.000,0.000,0.875,3.1,0.00,0.125,—,1.495
solo-crit,full-build,10,1,pack,300,200,1.000,0.000,0.000,0.878,3.1,0.00,0.122,—,1.496
solo-crit,full-build,10,1,boss,180,200,1.000,0.000,0.000,0.694,8.0,0.00,0.306,—,1.401
solo-crit,full-build,10,1,boss,300,200,1.000,0.000,0.000,0.700,8.0,0.00,0.300,—,1.404
solo-crit,full-build,10,2,solo,180,200,1.000,0.000,0.000,0.898,1.4,0.00,0.102,—,1.507
solo-crit,full-build,10,2,solo,300,200,1.000,0.000,0.000,0.898,1.4,0.00,0.102,—,1.507
solo-crit,full-build,10,2,pack,180,200,1.000,0.000,0.000,0.401,7.2,0.00,0.599,—,1.248
solo-crit,full-build,10,2,pack,300,200,1.000,0.000,0.000,0.385,7.2,0.00,0.615,—,1.240
solo-crit,full-build,10,2,boss,180,200,0.975,0.000,0.025,0.200,12.9,0.03,0.805,—,1.116
solo-crit,full-build,10,2,boss,300,200,0.970,0.000,0.030,0.200,12.9,0.03,0.806,—,1.109
solo-crit,full-build,10,3,solo,180,200,1.000,0.000,0.000,0.745,3.4,0.00,0.255,—,1.428
solo-crit,full-build,10,3,solo,300,200,1.000,0.000,0.000,0.759,3.3,0.00,0.241,—,1.435
solo-crit,full-build,10,3,pack,180,200,0.000,0.000,1.000,—,—,1.00,1.000,—,0.000
solo-crit,full-build,10,3,pack,300,200,0.005,0.000,0.995,0.174,10.4,0.99,0.999,—,0.006
solo-crit,full-build,10,3,boss,180,200,0.000,0.000,1.000,—,—,1.00,1.000,—,0.000
solo-crit,full-build,10,3,boss,300,200,0.000,0.000,1.000,—,—,1.00,1.000,—,0.000
solo-crit,full-build,10,4,solo,180,200,0.430,0.000,0.570,0.206,7.1,0.57,0.912,—,0.493
solo-crit,full-build,10,4,solo,300,200,0.445,0.000,0.555,0.201,6.9,0.56,0.911,—,0.509
solo-crit,full-build,10,4,pack,180,200,0.000,0.000,1.000,—,—,1.00,1.000,—,0.000
solo-crit,full-build,10,4,pack,300,200,0.000,0.000,1.000,—,—,1.00,1.000,—,0.000
solo-crit,full-build,10,4,boss,180,200,0.000,0.000,1.000,—,—,1.00,1.000,—,0.000
solo-crit,full-build,10,4,boss,300,200,0.000,0.000,1.000,—,—,1.00,1.000,—,0.000
solo-crit,full-build,10,5,solo,180,200,0.000,0.000,1.000,—,—,1.00,1.000,—,0.000
solo-crit,full-build,10,5,solo,300,200,0.000,0.000,1.000,—,—,1.00,1.000,—,0.000
solo-crit,full-build,10,5,pack,180,200,0.000,0.000,1.000,—,—,1.00,1.000,—,0.000
solo-crit,full-build,10,5,pack,300,200,0.000,0.000,1.000,—,—,1.00,1.000,—,0.000
solo-crit,full-build,10,5,boss,180,200,0.000,0.000,1.000,—,—,1.00,1.000,—,0.000
solo-crit,full-build,10,5,boss,300,200,0.000,0.000,1.000,—,—,1.00,1.000,—,0.000
solo-crit,full-build,10,6,solo,180,200,0.000,0.000,1.000,—,—,1.00,1.000,—,0.000
solo-crit,full-build,10,6,solo,300,200,0.000,0.000,1.000,—,—,1.00,1.000,—,0.000
solo-crit,full-build,10,6,pack,180,200,0.000,0.000,1.000,—,—,1.00,1.000,—,0.000
solo-crit,full-build,10,6,pack,300,200,0.000,0.000,1.000,—,—,1.00,1.000,—,0.000
solo-crit,full-build,10,6,boss,180,200,0.000,0.000,1.000,—,—,1.00,1.000,—,0.000
solo-crit,full-build,10,6,boss,300,200,0.000,0.000,1.000,—,—,1.00,1.000,—,0.000
solo-crit,full-build,10,7,solo,180,200,0.000,0.000,1.000,—,—,1.00,1.000,—,0.000
solo-crit,full-build,10,7,solo,300,200,0.000,0.000,1.000,—,—,1.00,1.000,—,0.000
solo-crit,full-build,10,7,pack,180,200,0.000,0.000,1.000,—,—,1.00,1.000,—,0.000
solo-crit,full-build,10,7,pack,300,200,0.000,0.000,1.000,—,—,1.00,1.000,—,0.000
solo-crit,full-build,10,7,boss,180,200,0.000,0.000,1.000,—,—,1.00,1.000,—,0.000
solo-crit,full-build,10,7,boss,300,200,0.000,0.000,1.000,—,—,1.00,1.000,—,0.000
solo-crit,full-build,10,8,solo,180,200,0.000,0.000,1.000,—,—,1.00,1.000,—,0.000
solo-crit,full-build,10,8,solo,300,200,0.000,0.000,1.000,—,—,1.00,1.000,—,0.000
solo-crit,full-build,10,8,pack,180,200,0.000,0.000,1.000,—,—,1.00,1.000,—,0.000
solo-crit,full-build,10,8,pack,300,200,0.000,0.000,1.000,—,—,1.00,1.000,—,0.000
solo-crit,full-build,10,8,boss,180,200,0.000,0.000,1.000,—,—,1.00,1.000,—,0.000
solo-crit,full-build,10,8,boss,300,200,0.000,0.000,1.000,—,—,1.00,1.000,—,0.000
solo-crit,full-build,20,1,solo,180,200,1.000,0.000,0.000,1.000,0.0,0.00,0.000,—,1.620
solo-crit,full-build,20,1,solo,300,200,1.000,0.000,0.000,1.000,0.0,0.00,0.000,—,1.620
solo-crit,full-build,20,1,pack,180,200,1.000,0.000,0.000,0.910,2.4,0.00,0.090,—,1.571
solo-crit,full-build,20,1,pack,300,200,1.000,0.000,0.000,0.909,2.4,0.00,0.091,—,1.571
solo-crit,full-build,20,1,boss,180,200,1.000,0.000,0.000,0.837,4.5,0.00,0.163,—,1.532
solo-crit,full-build,20,1,boss,300,200,1.000,0.000,0.000,0.831,4.5,0.00,0.169,—,1.529
solo-crit,full-build,20,2,solo,180,200,1.000,0.000,0.000,0.975,0.4,0.00,0.025,—,1.607
solo-crit,full-build,20,2,solo,300,200,1.000,0.000,0.000,0.977,0.3,0.00,0.023,—,1.608
solo-crit,full-build,20,2,pack,180,200,1.000,0.000,0.000,0.772,3.4,0.00,0.228,—,1.497
solo-crit,full-build,20,2,pack,300,200,1.000,0.000,0.000,0.773,3.3,0.00,0.227,—,1.498
solo-crit,full-build,20,2,boss,180,200,1.000,0.000,0.000,0.627,6.8,0.00,0.373,—,1.419
solo-crit,full-build,20,2,boss,300,200,1.000,0.000,0.000,0.631,6.8,0.00,0.369,—,1.421
solo-crit,full-build,20,3,solo,180,200,1.000,0.000,0.000,0.853,1.3,0.00,0.147,—,1.541
solo-crit,full-build,20,3,solo,300,200,1.000,0.000,0.000,0.850,1.3,0.00,0.150,—,1.539
solo-crit,full-build,20,3,pack,180,200,0.990,0.000,0.010,0.222,6.4,0.01,0.780,—,1.188
solo-crit,full-build,20,3,pack,300,200,1.000,0.000,0.000,0.231,6.3,0.00,0.769,—,1.205
solo-crit,full-build,20,3,boss,180,200,0.475,0.000,0.525,0.105,11.1,0.53,0.950,—,0.540
solo-crit,full-build,20,3,boss,300,200,0.450,0.000,0.550,0.111,11.1,0.55,0.950,—,0.513
solo-crit,full-build,20,4,solo,180,200,1.000,0.000,0.000,0.557,3.2,0.00,0.443,—,1.381
solo-crit,full-build,20,4,solo,300,200,1.000,0.000,0.000,0.540,3.3,0.00,0.460,—,1.372
solo-crit,full-build,20,4,pack,180,200,0.000,0.000,1.000,—,—,1.00,1.000,—,0.000
solo-crit,full-build,20,4,pack,300,200,0.000,0.000,1.000,—,—,1.00,1.000,—,0.000
solo-crit,full-build,20,4,boss,180,200,0.000,0.000,1.000,—,—,1.00,1.000,—,0.000
solo-crit,full-build,20,4,boss,300,200,0.000,0.000,1.000,—,—,1.00,1.000,—,0.000
solo-crit,full-build,20,5,solo,180,200,0.150,0.000,0.850,0.101,6.7,0.85,0.985,—,0.170
solo-crit,full-build,20,5,solo,300,200,0.095,0.000,0.905,0.150,6.7,0.91,0.986,—,0.110
solo-crit,full-build,20,5,pack,180,200,0.000,0.000,1.000,—,—,1.00,1.000,—,0.000
solo-crit,full-build,20,5,pack,300,200,0.000,0.000,1.000,—,—,1.00,1.000,—,0.000
solo-crit,full-build,20,5,boss,180,200,0.000,0.000,1.000,—,—,1.00,1.000,—,0.000
solo-crit,full-build,20,5,boss,300,200,0.000,0.000,1.000,—,—,1.00,1.000,—,0.000
solo-crit,full-build,20,6,solo,180,200,0.000,0.000,1.000,—,—,1.00,1.000,—,0.000
solo-crit,full-build,20,6,solo,300,200,0.000,0.000,1.000,—,—,1.00,1.000,—,0.000
solo-crit,full-build,20,6,pack,180,200,0.000,0.000,1.000,—,—,1.00,1.000,—,0.000
solo-crit,full-build,20,6,pack,300,200,0.000,0.000,1.000,—,—,1.00,1.000,—,0.000
solo-crit,full-build,20,6,boss,180,200,0.000,0.000,1.000,—,—,1.00,1.000,—,0.000
solo-crit,full-build,20,6,boss,300,200,0.000,0.000,1.000,—,—,1.00,1.000,—,0.000
solo-crit,full-build,20,7,solo,180,200,0.000,0.000,1.000,—,—,1.00,1.000,—,0.000
solo-crit,full-build,20,7,solo,300,200,0.000,0.000,1.000,—,—,1.00,1.000,—,0.000
solo-crit,full-build,20,7,pack,180,200,0.000,0.000,1.000,—,—,1.00,1.000,—,0.000
solo-crit,full-build,20,7,pack,300,200,0.000,0.000,1.000,—,—,1.00,1.000,—,0.000
solo-crit,full-build,20,7,boss,180,200,0.000,0.000,1.000,—,—,1.00,1.000,—,0.000
solo-crit,full-build,20,7,boss,300,200,0.000,0.000,1.000,—,—,1.00,1.000,—,0.000
solo-crit,full-build,20,8,solo,180,200,0.000,0.000,1.000,—,—,1.00,1.000,—,0.000
solo-crit,full-build,20,8,solo,300,200,0.000,0.000,1.000,—,—,1.00,1.000,—,0.000
solo-crit,full-build,20,8,pack,180,200,0.000,0.000,1.000,—,—,1.00,1.000,—,0.000
solo-crit,full-build,20,8,pack,300,200,0.000,0.000,1.000,—,—,1.00,1.000,—,0.000
solo-crit,full-build,20,8,boss,180,200,0.000,0.000,1.000,—,—,1.00,1.000,—,0.000
solo-crit,full-build,20,8,boss,300,200,0.000,0.000,1.000,—,—,1.00,1.000,—,0.000
solo-crit,full-build,35,1,solo,180,200,1.000,0.000,0.000,1.000,0.0,0.00,0.000,—,1.710
solo-crit,full-build,35,1,solo,300,200,1.000,0.000,0.000,1.000,0.0,0.00,0.000,—,1.710
solo-crit,full-build,35,1,pack,180,200,1.000,0.000,0.000,0.933,2.1,0.00,0.067,—,1.672
solo-crit,full-build,35,1,pack,300,200,1.000,0.000,0.000,0.933,2.1,0.00,0.067,—,1.672
solo-crit,full-build,35,1,boss,180,200,1.000,0.000,0.000,0.880,3.0,0.00,0.120,—,1.642
solo-crit,full-build,35,1,boss,300,200,1.000,0.000,0.000,0.882,3.0,0.00,0.118,—,1.643
solo-crit,full-build,35,2,solo,180,200,1.000,0.000,0.000,1.000,0.0,0.00,0.000,—,1.710
solo-crit,full-build,35,2,solo,300,200,1.000,0.000,0.000,1.000,0.0,0.00,0.000,—,1.710
solo-crit,full-build,35,2,pack,180,200,1.000,0.000,0.000,0.877,2.1,0.00,0.123,—,1.640
solo-crit,full-build,35,2,pack,300,200,1.000,0.000,0.000,0.877,2.1,0.00,0.123,—,1.640
solo-crit,full-build,35,2,boss,180,200,1.000,0.000,0.000,0.781,4.1,0.00,0.219,—,1.585
solo-crit,full-build,35,2,boss,300,200,1.000,0.000,0.000,0.782,4.1,0.00,0.218,—,1.585
solo-crit,full-build,35,3,solo,180,200,1.000,0.000,0.000,0.948,0.5,0.00,0.052,—,1.680
solo-crit,full-build,35,3,solo,300,200,1.000,0.000,0.000,0.945,0.5,0.00,0.055,—,1.679
solo-crit,full-build,35,3,pack,180,200,1.000,0.000,0.000,0.612,3.6,0.00,0.388,—,1.489
solo-crit,full-build,35,3,pack,300,200,1.000,0.000,0.000,0.595,3.7,0.00,0.405,—,1.479
solo-crit,full-build,35,3,boss,180,200,1.000,0.000,0.000,0.444,6.5,0.00,0.556,—,1.393
solo-crit,full-build,35,3,boss,300,200,1.000,0.000,0.000,0.455,6.5,0.00,0.545,—,1.399
solo-crit,full-build,35,4,solo,180,200,1.000,0.000,0.000,0.804,1.5,0.00,0.196,—,1.598
solo-crit,full-build,35,4,solo,300,200,1.000,0.000,0.000,0.803,1.4,0.00,0.197,—,1.597
solo-crit,full-build,35,4,pack,180,200,0.175,0.000,0.825,0.090,5.6,0.82,0.984,—,0.208
solo-crit,full-build,35,4,pack,300,200,0.195,0.000,0.805,0.109,5.6,0.81,0.979,—,0.234
solo-crit,full-build,35,4,boss,180,200,0.015,0.000,0.985,0.012,10.6,0.98,1.000,—,0.017
solo-crit,full-build,35,4,boss,300,200,0.020,0.000,0.980,0.153,10.5,0.98,0.997,—,0.025
solo-crit,full-build,35,5,solo,180,200,1.000,0.000,0.000,0.311,3.6,0.00,0.689,—,1.317
solo-crit,full-build,35,5,solo,300,200,1.000,0.000,0.000,0.306,3.7,0.00,0.694,—,1.314
solo-crit,full-build,35,5,pack,180,200,0.000,0.000,1.000,—,—,1.00,1.000,—,0.000
solo-crit,full-build,35,5,pack,300,200,0.000,0.000,1.000,—,—,1.00,1.000,—,0.000
solo-crit,full-build,35,5,boss,180,200,0.000,0.000,1.000,—,—,1.00,1.000,—,0.000
solo-crit,full-build,35,5,boss,300,200,0.000,0.000,1.000,—,—,1.00,1.000,—,0.000
solo-crit,full-build,35,6,solo,180,200,0.005,0.000,0.995,0.339,8.2,0.99,0.998,—,0.007
solo-crit,full-build,35,6,solo,300,200,0.000,0.000,1.000,—,—,1.00,1.000,—,0.000
solo-crit,full-build,35,6,pack,180,200,0.000,0.000,1.000,—,—,1.00,1.000,—,0.000
solo-crit,full-build,35,6,pack,300,200,0.000,0.000,1.000,—,—,1.00,1.000,—,0.000
solo-crit,full-build,35,6,boss,180,200,0.000,0.000,1.000,—,—,1.00,1.000,—,0.000
solo-crit,full-build,35,6,boss,300,200,0.000,0.000,1.000,—,—,1.00,1.000,—,0.000
solo-crit,full-build,35,7,solo,180,200,0.000,0.000,1.000,—,—,1.00,1.000,—,0.000
solo-crit,full-build,35,7,solo,300,200,0.000,0.000,1.000,—,—,1.00,1.000,—,0.000
solo-crit,full-build,35,7,pack,180,200,0.000,0.000,1.000,—,—,1.00,1.000,—,0.000
solo-crit,full-build,35,7,pack,300,200,0.000,0.000,1.000,—,—,1.00,1.000,—,0.000
solo-crit,full-build,35,7,boss,180,200,0.000,0.000,1.000,—,—,1.00,1.000,—,0.000
solo-crit,full-build,35,7,boss,300,200,0.000,0.000,1.000,—,—,1.00,1.000,—,0.000
solo-crit,full-build,35,8,solo,180,200,0.000,0.000,1.000,—,—,1.00,1.000,—,0.000
solo-crit,full-build,35,8,solo,300,200,0.000,0.000,1.000,—,—,1.00,1.000,—,0.000
solo-crit,full-build,35,8,pack,180,200,0.000,0.000,1.000,—,—,1.00,1.000,—,0.000
solo-crit,full-build,35,8,pack,300,200,0.000,0.000,1.000,—,—,1.00,1.000,—,0.000
solo-crit,full-build,35,8,boss,180,200,0.000,0.000,1.000,—,—,1.00,1.000,—,0.000
solo-crit,full-build,35,8,boss,300,200,0.000,0.000,1.000,—,—,1.00,1.000,—,0.000
solo-crit,full-build,50,1,solo,180,200,1.000,0.000,0.000,1.000,0.0,0.00,0.000,—,1.800
solo-crit,full-build,50,1,solo,300,200,1.000,0.000,0.000,1.000,0.0,0.00,0.000,—,1.800
solo-crit,full-build,50,1,pack,180,200,1.000,0.000,0.000,0.946,1.9,0.00,0.054,—,1.768
solo-crit,full-build,50,1,pack,300,200,1.000,0.000,0.000,0.948,1.9,0.00,0.052,—,1.769
solo-crit,full-build,50,1,boss,180,200,1.000,0.000,0.000,0.943,2.3,0.00,0.057,—,1.766
solo-crit,full-build,50,1,boss,300,200,1.000,0.000,0.000,0.943,2.3,0.00,0.057,—,1.766
solo-crit,full-build,50,2,solo,180,200,1.000,0.000,0.000,1.000,0.0,0.00,0.000,—,1.800
solo-crit,full-build,50,2,solo,300,200,1.000,0.000,0.000,1.000,0.0,0.00,0.000,—,1.800
solo-crit,full-build,50,2,pack,180,200,1.000,0.000,0.000,0.903,1.9,0.00,0.097,—,1.742
solo-crit,full-build,50,2,pack,300,200,1.000,0.000,0.000,0.903,1.9,0.00,0.097,—,1.742
solo-crit,full-build,50,2,boss,180,200,1.000,0.000,0.000,0.882,3.1,0.00,0.118,—,1.729
solo-crit,full-build,50,2,boss,300,200,1.000,0.000,0.000,0.884,3.0,0.00,0.116,—,1.730
solo-crit,full-build,50,3,solo,180,200,1.000,0.000,0.000,0.999,0.0,0.00,0.001,—,1.799
solo-crit,full-build,50,3,solo,300,200,1.000,0.000,0.000,1.000,0.0,0.00,0.000,—,1.800
solo-crit,full-build,50,3,pack,180,200,1.000,0.000,0.000,0.826,2.0,0.00,0.174,—,1.695
solo-crit,full-build,50,3,pack,300,200,1.000,0.000,0.000,0.825,2.0,0.00,0.175,—,1.695
solo-crit,full-build,50,3,boss,180,200,1.000,0.000,0.000,0.682,4.6,0.00,0.318,—,1.609
solo-crit,full-build,50,3,boss,300,200,1.000,0.000,0.000,0.678,4.6,0.00,0.322,—,1.607
solo-crit,full-build,50,4,solo,180,200,1.000,0.000,0.000,0.854,0.9,0.00,0.146,—,1.712
solo-crit,full-build,50,4,solo,300,200,1.000,0.000,0.000,0.851,0.9,0.00,0.149,—,1.710
solo-crit,full-build,50,4,pack,180,200,1.000,0.000,0.000,0.399,4.7,0.00,0.601,—,1.440
solo-crit,full-build,50,4,pack,300,200,1.000,0.000,0.000,0.398,4.7,0.00,0.602,—,1.439
solo-crit,full-build,50,4,boss,180,200,0.975,0.000,0.025,0.199,7.6,0.03,0.806,—,1.286
solo-crit,full-build,50,4,boss,300,200,0.980,0.000,0.020,0.209,7.7,0.02,0.795,—,1.299
solo-crit,full-build,50,5,solo,180,200,1.000,0.000,0.000,0.718,2.2,0.00,0.282,—,1.631
solo-crit,full-build,50,5,solo,300,200,1.000,0.000,0.000,0.725,2.2,0.00,0.275,—,1.635
solo-crit,full-build,50,5,pack,180,200,0.005,0.000,0.995,0.171,8.6,0.99,0.999,—,0.007
solo-crit,full-build,50,5,pack,300,200,0.000,0.000,1.000,—,—,1.00,1.000,—,0.000
solo-crit,full-build,50,5,boss,180,200,0.000,0.000,1.000,—,—,1.00,1.000,—,0.000
solo-crit,full-build,50,5,boss,300,200,0.000,0.000,1.000,—,—,1.00,1.000,—,0.000
solo-crit,full-build,50,6,solo,180,200,0.385,0.000,0.615,0.134,5.5,0.61,0.949,—,0.493
solo-crit,full-build,50,6,solo,300,200,0.310,0.000,0.690,0.120,5.3,0.69,0.963,—,0.394
solo-crit,full-build,50,6,pack,180,200,0.000,0.000,1.000,—,—,1.00,1.000,—,0.000
solo-crit,full-build,50,6,pack,300,200,0.000,0.000,1.000,—,—,1.00,1.000,—,0.000
solo-crit,full-build,50,6,boss,180,200,0.000,0.000,1.000,—,—,1.00,1.000,—,0.000
solo-crit,full-build,50,6,boss,300,200,0.000,0.000,1.000,—,—,1.00,1.000,—,0.000
solo-crit,full-build,50,7,solo,180,200,0.000,0.000,1.000,—,—,1.00,1.000,—,0.000
solo-crit,full-build,50,7,solo,300,200,0.000,0.000,1.000,—,—,1.00,1.000,—,0.000
solo-crit,full-build,50,7,pack,180,200,0.000,0.000,1.000,—,—,1.00,1.000,—,0.000
solo-crit,full-build,50,7,pack,300,200,0.000,0.000,1.000,—,—,1.00,1.000,—,0.000
solo-crit,full-build,50,7,boss,180,200,0.000,0.000,1.000,—,—,1.00,1.000,—,0.000
solo-crit,full-build,50,7,boss,300,200,0.000,0.000,1.000,—,—,1.00,1.000,—,0.000
solo-crit,full-build,50,8,solo,180,200,0.000,0.000,1.000,—,—,1.00,1.000,—,0.000
solo-crit,full-build,50,8,solo,300,200,0.000,0.000,1.000,—,—,1.00,1.000,—,0.000
solo-crit,full-build,50,8,pack,180,200,0.000,0.000,1.000,—,—,1.00,1.000,—,0.000
solo-crit,full-build,50,8,pack,300,200,0.000,0.000,1.000,—,—,1.00,1.000,—,0.000
solo-crit,full-build,50,8,boss,180,200,0.000,0.000,1.000,—,—,1.00,1.000,—,0.000
solo-crit,full-build,50,8,boss,300,200,0.000,0.000,1.000,—,—,1.00,1.000,—,0.000
