comp,level,tier,shape,limit,fights,winRate,timeoutRate,wipeRate,avgMarginWin,avgDurationWin,avgDowned,avgHpLostPct,tankTargetPct,expRewardMult
trio-core,1,1,solo,180,500,1.000,0.000,0.000,0.926,4.0,0.00,0.074,1.000,1.469
trio-core,1,1,solo,300,500,1.000,0.000,0.000,0.927,3.9,0.00,0.073,1.000,1.469
trio-core,1,1,pack,180,500,1.000,0.000,0.000,0.961,21.5,0.00,0.039,1.000,1.487
trio-core,1,1,pack,300,500,1.000,0.000,0.000,0.962,21.4,0.00,0.038,1.000,1.487
trio-core,1,1,boss,180,500,1.000,0.000,0.000,0.995,39.3,0.00,0.005,1.000,1.504
trio-core,1,1,boss,300,500,1.000,0.000,0.000,0.996,39.5,0.00,0.004,1.000,1.504
trio-core,1,2,solo,180,500,1.000,0.000,0.000,0.891,5.5,0.00,0.109,1.000,1.451
trio-core,1,2,solo,300,500,1.000,0.000,0.000,0.892,5.5,0.00,0.108,1.000,1.452
trio-core,1,2,pack,180,500,1.000,0.000,0.000,0.899,29.3,0.00,0.101,1.000,1.455
trio-core,1,2,pack,300,500,1.000,0.000,0.000,0.889,29.1,0.00,0.111,1.000,1.450
trio-core,1,2,boss,180,500,1.000,0.000,0.000,0.960,58.2,0.00,0.040,1.000,1.486
trio-core,1,2,boss,300,500,1.000,0.000,0.000,0.959,58.0,0.00,0.041,1.000,1.486
trio-core,1,3,solo,180,500,1.000,0.000,0.000,0.918,10.9,0.00,0.082,1.000,1.465
trio-core,1,3,solo,300,500,1.000,0.000,0.000,0.918,10.9,0.00,0.082,1.000,1.465
trio-core,1,3,pack,180,500,0.000,0.000,1.000,—,—,3.00,1.000,0.448,0.000
trio-core,1,3,pack,300,500,0.000,0.000,1.000,—,—,3.00,1.000,0.451,0.000
trio-core,1,3,boss,180,500,0.000,0.000,1.000,—,—,3.00,1.000,0.422,0.000
trio-core,1,3,boss,300,500,0.000,0.000,1.000,—,—,3.00,1.000,0.421,0.000
trio-core,1,4,solo,180,500,1.000,0.000,0.000,0.880,17.6,0.00,0.120,1.000,1.446
trio-core,1,4,solo,300,500,1.000,0.000,0.000,0.884,17.6,0.00,0.116,1.000,1.448
trio-core,1,4,pack,180,500,0.000,0.000,1.000,—,—,3.00,1.000,0.351,0.000
trio-core,1,4,pack,300,500,0.000,0.000,1.000,—,—,3.00,1.000,0.350,0.000
trio-core,1,4,boss,180,500,0.000,0.000,1.000,—,—,3.00,1.000,0.370,0.000
trio-core,1,4,boss,300,500,0.000,0.000,1.000,—,—,3.00,1.000,0.369,0.000
trio-core,1,5,solo,180,500,0.090,0.000,0.910,0.533,25.3,2.83,0.952,0.434,0.114
trio-core,1,5,solo,300,500,0.080,0.000,0.920,0.529,25.4,2.85,0.958,0.431,0.102
trio-core,1,5,pack,180,500,0.000,0.000,1.000,—,—,3.00,1.000,0.394,0.000
trio-core,1,5,pack,300,500,0.000,0.000,1.000,—,—,3.00,1.000,0.395,0.000
trio-core,1,5,boss,180,500,0.000,0.000,1.000,—,—,3.00,1.000,0.415,0.000
trio-core,1,5,boss,300,500,0.000,0.000,1.000,—,—,3.00,1.000,0.418,0.000
trio-core,1,6,solo,180,500,0.000,0.000,1.000,—,—,3.00,1.000,0.355,0.000
trio-core,1,6,solo,300,500,0.000,0.000,1.000,—,—,3.00,1.000,0.352,0.000
trio-core,1,6,pack,180,500,0.000,0.000,1.000,—,—,3.00,1.000,0.343,0.000
trio-core,1,6,pack,300,500,0.000,0.000,1.000,—,—,3.00,1.000,0.344,0.000
trio-core,1,6,boss,180,500,0.000,0.000,1.000,—,—,3.00,1.000,0.352,0.000
trio-core,1,6,boss,300,500,0.000,0.000,1.000,—,—,3.00,1.000,0.347,0.000
trio-core,1,7,solo,180,500,0.000,0.000,1.000,—,—,3.00,1.000,0.500,0.000
trio-core,1,7,solo,300,500,0.000,0.000,1.000,—,—,3.00,1.000,0.498,0.000
trio-core,1,7,pack,180,500,0.000,0.000,1.000,—,—,3.00,1.000,0.498,0.000
trio-core,1,7,pack,300,500,0.000,0.000,1.000,—,—,3.00,1.000,0.496,0.000
trio-core,1,7,boss,180,500,0.000,0.000,1.000,—,—,3.00,1.000,0.256,0.000
trio-core,1,7,boss,300,500,0.000,0.000,1.000,—,—,3.00,1.000,0.257,0.000
trio-core,1,8,solo,180,500,0.000,0.000,1.000,—,—,3.00,1.000,0.499,0.000
trio-core,1,8,solo,300,500,0.000,0.000,1.000,—,—,3.00,1.000,0.498,0.000
trio-core,1,8,pack,180,500,0.000,0.000,1.000,—,—,3.00,1.000,0.499,0.000
trio-core,1,8,pack,300,500,0.000,0.000,1.000,—,—,3.00,1.000,0.499,0.000
trio-core,1,8,boss,180,500,0.000,0.000,1.000,—,—,3.00,1.000,0.340,0.000
trio-core,1,8,boss,300,500,0.000,0.000,1.000,—,—,3.00,1.000,0.347,0.000
trio-core,5,1,solo,180,500,1.000,0.000,0.000,1.000,0.0,0.00,0.000,—,1.530
trio-core,5,1,solo,300,500,1.000,0.000,0.000,1.000,0.0,0.00,0.000,—,1.530
trio-core,5,1,pack,180,500,1.000,0.000,0.000,0.946,8.0,0.00,0.054,1.000,1.502
trio-core,5,1,pack,300,500,1.000,0.000,0.000,0.946,7.9,0.00,0.054,1.000,1.502
trio-core,5,1,boss,180,500,1.000,0.000,0.000,0.965,19.6,0.00,0.035,1.000,1.512
trio-core,5,1,boss,300,500,1.000,0.000,0.000,0.965,19.7,0.00,0.035,1.000,1.512
trio-core,5,2,solo,180,500,1.000,0.000,0.000,0.963,2.1,0.00,0.037,1.000,1.511
trio-core,5,2,solo,300,500,1.000,0.000,0.000,0.962,2.1,0.00,0.038,1.000,1.511
trio-core,5,2,pack,180,500,1.000,0.000,0.000,1.000,14.2,0.00,0.000,1.000,1.530
trio-core,5,2,pack,300,500,1.000,0.000,0.000,1.000,14.2,0.00,0.000,1.000,1.530
trio-core,5,2,boss,180,500,1.000,0.000,0.000,0.992,29.2,0.00,0.008,1.000,1.526
trio-core,5,2,boss,300,500,1.000,0.000,0.000,0.994,29.4,0.00,0.006,1.000,1.527
trio-core,5,3,solo,180,500,1.000,0.000,0.000,0.892,4.2,0.00,0.108,1.000,1.475
trio-core,5,3,solo,300,500,1.000,0.000,0.000,0.893,4.2,0.00,0.107,1.000,1.475
trio-core,5,3,pack,180,500,1.000,0.000,0.000,0.945,20.9,0.00,0.055,1.000,1.502
trio-core,5,3,pack,300,500,1.000,0.000,0.000,0.944,20.9,0.00,0.056,1.000,1.502
trio-core,5,3,boss,180,500,1.000,0.000,0.000,0.943,41.9,0.00,0.057,1.000,1.501
trio-core,5,3,boss,300,500,1.000,0.000,0.000,0.942,41.9,0.00,0.058,1.000,1.501
trio-core,5,4,solo,180,500,1.000,0.000,0.000,0.956,7.6,0.00,0.044,1.000,1.508
trio-core,5,4,solo,300,500,1.000,0.000,0.000,0.956,7.6,0.00,0.044,1.000,1.508
trio-core,5,4,pack,180,500,0.022,0.036,0.942,0.563,35.3,2.92,0.979,0.404,0.029
trio-core,5,4,pack,300,500,0.020,0.048,0.932,0.522,33.4,2.91,0.979,0.358,0.026
trio-core,5,4,boss,180,500,0.448,0.000,0.552,0.814,61.6,1.66,0.635,0.659,0.643
trio-core,5,4,boss,300,500,0.440,0.000,0.560,0.815,61.8,1.68,0.641,0.655,0.632
trio-core,5,5,solo,180,500,1.000,0.000,0.000,0.949,12.5,0.00,0.051,1.000,1.504
trio-core,5,5,solo,300,500,1.000,0.000,0.000,0.949,12.6,0.00,0.051,1.000,1.504
trio-core,5,5,pack,180,500,0.000,0.000,1.000,—,—,3.00,1.000,0.430,0.000
trio-core,5,5,pack,300,500,0.000,0.000,1.000,—,—,3.00,1.000,0.429,0.000
trio-core,5,5,boss,180,500,0.000,0.000,1.000,—,—,3.00,1.000,0.381,0.000
trio-core,5,5,boss,300,500,0.000,0.000,1.000,—,—,3.00,1.000,0.379,0.000
trio-core,5,6,solo,180,500,1.000,0.000,0.000,0.472,20.7,0.66,0.528,0.759,1.261
trio-core,5,6,solo,300,500,1.000,0.000,0.000,0.485,20.8,0.62,0.515,0.772,1.268
trio-core,5,6,pack,180,500,0.000,0.000,1.000,—,—,3.00,1.000,0.404,0.000
trio-core,5,6,pack,300,500,0.000,0.000,1.000,—,—,3.00,1.000,0.402,0.000
trio-core,5,6,boss,180,500,0.000,0.000,1.000,—,—,3.00,1.000,0.441,0.000
trio-core,5,6,boss,300,500,0.000,0.000,1.000,—,—,3.00,1.000,0.445,0.000
trio-core,5,7,solo,180,500,0.000,0.000,1.000,—,—,3.00,1.000,0.536,0.000
trio-core,5,7,solo,300,500,0.000,0.000,1.000,—,—,3.00,1.000,0.532,0.000
trio-core,5,7,pack,180,500,0.000,0.000,1.000,—,—,3.00,1.000,0.501,0.000
trio-core,5,7,pack,300,500,0.000,0.000,1.000,—,—,3.00,1.000,0.503,0.000
trio-core,5,7,boss,180,500,0.000,0.000,1.000,—,—,3.00,1.000,0.413,0.000
trio-core,5,7,boss,300,500,0.000,0.000,1.000,—,—,3.00,1.000,0.414,0.000
trio-core,5,8,solo,180,500,0.000,0.000,1.000,—,—,3.00,1.000,0.501,0.000
trio-core,5,8,solo,300,500,0.000,0.000,1.000,—,—,3.00,1.000,0.504,0.000
trio-core,5,8,pack,180,500,0.000,0.000,1.000,—,—,3.00,1.000,0.498,0.000
trio-core,5,8,pack,300,500,0.000,0.000,1.000,—,—,3.00,1.000,0.498,0.000
trio-core,5,8,boss,180,500,0.000,0.000,1.000,—,—,3.00,1.000,0.264,0.000
trio-core,5,8,boss,300,500,0.000,0.000,1.000,—,—,3.00,1.000,0.275,0.000
trio-core,10,1,solo,180,500,1.000,0.000,0.000,1.000,0.0,0.00,0.000,—,1.560
trio-core,10,1,solo,300,500,1.000,0.000,0.000,1.000,0.0,0.00,0.000,—,1.560
trio-core,10,1,pack,180,500,1.000,0.000,0.000,0.944,4.1,0.00,0.056,1.000,1.531
trio-core,10,1,pack,300,500,1.000,0.000,0.000,0.944,4.1,0.00,0.056,1.000,1.531
trio-core,10,1,boss,180,500,1.000,0.000,0.000,0.925,8.6,0.00,0.075,1.000,1.521
trio-core,10,1,boss,300,500,1.000,0.000,0.000,0.925,8.6,0.00,0.075,1.000,1.521
trio-core,10,2,solo,180,500,1.000,0.000,0.000,1.000,0.0,0.00,0.000,—,1.560
trio-core,10,2,solo,300,500,1.000,0.000,0.000,1.000,0.0,0.00,0.000,—,1.560
trio-core,10,2,pack,180,500,1.000,0.000,0.000,0.885,6.6,0.00,0.115,1.000,1.500
trio-core,10,2,pack,300,500,1.000,0.000,0.000,0.882,6.6,0.00,0.118,1.000,1.499
trio-core,10,2,boss,180,500,1.000,0.000,0.000,0.974,16.1,0.00,0.026,1.000,1.546
trio-core,10,2,boss,300,500,1.000,0.000,0.000,0.978,16.2,0.00,0.022,1.000,1.549
trio-core,10,3,solo,180,500,1.000,0.000,0.000,0.962,1.7,0.00,0.038,1.000,1.540
trio-core,10,3,solo,300,500,1.000,0.000,0.000,0.963,1.7,0.00,0.037,1.000,1.541
trio-core,10,3,pack,180,500,1.000,0.000,0.000,0.968,11.9,0.00,0.032,1.000,1.543
trio-core,10,3,pack,300,500,1.000,0.000,0.000,0.968,11.9,0.00,0.032,1.000,1.543
trio-core,10,3,boss,180,500,1.000,0.000,0.000,0.953,23.8,0.00,0.047,1.000,1.536
trio-core,10,3,boss,300,500,1.000,0.000,0.000,0.953,23.8,0.00,0.047,1.000,1.536
trio-core,10,4,solo,180,500,1.000,0.000,0.000,0.897,3.9,0.00,0.103,1.000,1.506
trio-core,10,4,solo,300,500,1.000,0.000,0.000,0.898,3.9,0.00,0.102,1.000,1.507
trio-core,10,4,pack,180,500,1.000,0.000,0.000,0.969,18.2,0.00,0.031,1.000,1.544
trio-core,10,4,pack,300,500,1.000,0.000,0.000,0.969,18.2,0.00,0.031,1.000,1.544
trio-core,10,4,boss,180,500,1.000,0.000,0.000,0.894,35.5,0.00,0.106,1.000,1.505
trio-core,10,4,boss,300,500,1.000,0.000,0.000,0.896,35.5,0.00,0.104,1.000,1.506
trio-core,10,5,solo,180,500,1.000,0.000,0.000,0.937,6.4,0.00,0.063,1.000,1.527
trio-core,10,5,solo,300,500,1.000,0.000,0.000,0.937,6.4,0.00,0.063,1.000,1.527
trio-core,10,5,pack,180,500,0.410,0.002,0.588,0.545,28.4,2.15,0.776,0.516,0.543
trio-core,10,5,pack,300,500,0.412,0.000,0.588,0.560,28.2,2.13,0.769,0.525,0.549
trio-core,10,5,boss,180,500,1.000,0.000,0.000,0.974,52.9,0.00,0.026,1.000,1.546
trio-core,10,5,boss,300,500,1.000,0.000,0.000,0.971,52.9,0.00,0.029,1.000,1.545
trio-core,10,6,solo,180,500,1.000,0.000,0.000,0.899,11.7,0.00,0.101,1.000,1.507
trio-core,10,6,solo,300,500,1.000,0.000,0.000,0.898,11.8,0.00,0.102,1.000,1.507
trio-core,10,6,pack,180,500,0.000,0.000,1.000,—,—,3.00,1.000,0.429,0.000
trio-core,10,6,pack,300,500,0.000,0.000,1.000,—,—,3.00,1.000,0.428,0.000
trio-core,10,6,boss,180,500,0.000,0.000,1.000,—,—,3.00,1.000,0.392,0.000
trio-core,10,6,boss,300,500,0.000,0.000,1.000,—,—,3.00,1.000,0.387,0.000
trio-core,10,7,solo,180,500,1.000,0.000,0.000,0.842,18.3,0.00,0.158,1.000,1.478
trio-core,10,7,solo,300,500,1.000,0.000,0.000,0.839,18.3,0.00,0.161,1.000,1.476
trio-core,10,7,pack,180,500,0.000,0.000,1.000,—,—,3.00,1.000,0.404,0.000
trio-core,10,7,pack,300,500,0.000,0.000,1.000,—,—,3.00,1.000,0.413,0.000
trio-core,10,7,boss,180,500,0.000,0.000,1.000,—,—,3.00,1.000,0.450,0.000
trio-core,10,7,boss,300,500,0.000,0.000,1.000,—,—,3.00,1.000,0.447,0.000
trio-core,10,8,solo,180,500,0.006,0.000,0.994,0.407,28.6,2.99,0.998,0.559,0.008
trio-core,10,8,solo,300,500,0.002,0.000,0.998,0.818,30.0,2.99,0.998,0.555,0.003
trio-core,10,8,pack,180,500,0.000,0.000,1.000,—,—,3.00,1.000,0.501,0.000
trio-core,10,8,pack,300,500,0.000,0.000,1.000,—,—,3.00,1.000,0.504,0.000
trio-core,10,8,boss,180,500,0.000,0.000,1.000,—,—,3.00,1.000,0.421,0.000
trio-core,10,8,boss,300,500,0.000,0.000,1.000,—,—,3.00,1.000,0.418,0.000
trio-core,20,1,solo,180,500,1.000,0.000,0.000,1.000,0.0,0.00,0.000,—,1.620
trio-core,20,1,solo,300,500,1.000,0.000,0.000,1.000,0.0,0.00,0.000,—,1.620
trio-core,20,1,pack,180,500,1.000,0.000,0.000,0.979,2.7,0.00,0.021,1.000,1.609
trio-core,20,1,pack,300,500,1.000,0.000,0.000,0.979,2.7,0.00,0.021,1.000,1.609
trio-core,20,1,boss,180,500,1.000,0.000,0.000,0.969,5.0,0.00,0.031,1.000,1.603
trio-core,20,1,boss,300,500,1.000,0.000,0.000,0.969,5.0,0.00,0.031,1.000,1.603
trio-core,20,2,solo,180,500,1.000,0.000,0.000,1.000,0.0,0.00,0.000,—,1.620
trio-core,20,2,solo,300,500,1.000,0.000,0.000,1.000,0.0,0.00,0.000,—,1.620
trio-core,20,2,pack,180,500,1.000,0.000,0.000,0.959,3.9,0.00,0.041,1.000,1.598
trio-core,20,2,pack,300,500,1.000,0.000,0.000,0.959,3.9,0.00,0.041,1.000,1.598
trio-core,20,2,boss,180,500,1.000,0.000,0.000,0.952,6.4,0.00,0.048,1.000,1.594
trio-core,20,2,boss,300,500,1.000,0.000,0.000,0.952,6.4,0.00,0.048,1.000,1.594
trio-core,20,3,solo,180,500,1.000,0.000,0.000,1.000,0.0,0.00,0.000,—,1.620
trio-core,20,3,solo,300,500,1.000,0.000,0.000,1.000,0.0,0.00,0.000,—,1.620
trio-core,20,3,pack,180,500,1.000,0.000,0.000,0.938,5.3,0.00,0.062,1.000,1.586
trio-core,20,3,pack,300,500,1.000,0.000,0.000,0.939,5.2,0.00,0.061,1.000,1.587
trio-core,20,3,boss,180,500,1.000,0.000,0.000,0.904,8.7,0.00,0.096,1.000,1.568
trio-core,20,3,boss,300,500,1.000,0.000,0.000,0.903,8.7,0.00,0.097,1.000,1.568
trio-core,20,4,solo,180,500,1.000,0.000,0.000,0.975,1.2,0.00,0.025,1.000,1.606
trio-core,20,4,solo,300,500,1.000,0.000,0.000,0.976,1.2,0.00,0.024,1.000,1.607
trio-core,20,4,pack,180,500,1.000,0.000,0.000,0.960,8.5,0.00,0.040,1.000,1.598
trio-core,20,4,pack,300,500,1.000,0.000,0.000,0.960,8.5,0.00,0.040,1.000,1.598
trio-core,20,4,boss,180,500,1.000,0.000,0.000,1.000,17.3,0.00,0.000,1.000,1.620
trio-core,20,4,boss,300,500,1.000,0.000,0.000,1.000,17.3,0.00,0.000,1.000,1.620
trio-core,20,5,solo,180,500,1.000,0.000,0.000,0.960,2.4,0.00,0.040,1.000,1.599
trio-core,20,5,solo,300,500,1.000,0.000,0.000,0.961,2.4,0.00,0.039,1.000,1.599
trio-core,20,5,pack,180,500,1.000,0.000,0.000,0.991,12.6,0.00,0.009,1.000,1.615
trio-core,20,5,pack,300,500,1.000,0.000,0.000,0.992,12.6,0.00,0.008,1.000,1.616
trio-core,20,5,boss,180,500,1.000,0.000,0.000,0.979,24.5,0.00,0.021,1.000,1.609
trio-core,20,5,boss,300,500,1.000,0.000,0.000,0.980,24.5,0.00,0.020,1.000,1.609
trio-core,20,6,solo,180,500,1.000,0.000,0.000,0.888,4.1,0.00,0.112,1.000,1.560
trio-core,20,6,solo,300,500,1.000,0.000,0.000,0.889,4.1,0.00,0.111,1.000,1.560
trio-core,20,6,pack,180,500,1.000,0.000,0.000,0.980,19.0,0.00,0.020,1.000,1.609
trio-core,20,6,pack,300,500,1.000,0.000,0.000,0.980,19.0,0.00,0.020,1.000,1.609
trio-core,20,6,boss,180,500,1.000,0.000,0.000,0.963,38.4,0.00,0.037,1.000,1.600
trio-core,20,6,boss,300,500,1.000,0.000,0.000,0.962,38.3,0.00,0.038,1.000,1.599
trio-core,20,7,solo,180,500,1.000,0.000,0.000,0.925,7.5,0.00,0.075,1.000,1.580
trio-core,20,7,solo,300,500,1.000,0.000,0.000,0.926,7.5,0.00,0.074,1.000,1.580
trio-core,20,7,pack,180,500,0.016,0.020,0.964,0.989,29.3,2.93,0.980,0.508,0.026
trio-core,20,7,pack,300,500,0.016,0.014,0.970,0.996,30.0,2.94,0.982,0.499,0.026
trio-core,20,7,boss,180,500,0.804,0.000,0.196,0.941,59.3,0.59,0.244,0.928,1.277
trio-core,20,7,boss,300,500,0.822,0.000,0.178,0.939,59.3,0.53,0.228,0.935,1.305
trio-core,20,8,solo,180,500,1.000,0.000,0.000,0.972,13.6,0.00,0.028,1.000,1.605
trio-core,20,8,solo,300,500,1.000,0.000,0.000,0.970,13.6,0.00,0.030,1.000,1.604
trio-core,20,8,pack,180,500,0.000,0.000,1.000,—,—,3.00,1.000,0.473,0.000
trio-core,20,8,pack,300,500,0.000,0.000,1.000,—,—,3.00,1.000,0.475,0.000
trio-core,20,8,boss,180,500,0.000,0.000,1.000,—,—,3.00,1.000,0.506,0.000
trio-core,20,8,boss,300,500,0.000,0.000,1.000,—,—,3.00,1.000,0.506,0.000
trio-core,35,1,solo,180,500,1.000,0.000,0.000,1.000,0.0,0.00,0.000,—,1.710
trio-core,35,1,solo,300,500,1.000,0.000,0.000,1.000,0.0,0.00,0.000,—,1.710
trio-core,35,1,pack,180,500,1.000,0.000,0.000,1.000,0.0,0.00,0.000,—,1.710
trio-core,35,1,pack,300,500,1.000,0.000,0.000,1.000,0.0,0.00,0.000,—,1.710
trio-core,35,1,boss,180,500,1.000,0.000,0.000,0.986,3.0,0.00,0.014,1.000,1.702
trio-core,35,1,boss,300,500,1.000,0.000,0.000,0.987,3.0,0.00,0.013,1.000,1.702
trio-core,35,2,solo,180,500,1.000,0.000,0.000,1.000,0.0,0.00,0.000,—,1.710
trio-core,35,2,solo,300,500,1.000,0.000,0.000,1.000,0.0,0.00,0.000,—,1.710
trio-core,35,2,pack,180,500,1.000,0.000,0.000,0.984,2.3,0.00,0.016,1.000,1.701
trio-core,35,2,pack,300,500,1.000,0.000,0.000,0.984,2.3,0.00,0.016,1.000,1.701
trio-core,35,2,boss,180,500,1.000,0.000,0.000,0.977,3.8,0.00,0.023,1.000,1.697
trio-core,35,2,boss,300,500,1.000,0.000,0.000,0.977,3.7,0.00,0.023,1.000,1.697
trio-core,35,3,solo,180,500,1.000,0.000,0.000,1.000,0.0,0.00,0.000,—,1.710
trio-core,35,3,solo,300,500,1.000,0.000,0.000,1.000,0.0,0.00,0.000,—,1.710
trio-core,35,3,pack,180,500,1.000,0.000,0.000,0.969,3.2,0.00,0.031,1.000,1.692
trio-core,35,3,pack,300,500,1.000,0.000,0.000,0.969,3.2,0.00,0.031,1.000,1.692
trio-core,35,3,boss,180,500,1.000,0.000,0.000,0.968,5.0,0.00,0.032,1.000,1.692
trio-core,35,3,boss,300,500,1.000,0.000,0.000,0.968,5.0,0.00,0.032,1.000,1.692
trio-core,35,4,solo,180,500,1.000,0.000,0.000,1.000,0.0,0.00,0.000,—,1.710
trio-core,35,4,solo,300,500,1.000,0.000,0.000,1.000,0.0,0.00,0.000,—,1.710
trio-core,35,4,pack,180,500,1.000,0.000,0.000,0.954,4.0,0.00,0.046,1.000,1.684
trio-core,35,4,pack,300,500,1.000,0.000,0.000,0.954,3.9,0.00,0.046,1.000,1.684
trio-core,35,4,boss,180,500,1.000,0.000,0.000,0.931,8.1,0.00,0.069,1.000,1.671
trio-core,35,4,boss,300,500,1.000,0.000,0.000,0.931,8.2,0.00,0.069,1.000,1.671
trio-core,35,5,solo,180,500,1.000,0.000,0.000,1.000,0.0,0.00,0.000,—,1.710
trio-core,35,5,solo,300,500,1.000,0.000,0.000,1.000,0.0,0.00,0.000,—,1.710
trio-core,35,5,pack,180,500,1.000,0.000,0.000,0.915,5.7,0.00,0.085,1.000,1.662
trio-core,35,5,pack,300,500,1.000,0.000,0.000,0.915,5.7,0.00,0.085,1.000,1.662
trio-core,35,5,boss,180,500,1.000,0.000,0.000,0.914,12.1,0.00,0.086,1.000,1.661
trio-core,35,5,boss,300,500,1.000,0.000,0.000,0.913,12.0,0.00,0.087,1.000,1.661
trio-core,35,6,solo,180,500,1.000,0.000,0.000,0.970,1.9,0.00,0.030,1.000,1.693
trio-core,35,6,solo,300,500,1.000,0.000,0.000,0.970,1.9,0.00,0.030,1.000,1.693
trio-core,35,6,pack,180,500,1.000,0.000,0.000,0.961,10.0,0.00,0.039,1.000,1.688
trio-core,35,6,pack,300,500,1.000,0.000,0.000,0.963,10.0,0.00,0.037,1.000,1.689
trio-core,35,6,boss,180,500,1.000,0.000,0.000,0.968,18.5,0.00,0.032,1.000,1.692
trio-core,35,6,boss,300,500,1.000,0.000,0.000,0.969,18.4,0.00,0.031,1.000,1.693
trio-core,35,7,solo,180,500,1.000,0.000,0.000,0.921,3.6,0.00,0.079,1.000,1.665
trio-core,35,7,solo,300,500,1.000,0.000,0.000,0.921,3.6,0.00,0.079,1.000,1.665
trio-core,35,7,pack,180,500,1.000,0.000,0.000,0.984,15.8,0.00,0.016,1.000,1.701
trio-core,35,7,pack,300,500,1.000,0.000,0.000,0.985,15.8,0.00,0.015,1.000,1.701
trio-core,35,7,boss,180,500,1.000,0.000,0.000,0.970,30.4,0.00,0.030,1.000,1.693
trio-core,35,7,boss,300,500,1.000,0.000,0.000,0.971,30.4,0.00,0.029,1.000,1.693
trio-core,35,8,solo,180,500,1.000,0.000,0.000,0.932,6.0,0.00,0.068,1.000,1.671
trio-core,35,8,solo,300,500,1.000,0.000,0.000,0.933,6.0,0.00,0.067,1.000,1.672
trio-core,35,8,pack,180,500,0.998,0.000,0.002,0.951,24.7,0.01,0.051,0.999,1.679
trio-core,35,8,pack,300,500,0.998,0.002,0.000,0.955,24.7,0.01,0.046,0.988,1.681
trio-core,35,8,boss,180,500,1.000,0.000,0.000,0.917,48.0,0.00,0.083,1.000,1.663
trio-core,35,8,boss,300,500,1.000,0.000,0.000,0.926,48.1,0.00,0.074,1.000,1.668
trio-core,50,1,solo,180,500,1.000,0.000,0.000,1.000,0.0,0.00,0.000,—,1.800
trio-core,50,1,solo,300,500,1.000,0.000,0.000,1.000,0.0,0.00,0.000,—,1.800
trio-core,50,1,pack,180,500,1.000,0.000,0.000,1.000,0.0,0.00,0.000,—,1.800
trio-core,50,1,pack,300,500,1.000,0.000,0.000,1.000,0.0,0.00,0.000,—,1.800
trio-core,50,1,boss,180,500,1.000,0.000,0.000,0.995,1.7,0.00,0.005,1.000,1.797
trio-core,50,1,boss,300,500,1.000,0.000,0.000,0.995,1.8,0.00,0.005,1.000,1.797
trio-core,50,2,solo,180,500,1.000,0.000,0.000,1.000,0.0,0.00,0.000,—,1.800
trio-core,50,2,solo,300,500,1.000,0.000,0.000,1.000,0.0,0.00,0.000,—,1.800
trio-core,50,2,pack,180,500,1.000,0.000,0.000,1.000,0.0,0.00,0.000,—,1.800
trio-core,50,2,pack,300,500,1.000,0.000,0.000,1.000,0.0,0.00,0.000,—,1.800
trio-core,50,2,boss,180,500,1.000,0.000,0.000,0.990,2.6,0.00,0.010,1.000,1.794
trio-core,50,2,boss,300,500,1.000,0.000,0.000,0.989,2.6,0.00,0.011,1.000,1.794
trio-core,50,3,solo,180,500,1.000,0.000,0.000,1.000,0.0,0.00,0.000,—,1.800
trio-core,50,3,solo,300,500,1.000,0.000,0.000,1.000,0.0,0.00,0.000,—,1.800
trio-core,50,3,pack,180,500,1.000,0.000,0.000,0.986,2.1,0.00,0.014,1.000,1.792
trio-core,50,3,pack,300,500,1.000,0.000,0.000,0.986,2.1,0.00,0.014,1.000,1.792
trio-core,50,3,boss,180,500,1.000,0.000,0.000,0.980,3.9,0.00,0.020,1.000,1.788
trio-core,50,3,boss,300,500,1.000,0.000,0.000,0.980,3.9,0.00,0.020,1.000,1.788
trio-core,50,4,solo,180,500,1.000,0.000,0.000,1.000,0.0,0.00,0.000,—,1.800
trio-core,50,4,solo,300,500,1.000,0.000,0.000,1.000,0.0,0.00,0.000,—,1.800
trio-core,50,4,pack,180,500,1.000,0.000,0.000,0.974,2.8,0.00,0.026,1.000,1.785
trio-core,50,4,pack,300,500,1.000,0.000,0.000,0.975,2.9,0.00,0.025,1.000,1.785
trio-core,50,4,boss,180,500,1.000,0.000,0.000,0.974,5.6,0.00,0.026,1.000,1.785
trio-core,50,4,boss,300,500,1.000,0.000,0.000,0.974,5.6,0.00,0.026,1.000,1.784
trio-core,50,5,solo,180,500,1.000,0.000,0.000,1.000,0.0,0.00,0.000,—,1.800
trio-core,50,5,solo,300,500,1.000,0.000,0.000,1.000,0.0,0.00,0.000,—,1.800
trio-core,50,5,pack,180,500,1.000,0.000,0.000,0.961,4.1,0.00,0.039,1.000,1.777
trio-core,50,5,pack,300,500,1.000,0.000,0.000,0.961,4.1,0.00,0.039,1.000,1.777
trio-core,50,5,boss,180,500,1.000,0.000,0.000,0.945,6.8,0.00,0.055,1.000,1.767
trio-core,50,5,boss,300,500,1.000,0.000,0.000,0.945,6.8,0.00,0.055,1.000,1.767
trio-core,50,6,solo,180,500,1.000,0.000,0.000,0.987,0.7,0.00,0.013,1.000,1.792
trio-core,50,6,solo,300,500,1.000,0.000,0.000,0.987,0.8,0.00,0.013,1.000,1.792
trio-core,50,6,pack,180,500,1.000,0.000,0.000,0.911,5.8,0.00,0.089,1.000,1.746
trio-core,50,6,pack,300,500,1.000,0.000,0.000,0.909,5.8,0.00,0.091,1.000,1.746
trio-core,50,6,boss,180,500,1.000,0.000,0.000,0.893,11.6,0.00,0.107,1.000,1.736
trio-core,50,6,boss,300,500,1.000,0.000,0.000,0.894,11.7,0.00,0.106,1.000,1.736
trio-core,50,7,solo,180,500,1.000,0.000,0.000,0.975,1.6,0.00,0.025,1.000,1.785
trio-core,50,7,solo,300,500,1.000,0.000,0.000,0.975,1.6,0.00,0.025,1.000,1.785
trio-core,50,7,pack,180,500,1.000,0.000,0.000,0.945,8.7,0.00,0.055,1.000,1.767
trio-core,50,7,pack,300,500,1.000,0.000,0.000,0.948,8.7,0.00,0.052,1.000,1.769
trio-core,50,7,boss,180,500,1.000,0.000,0.000,0.986,18.0,0.00,0.014,1.000,1.792
trio-core,50,7,boss,300,500,1.000,0.000,0.000,0.988,17.9,0.00,0.012,1.000,1.793
trio-core,50,8,solo,180,500,1.000,0.000,0.000,0.931,3.8,0.00,0.069,1.000,1.759
trio-core,50,8,solo,300,500,1.000,0.000,0.000,0.930,3.7,0.00,0.070,1.000,1.758
trio-core,50,8,pack,180,500,1.000,0.000,0.000,0.989,15.7,0.00,0.011,1.000,1.793
trio-core,50,8,pack,300,500,1.000,0.000,0.000,0.987,15.7,0.00,0.013,1.000,1.792
trio-core,50,8,boss,180,500,1.000,0.000,0.000,0.963,30.4,0.00,0.037,1.000,1.778
trio-core,50,8,boss,300,500,1.000,0.000,0.000,0.961,30.4,0.00,0.039,1.000,1.777
trio-double-dps,1,1,solo,180,500,1.000,0.000,0.000,0.959,2.7,0.00,0.041,1.000,1.485
trio-double-dps,1,1,solo,300,500,1.000,0.000,0.000,0.959,2.7,0.00,0.041,1.000,1.485
trio-double-dps,1,1,pack,180,500,1.000,0.000,0.000,0.746,12.0,0.00,0.254,1.000,1.378
trio-double-dps,1,1,pack,300,500,1.000,0.000,0.000,0.745,12.0,0.00,0.255,1.000,1.378
trio-double-dps,1,1,boss,180,500,1.000,0.000,0.000,0.509,25.2,0.86,0.491,0.945,1.260
trio-double-dps,1,1,boss,300,500,1.000,0.000,0.000,0.510,25.1,0.82,0.490,0.944,1.260
trio-double-dps,1,2,solo,180,500,1.000,0.000,0.000,0.885,5.5,0.00,0.115,1.000,1.448
trio-double-dps,1,2,solo,300,500,1.000,0.000,0.000,0.885,5.4,0.00,0.115,1.000,1.448
trio-double-dps,1,2,pack,180,500,1.000,0.000,0.000,0.190,23.9,1.72,0.810,0.600,1.099
trio-double-dps,1,2,pack,300,500,1.000,0.000,0.000,0.193,23.8,1.71,0.807,0.603,1.101
trio-double-dps,1,2,boss,180,500,0.000,0.000,1.000,—,—,3.00,1.000,0.538,0.000
trio-double-dps,1,2,boss,300,500,0.000,0.000,1.000,—,—,3.00,1.000,0.539,0.000
trio-double-dps,1,3,solo,180,500,1.000,0.000,0.000,0.790,7.6,0.00,0.210,1.000,1.401
trio-double-dps,1,3,solo,300,500,1.000,0.000,0.000,0.792,7.6,0.00,0.208,1.000,1.402
trio-double-dps,1,3,pack,180,500,0.000,0.000,1.000,—,—,3.00,1.000,0.457,0.000
trio-double-dps,1,3,pack,300,500,0.000,0.000,1.000,—,—,3.00,1.000,0.456,0.000
trio-double-dps,1,3,boss,180,500,0.000,0.000,1.000,—,—,3.00,1.000,0.537,0.000
trio-double-dps,1,3,boss,300,500,0.000,0.000,1.000,—,—,3.00,1.000,0.535,0.000
trio-double-dps,1,4,solo,180,500,1.000,0.000,0.000,0.575,11.8,0.00,0.425,1.000,1.293
trio-double-dps,1,4,solo,300,500,1.000,0.000,0.000,0.579,11.8,0.00,0.421,1.000,1.295
trio-double-dps,1,4,pack,180,500,0.000,0.000,1.000,—,—,3.00,1.000,0.403,0.000
trio-double-dps,1,4,pack,300,500,0.000,0.000,1.000,—,—,3.00,1.000,0.406,0.000
trio-double-dps,1,4,boss,180,500,0.000,0.000,1.000,—,—,3.00,1.000,0.443,0.000
trio-double-dps,1,4,boss,300,500,0.000,0.000,1.000,—,—,3.00,1.000,0.445,0.000
trio-double-dps,1,5,solo,180,500,0.094,0.000,0.906,0.155,20.5,2.89,0.985,0.443,0.102
trio-double-dps,1,5,solo,300,500,0.078,0.000,0.922,0.171,20.3,2.91,0.987,0.440,0.085
trio-double-dps,1,5,pack,180,500,0.000,0.000,1.000,—,—,3.00,1.000,0.432,0.000
trio-double-dps,1,5,pack,300,500,0.000,0.000,1.000,—,—,3.00,1.000,0.435,0.000
trio-double-dps,1,5,boss,180,500,0.000,0.000,1.000,—,—,3.00,1.000,0.425,0.000
trio-double-dps,1,5,boss,300,500,0.000,0.000,1.000,—,—,3.00,1.000,0.426,0.000
trio-double-dps,1,6,solo,180,500,0.000,0.000,1.000,—,—,3.00,1.000,0.341,0.000
trio-double-dps,1,6,solo,300,500,0.000,0.000,1.000,—,—,3.00,1.000,0.340,0.000
trio-double-dps,1,6,pack,180,500,0.000,0.000,1.000,—,—,3.00,1.000,0.342,0.000
trio-double-dps,1,6,pack,300,500,0.000,0.000,1.000,—,—,3.00,1.000,0.338,0.000
trio-double-dps,1,6,boss,180,500,0.000,0.000,1.000,—,—,3.00,1.000,0.349,0.000
trio-double-dps,1,6,boss,300,500,0.000,0.000,1.000,—,—,3.00,1.000,0.348,0.000
trio-double-dps,1,7,solo,180,500,0.000,0.000,1.000,—,—,3.00,1.000,0.495,0.000
trio-double-dps,1,7,solo,300,500,0.000,0.000,1.000,—,—,3.00,1.000,0.492,0.000
trio-double-dps,1,7,pack,180,500,0.000,0.000,1.000,—,—,3.00,1.000,0.494,0.000
trio-double-dps,1,7,pack,300,500,0.000,0.000,1.000,—,—,3.00,1.000,0.493,0.000
trio-double-dps,1,7,boss,180,500,0.000,0.000,1.000,—,—,3.00,1.000,0.257,0.000
trio-double-dps,1,7,boss,300,500,0.000,0.000,1.000,—,—,3.00,1.000,0.250,0.000
trio-double-dps,1,8,solo,180,500,0.000,0.000,1.000,—,—,3.00,1.000,0.493,0.000
trio-double-dps,1,8,solo,300,500,0.000,0.000,1.000,—,—,3.00,1.000,0.496,0.000
trio-double-dps,1,8,pack,180,500,0.000,0.000,1.000,—,—,3.00,1.000,0.493,0.000
trio-double-dps,1,8,pack,300,500,0.000,0.000,1.000,—,—,3.00,1.000,0.492,0.000
trio-double-dps,1,8,boss,180,500,0.000,0.000,1.000,—,—,3.00,1.000,0.345,0.000
trio-double-dps,1,8,boss,300,500,0.000,0.000,1.000,—,—,3.00,1.000,0.341,0.000
trio-double-dps,5,1,solo,180,500,1.000,0.000,0.000,1.000,0.0,0.00,0.000,—,1.530
trio-double-dps,5,1,solo,300,500,1.000,0.000,0.000,1.000,0.0,0.00,0.000,—,1.530
trio-double-dps,5,1,pack,180,500,1.000,0.000,0.000,0.879,6.2,0.00,0.121,1.000,1.469
trio-double-dps,5,1,pack,300,500,1.000,0.000,0.000,0.876,6.2,0.00,0.124,1.000,1.467
trio-double-dps,5,1,boss,180,500,1.000,0.000,0.000,0.830,12.1,0.00,0.170,1.000,1.444
trio-double-dps,5,1,boss,300,500,1.000,0.000,0.000,0.829,12.2,0.00,0.171,1.000,1.443
trio-double-dps,5,2,solo,180,500,1.000,0.000,0.000,0.962,2.0,0.00,0.038,1.000,1.511
trio-double-dps,5,2,solo,300,500,1.000,0.000,0.000,0.961,2.0,0.00,0.039,1.000,1.510
trio-double-dps,5,2,pack,180,500,1.000,0.000,0.000,0.770,8.6,0.00,0.230,1.000,1.413
trio-double-dps,5,2,pack,300,500,1.000,0.000,0.000,0.769,8.6,0.00,0.231,1.000,1.412
trio-double-dps,5,2,boss,180,500,1.000,0.000,0.000,0.639,17.7,0.00,0.361,1.000,1.346
trio-double-dps,5,2,boss,300,500,1.000,0.000,0.000,0.639,17.6,0.00,0.361,1.000,1.346
trio-double-dps,5,3,solo,180,500,1.000,0.000,0.000,0.942,2.2,0.00,0.058,1.000,1.500
trio-double-dps,5,3,solo,300,500,1.000,0.000,0.000,0.943,2.2,0.00,0.057,1.000,1.501
trio-double-dps,5,3,pack,180,500,1.000,0.000,0.000,0.526,12.2,0.51,0.474,0.944,1.288
trio-double-dps,5,3,pack,300,500,1.000,0.000,0.000,0.528,12.3,0.49,0.472,0.944,1.289
trio-double-dps,5,3,boss,180,500,1.000,0.000,0.000,0.223,27.6,1.51,0.777,0.676,1.134
trio-double-dps,5,3,boss,300,500,1.000,0.000,0.000,0.221,27.6,1.56,0.779,0.672,1.133
trio-double-dps,5,4,solo,180,500,1.000,0.000,0.000,0.849,5.5,0.00,0.151,1.000,1.453
trio-double-dps,5,4,solo,300,500,1.000,0.000,0.000,0.848,5.5,0.00,0.152,1.000,1.453
trio-double-dps,5,4,pack,180,500,0.004,0.000,0.996,0.108,22.1,2.99,1.000,0.510,0.004
trio-double-dps,5,4,pack,300,500,0.002,0.000,0.998,0.149,18.9,3.00,1.000,0.510,0.002
trio-double-dps,5,4,boss,180,500,0.000,0.000,1.000,—,—,3.00,1.000,0.567,0.000
trio-double-dps,5,4,boss,300,500,0.000,0.000,1.000,—,—,3.00,1.000,0.564,0.000
trio-double-dps,5,5,solo,180,500,1.000,0.000,0.000,0.678,8.2,0.00,0.322,1.000,1.366
trio-double-dps,5,5,solo,300,500,1.000,0.000,0.000,0.680,8.2,0.00,0.320,1.000,1.367
trio-double-dps,5,5,pack,180,500,0.000,0.000,1.000,—,—,3.00,1.000,0.456,0.000
trio-double-dps,5,5,pack,300,500,0.000,0.000,1.000,—,—,3.00,1.000,0.455,0.000
trio-double-dps,5,5,boss,180,500,0.000,0.000,1.000,—,—,3.00,1.000,0.503,0.000
trio-double-dps,5,5,boss,300,500,0.000,0.000,1.000,—,—,3.00,1.000,0.502,0.000
trio-double-dps,5,6,solo,180,500,1.000,0.000,0.000,0.220,14.3,1.66,0.780,0.604,1.132
trio-double-dps,5,6,solo,300,500,1.000,0.000,0.000,0.217,14.2,1.68,0.783,0.601,1.131
trio-double-dps,5,6,pack,180,500,0.000,0.000,1.000,—,—,3.00,1.000,0.440,0.000
trio-double-dps,5,6,pack,300,500,0.000,0.000,1.000,—,—,3.00,1.000,0.439,0.000
trio-double-dps,5,6,boss,180,500,0.000,0.000,1.000,—,—,3.00,1.000,0.461,0.000
trio-double-dps,5,6,boss,300,500,0.000,0.000,1.000,—,—,3.00,1.000,0.458,0.000
trio-double-dps,5,7,solo,180,500,0.000,0.000,1.000,—,—,3.00,1.000,0.496,0.000
trio-double-dps,5,7,solo,300,500,0.000,0.000,1.000,—,—,3.00,1.000,0.495,0.000
trio-double-dps,5,7,pack,180,500,0.000,0.000,1.000,—,—,3.00,1.000,0.495,0.000
trio-double-dps,5,7,pack,300,500,0.000,0.000,1.000,—,—,3.00,1.000,0.496,0.000
trio-double-dps,5,7,boss,180,500,0.000,0.000,1.000,—,—,3.00,1.000,0.359,0.000
trio-double-dps,5,7,boss,300,500,0.000,0.000,1.000,—,—,3.00,1.000,0.362,0.000
trio-double-dps,5,8,solo,180,500,0.000,0.000,1.000,—,—,3.00,1.000,0.494,0.000
trio-double-dps,5,8,solo,300,500,0.000,0.000,1.000,—,—,3.00,1.000,0.495,0.000
trio-double-dps,5,8,pack,180,500,0.000,0.000,1.000,—,—,3.00,1.000,0.494,0.000
trio-double-dps,5,8,pack,300,500,0.000,0.000,1.000,—,—,3.00,1.000,0.495,0.000
trio-double-dps,5,8,boss,180,500,0.000,0.000,1.000,—,—,3.00,1.000,0.270,0.000
trio-double-dps,5,8,boss,300,500,0.000,0.000,1.000,—,—,3.00,1.000,0.280,0.000
trio-double-dps,10,1,solo,180,500,1.000,0.000,0.000,1.000,0.0,0.00,0.000,—,1.560
trio-double-dps,10,1,solo,300,500,1.000,0.000,0.000,1.000,0.0,0.00,0.000,—,1.560
trio-double-dps,10,1,pack,180,500,1.000,0.000,0.000,0.939,3.4,0.00,0.061,1.000,1.528
trio-double-dps,10,1,pack,300,500,1.000,0.000,0.000,0.939,3.4,0.00,0.061,1.000,1.528
trio-double-dps,10,1,boss,180,500,1.000,0.000,0.000,0.932,6.3,0.00,0.068,1.000,1.525
trio-double-dps,10,1,boss,300,500,1.000,0.000,0.000,0.932,6.3,0.00,0.068,1.000,1.525
trio-double-dps,10,2,solo,180,500,1.000,0.000,0.000,1.000,0.0,0.00,0.000,—,1.560
trio-double-dps,10,2,solo,300,500,1.000,0.000,0.000,1.000,0.0,0.00,0.000,—,1.560
trio-double-dps,10,2,pack,180,500,1.000,0.000,0.000,0.893,5.1,0.00,0.107,1.000,1.504
trio-double-dps,10,2,pack,300,500,1.000,0.000,0.000,0.891,5.2,0.00,0.109,1.000,1.503
trio-double-dps,10,2,boss,180,500,1.000,0.000,0.000,0.865,9.4,0.00,0.135,1.000,1.490
trio-double-dps,10,2,boss,300,500,1.000,0.000,0.000,0.867,9.4,0.00,0.133,1.000,1.491
trio-double-dps,10,3,solo,180,500,1.000,0.000,0.000,0.966,1.4,0.00,0.034,1.000,1.542
trio-double-dps,10,3,solo,300,500,1.000,0.000,0.000,0.967,1.4,0.00,0.033,1.000,1.543
trio-double-dps,10,3,pack,180,500,1.000,0.000,0.000,0.780,6.9,0.00,0.220,1.000,1.446
trio-double-dps,10,3,pack,300,500,1.000,0.000,0.000,0.776,6.9,0.00,0.224,1.000,1.444
trio-double-dps,10,3,boss,180,500,1.000,0.000,0.000,0.699,13.9,0.00,0.301,1.000,1.404
trio-double-dps,10,3,boss,300,500,1.000,0.000,0.000,0.700,13.8,0.00,0.300,1.000,1.404
trio-double-dps,10,4,solo,180,500,1.000,0.000,0.000,0.945,1.8,0.00,0.055,1.000,1.531
trio-double-dps,10,4,solo,300,500,1.000,0.000,0.000,0.944,1.8,0.00,0.056,1.000,1.531
trio-double-dps,10,4,pack,180,500,1.000,0.000,0.000,0.624,10.2,0.00,0.376,1.000,1.364
trio-double-dps,10,4,pack,300,500,1.000,0.000,0.000,0.627,10.1,0.00,0.373,1.000,1.366
trio-double-dps,10,4,boss,180,500,1.000,0.000,0.000,0.351,20.6,1.02,0.649,0.792,1.223
trio-double-dps,10,4,boss,300,500,1.000,0.000,0.000,0.356,20.6,1.04,0.644,0.796,1.225
trio-double-dps,10,5,solo,180,500,1.000,0.000,0.000,0.845,4.5,0.00,0.155,1.000,1.479
trio-double-dps,10,5,solo,300,500,1.000,0.000,0.000,0.846,4.5,0.00,0.154,1.000,1.480
trio-double-dps,10,5,pack,180,500,0.254,0.000,0.746,0.141,17.6,2.71,0.964,0.537,0.283
trio-double-dps,10,5,pack,300,500,0.236,0.000,0.764,0.144,17.3,2.72,0.966,0.535,0.263
trio-double-dps,10,5,boss,180,500,0.000,0.000,1.000,—,—,3.00,1.000,0.572,0.000
trio-double-dps,10,5,boss,300,500,0.000,0.000,1.000,—,—,3.00,1.000,0.573,0.000
trio-double-dps,10,6,solo,180,500,1.000,0.000,0.000,0.698,6.7,0.00,0.302,1.000,1.403
trio-double-dps,10,6,solo,300,500,1.000,0.000,0.000,0.695,6.7,0.00,0.305,1.000,1.401
trio-double-dps,10,6,pack,180,500,0.000,0.000,1.000,—,—,3.00,1.000,0.517,0.000
trio-double-dps,10,6,pack,300,500,0.000,0.000,1.000,—,—,3.00,1.000,0.519,0.000
trio-double-dps,10,6,boss,180,500,0.000,0.000,1.000,—,—,3.00,1.000,0.506,0.000
trio-double-dps,10,6,boss,300,500,0.000,0.000,1.000,—,—,3.00,1.000,0.509,0.000
trio-double-dps,10,7,solo,180,500,1.000,0.000,0.000,0.403,10.8,0.98,0.597,0.832,1.249
trio-double-dps,10,7,solo,300,500,1.000,0.000,0.000,0.399,10.8,0.98,0.601,0.825,1.247
trio-double-dps,10,7,pack,180,500,0.000,0.000,1.000,—,—,3.00,1.000,0.446,0.000
trio-double-dps,10,7,pack,300,500,0.000,0.000,1.000,—,—,3.00,1.000,0.446,0.000
trio-double-dps,10,7,boss,180,500,0.000,0.000,1.000,—,—,3.00,1.000,0.515,0.000
trio-double-dps,10,7,boss,300,500,0.000,0.000,1.000,—,—,3.00,1.000,0.516,0.000
trio-double-dps,10,8,solo,180,500,0.000,0.000,1.000,—,—,3.00,1.000,0.600,0.000
trio-double-dps,10,8,solo,300,500,0.000,0.000,1.000,—,—,3.00,1.000,0.600,0.000
trio-double-dps,10,8,pack,180,500,0.000,0.000,1.000,—,—,3.00,1.000,0.594,0.000
trio-double-dps,10,8,pack,300,500,0.000,0.000,1.000,—,—,3.00,1.000,0.598,0.000
trio-double-dps,10,8,boss,180,500,0.000,0.000,1.000,—,—,3.00,1.000,0.378,0.000
trio-double-dps,10,8,boss,300,500,0.000,0.000,1.000,—,—,3.00,1.000,0.375,0.000
trio-double-dps,20,1,solo,180,500,1.000,0.000,0.000,1.000,0.0,0.00,0.000,—,1.620
trio-double-dps,20,1,solo,300,500,1.000,0.000,0.000,1.000,0.0,0.00,0.000,—,1.620
trio-double-dps,20,1,pack,180,500,1.000,0.000,0.000,0.989,1.4,0.00,0.011,1.000,1.614
trio-double-dps,20,1,pack,300,500,1.000,0.000,0.000,0.989,1.4,0.00,0.011,1.000,1.614
trio-double-dps,20,1,boss,180,500,1.000,0.000,0.000,0.983,2.8,0.00,0.017,1.000,1.611
trio-double-dps,20,1,boss,300,500,1.000,0.000,0.000,0.984,2.8,0.00,0.016,1.000,1.611
trio-double-dps,20,2,solo,180,500,1.000,0.000,0.000,1.000,0.0,0.00,0.000,—,1.620
trio-double-dps,20,2,solo,300,500,1.000,0.000,0.000,1.000,0.0,0.00,0.000,—,1.620
trio-double-dps,20,2,pack,180,500,1.000,0.000,0.000,0.971,2.4,0.00,0.029,1.000,1.604
trio-double-dps,20,2,pack,300,500,1.000,0.000,0.000,0.971,2.4,0.00,0.029,1.000,1.604
trio-double-dps,20,2,boss,180,500,1.000,0.000,0.000,0.953,4.1,0.00,0.047,1.000,1.595
trio-double-dps,20,2,boss,300,500,1.000,0.000,0.000,0.953,4.1,0.00,0.047,1.000,1.595
trio-double-dps,20,3,solo,180,500,1.000,0.000,0.000,1.000,0.0,0.00,0.000,—,1.620
trio-double-dps,20,3,solo,300,500,1.000,0.000,0.000,1.000,0.0,0.00,0.000,—,1.620
trio-double-dps,20,3,pack,180,500,1.000,0.000,0.000,0.956,2.8,0.00,0.044,1.000,1.596
trio-double-dps,20,3,pack,300,500,1.000,0.000,0.000,0.956,2.8,0.00,0.044,1.000,1.596
trio-double-dps,20,3,boss,180,500,1.000,0.000,0.000,0.939,5.8,0.00,0.061,1.000,1.587
trio-double-dps,20,3,boss,300,500,1.000,0.000,0.000,0.939,5.8,0.00,0.061,1.000,1.587
trio-double-dps,20,4,solo,180,500,1.000,0.000,0.000,0.978,1.0,0.00,0.022,1.000,1.608
trio-double-dps,20,4,solo,300,500,1.000,0.000,0.000,0.978,1.0,0.00,0.022,1.000,1.608
trio-double-dps,20,4,pack,180,500,1.000,0.000,0.000,0.886,5.1,0.00,0.114,1.000,1.558
trio-double-dps,20,4,pack,300,500,1.000,0.000,0.000,0.886,5.0,0.00,0.114,1.000,1.559
trio-double-dps,20,4,boss,180,500,1.000,0.000,0.000,0.808,9.7,0.00,0.192,1.000,1.516
trio-double-dps,20,4,boss,300,500,1.000,0.000,0.000,0.806,9.7,0.00,0.194,1.000,1.515
trio-double-dps,20,5,solo,180,500,1.000,0.000,0.000,0.958,1.4,0.00,0.042,1.000,1.597
trio-double-dps,20,5,solo,300,500,1.000,0.000,0.000,0.958,1.4,0.00,0.042,1.000,1.597
trio-double-dps,20,5,pack,180,500,1.000,0.000,0.000,0.751,7.1,0.00,0.249,1.000,1.486
trio-double-dps,20,5,pack,300,500,1.000,0.000,0.000,0.752,7.1,0.00,0.248,1.000,1.486
trio-double-dps,20,5,boss,180,500,1.000,0.000,0.000,0.663,13.4,0.00,0.337,1.000,1.438
trio-double-dps,20,5,boss,300,500,1.000,0.000,0.000,0.660,13.4,0.00,0.340,1.000,1.436
trio-double-dps,20,6,solo,180,500,1.000,0.000,0.000,0.939,2.7,0.00,0.061,1.000,1.587
trio-double-dps,20,6,solo,300,500,1.000,0.000,0.000,0.940,2.7,0.00,0.060,1.000,1.587
trio-double-dps,20,6,pack,180,500,1.000,0.000,0.000,0.545,10.8,0.37,0.455,0.996,1.374
trio-double-dps,20,6,pack,300,500,1.000,0.000,0.000,0.541,10.8,0.36,0.459,0.995,1.372
trio-double-dps,20,6,boss,180,500,0.848,0.000,0.152,0.311,21.4,1.53,0.736,0.784,1.058
trio-double-dps,20,6,boss,300,500,0.870,0.000,0.130,0.313,21.4,1.49,0.728,0.788,1.086
trio-double-dps,20,7,solo,180,500,1.000,0.000,0.000,0.835,5.0,0.00,0.165,1.000,1.531
trio-double-dps,20,7,solo,300,500,1.000,0.000,0.000,0.834,5.0,0.00,0.166,1.000,1.530
trio-double-dps,20,7,pack,180,500,0.002,0.000,0.998,0.240,16.6,3.00,1.000,0.609,0.002
trio-double-dps,20,7,pack,300,500,0.000,0.000,1.000,—,—,3.00,1.000,0.608,0.000
trio-double-dps,20,7,boss,180,500,0.000,0.000,1.000,—,—,3.00,1.000,0.596,0.000
trio-double-dps,20,7,boss,300,500,0.000,0.000,1.000,—,—,3.00,1.000,0.596,0.000
trio-double-dps,20,8,solo,180,500,1.000,0.000,0.000,0.656,7.6,0.00,0.344,1.000,1.434
trio-double-dps,20,8,solo,300,500,1.000,0.000,0.000,0.653,7.5,0.00,0.347,1.000,1.432
trio-double-dps,20,8,pack,180,500,0.000,0.000,1.000,—,—,3.00,1.000,0.529,0.000
trio-double-dps,20,8,pack,300,500,0.000,0.000,1.000,—,—,3.00,1.000,0.529,0.000
trio-double-dps,20,8,boss,180,500,0.000,0.000,1.000,—,—,3.00,1.000,0.567,0.000
trio-double-dps,20,8,boss,300,500,0.000,0.000,1.000,—,—,3.00,1.000,0.567,0.000
trio-double-dps,35,1,solo,180,500,1.000,0.000,0.000,1.000,0.0,0.00,0.000,—,1.710
trio-double-dps,35,1,solo,300,500,1.000,0.000,0.000,1.000,0.0,0.00,0.000,—,1.710
trio-double-dps,35,1,pack,180,500,1.000,0.000,0.000,1.000,0.0,0.00,0.000,—,1.710
trio-double-dps,35,1,pack,300,500,1.000,0.000,0.000,1.000,0.0,0.00,0.000,—,1.710
trio-double-dps,35,1,boss,180,500,1.000,0.000,0.000,0.991,1.7,0.00,0.009,1.000,1.705
trio-double-dps,35,1,boss,300,500,1.000,0.000,0.000,0.991,1.7,0.00,0.009,1.000,1.705
trio-double-dps,35,2,solo,180,500,1.000,0.000,0.000,1.000,0.0,0.00,0.000,—,1.710
trio-double-dps,35,2,solo,300,500,1.000,0.000,0.000,1.000,0.0,0.00,0.000,—,1.710
trio-double-dps,35,2,pack,180,500,1.000,0.000,0.000,0.991,1.1,0.00,0.009,1.000,1.705
trio-double-dps,35,2,pack,300,500,1.000,0.000,0.000,0.991,1.1,0.00,0.009,1.000,1.705
trio-double-dps,35,2,boss,180,500,1.000,0.000,0.000,0.987,2.3,0.00,0.013,1.000,1.703
trio-double-dps,35,2,boss,300,500,1.000,0.000,0.000,0.987,2.3,0.00,0.013,1.000,1.703
trio-double-dps,35,3,solo,180,500,1.000,0.000,0.000,1.000,0.0,0.00,0.000,—,1.710
trio-double-dps,35,3,solo,300,500,1.000,0.000,0.000,1.000,0.0,0.00,0.000,—,1.710
trio-double-dps,35,3,pack,180,500,1.000,0.000,0.000,0.978,1.8,0.00,0.022,1.000,1.698
trio-double-dps,35,3,pack,300,500,1.000,0.000,0.000,0.978,1.8,0.00,0.022,1.000,1.698
trio-double-dps,35,3,boss,180,500,1.000,0.000,0.000,0.970,3.1,0.00,0.030,1.000,1.693
trio-double-dps,35,3,boss,300,500,1.000,0.000,0.000,0.970,3.1,0.00,0.030,1.000,1.693
trio-double-dps,35,4,solo,180,500,1.000,0.000,0.000,1.000,0.0,0.00,0.000,—,1.710
trio-double-dps,35,4,solo,300,500,1.000,0.000,0.000,1.000,0.0,0.00,0.000,—,1.710
trio-double-dps,35,4,pack,180,500,1.000,0.000,0.000,0.967,2.3,0.00,0.033,1.000,1.691
trio-double-dps,35,4,pack,300,500,1.000,0.000,0.000,0.967,2.3,0.00,0.033,1.000,1.691
trio-double-dps,35,4,boss,180,500,1.000,0.000,0.000,0.951,4.4,0.00,0.049,1.000,1.682
trio-double-dps,35,4,boss,300,500,1.000,0.000,0.000,0.950,4.4,0.00,0.050,1.000,1.682
trio-double-dps,35,5,solo,180,500,1.000,0.000,0.000,1.000,0.0,0.00,0.000,—,1.710
trio-double-dps,35,5,solo,300,500,1.000,0.000,0.000,1.000,0.0,0.00,0.000,—,1.710
trio-double-dps,35,5,pack,180,500,1.000,0.000,0.000,0.934,3.3,0.00,0.066,1.000,1.672
trio-double-dps,35,5,pack,300,500,1.000,0.000,0.000,0.934,3.3,0.00,0.066,1.000,1.672
trio-double-dps,35,5,boss,180,500,1.000,0.000,0.000,0.906,6.7,0.00,0.094,1.000,1.656
trio-double-dps,35,5,boss,300,500,1.000,0.000,0.000,0.908,6.7,0.00,0.092,1.000,1.657
trio-double-dps,35,6,solo,180,500,1.000,0.000,0.000,0.969,1.1,0.00,0.031,1.000,1.692
trio-double-dps,35,6,solo,300,500,1.000,0.000,0.000,0.969,1.1,0.00,0.031,1.000,1.692
trio-double-dps,35,6,pack,180,500,1.000,0.000,0.000,0.842,5.6,0.00,0.158,1.000,1.620
trio-double-dps,35,6,pack,300,500,1.000,0.000,0.000,0.842,5.5,0.00,0.158,1.000,1.620
trio-double-dps,35,6,boss,180,500,1.000,0.000,0.000,0.791,10.2,0.00,0.209,1.000,1.591
trio-double-dps,35,6,boss,300,500,1.000,0.000,0.000,0.791,10.2,0.00,0.209,1.000,1.591
trio-double-dps,35,7,solo,180,500,1.000,0.000,0.000,0.955,2.1,0.00,0.045,1.000,1.684
trio-double-dps,35,7,solo,300,500,1.000,0.000,0.000,0.955,2.1,0.00,0.045,1.000,1.684
trio-double-dps,35,7,pack,180,500,1.000,0.000,0.000,0.726,8.1,0.00,0.274,1.000,1.554
trio-double-dps,35,7,pack,300,500,1.000,0.000,0.000,0.725,8.1,0.00,0.275,1.000,1.553
trio-double-dps,35,7,boss,180,500,1.000,0.000,0.000,0.572,16.0,0.10,0.428,1.000,1.466
trio-double-dps,35,7,boss,300,500,1.000,0.000,0.000,0.572,15.9,0.11,0.428,1.000,1.466
trio-double-dps,35,8,solo,180,500,1.000,0.000,0.000,0.874,3.6,0.00,0.126,1.000,1.638
trio-double-dps,35,8,solo,300,500,1.000,0.000,0.000,0.873,3.6,0.00,0.127,1.000,1.638
trio-double-dps,35,8,pack,180,500,0.672,0.000,0.328,0.300,13.6,1.99,0.798,0.760,0.881
trio-double-dps,35,8,pack,300,500,0.680,0.000,0.320,0.300,13.6,2.00,0.796,0.760,0.892
trio-double-dps,35,8,boss,180,500,0.024,0.000,0.976,0.140,26.2,2.97,0.997,0.632,0.029
trio-double-dps,35,8,boss,300,500,0.026,0.000,0.974,0.173,26.7,2.97,0.995,0.634,0.032
trio-double-dps,50,1,solo,180,500,1.000,0.000,0.000,1.000,0.0,0.00,0.000,—,1.800
trio-double-dps,50,1,solo,300,500,1.000,0.000,0.000,1.000,0.0,0.00,0.000,—,1.800
trio-double-dps,50,1,pack,180,500,1.000,0.000,0.000,1.000,0.0,0.00,0.000,—,1.800
trio-double-dps,50,1,pack,300,500,1.000,0.000,0.000,1.000,0.0,0.00,0.000,—,1.800
trio-double-dps,50,1,boss,180,500,1.000,0.000,0.000,0.994,1.0,0.00,0.006,1.000,1.797
trio-double-dps,50,1,boss,300,500,1.000,0.000,0.000,0.994,1.0,0.00,0.006,1.000,1.797
trio-double-dps,50,2,solo,180,500,1.000,0.000,0.000,1.000,0.0,0.00,0.000,—,1.800
trio-double-dps,50,2,solo,300,500,1.000,0.000,0.000,1.000,0.0,0.00,0.000,—,1.800
trio-double-dps,50,2,pack,180,500,1.000,0.000,0.000,1.000,0.0,0.00,0.000,—,1.800
trio-double-dps,50,2,pack,300,500,1.000,0.000,0.000,1.000,0.0,0.00,0.000,—,1.800
trio-double-dps,50,2,boss,180,500,1.000,0.000,0.000,0.992,1.4,0.00,0.008,1.000,1.795
trio-double-dps,50,2,boss,300,500,1.000,0.000,0.000,0.992,1.4,0.00,0.008,1.000,1.795
trio-double-dps,50,3,solo,180,500,1.000,0.000,0.000,1.000,0.0,0.00,0.000,—,1.800
trio-double-dps,50,3,solo,300,500,1.000,0.000,0.000,1.000,0.0,0.00,0.000,—,1.800
trio-double-dps,50,3,pack,180,500,1.000,0.000,0.000,0.993,1.0,0.00,0.007,1.000,1.796
trio-double-dps,50,3,pack,300,500,1.000,0.000,0.000,0.993,1.0,0.00,0.007,1.000,1.796
trio-double-dps,50,3,boss,180,500,1.000,0.000,0.000,0.989,2.1,0.00,0.011,1.000,1.794
trio-double-dps,50,3,boss,300,500,1.000,0.000,0.000,0.989,2.1,0.00,0.011,1.000,1.794
trio-double-dps,50,4,solo,180,500,1.000,0.000,0.000,1.000,0.0,0.00,0.000,—,1.800
trio-double-dps,50,4,solo,300,500,1.000,0.000,0.000,1.000,0.0,0.00,0.000,—,1.800
trio-double-dps,50,4,pack,180,500,1.000,0.000,0.000,0.983,1.6,0.00,0.017,1.000,1.790
trio-double-dps,50,4,pack,300,500,1.000,0.000,0.000,0.983,1.6,0.00,0.017,1.000,1.790
trio-double-dps,50,4,boss,180,500,1.000,0.000,0.000,0.972,2.9,0.00,0.028,1.000,1.783
trio-double-dps,50,4,boss,300,500,1.000,0.000,0.000,0.973,2.9,0.00,0.027,1.000,1.784
trio-double-dps,50,5,solo,180,500,1.000,0.000,0.000,1.000,0.0,0.00,0.000,—,1.800
trio-double-dps,50,5,solo,300,500,1.000,0.000,0.000,1.000,0.0,0.00,0.000,—,1.800
trio-double-dps,50,5,pack,180,500,1.000,0.000,0.000,0.972,2.1,0.00,0.028,1.000,1.783
trio-double-dps,50,5,pack,300,500,1.000,0.000,0.000,0.972,2.1,0.00,0.028,1.000,1.783
trio-double-dps,50,5,boss,180,500,1.000,0.000,0.000,0.958,4.1,0.00,0.042,1.000,1.775
trio-double-dps,50,5,boss,300,500,1.000,0.000,0.000,0.958,4.0,0.00,0.042,1.000,1.775
trio-double-dps,50,6,solo,180,500,1.000,0.000,0.000,1.000,0.0,0.00,0.000,—,1.800
trio-double-dps,50,6,solo,300,500,1.000,0.000,0.000,1.000,0.0,0.00,0.000,—,1.800
trio-double-dps,50,6,pack,180,500,1.000,0.000,0.000,0.940,3.1,0.00,0.060,1.000,1.764
trio-double-dps,50,6,pack,300,500,1.000,0.000,0.000,0.939,3.1,0.00,0.061,1.000,1.764
trio-double-dps,50,6,boss,180,500,1.000,0.000,0.000,0.918,6.2,0.00,0.082,1.000,1.751
trio-double-dps,50,6,boss,300,500,1.000,0.000,0.000,0.918,6.2,0.00,0.082,1.000,1.751
trio-double-dps,50,7,solo,180,500,1.000,0.000,0.000,0.973,1.0,0.00,0.027,1.000,1.784
trio-double-dps,50,7,solo,300,500,1.000,0.000,0.000,0.972,1.0,0.00,0.028,1.000,1.783
trio-double-dps,50,7,pack,180,500,1.000,0.000,0.000,0.865,5.1,0.00,0.135,1.000,1.719
trio-double-dps,50,7,pack,300,500,1.000,0.000,0.000,0.864,5.2,0.00,0.136,1.000,1.718
trio-double-dps,50,7,boss,180,500,1.000,0.000,0.000,0.829,9.6,0.00,0.171,1.000,1.697
trio-double-dps,50,7,boss,300,500,1.000,0.000,0.000,0.827,9.6,0.00,0.173,1.000,1.696
trio-double-dps,50,8,solo,180,500,1.000,0.000,0.000,0.961,2.0,0.00,0.039,1.000,1.777
trio-double-dps,50,8,solo,300,500,1.000,0.000,0.000,0.961,2.0,0.00,0.039,1.000,1.777
trio-double-dps,50,8,pack,180,500,1.000,0.000,0.000,0.770,7.9,0.00,0.230,1.000,1.662
trio-double-dps,50,8,pack,300,500,1.000,0.000,0.000,0.771,7.8,0.00,0.229,1.000,1.663
trio-double-dps,50,8,boss,180,500,1.000,0.000,0.000,0.650,15.3,0.00,0.350,1.000,1.590
trio-double-dps,50,8,boss,300,500,1.000,0.000,0.000,0.650,15.3,0.00,0.350,1.000,1.590
trio-no-tank,1,1,solo,180,500,1.000,0.000,0.000,0.950,2.7,0.00,0.050,—,1.481
trio-no-tank,1,1,solo,300,500,1.000,0.000,0.000,0.949,2.7,0.00,0.051,—,1.480
trio-no-tank,1,1,pack,180,500,1.000,0.000,0.000,0.971,13.7,0.00,0.029,—,1.492
trio-no-tank,1,1,pack,300,500,1.000,0.000,0.000,0.968,13.6,0.00,0.032,—,1.490
trio-no-tank,1,1,boss,180,500,1.000,0.000,0.000,0.970,29.2,0.00,0.030,—,1.491
trio-no-tank,1,1,boss,300,500,1.000,0.000,0.000,0.975,29.3,0.00,0.025,—,1.493
trio-no-tank,1,2,solo,180,500,1.000,0.000,0.000,0.982,5.2,0.00,0.018,—,1.497
trio-no-tank,1,2,solo,300,500,1.000,0.000,0.000,0.985,5.3,0.00,0.015,—,1.499
trio-no-tank,1,2,pack,180,500,0.270,0.516,0.214,0.696,39.5,1.94,0.651,—,0.365
trio-no-tank,1,2,pack,300,500,0.294,0.518,0.188,0.700,40.2,1.89,0.633,—,0.399
trio-no-tank,1,2,boss,180,500,1.000,0.000,0.000,0.697,76.0,0.81,0.303,—,1.354
trio-no-tank,1,2,boss,300,500,1.000,0.000,0.000,0.692,77.7,0.84,0.308,—,1.351
trio-no-tank,1,3,solo,180,500,1.000,0.000,0.000,0.974,8.1,0.00,0.026,—,1.493
trio-no-tank,1,3,solo,300,500,1.000,0.000,0.000,0.974,8.1,0.00,0.026,—,1.493
trio-no-tank,1,3,pack,180,500,0.000,0.000,1.000,—,—,3.00,1.000,—,0.000
trio-no-tank,1,3,pack,300,500,0.000,0.000,1.000,—,—,3.00,1.000,—,0.000
trio-no-tank,1,3,boss,180,500,0.000,0.000,1.000,—,—,3.00,1.000,—,0.000
trio-no-tank,1,3,boss,300,500,0.000,0.000,1.000,—,—,3.00,1.000,—,0.000
trio-no-tank,1,4,solo,180,500,1.000,0.000,0.000,0.737,12.3,0.47,0.263,—,1.374
trio-no-tank,1,4,solo,300,500,1.000,0.000,0.000,0.728,12.2,0.52,0.272,—,1.370
trio-no-tank,1,4,pack,180,500,0.000,0.000,1.000,—,—,3.00,1.000,—,0.000
trio-no-tank,1,4,pack,300,500,0.000,0.000,1.000,—,—,3.00,1.000,—,0.000
trio-no-tank,1,4,boss,180,500,0.000,0.000,1.000,—,—,3.00,1.000,—,0.000
trio-no-tank,1,4,boss,300,500,0.000,0.000,1.000,—,—,3.00,1.000,—,0.000
trio-no-tank,1,5,solo,180,500,0.008,0.000,0.992,0.402,24.2,2.99,0.997,—,0.010
trio-no-tank,1,5,solo,300,500,0.012,0.000,0.988,0.454,24.5,2.98,0.995,—,0.015
trio-no-tank,1,5,pack,180,500,0.000,0.000,1.000,—,—,3.00,1.000,—,0.000
trio-no-tank,1,5,pack,300,500,0.000,0.000,1.000,—,—,3.00,1.000,—,0.000
trio-no-tank,1,5,boss,180,500,0.000,0.000,1.000,—,—,3.00,1.000,—,0.000
trio-no-tank,1,5,boss,300,500,0.000,0.000,1.000,—,—,3.00,1.000,—,0.000
trio-no-tank,1,6,solo,180,500,0.000,0.000,1.000,—,—,3.00,1.000,—,0.000
trio-no-tank,1,6,solo,300,500,0.000,0.000,1.000,—,—,3.00,1.000,—,0.000
trio-no-tank,1,6,pack,180,500,0.000,0.000,1.000,—,—,3.00,1.000,—,0.000
trio-no-tank,1,6,pack,300,500,0.000,0.000,1.000,—,—,3.00,1.000,—,0.000
trio-no-tank,1,6,boss,180,500,0.000,0.000,1.000,—,—,3.00,1.000,—,0.000
trio-no-tank,1,6,boss,300,500,0.000,0.000,1.000,—,—,3.00,1.000,—,0.000
trio-no-tank,1,7,solo,180,500,0.000,0.000,1.000,—,—,3.00,1.000,—,0.000
trio-no-tank,1,7,solo,300,500,0.000,0.000,1.000,—,—,3.00,1.000,—,0.000
trio-no-tank,1,7,pack,180,500,0.000,0.000,1.000,—,—,3.00,1.000,—,0.000
trio-no-tank,1,7,pack,300,500,0.000,0.000,1.000,—,—,3.00,1.000,—,0.000
trio-no-tank,1,7,boss,180,500,0.000,0.000,1.000,—,—,3.00,1.000,—,0.000
trio-no-tank,1,7,boss,300,500,0.000,0.000,1.000,—,—,3.00,1.000,—,0.000
trio-no-tank,1,8,solo,180,500,0.000,0.000,1.000,—,—,3.00,1.000,—,0.000
trio-no-tank,1,8,solo,300,500,0.000,0.000,1.000,—,—,3.00,1.000,—,0.000
trio-no-tank,1,8,pack,180,500,0.000,0.000,1.000,—,—,3.00,1.000,—,0.000
trio-no-tank,1,8,pack,300,500,0.000,0.000,1.000,—,—,3.00,1.000,—,0.000
trio-no-tank,1,8,boss,180,500,0.000,0.000,1.000,—,—,3.00,1.000,—,0.000
trio-no-tank,1,8,boss,300,500,0.000,0.000,1.000,—,—,3.00,1.000,—,0.000
trio-no-tank,5,1,solo,180,500,1.000,0.000,0.000,1.000,0.0,0.00,0.000,—,1.530
trio-no-tank,5,1,solo,300,500,1.000,0.000,0.000,1.000,0.0,0.00,0.000,—,1.530
trio-no-tank,5,1,pack,180,500,1.000,0.000,0.000,0.956,6.3,0.00,0.044,—,1.508
trio-no-tank,5,1,pack,300,500,1.000,0.000,0.000,0.959,6.3,0.00,0.041,—,1.509
trio-no-tank,5,1,boss,180,500,1.000,0.000,0.000,0.980,12.2,0.00,0.020,—,1.520
trio-no-tank,5,1,boss,300,500,1.000,0.000,0.000,0.977,12.2,0.00,0.023,—,1.518
trio-no-tank,5,2,solo,180,500,1.000,0.000,0.000,0.950,1.9,0.00,0.050,—,1.504
trio-no-tank,5,2,solo,300,500,1.000,0.000,0.000,0.951,1.9,0.00,0.049,—,1.505
trio-no-tank,5,2,pack,180,500,1.000,0.000,0.000,0.950,9.9,0.00,0.050,—,1.504
trio-no-tank,5,2,pack,300,500,1.000,0.000,0.000,0.953,9.8,0.00,0.047,—,1.506
trio-no-tank,5,2,boss,180,500,1.000,0.000,0.000,0.916,19.5,0.00,0.084,—,1.487
trio-no-tank,5,2,boss,300,500,1.000,0.000,0.000,0.919,19.5,0.00,0.081,—,1.489
trio-no-tank,5,3,solo,180,500,1.000,0.000,0.000,0.923,2.2,0.00,0.077,—,1.491
trio-no-tank,5,3,solo,300,500,1.000,0.000,0.000,0.923,2.2,0.00,0.077,—,1.491
trio-no-tank,5,3,pack,180,500,0.472,0.528,0.000,0.631,21.7,1.50,0.538,—,0.633
trio-no-tank,5,3,pack,300,500,0.472,0.528,0.000,0.623,21.7,1.51,0.541,—,0.631
trio-no-tank,5,3,boss,180,500,1.000,0.000,0.000,0.897,28.0,0.00,0.103,—,1.477
trio-no-tank,5,3,boss,300,500,1.000,0.000,0.000,0.901,28.2,0.01,0.099,—,1.479
trio-no-tank,5,4,solo,180,500,1.000,0.000,0.000,0.895,5.7,0.00,0.105,—,1.476
trio-no-tank,5,4,solo,300,500,1.000,0.000,0.000,0.895,5.7,0.00,0.105,—,1.476
trio-no-tank,5,4,pack,180,500,0.000,0.000,1.000,—,—,3.00,1.000,—,0.000
trio-no-tank,5,4,pack,300,500,0.000,0.000,1.000,—,—,3.00,1.000,—,0.000
trio-no-tank,5,4,boss,180,500,0.000,0.000,1.000,—,—,3.00,1.000,—,0.000
trio-no-tank,5,4,boss,300,500,0.000,0.000,1.000,—,—,3.00,1.000,—,0.000
trio-no-tank,5,5,solo,180,500,1.000,0.000,0.000,0.662,11.6,0.78,0.338,—,1.358
trio-no-tank,5,5,solo,300,500,1.000,0.000,0.000,0.641,11.6,0.83,0.359,—,1.347
trio-no-tank,5,5,pack,180,500,0.000,0.000,1.000,—,—,3.00,1.000,—,0.000
trio-no-tank,5,5,pack,300,500,0.000,0.000,1.000,—,—,3.00,1.000,—,0.000
trio-no-tank,5,5,boss,180,500,0.000,0.000,1.000,—,—,3.00,1.000,—,0.000
trio-no-tank,5,5,boss,300,500,0.000,0.000,1.000,—,—,3.00,1.000,—,0.000
trio-no-tank,5,6,solo,180,500,0.088,0.000,0.912,0.622,14.7,2.82,0.945,—,0.118
trio-no-tank,5,6,solo,300,500,0.086,0.000,0.914,0.676,14.3,2.81,0.942,—,0.117
trio-no-tank,5,6,pack,180,500,0.000,0.000,1.000,—,—,3.00,1.000,—,0.000
trio-no-tank,5,6,pack,300,500,0.000,0.000,1.000,—,—,3.00,1.000,—,0.000
trio-no-tank,5,6,boss,180,500,0.000,0.000,1.000,—,—,3.00,1.000,—,0.000
trio-no-tank,5,6,boss,300,500,0.000,0.000,1.000,—,—,3.00,1.000,—,0.000
trio-no-tank,5,7,solo,180,500,0.000,0.000,1.000,—,—,3.00,1.000,—,0.000
trio-no-tank,5,7,solo,300,500,0.000,0.000,1.000,—,—,3.00,1.000,—,0.000
trio-no-tank,5,7,pack,180,500,0.000,0.000,1.000,—,—,3.00,1.000,—,0.000
trio-no-tank,5,7,pack,300,500,0.000,0.000,1.000,—,—,3.00,1.000,—,0.000
trio-no-tank,5,7,boss,180,500,0.000,0.000,1.000,—,—,3.00,1.000,—,0.000
trio-no-tank,5,7,boss,300,500,0.000,0.000,1.000,—,—,3.00,1.000,—,0.000
trio-no-tank,5,8,solo,180,500,0.000,0.000,1.000,—,—,3.00,1.000,—,0.000
trio-no-tank,5,8,solo,300,500,0.000,0.000,1.000,—,—,3.00,1.000,—,0.000
trio-no-tank,5,8,pack,180,500,0.000,0.000,1.000,—,—,3.00,1.000,—,0.000
trio-no-tank,5,8,pack,300,500,0.000,0.000,1.000,—,—,3.00,1.000,—,0.000
trio-no-tank,5,8,boss,180,500,0.000,0.000,1.000,—,—,3.00,1.000,—,0.000
trio-no-tank,5,8,boss,300,500,0.000,0.000,1.000,—,—,3.00,1.000,—,0.000
trio-no-tank,10,1,solo,180,500,1.000,0.000,0.000,1.000,0.0,0.00,0.000,—,1.560
trio-no-tank,10,1,solo,300,500,1.000,0.000,0.000,1.000,0.0,0.00,0.000,—,1.560
trio-no-tank,10,1,pack,180,500,1.000,0.000,0.000,0.911,3.4,0.00,0.089,—,1.514
trio-no-tank,10,1,pack,300,500,1.000,0.000,0.000,0.911,3.4,0.00,0.089,—,1.514
trio-no-tank,10,1,boss,180,500,1.000,0.000,0.000,0.892,6.2,0.00,0.108,—,1.504
trio-no-tank,10,1,boss,300,500,1.000,0.000,0.000,0.891,6.2,0.00,0.109,—,1.503
trio-no-tank,10,2,solo,180,500,1.000,0.000,0.000,1.000,0.0,0.00,0.000,—,1.560
trio-no-tank,10,2,solo,300,500,1.000,0.000,0.000,1.000,0.0,0.00,0.000,—,1.560
trio-no-tank,10,2,pack,180,500,1.000,0.000,0.000,0.981,5.0,0.00,0.019,—,1.550
trio-no-tank,10,2,pack,300,500,1.000,0.000,0.000,0.984,5.1,0.00,0.016,—,1.552
trio-no-tank,10,2,boss,180,500,1.000,0.000,0.000,0.973,9.3,0.00,0.027,—,1.546
trio-no-tank,10,2,boss,300,500,1.000,0.000,0.000,0.970,9.3,0.00,0.030,—,1.544
trio-no-tank,10,3,solo,180,500,1.000,0.000,0.000,0.951,1.4,0.00,0.049,—,1.535
trio-no-tank,10,3,solo,300,500,1.000,0.000,0.000,0.951,1.4,0.00,0.049,—,1.534
trio-no-tank,10,3,pack,180,500,1.000,0.000,0.000,0.928,7.7,0.00,0.072,—,1.522
trio-no-tank,10,3,pack,300,500,1.000,0.000,0.000,0.930,7.7,0.00,0.070,—,1.524
trio-no-tank,10,3,boss,180,500,1.000,0.000,0.000,0.888,15.2,0.00,0.112,—,1.502
trio-no-tank,10,3,boss,300,500,1.000,0.000,0.000,0.892,15.2,0.00,0.108,—,1.504
trio-no-tank,10,4,solo,180,500,1.000,0.000,0.000,0.919,1.8,0.00,0.081,—,1.518
trio-no-tank,10,4,solo,300,500,1.000,0.000,0.000,0.918,1.8,0.00,0.082,—,1.517
trio-no-tank,10,4,pack,180,500,1.000,0.000,0.000,0.688,16.7,0.96,0.312,—,1.398
trio-no-tank,10,4,pack,300,500,1.000,0.000,0.000,0.689,16.8,0.97,0.311,—,1.398
trio-no-tank,10,4,boss,180,500,1.000,0.000,0.000,0.653,35.0,0.81,0.347,—,1.379
trio-no-tank,10,4,boss,300,500,1.000,0.000,0.000,0.650,36.0,0.86,0.350,—,1.378
trio-no-tank,10,5,solo,180,500,1.000,0.000,0.000,0.771,3.5,0.00,0.229,—,1.441
trio-no-tank,10,5,solo,300,500,1.000,0.000,0.000,0.770,3.5,0.00,0.230,—,1.441
trio-no-tank,10,5,pack,180,500,0.002,0.000,0.998,0.588,19.5,3.00,0.999,—,0.003
trio-no-tank,10,5,pack,300,500,0.002,0.000,0.998,0.588,19.5,3.00,0.999,—,0.003
trio-no-tank,10,5,boss,180,500,0.000,0.000,1.000,—,—,3.00,1.000,—,0.000
trio-no-tank,10,5,boss,300,500,0.002,0.000,0.998,0.529,35.5,3.00,0.999,—,0.003
trio-no-tank,10,6,solo,180,500,1.000,0.000,0.000,0.643,9.3,0.93,0.357,—,1.374
trio-no-tank,10,6,solo,300,500,1.000,0.000,0.000,0.644,9.3,0.92,0.356,—,1.375
trio-no-tank,10,6,pack,180,500,0.000,0.000,1.000,—,—,3.00,1.000,—,0.000
trio-no-tank,10,6,pack,300,500,0.000,0.000,1.000,—,—,3.00,1.000,—,0.000
trio-no-tank,10,6,boss,180,500,0.000,0.000,1.000,—,—,3.00,1.000,—,0.000
trio-no-tank,10,6,boss,300,500,0.000,0.000,1.000,—,—,3.00,1.000,—,0.000
trio-no-tank,10,7,solo,180,500,0.846,0.000,0.154,0.587,11.6,0.48,0.504,—,1.138
trio-no-tank,10,7,solo,300,500,0.834,0.000,0.166,0.587,11.6,0.52,0.510,—,1.122
trio-no-tank,10,7,pack,180,500,0.000,0.000,1.000,—,—,3.00,1.000,—,0.000
trio-no-tank,10,7,pack,300,500,0.000,0.000,1.000,—,—,3.00,1.000,—,0.000
trio-no-tank,10,7,boss,180,500,0.000,0.000,1.000,—,—,3.00,1.000,—,0.000
trio-no-tank,10,7,boss,300,500,0.000,0.000,1.000,—,—,3.00,1.000,—,0.000
trio-no-tank,10,8,solo,180,500,0.000,0.000,1.000,—,—,3.00,1.000,—,0.000
trio-no-tank,10,8,solo,300,500,0.000,0.000,1.000,—,—,3.00,1.000,—,0.000
trio-no-tank,10,8,pack,180,500,0.000,0.000,1.000,—,—,3.00,1.000,—,0.000
trio-no-tank,10,8,pack,300,500,0.000,0.000,1.000,—,—,3.00,1.000,—,0.000
trio-no-tank,10,8,boss,180,500,0.000,0.000,1.000,—,—,3.00,1.000,—,0.000
trio-no-tank,10,8,boss,300,500,0.000,0.000,1.000,—,—,3.00,1.000,—,0.000
trio-no-tank,20,1,solo,180,500,1.000,0.000,0.000,1.000,0.0,0.00,0.000,—,1.620
trio-no-tank,20,1,solo,300,500,1.000,0.000,0.000,1.000,0.0,0.00,0.000,—,1.620
trio-no-tank,20,1,pack,180,500,1.000,0.000,0.000,0.980,1.4,0.00,0.020,—,1.609
trio-no-tank,20,1,pack,300,500,1.000,0.000,0.000,0.980,1.4,0.00,0.020,—,1.609
trio-no-tank,20,1,boss,180,500,1.000,0.000,0.000,0.969,2.8,0.00,0.031,—,1.603
trio-no-tank,20,1,boss,300,500,1.000,0.000,0.000,0.970,2.8,0.00,0.030,—,1.604
trio-no-tank,20,2,solo,180,500,1.000,0.000,0.000,1.000,0.0,0.00,0.000,—,1.620
trio-no-tank,20,2,solo,300,500,1.000,0.000,0.000,1.000,0.0,0.00,0.000,—,1.620
trio-no-tank,20,2,pack,180,500,1.000,0.000,0.000,0.946,2.4,0.00,0.054,—,1.591
trio-no-tank,20,2,pack,300,500,1.000,0.000,0.000,0.946,2.4,0.00,0.054,—,1.591
trio-no-tank,20,2,boss,180,500,1.000,0.000,0.000,0.920,4.1,0.00,0.080,—,1.577
trio-no-tank,20,2,boss,300,500,1.000,0.000,0.000,0.922,4.1,0.00,0.078,—,1.578
trio-no-tank,20,3,solo,180,500,1.000,0.000,0.000,1.000,0.0,0.00,0.000,—,1.620
trio-no-tank,20,3,solo,300,500,1.000,0.000,0.000,1.000,0.0,0.00,0.000,—,1.620
trio-no-tank,20,3,pack,180,500,1.000,0.000,0.000,0.917,2.8,0.00,0.083,—,1.575
trio-no-tank,20,3,pack,300,500,1.000,0.000,0.000,0.918,2.8,0.00,0.082,—,1.576
trio-no-tank,20,3,boss,180,500,1.000,0.000,0.000,0.945,6.3,0.00,0.055,—,1.590
trio-no-tank,20,3,boss,300,500,1.000,0.000,0.000,0.947,6.3,0.00,0.053,—,1.591
trio-no-tank,20,4,solo,180,500,1.000,0.000,0.000,1.000,0.0,0.00,0.000,—,1.620
trio-no-tank,20,4,solo,300,500,1.000,0.000,0.000,1.000,0.0,0.00,0.000,—,1.620
trio-no-tank,20,4,pack,180,500,1.000,0.000,0.000,0.989,4.2,0.00,0.011,—,1.614
trio-no-tank,20,4,pack,300,500,1.000,0.000,0.000,0.991,4.2,0.00,0.009,—,1.615
trio-no-tank,20,4,boss,180,500,1.000,0.000,0.000,0.914,10.1,0.00,0.086,—,1.573
trio-no-tank,20,4,boss,300,500,1.000,0.000,0.000,0.914,10.1,0.00,0.086,—,1.574
trio-no-tank,20,5,solo,180,500,1.000,0.000,0.000,0.921,1.4,0.00,0.079,—,1.577
trio-no-tank,20,5,solo,300,500,1.000,0.000,0.000,0.922,1.4,0.00,0.078,—,1.578
trio-no-tank,20,5,pack,180,500,1.000,0.000,0.000,0.669,10.1,0.84,0.331,—,1.441
trio-no-tank,20,5,pack,300,500,1.000,0.000,0.000,0.671,9.9,0.80,0.329,—,1.442
trio-no-tank,20,5,boss,180,500,1.000,0.000,0.000,0.946,15.3,0.11,0.054,—,1.591
trio-no-tank,20,5,boss,300,500,1.000,0.000,0.000,0.948,15.2,0.10,0.052,—,1.592
trio-no-tank,20,6,solo,180,500,1.000,0.000,0.000,0.890,2.7,0.00,0.110,—,1.561
trio-no-tank,20,6,solo,300,500,1.000,0.000,0.000,0.888,2.7,0.00,0.112,—,1.560
trio-no-tank,20,6,pack,180,500,0.034,0.074,0.892,0.668,16.6,2.86,0.956,—,0.049
trio-no-tank,20,6,pack,300,500,0.032,0.056,0.912,0.687,15.5,2.87,0.962,—,0.046
trio-no-tank,20,6,boss,180,500,0.010,0.990,0.000,0.776,24.1,1.98,0.766,—,0.015
trio-no-tank,20,6,boss,300,500,0.010,0.990,0.000,0.683,27.4,1.99,0.831,—,0.014
trio-no-tank,20,7,solo,180,500,1.000,0.000,0.000,0.840,4.5,0.21,0.160,—,1.533
trio-no-tank,20,7,solo,300,500,1.000,0.000,0.000,0.836,4.5,0.22,0.164,—,1.531
trio-no-tank,20,7,pack,180,500,0.000,0.000,1.000,—,—,3.00,1.000,—,0.000
trio-no-tank,20,7,pack,300,500,0.000,0.000,1.000,—,—,3.00,1.000,—,0.000
trio-no-tank,20,7,boss,180,500,0.000,0.000,1.000,—,—,3.00,1.000,—,0.000
trio-no-tank,20,7,boss,300,500,0.000,0.000,1.000,—,—,3.00,1.000,—,0.000
trio-no-tank,20,8,solo,180,500,1.000,0.000,0.000,0.743,8.5,0.25,0.257,—,1.481
trio-no-tank,20,8,solo,300,500,1.000,0.000,0.000,0.742,8.4,0.23,0.258,—,1.481
trio-no-tank,20,8,pack,180,500,0.000,0.000,1.000,—,—,3.00,1.000,—,0.000
trio-no-tank,20,8,pack,300,500,0.000,0.000,1.000,—,—,3.00,1.000,—,0.000
trio-no-tank,20,8,boss,180,500,0.000,0.000,1.000,—,—,3.00,1.000,—,0.000
trio-no-tank,20,8,boss,300,500,0.000,0.000,1.000,—,—,3.00,1.000,—,0.000
trio-no-tank,35,1,solo,180,500,1.000,0.000,0.000,1.000,0.0,0.00,0.000,—,1.710
trio-no-tank,35,1,solo,300,500,1.000,0.000,0.000,1.000,0.0,0.00,0.000,—,1.710
trio-no-tank,35,1,pack,180,500,1.000,0.000,0.000,1.000,0.0,0.00,0.000,—,1.710
trio-no-tank,35,1,pack,300,500,1.000,0.000,0.000,1.000,0.0,0.00,0.000,—,1.710
trio-no-tank,35,1,boss,180,500,1.000,0.000,0.000,0.979,1.8,0.00,0.021,—,1.698
trio-no-tank,35,1,boss,300,500,1.000,0.000,0.000,0.980,1.8,0.00,0.020,—,1.698
trio-no-tank,35,2,solo,180,500,1.000,0.000,0.000,1.000,0.0,0.00,0.000,—,1.710
trio-no-tank,35,2,solo,300,500,1.000,0.000,0.000,1.000,0.0,0.00,0.000,—,1.710
trio-no-tank,35,2,pack,180,500,1.000,0.000,0.000,0.980,1.1,0.00,0.020,—,1.699
trio-no-tank,35,2,pack,300,500,1.000,0.000,0.000,0.980,1.1,0.00,0.020,—,1.699
trio-no-tank,35,2,boss,180,500,1.000,0.000,0.000,0.971,2.3,0.00,0.029,—,1.693
trio-no-tank,35,2,boss,300,500,1.000,0.000,0.000,0.971,2.3,0.00,0.029,—,1.694
trio-no-tank,35,3,solo,180,500,1.000,0.000,0.000,1.000,0.0,0.00,0.000,—,1.710
trio-no-tank,35,3,solo,300,500,1.000,0.000,0.000,1.000,0.0,0.00,0.000,—,1.710
trio-no-tank,35,3,pack,180,500,1.000,0.000,0.000,0.951,1.9,0.00,0.049,—,1.682
trio-no-tank,35,3,pack,300,500,1.000,0.000,0.000,0.951,1.8,0.00,0.049,—,1.682
trio-no-tank,35,3,boss,180,500,1.000,0.000,0.000,0.920,3.4,0.00,0.080,—,1.664
trio-no-tank,35,3,boss,300,500,1.000,0.000,0.000,0.920,3.4,0.00,0.080,—,1.665
trio-no-tank,35,4,solo,180,500,1.000,0.000,0.000,1.000,0.0,0.00,0.000,—,1.710
trio-no-tank,35,4,solo,300,500,1.000,0.000,0.000,1.000,0.0,0.00,0.000,—,1.710
trio-no-tank,35,4,pack,180,500,1.000,0.000,0.000,0.924,2.3,0.00,0.076,—,1.667
trio-no-tank,35,4,pack,300,500,1.000,0.000,0.000,0.924,2.3,0.00,0.076,—,1.667
trio-no-tank,35,4,boss,180,500,1.000,0.000,0.000,0.971,4.8,0.00,0.029,—,1.694
trio-no-tank,35,4,boss,300,500,1.000,0.000,0.000,0.971,4.7,0.00,0.029,—,1.694
trio-no-tank,35,5,solo,180,500,1.000,0.000,0.000,1.000,0.0,0.00,0.000,—,1.710
trio-no-tank,35,5,solo,300,500,1.000,0.000,0.000,1.000,0.0,0.00,0.000,—,1.710
trio-no-tank,35,5,pack,180,500,1.000,0.000,0.000,0.855,3.1,0.00,0.145,—,1.627
trio-no-tank,35,5,pack,300,500,1.000,0.000,0.000,0.853,3.2,0.00,0.147,—,1.626
trio-no-tank,35,5,boss,180,500,1.000,0.000,0.000,0.906,7.3,0.00,0.094,—,1.657
trio-no-tank,35,5,boss,300,500,1.000,0.000,0.000,0.906,7.2,0.00,0.094,—,1.657
trio-no-tank,35,6,solo,180,500,1.000,0.000,0.000,0.930,1.1,0.00,0.070,—,1.670
trio-no-tank,35,6,solo,300,500,1.000,0.000,0.000,0.929,1.1,0.00,0.071,—,1.670
trio-no-tank,35,6,pack,180,500,1.000,0.000,0.000,0.661,6.3,0.73,0.339,—,1.517
trio-no-tank,35,6,pack,300,500,1.000,0.000,0.000,0.656,6.3,0.75,0.344,—,1.514
trio-no-tank,35,6,boss,180,500,1.000,0.000,0.000,0.875,10.6,0.00,0.125,—,1.639
trio-no-tank,35,6,boss,300,500,1.000,0.000,0.000,0.876,10.6,0.00,0.124,—,1.639
trio-no-tank,35,7,solo,180,500,1.000,0.000,0.000,0.895,2.0,0.00,0.105,—,1.650
trio-no-tank,35,7,solo,300,500,1.000,0.000,0.000,0.896,2.0,0.00,0.104,—,1.651
trio-no-tank,35,7,pack,180,500,0.188,0.168,0.644,0.670,14.1,2.45,0.825,—,0.286
trio-no-tank,35,7,pack,300,500,0.188,0.172,0.640,0.678,14.2,2.45,0.822,—,0.287
trio-no-tank,35,7,boss,180,500,0.118,0.882,0.000,0.618,21.0,1.88,0.716,—,0.176
trio-no-tank,35,7,boss,300,500,0.126,0.874,0.000,0.592,21.3,1.88,0.736,—,0.186
trio-no-tank,35,8,solo,180,500,1.000,0.000,0.000,0.707,3.5,0.30,0.293,—,1.543
trio-no-tank,35,8,solo,300,500,1.000,0.000,0.000,0.707,3.5,0.31,0.293,—,1.543
trio-no-tank,35,8,pack,180,500,0.000,0.000,1.000,—,—,3.00,1.000,—,0.000
trio-no-tank,35,8,pack,300,500,0.000,0.000,1.000,—,—,3.00,1.000,—,0.000
trio-no-tank,35,8,boss,180,500,0.002,0.000,0.998,0.706,26.6,3.00,0.999,—,0.003
trio-no-tank,35,8,boss,300,500,0.000,0.000,1.000,—,—,3.00,1.000,—,0.000
trio-no-tank,50,1,solo,180,500,1.000,0.000,0.000,1.000,0.0,0.00,0.000,—,1.800
trio-no-tank,50,1,solo,300,500,1.000,0.000,0.000,1.000,0.0,0.00,0.000,—,1.800
trio-no-tank,50,1,pack,180,500,1.000,0.000,0.000,1.000,0.0,0.00,0.000,—,1.800
trio-no-tank,50,1,pack,300,500,1.000,0.000,0.000,1.000,0.0,0.00,0.000,—,1.800
trio-no-tank,50,1,boss,180,500,1.000,0.000,0.000,0.984,1.0,0.00,0.016,—,1.790
trio-no-tank,50,1,boss,300,500,1.000,0.000,0.000,0.985,1.0,0.00,0.015,—,1.791
trio-no-tank,50,2,solo,180,500,1.000,0.000,0.000,1.000,0.0,0.00,0.000,—,1.800
trio-no-tank,50,2,solo,300,500,1.000,0.000,0.000,1.000,0.0,0.00,0.000,—,1.800
trio-no-tank,50,2,pack,180,500,1.000,0.000,0.000,1.000,0.0,0.00,0.000,—,1.800
trio-no-tank,50,2,pack,300,500,1.000,0.000,0.000,1.000,0.0,0.00,0.000,—,1.800
trio-no-tank,50,2,boss,180,500,1.000,0.000,0.000,0.978,1.6,0.00,0.022,—,1.787
trio-no-tank,50,2,boss,300,500,1.000,0.000,0.000,0.978,1.6,0.00,0.022,—,1.787
trio-no-tank,50,3,solo,180,500,1.000,0.000,0.000,1.000,0.0,0.00,0.000,—,1.800
trio-no-tank,50,3,solo,300,500,1.000,0.000,0.000,1.000,0.0,0.00,0.000,—,1.800
trio-no-tank,50,3,pack,180,500,1.000,0.000,0.000,0.979,1.0,0.00,0.021,—,1.787
trio-no-tank,50,3,pack,300,500,1.000,0.000,0.000,0.979,1.0,0.00,0.021,—,1.787
trio-no-tank,50,3,boss,180,500,1.000,0.000,0.000,0.970,2.1,0.00,0.030,—,1.782
trio-no-tank,50,3,boss,300,500,1.000,0.000,0.000,0.969,2.1,0.00,0.031,—,1.782
trio-no-tank,50,4,solo,180,500,1.000,0.000,0.000,1.000,0.0,0.00,0.000,—,1.800
trio-no-tank,50,4,solo,300,500,1.000,0.000,0.000,1.000,0.0,0.00,0.000,—,1.800
trio-no-tank,50,4,pack,180,500,1.000,0.000,0.000,0.951,1.5,0.00,0.049,—,1.771
trio-no-tank,50,4,pack,300,500,1.000,0.000,0.000,0.951,1.5,0.00,0.049,—,1.771
trio-no-tank,50,4,boss,180,500,1.000,0.000,0.000,0.915,3.1,0.00,0.085,—,1.749
trio-no-tank,50,4,boss,300,500,1.000,0.000,0.000,0.914,3.1,0.00,0.086,—,1.749
trio-no-tank,50,5,solo,180,500,1.000,0.000,0.000,1.000,0.0,0.00,0.000,—,1.800
trio-no-tank,50,5,solo,300,500,1.000,0.000,0.000,1.000,0.0,0.00,0.000,—,1.800
trio-no-tank,50,5,pack,180,500,1.000,0.000,0.000,0.919,2.1,0.00,0.081,—,1.752
trio-no-tank,50,5,pack,300,500,1.000,0.000,0.000,0.919,2.1,0.00,0.081,—,1.751
trio-no-tank,50,5,boss,180,500,1.000,0.000,0.000,0.965,4.2,0.00,0.035,—,1.779
trio-no-tank,50,5,boss,300,500,1.000,0.000,0.000,0.965,4.2,0.00,0.035,—,1.779
trio-no-tank,50,6,solo,180,500,1.000,0.000,0.000,1.000,0.0,0.00,0.000,—,1.800
trio-no-tank,50,6,solo,300,500,1.000,0.000,0.000,1.000,0.0,0.00,0.000,—,1.800
trio-no-tank,50,6,pack,180,500,1.000,0.000,0.000,0.829,3.1,0.00,0.171,—,1.697
trio-no-tank,50,6,pack,300,500,1.000,0.000,0.000,0.830,3.1,0.00,0.170,—,1.698
trio-no-tank,50,6,boss,180,500,1.000,0.000,0.000,0.907,6.6,0.00,0.093,—,1.744
trio-no-tank,50,6,boss,300,500,1.000,0.000,0.000,0.902,6.7,0.00,0.098,—,1.741
trio-no-tank,50,7,solo,180,500,1.000,0.000,0.000,0.929,0.9,0.00,0.071,—,1.757
trio-no-tank,50,7,solo,300,500,1.000,0.000,0.000,0.927,1.0,0.00,0.073,—,1.756
trio-no-tank,50,7,pack,180,500,1.000,0.000,0.000,0.691,6.3,0.68,0.309,—,1.615
trio-no-tank,50,7,pack,300,500,1.000,0.000,0.000,0.682,6.4,0.69,0.318,—,1.609
trio-no-tank,50,7,boss,180,500,1.000,0.000,0.000,0.704,15.4,0.73,0.296,—,1.622
trio-no-tank,50,7,boss,300,500,1.000,0.000,0.000,0.714,15.1,0.70,0.286,—,1.628
trio-no-tank,50,8,solo,180,500,1.000,0.000,0.000,0.886,2.0,0.00,0.114,—,1.732
trio-no-tank,50,8,solo,300,500,1.000,0.000,0.000,0.888,2.0,0.00,0.112,—,1.733
trio-no-tank,50,8,pack,180,500,0.652,0.036,0.312,0.690,10.7,1.50,0.540,—,1.052
trio-no-tank,50,8,pack,300,500,0.656,0.050,0.294,0.695,10.6,1.46,0.530,—,1.061
trio-no-tank,50,8,boss,180,500,0.536,0.464,0.000,0.612,19.9,1.43,0.565,—,0.840
trio-no-tank,50,8,boss,300,500,0.538,0.462,0.000,0.608,19.9,1.43,0.579,—,0.842
trio-casters,1,1,solo,180,500,1.000,0.000,0.000,0.903,5.0,0.00,0.097,—,1.457
trio-casters,1,1,solo,300,500,1.000,0.000,0.000,0.903,5.0,0.00,0.097,—,1.457
trio-casters,1,1,pack,180,500,1.000,0.000,0.000,0.599,40.0,1.00,0.401,—,1.305
trio-casters,1,1,pack,300,500,1.000,0.000,0.000,0.599,40.0,1.00,0.401,—,1.305
trio-casters,1,1,boss,180,500,1.000,0.000,0.000,0.623,45.0,1.00,0.377,—,1.317
trio-casters,1,1,boss,300,500,1.000,0.000,0.000,0.623,45.0,1.00,0.377,—,1.317
trio-casters,1,2,solo,180,500,1.000,0.000,0.000,0.902,8.2,0.00,0.098,—,1.457
trio-casters,1,2,solo,300,500,1.000,0.000,0.000,0.902,8.2,0.00,0.098,—,1.457
trio-casters,1,2,pack,180,500,0.000,0.000,1.000,—,—,3.00,1.000,—,0.000
trio-casters,1,2,pack,300,500,0.000,0.000,1.000,—,—,3.00,1.000,—,0.000
trio-casters,1,2,boss,180,500,0.000,0.000,1.000,—,—,3.00,1.000,—,0.000
trio-casters,1,2,boss,300,500,0.000,0.000,1.000,—,—,3.00,1.000,—,0.000
trio-casters,1,3,solo,180,500,1.000,0.000,0.000,0.732,12.2,0.00,0.268,—,1.372
trio-casters,1,3,solo,300,500,1.000,0.000,0.000,0.732,12.2,0.00,0.268,—,1.372
trio-casters,1,3,pack,180,500,0.000,0.000,1.000,—,—,3.00,1.000,—,0.000
trio-casters,1,3,pack,300,500,0.000,0.000,1.000,—,—,3.00,1.000,—,0.000
trio-casters,1,3,boss,180,500,0.000,0.000,1.000,—,—,3.00,1.000,—,0.000
trio-casters,1,3,boss,300,500,0.000,0.000,1.000,—,—,3.00,1.000,—,0.000
trio-casters,1,4,solo,180,500,0.000,0.000,1.000,—,—,3.00,1.000,—,0.000
trio-casters,1,4,solo,300,500,0.000,0.000,1.000,—,—,3.00,1.000,—,0.000
trio-casters,1,4,pack,180,500,0.000,0.000,1.000,—,—,3.00,1.000,—,0.000
trio-casters,1,4,pack,300,500,0.000,0.000,1.000,—,—,3.00,1.000,—,0.000
trio-casters,1,4,boss,180,500,0.000,0.000,1.000,—,—,3.00,1.000,—,0.000
trio-casters,1,4,boss,300,500,0.000,0.000,1.000,—,—,3.00,1.000,—,0.000
trio-casters,1,5,solo,180,500,0.000,0.000,1.000,—,—,3.00,1.000,—,0.000
trio-casters,1,5,solo,300,500,0.000,0.000,1.000,—,—,3.00,1.000,—,0.000
trio-casters,1,5,pack,180,500,0.000,0.000,1.000,—,—,3.00,1.000,—,0.000
trio-casters,1,5,pack,300,500,0.000,0.000,1.000,—,—,3.00,1.000,—,0.000
trio-casters,1,5,boss,180,500,0.000,0.000,1.000,—,—,3.00,1.000,—,0.000
trio-casters,1,5,boss,300,500,0.000,0.000,1.000,—,—,3.00,1.000,—,0.000
trio-casters,1,6,solo,180,500,0.000,0.000,1.000,—,—,3.00,1.000,—,0.000
trio-casters,1,6,solo,300,500,0.000,0.000,1.000,—,—,3.00,1.000,—,0.000
trio-casters,1,6,pack,180,500,0.000,0.000,1.000,—,—,3.00,1.000,—,0.000
trio-casters,1,6,pack,300,500,0.000,0.000,1.000,—,—,3.00,1.000,—,0.000
trio-casters,1,6,boss,180,500,0.000,0.000,1.000,—,—,3.00,1.000,—,0.000
trio-casters,1,6,boss,300,500,0.000,0.000,1.000,—,—,3.00,1.000,—,0.000
trio-casters,1,7,solo,180,500,0.000,0.000,1.000,—,—,3.00,1.000,—,0.000
trio-casters,1,7,solo,300,500,0.000,0.000,1.000,—,—,3.00,1.000,—,0.000
trio-casters,1,7,pack,180,500,0.000,0.000,1.000,—,—,3.00,1.000,—,0.000
trio-casters,1,7,pack,300,500,0.000,0.000,1.000,—,—,3.00,1.000,—,0.000
trio-casters,1,7,boss,180,500,0.000,0.000,1.000,—,—,3.00,1.000,—,0.000
trio-casters,1,7,boss,300,500,0.000,0.000,1.000,—,—,3.00,1.000,—,0.000
trio-casters,1,8,solo,180,500,0.000,0.000,1.000,—,—,3.00,1.000,—,0.000
trio-casters,1,8,solo,300,500,0.000,0.000,1.000,—,—,3.00,1.000,—,0.000
trio-casters,1,8,pack,180,500,0.000,0.000,1.000,—,—,3.00,1.000,—,0.000
trio-casters,1,8,pack,300,500,0.000,0.000,1.000,—,—,3.00,1.000,—,0.000
trio-casters,1,8,boss,180,500,0.000,0.000,1.000,—,—,3.00,1.000,—,0.000
trio-casters,1,8,boss,300,500,0.000,0.000,1.000,—,—,3.00,1.000,—,0.000
trio-casters,5,1,solo,180,500,1.000,0.000,0.000,1.000,0.0,0.00,0.000,—,1.530
trio-casters,5,1,solo,300,500,1.000,0.000,0.000,1.000,0.0,0.00,0.000,—,1.530
trio-casters,5,1,pack,180,500,1.000,0.000,0.000,1.000,10.4,0.00,0.000,—,1.530
trio-casters,5,1,pack,300,500,1.000,0.000,0.000,1.000,10.4,0.00,0.000,—,1.530
trio-casters,5,1,boss,180,500,1.000,0.000,0.000,0.884,18.1,0.00,0.116,—,1.471
trio-casters,5,1,boss,300,500,1.000,0.000,0.000,0.884,18.1,0.00,0.116,—,1.471
trio-casters,5,2,solo,180,500,1.000,0.000,0.000,0.945,2.6,0.00,0.055,—,1.502
trio-casters,5,2,solo,300,500,1.000,0.000,0.000,0.945,2.6,0.00,0.055,—,1.502
trio-casters,5,2,pack,180,500,1.000,0.000,0.000,0.812,13.0,0.00,0.188,—,1.434
trio-casters,5,2,pack,300,500,1.000,0.000,0.000,0.812,13.0,0.00,0.188,—,1.434
trio-casters,5,2,boss,180,500,1.000,0.000,0.000,0.902,28.5,0.00,0.098,—,1.480
trio-casters,5,2,boss,300,500,1.000,0.000,0.000,0.902,28.5,0.00,0.098,—,1.480
trio-casters,5,3,solo,180,500,1.000,0.000,0.000,0.845,5.0,0.00,0.155,—,1.451
trio-casters,5,3,solo,300,500,1.000,0.000,0.000,0.845,5.0,0.00,0.155,—,1.451
trio-casters,5,3,pack,180,500,0.000,0.000,1.000,—,—,3.00,1.000,—,0.000
trio-casters,5,3,pack,300,500,0.000,0.000,1.000,—,—,3.00,1.000,—,0.000
trio-casters,5,3,boss,180,500,0.000,1.000,0.000,—,—,2.00,0.758,—,0.000
trio-casters,5,3,boss,300,500,0.000,1.000,0.000,—,—,2.00,0.758,—,0.000
trio-casters,5,4,solo,180,500,1.000,0.000,0.000,0.833,7.8,0.00,0.167,—,1.445
trio-casters,5,4,solo,300,500,1.000,0.000,0.000,0.833,7.8,0.00,0.167,—,1.445
trio-casters,5,4,pack,180,500,0.000,0.000,1.000,—,—,3.00,1.000,—,0.000
trio-casters,5,4,pack,300,500,0.000,0.000,1.000,—,—,3.00,1.000,—,0.000
trio-casters,5,4,boss,180,500,0.000,0.000,1.000,—,—,3.00,1.000,—,0.000
trio-casters,5,4,boss,300,500,0.000,0.000,1.000,—,—,3.00,1.000,—,0.000
trio-casters,5,5,solo,180,500,1.000,0.000,0.000,0.555,15.0,1.00,0.445,—,1.303
trio-casters,5,5,solo,300,500,1.000,0.000,0.000,0.555,15.0,1.00,0.445,—,1.303
trio-casters,5,5,pack,180,500,0.000,0.000,1.000,—,—,3.00,1.000,—,0.000
trio-casters,5,5,pack,300,500,0.000,0.000,1.000,—,—,3.00,1.000,—,0.000
trio-casters,5,5,boss,180,500,0.000,0.000,1.000,—,—,3.00,1.000,—,0.000
trio-casters,5,5,boss,300,500,0.000,0.000,1.000,—,—,3.00,1.000,—,0.000
trio-casters,5,6,solo,180,500,0.000,0.000,1.000,—,—,3.00,1.000,—,0.000
trio-casters,5,6,solo,300,500,0.000,0.000,1.000,—,—,3.00,1.000,—,0.000
trio-casters,5,6,pack,180,500,0.000,0.000,1.000,—,—,3.00,1.000,—,0.000
trio-casters,5,6,pack,300,500,0.000,0.000,1.000,—,—,3.00,1.000,—,0.000
trio-casters,5,6,boss,180,500,0.000,0.000,1.000,—,—,3.00,1.000,—,0.000
trio-casters,5,6,boss,300,500,0.000,0.000,1.000,—,—,3.00,1.000,—,0.000
trio-casters,5,7,solo,180,500,0.000,0.000,1.000,—,—,3.00,1.000,—,0.000
trio-casters,5,7,solo,300,500,0.000,0.000,1.000,—,—,3.00,1.000,—,0.000
trio-casters,5,7,pack,180,500,0.000,0.000,1.000,—,—,3.00,1.000,—,0.000
trio-casters,5,7,pack,300,500,0.000,0.000,1.000,—,—,3.00,1.000,—,0.000
trio-casters,5,7,boss,180,500,0.000,0.000,1.000,—,—,3.00,1.000,—,0.000
trio-casters,5,7,boss,300,500,0.000,0.000,1.000,—,—,3.00,1.000,—,0.000
trio-casters,5,8,solo,180,500,0.000,0.000,1.000,—,—,3.00,1.000,—,0.000
trio-casters,5,8,solo,300,500,0.000,0.000,1.000,—,—,3.00,1.000,—,0.000
trio-casters,5,8,pack,180,500,0.000,0.000,1.000,—,—,3.00,1.000,—,0.000
trio-casters,5,8,pack,300,500,0.000,0.000,1.000,—,—,3.00,1.000,—,0.000
trio-casters,5,8,boss,180,500,0.000,0.000,1.000,—,—,3.00,1.000,—,0.000
trio-casters,5,8,boss,300,500,0.000,0.000,1.000,—,—,3.00,1.000,—,0.000
trio-casters,10,1,solo,180,500,1.000,0.000,0.000,1.000,0.0,0.00,0.000,—,1.560
trio-casters,10,1,solo,300,500,1.000,0.000,0.000,1.000,0.0,0.00,0.000,—,1.560
trio-casters,10,1,pack,180,500,1.000,0.000,0.000,0.907,5.0,0.00,0.093,—,1.512
trio-casters,10,1,pack,300,500,1.000,0.000,0.000,0.907,5.0,0.00,0.093,—,1.512
trio-casters,10,1,boss,180,500,1.000,0.000,0.000,0.907,10.0,0.00,0.093,—,1.512
trio-casters,10,1,boss,300,500,1.000,0.000,0.000,0.907,10.0,0.00,0.093,—,1.512
trio-casters,10,2,solo,180,500,1.000,0.000,0.000,1.000,0.0,0.00,0.000,—,1.560
trio-casters,10,2,solo,300,500,1.000,0.000,0.000,1.000,0.0,0.00,0.000,—,1.560
trio-casters,10,2,pack,180,500,1.000,0.000,0.000,1.000,5.7,0.00,0.000,—,1.560
trio-casters,10,2,pack,300,500,1.000,0.000,0.000,1.000,5.7,0.00,0.000,—,1.560
trio-casters,10,2,boss,180,500,1.000,0.000,0.000,0.935,15.0,0.00,0.065,—,1.526
trio-casters,10,2,boss,300,500,1.000,0.000,0.000,0.935,15.0,0.00,0.065,—,1.526
trio-casters,10,3,solo,180,500,1.000,0.000,0.000,0.938,1.9,0.00,0.062,—,1.528
trio-casters,10,3,solo,300,500,1.000,0.000,0.000,0.938,1.9,0.00,0.062,—,1.528
trio-casters,10,3,pack,180,500,1.000,0.000,0.000,0.647,30.0,1.00,0.353,—,1.377
trio-casters,10,3,pack,300,500,1.000,0.000,0.000,0.647,30.0,1.00,0.353,—,1.377
trio-casters,10,3,boss,180,500,1.000,0.000,0.000,1.000,20.9,0.00,0.000,—,1.560
trio-casters,10,3,boss,300,500,1.000,0.000,0.000,1.000,20.9,0.00,0.000,—,1.560
trio-casters,10,4,solo,180,500,1.000,0.000,0.000,0.830,3.8,0.00,0.170,—,1.471
trio-casters,10,4,solo,300,500,1.000,0.000,0.000,0.830,3.8,0.00,0.170,—,1.471
trio-casters,10,4,pack,180,500,0.000,0.000,1.000,—,—,3.00,1.000,—,0.000
trio-casters,10,4,pack,300,500,0.000,0.000,1.000,—,—,3.00,1.000,—,0.000
trio-casters,10,4,boss,180,500,0.000,1.000,0.000,—,—,2.00,0.775,—,0.000
trio-casters,10,4,boss,300,500,0.000,1.000,0.000,—,—,2.00,0.775,—,0.000
trio-casters,10,5,solo,180,500,1.000,0.000,0.000,0.762,5.0,0.00,0.238,—,1.436
trio-casters,10,5,solo,300,500,1.000,0.000,0.000,0.762,5.0,0.00,0.238,—,1.436
trio-casters,10,5,pack,180,500,0.000,0.000,1.000,—,—,3.00,1.000,—,0.000
trio-casters,10,5,pack,300,500,0.000,0.000,1.000,—,—,3.00,1.000,—,0.000
trio-casters,10,5,boss,180,500,0.000,0.000,1.000,—,—,3.00,1.000,—,0.000
trio-casters,10,5,boss,300,500,0.000,0.000,1.000,—,—,3.00,1.000,—,0.000
trio-casters,10,6,solo,180,500,0.000,0.000,1.000,—,—,3.00,1.000,—,0.000
trio-casters,10,6,solo,300,500,0.000,0.000,1.000,—,—,3.00,1.000,—,0.000
trio-casters,10,6,pack,180,500,0.000,0.000,1.000,—,—,3.00,1.000,—,0.000
trio-casters,10,6,pack,300,500,0.000,0.000,1.000,—,—,3.00,1.000,—,0.000
trio-casters,10,6,boss,180,500,0.000,0.000,1.000,—,—,3.00,1.000,—,0.000
trio-casters,10,6,boss,300,500,0.000,0.000,1.000,—,—,3.00,1.000,—,0.000
trio-casters,10,7,solo,180,500,0.000,0.000,1.000,—,—,3.00,1.000,—,0.000
trio-casters,10,7,solo,300,500,0.000,0.000,1.000,—,—,3.00,1.000,—,0.000
trio-casters,10,7,pack,180,500,0.000,0.000,1.000,—,—,3.00,1.000,—,0.000
trio-casters,10,7,pack,300,500,0.000,0.000,1.000,—,—,3.00,1.000,—,0.000
trio-casters,10,7,boss,180,500,0.000,0.000,1.000,—,—,3.00,1.000,—,0.000
trio-casters,10,7,boss,300,500,0.000,0.000,1.000,—,—,3.00,1.000,—,0.000
trio-casters,10,8,solo,180,500,0.000,0.000,1.000,—,—,3.00,1.000,—,0.000
trio-casters,10,8,solo,300,500,0.000,0.000,1.000,—,—,3.00,1.000,—,0.000
trio-casters,10,8,pack,180,500,0.000,0.000,1.000,—,—,3.00,1.000,—,0.000
trio-casters,10,8,pack,300,500,0.000,0.000,1.000,—,—,3.00,1.000,—,0.000
trio-casters,10,8,boss,180,500,0.000,0.000,1.000,—,—,3.00,1.000,—,0.000
trio-casters,10,8,boss,300,500,0.000,0.000,1.000,—,—,3.00,1.000,—,0.000
trio-casters,20,1,solo,180,500,1.000,0.000,0.000,1.000,0.0,0.00,0.000,—,1.620
trio-casters,20,1,solo,300,500,1.000,0.000,0.000,1.000,0.0,0.00,0.000,—,1.620
trio-casters,20,1,pack,180,500,1.000,0.000,0.000,0.978,1.4,0.00,0.022,—,1.608
trio-casters,20,1,pack,300,500,1.000,0.000,0.000,0.978,1.4,0.00,0.022,—,1.608
trio-casters,20,1,boss,180,500,1.000,0.000,0.000,0.934,5.0,0.00,0.066,—,1.584
trio-casters,20,1,boss,300,500,1.000,0.000,0.000,0.934,5.0,0.00,0.066,—,1.584
trio-casters,20,2,solo,180,500,1.000,0.000,0.000,1.000,0.0,0.00,0.000,—,1.620
trio-casters,20,2,solo,300,500,1.000,0.000,0.000,1.000,0.0,0.00,0.000,—,1.620
trio-casters,20,2,pack,180,500,1.000,0.000,0.000,0.906,4.2,0.00,0.094,—,1.569
trio-casters,20,2,pack,300,500,1.000,0.000,0.000,0.906,4.2,0.00,0.094,—,1.569
trio-casters,20,2,boss,180,500,1.000,0.000,0.000,0.954,7.0,0.00,0.046,—,1.595
trio-casters,20,2,boss,300,500,1.000,0.000,0.000,0.954,7.0,0.00,0.046,—,1.595
trio-casters,20,3,solo,180,500,1.000,0.000,0.000,1.000,0.0,0.00,0.000,—,1.620
trio-casters,20,3,solo,300,500,1.000,0.000,0.000,1.000,0.0,0.00,0.000,—,1.620
trio-casters,20,3,pack,180,500,1.000,0.000,0.000,0.867,5.0,0.00,0.133,—,1.548
trio-casters,20,3,pack,300,500,1.000,0.000,0.000,0.867,5.0,0.00,0.133,—,1.548
trio-casters,20,3,boss,180,500,1.000,0.000,0.000,0.871,9.8,0.00,0.129,—,1.550
trio-casters,20,3,boss,300,500,1.000,0.000,0.000,0.871,9.8,0.00,0.129,—,1.550
trio-casters,20,4,solo,180,500,1.000,0.000,0.000,1.000,0.0,0.00,0.000,—,1.620
trio-casters,20,4,solo,300,500,1.000,0.000,0.000,1.000,0.0,0.00,0.000,—,1.620
trio-casters,20,4,pack,180,500,1.000,0.000,0.000,0.925,7.0,0.00,0.075,—,1.580
trio-casters,20,4,pack,300,500,1.000,0.000,0.000,0.925,7.0,0.00,0.075,—,1.580
trio-casters,20,4,boss,180,500,1.000,0.000,0.000,0.910,12.6,0.00,0.090,—,1.571
trio-casters,20,4,boss,300,500,1.000,0.000,0.000,0.910,12.6,0.00,0.090,—,1.571
trio-casters,20,5,solo,180,500,1.000,0.000,0.000,0.915,1.4,0.00,0.085,—,1.574
trio-casters,20,5,solo,300,500,1.000,0.000,0.000,0.915,1.4,0.00,0.085,—,1.574
trio-casters,20,5,pack,180,500,0.000,0.000,1.000,—,—,3.00,1.000,—,0.000
trio-casters,20,5,pack,300,500,0.000,0.000,1.000,—,—,3.00,1.000,—,0.000
trio-casters,20,5,boss,180,500,1.000,0.000,0.000,0.546,75.0,1.00,0.454,—,1.375
trio-casters,20,5,boss,300,500,1.000,0.000,0.000,0.546,75.0,1.00,0.454,—,1.375
trio-casters,20,6,solo,180,500,1.000,0.000,0.000,0.760,4.2,0.00,0.240,—,1.490
trio-casters,20,6,solo,300,500,1.000,0.000,0.000,0.760,4.2,0.00,0.240,—,1.490
trio-casters,20,6,pack,180,500,0.000,0.000,1.000,—,—,3.00,1.000,—,0.000
trio-casters,20,6,pack,300,500,0.000,0.000,1.000,—,—,3.00,1.000,—,0.000
trio-casters,20,6,boss,180,500,0.000,0.000,1.000,—,—,3.00,1.000,—,0.000
trio-casters,20,6,boss,300,500,0.000,0.000,1.000,—,—,3.00,1.000,—,0.000
trio-casters,20,7,solo,180,500,1.000,0.000,0.000,0.671,7.0,0.00,0.329,—,1.442
trio-casters,20,7,solo,300,500,1.000,0.000,0.000,0.671,7.0,0.00,0.329,—,1.442
trio-casters,20,7,pack,180,500,0.000,0.000,1.000,—,—,3.00,1.000,—,0.000
trio-casters,20,7,pack,300,500,0.000,0.000,1.000,—,—,3.00,1.000,—,0.000
trio-casters,20,7,boss,180,500,0.000,0.000,1.000,—,—,3.00,1.000,—,0.000
trio-casters,20,7,boss,300,500,0.000,0.000,1.000,—,—,3.00,1.000,—,0.000
trio-casters,20,8,solo,180,500,0.000,0.000,1.000,—,—,3.00,1.000,—,0.000
trio-casters,20,8,solo,300,500,0.000,0.000,1.000,—,—,3.00,1.000,—,0.000
trio-casters,20,8,pack,180,500,0.000,0.000,1.000,—,—,3.00,1.000,—,0.000
trio-casters,20,8,pack,300,500,0.000,0.000,1.000,—,—,3.00,1.000,—,0.000
trio-casters,20,8,boss,180,500,0.000,0.000,1.000,—,—,3.00,1.000,—,0.000
trio-casters,20,8,boss,300,500,0.000,0.000,1.000,—,—,3.00,1.000,—,0.000
trio-casters,35,1,solo,180,500,1.000,0.000,0.000,1.000,0.0,0.00,0.000,—,1.710
trio-casters,35,1,solo,300,500,1.000,0.000,0.000,1.000,0.0,0.00,0.000,—,1.710
trio-casters,35,1,pack,180,500,1.000,0.000,0.000,0.984,1.1,0.00,0.016,—,1.701
trio-casters,35,1,pack,300,500,1.000,0.000,0.000,0.984,1.1,0.00,0.016,—,1.701
trio-casters,35,1,boss,180,500,1.000,0.000,0.000,0.953,3.4,0.00,0.047,—,1.683
trio-casters,35,1,boss,300,500,1.000,0.000,0.000,0.953,3.4,0.00,0.047,—,1.683
trio-casters,35,2,solo,180,500,1.000,0.000,0.000,1.000,0.0,0.00,0.000,—,1.710
trio-casters,35,2,solo,300,500,1.000,0.000,0.000,1.000,0.0,0.00,0.000,—,1.710
trio-casters,35,2,pack,180,500,1.000,0.000,0.000,0.978,1.1,0.00,0.022,—,1.697
trio-casters,35,2,pack,300,500,1.000,0.000,0.000,0.978,1.1,0.00,0.022,—,1.697
trio-casters,35,2,boss,180,500,1.000,0.000,0.000,0.935,4.5,0.00,0.065,—,1.673
trio-casters,35,2,boss,300,500,1.000,0.000,0.000,0.935,4.5,0.00,0.065,—,1.673
trio-casters,35,3,solo,180,500,1.000,0.000,0.000,1.000,0.0,0.00,0.000,—,1.710
trio-casters,35,3,solo,300,500,1.000,0.000,0.000,1.000,0.0,0.00,0.000,—,1.710
trio-casters,35,3,pack,180,500,1.000,0.000,0.000,0.969,1.1,0.00,0.031,—,1.692
trio-casters,35,3,pack,300,500,1.000,0.000,0.000,0.969,1.1,0.00,0.031,—,1.692
trio-casters,35,3,boss,180,500,1.000,0.000,0.000,0.910,5.0,0.00,0.090,—,1.658
trio-casters,35,3,boss,300,500,1.000,0.000,0.000,0.910,5.0,0.00,0.090,—,1.658
trio-casters,35,4,solo,180,500,1.000,0.000,0.000,1.000,0.0,0.00,0.000,—,1.710
trio-casters,35,4,solo,300,500,1.000,0.000,0.000,1.000,0.0,0.00,0.000,—,1.710
trio-casters,35,4,pack,180,500,1.000,0.000,0.000,0.872,4.5,0.00,0.128,—,1.637
trio-casters,35,4,pack,300,500,1.000,0.000,0.000,0.872,4.5,0.00,0.128,—,1.637
trio-casters,35,4,boss,180,500,1.000,0.000,0.000,0.937,6.8,0.00,0.063,—,1.674
trio-casters,35,4,boss,300,500,1.000,0.000,0.000,0.937,6.8,0.00,0.063,—,1.674
trio-casters,35,5,solo,180,500,1.000,0.000,0.000,1.000,0.0,0.00,0.000,—,1.710
trio-casters,35,5,solo,300,500,1.000,0.000,0.000,1.000,0.0,0.00,0.000,—,1.710
trio-casters,35,5,pack,180,500,1.000,0.000,0.000,0.822,4.5,0.00,0.178,—,1.608
trio-casters,35,5,pack,300,500,1.000,0.000,0.000,0.822,4.5,0.00,0.178,—,1.608
trio-casters,35,5,boss,180,500,1.000,0.000,0.000,0.822,10.0,0.00,0.178,—,1.608
trio-casters,35,5,boss,300,500,1.000,0.000,0.000,0.822,10.0,0.00,0.178,—,1.608
trio-casters,35,6,solo,180,500,1.000,0.000,0.000,0.916,1.1,0.00,0.084,—,1.662
trio-casters,35,6,solo,300,500,1.000,0.000,0.000,0.916,1.1,0.00,0.084,—,1.662
trio-casters,35,6,pack,180,500,0.000,1.000,0.000,—,—,2.00,0.741,—,0.000
trio-casters,35,6,pack,300,500,0.000,1.000,0.000,—,—,2.00,0.741,—,0.000
trio-casters,35,6,boss,180,500,1.000,0.000,0.000,0.470,130.0,1.00,0.530,—,1.408
trio-casters,35,6,boss,300,500,1.000,0.000,0.000,0.470,130.0,1.00,0.530,—,1.408
trio-casters,35,7,solo,180,500,1.000,0.000,0.000,0.767,3.4,0.00,0.233,—,1.577
trio-casters,35,7,solo,300,500,1.000,0.000,0.000,0.767,3.4,0.00,0.233,—,1.577
trio-casters,35,7,pack,180,500,0.000,0.000,1.000,—,—,3.00,1.000,—,0.000
trio-casters,35,7,pack,300,500,0.000,0.000,1.000,—,—,3.00,1.000,—,0.000
trio-casters,35,7,boss,180,500,0.000,0.000,1.000,—,—,3.00,1.000,—,0.000
trio-casters,35,7,boss,300,500,0.000,0.000,1.000,—,—,3.00,1.000,—,0.000
trio-casters,35,8,solo,180,500,1.000,0.000,0.000,0.719,5.0,1.00,0.281,—,1.550
trio-casters,35,8,solo,300,500,1.000,0.000,0.000,0.719,5.0,1.00,0.281,—,1.550
trio-casters,35,8,pack,180,500,0.000,0.000,1.000,—,—,3.00,1.000,—,0.000
trio-casters,35,8,pack,300,500,0.000,0.000,1.000,—,—,3.00,1.000,—,0.000
trio-casters,35,8,boss,180,500,0.000,0.000,1.000,—,—,3.00,1.000,—,0.000
trio-casters,35,8,boss,300,500,0.000,0.000,1.000,—,—,3.00,1.000,—,0.000
trio-casters,50,1,solo,180,500,1.000,0.000,0.000,1.000,0.0,0.00,0.000,—,1.800
trio-casters,50,1,solo,300,500,1.000,0.000,0.000,1.000,0.0,0.00,0.000,—,1.800
trio-casters,50,1,pack,180,500,1.000,0.000,0.000,0.988,1.0,0.00,0.012,—,1.793
trio-casters,50,1,pack,300,500,1.000,0.000,0.000,0.988,1.0,0.00,0.012,—,1.793
trio-casters,50,1,boss,180,500,1.000,0.000,0.000,0.982,2.0,0.00,0.018,—,1.789
trio-casters,50,1,boss,300,500,1.000,0.000,0.000,0.982,2.0,0.00,0.018,—,1.789
trio-casters,50,2,solo,180,500,1.000,0.000,0.000,1.000,0.0,0.00,0.000,—,1.800
trio-casters,50,2,solo,300,500,1.000,0.000,0.000,1.000,0.0,0.00,0.000,—,1.800
trio-casters,50,2,pack,180,500,1.000,0.000,0.000,0.983,1.0,0.00,0.017,—,1.790
trio-casters,50,2,pack,300,500,1.000,0.000,0.000,0.983,1.0,0.00,0.017,—,1.790
trio-casters,50,2,boss,180,500,1.000,0.000,0.000,0.950,3.1,0.00,0.050,—,1.770
trio-casters,50,2,boss,300,500,1.000,0.000,0.000,0.950,3.1,0.00,0.050,—,1.770
trio-casters,50,3,solo,180,500,1.000,0.000,0.000,1.000,0.0,0.00,0.000,—,1.800
trio-casters,50,3,solo,300,500,1.000,0.000,0.000,1.000,0.0,0.00,0.000,—,1.800
trio-casters,50,3,pack,180,500,1.000,0.000,0.000,0.976,1.0,0.00,0.024,—,1.786
trio-casters,50,3,pack,300,500,1.000,0.000,0.000,0.976,1.0,0.00,0.024,—,1.786
trio-casters,50,3,boss,180,500,1.000,0.000,0.000,0.930,4.1,0.00,0.070,—,1.758
trio-casters,50,3,boss,300,500,1.000,0.000,0.000,0.930,4.1,0.00,0.070,—,1.758
trio-casters,50,4,solo,180,500,1.000,0.000,0.000,1.000,0.0,0.00,0.000,—,1.800
trio-casters,50,4,solo,300,500,1.000,0.000,0.000,1.000,0.0,0.00,0.000,—,1.800
trio-casters,50,4,pack,180,500,1.000,0.000,0.000,0.967,1.0,0.00,0.033,—,1.780
trio-casters,50,4,pack,300,500,1.000,0.000,0.000,0.967,1.0,0.00,0.033,—,1.780
trio-casters,50,4,boss,180,500,1.000,0.000,0.000,0.903,5.0,0.00,0.097,—,1.742
trio-casters,50,4,boss,300,500,1.000,0.000,0.000,0.903,5.0,0.00,0.097,—,1.742
trio-casters,50,5,solo,180,500,1.000,0.000,0.000,1.000,0.0,0.00,0.000,—,1.800
trio-casters,50,5,solo,300,500,1.000,0.000,0.000,1.000,0.0,0.00,0.000,—,1.800
trio-casters,50,5,pack,180,500,1.000,0.000,0.000,0.863,4.1,0.00,0.137,—,1.718
trio-casters,50,5,pack,300,500,1.000,0.000,0.000,0.863,4.1,0.00,0.137,—,1.718
trio-casters,50,5,boss,180,500,1.000,0.000,0.000,0.931,6.1,0.00,0.069,—,1.759
trio-casters,50,5,boss,300,500,1.000,0.000,0.000,0.931,6.1,0.00,0.069,—,1.759
trio-casters,50,6,solo,180,500,1.000,0.000,0.000,1.000,0.0,0.00,0.000,—,1.800
trio-casters,50,6,solo,300,500,1.000,0.000,0.000,1.000,0.0,0.00,0.000,—,1.800
trio-casters,50,6,pack,180,500,1.000,0.000,0.000,0.806,4.1,0.00,0.194,—,1.684
trio-casters,50,6,pack,300,500,1.000,0.000,0.000,0.806,4.1,0.00,0.194,—,1.684
trio-casters,50,6,boss,180,500,1.000,0.000,0.000,0.904,12.2,0.00,0.096,—,1.742
trio-casters,50,6,boss,300,500,1.000,0.000,0.000,0.904,12.2,0.00,0.096,—,1.742
trio-casters,50,7,solo,180,500,1.000,0.000,0.000,0.910,1.0,0.00,0.090,—,1.746
trio-casters,50,7,solo,300,500,1.000,0.000,0.000,0.910,1.0,0.00,0.090,—,1.746
trio-casters,50,7,pack,180,500,1.000,0.000,0.000,0.731,8.1,0.00,0.269,—,1.639
trio-casters,50,7,pack,300,500,1.000,0.000,0.000,0.731,8.1,0.00,0.269,—,1.639
trio-casters,50,7,boss,180,500,1.000,0.000,0.000,0.453,65.0,1.00,0.547,—,1.472
trio-casters,50,7,boss,300,500,1.000,0.000,0.000,0.453,65.0,1.00,0.547,—,1.472
trio-casters,50,8,solo,180,500,1.000,0.000,0.000,0.875,2.0,0.00,0.125,—,1.725
trio-casters,50,8,solo,300,500,1.000,0.000,0.000,0.875,2.0,0.00,0.125,—,1.725
trio-casters,50,8,pack,180,500,0.000,0.000,1.000,—,—,3.00,1.000,—,0.000
trio-casters,50,8,pack,300,500,0.000,0.000,1.000,—,—,3.00,1.000,—,0.000
trio-casters,50,8,boss,180,500,0.000,0.000,1.000,—,—,3.00,1.000,—,0.000
trio-casters,50,8,boss,300,500,0.000,0.000,1.000,—,—,3.00,1.000,—,0.000
trio-double-tank,1,1,solo,180,500,1.000,0.000,0.000,0.948,6.0,0.00,0.052,1.000,1.480
trio-double-tank,1,1,solo,300,500,1.000,0.000,0.000,0.948,6.0,0.00,0.052,1.000,1.480
trio-double-tank,1,1,pack,180,500,1.000,0.000,0.000,0.987,36.0,0.00,0.013,1.000,1.499
trio-double-tank,1,1,pack,300,500,1.000,0.000,0.000,0.987,36.0,0.00,0.013,1.000,1.499
trio-double-tank,1,1,boss,180,500,1.000,0.000,0.000,0.997,76.7,0.00,0.003,1.000,1.504
trio-double-tank,1,1,boss,300,500,1.000,0.000,0.000,0.998,77.0,0.00,0.002,1.000,1.505
trio-double-tank,1,2,solo,180,500,1.000,0.000,0.000,0.933,11.3,0.00,0.067,1.000,1.472
trio-double-tank,1,2,solo,300,500,1.000,0.000,0.000,0.932,11.3,0.00,0.068,1.000,1.472
trio-double-tank,1,2,pack,180,500,1.000,0.000,0.000,0.991,54.0,0.00,0.009,1.000,1.501
trio-double-tank,1,2,pack,300,500,1.000,0.000,0.000,0.990,54.0,0.00,0.010,1.000,1.501
trio-double-tank,1,2,boss,180,500,1.000,0.000,0.000,0.952,113.8,0.00,0.048,1.000,1.482
trio-double-tank,1,2,boss,300,500,1.000,0.000,0.000,0.952,113.9,0.00,0.048,1.000,1.482
trio-double-tank,1,3,solo,180,500,1.000,0.000,0.000,0.944,23.2,0.00,0.056,1.000,1.478
trio-double-tank,1,3,solo,300,500,1.000,0.000,0.000,0.944,23.1,0.00,0.056,1.000,1.478
trio-double-tank,1,3,pack,180,500,0.000,0.000,1.000,—,—,3.00,1.000,0.694,0.000
trio-double-tank,1,3,pack,300,500,0.000,0.000,1.000,—,—,3.00,1.000,0.693,0.000
trio-double-tank,1,3,boss,180,500,0.000,0.004,0.996,—,—,3.00,1.000,0.745,0.000
trio-double-tank,1,3,boss,300,500,0.000,0.000,1.000,—,—,3.00,1.000,0.734,0.000
trio-double-tank,1,4,solo,180,500,1.000,0.000,0.000,0.898,36.0,0.00,0.102,1.000,1.455
trio-double-tank,1,4,solo,300,500,1.000,0.000,0.000,0.897,36.0,0.00,0.103,1.000,1.454
trio-double-tank,1,4,pack,180,500,0.000,0.000,1.000,—,—,3.00,1.000,0.790,0.000
trio-double-tank,1,4,pack,300,500,0.000,0.000,1.000,—,—,3.00,1.000,0.789,0.000
trio-double-tank,1,4,boss,180,500,0.000,0.000,1.000,—,—,3.00,1.000,0.781,0.000
trio-double-tank,1,4,boss,300,500,0.000,0.000,1.000,—,—,3.00,1.000,0.781,0.000
trio-double-tank,1,5,solo,180,500,0.006,0.000,0.994,0.491,62.0,2.99,0.997,0.804,0.008
trio-double-tank,1,5,solo,300,500,0.008,0.000,0.992,0.388,61.6,2.99,0.997,0.804,0.010
trio-double-tank,1,5,pack,180,500,0.000,0.000,1.000,—,—,3.00,1.000,0.748,0.000
trio-double-tank,1,5,pack,300,500,0.000,0.000,1.000,—,—,3.00,1.000,0.747,0.000
trio-double-tank,1,5,boss,180,500,0.000,0.000,1.000,—,—,3.00,1.000,0.722,0.000
trio-double-tank,1,5,boss,300,500,0.000,0.000,1.000,—,—,3.00,1.000,0.721,0.000
trio-double-tank,1,6,solo,180,500,0.000,0.000,1.000,—,—,3.00,1.000,0.796,0.000
trio-double-tank,1,6,solo,300,500,0.000,0.000,1.000,—,—,3.00,1.000,0.793,0.000
trio-double-tank,1,6,pack,180,500,0.000,0.000,1.000,—,—,3.00,1.000,0.721,0.000
trio-double-tank,1,6,pack,300,500,0.000,0.000,1.000,—,—,3.00,1.000,0.723,0.000
trio-double-tank,1,6,boss,180,500,0.000,0.000,1.000,—,—,3.00,1.000,0.685,0.000
trio-double-tank,1,6,boss,300,500,0.000,0.000,1.000,—,—,3.00,1.000,0.687,0.000
trio-double-tank,1,7,solo,180,500,0.000,0.000,1.000,—,—,3.00,1.000,0.838,0.000
trio-double-tank,1,7,solo,300,500,0.000,0.000,1.000,—,—,3.00,1.000,0.839,0.000
trio-double-tank,1,7,pack,180,500,0.000,0.000,1.000,—,—,3.00,1.000,0.807,0.000
trio-double-tank,1,7,pack,300,500,0.000,0.000,1.000,—,—,3.00,1.000,0.806,0.000
trio-double-tank,1,7,boss,180,500,0.000,0.000,1.000,—,—,3.00,1.000,0.674,0.000
trio-double-tank,1,7,boss,300,500,0.000,0.000,1.000,—,—,3.00,1.000,0.670,0.000
trio-double-tank,1,8,solo,180,500,0.000,0.000,1.000,—,—,3.00,1.000,0.805,0.000
trio-double-tank,1,8,solo,300,500,0.000,0.000,1.000,—,—,3.00,1.000,0.805,0.000
trio-double-tank,1,8,pack,180,500,0.000,0.000,1.000,—,—,3.00,1.000,0.803,0.000
trio-double-tank,1,8,pack,300,500,0.000,0.000,1.000,—,—,3.00,1.000,0.802,0.000
trio-double-tank,1,8,boss,180,500,0.000,0.000,1.000,—,—,3.00,1.000,0.760,0.000
trio-double-tank,1,8,boss,300,500,0.000,0.000,1.000,—,—,3.00,1.000,0.764,0.000
trio-double-tank,5,1,solo,180,500,1.000,0.000,0.000,1.000,0.0,0.00,0.000,—,1.530
trio-double-tank,5,1,solo,300,500,1.000,0.000,0.000,1.000,0.0,0.00,0.000,—,1.530
trio-double-tank,5,1,pack,180,500,1.000,0.000,0.000,0.924,12.0,0.00,0.076,1.000,1.491
trio-double-tank,5,1,pack,300,500,1.000,0.000,0.000,0.924,12.0,0.00,0.076,1.000,1.491
trio-double-tank,5,1,boss,180,500,1.000,0.000,0.000,0.999,41.7,0.00,0.001,1.000,1.529
trio-double-tank,5,1,boss,300,500,1.000,0.000,0.000,0.999,41.7,0.00,0.001,1.000,1.529
trio-double-tank,5,2,solo,180,500,1.000,0.000,0.000,0.947,6.0,0.00,0.053,1.000,1.503
trio-double-tank,5,2,solo,300,500,1.000,0.000,0.000,0.946,6.0,0.00,0.054,1.000,1.503
trio-double-tank,5,2,pack,180,500,1.000,0.000,0.000,0.974,35.0,0.00,0.026,1.000,1.517
trio-double-tank,5,2,pack,300,500,1.000,0.000,0.000,0.975,35.0,0.00,0.025,1.000,1.517
trio-double-tank,5,2,boss,180,500,1.000,0.000,0.000,0.999,65.5,0.00,0.001,1.000,1.529
trio-double-tank,5,2,boss,300,500,1.000,0.000,0.000,0.998,65.4,0.00,0.002,1.000,1.529
trio-double-tank,5,3,solo,180,500,1.000,0.000,0.000,0.939,6.0,0.00,0.061,1.000,1.499
trio-double-tank,5,3,solo,300,500,1.000,0.000,0.000,0.940,6.0,0.00,0.060,1.000,1.499
trio-double-tank,5,3,pack,180,500,1.000,0.000,0.000,0.998,53.8,0.00,0.002,1.000,1.529
trio-double-tank,5,3,pack,300,500,1.000,0.000,0.000,0.998,53.9,0.00,0.002,1.000,1.529
trio-double-tank,5,3,boss,180,500,1.000,0.000,0.000,0.951,100.4,0.00,0.049,1.000,1.505
trio-double-tank,5,3,boss,300,500,1.000,0.000,0.000,0.950,100.4,0.00,0.050,1.000,1.505
trio-double-tank,5,4,solo,180,500,1.000,0.000,0.000,0.816,12.0,0.00,0.184,1.000,1.436
trio-double-tank,5,4,solo,300,500,1.000,0.000,0.000,0.813,12.0,0.00,0.187,1.000,1.435
trio-double-tank,5,4,pack,180,500,0.000,0.000,1.000,—,—,3.00,1.000,0.789,0.000
trio-double-tank,5,4,pack,300,500,0.002,0.000,0.998,0.623,120.0,3.00,0.999,0.792,0.003
trio-double-tank,5,4,boss,180,500,0.276,0.724,0.000,0.932,150.0,0.72,0.358,1.000,0.413
trio-double-tank,5,4,boss,300,500,1.000,0.000,0.000,0.679,239.6,0.71,0.321,1.000,1.366
trio-double-tank,5,5,solo,180,500,1.000,0.000,0.000,0.960,29.7,0.00,0.040,1.000,1.510
trio-double-tank,5,5,solo,300,500,1.000,0.000,0.000,0.961,29.7,0.00,0.039,1.000,1.510
trio-double-tank,5,5,pack,180,500,0.000,0.000,1.000,—,—,3.00,1.000,0.788,0.000
trio-double-tank,5,5,pack,300,500,0.000,0.000,1.000,—,—,3.00,1.000,0.787,0.000
trio-double-tank,5,5,boss,180,500,0.000,0.000,1.000,—,—,3.00,1.000,0.738,0.000
trio-double-tank,5,5,boss,300,500,0.000,0.000,1.000,—,—,3.00,1.000,0.739,0.000
trio-double-tank,5,6,solo,180,500,0.676,0.000,0.324,0.559,54.9,1.58,0.622,0.937,0.882
trio-double-tank,5,6,solo,300,500,0.656,0.000,0.344,0.562,54.3,1.63,0.631,0.933,0.857
trio-double-tank,5,6,pack,180,500,0.000,0.000,1.000,—,—,3.00,1.000,0.759,0.000
trio-double-tank,5,6,pack,300,500,0.000,0.000,1.000,—,—,3.00,1.000,0.764,0.000
trio-double-tank,5,6,boss,180,500,0.000,0.000,1.000,—,—,3.00,1.000,0.735,0.000
trio-double-tank,5,6,boss,300,500,0.000,0.000,1.000,—,—,3.00,1.000,0.736,0.000
trio-double-tank,5,7,solo,180,500,0.000,0.000,1.000,—,—,3.00,1.000,0.827,0.000
trio-double-tank,5,7,solo,300,500,0.000,0.000,1.000,—,—,3.00,1.000,0.827,0.000
trio-double-tank,5,7,pack,180,500,0.000,0.000,1.000,—,—,3.00,1.000,0.756,0.000
trio-double-tank,5,7,pack,300,500,0.000,0.000,1.000,—,—,3.00,1.000,0.756,0.000
trio-double-tank,5,7,boss,180,500,0.000,0.000,1.000,—,—,3.00,1.000,0.701,0.000
trio-double-tank,5,7,boss,300,500,0.000,0.000,1.000,—,—,3.00,1.000,0.702,0.000
trio-double-tank,5,8,solo,180,500,0.000,0.000,1.000,—,—,3.00,1.000,0.845,0.000
trio-double-tank,5,8,solo,300,500,0.000,0.000,1.000,—,—,3.00,1.000,0.845,0.000
trio-double-tank,5,8,pack,180,500,0.000,0.000,1.000,—,—,3.00,1.000,0.808,0.000
trio-double-tank,5,8,pack,300,500,0.000,0.000,1.000,—,—,3.00,1.000,0.810,0.000
trio-double-tank,5,8,boss,180,500,0.000,0.000,1.000,—,—,3.00,1.000,0.672,0.000
trio-double-tank,5,8,boss,300,500,0.000,0.000,1.000,—,—,3.00,1.000,0.675,0.000
trio-double-tank,10,1,solo,180,500,1.000,0.000,0.000,1.000,0.0,0.00,0.000,—,1.560
trio-double-tank,10,1,solo,300,500,1.000,0.000,0.000,1.000,0.0,0.00,0.000,—,1.560
trio-double-tank,10,1,pack,180,500,1.000,0.000,0.000,0.957,6.0,0.00,0.043,1.000,1.538
trio-double-tank,10,1,pack,300,500,1.000,0.000,0.000,0.958,6.0,0.00,0.042,1.000,1.538
trio-double-tank,10,1,boss,180,500,1.000,0.000,0.000,0.900,18.0,0.00,0.100,1.000,1.508
trio-double-tank,10,1,boss,300,500,1.000,0.000,0.000,0.901,18.0,0.00,0.099,1.000,1.509
trio-double-tank,10,2,solo,180,500,1.000,0.000,0.000,1.000,0.0,0.00,0.000,—,1.560
trio-double-tank,10,2,solo,300,500,1.000,0.000,0.000,1.000,0.0,0.00,0.000,—,1.560
trio-double-tank,10,2,pack,180,500,1.000,0.000,0.000,0.907,12.0,0.00,0.093,1.000,1.512
trio-double-tank,10,2,pack,300,500,1.000,0.000,0.000,0.907,12.0,0.00,0.093,1.000,1.512
trio-double-tank,10,2,boss,180,500,1.000,0.000,0.000,0.998,41.5,0.00,0.002,1.000,1.559
trio-double-tank,10,2,boss,300,500,1.000,0.000,0.000,0.997,41.4,0.00,0.003,1.000,1.558
trio-double-tank,10,3,solo,180,500,1.000,0.000,0.000,0.939,4.1,0.00,0.061,1.000,1.528
trio-double-tank,10,3,solo,300,500,1.000,0.000,0.000,0.938,4.1,0.00,0.062,1.000,1.528
trio-double-tank,10,3,pack,180,500,1.000,0.000,0.000,1.000,29.9,0.00,0.000,1.000,1.560
trio-double-tank,10,3,pack,300,500,1.000,0.000,0.000,1.000,29.8,0.00,0.000,1.000,1.560
trio-double-tank,10,3,boss,180,500,1.000,0.000,0.000,0.998,64.2,0.00,0.002,1.000,1.559
trio-double-tank,10,3,boss,300,500,1.000,0.000,0.000,0.998,64.3,0.00,0.002,1.000,1.559
trio-double-tank,10,4,solo,180,500,1.000,0.000,0.000,0.935,6.0,0.00,0.065,1.000,1.526
trio-double-tank,10,4,solo,300,500,1.000,0.000,0.000,0.934,6.0,0.00,0.066,1.000,1.526
trio-double-tank,10,4,pack,180,500,1.000,0.000,0.000,0.960,47.7,0.00,0.040,1.000,1.539
trio-double-tank,10,4,pack,300,500,1.000,0.000,0.000,0.960,47.7,0.00,0.040,1.000,1.539
trio-double-tank,10,4,boss,180,500,1.000,0.000,0.000,0.999,95.9,0.00,0.001,1.000,1.560
trio-double-tank,10,4,boss,300,500,1.000,0.000,0.000,0.999,95.8,0.00,0.001,1.000,1.560
trio-double-tank,10,5,solo,180,500,1.000,0.000,0.000,0.989,17.6,0.00,0.011,1.000,1.555
trio-double-tank,10,5,solo,300,500,1.000,0.000,0.000,0.989,17.5,0.00,0.011,1.000,1.554
trio-double-tank,10,5,pack,180,500,0.028,0.000,0.972,0.601,129.9,2.94,0.983,0.793,0.038
trio-double-tank,10,5,pack,300,500,0.050,0.002,0.948,0.607,128.6,2.90,0.969,0.801,0.068
trio-double-tank,10,5,boss,180,500,0.312,0.688,0.000,0.986,142.9,0.69,0.327,1.000,0.484
trio-double-tank,10,5,boss,300,500,1.000,0.000,0.000,0.735,225.7,0.65,0.265,1.000,1.422
trio-double-tank,10,6,solo,180,500,1.000,0.000,0.000,0.999,29.9,0.00,0.001,1.000,1.559
trio-double-tank,10,6,solo,300,500,1.000,0.000,0.000,1.000,30.0,0.00,0.000,1.000,1.560
trio-double-tank,10,6,pack,180,500,0.000,0.000,1.000,—,—,3.00,1.000,0.790,0.000
trio-double-tank,10,6,pack,300,500,0.000,0.000,1.000,—,—,3.00,1.000,0.790,0.000
trio-double-tank,10,6,boss,180,500,0.000,0.000,1.000,—,—,3.00,1.000,0.737,0.000
trio-double-tank,10,6,boss,300,500,0.000,0.000,1.000,—,—,3.00,1.000,0.734,0.000
trio-double-tank,10,7,solo,180,500,1.000,0.000,0.000,0.875,48.0,0.00,0.125,1.000,1.495
trio-double-tank,10,7,solo,300,500,1.000,0.000,0.000,0.874,48.0,0.00,0.126,1.000,1.494
trio-double-tank,10,7,pack,180,500,0.000,0.000,1.000,—,—,3.00,1.000,0.823,0.000
trio-double-tank,10,7,pack,300,500,0.000,0.000,1.000,—,—,3.00,1.000,0.824,0.000
trio-double-tank,10,7,boss,180,500,0.000,0.000,1.000,—,—,3.00,1.000,0.814,0.000
trio-double-tank,10,7,boss,300,500,0.000,0.000,1.000,—,—,3.00,1.000,0.815,0.000
trio-double-tank,10,8,solo,180,500,0.000,0.000,1.000,—,—,3.00,1.000,0.836,0.000
trio-double-tank,10,8,solo,300,500,0.000,0.000,1.000,—,—,3.00,1.000,0.835,0.000
trio-double-tank,10,8,pack,180,500,0.000,0.000,1.000,—,—,3.00,1.000,0.755,0.000
trio-double-tank,10,8,pack,300,500,0.000,0.000,1.000,—,—,3.00,1.000,0.755,0.000
trio-double-tank,10,8,boss,180,500,0.000,0.000,1.000,—,—,3.00,1.000,0.714,0.000
trio-double-tank,10,8,boss,300,500,0.000,0.000,1.000,—,—,3.00,1.000,0.719,0.000
trio-double-tank,20,1,solo,180,500,1.000,0.000,0.000,1.000,0.0,0.00,0.000,—,1.620
trio-double-tank,20,1,solo,300,500,1.000,0.000,0.000,1.000,0.0,0.00,0.000,—,1.620
trio-double-tank,20,1,pack,180,500,1.000,0.000,0.000,0.985,6.0,0.00,0.015,1.000,1.612
trio-double-tank,20,1,pack,300,500,1.000,0.000,0.000,0.986,6.0,0.00,0.014,1.000,1.612
trio-double-tank,20,1,boss,180,500,1.000,0.000,0.000,0.968,12.0,0.00,0.032,1.000,1.603
trio-double-tank,20,1,boss,300,500,1.000,0.000,0.000,0.968,12.0,0.00,0.032,1.000,1.603
trio-double-tank,20,2,solo,180,500,1.000,0.000,0.000,1.000,0.0,0.00,0.000,—,1.620
trio-double-tank,20,2,solo,300,500,1.000,0.000,0.000,1.000,0.0,0.00,0.000,—,1.620
trio-double-tank,20,2,pack,180,500,1.000,0.000,0.000,0.971,6.0,0.00,0.029,1.000,1.605
trio-double-tank,20,2,pack,300,500,1.000,0.000,0.000,0.971,6.0,0.00,0.029,1.000,1.604
trio-double-tank,20,2,boss,180,500,1.000,0.000,0.000,0.934,16.3,0.00,0.066,1.000,1.584
trio-double-tank,20,2,boss,300,500,1.000,0.000,0.000,0.933,16.3,0.00,0.067,1.000,1.584
trio-double-tank,20,3,solo,180,500,1.000,0.000,0.000,1.000,0.0,0.00,0.000,—,1.620
trio-double-tank,20,3,solo,300,500,1.000,0.000,0.000,1.000,0.0,0.00,0.000,—,1.620
trio-double-tank,20,3,pack,180,500,1.000,0.000,0.000,0.938,12.0,0.00,0.062,1.000,1.586
trio-double-tank,20,3,pack,300,500,1.000,0.000,0.000,0.938,12.0,0.00,0.062,1.000,1.586
trio-double-tank,20,3,boss,180,500,1.000,0.000,0.000,0.959,22.7,0.00,0.041,1.000,1.598
trio-double-tank,20,3,boss,300,500,1.000,0.000,0.000,0.959,22.7,0.00,0.041,1.000,1.598
trio-double-tank,20,4,solo,180,500,1.000,0.000,0.000,0.954,4.1,0.00,0.046,1.000,1.595
trio-double-tank,20,4,solo,300,500,1.000,0.000,0.000,0.954,4.1,0.00,0.046,1.000,1.595
trio-double-tank,20,4,pack,180,500,1.000,0.000,0.000,0.999,29.6,0.00,0.001,1.000,1.620
trio-double-tank,20,4,pack,300,500,1.000,0.000,0.000,1.000,29.6,0.00,0.000,1.000,1.620
trio-double-tank,20,4,boss,180,500,1.000,0.000,0.000,0.996,55.7,0.00,0.004,1.000,1.618
trio-double-tank,20,4,boss,300,500,1.000,0.000,0.000,0.996,55.6,0.00,0.004,1.000,1.618
trio-double-tank,20,5,solo,180,500,1.000,0.000,0.000,0.935,6.0,0.00,0.065,1.000,1.585
trio-double-tank,20,5,solo,300,500,1.000,0.000,0.000,0.936,6.0,0.00,0.064,1.000,1.586
trio-double-tank,20,5,pack,180,500,1.000,0.000,0.000,0.970,47.4,0.00,0.030,1.000,1.604
trio-double-tank,20,5,pack,300,500,1.000,0.000,0.000,0.968,47.7,0.00,0.032,1.000,1.603
trio-double-tank,20,5,boss,180,500,1.000,0.000,0.000,0.998,87.4,0.00,0.002,1.000,1.619
trio-double-tank,20,5,boss,300,500,1.000,0.000,0.000,0.997,87.8,0.00,0.003,1.000,1.619
trio-double-tank,20,6,solo,180,500,1.000,0.000,0.000,0.910,12.0,0.00,0.090,1.000,1.571
trio-double-tank,20,6,solo,300,500,1.000,0.000,0.000,0.913,12.0,0.00,0.087,1.000,1.573
trio-double-tank,20,6,pack,180,500,1.000,0.000,0.000,0.947,70.0,0.12,0.053,1.000,1.591
trio-double-tank,20,6,pack,300,500,1.000,0.000,0.000,0.939,70.8,0.15,0.061,1.000,1.587
trio-double-tank,20,6,boss,180,500,1.000,0.000,0.000,0.982,130.0,0.00,0.018,1.000,1.610
trio-double-tank,20,6,boss,300,500,1.000,0.000,0.000,0.982,129.7,0.00,0.018,1.000,1.610
trio-double-tank,20,7,solo,180,500,1.000,0.000,0.000,0.983,27.4,0.00,0.017,1.000,1.611
trio-double-tank,20,7,solo,300,500,1.000,0.000,0.000,0.986,27.4,0.00,0.014,1.000,1.612
trio-double-tank,20,7,pack,180,500,0.000,0.000,1.000,—,—,3.00,1.000,0.852,0.000
trio-double-tank,20,7,pack,300,500,0.000,0.000,1.000,—,—,3.00,1.000,0.848,0.000
trio-double-tank,20,7,boss,180,500,0.000,0.702,0.298,—,—,1.44,0.567,0.979,0.000
trio-double-tank,20,7,boss,300,500,0.188,0.572,0.240,0.978,197.1,1.29,0.529,0.988,0.302
trio-double-tank,20,8,solo,180,500,1.000,0.000,0.000,0.923,46.8,0.00,0.077,1.000,1.579
trio-double-tank,20,8,solo,300,500,1.000,0.000,0.000,0.924,46.7,0.00,0.076,1.000,1.579
trio-double-tank,20,8,pack,180,500,0.000,0.000,1.000,—,—,3.00,1.000,0.851,0.000
trio-double-tank,20,8,pack,300,500,0.000,0.000,1.000,—,—,3.00,1.000,0.849,0.000
trio-double-tank,20,8,boss,180,500,0.000,0.000,1.000,—,—,3.00,1.000,0.823,0.000
trio-double-tank,20,8,boss,300,500,0.000,0.000,1.000,—,—,3.00,1.000,0.821,0.000
trio-double-tank,35,1,solo,180,500,1.000,0.000,0.000,1.000,0.0,0.00,0.000,—,1.710
trio-double-tank,35,1,solo,300,500,1.000,0.000,0.000,1.000,0.0,0.00,0.000,—,1.710
trio-double-tank,35,1,pack,180,500,1.000,0.000,0.000,1.000,0.0,0.00,0.000,—,1.710
trio-double-tank,35,1,pack,300,500,1.000,0.000,0.000,1.000,0.0,0.00,0.000,—,1.710
trio-double-tank,35,1,boss,180,500,1.000,0.000,0.000,1.000,6.0,0.00,0.000,1.000,1.710
trio-double-tank,35,1,boss,300,500,1.000,0.000,0.000,1.000,6.0,0.00,0.000,1.000,1.710
trio-double-tank,35,2,solo,180,500,1.000,0.000,0.000,1.000,0.0,0.00,0.000,—,1.710
trio-double-tank,35,2,solo,300,500,1.000,0.000,0.000,1.000,0.0,0.00,0.000,—,1.710
trio-double-tank,35,2,pack,180,500,1.000,0.000,0.000,0.993,6.0,0.00,0.007,1.000,1.706
trio-double-tank,35,2,pack,300,500,1.000,0.000,0.000,0.993,6.0,0.00,0.007,1.000,1.706
trio-double-tank,35,2,boss,180,500,1.000,0.000,0.000,0.979,12.0,0.00,0.021,1.000,1.698
trio-double-tank,35,2,boss,300,500,1.000,0.000,0.000,0.980,12.0,0.00,0.020,1.000,1.699
trio-double-tank,35,3,solo,180,500,1.000,0.000,0.000,1.000,0.0,0.00,0.000,—,1.710
trio-double-tank,35,3,solo,300,500,1.000,0.000,0.000,1.000,0.0,0.00,0.000,—,1.710
trio-double-tank,35,3,pack,180,500,1.000,0.000,0.000,0.983,6.0,0.00,0.017,1.000,1.700
trio-double-tank,35,3,pack,300,500,1.000,0.000,0.000,0.983,6.0,0.00,0.017,1.000,1.700
trio-double-tank,35,3,boss,180,500,1.000,0.000,0.000,0.972,12.2,0.00,0.028,1.000,1.694
trio-double-tank,35,3,boss,300,500,1.000,0.000,0.000,0.970,12.2,0.00,0.030,1.000,1.693
trio-double-tank,35,4,solo,180,500,1.000,0.000,0.000,1.000,0.0,0.00,0.000,—,1.710
trio-double-tank,35,4,solo,300,500,1.000,0.000,0.000,1.000,0.0,0.00,0.000,—,1.710
trio-double-tank,35,4,pack,180,500,1.000,0.000,0.000,0.963,12.0,0.00,0.037,1.000,1.689
trio-double-tank,35,4,pack,300,500,1.000,0.000,0.000,0.963,12.0,0.00,0.037,1.000,1.689
trio-double-tank,35,4,boss,180,500,1.000,0.000,0.000,0.928,24.0,0.00,0.072,1.000,1.669
trio-double-tank,35,4,boss,300,500,1.000,0.000,0.000,0.928,24.0,0.00,0.072,1.000,1.669
trio-double-tank,35,5,solo,180,500,1.000,0.000,0.000,0.966,4.1,0.00,0.034,1.000,1.691
trio-double-tank,35,5,solo,300,500,1.000,0.000,0.000,0.966,4.1,0.00,0.034,1.000,1.691
trio-double-tank,35,5,pack,180,500,1.000,0.000,0.000,0.991,24.2,0.00,0.009,1.000,1.705
trio-double-tank,35,5,pack,300,500,1.000,0.000,0.000,0.992,24.4,0.00,0.008,1.000,1.705
trio-double-tank,35,5,boss,180,500,1.000,0.000,0.000,0.982,46.2,0.00,0.018,1.000,1.700
trio-double-tank,35,5,boss,300,500,1.000,0.000,0.000,0.981,45.9,0.00,0.019,1.000,1.699
trio-double-tank,35,6,solo,180,500,1.000,0.000,0.000,0.951,6.0,0.00,0.049,1.000,1.682
trio-double-tank,35,6,solo,300,500,1.000,0.000,0.000,0.952,6.0,0.00,0.048,1.000,1.683
trio-double-tank,35,6,pack,180,500,1.000,0.000,0.000,0.990,35.9,0.00,0.010,1.000,1.705
trio-double-tank,35,6,pack,300,500,1.000,0.000,0.000,0.991,35.9,0.00,0.009,1.000,1.705
trio-double-tank,35,6,boss,180,500,1.000,0.000,0.000,0.996,74.0,0.00,0.004,1.000,1.708
trio-double-tank,35,6,boss,300,500,1.000,0.000,0.000,0.996,74.2,0.00,0.004,1.000,1.708
trio-double-tank,35,7,solo,180,500,1.000,0.000,0.000,0.920,8.2,0.00,0.080,1.000,1.664
trio-double-tank,35,7,solo,300,500,1.000,0.000,0.000,0.921,8.2,0.00,0.079,1.000,1.665
trio-double-tank,35,7,pack,180,500,1.000,0.000,0.000,0.996,65.3,0.00,0.004,1.000,1.708
trio-double-tank,35,7,pack,300,500,1.000,0.000,0.000,0.997,65.5,0.00,0.003,1.000,1.708
trio-double-tank,35,7,boss,180,500,1.000,0.000,0.000,0.974,122.8,0.00,0.026,1.000,1.695
trio-double-tank,35,7,boss,300,500,1.000,0.000,0.000,0.973,122.5,0.00,0.027,1.000,1.695
trio-double-tank,35,8,solo,180,500,1.000,0.000,0.000,0.966,22.2,0.00,0.034,1.000,1.690
trio-double-tank,35,8,solo,300,500,1.000,0.000,0.000,0.965,22.4,0.00,0.035,1.000,1.690
trio-double-tank,35,8,pack,180,500,1.000,0.000,0.000,0.909,110.1,0.14,0.091,1.000,1.658
trio-double-tank,35,8,pack,300,500,1.000,0.000,0.000,0.896,112.7,0.18,0.104,1.000,1.650
trio-double-tank,35,8,boss,180,500,0.038,0.962,0.000,0.990,179.1,0.00,0.070,1.000,0.065
trio-double-tank,35,8,boss,300,500,1.000,0.000,0.000,0.999,194.7,0.00,0.001,1.000,1.709
trio-double-tank,50,1,solo,180,500,1.000,0.000,0.000,1.000,0.0,0.00,0.000,—,1.800
trio-double-tank,50,1,solo,300,500,1.000,0.000,0.000,1.000,0.0,0.00,0.000,—,1.800
trio-double-tank,50,1,pack,180,500,1.000,0.000,0.000,1.000,0.0,0.00,0.000,—,1.800
trio-double-tank,50,1,pack,300,500,1.000,0.000,0.000,1.000,0.0,0.00,0.000,—,1.800
trio-double-tank,50,1,boss,180,500,1.000,0.000,0.000,0.992,6.0,0.00,0.008,1.000,1.795
trio-double-tank,50,1,boss,300,500,1.000,0.000,0.000,0.992,6.0,0.00,0.008,1.000,1.795
trio-double-tank,50,2,solo,180,500,1.000,0.000,0.000,1.000,0.0,0.00,0.000,—,1.800
trio-double-tank,50,2,solo,300,500,1.000,0.000,0.000,1.000,0.0,0.00,0.000,—,1.800
trio-double-tank,50,2,pack,180,500,1.000,0.000,0.000,1.000,0.0,0.00,0.000,—,1.800
trio-double-tank,50,2,pack,300,500,1.000,0.000,0.000,1.000,0.0,0.00,0.000,—,1.800
trio-double-tank,50,2,boss,180,500,1.000,0.000,0.000,1.000,6.0,0.00,0.000,1.000,1.800
trio-double-tank,50,2,boss,300,500,1.000,0.000,0.000,1.000,6.0,0.00,0.000,1.000,1.800
trio-double-tank,50,3,solo,180,500,1.000,0.000,0.000,1.000,0.0,0.00,0.000,—,1.800
trio-double-tank,50,3,solo,300,500,1.000,0.000,0.000,1.000,0.0,0.00,0.000,—,1.800
trio-double-tank,50,3,pack,180,500,1.000,0.000,0.000,0.996,6.0,0.00,0.004,1.000,1.797
trio-double-tank,50,3,pack,300,500,1.000,0.000,0.000,0.996,6.0,0.00,0.004,1.000,1.797
trio-double-tank,50,3,boss,180,500,1.000,0.000,0.000,0.983,12.0,0.00,0.017,1.000,1.790
trio-double-tank,50,3,boss,300,500,1.000,0.000,0.000,0.983,12.0,0.00,0.017,1.000,1.790
trio-double-tank,50,4,solo,180,500,1.000,0.000,0.000,1.000,0.0,0.00,0.000,—,1.800
trio-double-tank,50,4,solo,300,500,1.000,0.000,0.000,1.000,0.0,0.00,0.000,—,1.800
trio-double-tank,50,4,pack,180,500,1.000,0.000,0.000,0.988,6.0,0.00,0.012,1.000,1.793
trio-double-tank,50,4,pack,300,500,1.000,0.000,0.000,0.988,6.0,0.00,0.012,1.000,1.793
trio-double-tank,50,4,boss,180,500,1.000,0.000,0.000,0.986,18.0,0.00,0.014,1.000,1.791
trio-double-tank,50,4,boss,300,500,1.000,0.000,0.000,0.986,18.0,0.00,0.014,1.000,1.792
trio-double-tank,50,5,solo,180,500,1.000,0.000,0.000,1.000,0.0,0.00,0.000,—,1.800
trio-double-tank,50,5,solo,300,500,1.000,0.000,0.000,1.000,0.0,0.00,0.000,—,1.800
trio-double-tank,50,5,pack,180,500,1.000,0.000,0.000,0.973,12.0,0.00,0.027,1.000,1.784
trio-double-tank,50,5,pack,300,500,1.000,0.000,0.000,0.973,12.0,0.00,0.027,1.000,1.784
trio-double-tank,50,5,boss,180,500,1.000,0.000,0.000,0.944,20.4,0.00,0.056,1.000,1.766
trio-double-tank,50,5,boss,300,500,1.000,0.000,0.000,0.942,20.4,0.00,0.058,1.000,1.765
trio-double-tank,50,6,solo,180,500,1.000,0.000,0.000,0.970,4.1,0.00,0.030,1.000,1.782
trio-double-tank,50,6,solo,300,500,1.000,0.000,0.000,0.970,4.1,0.00,0.030,1.000,1.782
trio-double-tank,50,6,pack,180,500,1.000,0.000,0.000,0.984,22.6,0.00,0.016,1.000,1.790
trio-double-tank,50,6,pack,300,500,1.000,0.000,0.000,0.984,22.5,0.00,0.016,1.000,1.790
trio-double-tank,50,6,boss,180,500,1.000,0.000,0.000,0.992,45.4,0.00,0.008,1.000,1.795
trio-double-tank,50,6,boss,300,500,1.000,0.000,0.000,0.992,45.1,0.00,0.008,1.000,1.795
trio-double-tank,50,7,solo,180,500,1.000,0.000,0.000,0.958,6.0,0.00,0.042,1.000,1.775
trio-double-tank,50,7,solo,300,500,1.000,0.000,0.000,0.958,6.0,0.00,0.042,1.000,1.775
trio-double-tank,50,7,pack,180,500,1.000,0.000,0.000,0.987,45.0,0.00,0.013,1.000,1.792
trio-double-tank,50,7,pack,300,500,1.000,0.000,0.000,0.987,44.9,0.00,0.013,1.000,1.792
trio-double-tank,50,7,boss,180,500,1.000,0.000,0.000,0.996,82.1,0.00,0.004,1.000,1.798
trio-double-tank,50,7,boss,300,500,1.000,0.000,0.000,0.996,81.7,0.00,0.004,1.000,1.798
trio-double-tank,50,8,solo,180,500,1.000,0.000,0.000,0.901,12.0,0.00,0.099,1.000,1.740
trio-double-tank,50,8,solo,300,500,1.000,0.000,0.000,0.900,12.0,0.00,0.100,1.000,1.740
trio-double-tank,50,8,pack,180,500,1.000,0.000,0.000,0.996,71.6,0.00,0.004,1.000,1.798
trio-double-tank,50,8,pack,300,500,1.000,0.000,0.000,0.997,71.6,0.00,0.003,1.000,1.798
trio-double-tank,50,8,boss,180,500,1.000,0.000,0.000,0.992,137.7,0.00,0.008,1.000,1.795
trio-double-tank,50,8,boss,300,500,1.000,0.000,0.000,0.991,138.4,0.00,0.009,1.000,1.795
trio-utility,1,1,solo,180,500,1.000,0.000,0.000,0.919,4.8,0.00,0.081,—,1.466
trio-utility,1,1,solo,300,500,1.000,0.000,0.000,0.919,4.8,0.00,0.081,—,1.466
trio-utility,1,1,pack,180,500,1.000,0.000,0.000,0.223,34.8,1.01,0.777,—,1.116
trio-utility,1,1,pack,300,500,1.000,0.000,0.000,0.223,34.9,1.01,0.777,—,1.116
trio-utility,1,1,boss,180,500,0.000,0.000,1.000,—,—,3.00,1.000,—,0.000
trio-utility,1,1,boss,300,500,0.000,0.000,1.000,—,—,3.00,1.000,—,0.000
trio-utility,1,2,solo,180,500,1.000,0.000,0.000,0.821,8.5,0.00,0.179,—,1.416
trio-utility,1,2,solo,300,500,1.000,0.000,0.000,0.821,8.5,0.00,0.179,—,1.416
trio-utility,1,2,pack,180,500,0.000,0.000,1.000,—,—,3.00,1.000,—,0.000
trio-utility,1,2,pack,300,500,0.000,0.000,1.000,—,—,3.00,1.000,—,0.000
trio-utility,1,2,boss,180,500,0.000,0.000,1.000,—,—,3.00,1.000,—,0.000
trio-utility,1,2,boss,300,500,0.000,0.000,1.000,—,—,3.00,1.000,—,0.000
trio-utility,1,3,solo,180,500,1.000,0.000,0.000,0.550,16.7,1.00,0.450,—,1.280
trio-utility,1,3,solo,300,500,1.000,0.000,0.000,0.548,16.8,1.00,0.452,—,1.279
trio-utility,1,3,pack,180,500,0.000,0.000,1.000,—,—,3.00,1.000,—,0.000
trio-utility,1,3,pack,300,500,0.000,0.000,1.000,—,—,3.00,1.000,—,0.000
trio-utility,1,3,boss,180,500,0.000,0.000,1.000,—,—,3.00,1.000,—,0.000
trio-utility,1,3,boss,300,500,0.000,0.000,1.000,—,—,3.00,1.000,—,0.000
trio-utility,1,4,solo,180,500,0.000,0.000,1.000,—,—,3.00,1.000,—,0.000
trio-utility,1,4,solo,300,500,0.000,0.000,1.000,—,—,3.00,1.000,—,0.000
trio-utility,1,4,pack,180,500,0.000,0.000,1.000,—,—,3.00,1.000,—,0.000
trio-utility,1,4,pack,300,500,0.000,0.000,1.000,—,—,3.00,1.000,—,0.000
trio-utility,1,4,boss,180,500,0.000,0.000,1.000,—,—,3.00,1.000,—,0.000
trio-utility,1,4,boss,300,500,0.000,0.000,1.000,—,—,3.00,1.000,—,0.000
trio-utility,1,5,solo,180,500,0.000,0.000,1.000,—,—,3.00,1.000,—,0.000
trio-utility,1,5,solo,300,500,0.000,0.000,1.000,—,—,3.00,1.000,—,0.000
trio-utility,1,5,pack,180,500,0.000,0.000,1.000,—,—,3.00,1.000,—,0.000
trio-utility,1,5,pack,300,500,0.000,0.000,1.000,—,—,3.00,1.000,—,0.000
trio-utility,1,5,boss,180,500,0.000,0.000,1.000,—,—,3.00,1.000,—,0.000
trio-utility,1,5,boss,300,500,0.000,0.000,1.000,—,—,3.00,1.000,—,0.000
trio-utility,1,6,solo,180,500,0.000,0.000,1.000,—,—,3.00,1.000,—,0.000
trio-utility,1,6,solo,300,500,0.000,0.000,1.000,—,—,3.00,1.000,—,0.000
trio-utility,1,6,pack,180,500,0.000,0.000,1.000,—,—,3.00,1.000,—,0.000
trio-utility,1,6,pack,300,500,0.000,0.000,1.000,—,—,3.00,1.000,—,0.000
trio-utility,1,6,boss,180,500,0.000,0.000,1.000,—,—,3.00,1.000,—,0.000
trio-utility,1,6,boss,300,500,0.000,0.000,1.000,—,—,3.00,1.000,—,0.000
trio-utility,1,7,solo,180,500,0.000,0.000,1.000,—,—,3.00,1.000,—,0.000
trio-utility,1,7,solo,300,500,0.000,0.000,1.000,—,—,3.00,1.000,—,0.000
trio-utility,1,7,pack,180,500,0.000,0.000,1.000,—,—,3.00,1.000,—,0.000
trio-utility,1,7,pack,300,500,0.000,0.000,1.000,—,—,3.00,1.000,—,0.000
trio-utility,1,7,boss,180,500,0.000,0.000,1.000,—,—,3.00,1.000,—,0.000
trio-utility,1,7,boss,300,500,0.000,0.000,1.000,—,—,3.00,1.000,—,0.000
trio-utility,1,8,solo,180,500,0.000,0.000,1.000,—,—,3.00,1.000,—,0.000
trio-utility,1,8,solo,300,500,0.000,0.000,1.000,—,—,3.00,1.000,—,0.000
trio-utility,1,8,pack,180,500,0.000,0.000,1.000,—,—,3.00,1.000,—,0.000
trio-utility,1,8,pack,300,500,0.000,0.000,1.000,—,—,3.00,1.000,—,0.000
trio-utility,1,8,boss,180,500,0.000,0.000,1.000,—,—,3.00,1.000,—,0.000
trio-utility,1,8,boss,300,500,0.000,0.000,1.000,—,—,3.00,1.000,—,0.000
trio-utility,5,1,solo,180,500,1.000,0.000,0.000,0.933,3.2,0.00,0.067,—,1.496
trio-utility,5,1,solo,300,500,1.000,0.000,0.000,0.933,3.2,0.00,0.067,—,1.496
trio-utility,5,1,pack,180,500,1.000,0.000,0.000,0.682,12.9,0.00,0.318,—,1.368
trio-utility,5,1,pack,300,500,1.000,0.000,0.000,0.682,12.9,0.00,0.318,—,1.368
trio-utility,5,1,boss,180,500,1.000,0.000,0.000,0.412,37.2,1.00,0.588,—,1.230
trio-utility,5,1,boss,300,500,1.000,0.000,0.000,0.411,37.3,1.00,0.589,—,1.229
trio-utility,5,2,solo,180,500,1.000,0.000,0.000,0.906,4.9,0.00,0.094,—,1.482
trio-utility,5,2,solo,300,500,1.000,0.000,0.000,0.906,4.9,0.00,0.094,—,1.482
trio-utility,5,2,pack,180,500,1.000,0.000,0.000,0.119,43.1,2.00,0.881,—,1.081
trio-utility,5,2,pack,300,500,1.000,0.000,0.000,0.118,43.1,2.00,0.882,—,1.080
trio-utility,5,2,boss,180,500,0.000,0.000,1.000,—,—,3.00,1.000,—,0.000
trio-utility,5,2,boss,300,500,0.000,0.000,1.000,—,—,3.00,1.000,—,0.000
trio-utility,5,3,solo,180,500,1.000,0.000,0.000,0.809,8.1,0.00,0.191,—,1.433
trio-utility,5,3,solo,300,500,1.000,0.000,0.000,0.809,8.1,0.00,0.191,—,1.433
trio-utility,5,3,pack,180,500,0.000,0.000,1.000,—,—,3.00,1.000,—,0.000
trio-utility,5,3,pack,300,500,0.000,0.000,1.000,—,—,3.00,1.000,—,0.000
trio-utility,5,3,boss,180,500,0.000,0.000,1.000,—,—,3.00,1.000,—,0.000
trio-utility,5,3,boss,300,500,0.000,0.000,1.000,—,—,3.00,1.000,—,0.000
trio-utility,5,4,solo,180,500,1.000,0.000,0.000,0.634,12.6,0.84,0.366,—,1.343
trio-utility,5,4,solo,300,500,1.000,0.000,0.000,0.633,12.7,0.87,0.367,—,1.343
trio-utility,5,4,pack,180,500,0.000,0.000,1.000,—,—,3.00,1.000,—,0.000
trio-utility,5,4,pack,300,500,0.000,0.000,1.000,—,—,3.00,1.000,—,0.000
trio-utility,5,4,boss,180,500,0.000,0.000,1.000,—,—,3.00,1.000,—,0.000
trio-utility,5,4,boss,300,500,0.000,0.000,1.000,—,—,3.00,1.000,—,0.000
trio-utility,5,5,solo,180,500,0.000,0.000,1.000,—,—,3.00,1.000,—,0.000
trio-utility,5,5,solo,300,500,0.000,0.000,1.000,—,—,3.00,1.000,—,0.000
trio-utility,5,5,pack,180,500,0.000,0.000,1.000,—,—,3.00,1.000,—,0.000
trio-utility,5,5,pack,300,500,0.000,0.000,1.000,—,—,3.00,1.000,—,0.000
trio-utility,5,5,boss,180,500,0.000,0.000,1.000,—,—,3.00,1.000,—,0.000
trio-utility,5,5,boss,300,500,0.000,0.000,1.000,—,—,3.00,1.000,—,0.000
trio-utility,5,6,solo,180,500,0.000,0.000,1.000,—,—,3.00,1.000,—,0.000
trio-utility,5,6,solo,300,500,0.000,0.000,1.000,—,—,3.00,1.000,—,0.000
trio-utility,5,6,pack,180,500,0.000,0.000,1.000,—,—,3.00,1.000,—,0.000
trio-utility,5,6,pack,300,500,0.000,0.000,1.000,—,—,3.00,1.000,—,0.000
trio-utility,5,6,boss,180,500,0.000,0.000,1.000,—,—,3.00,1.000,—,0.000
trio-utility,5,6,boss,300,500,0.000,0.000,1.000,—,—,3.00,1.000,—,0.000
trio-utility,5,7,solo,180,500,0.000,0.000,1.000,—,—,3.00,1.000,—,0.000
trio-utility,5,7,solo,300,500,0.000,0.000,1.000,—,—,3.00,1.000,—,0.000
trio-utility,5,7,pack,180,500,0.000,0.000,1.000,—,—,3.00,1.000,—,0.000
trio-utility,5,7,pack,300,500,0.000,0.000,1.000,—,—,3.00,1.000,—,0.000
trio-utility,5,7,boss,180,500,0.000,0.000,1.000,—,—,3.00,1.000,—,0.000
trio-utility,5,7,boss,300,500,0.000,0.000,1.000,—,—,3.00,1.000,—,0.000
trio-utility,5,8,solo,180,500,0.000,0.000,1.000,—,—,3.00,1.000,—,0.000
trio-utility,5,8,solo,300,500,0.000,0.000,1.000,—,—,3.00,1.000,—,0.000
trio-utility,5,8,pack,180,500,0.000,0.000,1.000,—,—,3.00,1.000,—,0.000
trio-utility,5,8,pack,300,500,0.000,0.000,1.000,—,—,3.00,1.000,—,0.000
trio-utility,5,8,boss,180,500,0.000,0.000,1.000,—,—,3.00,1.000,—,0.000
trio-utility,5,8,boss,300,500,0.000,0.000,1.000,—,—,3.00,1.000,—,0.000
trio-utility,10,1,solo,180,500,1.000,0.000,0.000,0.974,1.3,0.00,0.026,—,1.547
trio-utility,10,1,solo,300,500,1.000,0.000,0.000,0.974,1.3,0.00,0.026,—,1.547
trio-utility,10,1,pack,180,500,1.000,0.000,0.000,0.855,9.0,0.00,0.145,—,1.485
trio-utility,10,1,pack,300,500,1.000,0.000,0.000,0.855,9.0,0.00,0.145,—,1.485
trio-utility,10,1,boss,180,500,1.000,0.000,0.000,0.779,17.9,0.00,0.221,—,1.445
trio-utility,10,1,boss,300,500,1.000,0.000,0.000,0.779,17.9,0.00,0.221,—,1.445
trio-utility,10,2,solo,180,500,1.000,0.000,0.000,0.927,3.8,0.00,0.073,—,1.522
trio-utility,10,2,solo,300,500,1.000,0.000,0.000,0.927,3.8,0.00,0.073,—,1.522
trio-utility,10,2,pack,180,500,1.000,0.000,0.000,0.642,12.8,0.00,0.358,—,1.374
trio-utility,10,2,pack,300,500,1.000,0.000,0.000,0.641,12.8,0.00,0.359,—,1.373
trio-utility,10,2,boss,180,500,0.344,0.000,0.656,0.074,59.8,2.66,0.975,—,0.371
trio-utility,10,2,boss,300,500,0.352,0.000,0.648,0.073,59.9,2.65,0.974,—,0.379
trio-utility,10,3,solo,180,500,1.000,0.000,0.000,0.901,4.8,0.00,0.099,—,1.508
trio-utility,10,3,solo,300,500,1.000,0.000,0.000,0.901,4.8,0.00,0.099,—,1.508
trio-utility,10,3,pack,180,500,0.882,0.000,0.118,0.092,46.8,2.12,0.919,—,0.959
trio-utility,10,3,pack,300,500,0.838,0.000,0.162,0.092,46.8,2.16,0.923,—,0.912
trio-utility,10,3,boss,180,500,0.000,0.000,1.000,—,—,3.00,1.000,—,0.000
trio-utility,10,3,boss,300,500,0.000,0.000,1.000,—,—,3.00,1.000,—,0.000
trio-utility,10,4,solo,180,500,1.000,0.000,0.000,0.787,8.6,0.00,0.213,—,1.449
trio-utility,10,4,solo,300,500,1.000,0.000,0.000,0.787,8.6,0.00,0.213,—,1.449
trio-utility,10,4,pack,180,500,0.000,0.000,1.000,—,—,3.00,1.000,—,0.000
trio-utility,10,4,pack,300,500,0.000,0.000,1.000,—,—,3.00,1.000,—,0.000
trio-utility,10,4,boss,180,500,0.000,0.000,1.000,—,—,3.00,1.000,—,0.000
trio-utility,10,4,boss,300,500,0.000,0.000,1.000,—,—,3.00,1.000,—,0.000
trio-utility,10,5,solo,180,500,1.000,0.000,0.000,0.435,17.1,1.00,0.565,—,1.266
trio-utility,10,5,solo,300,500,1.000,0.000,0.000,0.435,17.1,1.00,0.565,—,1.266
trio-utility,10,5,pack,180,500,0.000,0.000,1.000,—,—,3.00,1.000,—,0.000
trio-utility,10,5,pack,300,500,0.000,0.000,1.000,—,—,3.00,1.000,—,0.000
trio-utility,10,5,boss,180,500,0.000,0.000,1.000,—,—,3.00,1.000,—,0.000
trio-utility,10,5,boss,300,500,0.000,0.000,1.000,—,—,3.00,1.000,—,0.000
trio-utility,10,6,solo,180,500,0.000,0.000,1.000,—,—,3.00,1.000,—,0.000
trio-utility,10,6,solo,300,500,0.000,0.000,1.000,—,—,3.00,1.000,—,0.000
trio-utility,10,6,pack,180,500,0.000,0.000,1.000,—,—,3.00,1.000,—,0.000
trio-utility,10,6,pack,300,500,0.000,0.000,1.000,—,—,3.00,1.000,—,0.000
trio-utility,10,6,boss,180,500,0.000,0.000,1.000,—,—,3.00,1.000,—,0.000
trio-utility,10,6,boss,300,500,0.000,0.000,1.000,—,—,3.00,1.000,—,0.000
trio-utility,10,7,solo,180,500,0.000,0.000,1.000,—,—,3.00,1.000,—,0.000
trio-utility,10,7,solo,300,500,0.000,0.000,1.000,—,—,3.00,1.000,—,0.000
trio-utility,10,7,pack,180,500,0.000,0.000,1.000,—,—,3.00,1.000,—,0.000
trio-utility,10,7,pack,300,500,0.000,0.000,1.000,—,—,3.00,1.000,—,0.000
trio-utility,10,7,boss,180,500,0.000,0.000,1.000,—,—,3.00,1.000,—,0.000
trio-utility,10,7,boss,300,500,0.000,0.000,1.000,—,—,3.00,1.000,—,0.000
trio-utility,10,8,solo,180,500,0.000,0.000,1.000,—,—,3.00,1.000,—,0.000
trio-utility,10,8,solo,300,500,0.000,0.000,1.000,—,—,3.00,1.000,—,0.000
trio-utility,10,8,pack,180,500,0.000,0.000,1.000,—,—,3.00,1.000,—,0.000
trio-utility,10,8,pack,300,500,0.000,0.000,1.000,—,—,3.00,1.000,—,0.000
trio-utility,10,8,boss,180,500,0.000,0.000,1.000,—,—,3.00,1.000,—,0.000
trio-utility,10,8,boss,300,500,0.000,0.000,1.000,—,—,3.00,1.000,—,0.000
trio-utility,20,1,solo,180,500,1.000,0.000,0.000,1.000,0.0,0.00,0.000,—,1.620
trio-utility,20,1,solo,300,500,1.000,0.000,0.000,1.000,0.0,0.00,0.000,—,1.620
trio-utility,20,1,pack,180,500,1.000,0.000,0.000,0.934,4.6,0.00,0.066,—,1.584
trio-utility,20,1,pack,300,500,1.000,0.000,0.000,0.934,4.6,0.00,0.066,—,1.584
trio-utility,20,1,boss,180,500,1.000,0.000,0.000,0.927,8.6,0.00,0.073,—,1.581
trio-utility,20,1,boss,300,500,1.000,0.000,0.000,0.927,8.6,0.00,0.073,—,1.581
trio-utility,20,2,solo,180,500,1.000,0.000,0.000,0.980,0.9,0.00,0.020,—,1.609
trio-utility,20,2,solo,300,500,1.000,0.000,0.000,0.979,0.9,0.00,0.021,—,1.608
trio-utility,20,2,pack,180,500,1.000,0.000,0.000,0.858,7.0,0.00,0.142,—,1.543
trio-utility,20,2,pack,300,500,1.000,0.000,0.000,0.858,7.0,0.00,0.142,—,1.543
trio-utility,20,2,boss,180,500,1.000,0.000,0.000,0.807,13.4,0.00,0.193,—,1.516
trio-utility,20,2,boss,300,500,1.000,0.000,0.000,0.807,13.3,0.00,0.193,—,1.516
trio-utility,20,3,solo,180,500,1.000,0.000,0.000,0.967,2.1,0.00,0.033,—,1.602
trio-utility,20,3,solo,300,500,1.000,0.000,0.000,0.967,2.1,0.00,0.033,—,1.602
trio-utility,20,3,pack,180,500,1.000,0.000,0.000,0.757,9.1,0.00,0.243,—,1.489
trio-utility,20,3,pack,300,500,1.000,0.000,0.000,0.757,9.1,0.00,0.243,—,1.489
trio-utility,20,3,boss,180,500,1.000,0.000,0.000,0.613,22.7,1.00,0.387,—,1.411
trio-utility,20,3,boss,300,500,1.000,0.000,0.000,0.613,22.7,1.00,0.387,—,1.411
trio-utility,20,4,solo,180,500,1.000,0.000,0.000,0.901,4.1,0.00,0.099,—,1.567
trio-utility,20,4,solo,300,500,1.000,0.000,0.000,0.901,4.1,0.00,0.099,—,1.567
trio-utility,20,4,pack,180,500,1.000,0.000,0.000,0.438,22.8,1.00,0.562,—,1.316
trio-utility,20,4,pack,300,500,1.000,0.000,0.000,0.439,22.8,1.00,0.561,—,1.317
trio-utility,20,4,boss,180,500,0.000,0.000,1.000,—,—,3.00,1.000,—,0.000
trio-utility,20,4,boss,300,500,0.000,0.000,1.000,—,—,3.00,1.000,—,0.000
trio-utility,20,5,solo,180,500,1.000,0.000,0.000,0.854,5.0,0.00,0.146,—,1.541
trio-utility,20,5,solo,300,500,1.000,0.000,0.000,0.854,5.0,0.00,0.146,—,1.541
trio-utility,20,5,pack,180,500,0.000,0.000,1.000,—,—,3.00,1.000,—,0.000
trio-utility,20,5,pack,300,500,0.000,0.000,1.000,—,—,3.00,1.000,—,0.000
trio-utility,20,5,boss,180,500,0.000,0.000,1.000,—,—,3.00,1.000,—,0.000
trio-utility,20,5,boss,300,500,0.000,0.000,1.000,—,—,3.00,1.000,—,0.000
trio-utility,20,6,solo,180,500,1.000,0.000,0.000,0.574,12.8,0.87,0.426,—,1.390
trio-utility,20,6,solo,300,500,1.000,0.000,0.000,0.569,13.0,0.90,0.431,—,1.387
trio-utility,20,6,pack,180,500,0.000,0.000,1.000,—,—,3.00,1.000,—,0.000
trio-utility,20,6,pack,300,500,0.000,0.000,1.000,—,—,3.00,1.000,—,0.000
trio-utility,20,6,boss,180,500,0.000,0.000,1.000,—,—,3.00,1.000,—,0.000
trio-utility,20,6,boss,300,500,0.000,0.000,1.000,—,—,3.00,1.000,—,0.000
trio-utility,20,7,solo,180,500,0.000,0.000,1.000,—,—,3.00,1.000,—,0.000
trio-utility,20,7,solo,300,500,0.000,0.000,1.000,—,—,3.00,1.000,—,0.000
trio-utility,20,7,pack,180,500,0.000,0.000,1.000,—,—,3.00,1.000,—,0.000
trio-utility,20,7,pack,300,500,0.000,0.000,1.000,—,—,3.00,1.000,—,0.000
trio-utility,20,7,boss,180,500,0.000,0.000,1.000,—,—,3.00,1.000,—,0.000
trio-utility,20,7,boss,300,500,0.000,0.000,1.000,—,—,3.00,1.000,—,0.000
trio-utility,20,8,solo,180,500,0.000,0.000,1.000,—,—,3.00,1.000,—,0.000
trio-utility,20,8,solo,300,500,0.000,0.000,1.000,—,—,3.00,1.000,—,0.000
trio-utility,20,8,pack,180,500,0.000,0.000,1.000,—,—,3.00,1.000,—,0.000
trio-utility,20,8,pack,300,500,0.000,0.000,1.000,—,—,3.00,1.000,—,0.000
trio-utility,20,8,boss,180,500,0.000,0.000,1.000,—,—,3.00,1.000,—,0.000
trio-utility,20,8,boss,300,500,0.000,0.000,1.000,—,—,3.00,1.000,—,0.000
trio-utility,35,1,solo,180,500,1.000,0.000,0.000,1.000,0.0,0.00,0.000,—,1.710
trio-utility,35,1,solo,300,500,1.000,0.000,0.000,1.000,0.0,0.00,0.000,—,1.710
trio-utility,35,1,pack,180,500,1.000,0.000,0.000,0.982,2.5,0.00,0.018,—,1.699
trio-utility,35,1,pack,300,500,1.000,0.000,0.000,0.982,2.5,0.00,0.018,—,1.700
trio-utility,35,1,boss,180,500,1.000,0.000,0.000,0.968,4.5,0.00,0.032,—,1.692
trio-utility,35,1,boss,300,500,1.000,0.000,0.000,0.968,4.4,0.00,0.032,—,1.692
trio-utility,35,2,solo,180,500,1.000,0.000,0.000,1.000,0.0,0.00,0.000,—,1.710
trio-utility,35,2,solo,300,500,1.000,0.000,0.000,1.000,0.0,0.00,0.000,—,1.710
trio-utility,35,2,pack,180,500,1.000,0.000,0.000,0.955,4.3,0.00,0.045,—,1.685
trio-utility,35,2,pack,300,500,1.000,0.000,0.000,0.955,4.3,0.00,0.045,—,1.685
trio-utility,35,2,boss,180,500,1.000,0.000,0.000,0.928,6.9,0.00,0.072,—,1.669
trio-utility,35,2,boss,300,500,1.000,0.000,0.000,0.928,6.9,0.00,0.072,—,1.669
trio-utility,35,3,solo,180,500,1.000,0.000,0.000,1.000,0.0,0.00,0.000,—,1.710
trio-utility,35,3,solo,300,500,1.000,0.000,0.000,1.000,0.0,0.00,0.000,—,1.710
trio-utility,35,3,pack,180,500,1.000,0.000,0.000,0.935,4.3,0.00,0.065,—,1.673
trio-utility,35,3,pack,300,500,1.000,0.000,0.000,0.935,4.3,0.00,0.065,—,1.673
trio-utility,35,3,boss,180,500,1.000,0.000,0.000,0.852,11.5,0.00,0.148,—,1.625
trio-utility,35,3,boss,300,500,1.000,0.000,0.000,0.852,11.5,0.00,0.148,—,1.625
trio-utility,35,4,solo,180,500,1.000,0.000,0.000,0.965,1.6,0.00,0.035,—,1.690
trio-utility,35,4,solo,300,500,1.000,0.000,0.000,0.965,1.6,0.00,0.035,—,1.690
trio-utility,35,4,pack,180,500,1.000,0.000,0.000,0.784,8.4,0.00,0.216,—,1.587
trio-utility,35,4,pack,300,500,1.000,0.000,0.000,0.784,8.4,0.00,0.216,—,1.587
trio-utility,35,4,boss,180,500,1.000,0.000,0.000,0.623,19.6,0.83,0.377,—,1.495
trio-utility,35,4,boss,300,500,1.000,0.000,0.000,0.632,19.1,0.76,0.368,—,1.500
trio-utility,35,5,solo,180,500,1.000,0.000,0.000,0.951,2.7,0.00,0.049,—,1.682
trio-utility,35,5,solo,300,500,1.000,0.000,0.000,0.951,2.7,0.00,0.049,—,1.682
trio-utility,35,5,pack,180,500,1.000,0.000,0.000,0.571,19.1,0.80,0.429,—,1.465
trio-utility,35,5,pack,300,500,1.000,0.000,0.000,0.568,19.2,0.81,0.432,—,1.464
trio-utility,35,5,boss,180,500,0.250,0.000,0.750,0.200,56.1,2.67,0.950,—,0.313
trio-utility,35,5,boss,300,500,0.224,0.000,0.776,0.196,55.5,2.69,0.956,—,0.280
trio-utility,35,6,solo,180,500,1.000,0.000,0.000,0.857,4.3,0.00,0.143,—,1.628
trio-utility,35,6,solo,300,500,1.000,0.000,0.000,0.856,4.3,0.00,0.144,—,1.628
trio-utility,35,6,pack,180,500,0.000,0.000,1.000,—,—,3.00,1.000,—,0.000
trio-utility,35,6,pack,300,500,0.000,0.000,1.000,—,—,3.00,1.000,—,0.000
trio-utility,35,6,boss,180,500,0.000,0.000,1.000,—,—,3.00,1.000,—,0.000
trio-utility,35,6,boss,300,500,0.000,0.000,1.000,—,—,3.00,1.000,—,0.000
trio-utility,35,7,solo,180,500,1.000,0.000,0.000,0.713,8.1,0.81,0.287,—,1.546
trio-utility,35,7,solo,300,500,1.000,0.000,0.000,0.712,8.1,0.83,0.288,—,1.546
trio-utility,35,7,pack,180,500,0.000,0.000,1.000,—,—,3.00,1.000,—,0.000
trio-utility,35,7,pack,300,500,0.000,0.000,1.000,—,—,3.00,1.000,—,0.000
trio-utility,35,7,boss,180,500,0.000,0.000,1.000,—,—,3.00,1.000,—,0.000
trio-utility,35,7,boss,300,500,0.000,0.000,1.000,—,—,3.00,1.000,—,0.000
trio-utility,35,8,solo,180,500,1.000,0.000,0.000,0.400,17.4,1.25,0.600,—,1.368
trio-utility,35,8,solo,300,500,1.000,0.000,0.000,0.391,17.6,1.30,0.609,—,1.363
trio-utility,35,8,pack,180,500,0.000,0.000,1.000,—,—,3.00,1.000,—,0.000
trio-utility,35,8,pack,300,500,0.000,0.000,1.000,—,—,3.00,1.000,—,0.000
trio-utility,35,8,boss,180,500,0.000,0.000,1.000,—,—,3.00,1.000,—,0.000
trio-utility,35,8,boss,300,500,0.000,0.000,1.000,—,—,3.00,1.000,—,0.000
trio-utility,50,1,solo,180,500,1.000,0.000,0.000,1.000,0.0,0.00,0.000,—,1.800
trio-utility,50,1,solo,300,500,1.000,0.000,0.000,1.000,0.0,0.00,0.000,—,1.800
trio-utility,50,1,pack,180,500,1.000,0.000,0.000,0.988,2.3,0.00,0.012,—,1.793
trio-utility,50,1,pack,300,500,1.000,0.000,0.000,0.988,2.3,0.00,0.012,—,1.793
trio-utility,50,1,boss,180,500,1.000,0.000,0.000,0.976,3.8,0.00,0.024,—,1.785
trio-utility,50,1,boss,300,500,1.000,0.000,0.000,0.976,3.8,0.00,0.024,—,1.785
trio-utility,50,2,solo,180,500,1.000,0.000,0.000,1.000,0.0,0.00,0.000,—,1.800
trio-utility,50,2,solo,300,500,1.000,0.000,0.000,1.000,0.0,0.00,0.000,—,1.800
trio-utility,50,2,pack,180,500,1.000,0.000,0.000,0.980,2.6,0.00,0.020,—,1.788
trio-utility,50,2,pack,300,500,1.000,0.000,0.000,0.980,2.6,0.00,0.020,—,1.788
trio-utility,50,2,boss,180,500,1.000,0.000,0.000,0.967,4.3,0.00,0.033,—,1.780
trio-utility,50,2,boss,300,500,1.000,0.000,0.000,0.967,4.3,0.00,0.033,—,1.780
trio-utility,50,3,solo,180,500,1.000,0.000,0.000,1.000,0.0,0.00,0.000,—,1.800
trio-utility,50,3,solo,300,500,1.000,0.000,0.000,1.000,0.0,0.00,0.000,—,1.800
trio-utility,50,3,pack,180,500,1.000,0.000,0.000,0.943,4.2,0.00,0.057,—,1.766
trio-utility,50,3,pack,300,500,1.000,0.000,0.000,0.943,4.2,0.00,0.057,—,1.766
trio-utility,50,3,boss,180,500,1.000,0.000,0.000,0.915,7.3,0.00,0.085,—,1.749
trio-utility,50,3,boss,300,500,1.000,0.000,0.000,0.915,7.3,0.00,0.085,—,1.749
trio-utility,50,4,solo,180,500,1.000,0.000,0.000,0.979,0.6,0.00,0.021,—,1.788
trio-utility,50,4,solo,300,500,1.000,0.000,0.000,0.979,0.6,0.00,0.021,—,1.788
trio-utility,50,4,pack,180,500,1.000,0.000,0.000,0.874,4.7,0.00,0.126,—,1.725
trio-utility,50,4,pack,300,500,1.000,0.000,0.000,0.878,4.7,0.00,0.122,—,1.727
trio-utility,50,4,boss,180,500,1.000,0.000,0.000,0.824,10.4,0.00,0.176,—,1.694
trio-utility,50,4,boss,300,500,1.000,0.000,0.000,0.823,10.4,0.00,0.177,—,1.694
trio-utility,50,5,solo,180,500,1.000,0.000,0.000,0.964,1.5,0.00,0.036,—,1.778
trio-utility,50,5,solo,300,500,1.000,0.000,0.000,0.964,1.5,0.00,0.036,—,1.778
trio-utility,50,5,pack,180,500,1.000,0.000,0.000,0.772,7.8,0.00,0.228,—,1.663
trio-utility,50,5,pack,300,500,1.000,0.000,0.000,0.772,7.8,0.00,0.228,—,1.663
trio-utility,50,5,boss,180,500,1.000,0.000,0.000,0.679,16.9,0.76,0.321,—,1.607
trio-utility,50,5,boss,300,500,1.000,0.000,0.000,0.679,17.0,0.75,0.321,—,1.607
trio-utility,50,6,solo,180,500,1.000,0.000,0.000,0.909,3.2,0.00,0.091,—,1.745
trio-utility,50,6,solo,300,500,1.000,0.000,0.000,0.906,3.2,0.00,0.094,—,1.744
trio-utility,50,6,pack,180,500,1.000,0.000,0.000,0.465,25.5,0.89,0.535,—,1.479
trio-utility,50,6,pack,300,500,1.000,0.000,0.000,0.474,24.8,0.83,0.526,—,1.484
trio-utility,50,6,boss,180,500,0.608,0.000,0.392,0.214,56.4,2.09,0.870,—,0.808
trio-utility,50,6,boss,300,500,0.636,0.000,0.364,0.210,57.0,2.08,0.866,—,0.843
trio-utility,50,7,solo,180,500,1.000,0.000,0.000,0.852,4.2,0.00,0.148,—,1.711
trio-utility,50,7,solo,300,500,1.000,0.000,0.000,0.851,4.2,0.00,0.149,—,1.710
trio-utility,50,7,pack,180,500,0.018,0.000,0.982,0.075,36.7,2.97,0.999,—,0.022
trio-utility,50,7,pack,300,500,0.022,0.000,0.978,0.085,36.9,2.96,0.998,—,0.028
trio-utility,50,7,boss,180,500,0.000,0.000,1.000,—,—,3.00,1.000,—,0.000
trio-utility,50,7,boss,300,500,0.000,0.000,1.000,—,—,3.00,1.000,—,0.000
trio-utility,50,8,solo,180,500,1.000,0.000,0.000,0.753,7.0,0.52,0.247,—,1.652
trio-utility,50,8,solo,300,500,1.000,0.000,0.000,0.753,7.0,0.51,0.247,—,1.652
trio-utility,50,8,pack,180,500,0.000,0.000,1.000,—,—,3.00,1.000,—,0.000
trio-utility,50,8,pack,300,500,0.000,0.000,1.000,—,—,3.00,1.000,—,0.000
trio-utility,50,8,boss,180,500,0.000,0.000,1.000,—,—,3.00,1.000,—,0.000
trio-utility,50,8,boss,300,500,0.000,0.000,1.000,—,—,3.00,1.000,—,0.000
trio-gatherers,1,1,solo,180,500,1.000,0.000,0.000,0.934,6.0,0.00,0.066,—,1.473
trio-gatherers,1,1,solo,300,500,1.000,0.000,0.000,0.934,6.0,0.00,0.066,—,1.473
trio-gatherers,1,1,pack,180,500,1.000,0.000,0.000,0.472,22.5,0.00,0.528,—,1.241
trio-gatherers,1,1,pack,300,500,1.000,0.000,0.000,0.473,22.5,0.00,0.527,—,1.241
trio-gatherers,1,1,boss,180,500,0.182,0.000,0.818,0.082,58.8,2.81,0.985,—,0.190
trio-gatherers,1,1,boss,300,500,0.188,0.000,0.812,0.079,58.9,2.81,0.985,—,0.196
trio-gatherers,1,2,solo,180,500,1.000,0.000,0.000,0.845,7.5,0.00,0.155,—,1.428
trio-gatherers,1,2,solo,300,500,1.000,0.000,0.000,0.845,7.5,0.00,0.155,—,1.428
trio-gatherers,1,2,pack,180,500,0.000,0.000,1.000,—,—,3.00,1.000,—,0.000
trio-gatherers,1,2,pack,300,500,0.000,0.000,1.000,—,—,3.00,1.000,—,0.000
trio-gatherers,1,2,boss,180,500,0.000,0.000,1.000,—,—,3.00,1.000,—,0.000
trio-gatherers,1,2,boss,300,500,0.000,0.000,1.000,—,—,3.00,1.000,—,0.000
trio-gatherers,1,3,solo,180,500,1.000,0.000,0.000,0.642,13.3,0.00,0.358,—,1.326
trio-gatherers,1,3,solo,300,500,1.000,0.000,0.000,0.642,13.3,0.00,0.358,—,1.326
trio-gatherers,1,3,pack,180,500,0.000,0.000,1.000,—,—,3.00,1.000,—,0.000
trio-gatherers,1,3,pack,300,500,0.000,0.000,1.000,—,—,3.00,1.000,—,0.000
trio-gatherers,1,3,boss,180,500,0.000,0.000,1.000,—,—,3.00,1.000,—,0.000
trio-gatherers,1,3,boss,300,500,0.000,0.000,1.000,—,—,3.00,1.000,—,0.000
trio-gatherers,1,4,solo,180,500,1.000,0.000,0.000,0.191,25.9,1.99,0.809,—,1.100
trio-gatherers,1,4,solo,300,500,1.000,0.000,0.000,0.188,26.0,1.98,0.812,—,1.098
trio-gatherers,1,4,pack,180,500,0.000,0.000,1.000,—,—,3.00,1.000,—,0.000
trio-gatherers,1,4,pack,300,500,0.000,0.000,1.000,—,—,3.00,1.000,—,0.000
trio-gatherers,1,4,boss,180,500,0.000,0.000,1.000,—,—,3.00,1.000,—,0.000
trio-gatherers,1,4,boss,300,500,0.000,0.000,1.000,—,—,3.00,1.000,—,0.000
trio-gatherers,1,5,solo,180,500,0.000,0.000,1.000,—,—,3.00,1.000,—,0.000
trio-gatherers,1,5,solo,300,500,0.000,0.000,1.000,—,—,3.00,1.000,—,0.000
trio-gatherers,1,5,pack,180,500,0.000,0.000,1.000,—,—,3.00,1.000,—,0.000
trio-gatherers,1,5,pack,300,500,0.000,0.000,1.000,—,—,3.00,1.000,—,0.000
trio-gatherers,1,5,boss,180,500,0.000,0.000,1.000,—,—,3.00,1.000,—,0.000
trio-gatherers,1,5,boss,300,500,0.000,0.000,1.000,—,—,3.00,1.000,—,0.000
trio-gatherers,1,6,solo,180,500,0.000,0.000,1.000,—,—,3.00,1.000,—,0.000
trio-gatherers,1,6,solo,300,500,0.000,0.000,1.000,—,—,3.00,1.000,—,0.000
trio-gatherers,1,6,pack,180,500,0.000,0.000,1.000,—,—,3.00,1.000,—,0.000
trio-gatherers,1,6,pack,300,500,0.000,0.000,1.000,—,—,3.00,1.000,—,0.000
trio-gatherers,1,6,boss,180,500,0.000,0.000,1.000,—,—,3.00,1.000,—,0.000
trio-gatherers,1,6,boss,300,500,0.000,0.000,1.000,—,—,3.00,1.000,—,0.000
trio-gatherers,1,7,solo,180,500,0.000,0.000,1.000,—,—,3.00,1.000,—,0.000
trio-gatherers,1,7,solo,300,500,0.000,0.000,1.000,—,—,3.00,1.000,—,0.000
trio-gatherers,1,7,pack,180,500,0.000,0.000,1.000,—,—,3.00,1.000,—,0.000
trio-gatherers,1,7,pack,300,500,0.000,0.000,1.000,—,—,3.00,1.000,—,0.000
trio-gatherers,1,7,boss,180,500,0.000,0.000,1.000,—,—,3.00,1.000,—,0.000
trio-gatherers,1,7,boss,300,500,0.000,0.000,1.000,—,—,3.00,1.000,—,0.000
trio-gatherers,1,8,solo,180,500,0.000,0.000,1.000,—,—,3.00,1.000,—,0.000
trio-gatherers,1,8,solo,300,500,0.000,0.000,1.000,—,—,3.00,1.000,—,0.000
trio-gatherers,1,8,pack,180,500,0.000,0.000,1.000,—,—,3.00,1.000,—,0.000
trio-gatherers,1,8,pack,300,500,0.000,0.000,1.000,—,—,3.00,1.000,—,0.000
trio-gatherers,1,8,boss,180,500,0.000,0.000,1.000,—,—,3.00,1.000,—,0.000
trio-gatherers,1,8,boss,300,500,0.000,0.000,1.000,—,—,3.00,1.000,—,0.000
trio-gatherers,5,1,solo,180,500,1.000,0.000,0.000,0.973,2.4,0.00,0.027,—,1.516
trio-gatherers,5,1,solo,300,500,1.000,0.000,0.000,0.973,2.4,0.00,0.027,—,1.516
trio-gatherers,5,1,pack,180,500,1.000,0.000,0.000,0.801,10.1,0.00,0.199,—,1.428
trio-gatherers,5,1,pack,300,500,1.000,0.000,0.000,0.800,10.1,0.00,0.200,—,1.428
trio-gatherers,5,1,boss,180,500,1.000,0.000,0.000,0.680,23.7,0.98,0.320,—,1.367
trio-gatherers,5,1,boss,300,500,1.000,0.000,0.000,0.682,23.7,0.97,0.318,—,1.368
trio-gatherers,5,2,solo,180,500,1.000,0.000,0.000,0.921,4.7,0.00,0.079,—,1.490
trio-gatherers,5,2,solo,300,500,1.000,0.000,0.000,0.921,4.7,0.00,0.079,—,1.490
trio-gatherers,5,2,pack,180,500,1.000,0.000,0.000,0.404,24.0,1.00,0.596,—,1.226
trio-gatherers,5,2,pack,300,500,1.000,0.000,0.000,0.404,24.0,1.00,0.596,—,1.226
trio-gatherers,5,2,boss,180,500,0.006,0.000,0.994,0.109,54.0,2.99,0.999,—,0.006
trio-gatherers,5,2,boss,300,500,0.006,0.000,0.994,0.109,54.0,2.99,0.999,—,0.006
trio-gatherers,5,3,solo,180,500,1.000,0.000,0.000,0.885,6.0,0.00,0.115,—,1.471
trio-gatherers,5,3,solo,300,500,1.000,0.000,0.000,0.884,6.0,0.00,0.116,—,1.471
trio-gatherers,5,3,pack,180,500,0.000,0.000,1.000,—,—,3.00,1.000,—,0.000
trio-gatherers,5,3,pack,300,500,0.000,0.000,1.000,—,—,3.00,1.000,—,0.000
trio-gatherers,5,3,boss,180,500,0.000,0.000,1.000,—,—,3.00,1.000,—,0.000
trio-gatherers,5,3,boss,300,500,0.000,0.000,1.000,—,—,3.00,1.000,—,0.000
trio-gatherers,5,4,solo,180,500,1.000,0.000,0.000,0.719,11.7,0.89,0.281,—,1.386
trio-gatherers,5,4,solo,300,500,1.000,0.000,0.000,0.719,11.7,0.90,0.281,—,1.386
trio-gatherers,5,4,pack,180,500,0.000,0.000,1.000,—,—,3.00,1.000,—,0.000
trio-gatherers,5,4,pack,300,500,0.000,0.000,1.000,—,—,3.00,1.000,—,0.000
trio-gatherers,5,4,boss,180,500,0.000,0.000,1.000,—,—,3.00,1.000,—,0.000
trio-gatherers,5,4,boss,300,500,0.000,0.000,1.000,—,—,3.00,1.000,—,0.000
trio-gatherers,5,5,solo,180,500,0.092,0.000,0.908,0.395,20.0,2.82,0.964,—,0.112
trio-gatherers,5,5,solo,300,500,0.090,0.000,0.910,0.389,20.0,2.82,0.965,—,0.110
trio-gatherers,5,5,pack,180,500,0.000,0.000,1.000,—,—,3.00,1.000,—,0.000
trio-gatherers,5,5,pack,300,500,0.000,0.000,1.000,—,—,3.00,1.000,—,0.000
trio-gatherers,5,5,boss,180,500,0.000,0.000,1.000,—,—,3.00,1.000,—,0.000
trio-gatherers,5,5,boss,300,500,0.000,0.000,1.000,—,—,3.00,1.000,—,0.000
trio-gatherers,5,6,solo,180,500,0.000,0.000,1.000,—,—,3.00,1.000,—,0.000
trio-gatherers,5,6,solo,300,500,0.000,0.000,1.000,—,—,3.00,1.000,—,0.000
trio-gatherers,5,6,pack,180,500,0.000,0.000,1.000,—,—,3.00,1.000,—,0.000
trio-gatherers,5,6,pack,300,500,0.000,0.000,1.000,—,—,3.00,1.000,—,0.000
trio-gatherers,5,6,boss,180,500,0.000,0.000,1.000,—,—,3.00,1.000,—,0.000
trio-gatherers,5,6,boss,300,500,0.000,0.000,1.000,—,—,3.00,1.000,—,0.000
trio-gatherers,5,7,solo,180,500,0.000,0.000,1.000,—,—,3.00,1.000,—,0.000
trio-gatherers,5,7,solo,300,500,0.000,0.000,1.000,—,—,3.00,1.000,—,0.000
trio-gatherers,5,7,pack,180,500,0.000,0.000,1.000,—,—,3.00,1.000,—,0.000
trio-gatherers,5,7,pack,300,500,0.000,0.000,1.000,—,—,3.00,1.000,—,0.000
trio-gatherers,5,7,boss,180,500,0.000,0.000,1.000,—,—,3.00,1.000,—,0.000
trio-gatherers,5,7,boss,300,500,0.000,0.000,1.000,—,—,3.00,1.000,—,0.000
trio-gatherers,5,8,solo,180,500,0.000,0.000,1.000,—,—,3.00,1.000,—,0.000
trio-gatherers,5,8,solo,300,500,0.000,0.000,1.000,—,—,3.00,1.000,—,0.000
trio-gatherers,5,8,pack,180,500,0.000,0.000,1.000,—,—,3.00,1.000,—,0.000
trio-gatherers,5,8,pack,300,500,0.000,0.000,1.000,—,—,3.00,1.000,—,0.000
trio-gatherers,5,8,boss,180,500,0.000,0.000,1.000,—,—,3.00,1.000,—,0.000
trio-gatherers,5,8,boss,300,500,0.000,0.000,1.000,—,—,3.00,1.000,—,0.000
trio-gatherers,10,1,solo,180,500,1.000,0.000,0.000,1.000,0.0,0.00,0.000,—,1.560
trio-gatherers,10,1,solo,300,500,1.000,0.000,0.000,1.000,0.0,0.00,0.000,—,1.560
trio-gatherers,10,1,pack,180,500,1.000,0.000,0.000,0.912,5.7,0.00,0.088,—,1.514
trio-gatherers,10,1,pack,300,500,1.000,0.000,0.000,0.911,5.7,0.00,0.089,—,1.514
trio-gatherers,10,1,boss,180,500,1.000,0.000,0.000,0.822,12.9,0.00,0.178,—,1.467
trio-gatherers,10,1,boss,300,500,1.000,0.000,0.000,0.823,12.9,0.00,0.177,—,1.468
trio-gatherers,10,2,solo,180,500,1.000,0.000,0.000,0.969,1.8,0.00,0.031,—,1.544
trio-gatherers,10,2,solo,300,500,1.000,0.000,0.000,0.968,1.8,0.00,0.032,—,1.543
trio-gatherers,10,2,pack,180,500,1.000,0.000,0.000,0.808,7.7,0.00,0.192,—,1.460
trio-gatherers,10,2,pack,300,500,1.000,0.000,0.000,0.807,7.7,0.00,0.193,—,1.459
trio-gatherers,10,2,boss,180,500,1.000,0.000,0.000,0.719,17.9,0.86,0.281,—,1.414
trio-gatherers,10,2,boss,300,500,1.000,0.000,0.000,0.719,17.9,0.84,0.281,—,1.414
trio-gatherers,10,3,solo,180,500,1.000,0.000,0.000,0.908,3.7,0.00,0.092,—,1.512
trio-gatherers,10,3,solo,300,500,1.000,0.000,0.000,0.910,3.7,0.00,0.090,—,1.513
trio-gatherers,10,3,pack,180,500,1.000,0.000,0.000,0.402,22.9,1.82,0.598,—,1.249
trio-gatherers,10,3,pack,300,500,1.000,0.000,0.000,0.397,23.1,1.86,0.603,—,1.247
trio-gatherers,10,3,boss,180,500,0.012,0.000,0.988,0.089,48.0,2.99,0.999,—,0.013
trio-gatherers,10,3,boss,300,500,0.014,0.000,0.986,0.092,48.0,2.99,0.999,—,0.015
trio-gatherers,10,4,solo,180,500,1.000,0.000,0.000,0.876,5.5,0.00,0.124,—,1.495
trio-gatherers,10,4,solo,300,500,1.000,0.000,0.000,0.877,5.5,0.00,0.123,—,1.496
trio-gatherers,10,4,pack,180,500,0.000,0.000,1.000,—,—,3.00,1.000,—,0.000
trio-gatherers,10,4,pack,300,500,0.000,0.000,1.000,—,—,3.00,1.000,—,0.000
trio-gatherers,10,4,boss,180,500,0.000,0.000,1.000,—,—,3.00,1.000,—,0.000
trio-gatherers,10,4,boss,300,500,0.000,0.000,1.000,—,—,3.00,1.000,—,0.000
trio-gatherers,10,5,solo,180,500,1.000,0.000,0.000,0.734,7.7,0.00,0.266,—,1.422
trio-gatherers,10,5,solo,300,500,1.000,0.000,0.000,0.733,7.7,0.00,0.267,—,1.421
trio-gatherers,10,5,pack,180,500,0.000,0.000,1.000,—,—,3.00,1.000,—,0.000
trio-gatherers,10,5,pack,300,500,0.000,0.000,1.000,—,—,3.00,1.000,—,0.000
trio-gatherers,10,5,boss,180,500,0.000,0.000,1.000,—,—,3.00,1.000,—,0.000
trio-gatherers,10,5,boss,300,500,0.000,0.000,1.000,—,—,3.00,1.000,—,0.000
trio-gatherers,10,6,solo,180,500,0.078,0.000,0.922,0.366,20.2,2.86,0.971,—,0.096
trio-gatherers,10,6,solo,300,500,0.114,0.000,0.886,0.392,19.4,2.79,0.955,—,0.142
trio-gatherers,10,6,pack,180,500,0.000,0.000,1.000,—,—,3.00,1.000,—,0.000
trio-gatherers,10,6,pack,300,500,0.000,0.000,1.000,—,—,3.00,1.000,—,0.000
trio-gatherers,10,6,boss,180,500,0.000,0.000,1.000,—,—,3.00,1.000,—,0.000
trio-gatherers,10,6,boss,300,500,0.000,0.000,1.000,—,—,3.00,1.000,—,0.000
trio-gatherers,10,7,solo,180,500,0.000,0.000,1.000,—,—,3.00,1.000,—,0.000
trio-gatherers,10,7,solo,300,500,0.000,0.000,1.000,—,—,3.00,1.000,—,0.000
trio-gatherers,10,7,pack,180,500,0.000,0.000,1.000,—,—,3.00,1.000,—,0.000
trio-gatherers,10,7,pack,300,500,0.000,0.000,1.000,—,—,3.00,1.000,—,0.000
trio-gatherers,10,7,boss,180,500,0.000,0.000,1.000,—,—,3.00,1.000,—,0.000
trio-gatherers,10,7,boss,300,500,0.000,0.000,1.000,—,—,3.00,1.000,—,0.000
trio-gatherers,10,8,solo,180,500,0.000,0.000,1.000,—,—,3.00,1.000,—,0.000
trio-gatherers,10,8,solo,300,500,0.000,0.000,1.000,—,—,3.00,1.000,—,0.000
trio-gatherers,10,8,pack,180,500,0.000,0.000,1.000,—,—,3.00,1.000,—,0.000
trio-gatherers,10,8,pack,300,500,0.000,0.000,1.000,—,—,3.00,1.000,—,0.000
trio-gatherers,10,8,boss,180,500,0.000,0.000,1.000,—,—,3.00,1.000,—,0.000
trio-gatherers,10,8,boss,300,500,0.000,0.000,1.000,—,—,3.00,1.000,—,0.000
trio-gatherers,20,1,solo,180,500,1.000,0.000,0.000,1.000,0.0,0.00,0.000,—,1.620
trio-gatherers,20,1,solo,300,500,1.000,0.000,0.000,1.000,0.0,0.00,0.000,—,1.620
trio-gatherers,20,1,pack,180,500,1.000,0.000,0.000,0.970,2.8,0.00,0.030,—,1.604
trio-gatherers,20,1,pack,300,500,1.000,0.000,0.000,0.970,2.8,0.00,0.030,—,1.604
trio-gatherers,20,1,boss,180,500,1.000,0.000,0.000,0.956,5.6,0.00,0.044,—,1.596
trio-gatherers,20,1,boss,300,500,1.000,0.000,0.000,0.956,5.6,0.00,0.044,—,1.596
trio-gatherers,20,2,solo,180,500,1.000,0.000,0.000,1.000,0.0,0.00,0.000,—,1.620
trio-gatherers,20,2,solo,300,500,1.000,0.000,0.000,1.000,0.0,0.00,0.000,—,1.620
trio-gatherers,20,2,pack,180,500,1.000,0.000,0.000,0.934,4.3,0.00,0.066,—,1.584
trio-gatherers,20,2,pack,300,500,1.000,0.000,0.000,0.934,4.3,0.00,0.066,—,1.584
trio-gatherers,20,2,boss,180,500,1.000,0.000,0.000,0.905,8.5,0.00,0.095,—,1.569
trio-gatherers,20,2,boss,300,500,1.000,0.000,0.000,0.905,8.5,0.00,0.095,—,1.569
trio-gatherers,20,3,solo,180,500,1.000,0.000,0.000,0.968,1.4,0.00,0.032,—,1.603
trio-gatherers,20,3,solo,300,500,1.000,0.000,0.000,0.968,1.4,0.00,0.032,—,1.603
trio-gatherers,20,3,pack,180,500,1.000,0.000,0.000,0.841,6.0,0.00,0.159,—,1.534
trio-gatherers,20,3,pack,300,500,1.000,0.000,0.000,0.840,6.0,0.00,0.160,—,1.534
trio-gatherers,20,3,boss,180,500,1.000,0.000,0.000,0.796,12.0,0.00,0.204,—,1.510
trio-gatherers,20,3,boss,300,500,1.000,0.000,0.000,0.797,12.0,0.00,0.203,—,1.510
trio-gatherers,20,4,solo,180,500,1.000,0.000,0.000,0.956,1.4,0.00,0.044,—,1.596
trio-gatherers,20,4,solo,300,500,1.000,0.000,0.000,0.956,1.4,0.00,0.044,—,1.596
trio-gatherers,20,4,pack,180,500,1.000,0.000,0.000,0.737,8.5,0.00,0.263,—,1.478
trio-gatherers,20,4,pack,300,500,1.000,0.000,0.000,0.736,8.5,0.00,0.264,—,1.477
trio-gatherers,20,4,boss,180,500,1.000,0.000,0.000,0.287,34.1,1.86,0.713,—,1.235
trio-gatherers,20,4,boss,300,500,1.000,0.000,0.000,0.280,34.5,1.88,0.720,—,1.231
trio-gatherers,20,5,solo,180,500,1.000,0.000,0.000,0.877,4.2,0.00,0.123,—,1.553
trio-gatherers,20,5,solo,300,500,1.000,0.000,0.000,0.878,4.2,0.00,0.122,—,1.554
trio-gatherers,20,5,pack,180,500,0.010,0.000,0.990,0.295,28.0,2.99,0.997,—,0.012
trio-gatherers,20,5,pack,300,500,0.010,0.000,0.990,0.289,28.0,2.99,0.997,—,0.012
trio-gatherers,20,5,boss,180,500,0.000,0.000,1.000,—,—,3.00,1.000,—,0.000
trio-gatherers,20,5,boss,300,500,0.000,0.000,1.000,—,—,3.00,1.000,—,0.000
trio-gatherers,20,6,solo,180,500,1.000,0.000,0.000,0.827,5.8,0.00,0.173,—,1.527
trio-gatherers,20,6,solo,300,500,1.000,0.000,0.000,0.828,5.8,0.00,0.172,—,1.527
trio-gatherers,20,6,pack,180,500,0.000,0.000,1.000,—,—,3.00,1.000,—,0.000
trio-gatherers,20,6,pack,300,500,0.000,0.000,1.000,—,—,3.00,1.000,—,0.000
trio-gatherers,20,6,boss,180,500,0.000,0.000,1.000,—,—,3.00,1.000,—,0.000
trio-gatherers,20,6,boss,300,500,0.000,0.000,1.000,—,—,3.00,1.000,—,0.000
trio-gatherers,20,7,solo,180,500,1.000,0.000,0.000,0.605,11.8,0.99,0.395,—,1.407
trio-gatherers,20,7,solo,300,500,1.000,0.000,0.000,0.600,11.9,1.00,0.400,—,1.404
trio-gatherers,20,7,pack,180,500,0.000,0.000,1.000,—,—,3.00,1.000,—,0.000
trio-gatherers,20,7,pack,300,500,0.000,0.000,1.000,—,—,3.00,1.000,—,0.000
trio-gatherers,20,7,boss,180,500,0.000,0.000,1.000,—,—,3.00,1.000,—,0.000
trio-gatherers,20,7,boss,300,500,0.000,0.000,1.000,—,—,3.00,1.000,—,0.000
trio-gatherers,20,8,solo,180,500,0.000,0.000,1.000,—,—,3.00,1.000,—,0.000
trio-gatherers,20,8,solo,300,500,0.000,0.000,1.000,—,—,3.00,1.000,—,0.000
trio-gatherers,20,8,pack,180,500,0.000,0.000,1.000,—,—,3.00,1.000,—,0.000
trio-gatherers,20,8,pack,300,500,0.000,0.000,1.000,—,—,3.00,1.000,—,0.000
trio-gatherers,20,8,boss,180,500,0.000,0.000,1.000,—,—,3.00,1.000,—,0.000
trio-gatherers,20,8,boss,300,500,0.000,0.000,1.000,—,—,3.00,1.000,—,0.000
trio-gatherers,35,1,solo,180,500,1.000,0.000,0.000,1.000,0.0,0.00,0.000,—,1.710
trio-gatherers,35,1,solo,300,500,1.000,0.000,0.000,1.000,0.0,0.00,0.000,—,1.710
trio-gatherers,35,1,pack,180,500,1.000,0.000,0.000,0.979,2.3,0.00,0.021,—,1.698
trio-gatherers,35,1,pack,300,500,1.000,0.000,0.000,0.979,2.3,0.00,0.021,—,1.698
trio-gatherers,35,1,boss,180,500,1.000,0.000,0.000,0.968,3.5,0.00,0.032,—,1.692
trio-gatherers,35,1,boss,300,500,1.000,0.000,0.000,0.969,3.5,0.00,0.031,—,1.692
trio-gatherers,35,2,solo,180,500,1.000,0.000,0.000,1.000,0.0,0.00,0.000,—,1.710
trio-gatherers,35,2,solo,300,500,1.000,0.000,0.000,1.000,0.0,0.00,0.000,—,1.710
trio-gatherers,35,2,pack,180,500,1.000,0.000,0.000,0.970,2.3,0.00,0.030,—,1.693
trio-gatherers,35,2,pack,300,500,1.000,0.000,0.000,0.970,2.3,0.00,0.030,—,1.693
trio-gatherers,35,2,boss,180,500,1.000,0.000,0.000,0.956,4.7,0.00,0.044,—,1.685
trio-gatherers,35,2,boss,300,500,1.000,0.000,0.000,0.957,4.7,0.00,0.043,—,1.685
trio-gatherers,35,3,solo,180,500,1.000,0.000,0.000,1.000,0.0,0.00,0.000,—,1.710
trio-gatherers,35,3,solo,300,500,1.000,0.000,0.000,1.000,0.0,0.00,0.000,—,1.710
trio-gatherers,35,3,pack,180,500,1.000,0.000,0.000,0.935,3.5,0.00,0.065,—,1.673
trio-gatherers,35,3,pack,300,500,1.000,0.000,0.000,0.935,3.5,0.00,0.065,—,1.673
trio-gatherers,35,3,boss,180,500,1.000,0.000,0.000,0.938,6.0,0.00,0.062,—,1.675
trio-gatherers,35,3,boss,300,500,1.000,0.000,0.000,0.938,6.0,0.00,0.062,—,1.675
trio-gatherers,35,4,solo,180,500,1.000,0.000,0.000,0.970,1.2,0.00,0.030,—,1.693
trio-gatherers,35,4,solo,300,500,1.000,0.000,0.000,0.970,1.2,0.00,0.030,—,1.693
trio-gatherers,35,4,pack,180,500,1.000,0.000,0.000,0.849,5.8,0.00,0.151,—,1.624
trio-gatherers,35,4,pack,300,500,1.000,0.000,0.000,0.849,5.8,0.00,0.151,—,1.624
trio-gatherers,35,4,boss,180,500,1.000,0.000,0.000,0.801,9.4,0.00,0.199,—,1.596
trio-gatherers,35,4,boss,300,500,1.000,0.000,0.000,0.801,9.4,0.00,0.199,—,1.597
trio-gatherers,35,5,solo,180,500,1.000,0.000,0.000,0.958,1.2,0.00,0.042,—,1.686
trio-gatherers,35,5,solo,300,500,1.000,0.000,0.000,0.958,1.2,0.00,0.042,—,1.686
trio-gatherers,35,5,pack,180,500,1.000,0.000,0.000,0.746,7.0,0.00,0.254,—,1.565
trio-gatherers,35,5,pack,300,500,1.000,0.000,0.000,0.747,7.0,0.00,0.253,—,1.566
trio-gatherers,35,5,boss,180,500,1.000,0.000,0.000,0.608,17.1,0.99,0.392,—,1.486
trio-gatherers,35,5,boss,300,500,1.000,0.000,0.000,0.610,17.1,0.99,0.390,—,1.487
trio-gatherers,35,6,solo,180,500,1.000,0.000,0.000,0.941,2.4,0.00,0.059,—,1.676
trio-gatherers,35,6,solo,300,500,1.000,0.000,0.000,0.940,2.4,0.00,0.060,—,1.676
trio-gatherers,35,6,pack,180,500,1.000,0.000,0.000,0.231,32.8,1.85,0.769,—,1.272
trio-gatherers,35,6,pack,300,500,1.000,0.000,0.000,0.222,33.3,1.88,0.778,—,1.267
trio-gatherers,35,6,boss,180,500,0.002,0.000,0.998,0.447,25.9,3.00,0.999,—,0.003
trio-gatherers,35,6,boss,300,500,0.000,0.000,1.000,—,—,3.00,1.000,—,0.000
trio-gatherers,35,7,solo,180,500,1.000,0.000,0.000,0.835,4.7,0.00,0.165,—,1.616
trio-gatherers,35,7,solo,300,500,1.000,0.000,0.000,0.834,4.7,0.00,0.166,—,1.616
trio-gatherers,35,7,pack,180,500,0.000,0.000,1.000,—,—,3.00,1.000,—,0.000
trio-gatherers,35,7,pack,300,500,0.000,0.000,1.000,—,—,3.00,1.000,—,0.000
trio-gatherers,35,7,boss,180,500,0.000,0.000,1.000,—,—,3.00,1.000,—,0.000
trio-gatherers,35,7,boss,300,500,0.000,0.000,1.000,—,—,3.00,1.000,—,0.000
trio-gatherers,35,8,solo,180,500,1.000,0.000,0.000,0.613,9.3,0.91,0.387,—,1.489
trio-gatherers,35,8,solo,300,500,1.000,0.000,0.000,0.613,9.3,0.91,0.387,—,1.489
trio-gatherers,35,8,pack,180,500,0.000,0.000,1.000,—,—,3.00,1.000,—,0.000
trio-gatherers,35,8,pack,300,500,0.000,0.000,1.000,—,—,3.00,1.000,—,0.000
trio-gatherers,35,8,boss,180,500,0.000,0.000,1.000,—,—,3.00,1.000,—,0.000
trio-gatherers,35,8,boss,300,500,0.000,0.000,1.000,—,—,3.00,1.000,—,0.000
trio-gatherers,50,1,solo,180,500,1.000,0.000,0.000,1.000,0.0,0.00,0.000,—,1.800
trio-gatherers,50,1,solo,300,500,1.000,0.000,0.000,1.000,0.0,0.00,0.000,—,1.800
trio-gatherers,50,1,pack,180,500,1.000,0.000,0.000,0.992,1.1,0.00,0.008,—,1.795
trio-gatherers,50,1,pack,300,500,1.000,0.000,0.000,0.992,1.1,0.00,0.008,—,1.795
trio-gatherers,50,1,boss,180,500,1.000,0.000,0.000,0.988,2.1,0.00,0.012,—,1.793
trio-gatherers,50,1,boss,300,500,1.000,0.000,0.000,0.988,2.1,0.00,0.012,—,1.793
trio-gatherers,50,2,solo,180,500,1.000,0.000,0.000,1.000,0.0,0.00,0.000,—,1.800
trio-gatherers,50,2,solo,300,500,1.000,0.000,0.000,1.000,0.0,0.00,0.000,—,1.800
trio-gatherers,50,2,pack,180,500,1.000,0.000,0.000,0.977,2.1,0.00,0.023,—,1.786
trio-gatherers,50,2,pack,300,500,1.000,0.000,0.000,0.977,2.1,0.00,0.023,—,1.786
trio-gatherers,50,2,boss,180,500,1.000,0.000,0.000,0.966,3.2,0.00,0.034,—,1.780
trio-gatherers,50,2,boss,300,500,1.000,0.000,0.000,0.966,3.2,0.00,0.034,—,1.780
trio-gatherers,50,3,solo,180,500,1.000,0.000,0.000,1.000,0.0,0.00,0.000,—,1.800
trio-gatherers,50,3,solo,300,500,1.000,0.000,0.000,1.000,0.0,0.00,0.000,—,1.800
trio-gatherers,50,3,pack,180,500,1.000,0.000,0.000,0.967,2.1,0.00,0.033,—,1.780
trio-gatherers,50,3,pack,300,500,1.000,0.000,0.000,0.967,2.1,0.00,0.033,—,1.780
trio-gatherers,50,3,boss,180,500,1.000,0.000,0.000,0.953,4.2,0.00,0.047,—,1.772
trio-gatherers,50,3,boss,300,500,1.000,0.000,0.000,0.953,4.2,0.00,0.047,—,1.772
trio-gatherers,50,4,solo,180,500,1.000,0.000,0.000,1.000,0.0,0.00,0.000,—,1.800
trio-gatherers,50,4,solo,300,500,1.000,0.000,0.000,1.000,0.0,0.00,0.000,—,1.800
trio-gatherers,50,4,pack,180,500,1.000,0.000,0.000,0.931,3.2,0.00,0.069,—,1.759
trio-gatherers,50,4,pack,300,500,1.000,0.000,0.000,0.932,3.2,0.00,0.068,—,1.759
trio-gatherers,50,4,boss,180,500,1.000,0.000,0.000,0.899,6.3,0.00,0.101,—,1.739
trio-gatherers,50,4,boss,300,500,1.000,0.000,0.000,0.898,6.3,0.00,0.102,—,1.739
trio-gatherers,50,5,solo,180,500,1.000,0.000,0.000,0.968,1.1,0.00,0.032,—,1.781
trio-gatherers,50,5,solo,300,500,1.000,0.000,0.000,0.968,1.1,0.00,0.032,—,1.781
trio-gatherers,50,5,pack,180,500,1.000,0.000,0.000,0.839,5.3,0.00,0.161,—,1.704
trio-gatherers,50,5,pack,300,500,1.000,0.000,0.000,0.840,5.3,0.00,0.160,—,1.704
trio-gatherers,50,5,boss,180,500,1.000,0.000,0.000,0.787,9.5,0.00,0.213,—,1.672
trio-gatherers,50,5,boss,300,500,1.000,0.000,0.000,0.786,9.5,0.00,0.214,—,1.671
trio-gatherers,50,6,solo,180,500,1.000,0.000,0.000,0.954,2.1,0.00,0.046,—,1.773
trio-gatherers,50,6,solo,300,500,1.000,0.000,0.000,0.954,2.1,0.00,0.046,—,1.773
trio-gatherers,50,6,pack,180,500,1.000,0.000,0.000,0.726,7.4,0.00,0.274,—,1.636
trio-gatherers,50,6,pack,300,500,1.000,0.000,0.000,0.728,7.4,0.00,0.272,—,1.637
trio-gatherers,50,6,boss,180,500,1.000,0.000,0.000,0.539,17.6,0.98,0.461,—,1.524
trio-gatherers,50,6,boss,300,500,1.000,0.000,0.000,0.540,17.5,0.99,0.460,—,1.524
trio-gatherers,50,7,solo,180,500,1.000,0.000,0.000,0.874,3.2,0.00,0.126,—,1.725
trio-gatherers,50,7,solo,300,500,1.000,0.000,0.000,0.873,3.2,0.00,0.127,—,1.724
trio-gatherers,50,7,pack,180,500,0.012,0.000,0.988,0.527,14.8,2.98,0.994,—,0.018
trio-gatherers,50,7,pack,300,500,0.012,0.000,0.988,0.538,14.8,2.98,0.994,—,0.018
trio-gatherers,50,7,boss,180,500,0.000,0.000,1.000,—,—,3.00,1.000,—,0.000
trio-gatherers,50,7,boss,300,500,0.000,0.000,1.000,—,—,3.00,1.000,—,0.000
trio-gatherers,50,8,solo,180,500,1.000,0.000,0.000,0.823,5.3,0.00,0.177,—,1.694
trio-gatherers,50,8,solo,300,500,1.000,0.000,0.000,0.825,5.3,0.00,0.175,—,1.695
trio-gatherers,50,8,pack,180,500,0.000,0.000,1.000,—,—,3.00,1.000,—,0.000
trio-gatherers,50,8,pack,300,500,0.000,0.000,1.000,—,—,3.00,1.000,—,0.000
trio-gatherers,50,8,boss,180,500,0.000,0.000,1.000,—,—,3.00,1.000,—,0.000
trio-gatherers,50,8,boss,300,500,0.000,0.000,1.000,—,—,3.00,1.000,—,0.000
duo-tank-heal,1,1,solo,180,500,1.000,0.000,0.000,0.867,8.2,0.00,0.133,1.000,1.439
duo-tank-heal,1,1,solo,300,500,1.000,0.000,0.000,0.867,8.2,0.00,0.133,1.000,1.439
duo-tank-heal,1,1,pack,180,500,1.000,0.000,0.000,0.997,77.5,0.00,0.003,1.000,1.504
duo-tank-heal,1,1,pack,300,500,1.000,0.000,0.000,0.999,77.8,0.00,0.001,1.000,1.506
duo-tank-heal,1,1,boss,180,500,1.000,0.000,0.000,0.943,147.5,0.00,0.057,1.000,1.477
duo-tank-heal,1,1,boss,300,500,1.000,0.000,0.000,0.944,147.7,0.00,0.056,1.000,1.478
duo-tank-heal,1,2,solo,180,500,1.000,0.000,0.000,0.952,23.1,0.00,0.048,1.000,1.482
duo-tank-heal,1,2,solo,300,500,1.000,0.000,0.000,0.954,22.8,0.00,0.046,1.000,1.483
duo-tank-heal,1,2,pack,180,500,0.000,0.000,1.000,—,—,2.00,1.000,0.532,0.000
duo-tank-heal,1,2,pack,300,500,0.000,0.000,1.000,—,—,2.00,1.000,0.530,0.000
duo-tank-heal,1,2,boss,180,500,0.000,1.000,0.000,—,—,0.69,0.511,0.498,0.000
duo-tank-heal,1,2,boss,300,500,0.284,0.716,0.000,0.991,221.1,0.72,0.546,0.362,0.426
duo-tank-heal,1,3,solo,180,500,1.000,0.000,0.000,0.927,47.2,0.00,0.073,1.000,1.470
duo-tank-heal,1,3,solo,300,500,1.000,0.000,0.000,0.928,47.1,0.00,0.072,1.000,1.470
duo-tank-heal,1,3,pack,180,500,0.000,0.000,1.000,—,—,2.00,1.000,0.518,0.000
duo-tank-heal,1,3,pack,300,500,0.000,0.000,1.000,—,—,2.00,1.000,0.517,0.000
duo-tank-heal,1,3,boss,180,500,0.000,0.000,1.000,—,—,2.00,1.000,0.555,0.000
duo-tank-heal,1,3,boss,300,500,0.000,0.000,1.000,—,—,2.00,1.000,0.554,0.000
duo-tank-heal,1,4,solo,180,500,0.382,0.000,0.618,0.589,70.8,1.41,0.775,0.744,0.496
duo-tank-heal,1,4,solo,300,500,0.338,0.000,0.662,0.595,70.8,1.46,0.799,0.729,0.440
duo-tank-heal,1,4,pack,180,500,0.000,0.000,1.000,—,—,2.00,1.000,0.514,0.000
duo-tank-heal,1,4,pack,300,500,0.000,0.000,1.000,—,—,2.00,1.000,0.513,0.000
duo-tank-heal,1,4,boss,180,500,0.000,0.000,1.000,—,—,2.00,1.000,0.467,0.000
duo-tank-heal,1,4,boss,300,500,0.000,0.000,1.000,—,—,2.00,1.000,0.465,0.000
duo-tank-heal,1,5,solo,180,500,0.000,0.000,1.000,—,—,2.00,1.000,0.593,0.000
duo-tank-heal,1,5,solo,300,500,0.000,0.000,1.000,—,—,2.00,1.000,0.590,0.000
duo-tank-heal,1,5,pack,180,500,0.000,0.000,1.000,—,—,2.00,1.000,0.613,0.000
duo-tank-heal,1,5,pack,300,500,0.000,0.000,1.000,—,—,2.00,1.000,0.611,0.000
duo-tank-heal,1,5,boss,180,500,0.000,0.000,1.000,—,—,2.00,1.000,0.593,0.000
duo-tank-heal,1,5,boss,300,500,0.000,0.000,1.000,—,—,2.00,1.000,0.596,0.000
duo-tank-heal,1,6,solo,180,500,0.000,0.000,1.000,—,—,2.00,1.000,0.534,0.000
duo-tank-heal,1,6,solo,300,500,0.000,0.000,1.000,—,—,2.00,1.000,0.530,0.000
duo-tank-heal,1,6,pack,180,500,0.000,0.000,1.000,—,—,2.00,1.000,0.517,0.000
duo-tank-heal,1,6,pack,300,500,0.000,0.000,1.000,—,—,2.00,1.000,0.515,0.000
duo-tank-heal,1,6,boss,180,500,0.000,0.000,1.000,—,—,2.00,1.000,0.527,0.000
duo-tank-heal,1,6,boss,300,500,0.000,0.000,1.000,—,—,2.00,1.000,0.532,0.000
duo-tank-heal,1,7,solo,180,500,0.000,0.000,1.000,—,—,2.00,1.000,0.671,0.000
duo-tank-heal,1,7,solo,300,500,0.000,0.000,1.000,—,—,2.00,1.000,0.670,0.000
duo-tank-heal,1,7,pack,180,500,0.000,0.000,1.000,—,—,2.00,1.000,0.670,0.000
duo-tank-heal,1,7,pack,300,500,0.000,0.000,1.000,—,—,2.00,1.000,0.670,0.000
duo-tank-heal,1,7,boss,180,500,0.000,0.000,1.000,—,—,2.00,1.000,0.349,0.000
duo-tank-heal,1,7,boss,300,500,0.000,0.000,1.000,—,—,2.00,1.000,0.349,0.000
duo-tank-heal,1,8,solo,180,500,0.000,0.000,1.000,—,—,2.00,1.000,0.668,0.000
duo-tank-heal,1,8,solo,300,500,0.000,0.000,1.000,—,—,2.00,1.000,0.668,0.000
duo-tank-heal,1,8,pack,180,500,0.000,0.000,1.000,—,—,2.00,1.000,0.668,0.000
duo-tank-heal,1,8,pack,300,500,0.000,0.000,1.000,—,—,2.00,1.000,0.669,0.000
duo-tank-heal,1,8,boss,180,500,0.000,0.000,1.000,—,—,2.00,1.000,0.520,0.000
duo-tank-heal,1,8,boss,300,500,0.000,0.000,1.000,—,—,2.00,1.000,0.521,0.000
duo-tank-heal,5,1,solo,180,500,1.000,0.000,0.000,0.929,4.1,0.00,0.071,1.000,1.494
duo-tank-heal,5,1,solo,300,500,1.000,0.000,0.000,0.928,4.1,0.00,0.072,1.000,1.493
duo-tank-heal,5,1,pack,180,500,1.000,0.000,0.000,0.999,41.7,0.00,0.001,1.000,1.529
duo-tank-heal,5,1,pack,300,500,1.000,0.000,0.000,0.999,41.6,0.00,0.001,1.000,1.529
duo-tank-heal,5,1,boss,180,500,1.000,0.000,0.000,0.997,93.1,0.00,0.003,1.000,1.528
duo-tank-heal,5,1,boss,300,500,1.000,0.000,0.000,0.996,93.1,0.00,0.004,1.000,1.528
duo-tank-heal,5,2,solo,180,500,1.000,0.000,0.000,0.862,8.2,0.00,0.138,1.000,1.460
duo-tank-heal,5,2,solo,300,500,1.000,0.000,0.000,0.862,8.2,0.00,0.138,1.000,1.460
duo-tank-heal,5,2,pack,180,500,1.000,0.000,0.000,0.998,77.6,0.00,0.002,1.000,1.529
duo-tank-heal,5,2,pack,300,500,1.000,0.000,0.000,0.998,77.6,0.00,0.002,1.000,1.529
duo-tank-heal,5,2,boss,180,500,1.000,0.000,0.000,0.943,135.7,0.00,0.057,1.000,1.501
duo-tank-heal,5,2,boss,300,500,1.000,0.000,0.000,0.941,135.6,0.00,0.059,1.000,1.500
duo-tank-heal,5,3,solo,180,500,1.000,0.000,0.000,0.994,17.8,0.00,0.006,1.000,1.527
duo-tank-heal,5,3,solo,300,500,1.000,0.000,0.000,0.992,17.7,0.00,0.008,1.000,1.526
duo-tank-heal,5,3,pack,180,500,0.006,0.000,0.994,1.000,96.0,1.99,0.994,0.559,0.009
duo-tank-heal,5,3,pack,300,500,0.008,0.000,0.992,1.000,96.0,1.98,0.992,0.560,0.012
duo-tank-heal,5,3,boss,180,500,0.010,0.990,0.000,1.000,180.0,0.00,0.105,1.000,0.015
duo-tank-heal,5,3,boss,300,500,1.000,0.000,0.000,0.928,202.0,0.00,0.072,1.000,1.493
duo-tank-heal,5,4,solo,180,500,1.000,0.000,0.000,0.983,40.6,0.00,0.017,1.000,1.521
duo-tank-heal,5,4,solo,300,500,1.000,0.000,0.000,0.983,40.4,0.00,0.017,1.000,1.522
duo-tank-heal,5,4,pack,180,500,0.000,0.000,1.000,—,—,2.00,1.000,0.582,0.000
duo-tank-heal,5,4,pack,300,500,0.000,0.000,1.000,—,—,2.00,1.000,0.591,0.000
duo-tank-heal,5,4,boss,180,500,0.000,0.000,1.000,—,—,2.00,1.000,0.601,0.000
duo-tank-heal,5,4,boss,300,500,0.000,0.000,1.000,—,—,2.00,1.000,0.598,0.000
duo-tank-heal,5,5,solo,180,500,1.000,0.000,0.000,0.996,65.5,0.00,0.004,1.000,1.528
duo-tank-heal,5,5,solo,300,500,1.000,0.000,0.000,0.998,65.6,0.00,0.002,1.000,1.529
duo-tank-heal,5,5,pack,180,500,0.000,0.000,1.000,—,—,2.00,1.000,0.519,0.000
duo-tank-heal,5,5,pack,300,500,0.000,0.000,1.000,—,—,2.00,1.000,0.520,0.000
duo-tank-heal,5,5,boss,180,500,0.000,0.000,1.000,—,—,2.00,1.000,0.476,0.000
duo-tank-heal,5,5,boss,300,500,0.000,0.000,1.000,—,—,2.00,1.000,0.480,0.000
duo-tank-heal,5,6,solo,180,500,0.000,0.000,1.000,—,—,2.00,1.000,0.655,0.000
duo-tank-heal,5,6,solo,300,500,0.000,0.000,1.000,—,—,2.00,1.000,0.650,0.000
duo-tank-heal,5,6,pack,180,500,0.000,0.000,1.000,—,—,2.00,1.000,0.617,0.000
duo-tank-heal,5,6,pack,300,500,0.000,0.000,1.000,—,—,2.00,1.000,0.619,0.000
duo-tank-heal,5,6,boss,180,500,0.000,0.000,1.000,—,—,2.00,1.000,0.591,0.000
duo-tank-heal,5,6,boss,300,500,0.000,0.000,1.000,—,—,2.00,1.000,0.592,0.000
duo-tank-heal,5,7,solo,180,500,0.000,0.000,1.000,—,—,2.00,1.000,0.641,0.000
duo-tank-heal,5,7,solo,300,500,0.000,0.000,1.000,—,—,2.00,1.000,0.634,0.000
duo-tank-heal,5,7,pack,180,500,0.000,0.000,1.000,—,—,2.00,1.000,0.605,0.000
duo-tank-heal,5,7,pack,300,500,0.000,0.000,1.000,—,—,2.00,1.000,0.604,0.000
duo-tank-heal,5,7,boss,180,500,0.000,0.000,1.000,—,—,2.00,1.000,0.547,0.000
duo-tank-heal,5,7,boss,300,500,0.000,0.000,1.000,—,—,2.00,1.000,0.540,0.000
duo-tank-heal,5,8,solo,180,500,0.000,0.000,1.000,—,—,2.00,1.000,0.671,0.000
duo-tank-heal,5,8,solo,300,500,0.000,0.000,1.000,—,—,2.00,1.000,0.671,0.000
duo-tank-heal,5,8,pack,180,500,0.000,0.000,1.000,—,—,2.00,1.000,0.669,0.000
duo-tank-heal,5,8,pack,300,500,0.000,0.000,1.000,—,—,2.00,1.000,0.669,0.000
duo-tank-heal,5,8,boss,180,500,0.000,0.000,1.000,—,—,2.00,1.000,0.359,0.000
duo-tank-heal,5,8,boss,300,500,0.000,0.000,1.000,—,—,2.00,1.000,0.364,0.000
duo-tank-heal,10,1,solo,180,500,1.000,0.000,0.000,1.000,0.0,0.00,0.000,—,1.560
duo-tank-heal,10,1,solo,300,500,1.000,0.000,0.000,1.000,0.0,0.00,0.000,—,1.560
duo-tank-heal,10,1,pack,180,500,1.000,0.000,0.000,0.874,12.0,0.00,0.126,1.000,1.494
duo-tank-heal,10,1,pack,300,500,1.000,0.000,0.000,0.874,12.0,0.00,0.126,1.000,1.495
duo-tank-heal,10,1,boss,180,500,1.000,0.000,0.000,0.983,44.0,0.00,0.017,1.000,1.551
duo-tank-heal,10,1,boss,300,500,1.000,0.000,0.000,0.984,44.0,0.00,0.016,1.000,1.552
duo-tank-heal,10,2,solo,180,500,1.000,0.000,0.000,0.930,4.1,0.00,0.070,1.000,1.524
duo-tank-heal,10,2,solo,300,500,1.000,0.000,0.000,0.930,4.1,0.00,0.070,1.000,1.524
duo-tank-heal,10,2,pack,180,500,1.000,0.000,0.000,0.998,41.4,0.00,0.002,1.000,1.559
duo-tank-heal,10,2,pack,300,500,1.000,0.000,0.000,0.999,41.6,0.00,0.001,1.000,1.559
duo-tank-heal,10,2,boss,180,500,1.000,0.000,0.000,0.997,92.5,0.00,0.003,1.000,1.558
duo-tank-heal,10,2,boss,300,500,1.000,0.000,0.000,0.995,92.6,0.00,0.005,1.000,1.558
duo-tank-heal,10,3,solo,180,500,1.000,0.000,0.000,0.913,6.0,0.00,0.087,1.000,1.515
duo-tank-heal,10,3,solo,300,500,1.000,0.000,0.000,0.911,6.0,0.00,0.089,1.000,1.514
duo-tank-heal,10,3,pack,180,500,1.000,0.000,0.000,0.998,71.6,0.00,0.002,1.000,1.559
duo-tank-heal,10,3,pack,300,500,1.000,0.000,0.000,0.998,71.6,0.00,0.002,1.000,1.559
duo-tank-heal,10,3,boss,180,500,1.000,0.000,0.000,0.944,134.9,0.00,0.056,1.000,1.531
duo-tank-heal,10,3,boss,300,500,1.000,0.000,0.000,0.945,135.0,0.00,0.055,1.000,1.531
duo-tank-heal,10,4,solo,180,500,1.000,0.000,0.000,0.990,17.7,0.00,0.010,1.000,1.555
duo-tank-heal,10,4,solo,300,500,1.000,0.000,0.000,0.985,17.5,0.00,0.015,1.000,1.552
duo-tank-heal,10,4,pack,180,500,0.684,0.190,0.126,0.998,95.6,0.44,0.271,0.693,1.066
duo-tank-heal,10,4,pack,300,500,0.620,0.206,0.174,0.999,95.4,0.55,0.352,0.531,0.967
duo-tank-heal,10,4,boss,180,500,0.000,1.000,0.000,—,—,0.00,0.102,1.000,0.000
duo-tank-heal,10,4,boss,300,500,1.000,0.000,0.000,0.930,202.5,0.00,0.070,1.000,1.523
duo-tank-heal,10,5,solo,180,500,1.000,0.000,0.000,0.978,40.0,0.00,0.022,1.000,1.548
duo-tank-heal,10,5,solo,300,500,1.000,0.000,0.000,0.981,40.2,0.00,0.019,1.000,1.550
duo-tank-heal,10,5,pack,180,500,0.000,0.000,1.000,—,—,2.00,1.000,0.608,0.000
duo-tank-heal,10,5,pack,300,500,0.000,0.000,1.000,—,—,2.00,1.000,0.612,0.000
duo-tank-heal,10,5,boss,180,500,0.000,0.002,0.998,—,—,2.00,0.998,0.605,0.000
duo-tank-heal,10,5,boss,300,500,0.002,0.000,0.998,1.000,294.0,2.00,0.998,0.617,0.003
duo-tank-heal,10,6,solo,180,500,1.000,0.000,0.000,0.998,65.6,0.00,0.002,1.000,1.559
duo-tank-heal,10,6,solo,300,500,1.000,0.000,0.000,0.998,65.5,0.00,0.002,1.000,1.559
duo-tank-heal,10,6,pack,180,500,0.000,0.000,1.000,—,—,2.00,1.000,0.528,0.000
duo-tank-heal,10,6,pack,300,500,0.000,0.000,1.000,—,—,2.00,1.000,0.528,0.000
duo-tank-heal,10,6,boss,180,500,0.000,0.000,1.000,—,—,2.00,1.000,0.491,0.000
duo-tank-heal,10,6,boss,300,500,0.000,0.000,1.000,—,—,2.00,1.000,0.490,0.000
duo-tank-heal,10,7,solo,180,500,0.280,0.000,0.720,0.700,105.9,1.53,0.804,0.900,0.393
duo-tank-heal,10,7,solo,300,500,0.274,0.000,0.726,0.739,106.4,1.52,0.798,0.899,0.390
duo-tank-heal,10,7,pack,180,500,0.000,0.000,1.000,—,—,2.00,1.000,0.626,0.000
duo-tank-heal,10,7,pack,300,500,0.000,0.000,1.000,—,—,2.00,1.000,0.627,0.000
duo-tank-heal,10,7,boss,180,500,0.000,0.000,1.000,—,—,2.00,1.000,0.590,0.000
duo-tank-heal,10,7,boss,300,500,0.000,0.000,1.000,—,—,2.00,1.000,0.592,0.000
duo-tank-heal,10,8,solo,180,500,0.000,0.000,1.000,—,—,2.00,1.000,0.652,0.000
duo-tank-heal,10,8,solo,300,500,0.000,0.000,1.000,—,—,2.00,1.000,0.652,0.000
duo-tank-heal,10,8,pack,180,500,0.000,0.000,1.000,—,—,2.00,1.000,0.606,0.000
duo-tank-heal,10,8,pack,300,500,0.000,0.000,1.000,—,—,2.00,1.000,0.605,0.000
duo-tank-heal,10,8,boss,180,500,0.000,0.000,1.000,—,—,2.00,1.000,0.565,0.000
duo-tank-heal,10,8,boss,300,500,0.000,0.000,1.000,—,—,2.00,1.000,0.558,0.000
duo-tank-heal,20,1,solo,180,500,1.000,0.000,0.000,1.000,0.0,0.00,0.000,—,1.620
duo-tank-heal,20,1,solo,300,500,1.000,0.000,0.000,1.000,0.0,0.00,0.000,—,1.620
duo-tank-heal,20,1,pack,180,500,1.000,0.000,0.000,0.934,12.0,0.00,0.066,1.000,1.584
duo-tank-heal,20,1,pack,300,500,1.000,0.000,0.000,0.935,12.0,0.00,0.065,1.000,1.585
duo-tank-heal,20,1,boss,180,500,1.000,0.000,0.000,0.895,16.3,0.00,0.105,1.000,1.563
duo-tank-heal,20,1,boss,300,500,1.000,0.000,0.000,0.895,16.3,0.00,0.105,1.000,1.563
duo-tank-heal,20,2,solo,180,500,1.000,0.000,0.000,1.000,0.0,0.00,0.000,—,1.620
duo-tank-heal,20,2,solo,300,500,1.000,0.000,0.000,1.000,0.0,0.00,0.000,—,1.620
duo-tank-heal,20,2,pack,180,500,1.000,0.000,0.000,0.901,12.0,0.00,0.099,1.000,1.566
duo-tank-heal,20,2,pack,300,500,1.000,0.000,0.000,0.900,12.0,0.00,0.100,1.000,1.566
duo-tank-heal,20,2,boss,180,500,1.000,0.000,0.000,0.924,27.4,0.00,0.076,1.000,1.579
duo-tank-heal,20,2,boss,300,500,1.000,0.000,0.000,0.930,27.6,0.00,0.070,1.000,1.582
duo-tank-heal,20,3,solo,180,500,1.000,0.000,0.000,0.946,4.1,0.00,0.054,1.000,1.591
duo-tank-heal,20,3,solo,300,500,1.000,0.000,0.000,0.946,4.1,0.00,0.054,1.000,1.591
duo-tank-heal,20,3,pack,180,500,1.000,0.000,0.000,0.986,36.8,0.00,0.014,1.000,1.613
duo-tank-heal,20,3,pack,300,500,1.000,0.000,0.000,0.987,36.6,0.00,0.013,1.000,1.613
duo-tank-heal,20,3,boss,180,500,1.000,0.000,0.000,0.993,62.9,0.00,0.007,1.000,1.616
duo-tank-heal,20,3,boss,300,500,1.000,0.000,0.000,0.992,62.4,0.00,0.008,1.000,1.615
duo-tank-heal,20,4,solo,180,500,1.000,0.000,0.000,0.934,6.0,0.00,0.066,1.000,1.584
duo-tank-heal,20,4,solo,300,500,1.000,0.000,0.000,0.934,6.0,0.00,0.066,1.000,1.584
duo-tank-heal,20,4,pack,180,500,1.000,0.000,0.000,0.999,59.7,0.00,0.001,1.000,1.620
duo-tank-heal,20,4,pack,300,500,1.000,0.000,0.000,0.999,59.6,0.00,0.001,1.000,1.619
duo-tank-heal,20,4,boss,180,500,1.000,0.000,0.000,0.973,119.6,0.00,0.027,1.000,1.606
duo-tank-heal,20,4,boss,300,500,1.000,0.000,0.000,0.974,120.0,0.00,0.026,1.000,1.606
duo-tank-heal,20,5,solo,180,500,1.000,0.000,0.000,0.852,8.2,0.00,0.148,1.000,1.540
duo-tank-heal,20,5,solo,300,500,1.000,0.000,0.000,0.854,8.2,0.00,0.146,1.000,1.541
duo-tank-heal,20,5,pack,180,500,1.000,0.000,0.000,0.994,94.9,0.00,0.006,1.000,1.617
duo-tank-heal,20,5,pack,300,500,1.000,0.000,0.000,0.996,95.2,0.00,0.004,1.000,1.618
duo-tank-heal,20,5,boss,180,500,1.000,0.000,0.000,0.997,176.1,0.00,0.003,1.000,1.618
duo-tank-heal,20,5,boss,300,500,1.000,0.000,0.000,0.997,175.9,0.00,0.003,1.000,1.619
duo-tank-heal,20,6,solo,180,500,1.000,0.000,0.000,0.992,29.2,0.00,0.008,1.000,1.615
duo-tank-heal,20,6,solo,300,500,1.000,0.000,0.000,0.991,29.1,0.00,0.009,1.000,1.615
duo-tank-heal,20,6,pack,180,500,0.156,0.000,0.844,0.999,130.8,1.69,0.844,0.851,0.253
duo-tank-heal,20,6,pack,300,500,0.160,0.000,0.840,0.998,131.4,1.68,0.840,0.855,0.259
duo-tank-heal,20,6,boss,180,500,0.000,1.000,0.000,—,—,0.00,0.110,1.000,0.000
duo-tank-heal,20,6,boss,300,500,1.000,0.000,0.000,0.978,264.9,0.00,0.022,1.000,1.608
duo-tank-heal,20,7,solo,180,500,1.000,0.000,0.000,0.997,56.5,0.00,0.003,1.000,1.618
duo-tank-heal,20,7,solo,300,500,1.000,0.000,0.000,0.998,56.9,0.00,0.002,1.000,1.619
duo-tank-heal,20,7,pack,180,500,0.000,0.000,1.000,—,—,2.00,1.000,0.715,0.000
duo-tank-heal,20,7,pack,300,500,0.000,0.000,1.000,—,—,2.00,1.000,0.717,0.000
duo-tank-heal,20,7,boss,180,500,0.000,0.000,1.000,—,—,2.00,1.000,0.715,0.000
duo-tank-heal,20,7,boss,300,500,0.000,0.000,1.000,—,—,2.00,1.000,0.714,0.000
duo-tank-heal,20,8,solo,180,500,1.000,0.000,0.000,0.887,99.9,0.00,0.113,1.000,1.559
duo-tank-heal,20,8,solo,300,500,1.000,0.000,0.000,0.882,100.1,0.00,0.118,1.000,1.556
duo-tank-heal,20,8,pack,180,500,0.000,0.000,1.000,—,—,2.00,1.000,0.652,0.000
duo-tank-heal,20,8,pack,300,500,0.000,0.000,1.000,—,—,2.00,1.000,0.649,0.000
duo-tank-heal,20,8,boss,180,500,0.000,0.000,1.000,—,—,2.00,1.000,0.559,0.000
duo-tank-heal,20,8,boss,300,500,0.000,0.000,1.000,—,—,2.00,1.000,0.558,0.000
duo-tank-heal,35,1,solo,180,500,1.000,0.000,0.000,1.000,0.0,0.00,0.000,—,1.710
duo-tank-heal,35,1,solo,300,500,1.000,0.000,0.000,1.000,0.0,0.00,0.000,—,1.710
duo-tank-heal,35,1,pack,180,500,1.000,0.000,0.000,0.985,4.1,0.00,0.015,1.000,1.702
duo-tank-heal,35,1,pack,300,500,1.000,0.000,0.000,0.986,4.1,0.00,0.014,1.000,1.702
duo-tank-heal,35,1,boss,180,500,1.000,0.000,0.000,0.967,12.0,0.00,0.033,1.000,1.691
duo-tank-heal,35,1,boss,300,500,1.000,0.000,0.000,0.967,12.0,0.00,0.033,1.000,1.691
duo-tank-heal,35,2,solo,180,500,1.000,0.000,0.000,1.000,0.0,0.00,0.000,—,1.710
duo-tank-heal,35,2,solo,300,500,1.000,0.000,0.000,1.000,0.0,0.00,0.000,—,1.710
duo-tank-heal,35,2,pack,180,500,1.000,0.000,0.000,0.949,12.0,0.00,0.051,1.000,1.681
duo-tank-heal,35,2,pack,300,500,1.000,0.000,0.000,0.949,12.0,0.00,0.051,1.000,1.681
duo-tank-heal,35,2,boss,180,500,1.000,0.000,0.000,0.921,16.3,0.00,0.079,1.000,1.665
duo-tank-heal,35,2,boss,300,500,1.000,0.000,0.000,0.919,16.3,0.00,0.081,1.000,1.664
duo-tank-heal,35,3,solo,180,500,1.000,0.000,0.000,1.000,0.0,0.00,0.000,—,1.710
duo-tank-heal,35,3,solo,300,500,1.000,0.000,0.000,1.000,0.0,0.00,0.000,—,1.710
duo-tank-heal,35,3,pack,180,500,1.000,0.000,0.000,0.924,12.0,0.00,0.076,1.000,1.667
duo-tank-heal,35,3,pack,300,500,1.000,0.000,0.000,0.924,12.0,0.00,0.076,1.000,1.667
duo-tank-heal,35,3,boss,180,500,1.000,0.000,0.000,0.868,20.4,0.00,0.132,1.000,1.635
duo-tank-heal,35,3,boss,300,500,1.000,0.000,0.000,0.868,20.4,0.00,0.132,1.000,1.635
duo-tank-heal,35,4,solo,180,500,1.000,0.000,0.000,0.959,4.1,0.00,0.041,1.000,1.687
duo-tank-heal,35,4,solo,300,500,1.000,0.000,0.000,0.961,4.1,0.00,0.039,1.000,1.688
duo-tank-heal,35,4,pack,180,500,1.000,0.000,0.000,0.998,29.9,0.00,0.002,1.000,1.709
duo-tank-heal,35,4,pack,300,500,1.000,0.000,0.000,0.999,30.0,0.00,0.001,1.000,1.709
duo-tank-heal,35,4,boss,180,500,1.000,0.000,0.000,0.995,58.5,0.00,0.005,1.000,1.707
duo-tank-heal,35,4,boss,300,500,1.000,0.000,0.000,0.997,58.6,0.00,0.003,1.000,1.708
duo-tank-heal,35,5,solo,180,500,1.000,0.000,0.000,0.944,4.1,0.00,0.056,1.000,1.678
duo-tank-heal,35,5,solo,300,500,1.000,0.000,0.000,0.944,4.1,0.00,0.056,1.000,1.678
duo-tank-heal,35,5,pack,180,500,1.000,0.000,0.000,0.987,52.2,0.00,0.013,1.000,1.702
duo-tank-heal,35,5,pack,300,500,1.000,0.000,0.000,0.987,52.0,0.00,0.013,1.000,1.702
duo-tank-heal,35,5,boss,180,500,1.000,0.000,0.000,0.972,100.6,0.00,0.028,1.000,1.694
duo-tank-heal,35,5,boss,300,500,1.000,0.000,0.000,0.971,101.2,0.00,0.029,1.000,1.694
duo-tank-heal,35,6,solo,180,500,1.000,0.000,0.000,0.889,8.2,0.00,0.111,1.000,1.646
duo-tank-heal,35,6,solo,300,500,1.000,0.000,0.000,0.889,8.2,0.00,0.111,1.000,1.647
duo-tank-heal,35,6,pack,180,500,1.000,0.000,0.000,0.999,77.6,0.00,0.001,1.000,1.709
duo-tank-heal,35,6,pack,300,500,1.000,0.000,0.000,0.999,77.6,0.00,0.001,1.000,1.709
duo-tank-heal,35,6,boss,180,500,1.000,0.000,0.000,0.988,154.9,0.00,0.012,1.000,1.703
duo-tank-heal,35,6,boss,300,500,1.000,0.000,0.000,0.987,154.6,0.00,0.013,1.000,1.703
duo-tank-heal,35,7,solo,180,500,1.000,0.000,0.000,0.983,19.9,0.00,0.017,1.000,1.700
duo-tank-heal,35,7,solo,300,500,1.000,0.000,0.000,0.985,19.7,0.00,0.015,1.000,1.702
duo-tank-heal,35,7,pack,180,500,1.000,0.000,0.000,0.995,130.6,0.00,0.005,1.000,1.707
duo-tank-heal,35,7,pack,300,500,1.000,0.000,0.000,0.995,130.6,0.00,0.005,1.000,1.707
duo-tank-heal,35,7,boss,180,500,0.000,1.000,0.000,—,—,0.00,0.082,1.000,0.000
duo-tank-heal,35,7,boss,300,500,1.000,0.000,0.000,0.993,258.3,0.00,0.007,1.000,1.706
duo-tank-heal,35,8,solo,180,500,1.000,0.000,0.000,0.964,52.1,0.00,0.036,1.000,1.689
duo-tank-heal,35,8,solo,300,500,1.000,0.000,0.000,0.965,52.6,0.00,0.035,1.000,1.690
duo-tank-heal,35,8,pack,180,500,0.000,0.046,0.954,—,—,1.91,0.957,0.900,0.000
duo-tank-heal,35,8,pack,300,500,0.034,0.000,0.966,0.938,203.6,1.93,0.968,0.897,0.057
duo-tank-heal,35,8,boss,180,500,0.000,0.738,0.262,—,—,0.52,0.346,0.977,0.000
duo-tank-heal,35,8,boss,300,500,0.000,0.744,0.256,—,—,0.51,0.342,0.984,0.000
duo-tank-heal,50,1,solo,180,500,1.000,0.000,0.000,1.000,0.0,0.00,0.000,—,1.800
duo-tank-heal,50,1,solo,300,500,1.000,0.000,0.000,1.000,0.0,0.00,0.000,—,1.800
duo-tank-heal,50,1,pack,180,500,1.000,0.000,0.000,0.991,4.1,0.00,0.009,1.000,1.795
duo-tank-heal,50,1,pack,300,500,1.000,0.000,0.000,0.991,4.1,0.00,0.009,1.000,1.795
duo-tank-heal,50,1,boss,180,500,1.000,0.000,0.000,0.984,8.2,0.00,0.016,1.000,1.791
duo-tank-heal,50,1,boss,300,500,1.000,0.000,0.000,0.984,8.2,0.00,0.016,1.000,1.790
duo-tank-heal,50,2,solo,180,500,1.000,0.000,0.000,1.000,0.0,0.00,0.000,—,1.800
duo-tank-heal,50,2,solo,300,500,1.000,0.000,0.000,1.000,0.0,0.00,0.000,—,1.800
duo-tank-heal,50,2,pack,180,500,1.000,0.000,0.000,0.987,4.1,0.00,0.013,1.000,1.792
duo-tank-heal,50,2,pack,300,500,1.000,0.000,0.000,0.987,4.1,0.00,0.013,1.000,1.792
duo-tank-heal,50,2,boss,180,500,1.000,0.000,0.000,0.971,12.0,0.00,0.029,1.000,1.783
duo-tank-heal,50,2,boss,300,500,1.000,0.000,0.000,0.971,12.0,0.00,0.029,1.000,1.783
duo-tank-heal,50,3,solo,180,500,1.000,0.000,0.000,1.000,0.0,0.00,0.000,—,1.800
duo-tank-heal,50,3,solo,300,500,1.000,0.000,0.000,1.000,0.0,0.00,0.000,—,1.800
duo-tank-heal,50,3,pack,180,500,1.000,0.000,0.000,0.956,12.0,0.00,0.044,1.000,1.773
duo-tank-heal,50,3,pack,300,500,1.000,0.000,0.000,0.955,12.0,0.00,0.045,1.000,1.773
duo-tank-heal,50,3,boss,180,500,1.000,0.000,0.000,0.931,16.3,0.00,0.069,1.000,1.759
duo-tank-heal,50,3,boss,300,500,1.000,0.000,0.000,0.931,16.3,0.00,0.069,1.000,1.759
duo-tank-heal,50,4,solo,180,500,1.000,0.000,0.000,1.000,0.0,0.00,0.000,—,1.800
duo-tank-heal,50,4,solo,300,500,1.000,0.000,0.000,1.000,0.0,0.00,0.000,—,1.800
duo-tank-heal,50,4,pack,180,500,1.000,0.000,0.000,0.935,12.0,0.00,0.065,1.000,1.761
duo-tank-heal,50,4,pack,300,500,1.000,0.000,0.000,0.936,12.0,0.00,0.064,1.000,1.761
duo-tank-heal,50,4,boss,180,500,1.000,0.000,0.000,0.896,30.3,0.00,0.104,1.000,1.737
duo-tank-heal,50,4,boss,300,500,1.000,0.000,0.000,0.895,30.3,0.00,0.105,1.000,1.737
duo-tank-heal,50,5,solo,180,500,1.000,0.000,0.000,0.967,4.1,0.00,0.033,1.000,1.780
duo-tank-heal,50,5,solo,300,500,1.000,0.000,0.000,0.966,4.1,0.00,0.034,1.000,1.780
duo-tank-heal,50,5,pack,180,500,1.000,0.000,0.000,0.981,27.4,0.00,0.019,1.000,1.789
duo-tank-heal,50,5,pack,300,500,1.000,0.000,0.000,0.983,27.5,0.00,0.017,1.000,1.790
duo-tank-heal,50,5,boss,180,500,1.000,0.000,0.000,0.989,43.8,0.00,0.011,1.000,1.793
duo-tank-heal,50,5,boss,300,500,1.000,0.000,0.000,0.991,44.2,0.00,0.009,1.000,1.794
duo-tank-heal,50,6,solo,180,500,1.000,0.000,0.000,0.956,6.0,0.00,0.044,1.000,1.774
duo-tank-heal,50,6,solo,300,500,1.000,0.000,0.000,0.957,6.0,0.00,0.043,1.000,1.774
duo-tank-heal,50,6,pack,180,500,1.000,0.000,0.000,0.994,52.5,0.00,0.006,1.000,1.797
duo-tank-heal,50,6,pack,300,500,1.000,0.000,0.000,0.995,52.6,0.00,0.005,1.000,1.797
duo-tank-heal,50,6,boss,180,500,1.000,0.000,0.000,0.971,108.2,0.00,0.029,1.000,1.783
duo-tank-heal,50,6,boss,300,500,1.000,0.000,0.000,0.970,108.7,0.00,0.030,1.000,1.782
duo-tank-heal,50,7,solo,180,500,1.000,0.000,0.000,0.903,8.2,0.00,0.097,1.000,1.742
duo-tank-heal,50,7,solo,300,500,1.000,0.000,0.000,0.905,8.2,0.00,0.095,1.000,1.743
duo-tank-heal,50,7,pack,180,500,1.000,0.000,0.000,0.997,92.6,0.00,0.003,1.000,1.798
duo-tank-heal,50,7,pack,300,500,1.000,0.000,0.000,0.997,91.9,0.00,0.003,1.000,1.798
duo-tank-heal,50,7,boss,180,500,0.918,0.082,0.000,0.992,166.6,0.00,0.012,1.000,1.648
duo-tank-heal,50,7,boss,300,500,1.000,0.000,0.000,0.991,168.4,0.00,0.009,1.000,1.795
duo-tank-heal,50,8,solo,180,500,1.000,0.000,0.000,0.948,23.3,0.00,0.052,1.000,1.769
duo-tank-heal,50,8,solo,300,500,1.000,0.000,0.000,0.950,23.5,0.00,0.050,1.000,1.770
duo-tank-heal,50,8,pack,180,500,1.000,0.000,0.000,0.956,148.8,0.00,0.044,1.000,1.774
duo-tank-heal,50,8,pack,300,500,1.000,0.000,0.000,0.955,148.3,0.00,0.045,1.000,1.773
duo-tank-heal,50,8,boss,180,500,0.000,1.000,0.000,—,—,0.00,0.071,1.000,0.000
duo-tank-heal,50,8,boss,300,500,1.000,0.000,0.000,0.999,286.7,0.00,0.001,1.000,1.799
solo-tank,1,1,solo,180,500,1.000,0.000,0.000,0.408,30.0,0.00,0.592,1.000,1.209
solo-tank,1,1,solo,300,500,1.000,0.000,0.000,0.412,30.0,0.00,0.588,1.000,1.211
solo-tank,1,1,pack,180,500,0.000,0.000,1.000,—,—,1.00,1.000,1.000,0.000
solo-tank,1,1,pack,300,500,0.000,0.000,1.000,—,—,1.00,1.000,1.000,0.000
solo-tank,1,1,boss,180,500,0.000,0.000,1.000,—,—,1.00,1.000,1.000,0.000
solo-tank,1,1,boss,300,500,0.000,0.000,1.000,—,—,1.00,1.000,1.000,0.000
solo-tank,1,2,solo,180,500,0.000,0.000,1.000,—,—,1.00,1.000,1.000,0.000
solo-tank,1,2,solo,300,500,0.000,0.000,1.000,—,—,1.00,1.000,1.000,0.000
solo-tank,1,2,pack,180,500,0.000,0.000,1.000,—,—,1.00,1.000,1.000,0.000
solo-tank,1,2,pack,300,500,0.000,0.000,1.000,—,—,1.00,1.000,1.000,0.000
solo-tank,1,2,boss,180,500,0.000,0.000,1.000,—,—,1.00,1.000,1.000,0.000
solo-tank,1,2,boss,300,500,0.000,0.000,1.000,—,—,1.00,1.000,1.000,0.000
solo-tank,1,3,solo,180,500,0.000,0.000,1.000,—,—,1.00,1.000,1.000,0.000
solo-tank,1,3,solo,300,500,0.000,0.000,1.000,—,—,1.00,1.000,1.000,0.000
solo-tank,1,3,pack,180,500,0.000,0.000,1.000,—,—,1.00,1.000,1.000,0.000
solo-tank,1,3,pack,300,500,0.000,0.000,1.000,—,—,1.00,1.000,1.000,0.000
solo-tank,1,3,boss,180,500,0.000,0.000,1.000,—,—,1.00,1.000,1.000,0.000
solo-tank,1,3,boss,300,500,0.000,0.000,1.000,—,—,1.00,1.000,1.000,0.000
solo-tank,1,4,solo,180,500,0.000,0.000,1.000,—,—,1.00,1.000,1.000,0.000
solo-tank,1,4,solo,300,500,0.000,0.000,1.000,—,—,1.00,1.000,1.000,0.000
solo-tank,1,4,pack,180,500,0.000,0.000,1.000,—,—,1.00,1.000,1.000,0.000
solo-tank,1,4,pack,300,500,0.000,0.000,1.000,—,—,1.00,1.000,1.000,0.000
solo-tank,1,4,boss,180,500,0.000,0.000,1.000,—,—,1.00,1.000,1.000,0.000
solo-tank,1,4,boss,300,500,0.000,0.000,1.000,—,—,1.00,1.000,1.000,0.000
solo-tank,1,5,solo,180,500,0.000,0.000,1.000,—,—,1.00,1.000,1.000,0.000
solo-tank,1,5,solo,300,500,0.000,0.000,1.000,—,—,1.00,1.000,1.000,0.000
solo-tank,1,5,pack,180,500,0.000,0.000,1.000,—,—,1.00,1.000,1.000,0.000
solo-tank,1,5,pack,300,500,0.000,0.000,1.000,—,—,1.00,1.000,1.000,0.000
solo-tank,1,5,boss,180,500,0.000,0.000,1.000,—,—,1.00,1.000,1.000,0.000
solo-tank,1,5,boss,300,500,0.000,0.000,1.000,—,—,1.00,1.000,1.000,0.000
solo-tank,1,6,solo,180,500,0.000,0.000,1.000,—,—,1.00,1.000,1.000,0.000
solo-tank,1,6,solo,300,500,0.000,0.000,1.000,—,—,1.00,1.000,1.000,0.000
solo-tank,1,6,pack,180,500,0.000,0.000,1.000,—,—,1.00,1.000,1.000,0.000
solo-tank,1,6,pack,300,500,0.000,0.000,1.000,—,—,1.00,1.000,1.000,0.000
solo-tank,1,6,boss,180,500,0.000,0.000,1.000,—,—,1.00,1.000,1.000,0.000
solo-tank,1,6,boss,300,500,0.000,0.000,1.000,—,—,1.00,1.000,1.000,0.000
solo-tank,1,7,solo,180,500,0.000,0.000,1.000,—,—,1.00,1.000,1.000,0.000
solo-tank,1,7,solo,300,500,0.000,0.000,1.000,—,—,1.00,1.000,1.000,0.000
solo-tank,1,7,pack,180,500,0.000,0.000,1.000,—,—,1.00,1.000,1.000,0.000
solo-tank,1,7,pack,300,500,0.000,0.000,1.000,—,—,1.00,1.000,1.000,0.000
solo-tank,1,7,boss,180,500,0.000,0.000,1.000,—,—,1.00,1.000,1.000,0.000
solo-tank,1,7,boss,300,500,0.000,0.000,1.000,—,—,1.00,1.000,1.000,0.000
solo-tank,1,8,solo,180,500,0.000,0.000,1.000,—,—,1.00,1.000,1.000,0.000
solo-tank,1,8,solo,300,500,0.000,0.000,1.000,—,—,1.00,1.000,1.000,0.000
solo-tank,1,8,pack,180,500,0.000,0.000,1.000,—,—,1.00,1.000,1.000,0.000
solo-tank,1,8,pack,300,500,0.000,0.000,1.000,—,—,1.00,1.000,1.000,0.000
solo-tank,1,8,boss,180,500,0.000,0.000,1.000,—,—,1.00,1.000,1.000,0.000
solo-tank,1,8,boss,300,500,0.000,0.000,1.000,—,—,1.00,1.000,1.000,0.000
solo-tank,5,1,solo,180,500,1.000,0.000,0.000,0.799,18.0,0.00,0.201,1.000,1.428
solo-tank,5,1,solo,300,500,1.000,0.000,0.000,0.800,18.0,0.00,0.200,1.000,1.428
solo-tank,5,1,pack,180,500,0.000,0.000,1.000,—,—,1.00,1.000,1.000,0.000
solo-tank,5,1,pack,300,500,0.000,0.000,1.000,—,—,1.00,1.000,1.000,0.000
solo-tank,5,1,boss,180,500,0.000,0.000,1.000,—,—,1.00,1.000,1.000,0.000
solo-tank,5,1,boss,300,500,0.000,0.000,1.000,—,—,1.00,1.000,1.000,0.000
solo-tank,5,2,solo,180,500,1.000,0.000,0.000,0.544,24.0,0.00,0.456,1.000,1.298
solo-tank,5,2,solo,300,500,1.000,0.000,0.000,0.546,24.0,0.00,0.454,1.000,1.298
solo-tank,5,2,pack,180,500,0.000,0.000,1.000,—,—,1.00,1.000,1.000,0.000
solo-tank,5,2,pack,300,500,0.000,0.000,1.000,—,—,1.00,1.000,1.000,0.000
solo-tank,5,2,boss,180,500,0.000,0.000,1.000,—,—,1.00,1.000,1.000,0.000
solo-tank,5,2,boss,300,500,0.000,0.000,1.000,—,—,1.00,1.000,1.000,0.000
solo-tank,5,3,solo,180,500,0.046,0.000,0.954,0.103,36.0,0.95,0.995,1.000,0.049
solo-tank,5,3,solo,300,500,0.056,0.000,0.944,0.090,36.0,0.94,0.995,1.000,0.060
solo-tank,5,3,pack,180,500,0.000,0.000,1.000,—,—,1.00,1.000,1.000,0.000
solo-tank,5,3,pack,300,500,0.000,0.000,1.000,—,—,1.00,1.000,1.000,0.000
solo-tank,5,3,boss,180,500,0.000,0.000,1.000,—,—,1.00,1.000,1.000,0.000
solo-tank,5,3,boss,300,500,0.000,0.000,1.000,—,—,1.00,1.000,1.000,0.000
solo-tank,5,4,solo,180,500,0.000,0.000,1.000,—,—,1.00,1.000,1.000,0.000
solo-tank,5,4,solo,300,500,0.000,0.000,1.000,—,—,1.00,1.000,1.000,0.000
solo-tank,5,4,pack,180,500,0.000,0.000,1.000,—,—,1.00,1.000,1.000,0.000
solo-tank,5,4,pack,300,500,0.000,0.000,1.000,—,—,1.00,1.000,1.000,0.000
solo-tank,5,4,boss,180,500,0.000,0.000,1.000,—,—,1.00,1.000,1.000,0.000
solo-tank,5,4,boss,300,500,0.000,0.000,1.000,—,—,1.00,1.000,1.000,0.000
solo-tank,5,5,solo,180,500,0.000,0.000,1.000,—,—,1.00,1.000,1.000,0.000
solo-tank,5,5,solo,300,500,0.000,0.000,1.000,—,—,1.00,1.000,1.000,0.000
solo-tank,5,5,pack,180,500,0.000,0.000,1.000,—,—,1.00,1.000,1.000,0.000
solo-tank,5,5,pack,300,500,0.000,0.000,1.000,—,—,1.00,1.000,1.000,0.000
solo-tank,5,5,boss,180,500,0.000,0.000,1.000,—,—,1.00,1.000,1.000,0.000
solo-tank,5,5,boss,300,500,0.000,0.000,1.000,—,—,1.00,1.000,1.000,0.000
solo-tank,5,6,solo,180,500,0.000,0.000,1.000,—,—,1.00,1.000,1.000,0.000
solo-tank,5,6,solo,300,500,0.000,0.000,1.000,—,—,1.00,1.000,1.000,0.000
solo-tank,5,6,pack,180,500,0.000,0.000,1.000,—,—,1.00,1.000,1.000,0.000
solo-tank,5,6,pack,300,500,0.000,0.000,1.000,—,—,1.00,1.000,1.000,0.000
solo-tank,5,6,boss,180,500,0.000,0.000,1.000,—,—,1.00,1.000,1.000,0.000
solo-tank,5,6,boss,300,500,0.000,0.000,1.000,—,—,1.00,1.000,1.000,0.000
solo-tank,5,7,solo,180,500,0.000,0.000,1.000,—,—,1.00,1.000,1.000,0.000
solo-tank,5,7,solo,300,500,0.000,0.000,1.000,—,—,1.00,1.000,1.000,0.000
solo-tank,5,7,pack,180,500,0.000,0.000,1.000,—,—,1.00,1.000,1.000,0.000
solo-tank,5,7,pack,300,500,0.000,0.000,1.000,—,—,1.00,1.000,1.000,0.000
solo-tank,5,7,boss,180,500,0.000,0.000,1.000,—,—,1.00,1.000,1.000,0.000
solo-tank,5,7,boss,300,500,0.000,0.000,1.000,—,—,1.00,1.000,1.000,0.000
solo-tank,5,8,solo,180,500,0.000,0.000,1.000,—,—,1.00,1.000,1.000,0.000
solo-tank,5,8,solo,300,500,0.000,0.000,1.000,—,—,1.00,1.000,1.000,0.000
solo-tank,5,8,pack,180,500,0.000,0.000,1.000,—,—,1.00,1.000,1.000,0.000
solo-tank,5,8,pack,300,500,0.000,0.000,1.000,—,—,1.00,1.000,1.000,0.000
solo-tank,5,8,boss,180,500,0.000,0.000,1.000,—,—,1.00,1.000,1.000,0.000
solo-tank,5,8,boss,300,500,0.000,0.000,1.000,—,—,1.00,1.000,1.000,0.000
solo-tank,10,1,solo,180,500,1.000,0.000,0.000,0.969,6.0,0.00,0.031,1.000,1.544
solo-tank,10,1,solo,300,500,1.000,0.000,0.000,0.969,6.0,0.00,0.031,1.000,1.544
solo-tank,10,1,pack,180,500,1.000,0.000,0.000,0.525,30.0,0.00,0.475,1.000,1.313
solo-tank,10,1,pack,300,500,1.000,0.000,0.000,0.521,30.0,0.00,0.479,1.000,1.311
solo-tank,10,1,boss,180,500,1.000,0.000,0.000,0.160,66.0,0.00,0.840,1.000,1.123
solo-tank,10,1,boss,300,500,1.000,0.000,0.000,0.163,66.0,0.00,0.837,1.000,1.125
solo-tank,10,2,solo,180,500,1.000,0.000,0.000,0.870,12.0,0.00,0.130,1.000,1.492
solo-tank,10,2,solo,300,500,1.000,0.000,0.000,0.871,12.0,0.00,0.129,1.000,1.493
solo-tank,10,2,pack,180,500,0.000,0.000,1.000,—,—,1.00,1.000,1.000,0.000
solo-tank,10,2,pack,300,500,0.000,0.000,1.000,—,—,1.00,1.000,1.000,0.000
solo-tank,10,2,boss,180,500,0.000,0.000,1.000,—,—,1.00,1.000,1.000,0.000
solo-tank,10,2,boss,300,500,0.000,0.000,1.000,—,—,1.00,1.000,1.000,0.000
solo-tank,10,3,solo,180,500,1.000,0.000,0.000,0.666,18.0,0.00,0.334,1.000,1.386
solo-tank,10,3,solo,300,500,1.000,0.000,0.000,0.666,18.0,0.00,0.334,1.000,1.386
solo-tank,10,3,pack,180,500,0.000,0.000,1.000,—,—,1.00,1.000,1.000,0.000
solo-tank,10,3,pack,300,500,0.000,0.000,1.000,—,—,1.00,1.000,1.000,0.000
solo-tank,10,3,boss,180,500,0.000,0.000,1.000,—,—,1.00,1.000,1.000,0.000
solo-tank,10,3,boss,300,500,0.000,0.000,1.000,—,—,1.00,1.000,1.000,0.000
solo-tank,10,4,solo,180,500,1.000,0.000,0.000,0.145,30.0,0.00,0.855,1.000,1.116
solo-tank,10,4,solo,300,500,1.000,0.000,0.000,0.136,30.0,0.00,0.864,1.000,1.111
solo-tank,10,4,pack,180,500,0.000,0.000,1.000,—,—,1.00,1.000,1.000,0.000
solo-tank,10,4,pack,300,500,0.000,0.000,1.000,—,—,1.00,1.000,1.000,0.000
solo-tank,10,4,boss,180,500,0.000,0.000,1.000,—,—,1.00,1.000,1.000,0.000
solo-tank,10,4,boss,300,500,0.000,0.000,1.000,—,—,1.00,1.000,1.000,0.000
solo-tank,10,5,solo,180,500,0.000,0.000,1.000,—,—,1.00,1.000,1.000,0.000
solo-tank,10,5,solo,300,500,0.000,0.000,1.000,—,—,1.00,1.000,1.000,0.000
solo-tank,10,5,pack,180,500,0.000,0.000,1.000,—,—,1.00,1.000,1.000,0.000
solo-tank,10,5,pack,300,500,0.000,0.000,1.000,—,—,1.00,1.000,1.000,0.000
solo-tank,10,5,boss,180,500,0.000,0.000,1.000,—,—,1.00,1.000,1.000,0.000
solo-tank,10,5,boss,300,500,0.000,0.000,1.000,—,—,1.00,1.000,1.000,0.000
solo-tank,10,6,solo,180,500,0.000,0.000,1.000,—,—,1.00,1.000,1.000,0.000
solo-tank,10,6,solo,300,500,0.000,0.000,1.000,—,—,1.00,1.000,1.000,0.000
solo-tank,10,6,pack,180,500,0.000,0.000,1.000,—,—,1.00,1.000,1.000,0.000
solo-tank,10,6,pack,300,500,0.000,0.000,1.000,—,—,1.00,1.000,1.000,0.000
solo-tank,10,6,boss,180,500,0.000,0.000,1.000,—,—,1.00,1.000,1.000,0.000
solo-tank,10,6,boss,300,500,0.000,0.000,1.000,—,—,1.00,1.000,1.000,0.000
solo-tank,10,7,solo,180,500,0.000,0.000,1.000,—,—,1.00,1.000,1.000,0.000
solo-tank,10,7,solo,300,500,0.000,0.000,1.000,—,—,1.00,1.000,1.000,0.000
solo-tank,10,7,pack,180,500,0.000,0.000,1.000,—,—,1.00,1.000,1.000,0.000
solo-tank,10,7,pack,300,500,0.000,0.000,1.000,—,—,1.00,1.000,1.000,0.000
solo-tank,10,7,boss,180,500,0.000,0.000,1.000,—,—,1.00,1.000,1.000,0.000
solo-tank,10,7,boss,300,500,0.000,0.000,1.000,—,—,1.00,1.000,1.000,0.000
solo-tank,10,8,solo,180,500,0.000,0.000,1.000,—,—,1.00,1.000,1.000,0.000
solo-tank,10,8,solo,300,500,0.000,0.000,1.000,—,—,1.00,1.000,1.000,0.000
solo-tank,10,8,pack,180,500,0.000,0.000,1.000,—,—,1.00,1.000,1.000,0.000
solo-tank,10,8,pack,300,500,0.000,0.000,1.000,—,—,1.00,1.000,1.000,0.000
solo-tank,10,8,boss,180,500,0.000,0.000,1.000,—,—,1.00,1.000,1.000,0.000
solo-tank,10,8,boss,300,500,0.000,0.000,1.000,—,—,1.00,1.000,1.000,0.000
solo-tank,20,1,solo,180,500,1.000,0.000,0.000,0.999,6.0,0.00,0.001,1.000,1.620
solo-tank,20,1,solo,300,500,1.000,0.000,0.000,0.999,6.0,0.00,0.001,1.000,1.620
solo-tank,20,1,pack,180,500,1.000,0.000,0.000,0.844,30.0,0.00,0.156,1.000,1.536
solo-tank,20,1,pack,300,500,1.000,0.000,0.000,0.844,30.0,0.00,0.156,1.000,1.536
solo-tank,20,1,boss,180,500,1.000,0.000,0.000,0.845,42.0,0.00,0.155,1.000,1.537
solo-tank,20,1,boss,300,500,1.000,0.000,0.000,0.847,42.0,0.00,0.153,1.000,1.537
solo-tank,20,2,solo,180,500,1.000,0.000,0.000,0.986,6.0,0.00,0.014,1.000,1.612
solo-tank,20,2,solo,300,500,1.000,0.000,0.000,0.985,6.0,0.00,0.015,1.000,1.612
solo-tank,20,2,pack,180,500,1.000,0.000,0.000,0.673,30.0,0.00,0.327,1.000,1.443
solo-tank,20,2,pack,300,500,1.000,0.000,0.000,0.676,30.0,0.00,0.324,1.000,1.445
solo-tank,20,2,boss,180,500,1.000,0.000,0.000,0.516,60.0,0.00,0.484,1.000,1.359
solo-tank,20,2,boss,300,500,1.000,0.000,0.000,0.519,60.0,0.00,0.481,1.000,1.361
solo-tank,20,3,solo,180,500,1.000,0.000,0.000,0.920,12.0,0.00,0.080,1.000,1.577
solo-tank,20,3,solo,300,500,1.000,0.000,0.000,0.919,12.0,0.00,0.081,1.000,1.576
solo-tank,20,3,pack,180,500,0.550,0.000,0.450,0.098,48.0,0.45,0.946,1.000,0.623
solo-tank,20,3,pack,300,500,0.548,0.000,0.452,0.097,48.0,0.45,0.947,1.000,0.621
solo-tank,20,3,boss,180,500,0.032,0.000,0.968,0.081,78.0,0.97,0.997,1.000,0.036
solo-tank,20,3,boss,300,500,0.050,0.000,0.950,0.085,78.0,0.95,0.996,1.000,0.056
solo-tank,20,4,solo,180,500,1.000,0.000,0.000,0.776,18.0,0.00,0.224,1.000,1.499
solo-tank,20,4,solo,300,500,1.000,0.000,0.000,0.778,18.0,0.00,0.222,1.000,1.500
solo-tank,20,4,pack,180,500,0.000,0.000,1.000,—,—,1.00,1.000,1.000,0.000
solo-tank,20,4,pack,300,500,0.000,0.000,1.000,—,—,1.00,1.000,1.000,0.000
solo-tank,20,4,boss,180,500,0.000,0.000,1.000,—,—,1.00,1.000,1.000,0.000
solo-tank,20,4,boss,300,500,0.000,0.000,1.000,—,—,1.00,1.000,1.000,0.000
solo-tank,20,5,solo,180,500,1.000,0.000,0.000,0.390,30.0,0.00,0.610,1.000,1.290
solo-tank,20,5,solo,300,500,1.000,0.000,0.000,0.390,30.0,0.00,0.610,1.000,1.290
solo-tank,20,5,pack,180,500,0.000,0.000,1.000,—,—,1.00,1.000,1.000,0.000
solo-tank,20,5,pack,300,500,0.000,0.000,1.000,—,—,1.00,1.000,1.000,0.000
solo-tank,20,5,boss,180,500,0.000,0.000,1.000,—,—,1.00,1.000,1.000,0.000
solo-tank,20,5,boss,300,500,0.000,0.000,1.000,—,—,1.00,1.000,1.000,0.000
solo-tank,20,6,solo,180,500,0.000,0.000,1.000,—,—,1.00,1.000,1.000,0.000
solo-tank,20,6,solo,300,500,0.006,0.000,0.994,0.108,42.0,0.99,0.999,1.000,0.007
solo-tank,20,6,pack,180,500,0.000,0.000,1.000,—,—,1.00,1.000,1.000,0.000
solo-tank,20,6,pack,300,500,0.000,0.000,1.000,—,—,1.00,1.000,1.000,0.000
solo-tank,20,6,boss,180,500,0.000,0.000,1.000,—,—,1.00,1.000,1.000,0.000
solo-tank,20,6,boss,300,500,0.000,0.000,1.000,—,—,1.00,1.000,1.000,0.000
solo-tank,20,7,solo,180,500,0.000,0.000,1.000,—,—,1.00,1.000,1.000,0.000
solo-tank,20,7,solo,300,500,0.000,0.000,1.000,—,—,1.00,1.000,1.000,0.000
solo-tank,20,7,pack,180,500,0.000,0.000,1.000,—,—,1.00,1.000,1.000,0.000
solo-tank,20,7,pack,300,500,0.000,0.000,1.000,—,—,1.00,1.000,1.000,0.000
solo-tank,20,7,boss,180,500,0.000,0.000,1.000,—,—,1.00,1.000,1.000,0.000
solo-tank,20,7,boss,300,500,0.000,0.000,1.000,—,—,1.00,1.000,1.000,0.000
solo-tank,20,8,solo,180,500,0.000,0.000,1.000,—,—,1.00,1.000,1.000,0.000
solo-tank,20,8,solo,300,500,0.000,0.000,1.000,—,—,1.00,1.000,1.000,0.000
solo-tank,20,8,pack,180,500,0.000,0.000,1.000,—,—,1.00,1.000,1.000,0.000
solo-tank,20,8,pack,300,500,0.000,0.000,1.000,—,—,1.00,1.000,1.000,0.000
solo-tank,20,8,boss,180,500,0.000,0.000,1.000,—,—,1.00,1.000,1.000,0.000
solo-tank,20,8,boss,300,500,0.000,0.000,1.000,—,—,1.00,1.000,1.000,0.000
solo-tank,35,1,solo,180,500,1.000,0.000,0.000,1.000,0.0,0.00,0.000,—,1.710
solo-tank,35,1,solo,300,500,1.000,0.000,0.000,1.000,0.0,0.00,0.000,—,1.710
solo-tank,35,1,pack,180,500,1.000,0.000,0.000,1.000,12.0,0.00,0.000,1.000,1.710
solo-tank,35,1,pack,300,500,1.000,0.000,0.000,1.000,12.0,0.00,0.000,1.000,1.710
solo-tank,35,1,boss,180,500,1.000,0.000,0.000,1.000,30.0,0.00,0.000,1.000,1.710
solo-tank,35,1,boss,300,500,1.000,0.000,0.000,1.000,30.0,0.00,0.000,1.000,1.710
solo-tank,35,2,solo,180,500,1.000,0.000,0.000,1.000,6.0,0.00,0.000,1.000,1.710
solo-tank,35,2,solo,300,500,1.000,0.000,0.000,1.000,6.0,0.00,0.000,1.000,1.710
solo-tank,35,2,pack,180,500,1.000,0.000,0.000,0.942,30.0,0.00,0.058,1.000,1.677
solo-tank,35,2,pack,300,500,1.000,0.000,0.000,0.942,30.0,0.00,0.058,1.000,1.677
solo-tank,35,2,boss,180,500,1.000,0.000,0.000,0.969,42.0,0.00,0.031,1.000,1.692
solo-tank,35,2,boss,300,500,1.000,0.000,0.000,0.970,42.0,0.00,0.030,1.000,1.693
solo-tank,35,3,solo,180,500,1.000,0.000,0.000,0.997,6.0,0.00,0.003,1.000,1.708
solo-tank,35,3,solo,300,500,1.000,0.000,0.000,0.997,6.0,0.00,0.003,1.000,1.708
solo-tank,35,3,pack,180,500,1.000,0.000,0.000,0.822,30.0,0.00,0.178,1.000,1.609
solo-tank,35,3,pack,300,500,1.000,0.000,0.000,0.822,30.0,0.00,0.178,1.000,1.608
solo-tank,35,3,boss,180,500,1.000,0.000,0.000,0.792,54.0,0.00,0.208,1.000,1.591
solo-tank,35,3,boss,300,500,1.000,0.000,0.000,0.794,54.0,0.00,0.206,1.000,1.592
solo-tank,35,4,solo,180,500,1.000,0.000,0.000,0.967,12.0,0.00,0.033,1.000,1.691
solo-tank,35,4,solo,300,500,1.000,0.000,0.000,0.966,12.0,0.00,0.034,1.000,1.690
solo-tank,35,4,pack,180,500,1.000,0.000,0.000,0.437,48.0,0.00,0.563,1.000,1.389
solo-tank,35,4,pack,300,500,1.000,0.000,0.000,0.433,48.0,0.00,0.567,1.000,1.387
solo-tank,35,4,boss,180,500,1.000,0.000,0.000,0.358,78.0,0.00,0.642,1.000,1.344
solo-tank,35,4,boss,300,500,1.000,0.000,0.000,0.354,78.0,0.00,0.646,1.000,1.342
solo-tank,35,5,solo,180,500,1.000,0.000,0.000,0.878,18.0,0.00,0.122,1.000,1.641
solo-tank,35,5,solo,300,500,1.000,0.000,0.000,0.877,18.0,0.00,0.123,1.000,1.640
solo-tank,35,5,pack,180,500,0.000,0.000,1.000,—,—,1.00,1.000,1.000,0.000
solo-tank,35,5,pack,300,500,0.000,0.000,1.000,—,—,1.00,1.000,1.000,0.000
solo-tank,35,5,boss,180,500,0.000,0.000,1.000,—,—,1.00,1.000,1.000,0.000
solo-tank,35,5,boss,300,500,0.000,0.000,1.000,—,—,1.00,1.000,1.000,0.000
solo-tank,35,6,solo,180,500,1.000,0.000,0.000,0.692,24.0,0.00,0.308,1.000,1.534
solo-tank,35,6,solo,300,500,1.000,0.000,0.000,0.690,24.0,0.00,0.310,1.000,1.533
solo-tank,35,6,pack,180,500,0.000,0.000,1.000,—,—,1.00,1.000,1.000,0.000
solo-tank,35,6,pack,300,500,0.000,0.000,1.000,—,—,1.00,1.000,1.000,0.000
solo-tank,35,6,boss,180,500,0.000,0.000,1.000,—,—,1.00,1.000,1.000,0.000
solo-tank,35,6,boss,300,500,0.000,0.000,1.000,—,—,1.00,1.000,1.000,0.000
solo-tank,35,7,solo,180,500,0.826,0.000,0.174,0.155,42.0,0.17,0.872,1.000,1.014
solo-tank,35,7,solo,300,500,0.818,0.000,0.182,0.157,42.0,0.18,0.872,1.000,1.006
solo-tank,35,7,pack,180,500,0.000,0.000,1.000,—,—,1.00,1.000,1.000,0.000
solo-tank,35,7,pack,300,500,0.000,0.000,1.000,—,—,1.00,1.000,1.000,0.000
solo-tank,35,7,boss,180,500,0.000,0.000,1.000,—,—,1.00,1.000,1.000,0.000
solo-tank,35,7,boss,300,500,0.000,0.000,1.000,—,—,1.00,1.000,1.000,0.000
solo-tank,35,8,solo,180,500,0.000,0.000,1.000,—,—,1.00,1.000,1.000,0.000
solo-tank,35,8,solo,300,500,0.000,0.000,1.000,—,—,1.00,1.000,1.000,0.000
solo-tank,35,8,pack,180,500,0.000,0.000,1.000,—,—,1.00,1.000,1.000,0.000
solo-tank,35,8,pack,300,500,0.000,0.000,1.000,—,—,1.00,1.000,1.000,0.000
solo-tank,35,8,boss,180,500,0.000,0.000,1.000,—,—,1.00,1.000,1.000,0.000
solo-tank,35,8,boss,300,500,0.000,0.000,1.000,—,—,1.00,1.000,1.000,0.000
solo-tank,50,1,solo,180,500,1.000,0.000,0.000,1.000,0.0,0.00,0.000,—,1.800
solo-tank,50,1,solo,300,500,1.000,0.000,0.000,1.000,0.0,0.00,0.000,—,1.800
solo-tank,50,1,pack,180,500,1.000,0.000,0.000,1.000,12.0,0.00,0.000,1.000,1.800
solo-tank,50,1,pack,300,500,1.000,0.000,0.000,1.000,12.0,0.00,0.000,1.000,1.800
solo-tank,50,1,boss,180,500,1.000,0.000,0.000,1.000,24.0,0.00,0.000,1.000,1.800
solo-tank,50,1,boss,300,500,1.000,0.000,0.000,1.000,24.0,0.00,0.000,1.000,1.800
solo-tank,50,2,solo,180,500,1.000,0.000,0.000,1.000,0.0,0.00,0.000,—,1.800
solo-tank,50,2,solo,300,500,1.000,0.000,0.000,1.000,0.0,0.00,0.000,—,1.800
solo-tank,50,2,pack,180,500,1.000,0.000,0.000,1.000,12.0,0.00,0.000,1.000,1.800
solo-tank,50,2,pack,300,500,1.000,0.000,0.000,1.000,12.0,0.00,0.000,1.000,1.800
solo-tank,50,2,boss,180,500,1.000,0.000,0.000,1.000,30.0,0.00,0.000,1.000,1.800
solo-tank,50,2,boss,300,500,1.000,0.000,0.000,1.000,30.0,0.00,0.000,1.000,1.800
solo-tank,50,3,solo,180,500,1.000,0.000,0.000,1.000,6.0,0.00,0.000,1.000,1.800
solo-tank,50,3,solo,300,500,1.000,0.000,0.000,1.000,6.0,0.00,0.000,1.000,1.800
solo-tank,50,3,pack,180,500,1.000,0.000,0.000,0.979,30.0,0.00,0.021,1.000,1.787
solo-tank,50,3,pack,300,500,1.000,0.000,0.000,0.979,30.0,0.00,0.021,1.000,1.787
solo-tank,50,3,boss,180,500,1.000,0.000,0.000,0.996,42.0,0.00,0.004,1.000,1.798
solo-tank,50,3,boss,300,500,1.000,0.000,0.000,0.996,42.0,0.00,0.004,1.000,1.797
solo-tank,50,4,solo,180,500,1.000,0.000,0.000,1.000,6.0,0.00,0.000,1.000,1.800
solo-tank,50,4,solo,300,500,1.000,0.000,0.000,1.000,6.0,0.00,0.000,1.000,1.800
solo-tank,50,4,pack,180,500,1.000,0.000,0.000,0.885,30.0,0.00,0.115,1.000,1.731
solo-tank,50,4,pack,300,500,1.000,0.000,0.000,0.882,30.0,0.00,0.118,1.000,1.729
solo-tank,50,4,boss,180,500,1.000,0.000,0.000,0.859,60.0,0.00,0.141,1.000,1.715
solo-tank,50,4,boss,300,500,1.000,0.000,0.000,0.863,60.0,0.00,0.137,1.000,1.718
solo-tank,50,5,solo,180,500,1.000,0.000,0.000,0.983,12.0,0.00,0.017,1.000,1.790
solo-tank,50,5,solo,300,500,1.000,0.000,0.000,0.982,12.0,0.00,0.018,1.000,1.789
solo-tank,50,5,pack,180,500,1.000,0.000,0.000,0.554,48.0,0.00,0.446,1.000,1.532
solo-tank,50,5,pack,300,500,1.000,0.000,0.000,0.559,48.0,0.00,0.441,1.000,1.535
solo-tank,50,5,boss,180,500,1.000,0.000,0.000,0.476,84.0,0.00,0.524,1.000,1.486
solo-tank,50,5,boss,300,500,1.000,0.000,0.000,0.473,84.0,0.00,0.527,1.000,1.484
solo-tank,50,6,solo,180,500,1.000,0.000,0.000,0.909,18.0,0.00,0.091,1.000,1.746
solo-tank,50,6,solo,300,500,1.000,0.000,0.000,0.909,18.0,0.00,0.091,1.000,1.745
solo-tank,50,6,pack,180,500,0.026,0.000,0.974,0.078,66.0,0.97,0.998,1.000,0.032
solo-tank,50,6,pack,300,500,0.026,0.000,0.974,0.078,66.0,0.97,0.998,1.000,0.032
solo-tank,50,6,boss,180,500,0.000,0.000,1.000,—,—,1.00,1.000,1.000,0.000
solo-tank,50,6,boss,300,500,0.000,0.000,1.000,—,—,1.00,1.000,1.000,0.000
solo-tank,50,7,solo,180,500,1.000,0.000,0.000,0.700,30.0,0.00,0.300,1.000,1.620
solo-tank,50,7,solo,300,500,1.000,0.000,0.000,0.699,30.0,0.00,0.301,1.000,1.619
solo-tank,50,7,pack,180,500,0.000,0.000,1.000,—,—,1.00,1.000,1.000,0.000
solo-tank,50,7,pack,300,500,0.000,0.000,1.000,—,—,1.00,1.000,1.000,0.000
solo-tank,50,7,boss,180,500,0.000,0.000,1.000,—,—,1.00,1.000,1.000,0.000
solo-tank,50,7,boss,300,500,0.000,0.000,1.000,—,—,1.00,1.000,1.000,0.000
solo-tank,50,8,solo,180,500,0.880,0.000,0.120,0.195,48.0,0.12,0.828,1.000,1.159
solo-tank,50,8,solo,300,500,0.898,0.000,0.102,0.192,48.0,0.10,0.828,1.000,1.181
solo-tank,50,8,pack,180,500,0.000,0.000,1.000,—,—,1.00,1.000,1.000,0.000
solo-tank,50,8,pack,300,500,0.000,0.000,1.000,—,—,1.00,1.000,1.000,0.000
solo-tank,50,8,boss,180,500,0.000,0.000,1.000,—,—,1.00,1.000,1.000,0.000
solo-tank,50,8,boss,300,500,0.000,0.000,1.000,—,—,1.00,1.000,1.000,0.000
solo-dps,1,1,solo,180,500,1.000,0.000,0.000,0.486,8.2,0.00,0.514,—,1.248
solo-dps,1,1,solo,300,500,1.000,0.000,0.000,0.492,8.2,0.00,0.508,—,1.251
solo-dps,1,1,pack,180,500,0.000,0.000,1.000,—,—,1.00,1.000,—,0.000
solo-dps,1,1,pack,300,500,0.000,0.000,1.000,—,—,1.00,1.000,—,0.000
solo-dps,1,1,boss,180,500,0.000,0.000,1.000,—,—,1.00,1.000,—,0.000
solo-dps,1,1,boss,300,500,0.000,0.000,1.000,—,—,1.00,1.000,—,0.000
solo-dps,1,2,solo,180,500,0.054,0.000,0.946,0.255,11.8,0.95,0.986,—,0.061
solo-dps,1,2,solo,300,500,0.052,0.000,0.948,0.255,11.4,0.95,0.987,—,0.059
solo-dps,1,2,pack,180,500,0.000,0.000,1.000,—,—,1.00,1.000,—,0.000
solo-dps,1,2,pack,300,500,0.000,0.000,1.000,—,—,1.00,1.000,—,0.000
solo-dps,1,2,boss,180,500,0.000,0.000,1.000,—,—,1.00,1.000,—,0.000
solo-dps,1,2,boss,300,500,0.000,0.000,1.000,—,—,1.00,1.000,—,0.000
solo-dps,1,3,solo,180,500,0.000,0.000,1.000,—,—,1.00,1.000,—,0.000
solo-dps,1,3,solo,300,500,0.000,0.000,1.000,—,—,1.00,1.000,—,0.000
solo-dps,1,3,pack,180,500,0.000,0.000,1.000,—,—,1.00,1.000,—,0.000
solo-dps,1,3,pack,300,500,0.000,0.000,1.000,—,—,1.00,1.000,—,0.000
solo-dps,1,3,boss,180,500,0.000,0.000,1.000,—,—,1.00,1.000,—,0.000
solo-dps,1,3,boss,300,500,0.000,0.000,1.000,—,—,1.00,1.000,—,0.000
solo-dps,1,4,solo,180,500,0.000,0.000,1.000,—,—,1.00,1.000,—,0.000
solo-dps,1,4,solo,300,500,0.000,0.000,1.000,—,—,1.00,1.000,—,0.000
solo-dps,1,4,pack,180,500,0.000,0.000,1.000,—,—,1.00,1.000,—,0.000
solo-dps,1,4,pack,300,500,0.000,0.000,1.000,—,—,1.00,1.000,—,0.000
solo-dps,1,4,boss,180,500,0.000,0.000,1.000,—,—,1.00,1.000,—,0.000
solo-dps,1,4,boss,300,500,0.000,0.000,1.000,—,—,1.00,1.000,—,0.000
solo-dps,1,5,solo,180,500,0.000,0.000,1.000,—,—,1.00,1.000,—,0.000
solo-dps,1,5,solo,300,500,0.000,0.000,1.000,—,—,1.00,1.000,—,0.000
solo-dps,1,5,pack,180,500,0.000,0.000,1.000,—,—,1.00,1.000,—,0.000
solo-dps,1,5,pack,300,500,0.000,0.000,1.000,—,—,1.00,1.000,—,0.000
solo-dps,1,5,boss,180,500,0.000,0.000,1.000,—,—,1.00,1.000,—,0.000
solo-dps,1,5,boss,300,500,0.000,0.000,1.000,—,—,1.00,1.000,—,0.000
solo-dps,1,6,solo,180,500,0.000,0.000,1.000,—,—,1.00,1.000,—,0.000
solo-dps,1,6,solo,300,500,0.000,0.000,1.000,—,—,1.00,1.000,—,0.000
solo-dps,1,6,pack,180,500,0.000,0.000,1.000,—,—,1.00,1.000,—,0.000
solo-dps,1,6,pack,300,500,0.000,0.000,1.000,—,—,1.00,1.000,—,0.000
solo-dps,1,6,boss,180,500,0.000,0.000,1.000,—,—,1.00,1.000,—,0.000
solo-dps,1,6,boss,300,500,0.000,0.000,1.000,—,—,1.00,1.000,—,0.000
solo-dps,1,7,solo,180,500,0.000,0.000,1.000,—,—,1.00,1.000,—,0.000
solo-dps,1,7,solo,300,500,0.000,0.000,1.000,—,—,1.00,1.000,—,0.000
solo-dps,1,7,pack,180,500,0.000,0.000,1.000,—,—,1.00,1.000,—,0.000
solo-dps,1,7,pack,300,500,0.000,0.000,1.000,—,—,1.00,1.000,—,0.000
solo-dps,1,7,boss,180,500,0.000,0.000,1.000,—,—,1.00,1.000,—,0.000
solo-dps,1,7,boss,300,500,0.000,0.000,1.000,—,—,1.00,1.000,—,0.000
solo-dps,1,8,solo,180,500,0.000,0.000,1.000,—,—,1.00,1.000,—,0.000
solo-dps,1,8,solo,300,500,0.000,0.000,1.000,—,—,1.00,1.000,—,0.000
solo-dps,1,8,pack,180,500,0.000,0.000,1.000,—,—,1.00,1.000,—,0.000
solo-dps,1,8,pack,300,500,0.000,0.000,1.000,—,—,1.00,1.000,—,0.000
solo-dps,1,8,boss,180,500,0.000,0.000,1.000,—,—,1.00,1.000,—,0.000
solo-dps,1,8,boss,300,500,0.000,0.000,1.000,—,—,1.00,1.000,—,0.000
solo-dps,5,1,solo,180,500,1.000,0.000,0.000,0.752,4.0,0.00,0.248,—,1.404
solo-dps,5,1,solo,300,500,1.000,0.000,0.000,0.756,3.9,0.00,0.244,—,1.406
solo-dps,5,1,pack,180,500,0.012,0.000,0.988,0.050,14.7,0.99,0.999,—,0.013
solo-dps,5,1,pack,300,500,0.004,0.000,0.996,0.050,12.6,1.00,1.000,—,0.004
solo-dps,5,1,boss,180,500,0.000,0.000,1.000,—,—,1.00,1.000,—,0.000
solo-dps,5,1,boss,300,500,0.000,0.000,1.000,—,—,1.00,1.000,—,0.000
solo-dps,5,2,solo,180,500,1.000,0.000,0.000,0.473,6.0,0.00,0.527,—,1.261
solo-dps,5,2,solo,300,500,1.000,0.000,0.000,0.477,6.0,0.00,0.523,—,1.263
solo-dps,5,2,pack,180,500,0.000,0.000,1.000,—,—,1.00,1.000,—,0.000
solo-dps,5,2,pack,300,500,0.000,0.000,1.000,—,—,1.00,1.000,—,0.000
solo-dps,5,2,boss,180,500,0.000,0.000,1.000,—,—,1.00,1.000,—,0.000
solo-dps,5,2,boss,300,500,0.000,0.000,1.000,—,—,1.00,1.000,—,0.000
solo-dps,5,3,solo,180,500,1.000,0.000,0.000,0.219,8.4,0.00,0.781,—,1.132
solo-dps,5,3,solo,300,500,1.000,0.000,0.000,0.220,8.4,0.00,0.780,—,1.132
solo-dps,5,3,pack,180,500,0.000,0.000,1.000,—,—,1.00,1.000,—,0.000
solo-dps,5,3,pack,300,500,0.000,0.000,1.000,—,—,1.00,1.000,—,0.000
solo-dps,5,3,boss,180,500,0.000,0.000,1.000,—,—,1.00,1.000,—,0.000
solo-dps,5,3,boss,300,500,0.000,0.000,1.000,—,—,1.00,1.000,—,0.000
solo-dps,5,4,solo,180,500,0.002,0.000,0.998,0.253,12.6,1.00,0.999,—,0.002
solo-dps,5,4,solo,300,500,0.000,0.000,1.000,—,—,1.00,1.000,—,0.000
solo-dps,5,4,pack,180,500,0.000,0.000,1.000,—,—,1.00,1.000,—,0.000
solo-dps,5,4,pack,300,500,0.000,0.000,1.000,—,—,1.00,1.000,—,0.000
solo-dps,5,4,boss,180,500,0.000,0.000,1.000,—,—,1.00,1.000,—,0.000
solo-dps,5,4,boss,300,500,0.000,0.000,1.000,—,—,1.00,1.000,—,0.000
solo-dps,5,5,solo,180,500,0.000,0.000,1.000,—,—,1.00,1.000,—,0.000
solo-dps,5,5,solo,300,500,0.000,0.000,1.000,—,—,1.00,1.000,—,0.000
solo-dps,5,5,pack,180,500,0.000,0.000,1.000,—,—,1.00,1.000,—,0.000
solo-dps,5,5,pack,300,500,0.000,0.000,1.000,—,—,1.00,1.000,—,0.000
solo-dps,5,5,boss,180,500,0.000,0.000,1.000,—,—,1.00,1.000,—,0.000
solo-dps,5,5,boss,300,500,0.000,0.000,1.000,—,—,1.00,1.000,—,0.000
solo-dps,5,6,solo,180,500,0.000,0.000,1.000,—,—,1.00,1.000,—,0.000
solo-dps,5,6,solo,300,500,0.000,0.000,1.000,—,—,1.00,1.000,—,0.000
solo-dps,5,6,pack,180,500,0.000,0.000,1.000,—,—,1.00,1.000,—,0.000
solo-dps,5,6,pack,300,500,0.000,0.000,1.000,—,—,1.00,1.000,—,0.000
solo-dps,5,6,boss,180,500,0.000,0.000,1.000,—,—,1.00,1.000,—,0.000
solo-dps,5,6,boss,300,500,0.000,0.000,1.000,—,—,1.00,1.000,—,0.000
solo-dps,5,7,solo,180,500,0.000,0.000,1.000,—,—,1.00,1.000,—,0.000
solo-dps,5,7,solo,300,500,0.000,0.000,1.000,—,—,1.00,1.000,—,0.000
solo-dps,5,7,pack,180,500,0.000,0.000,1.000,—,—,1.00,1.000,—,0.000
solo-dps,5,7,pack,300,500,0.000,0.000,1.000,—,—,1.00,1.000,—,0.000
solo-dps,5,7,boss,180,500,0.000,0.000,1.000,—,—,1.00,1.000,—,0.000
solo-dps,5,7,boss,300,500,0.000,0.000,1.000,—,—,1.00,1.000,—,0.000
solo-dps,5,8,solo,180,500,0.000,0.000,1.000,—,—,1.00,1.000,—,0.000
solo-dps,5,8,solo,300,500,0.000,0.000,1.000,—,—,1.00,1.000,—,0.000
solo-dps,5,8,pack,180,500,0.000,0.000,1.000,—,—,1.00,1.000,—,0.000
solo-dps,5,8,pack,300,500,0.000,0.000,1.000,—,—,1.00,1.000,—,0.000
solo-dps,5,8,boss,180,500,0.000,0.000,1.000,—,—,1.00,1.000,—,0.000
solo-dps,5,8,boss,300,500,0.000,0.000,1.000,—,—,1.00,1.000,—,0.000
solo-dps,10,1,solo,180,500,1.000,0.000,0.000,0.899,1.7,0.00,0.101,—,1.508
solo-dps,10,1,solo,300,500,1.000,0.000,0.000,0.900,1.7,0.00,0.100,—,1.508
solo-dps,10,1,pack,180,500,1.000,0.000,0.000,0.395,8.6,0.00,0.605,—,1.245
solo-dps,10,1,pack,300,500,1.000,0.000,0.000,0.395,8.6,0.00,0.605,—,1.245
solo-dps,10,1,boss,180,500,0.328,0.000,0.672,0.162,14.9,0.67,0.947,—,0.369
solo-dps,10,1,boss,300,500,0.348,0.000,0.652,0.162,14.8,0.65,0.944,—,0.391
solo-dps,10,2,solo,180,500,1.000,0.000,0.000,0.743,3.1,0.00,0.257,—,1.426
solo-dps,10,2,solo,300,500,1.000,0.000,0.000,0.741,3.1,0.00,0.259,—,1.426
solo-dps,10,2,pack,180,500,0.012,0.000,0.988,0.108,10.3,0.99,0.999,—,0.013
solo-dps,10,2,pack,300,500,0.018,0.000,0.982,0.108,11.2,0.98,0.998,—,0.020
solo-dps,10,2,boss,180,500,0.000,0.000,1.000,—,—,1.00,1.000,—,0.000
solo-dps,10,2,boss,300,500,0.000,0.000,1.000,—,—,1.00,1.000,—,0.000
solo-dps,10,3,solo,180,500,1.000,0.000,0.000,0.596,4.8,0.00,0.404,—,1.350
solo-dps,10,3,solo,300,500,1.000,0.000,0.000,0.596,4.8,0.00,0.404,—,1.350
solo-dps,10,3,pack,180,500,0.000,0.000,1.000,—,—,1.00,1.000,—,0.000
solo-dps,10,3,pack,300,500,0.000,0.000,1.000,—,—,1.00,1.000,—,0.000
solo-dps,10,3,boss,180,500,0.000,0.000,1.000,—,—,1.00,1.000,—,0.000
solo-dps,10,3,boss,300,500,0.000,0.000,1.000,—,—,1.00,1.000,—,0.000
solo-dps,10,4,solo,180,500,1.000,0.000,0.000,0.179,6.8,0.00,0.821,—,1.133
solo-dps,10,4,solo,300,500,1.000,0.000,0.000,0.181,6.8,0.00,0.819,—,1.134
solo-dps,10,4,pack,180,500,0.000,0.000,1.000,—,—,1.00,1.000,—,0.000
solo-dps,10,4,pack,300,500,0.000,0.000,1.000,—,—,1.00,1.000,—,0.000
solo-dps,10,4,boss,180,500,0.000,0.000,1.000,—,—,1.00,1.000,—,0.000
solo-dps,10,4,boss,300,500,0.000,0.000,1.000,—,—,1.00,1.000,—,0.000
solo-dps,10,5,solo,180,500,0.014,0.000,0.986,0.196,9.6,0.99,0.997,—,0.016
solo-dps,10,5,solo,300,500,0.016,0.000,0.984,0.196,9.2,0.98,0.997,—,0.018
solo-dps,10,5,pack,180,500,0.000,0.000,1.000,—,—,1.00,1.000,—,0.000
solo-dps,10,5,pack,300,500,0.000,0.000,1.000,—,—,1.00,1.000,—,0.000
solo-dps,10,5,boss,180,500,0.000,0.000,1.000,—,—,1.00,1.000,—,0.000
solo-dps,10,5,boss,300,500,0.000,0.000,1.000,—,—,1.00,1.000,—,0.000
solo-dps,10,6,solo,180,500,0.000,0.000,1.000,—,—,1.00,1.000,—,0.000
solo-dps,10,6,solo,300,500,0.000,0.000,1.000,—,—,1.00,1.000,—,0.000
solo-dps,10,6,pack,180,500,0.000,0.000,1.000,—,—,1.00,1.000,—,0.000
solo-dps,10,6,pack,300,500,0.000,0.000,1.000,—,—,1.00,1.000,—,0.000
solo-dps,10,6,boss,180,500,0.000,0.000,1.000,—,—,1.00,1.000,—,0.000
solo-dps,10,6,boss,300,500,0.000,0.000,1.000,—,—,1.00,1.000,—,0.000
solo-dps,10,7,solo,180,500,0.000,0.000,1.000,—,—,1.00,1.000,—,0.000
solo-dps,10,7,solo,300,500,0.000,0.000,1.000,—,—,1.00,1.000,—,0.000
solo-dps,10,7,pack,180,500,0.000,0.000,1.000,—,—,1.00,1.000,—,0.000
solo-dps,10,7,pack,300,500,0.000,0.000,1.000,—,—,1.00,1.000,—,0.000
solo-dps,10,7,boss,180,500,0.000,0.000,1.000,—,—,1.00,1.000,—,0.000
solo-dps,10,7,boss,300,500,0.000,0.000,1.000,—,—,1.00,1.000,—,0.000
solo-dps,10,8,solo,180,500,0.000,0.000,1.000,—,—,1.00,1.000,—,0.000
solo-dps,10,8,solo,300,500,0.000,0.000,1.000,—,—,1.00,1.000,—,0.000
solo-dps,10,8,pack,180,500,0.000,0.000,1.000,—,—,1.00,1.000,—,0.000
solo-dps,10,8,pack,300,500,0.000,0.000,1.000,—,—,1.00,1.000,—,0.000
solo-dps,10,8,boss,180,500,0.000,0.000,1.000,—,—,1.00,1.000,—,0.000
solo-dps,10,8,boss,300,500,0.000,0.000,1.000,—,—,1.00,1.000,—,0.000
solo-dps,20,1,solo,180,500,1.000,0.000,0.000,1.000,0.0,0.00,0.000,—,1.620
solo-dps,20,1,solo,300,500,1.000,0.000,0.000,1.000,0.0,0.00,0.000,—,1.620
solo-dps,20,1,pack,180,500,1.000,0.000,0.000,0.861,2.7,0.00,0.139,—,1.545
solo-dps,20,1,pack,300,500,1.000,0.000,0.000,0.861,2.7,0.00,0.139,—,1.545
solo-dps,20,1,boss,180,500,1.000,0.000,0.000,0.642,8.1,0.00,0.358,—,1.427
solo-dps,20,1,boss,300,500,1.000,0.000,0.000,0.642,8.1,0.00,0.358,—,1.427
solo-dps,20,2,solo,180,500,1.000,0.000,0.000,0.913,1.2,0.00,0.087,—,1.573
solo-dps,20,2,solo,300,500,1.000,0.000,0.000,0.915,1.2,0.00,0.085,—,1.574
solo-dps,20,2,pack,180,500,1.000,0.000,0.000,0.477,6.3,0.00,0.523,—,1.338
solo-dps,20,2,pack,300,500,1.000,0.000,0.000,0.480,6.3,0.00,0.520,—,1.339
solo-dps,20,2,boss,180,500,1.000,0.000,0.000,0.354,10.6,0.00,0.646,—,1.271
solo-dps,20,2,boss,300,500,1.000,0.000,0.000,0.349,10.7,0.00,0.651,—,1.269
solo-dps,20,3,solo,180,500,1.000,0.000,0.000,0.861,1.4,0.00,0.139,—,1.545
solo-dps,20,3,solo,300,500,1.000,0.000,0.000,0.861,1.4,0.00,0.139,—,1.545
solo-dps,20,3,pack,180,500,1.000,0.000,0.000,0.169,6.8,0.00,0.831,—,1.171
solo-dps,20,3,pack,300,500,1.000,0.000,0.000,0.173,6.8,0.00,0.827,—,1.173
solo-dps,20,3,boss,180,500,0.182,0.000,0.818,0.080,14.6,0.82,0.985,—,0.204
solo-dps,20,3,boss,300,500,0.192,0.000,0.808,0.096,14.5,0.81,0.982,—,0.217
solo-dps,20,4,solo,180,500,1.000,0.000,0.000,0.811,2.7,0.00,0.189,—,1.518
solo-dps,20,4,solo,300,500,1.000,0.000,0.000,0.809,2.7,0.00,0.191,—,1.517
solo-dps,20,4,pack,180,500,0.006,0.000,0.994,0.008,10.9,0.99,1.000,—,0.007
solo-dps,20,4,pack,300,500,0.000,0.000,1.000,—,—,1.00,1.000,—,0.000
solo-dps,20,4,boss,180,500,0.000,0.000,1.000,—,—,1.00,1.000,—,0.000
solo-dps,20,4,boss,300,500,0.000,0.000,1.000,—,—,1.00,1.000,—,0.000
solo-dps,20,5,solo,180,500,1.000,0.000,0.000,0.467,4.8,0.00,0.533,—,1.332
solo-dps,20,5,solo,300,500,1.000,0.000,0.000,0.472,4.8,0.00,0.528,—,1.335
solo-dps,20,5,pack,180,500,0.000,0.000,1.000,—,—,1.00,1.000,—,0.000
solo-dps,20,5,pack,300,500,0.000,0.000,1.000,—,—,1.00,1.000,—,0.000
solo-dps,20,5,boss,180,500,0.000,0.000,1.000,—,—,1.00,1.000,—,0.000
solo-dps,20,5,boss,300,500,0.000,0.000,1.000,—,—,1.00,1.000,—,0.000
solo-dps,20,6,solo,180,500,0.164,0.000,0.836,0.219,7.2,0.84,0.964,—,0.196
solo-dps,20,6,solo,300,500,0.104,0.000,0.896,0.226,7.3,0.90,0.976,—,0.125
solo-dps,20,6,pack,180,500,0.000,0.000,1.000,—,—,1.00,1.000,—,0.000
solo-dps,20,6,pack,300,500,0.000,0.000,1.000,—,—,1.00,1.000,—,0.000
solo-dps,20,6,boss,180,500,0.000,0.000,1.000,—,—,1.00,1.000,—,0.000
solo-dps,20,6,boss,300,500,0.000,0.000,1.000,—,—,1.00,1.000,—,0.000
solo-dps,20,7,solo,180,500,0.000,0.000,1.000,—,—,1.00,1.000,—,0.000
solo-dps,20,7,solo,300,500,0.000,0.000,1.000,—,—,1.00,1.000,—,0.000
solo-dps,20,7,pack,180,500,0.000,0.000,1.000,—,—,1.00,1.000,—,0.000
solo-dps,20,7,pack,300,500,0.000,0.000,1.000,—,—,1.00,1.000,—,0.000
solo-dps,20,7,boss,180,500,0.000,0.000,1.000,—,—,1.00,1.000,—,0.000
solo-dps,20,7,boss,300,500,0.000,0.000,1.000,—,—,1.00,1.000,—,0.000
solo-dps,20,8,solo,180,500,0.000,0.000,1.000,—,—,1.00,1.000,—,0.000
solo-dps,20,8,solo,300,500,0.000,0.000,1.000,—,—,1.00,1.000,—,0.000
solo-dps,20,8,pack,180,500,0.000,0.000,1.000,—,—,1.00,1.000,—,0.000
solo-dps,20,8,pack,300,500,0.000,0.000,1.000,—,—,1.00,1.000,—,0.000
solo-dps,20,8,boss,180,500,0.000,0.000,1.000,—,—,1.00,1.000,—,0.000
solo-dps,20,8,boss,300,500,0.000,0.000,1.000,—,—,1.00,1.000,—,0.000
solo-dps,35,1,solo,180,500,1.000,0.000,0.000,1.000,0.0,0.00,0.000,—,1.710
solo-dps,35,1,solo,300,500,1.000,0.000,0.000,1.000,0.0,0.00,0.000,—,1.710
solo-dps,35,1,pack,180,500,1.000,0.000,0.000,0.906,2.3,0.00,0.094,—,1.657
solo-dps,35,1,pack,300,500,1.000,0.000,0.000,0.906,2.3,0.00,0.094,—,1.656
solo-dps,35,1,boss,180,500,1.000,0.000,0.000,0.829,5.1,0.00,0.171,—,1.612
solo-dps,35,1,boss,300,500,1.000,0.000,0.000,0.827,5.1,0.00,0.173,—,1.611
solo-dps,35,2,solo,180,500,1.000,0.000,0.000,1.000,0.0,0.00,0.000,—,1.710
solo-dps,35,2,solo,300,500,1.000,0.000,0.000,1.000,0.0,0.00,0.000,—,1.710
solo-dps,35,2,pack,180,500,1.000,0.000,0.000,0.866,2.3,0.00,0.134,—,1.634
solo-dps,35,2,pack,300,500,1.000,0.000,0.000,0.866,2.3,0.00,0.134,—,1.634
solo-dps,35,2,boss,180,500,1.000,0.000,0.000,0.715,6.2,0.00,0.285,—,1.547
solo-dps,35,2,boss,300,500,1.000,0.000,0.000,0.718,6.2,0.00,0.282,—,1.549
solo-dps,35,3,solo,180,500,1.000,0.000,0.000,0.928,0.9,0.00,0.072,—,1.669
solo-dps,35,3,solo,300,500,1.000,0.000,0.000,0.928,0.9,0.00,0.072,—,1.669
solo-dps,35,3,pack,180,500,1.000,0.000,0.000,0.581,5.1,0.00,0.419,—,1.471
solo-dps,35,3,pack,300,500,1.000,0.000,0.000,0.582,5.0,0.00,0.418,—,1.472
solo-dps,35,3,boss,180,500,1.000,0.000,0.000,0.493,8.2,0.00,0.507,—,1.421
solo-dps,35,3,boss,300,500,1.000,0.000,0.000,0.490,8.3,0.00,0.510,—,1.419
solo-dps,35,4,solo,180,500,1.000,0.000,0.000,0.869,1.1,0.00,0.131,—,1.635
solo-dps,35,4,solo,300,500,1.000,0.000,0.000,0.870,1.1,0.00,0.130,—,1.636
solo-dps,35,4,pack,180,500,1.000,0.000,0.000,0.352,5.7,0.00,0.648,—,1.340
solo-dps,35,4,pack,300,500,1.000,0.000,0.000,0.355,5.7,0.00,0.645,—,1.342
solo-dps,35,4,boss,180,500,0.886,0.000,0.114,0.133,10.8,0.11,0.882,—,1.077
solo-dps,35,4,boss,300,500,0.898,0.000,0.102,0.135,10.8,0.10,0.878,—,1.093
solo-dps,35,5,solo,180,500,1.000,0.000,0.000,0.820,2.2,0.00,0.180,—,1.608
solo-dps,35,5,solo,300,500,1.000,0.000,0.000,0.817,2.2,0.00,0.183,—,1.606
solo-dps,35,5,pack,180,500,0.058,0.000,0.942,0.059,8.5,0.94,0.997,—,0.068
solo-dps,35,5,pack,300,500,0.056,0.000,0.944,0.072,8.5,0.94,0.996,—,0.066
solo-dps,35,5,boss,180,500,0.000,0.000,1.000,—,—,1.00,1.000,—,0.000
solo-dps,35,5,boss,300,500,0.000,0.000,1.000,—,—,1.00,1.000,—,0.000
solo-dps,35,6,solo,180,500,1.000,0.000,0.000,0.521,3.3,0.00,0.479,—,1.437
solo-dps,35,6,solo,300,500,1.000,0.000,0.000,0.513,3.3,0.00,0.487,—,1.432
solo-dps,35,6,pack,180,500,0.000,0.000,1.000,—,—,1.00,1.000,—,0.000
solo-dps,35,6,pack,300,500,0.000,0.000,1.000,—,—,1.00,1.000,—,0.000
solo-dps,35,6,boss,180,500,0.000,0.000,1.000,—,—,1.00,1.000,—,0.000
solo-dps,35,6,boss,300,500,0.000,0.000,1.000,—,—,1.00,1.000,—,0.000
solo-dps,35,7,solo,180,500,0.796,0.000,0.204,0.294,5.4,0.20,0.766,—,1.041
solo-dps,35,7,solo,300,500,0.822,0.000,0.178,0.292,5.4,0.18,0.760,—,1.074
solo-dps,35,7,pack,180,500,0.000,0.000,1.000,—,—,1.00,1.000,—,0.000
solo-dps,35,7,pack,300,500,0.000,0.000,1.000,—,—,1.00,1.000,—,0.000
solo-dps,35,7,boss,180,500,0.000,0.000,1.000,—,—,1.00,1.000,—,0.000
solo-dps,35,7,boss,300,500,0.000,0.000,1.000,—,—,1.00,1.000,—,0.000
solo-dps,35,8,solo,180,500,0.000,0.000,1.000,—,—,1.00,1.000,—,0.000
solo-dps,35,8,solo,300,500,0.002,0.000,0.998,0.484,8.0,1.00,0.999,—,0.003
solo-dps,35,8,pack,180,500,0.000,0.000,1.000,—,—,1.00,1.000,—,0.000
solo-dps,35,8,pack,300,500,0.000,0.000,1.000,—,—,1.00,1.000,—,0.000
solo-dps,35,8,boss,180,500,0.000,0.000,1.000,—,—,1.00,1.000,—,0.000
solo-dps,35,8,boss,300,500,0.000,0.000,1.000,—,—,1.00,1.000,—,0.000
solo-dps,50,1,solo,180,500,1.000,0.000,0.000,1.000,0.0,0.00,0.000,—,1.800
solo-dps,50,1,solo,300,500,1.000,0.000,0.000,1.000,0.0,0.00,0.000,—,1.800
solo-dps,50,1,pack,180,500,1.000,0.000,0.000,0.928,2.1,0.00,0.072,—,1.757
solo-dps,50,1,pack,300,500,1.000,0.000,0.000,0.929,2.1,0.00,0.071,—,1.757
solo-dps,50,1,boss,180,500,1.000,0.000,0.000,0.868,3.6,0.00,0.132,—,1.721
solo-dps,50,1,boss,300,500,1.000,0.000,0.000,0.868,3.6,0.00,0.132,—,1.721
solo-dps,50,2,solo,180,500,1.000,0.000,0.000,1.000,0.0,0.00,0.000,—,1.800
solo-dps,50,2,solo,300,500,1.000,0.000,0.000,1.000,0.0,0.00,0.000,—,1.800
solo-dps,50,2,pack,180,500,1.000,0.000,0.000,0.899,2.1,0.00,0.101,—,1.739
solo-dps,50,2,pack,300,500,1.000,0.000,0.000,0.899,2.1,0.00,0.101,—,1.739
solo-dps,50,2,boss,180,500,1.000,0.000,0.000,0.817,4.5,0.00,0.183,—,1.690
solo-dps,50,2,boss,300,500,1.000,0.000,0.000,0.816,4.5,0.00,0.184,—,1.690
solo-dps,50,3,solo,180,500,1.000,0.000,0.000,1.000,0.0,0.00,0.000,—,1.800
solo-dps,50,3,solo,300,500,1.000,0.000,0.000,1.000,0.0,0.00,0.000,—,1.800
solo-dps,50,3,pack,180,500,1.000,0.000,0.000,0.857,2.1,0.00,0.143,—,1.714
solo-dps,50,3,pack,300,500,1.000,0.000,0.000,0.858,2.1,0.00,0.142,—,1.715
solo-dps,50,3,boss,180,500,1.000,0.000,0.000,0.718,5.5,0.00,0.282,—,1.631
solo-dps,50,3,boss,300,500,1.000,0.000,0.000,0.717,5.5,0.00,0.283,—,1.630
solo-dps,50,4,solo,180,500,1.000,0.000,0.000,0.930,0.7,0.00,0.070,—,1.758
solo-dps,50,4,solo,300,500,1.000,0.000,0.000,0.931,0.7,0.00,0.069,—,1.758
solo-dps,50,4,pack,180,500,1.000,0.000,0.000,0.589,4.3,0.00,0.411,—,1.553
solo-dps,50,4,pack,300,500,1.000,0.000,0.000,0.584,4.4,0.00,0.416,—,1.550
solo-dps,50,4,boss,180,500,1.000,0.000,0.000,0.498,7.6,0.00,0.502,—,1.499
solo-dps,50,4,boss,300,500,1.000,0.000,0.000,0.494,7.7,0.00,0.506,—,1.496
solo-dps,50,5,solo,180,500,1.000,0.000,0.000,0.863,1.0,0.00,0.137,—,1.718
solo-dps,50,5,solo,300,500,1.000,0.000,0.000,0.862,1.0,0.00,0.138,—,1.717
solo-dps,50,5,pack,180,500,1.000,0.000,0.000,0.315,5.2,0.00,0.685,—,1.389
solo-dps,50,5,pack,300,500,1.000,0.000,0.000,0.314,5.2,0.00,0.686,—,1.388
solo-dps,50,5,boss,180,500,1.000,0.000,0.000,0.087,10.2,0.00,0.913,—,1.252
solo-dps,50,5,boss,300,500,1.000,0.000,0.000,0.084,10.3,0.00,0.916,—,1.250
solo-dps,50,6,solo,180,500,1.000,0.000,0.000,0.806,2.0,0.00,0.194,—,1.684
solo-dps,50,6,solo,300,500,1.000,0.000,0.000,0.805,2.0,0.00,0.195,—,1.683
solo-dps,50,6,pack,180,500,0.020,0.000,0.980,0.194,8.0,0.98,0.996,—,0.026
solo-dps,50,6,pack,300,500,0.016,0.000,0.984,0.194,8.2,0.98,0.997,—,0.021
solo-dps,50,6,boss,180,500,0.000,0.000,1.000,—,—,1.00,1.000,—,0.000
solo-dps,50,6,boss,300,500,0.000,0.000,1.000,—,—,1.00,1.000,—,0.000
solo-dps,50,7,solo,180,500,1.000,0.000,0.000,0.474,3.4,0.00,0.526,—,1.484
solo-dps,50,7,solo,300,500,1.000,0.000,0.000,0.470,3.4,0.00,0.530,—,1.482
solo-dps,50,7,pack,180,500,0.000,0.000,1.000,—,—,1.00,1.000,—,0.000
solo-dps,50,7,pack,300,500,0.000,0.000,1.000,—,—,1.00,1.000,—,0.000
solo-dps,50,7,boss,180,500,0.000,0.000,1.000,—,—,1.00,1.000,—,0.000
solo-dps,50,7,boss,300,500,0.000,0.000,1.000,—,—,1.00,1.000,—,0.000
solo-dps,50,8,solo,180,500,0.612,0.000,0.388,0.245,5.1,0.39,0.850,—,0.824
solo-dps,50,8,solo,300,500,0.622,0.000,0.378,0.243,5.1,0.38,0.849,—,0.837
solo-dps,50,8,pack,180,500,0.000,0.000,1.000,—,—,1.00,1.000,—,0.000
solo-dps,50,8,pack,300,500,0.000,0.000,1.000,—,—,1.00,1.000,—,0.000
solo-dps,50,8,boss,180,500,0.000,0.000,1.000,—,—,1.00,1.000,—,0.000
solo-dps,50,8,boss,300,500,0.000,0.000,1.000,—,—,1.00,1.000,—,0.000
solo-crit,1,1,solo,180,500,1.000,0.000,0.000,0.510,7.6,0.00,0.490,—,1.260
solo-crit,1,1,solo,300,500,1.000,0.000,0.000,0.512,7.5,0.00,0.488,—,1.261
solo-crit,1,1,pack,180,500,0.000,0.000,1.000,—,—,1.00,1.000,—,0.000
solo-crit,1,1,pack,300,500,0.000,0.000,1.000,—,—,1.00,1.000,—,0.000
solo-crit,1,1,boss,180,500,0.000,0.000,1.000,—,—,1.00,1.000,—,0.000
solo-crit,1,1,boss,300,500,0.000,0.000,1.000,—,—,1.00,1.000,—,0.000
solo-crit,1,2,solo,180,500,0.154,0.000,0.846,0.069,11.5,0.85,0.989,—,0.160
solo-crit,1,2,solo,300,500,0.148,0.000,0.852,0.070,11.5,0.85,0.990,—,0.154
solo-crit,1,2,pack,180,500,0.000,0.000,1.000,—,—,1.00,1.000,—,0.000
solo-crit,1,2,pack,300,500,0.000,0.000,1.000,—,—,1.00,1.000,—,0.000
solo-crit,1,2,boss,180,500,0.000,0.000,1.000,—,—,1.00,1.000,—,0.000
solo-crit,1,2,boss,300,500,0.000,0.000,1.000,—,—,1.00,1.000,—,0.000
solo-crit,1,3,solo,180,500,0.000,0.000,1.000,—,—,1.00,1.000,—,0.000
solo-crit,1,3,solo,300,500,0.000,0.000,1.000,—,—,1.00,1.000,—,0.000
solo-crit,1,3,pack,180,500,0.000,0.000,1.000,—,—,1.00,1.000,—,0.000
solo-crit,1,3,pack,300,500,0.000,0.000,1.000,—,—,1.00,1.000,—,0.000
solo-crit,1,3,boss,180,500,0.000,0.000,1.000,—,—,1.00,1.000,—,0.000
solo-crit,1,3,boss,300,500,0.000,0.000,1.000,—,—,1.00,1.000,—,0.000
solo-crit,1,4,solo,180,500,0.000,0.000,1.000,—,—,1.00,1.000,—,0.000
solo-crit,1,4,solo,300,500,0.000,0.000,1.000,—,—,1.00,1.000,—,0.000
solo-crit,1,4,pack,180,500,0.000,0.000,1.000,—,—,1.00,1.000,—,0.000
solo-crit,1,4,pack,300,500,0.000,0.000,1.000,—,—,1.00,1.000,—,0.000
solo-crit,1,4,boss,180,500,0.000,0.000,1.000,—,—,1.00,1.000,—,0.000
solo-crit,1,4,boss,300,500,0.000,0.000,1.000,—,—,1.00,1.000,—,0.000
solo-crit,1,5,solo,180,500,0.000,0.000,1.000,—,—,1.00,1.000,—,0.000
solo-crit,1,5,solo,300,500,0.000,0.000,1.000,—,—,1.00,1.000,—,0.000
solo-crit,1,5,pack,180,500,0.000,0.000,1.000,—,—,1.00,1.000,—,0.000
solo-crit,1,5,pack,300,500,0.000,0.000,1.000,—,—,1.00,1.000,—,0.000
solo-crit,1,5,boss,180,500,0.000,0.000,1.000,—,—,1.00,1.000,—,0.000
solo-crit,1,5,boss,300,500,0.000,0.000,1.000,—,—,1.00,1.000,—,0.000
solo-crit,1,6,solo,180,500,0.000,0.000,1.000,—,—,1.00,1.000,—,0.000
solo-crit,1,6,solo,300,500,0.000,0.000,1.000,—,—,1.00,1.000,—,0.000
solo-crit,1,6,pack,180,500,0.000,0.000,1.000,—,—,1.00,1.000,—,0.000
solo-crit,1,6,pack,300,500,0.000,0.000,1.000,—,—,1.00,1.000,—,0.000
solo-crit,1,6,boss,180,500,0.000,0.000,1.000,—,—,1.00,1.000,—,0.000
solo-crit,1,6,boss,300,500,0.000,0.000,1.000,—,—,1.00,1.000,—,0.000
solo-crit,1,7,solo,180,500,0.000,0.000,1.000,—,—,1.00,1.000,—,0.000
solo-crit,1,7,solo,300,500,0.000,0.000,1.000,—,—,1.00,1.000,—,0.000
solo-crit,1,7,pack,180,500,0.000,0.000,1.000,—,—,1.00,1.000,—,0.000
solo-crit,1,7,pack,300,500,0.000,0.000,1.000,—,—,1.00,1.000,—,0.000
solo-crit,1,7,boss,180,500,0.000,0.000,1.000,—,—,1.00,1.000,—,0.000
solo-crit,1,7,boss,300,500,0.000,0.000,1.000,—,—,1.00,1.000,—,0.000
solo-crit,1,8,solo,180,500,0.000,0.000,1.000,—,—,1.00,1.000,—,0.000
solo-crit,1,8,solo,300,500,0.000,0.000,1.000,—,—,1.00,1.000,—,0.000
solo-crit,1,8,pack,180,500,0.000,0.000,1.000,—,—,1.00,1.000,—,0.000
solo-crit,1,8,pack,300,500,0.000,0.000,1.000,—,—,1.00,1.000,—,0.000
solo-crit,1,8,boss,180,500,0.000,0.000,1.000,—,—,1.00,1.000,—,0.000
solo-crit,1,8,boss,300,500,0.000,0.000,1.000,—,—,1.00,1.000,—,0.000
solo-crit,5,1,solo,180,500,1.000,0.000,0.000,0.748,3.3,0.00,0.252,—,1.401
solo-crit,5,1,solo,300,500,1.000,0.000,0.000,0.747,3.3,0.00,0.253,—,1.401
solo-crit,5,1,pack,180,500,0.036,0.000,0.964,0.029,11.0,0.96,0.999,—,0.037
solo-crit,5,1,pack,300,500,0.050,0.000,0.950,0.011,10.7,0.95,0.999,—,0.051
solo-crit,5,1,boss,180,500,0.000,0.000,1.000,—,—,1.00,1.000,—,0.000
solo-crit,5,1,boss,300,500,0.000,0.000,1.000,—,—,1.00,1.000,—,0.000
solo-crit,5,2,solo,180,500,1.000,0.000,0.000,0.604,5.1,0.00,0.396,—,1.328
solo-crit,5,2,solo,300,500,1.000,0.000,0.000,0.603,5.0,0.00,0.397,—,1.327
solo-crit,5,2,pack,180,500,0.000,0.000,1.000,—,—,1.00,1.000,—,0.000
solo-crit,5,2,pack,300,500,0.000,0.000,1.000,—,—,1.00,1.000,—,0.000
solo-crit,5,2,boss,180,500,0.000,0.000,1.000,—,—,1.00,1.000,—,0.000
solo-crit,5,2,boss,300,500,0.000,0.000,1.000,—,—,1.00,1.000,—,0.000
solo-crit,5,3,solo,180,500,1.000,0.000,0.000,0.174,7.3,0.00,0.826,—,1.109
solo-crit,5,3,solo,300,500,1.000,0.000,0.000,0.179,7.3,0.00,0.821,—,1.111
solo-crit,5,3,pack,180,500,0.000,0.000,1.000,—,—,1.00,1.000,—,0.000
solo-crit,5,3,pack,300,500,0.000,0.000,1.000,—,—,1.00,1.000,—,0.000
solo-crit,5,3,boss,180,500,0.000,0.000,1.000,—,—,1.00,1.000,—,0.000
solo-crit,5,3,boss,300,500,0.000,0.000,1.000,—,—,1.00,1.000,—,0.000
solo-crit,5,4,solo,180,500,0.000,0.000,1.000,—,—,1.00,1.000,—,0.000
solo-crit,5,4,solo,300,500,0.000,0.000,1.000,—,—,1.00,1.000,—,0.000
solo-crit,5,4,pack,180,500,0.000,0.000,1.000,—,—,1.00,1.000,—,0.000
solo-crit,5,4,pack,300,500,0.000,0.000,1.000,—,—,1.00,1.000,—,0.000
solo-crit,5,4,boss,180,500,0.000,0.000,1.000,—,—,1.00,1.000,—,0.000
solo-crit,5,4,boss,300,500,0.000,0.000,1.000,—,—,1.00,1.000,—,0.000
solo-crit,5,5,solo,180,500,0.000,0.000,1.000,—,—,1.00,1.000,—,0.000
solo-crit,5,5,solo,300,500,0.000,0.000,1.000,—,—,1.00,1.000,—,0.000
solo-crit,5,5,pack,180,500,0.000,0.000,1.000,—,—,1.00,1.000,—,0.000
solo-crit,5,5,pack,300,500,0.000,0.000,1.000,—,—,1.00,1.000,—,0.000
solo-crit,5,5,boss,180,500,0.000,0.000,1.000,—,—,1.00,1.000,—,0.000
solo-crit,5,5,boss,300,500,0.000,0.000,1.000,—,—,1.00,1.000,—,0.000
solo-crit,5,6,solo,180,500,0.000,0.000,1.000,—,—,1.00,1.000,—,0.000
solo-crit,5,6,solo,300,500,0.000,0.000,1.000,—,—,1.00,1.000,—,0.000
solo-crit,5,6,pack,180,500,0.000,0.000,1.000,—,—,1.00,1.000,—,0.000
solo-crit,5,6,pack,300,500,0.000,0.000,1.000,—,—,1.00,1.000,—,0.000
solo-crit,5,6,boss,180,500,0.000,0.000,1.000,—,—,1.00,1.000,—,0.000
solo-crit,5,6,boss,300,500,0.000,0.000,1.000,—,—,1.00,1.000,—,0.000
solo-crit,5,7,solo,180,500,0.000,0.000,1.000,—,—,1.00,1.000,—,0.000
solo-crit,5,7,solo,300,500,0.000,0.000,1.000,—,—,1.00,1.000,—,0.000
solo-crit,5,7,pack,180,500,0.000,0.000,1.000,—,—,1.00,1.000,—,0.000
solo-crit,5,7,pack,300,500,0.000,0.000,1.000,—,—,1.00,1.000,—,0.000
solo-crit,5,7,boss,180,500,0.000,0.000,1.000,—,—,1.00,1.000,—,0.000
solo-crit,5,7,boss,300,500,0.000,0.000,1.000,—,—,1.00,1.000,—,0.000
solo-crit,5,8,solo,180,500,0.000,0.000,1.000,—,—,1.00,1.000,—,0.000
solo-crit,5,8,solo,300,500,0.000,0.000,1.000,—,—,1.00,1.000,—,0.000
solo-crit,5,8,pack,180,500,0.000,0.000,1.000,—,—,1.00,1.000,—,0.000
solo-crit,5,8,pack,300,500,0.000,0.000,1.000,—,—,1.00,1.000,—,0.000
solo-crit,5,8,boss,180,500,0.000,0.000,1.000,—,—,1.00,1.000,—,0.000
solo-crit,5,8,boss,300,500,0.000,0.000,1.000,—,—,1.00,1.000,—,0.000
solo-crit,10,1,solo,180,500,1.000,0.000,0.000,0.883,1.5,0.00,0.117,—,1.499
solo-crit,10,1,solo,300,500,1.000,0.000,0.000,0.881,1.5,0.00,0.119,—,1.498
solo-crit,10,1,pack,180,500,1.000,0.000,0.000,0.296,7.4,0.00,0.704,—,1.194
solo-crit,10,1,pack,300,500,1.000,0.000,0.000,0.290,7.4,0.00,0.710,—,1.191
solo-crit,10,1,boss,180,500,1.000,0.000,0.000,0.043,13.8,0.00,0.957,—,1.062
solo-crit,10,1,boss,300,500,1.000,0.000,0.000,0.043,13.8,0.00,0.957,—,1.062
solo-crit,10,2,solo,180,500,1.000,0.000,0.000,0.834,2.6,0.00,0.166,—,1.474
solo-crit,10,2,solo,300,500,1.000,0.000,0.000,0.833,2.6,0.00,0.167,—,1.473
solo-crit,10,2,pack,180,500,0.014,0.000,0.986,0.149,9.3,0.99,0.998,—,0.016
solo-crit,10,2,pack,300,500,0.020,0.000,0.980,0.149,8.9,0.98,0.997,—,0.022
solo-crit,10,2,boss,180,500,0.000,0.000,1.000,—,—,1.00,1.000,—,0.000
solo-crit,10,2,boss,300,500,0.000,0.000,1.000,—,—,1.00,1.000,—,0.000
solo-crit,10,3,solo,180,500,1.000,0.000,0.000,0.611,4.0,0.00,0.389,—,1.358
solo-crit,10,3,solo,300,500,1.000,0.000,0.000,0.602,4.0,0.00,0.398,—,1.353
solo-crit,10,3,pack,180,500,0.000,0.000,1.000,—,—,1.00,1.000,—,0.000
solo-crit,10,3,pack,300,500,0.000,0.000,1.000,—,—,1.00,1.000,—,0.000
solo-crit,10,3,boss,180,500,0.000,0.000,1.000,—,—,1.00,1.000,—,0.000
solo-crit,10,3,boss,300,500,0.000,0.000,1.000,—,—,1.00,1.000,—,0.000
solo-crit,10,4,solo,180,500,1.000,0.000,0.000,0.351,5.8,0.00,0.649,—,1.223
solo-crit,10,4,solo,300,500,1.000,0.000,0.000,0.355,5.8,0.00,0.645,—,1.225
solo-crit,10,4,pack,180,500,0.000,0.000,1.000,—,—,1.00,1.000,—,0.000
solo-crit,10,4,pack,300,500,0.000,0.000,1.000,—,—,1.00,1.000,—,0.000
solo-crit,10,4,boss,180,500,0.000,0.000,1.000,—,—,1.00,1.000,—,0.000
solo-crit,10,4,boss,300,500,0.000,0.000,1.000,—,—,1.00,1.000,—,0.000
solo-crit,10,5,solo,180,500,0.038,0.000,0.962,0.079,9.0,0.96,0.997,—,0.041
solo-crit,10,5,solo,300,500,0.042,0.000,0.958,0.079,8.6,0.96,0.997,—,0.045
solo-crit,10,5,pack,180,500,0.000,0.000,1.000,—,—,1.00,1.000,—,0.000
solo-crit,10,5,pack,300,500,0.000,0.000,1.000,—,—,1.00,1.000,—,0.000
solo-crit,10,5,boss,180,500,0.000,0.000,1.000,—,—,1.00,1.000,—,0.000
solo-crit,10,5,boss,300,500,0.000,0.000,1.000,—,—,1.00,1.000,—,0.000
solo-crit,10,6,solo,180,500,0.000,0.000,1.000,—,—,1.00,1.000,—,0.000
solo-crit,10,6,solo,300,500,0.000,0.000,1.000,—,—,1.00,1.000,—,0.000
solo-crit,10,6,pack,180,500,0.000,0.000,1.000,—,—,1.00,1.000,—,0.000
solo-crit,10,6,pack,300,500,0.000,0.000,1.000,—,—,1.00,1.000,—,0.000
solo-crit,10,6,boss,180,500,0.000,0.000,1.000,—,—,1.00,1.000,—,0.000
solo-crit,10,6,boss,300,500,0.000,0.000,1.000,—,—,1.00,1.000,—,0.000
solo-crit,10,7,solo,180,500,0.000,0.000,1.000,—,—,1.00,1.000,—,0.000
solo-crit,10,7,solo,300,500,0.000,0.000,1.000,—,—,1.00,1.000,—,0.000
solo-crit,10,7,pack,180,500,0.000,0.000,1.000,—,—,1.00,1.000,—,0.000
solo-crit,10,7,pack,300,500,0.000,0.000,1.000,—,—,1.00,1.000,—,0.000
solo-crit,10,7,boss,180,500,0.000,0.000,1.000,—,—,1.00,1.000,—,0.000
solo-crit,10,7,boss,300,500,0.000,0.000,1.000,—,—,1.00,1.000,—,0.000
solo-crit,10,8,solo,180,500,0.000,0.000,1.000,—,—,1.00,1.000,—,0.000
solo-crit,10,8,solo,300,500,0.000,0.000,1.000,—,—,1.00,1.000,—,0.000
solo-crit,10,8,pack,180,500,0.000,0.000,1.000,—,—,1.00,1.000,—,0.000
solo-crit,10,8,pack,300,500,0.000,0.000,1.000,—,—,1.00,1.000,—,0.000
solo-crit,10,8,boss,180,500,0.000,0.000,1.000,—,—,1.00,1.000,—,0.000
solo-crit,10,8,boss,300,500,0.000,0.000,1.000,—,—,1.00,1.000,—,0.000
solo-crit,20,1,solo,180,500,1.000,0.000,0.000,1.000,0.0,0.00,0.000,—,1.620
solo-crit,20,1,solo,300,500,1.000,0.000,0.000,1.000,0.0,0.00,0.000,—,1.620
solo-crit,20,1,pack,180,500,1.000,0.000,0.000,0.820,2.4,0.00,0.180,—,1.523
solo-crit,20,1,pack,300,500,1.000,0.000,0.000,0.819,2.4,0.00,0.181,—,1.522
solo-crit,20,1,boss,180,500,1.000,0.000,0.000,0.556,7.0,0.00,0.444,—,1.380
solo-crit,20,1,boss,300,500,1.000,0.000,0.000,0.556,7.0,0.00,0.444,—,1.380
solo-crit,20,2,solo,180,500,1.000,0.000,0.000,0.894,1.0,0.00,0.106,—,1.563
solo-crit,20,2,solo,300,500,1.000,0.000,0.000,0.900,0.9,0.00,0.100,—,1.566
solo-crit,20,2,pack,180,500,1.000,0.000,0.000,0.426,5.4,0.00,0.574,—,1.310
solo-crit,20,2,pack,300,500,1.000,0.000,0.000,0.422,5.4,0.00,0.578,—,1.308
solo-crit,20,2,boss,180,500,1.000,0.000,0.000,0.175,9.8,0.00,0.825,—,1.174
solo-crit,20,2,boss,300,500,1.000,0.000,0.000,0.176,9.8,0.00,0.824,—,1.175
solo-crit,20,3,solo,180,500,1.000,0.000,0.000,0.821,2.0,0.00,0.179,—,1.523
solo-crit,20,3,solo,300,500,1.000,0.000,0.000,0.820,2.0,0.00,0.180,—,1.523
solo-crit,20,3,pack,180,500,0.100,0.000,0.900,0.090,7.4,0.90,0.991,—,0.113
solo-crit,20,3,pack,300,500,0.094,0.000,0.906,0.087,7.3,0.91,0.992,—,0.106
solo-crit,20,3,boss,180,500,0.028,0.000,0.972,0.084,12.2,0.97,0.998,—,0.032
solo-crit,20,3,boss,300,500,0.028,0.000,0.972,0.075,12.5,0.97,0.998,—,0.031
solo-crit,20,4,solo,180,500,1.000,0.000,0.000,0.751,2.3,0.00,0.249,—,1.486
solo-crit,20,4,solo,300,500,1.000,0.000,0.000,0.749,2.3,0.00,0.251,—,1.485
solo-crit,20,4,pack,180,500,0.000,0.000,1.000,—,—,1.00,1.000,—,0.000
solo-crit,20,4,pack,300,500,0.000,0.000,1.000,—,—,1.00,1.000,—,0.000
solo-crit,20,4,boss,180,500,0.000,0.000,1.000,—,—,1.00,1.000,—,0.000
solo-crit,20,4,boss,300,500,0.000,0.000,1.000,—,—,1.00,1.000,—,0.000
solo-crit,20,5,solo,180,500,1.000,0.000,0.000,0.310,4.1,0.00,0.690,—,1.247
solo-crit,20,5,solo,300,500,1.000,0.000,0.000,0.312,4.1,0.00,0.688,—,1.249
solo-crit,20,5,pack,180,500,0.000,0.000,1.000,—,—,1.00,1.000,—,0.000
solo-crit,20,5,pack,300,500,0.000,0.000,1.000,—,—,1.00,1.000,—,0.000
solo-crit,20,5,boss,180,500,0.000,0.000,1.000,—,—,1.00,1.000,—,0.000
solo-crit,20,5,boss,300,500,0.000,0.000,1.000,—,—,1.00,1.000,—,0.000
solo-crit,20,6,solo,180,500,0.708,0.000,0.292,0.026,5.9,0.29,0.982,—,0.775
solo-crit,20,6,solo,300,500,0.718,0.000,0.282,0.023,5.9,0.28,0.984,—,0.784
solo-crit,20,6,pack,180,500,0.000,0.000,1.000,—,—,1.00,1.000,—,0.000
solo-crit,20,6,pack,300,500,0.000,0.000,1.000,—,—,1.00,1.000,—,0.000
solo-crit,20,6,boss,180,500,0.000,0.000,1.000,—,—,1.00,1.000,—,0.000
solo-crit,20,6,boss,300,500,0.000,0.000,1.000,—,—,1.00,1.000,—,0.000
solo-crit,20,7,solo,180,500,0.000,0.000,1.000,—,—,1.00,1.000,—,0.000
solo-crit,20,7,solo,300,500,0.000,0.000,1.000,—,—,1.00,1.000,—,0.000
solo-crit,20,7,pack,180,500,0.000,0.000,1.000,—,—,1.00,1.000,—,0.000
solo-crit,20,7,pack,300,500,0.000,0.000,1.000,—,—,1.00,1.000,—,0.000
solo-crit,20,7,boss,180,500,0.000,0.000,1.000,—,—,1.00,1.000,—,0.000
solo-crit,20,7,boss,300,500,0.000,0.000,1.000,—,—,1.00,1.000,—,0.000
solo-crit,20,8,solo,180,500,0.000,0.000,1.000,—,—,1.00,1.000,—,0.000
solo-crit,20,8,solo,300,500,0.000,0.000,1.000,—,—,1.00,1.000,—,0.000
solo-crit,20,8,pack,180,500,0.000,0.000,1.000,—,—,1.00,1.000,—,0.000
solo-crit,20,8,pack,300,500,0.000,0.000,1.000,—,—,1.00,1.000,—,0.000
solo-crit,20,8,boss,180,500,0.000,0.000,1.000,—,—,1.00,1.000,—,0.000
solo-crit,20,8,boss,300,500,0.000,0.000,1.000,—,—,1.00,1.000,—,0.000
solo-crit,35,1,solo,180,500,1.000,0.000,0.000,1.000,0.0,0.00,0.000,—,1.710
solo-crit,35,1,solo,300,500,1.000,0.000,0.000,1.000,0.0,0.00,0.000,—,1.710
solo-crit,35,1,pack,180,500,1.000,0.000,0.000,0.868,2.1,0.00,0.132,—,1.635
solo-crit,35,1,pack,300,500,1.000,0.000,0.000,0.867,2.1,0.00,0.133,—,1.634
solo-crit,35,1,boss,180,500,1.000,0.000,0.000,0.756,4.6,0.00,0.244,—,1.571
solo-crit,35,1,boss,300,500,1.000,0.000,0.000,0.756,4.6,0.00,0.244,—,1.571
solo-crit,35,2,solo,180,500,1.000,0.000,0.000,1.000,0.0,0.00,0.000,—,1.710
solo-crit,35,2,solo,300,500,1.000,0.000,0.000,1.000,0.0,0.00,0.000,—,1.710
solo-crit,35,2,pack,180,500,1.000,0.000,0.000,0.811,2.1,0.00,0.189,—,1.602
solo-crit,35,2,pack,300,500,1.000,0.000,0.000,0.811,2.1,0.00,0.189,—,1.602
solo-crit,35,2,boss,180,500,1.000,0.000,0.000,0.610,5.5,0.00,0.390,—,1.488
solo-crit,35,2,boss,300,500,1.000,0.000,0.000,0.610,5.5,0.00,0.390,—,1.488
solo-crit,35,3,solo,180,500,1.000,0.000,0.000,0.899,0.8,0.00,0.101,—,1.653
solo-crit,35,3,solo,300,500,1.000,0.000,0.000,0.903,0.8,0.00,0.097,—,1.655
solo-crit,35,3,pack,180,500,1.000,0.000,0.000,0.432,4.4,0.00,0.568,—,1.386
solo-crit,35,3,pack,300,500,1.000,0.000,0.000,0.432,4.3,0.00,0.568,—,1.386
solo-crit,35,3,boss,180,500,1.000,0.000,0.000,0.329,7.3,0.00,0.671,—,1.327
solo-crit,35,3,boss,300,500,1.000,0.000,0.000,0.329,7.3,0.00,0.671,—,1.328
solo-crit,35,4,solo,180,500,1.000,0.000,0.000,0.817,1.0,0.00,0.183,—,1.606
solo-crit,35,4,solo,300,500,1.000,0.000,0.000,0.816,1.0,0.00,0.184,—,1.605
solo-crit,35,4,pack,180,500,1.000,0.000,0.000,0.084,5.1,0.00,0.916,—,1.188
solo-crit,35,4,pack,300,500,1.000,0.000,0.000,0.090,5.1,0.00,0.910,—,1.191
solo-crit,35,4,boss,180,500,0.074,0.000,0.926,0.048,9.8,0.93,0.996,—,0.086
solo-crit,35,4,boss,300,500,0.078,0.000,0.922,0.040,9.7,0.92,0.997,—,0.091
solo-crit,35,5,solo,180,500,1.000,0.000,0.000,0.746,2.0,0.00,0.254,—,1.565
solo-crit,35,5,solo,300,500,1.000,0.000,0.000,0.747,2.0,0.00,0.253,—,1.566
solo-crit,35,5,pack,180,500,0.000,0.000,1.000,—,—,1.00,1.000,—,0.000
solo-crit,35,5,pack,300,500,0.000,0.000,1.000,—,—,1.00,1.000,—,0.000
solo-crit,35,5,boss,180,500,0.000,0.000,1.000,—,—,1.00,1.000,—,0.000
solo-crit,35,5,boss,300,500,0.000,0.000,1.000,—,—,1.00,1.000,—,0.000
solo-crit,35,6,solo,180,500,1.000,0.000,0.000,0.297,3.4,0.00,0.703,—,1.309
solo-crit,35,6,solo,300,500,1.000,0.000,0.000,0.285,3.4,0.00,0.715,—,1.303
solo-crit,35,6,pack,180,500,0.000,0.000,1.000,—,—,1.00,1.000,—,0.000
solo-crit,35,6,pack,300,500,0.000,0.000,1.000,—,—,1.00,1.000,—,0.000
solo-crit,35,6,boss,180,500,0.000,0.000,1.000,—,—,1.00,1.000,—,0.000
solo-crit,35,6,boss,300,500,0.000,0.000,1.000,—,—,1.00,1.000,—,0.000
solo-crit,35,7,solo,180,500,0.038,0.000,0.962,0.492,4.9,0.96,0.981,—,0.054
solo-crit,35,7,solo,300,500,0.026,0.000,0.974,0.531,5.1,0.97,0.986,—,0.038
solo-crit,35,7,pack,180,500,0.000,0.000,1.000,—,—,1.00,1.000,—,0.000
solo-crit,35,7,pack,300,500,0.000,0.000,1.000,—,—,1.00,1.000,—,0.000
solo-crit,35,7,boss,180,500,0.000,0.000,1.000,—,—,1.00,1.000,—,0.000
solo-crit,35,7,boss,300,500,0.000,0.000,1.000,—,—,1.00,1.000,—,0.000
solo-crit,35,8,solo,180,500,0.002,0.000,0.998,0.289,8.2,1.00,0.999,—,0.003
solo-crit,35,8,solo,300,500,0.000,0.000,1.000,—,—,1.00,1.000,—,0.000
solo-crit,35,8,pack,180,500,0.000,0.000,1.000,—,—,1.00,1.000,—,0.000
solo-crit,35,8,pack,300,500,0.000,0.000,1.000,—,—,1.00,1.000,—,0.000
solo-crit,35,8,boss,180,500,0.000,0.000,1.000,—,—,1.00,1.000,—,0.000
solo-crit,35,8,boss,300,500,0.000,0.000,1.000,—,—,1.00,1.000,—,0.000
solo-crit,50,1,solo,180,500,1.000,0.000,0.000,1.000,0.0,0.00,0.000,—,1.800
solo-crit,50,1,solo,300,500,1.000,0.000,0.000,1.000,0.0,0.00,0.000,—,1.800
solo-crit,50,1,pack,180,500,1.000,0.000,0.000,0.894,1.9,0.00,0.106,—,1.736
solo-crit,50,1,pack,300,500,1.000,0.000,0.000,0.895,1.9,0.00,0.105,—,1.737
solo-crit,50,1,boss,180,500,1.000,0.000,0.000,0.851,3.3,0.00,0.149,—,1.711
solo-crit,50,1,boss,300,500,1.000,0.000,0.000,0.851,3.3,0.00,0.149,—,1.711
solo-crit,50,2,solo,180,500,1.000,0.000,0.000,1.000,0.0,0.00,0.000,—,1.800
solo-crit,50,2,solo,300,500,1.000,0.000,0.000,1.000,0.0,0.00,0.000,—,1.800
solo-crit,50,2,pack,180,500,1.000,0.000,0.000,0.852,1.9,0.00,0.148,—,1.711
solo-crit,50,2,pack,300,500,1.000,0.000,0.000,0.851,1.9,0.00,0.149,—,1.710
solo-crit,50,2,boss,180,500,1.000,0.000,0.000,0.728,4.1,0.00,0.272,—,1.637
solo-crit,50,2,boss,300,500,1.000,0.000,0.000,0.728,4.1,0.00,0.272,—,1.637
solo-crit,50,3,solo,180,500,1.000,0.000,0.000,1.000,0.0,0.00,0.000,—,1.800
solo-crit,50,3,solo,300,500,1.000,0.000,0.000,1.000,0.0,0.00,0.000,—,1.800
solo-crit,50,3,pack,180,500,1.000,0.000,0.000,0.789,1.9,0.00,0.211,—,1.673
solo-crit,50,3,pack,300,500,1.000,0.000,0.000,0.788,1.9,0.00,0.212,—,1.673
solo-crit,50,3,boss,180,500,1.000,0.000,0.000,0.620,5.4,0.00,0.380,—,1.572
solo-crit,50,3,boss,300,500,1.000,0.000,0.000,0.625,5.3,0.00,0.375,—,1.575
solo-crit,50,4,solo,180,500,1.000,0.000,0.000,0.897,0.7,0.00,0.103,—,1.738
solo-crit,50,4,solo,300,500,1.000,0.000,0.000,0.898,0.7,0.00,0.102,—,1.739
solo-crit,50,4,pack,180,500,1.000,0.000,0.000,0.505,3.8,0.00,0.495,—,1.503
solo-crit,50,4,pack,300,500,1.000,0.000,0.000,0.516,3.7,0.00,0.484,—,1.509
solo-crit,50,4,boss,180,500,1.000,0.000,0.000,0.263,7.0,0.00,0.737,—,1.358
solo-crit,50,4,boss,300,500,1.000,0.000,0.000,0.262,7.0,0.00,0.738,—,1.357
solo-crit,50,5,solo,180,500,1.000,0.000,0.000,0.797,1.0,0.00,0.203,—,1.678
solo-crit,50,5,solo,300,500,1.000,0.000,0.000,0.797,1.0,0.00,0.203,—,1.678
solo-crit,50,5,pack,180,500,1.000,0.000,0.000,0.199,4.8,0.00,0.801,—,1.319
solo-crit,50,5,pack,300,500,1.000,0.000,0.000,0.190,4.8,0.00,0.810,—,1.314
solo-crit,50,5,boss,180,500,0.024,0.000,0.976,0.226,8.6,0.98,0.995,—,0.032
solo-crit,50,5,boss,300,500,0.028,0.000,0.972,0.261,8.7,0.97,0.993,—,0.038
solo-crit,50,6,solo,180,500,1.000,0.000,0.000,0.715,1.8,0.00,0.285,—,1.629
solo-crit,50,6,solo,300,500,1.000,0.000,0.000,0.714,1.8,0.00,0.286,—,1.628
solo-crit,50,6,pack,180,500,0.000,0.000,1.000,—,—,1.00,1.000,—,0.000
solo-crit,50,6,pack,300,500,0.000,0.000,1.000,—,—,1.00,1.000,—,0.000
solo-crit,50,6,boss,180,500,0.000,0.000,1.000,—,—,1.00,1.000,—,0.000
solo-crit,50,6,boss,300,500,0.000,0.000,1.000,—,—,1.00,1.000,—,0.000
solo-crit,50,7,solo,180,500,1.000,0.000,0.000,0.369,3.4,0.00,0.631,—,1.421
solo-crit,50,7,solo,300,500,1.000,0.000,0.000,0.372,3.4,0.00,0.628,—,1.423
solo-crit,50,7,pack,180,500,0.000,0.000,1.000,—,—,1.00,1.000,—,0.000
solo-crit,50,7,pack,300,500,0.000,0.000,1.000,—,—,1.00,1.000,—,0.000
solo-crit,50,7,boss,180,500,0.000,0.000,1.000,—,—,1.00,1.000,—,0.000
solo-crit,50,7,boss,300,500,0.000,0.000,1.000,—,—,1.00,1.000,—,0.000
solo-crit,50,8,solo,180,500,0.032,0.000,0.968,0.436,5.1,0.97,0.986,—,0.047
solo-crit,50,8,solo,300,500,0.036,0.000,0.964,0.436,5.0,0.96,0.984,—,0.053
solo-crit,50,8,pack,180,500,0.000,0.000,1.000,—,—,1.00,1.000,—,0.000
solo-crit,50,8,pack,300,500,0.000,0.000,1.000,—,—,1.00,1.000,—,0.000
solo-crit,50,8,boss,180,500,0.000,0.000,1.000,—,—,1.00,1.000,—,0.000
solo-crit,50,8,boss,300,500,0.000,0.000,1.000,—,—,1.00,1.000,—,0.000
