comp,level,tier,shape,limit,fights,winRate,timeoutRate,wipeRate,avgMarginWin,avgDurationWin,avgDowned,avgHpLostPct,tankTargetPct,expRewardMult
trio-core,1,1,solo,180,500,1.000,0.000,0.000,0.963,2.5,0.00,0.037,1.000,1.487
trio-core,1,1,solo,300,500,1.000,0.000,0.000,0.963,2.5,0.00,0.037,1.000,1.487
trio-core,1,1,pack,180,500,1.000,0.000,0.000,1.000,17.4,0.00,0.000,1.000,1.506
trio-core,1,1,pack,300,500,1.000,0.000,0.000,1.000,17.4,0.00,0.000,1.000,1.506
trio-core,1,1,boss,180,500,1.000,0.000,0.000,0.954,34.7,0.00,0.046,1.000,1.483
trio-core,1,1,boss,300,500,1.000,0.000,0.000,0.954,34.7,0.00,0.046,1.000,1.483
trio-core,1,2,solo,180,500,1.000,0.000,0.000,0.895,5.0,0.00,0.105,1.000,1.453
trio-core,1,2,solo,300,500,1.000,0.000,0.000,0.896,5.0,0.00,0.104,1.000,1.454
trio-core,1,2,pack,180,500,1.000,0.000,0.000,0.855,25.9,0.00,0.145,1.000,1.433
trio-core,1,2,pack,300,500,1.000,0.000,0.000,0.849,25.9,0.00,0.151,1.000,1.430
trio-core,1,2,boss,180,500,1.000,0.000,0.000,0.945,50.0,0.00,0.055,1.000,1.478
trio-core,1,2,boss,300,500,1.000,0.000,0.000,0.948,50.0,0.00,0.052,1.000,1.480
trio-core,1,3,solo,180,500,1.000,0.000,0.000,0.903,9.4,0.00,0.097,1.000,1.457
trio-core,1,3,solo,300,500,1.000,0.000,0.000,0.902,9.4,0.00,0.098,1.000,1.457
trio-core,1,3,pack,180,500,0.000,0.000,1.000,—,—,3.00,1.000,0.433,0.000
trio-core,1,3,pack,300,500,0.002,0.000,0.998,0.459,42.5,3.00,0.999,0.429,0.002
trio-core,1,3,boss,180,500,0.012,0.000,0.988,0.583,73.4,2.97,0.993,0.437,0.016
trio-core,1,3,boss,300,500,0.004,0.000,0.996,0.484,78.8,2.99,0.998,0.427,0.005
trio-core,1,4,solo,180,500,1.000,0.000,0.000,0.866,16.2,0.00,0.134,1.000,1.438
trio-core,1,4,solo,300,500,1.000,0.000,0.000,0.868,16.2,0.00,0.132,1.000,1.440
trio-core,1,4,pack,180,500,0.000,0.000,1.000,—,—,3.00,1.000,0.359,0.000
trio-core,1,4,pack,300,500,0.000,0.000,1.000,—,—,3.00,1.000,0.360,0.000
trio-core,1,4,boss,180,500,0.000,0.000,1.000,—,—,3.00,1.000,0.373,0.000
trio-core,1,4,boss,300,500,0.000,0.000,1.000,—,—,3.00,1.000,0.373,0.000
trio-core,1,5,solo,180,500,0.348,0.000,0.652,0.502,23.8,2.30,0.825,0.495,0.437
trio-core,1,5,solo,300,500,0.400,0.000,0.600,0.481,23.7,2.23,0.808,0.505,0.498
trio-core,1,5,pack,180,500,0.000,0.000,1.000,—,—,3.00,1.000,0.404,0.000
trio-core,1,5,pack,300,500,0.000,0.000,1.000,—,—,3.00,1.000,0.403,0.000
trio-core,1,5,boss,180,500,0.000,0.000,1.000,—,—,3.00,1.000,0.401,0.000
trio-core,1,5,boss,300,500,0.000,0.000,1.000,—,—,3.00,1.000,0.409,0.000
trio-core,1,6,solo,180,500,0.000,0.000,1.000,—,—,3.00,1.000,0.379,0.000
trio-core,1,6,solo,300,500,0.000,0.000,1.000,—,—,3.00,1.000,0.378,0.000
trio-core,1,6,pack,180,500,0.000,0.000,1.000,—,—,3.00,1.000,0.344,0.000
trio-core,1,6,pack,300,500,0.000,0.000,1.000,—,—,3.00,1.000,0.350,0.000
trio-core,1,6,boss,180,500,0.000,0.000,1.000,—,—,3.00,1.000,0.373,0.000
trio-core,1,6,boss,300,500,0.000,0.000,1.000,—,—,3.00,1.000,0.363,0.000
trio-core,1,7,solo,180,500,0.000,0.000,1.000,—,—,3.00,1.000,0.503,0.000
trio-core,1,7,solo,300,500,0.000,0.000,1.000,—,—,3.00,1.000,0.500,0.000
trio-core,1,7,pack,180,500,0.000,0.000,1.000,—,—,3.00,1.000,0.495,0.000
trio-core,1,7,pack,300,500,0.000,0.000,1.000,—,—,3.00,1.000,0.492,0.000
trio-core,1,7,boss,180,500,0.000,0.000,1.000,—,—,3.00,1.000,0.252,0.000
trio-core,1,7,boss,300,500,0.000,0.000,1.000,—,—,3.00,1.000,0.257,0.000
trio-core,1,8,solo,180,500,0.000,0.000,1.000,—,—,3.00,1.000,0.499,0.000
trio-core,1,8,solo,300,500,0.000,0.000,1.000,—,—,3.00,1.000,0.494,0.000
trio-core,1,8,pack,180,500,0.000,0.000,1.000,—,—,3.00,1.000,0.493,0.000
trio-core,1,8,pack,300,500,0.000,0.000,1.000,—,—,3.00,1.000,0.496,0.000
trio-core,1,8,boss,180,500,0.000,0.000,1.000,—,—,3.00,1.000,0.354,0.000
trio-core,1,8,boss,300,500,0.000,0.000,1.000,—,—,3.00,1.000,0.362,0.000
trio-core,5,1,solo,180,500,1.000,0.000,0.000,1.000,0.0,0.00,0.000,—,1.530
trio-core,5,1,solo,300,500,1.000,0.000,0.000,1.000,0.0,0.00,0.000,—,1.530
trio-core,5,1,pack,180,500,1.000,0.000,0.000,0.883,7.1,0.00,0.117,1.000,1.471
trio-core,5,1,pack,300,500,1.000,0.000,0.000,0.884,7.1,0.00,0.116,1.000,1.471
trio-core,5,1,boss,180,500,1.000,0.000,0.000,0.982,14.7,0.00,0.018,1.000,1.521
trio-core,5,1,boss,300,500,1.000,0.000,0.000,0.982,14.8,0.00,0.018,1.000,1.521
trio-core,5,2,solo,180,500,1.000,0.000,0.000,0.967,1.7,0.00,0.033,1.000,1.513
trio-core,5,2,solo,300,500,1.000,0.000,0.000,0.967,1.7,0.00,0.033,1.000,1.513
trio-core,5,2,pack,180,500,1.000,0.000,0.000,0.989,12.7,0.00,0.011,1.000,1.524
trio-core,5,2,pack,300,500,1.000,0.000,0.000,0.991,12.7,0.00,0.009,1.000,1.525
trio-core,5,2,boss,180,500,1.000,0.000,0.000,0.987,25.1,0.00,0.013,1.000,1.524
trio-core,5,2,boss,300,500,1.000,0.000,0.000,0.988,25.2,0.00,0.012,1.000,1.524
trio-core,5,3,solo,180,500,1.000,0.000,0.000,0.897,3.7,0.00,0.103,1.000,1.477
trio-core,5,3,solo,300,500,1.000,0.000,0.000,0.897,3.7,0.00,0.103,1.000,1.478
trio-core,5,3,pack,180,500,1.000,0.000,0.000,1.000,17.9,0.00,0.000,1.000,1.530
trio-core,5,3,pack,300,500,1.000,0.000,0.000,1.000,17.9,0.00,0.000,1.000,1.530
trio-core,5,3,boss,180,500,1.000,0.000,0.000,0.965,37.3,0.00,0.035,1.000,1.512
trio-core,5,3,boss,300,500,1.000,0.000,0.000,0.961,37.2,0.00,0.039,1.000,1.510
trio-core,5,4,solo,180,500,1.000,0.000,0.000,0.933,6.6,0.00,0.067,1.000,1.496
trio-core,5,4,solo,300,500,1.000,0.000,0.000,0.937,6.6,0.00,0.063,1.000,1.498
trio-core,5,4,pack,180,500,0.424,0.000,0.576,0.604,29.4,2.06,0.744,0.488,0.563
trio-core,5,4,pack,300,500,0.446,0.000,0.554,0.601,29.2,2.02,0.732,0.495,0.592
trio-core,5,4,boss,180,500,1.000,0.000,0.000,0.935,53.7,0.00,0.065,1.000,1.497
trio-core,5,4,boss,300,500,1.000,0.000,0.000,0.937,53.8,0.00,0.063,1.000,1.498
trio-core,5,5,solo,180,500,1.000,0.000,0.000,0.902,11.4,0.00,0.098,1.000,1.480
trio-core,5,5,solo,300,500,1.000,0.000,0.000,0.903,11.5,0.00,0.097,1.000,1.481
trio-core,5,5,pack,180,500,0.000,0.000,1.000,—,—,3.00,1.000,0.420,0.000
trio-core,5,5,pack,300,500,0.000,0.000,1.000,—,—,3.00,1.000,0.421,0.000
trio-core,5,5,boss,180,500,0.000,0.000,1.000,—,—,3.00,1.000,0.388,0.000
trio-core,5,5,boss,300,500,0.000,0.000,1.000,—,—,3.00,1.000,0.385,0.000
trio-core,5,6,solo,180,500,1.000,0.000,0.000,0.798,18.1,0.00,0.202,1.000,1.427
trio-core,5,6,solo,300,500,1.000,0.000,0.000,0.795,18.1,0.00,0.205,1.000,1.426
trio-core,5,6,pack,180,500,0.000,0.000,1.000,—,—,3.00,1.000,0.408,0.000
trio-core,5,6,pack,300,500,0.000,0.000,1.000,—,—,3.00,1.000,0.406,0.000
trio-core,5,6,boss,180,500,0.000,0.000,1.000,—,—,3.00,1.000,0.414,0.000
trio-core,5,6,boss,300,500,0.000,0.000,1.000,—,—,3.00,1.000,0.418,0.000
trio-core,5,7,solo,180,500,0.018,0.000,0.982,0.569,27.1,2.96,0.990,0.461,0.024
trio-core,5,7,solo,300,500,0.030,0.000,0.970,0.490,27.3,2.95,0.985,0.456,0.038
trio-core,5,7,pack,180,500,0.000,0.000,1.000,—,—,3.00,1.000,0.485,0.000
trio-core,5,7,pack,300,500,0.000,0.000,1.000,—,—,3.00,1.000,0.485,0.000
trio-core,5,7,boss,180,500,0.000,0.000,1.000,—,—,3.00,1.000,0.410,0.000
trio-core,5,7,boss,300,500,0.000,0.000,1.000,—,—,3.00,1.000,0.412,0.000
trio-core,5,8,solo,180,500,0.000,0.000,1.000,—,—,3.00,1.000,0.503,0.000
trio-core,5,8,solo,300,500,0.000,0.000,1.000,—,—,3.00,1.000,0.507,0.000
trio-core,5,8,pack,180,500,0.000,0.000,1.000,—,—,3.00,1.000,0.489,0.000
trio-core,5,8,pack,300,500,0.000,0.000,1.000,—,—,3.00,1.000,0.489,0.000
trio-core,5,8,boss,180,500,0.000,0.000,1.000,—,—,3.00,1.000,0.283,0.000
trio-core,5,8,boss,300,500,0.000,0.000,1.000,—,—,3.00,1.000,0.290,0.000
trio-core,10,1,solo,180,500,1.000,0.000,0.000,1.000,0.0,0.00,0.000,—,1.560
trio-core,10,1,solo,300,500,1.000,0.000,0.000,1.000,0.0,0.00,0.000,—,1.560
trio-core,10,1,pack,180,500,1.000,0.000,0.000,0.947,4.0,0.00,0.053,1.000,1.532
trio-core,10,1,pack,300,500,1.000,0.000,0.000,0.947,4.0,0.00,0.053,1.000,1.532
trio-core,10,1,boss,180,500,1.000,0.000,0.000,0.926,7.1,0.00,0.074,1.000,1.522
trio-core,10,1,boss,300,500,1.000,0.000,0.000,0.925,7.1,0.00,0.075,1.000,1.521
trio-core,10,2,solo,180,500,1.000,0.000,0.000,1.000,0.0,0.00,0.000,—,1.560
trio-core,10,2,solo,300,500,1.000,0.000,0.000,1.000,0.0,0.00,0.000,—,1.560
trio-core,10,2,pack,180,500,1.000,0.000,0.000,0.909,5.9,0.00,0.091,1.000,1.513
trio-core,10,2,pack,300,500,1.000,0.000,0.000,0.907,5.9,0.00,0.093,1.000,1.512
trio-core,10,2,boss,180,500,1.000,0.000,0.000,0.858,11.7,0.00,0.142,1.000,1.486
trio-core,10,2,boss,300,500,1.000,0.000,0.000,0.858,11.7,0.00,0.142,1.000,1.486
trio-core,10,3,solo,180,500,1.000,0.000,0.000,0.966,1.3,0.00,0.034,1.000,1.542
trio-core,10,3,solo,300,500,1.000,0.000,0.000,0.967,1.3,0.00,0.033,1.000,1.543
trio-core,10,3,pack,180,500,1.000,0.000,0.000,0.966,10.6,0.00,0.034,1.000,1.542
trio-core,10,3,pack,300,500,1.000,0.000,0.000,0.965,10.7,0.00,0.035,1.000,1.542
trio-core,10,3,boss,180,500,1.000,0.000,0.000,0.951,19.8,0.00,0.049,1.000,1.534
trio-core,10,3,boss,300,500,1.000,0.000,0.000,0.952,19.7,0.00,0.048,1.000,1.535
trio-core,10,4,solo,180,500,1.000,0.000,0.000,0.951,2.9,0.00,0.049,1.000,1.535
trio-core,10,4,solo,300,500,1.000,0.000,0.000,0.952,2.8,0.00,0.048,1.000,1.535
trio-core,10,4,pack,180,500,1.000,0.000,0.000,1.000,14.2,0.00,0.000,1.000,1.560
trio-core,10,4,pack,300,500,1.000,0.000,0.000,1.000,14.2,0.00,0.000,1.000,1.560
trio-core,10,4,boss,180,500,1.000,0.000,0.000,0.996,29.6,0.00,0.004,1.000,1.558
trio-core,10,4,boss,300,500,1.000,0.000,0.000,0.997,29.7,0.00,0.003,1.000,1.559
trio-core,10,5,solo,180,500,1.000,0.000,0.000,0.961,5.2,0.00,0.039,1.000,1.540
trio-core,10,5,solo,300,500,1.000,0.000,0.000,0.960,5.1,0.00,0.040,1.000,1.539
trio-core,10,5,pack,180,500,0.770,0.012,0.218,0.853,22.2,0.82,0.340,0.728,1.142
trio-core,10,5,pack,300,500,0.760,0.014,0.226,0.871,22.1,0.81,0.334,0.706,1.135
trio-core,10,5,boss,180,500,1.000,0.000,0.000,0.916,43.1,0.00,0.084,1.000,1.516
trio-core,10,5,boss,300,500,1.000,0.000,0.000,0.919,43.0,0.00,0.081,1.000,1.518
trio-core,10,6,solo,180,500,1.000,0.000,0.000,0.935,9.1,0.00,0.065,1.000,1.526
trio-core,10,6,solo,300,500,1.000,0.000,0.000,0.932,9.1,0.00,0.068,1.000,1.525
trio-core,10,6,pack,180,500,0.000,0.000,1.000,—,—,3.00,1.000,0.411,0.000
trio-core,10,6,pack,300,500,0.002,0.000,0.998,0.431,35.7,3.00,0.999,0.415,0.003
trio-core,10,6,boss,180,500,0.056,0.000,0.944,0.847,66.3,2.84,0.953,0.427,0.083
trio-core,10,6,boss,300,500,0.070,0.000,0.930,0.854,66.4,2.80,0.940,0.435,0.104
trio-core,10,7,solo,180,500,1.000,0.000,0.000,0.824,15.4,0.00,0.176,1.000,1.468
trio-core,10,7,solo,300,500,1.000,0.000,0.000,0.824,15.3,0.00,0.176,1.000,1.469
trio-core,10,7,pack,180,500,0.000,0.000,1.000,—,—,3.00,1.000,0.401,0.000
trio-core,10,7,pack,300,500,0.000,0.000,1.000,—,—,3.00,1.000,0.404,0.000
trio-core,10,7,boss,180,500,0.000,0.000,1.000,—,—,3.00,1.000,0.416,0.000
trio-core,10,7,boss,300,500,0.000,0.000,1.000,—,—,3.00,1.000,0.411,0.000
trio-core,10,8,solo,180,500,0.364,0.000,0.636,0.644,24.0,2.14,0.766,0.709,0.500
trio-core,10,8,solo,300,500,0.356,0.000,0.644,0.667,24.0,2.12,0.763,0.705,0.494
trio-core,10,8,pack,180,500,0.000,0.000,1.000,—,—,3.00,1.000,0.472,0.000
trio-core,10,8,pack,300,500,0.000,0.000,1.000,—,—,3.00,1.000,0.476,0.000
trio-core,10,8,boss,180,500,0.000,0.000,1.000,—,—,3.00,1.000,0.414,0.000
trio-core,10,8,boss,300,500,0.000,0.000,1.000,—,—,3.00,1.000,0.406,0.000
trio-core,20,1,solo,180,500,1.000,0.000,0.000,1.000,0.0,0.00,0.000,—,1.620
trio-core,20,1,solo,300,500,1.000,0.000,0.000,1.000,0.0,0.00,0.000,—,1.620
trio-core,20,1,pack,180,500,1.000,0.000,0.000,0.990,1.0,0.00,0.010,1.000,1.615
trio-core,20,1,pack,300,500,1.000,0.000,0.000,0.990,1.0,0.00,0.010,1.000,1.615
trio-core,20,1,boss,180,500,1.000,0.000,0.000,0.972,3.9,0.00,0.028,1.000,1.605
trio-core,20,1,boss,300,500,1.000,0.000,0.000,0.971,3.9,0.00,0.029,1.000,1.605
trio-core,20,2,solo,180,500,1.000,0.000,0.000,1.000,0.0,0.00,0.000,—,1.620
trio-core,20,2,solo,300,500,1.000,0.000,0.000,1.000,0.0,0.00,0.000,—,1.620
trio-core,20,2,pack,180,500,1.000,0.000,0.000,0.973,2.8,0.00,0.027,1.000,1.606
trio-core,20,2,pack,300,500,1.000,0.000,0.000,0.973,2.8,0.00,0.027,1.000,1.605
trio-core,20,2,boss,180,500,1.000,0.000,0.000,0.960,4.8,0.00,0.040,1.000,1.598
trio-core,20,2,boss,300,500,1.000,0.000,0.000,0.960,4.8,0.00,0.040,1.000,1.598
trio-core,20,3,solo,180,500,1.000,0.000,0.000,1.000,0.0,0.00,0.000,—,1.620
trio-core,20,3,solo,300,500,1.000,0.000,0.000,1.000,0.0,0.00,0.000,—,1.620
trio-core,20,3,pack,180,500,1.000,0.000,0.000,0.944,3.8,0.00,0.056,1.000,1.590
trio-core,20,3,pack,300,500,1.000,0.000,0.000,0.944,3.8,0.00,0.056,1.000,1.590
trio-core,20,3,boss,180,500,1.000,0.000,0.000,0.920,6.7,0.00,0.080,1.000,1.577
trio-core,20,3,boss,300,500,1.000,0.000,0.000,0.921,6.7,0.00,0.079,1.000,1.577
trio-core,20,4,solo,180,500,1.000,0.000,0.000,1.000,0.0,0.00,0.000,—,1.620
trio-core,20,4,solo,300,500,1.000,0.000,0.000,1.000,0.0,0.00,0.000,—,1.620
trio-core,20,4,pack,180,500,1.000,0.000,0.000,0.922,4.8,0.00,0.078,1.000,1.578
trio-core,20,4,pack,300,500,1.000,0.000,0.000,0.921,4.8,0.00,0.079,1.000,1.578
trio-core,20,4,boss,180,500,1.000,0.000,0.000,0.889,11.2,0.00,0.111,1.000,1.560
trio-core,20,4,boss,300,500,1.000,0.000,0.000,0.891,11.2,0.00,0.109,1.000,1.561
trio-core,20,5,solo,180,500,1.000,0.000,0.000,0.963,1.8,0.00,0.037,1.000,1.600
trio-core,20,5,solo,300,500,1.000,0.000,0.000,0.963,1.8,0.00,0.037,1.000,1.600
trio-core,20,5,pack,180,500,1.000,0.000,0.000,0.965,9.8,0.00,0.035,1.000,1.601
trio-core,20,5,pack,300,500,1.000,0.000,0.000,0.967,9.8,0.00,0.033,1.000,1.602
trio-core,20,5,boss,180,500,1.000,0.000,0.000,0.973,18.0,0.00,0.027,1.000,1.605
trio-core,20,5,boss,300,500,1.000,0.000,0.000,0.971,18.1,0.00,0.029,1.000,1.604
trio-core,20,6,solo,180,500,1.000,0.000,0.000,0.909,3.6,0.00,0.091,1.000,1.571
trio-core,20,6,solo,300,500,1.000,0.000,0.000,0.909,3.6,0.00,0.091,1.000,1.571
trio-core,20,6,pack,180,500,1.000,0.000,0.000,0.984,14.6,0.00,0.016,1.000,1.611
trio-core,20,6,pack,300,500,1.000,0.000,0.000,0.984,14.5,0.00,0.016,1.000,1.611
trio-core,20,6,boss,180,500,1.000,0.000,0.000,0.968,28.8,0.00,0.032,1.000,1.603
trio-core,20,6,boss,300,500,1.000,0.000,0.000,0.970,28.8,0.00,0.030,1.000,1.604
trio-core,20,7,solo,180,500,1.000,0.000,0.000,0.939,5.3,0.00,0.061,1.000,1.587
trio-core,20,7,solo,300,500,1.000,0.000,0.000,0.944,5.4,0.00,0.056,1.000,1.590
trio-core,20,7,pack,180,500,0.662,0.016,0.322,0.898,22.4,1.05,0.401,0.733,1.036
trio-core,20,7,pack,300,500,0.652,0.016,0.332,0.898,22.4,1.07,0.411,0.696,1.020
trio-core,20,7,boss,180,500,1.000,0.000,0.000,0.938,44.0,0.00,0.062,1.000,1.586
trio-core,20,7,boss,300,500,1.000,0.000,0.000,0.942,44.0,0.00,0.058,1.000,1.589
trio-core,20,8,solo,180,500,1.000,0.000,0.000,0.914,9.8,0.00,0.086,1.000,1.573
trio-core,20,8,solo,300,500,1.000,0.000,0.000,0.916,9.8,0.00,0.084,1.000,1.575
trio-core,20,8,pack,180,500,0.002,0.000,0.998,0.344,36.4,3.00,0.999,0.411,0.003
trio-core,20,8,pack,300,500,0.000,0.002,0.998,—,—,3.00,1.000,0.404,0.000
trio-core,20,8,boss,180,500,0.086,0.000,0.914,0.841,69.7,2.74,0.928,0.574,0.132
trio-core,20,8,boss,300,500,0.084,0.000,0.916,0.840,69.1,2.75,0.929,0.566,0.129
trio-core,35,1,solo,180,500,1.000,0.000,0.000,1.000,0.0,0.00,0.000,—,1.710
trio-core,35,1,solo,300,500,1.000,0.000,0.000,1.000,0.0,0.00,0.000,—,1.710
trio-core,35,1,pack,180,500,1.000,0.000,0.000,1.000,0.0,0.00,0.000,—,1.710
trio-core,35,1,pack,300,500,1.000,0.000,0.000,1.000,0.0,0.00,0.000,—,1.710
trio-core,35,1,boss,180,500,1.000,0.000,0.000,0.992,1.3,0.00,0.008,1.000,1.706
trio-core,35,1,boss,300,500,1.000,0.000,0.000,0.993,1.3,0.00,0.007,1.000,1.706
trio-core,35,2,solo,180,500,1.000,0.000,0.000,1.000,0.0,0.00,0.000,—,1.710
trio-core,35,2,solo,300,500,1.000,0.000,0.000,1.000,0.0,0.00,0.000,—,1.710
trio-core,35,2,pack,180,500,1.000,0.000,0.000,0.993,0.7,0.00,0.007,1.000,1.706
trio-core,35,2,pack,300,500,1.000,0.000,0.000,0.993,0.7,0.00,0.007,1.000,1.706
trio-core,35,2,boss,180,500,1.000,0.000,0.000,0.990,2.5,0.00,0.010,1.000,1.704
trio-core,35,2,boss,300,500,1.000,0.000,0.000,0.990,2.5,0.00,0.010,1.000,1.704
trio-core,35,3,solo,180,500,1.000,0.000,0.000,1.000,0.0,0.00,0.000,—,1.710
trio-core,35,3,solo,300,500,1.000,0.000,0.000,1.000,0.0,0.00,0.000,—,1.710
trio-core,35,3,pack,180,500,1.000,0.000,0.000,0.980,1.9,0.00,0.020,1.000,1.698
trio-core,35,3,pack,300,500,1.000,0.000,0.000,0.980,1.9,0.00,0.020,1.000,1.699
trio-core,35,3,boss,180,500,1.000,0.000,0.000,0.971,3.7,0.00,0.029,1.000,1.693
trio-core,35,3,boss,300,500,1.000,0.000,0.000,0.971,3.7,0.00,0.029,1.000,1.694
trio-core,35,4,solo,180,500,1.000,0.000,0.000,1.000,0.0,0.00,0.000,—,1.710
trio-core,35,4,solo,300,500,1.000,0.000,0.000,1.000,0.0,0.00,0.000,—,1.710
trio-core,35,4,pack,180,500,1.000,0.000,0.000,0.972,2.6,0.00,0.028,1.000,1.694
trio-core,35,4,pack,300,500,1.000,0.000,0.000,0.972,2.6,0.00,0.028,1.000,1.694
trio-core,35,4,boss,180,500,1.000,0.000,0.000,0.959,4.5,0.00,0.041,1.000,1.686
trio-core,35,4,boss,300,500,1.000,0.000,0.000,0.958,4.5,0.00,0.042,1.000,1.686
trio-core,35,5,solo,180,500,1.000,0.000,0.000,1.000,0.0,0.00,0.000,—,1.710
trio-core,35,5,solo,300,500,1.000,0.000,0.000,1.000,0.0,0.00,0.000,—,1.710
trio-core,35,5,pack,180,500,1.000,0.000,0.000,0.942,3.9,0.00,0.058,1.000,1.677
trio-core,35,5,pack,300,500,1.000,0.000,0.000,0.942,3.9,0.00,0.058,1.000,1.677
trio-core,35,5,boss,180,500,1.000,0.000,0.000,0.914,7.4,0.00,0.086,1.000,1.661
trio-core,35,5,boss,300,500,1.000,0.000,0.000,0.915,7.4,0.00,0.085,1.000,1.662
trio-core,35,6,solo,180,500,1.000,0.000,0.000,0.972,0.7,0.00,0.028,1.000,1.694
trio-core,35,6,solo,300,500,1.000,0.000,0.000,0.972,0.7,0.00,0.028,1.000,1.694
trio-core,35,6,pack,180,500,1.000,0.000,0.000,0.945,5.5,0.00,0.055,1.000,1.678
trio-core,35,6,pack,300,500,1.000,0.000,0.000,0.947,5.6,0.00,0.053,1.000,1.680
trio-core,35,6,boss,180,500,1.000,0.000,0.000,0.911,11.6,0.00,0.089,1.000,1.659
trio-core,35,6,boss,300,500,1.000,0.000,0.000,0.906,11.5,0.00,0.094,1.000,1.656
trio-core,35,7,solo,180,500,1.000,0.000,0.000,0.963,1.9,0.00,0.037,1.000,1.689
trio-core,35,7,solo,300,500,1.000,0.000,0.000,0.963,1.9,0.00,0.037,1.000,1.689
trio-core,35,7,pack,180,500,1.000,0.000,0.000,0.963,9.9,0.00,0.037,1.000,1.689
trio-core,35,7,pack,300,500,1.000,0.000,0.000,0.964,9.8,0.00,0.036,1.000,1.689
trio-core,35,7,boss,180,500,1.000,0.000,0.000,0.956,19.0,0.00,0.044,1.000,1.685
trio-core,35,7,boss,300,500,1.000,0.000,0.000,0.957,19.1,0.00,0.043,1.000,1.685
trio-core,35,8,solo,180,500,1.000,0.000,0.000,0.893,3.9,0.00,0.107,1.000,1.649
trio-core,35,8,solo,300,500,1.000,0.000,0.000,0.893,3.9,0.00,0.107,1.000,1.649
trio-core,35,8,pack,180,500,1.000,0.000,0.000,0.949,15.4,0.00,0.051,1.000,1.681
trio-core,35,8,pack,300,500,1.000,0.000,0.000,0.948,15.4,0.00,0.052,1.000,1.680
trio-core,35,8,boss,180,500,1.000,0.000,0.000,0.959,30.3,0.00,0.041,1.000,1.686
trio-core,35,8,boss,300,500,1.000,0.000,0.000,0.961,30.3,0.00,0.039,1.000,1.688
trio-core,50,1,solo,180,500,1.000,0.000,0.000,1.000,0.0,0.00,0.000,—,1.800
trio-core,50,1,solo,300,500,1.000,0.000,0.000,1.000,0.0,0.00,0.000,—,1.800
trio-core,50,1,pack,180,500,1.000,0.000,0.000,1.000,0.0,0.00,0.000,—,1.800
trio-core,50,1,pack,300,500,1.000,0.000,0.000,1.000,0.0,0.00,0.000,—,1.800
trio-core,50,1,boss,180,500,1.000,0.000,0.000,0.995,0.9,0.00,0.005,1.000,1.797
trio-core,50,1,boss,300,500,1.000,0.000,0.000,0.996,0.9,0.00,0.004,1.000,1.797
trio-core,50,2,solo,180,500,1.000,0.000,0.000,1.000,0.0,0.00,0.000,—,1.800
trio-core,50,2,solo,300,500,1.000,0.000,0.000,1.000,0.0,0.00,0.000,—,1.800
trio-core,50,2,pack,180,500,1.000,0.000,0.000,1.000,0.0,0.00,0.000,—,1.800
trio-core,50,2,pack,300,500,1.000,0.000,0.000,1.000,0.0,0.00,0.000,—,1.800
trio-core,50,2,boss,180,500,1.000,0.000,0.000,0.994,1.0,0.00,0.006,1.000,1.796
trio-core,50,2,boss,300,500,1.000,0.000,0.000,0.994,1.0,0.00,0.006,1.000,1.796
trio-core,50,3,solo,180,500,1.000,0.000,0.000,1.000,0.0,0.00,0.000,—,1.800
trio-core,50,3,solo,300,500,1.000,0.000,0.000,1.000,0.0,0.00,0.000,—,1.800
trio-core,50,3,pack,180,500,1.000,0.000,0.000,0.994,0.5,0.00,0.006,1.000,1.796
trio-core,50,3,pack,300,500,1.000,0.000,0.000,0.994,0.5,0.00,0.006,1.000,1.796
trio-core,50,3,boss,180,500,1.000,0.000,0.000,0.991,1.9,0.00,0.009,1.000,1.795
trio-core,50,3,boss,300,500,1.000,0.000,0.000,0.991,1.9,0.00,0.009,1.000,1.795
trio-core,50,4,solo,180,500,1.000,0.000,0.000,1.000,0.0,0.00,0.000,—,1.800
trio-core,50,4,solo,300,500,1.000,0.000,0.000,1.000,0.0,0.00,0.000,—,1.800
trio-core,50,4,pack,180,500,1.000,0.000,0.000,0.983,1.4,0.00,0.017,1.000,1.790
trio-core,50,4,pack,300,500,1.000,0.000,0.000,0.984,1.4,0.00,0.016,1.000,1.790
trio-core,50,4,boss,180,500,1.000,0.000,0.000,0.988,2.8,0.00,0.012,1.000,1.793
trio-core,50,4,boss,300,500,1.000,0.000,0.000,0.988,2.8,0.00,0.012,1.000,1.793
trio-core,50,5,solo,180,500,1.000,0.000,0.000,1.000,0.0,0.00,0.000,—,1.800
trio-core,50,5,solo,300,500,1.000,0.000,0.000,1.000,0.0,0.00,0.000,—,1.800
trio-core,50,5,pack,180,500,1.000,0.000,0.000,0.977,1.9,0.00,0.023,1.000,1.786
trio-core,50,5,pack,300,500,1.000,0.000,0.000,0.978,1.9,0.00,0.022,1.000,1.787
trio-core,50,5,boss,180,500,1.000,0.000,0.000,0.966,4.0,0.00,0.034,1.000,1.780
trio-core,50,5,boss,300,500,1.000,0.000,0.000,0.966,4.0,0.00,0.034,1.000,1.780
trio-core,50,6,solo,180,500,1.000,0.000,0.000,1.000,0.0,0.00,0.000,—,1.800
trio-core,50,6,solo,300,500,1.000,0.000,0.000,1.000,0.0,0.00,0.000,—,1.800
trio-core,50,6,pack,180,500,1.000,0.000,0.000,0.968,2.9,0.00,0.032,1.000,1.781
trio-core,50,6,pack,300,500,1.000,0.000,0.000,0.968,2.9,0.00,0.032,1.000,1.781
trio-core,50,6,boss,180,500,1.000,0.000,0.000,0.944,6.1,0.00,0.056,1.000,1.766
trio-core,50,6,boss,300,500,1.000,0.000,0.000,0.946,6.1,0.00,0.054,1.000,1.768
trio-core,50,7,solo,180,500,1.000,0.000,0.000,0.978,0.9,0.00,0.022,1.000,1.787
trio-core,50,7,solo,300,500,1.000,0.000,0.000,0.978,0.9,0.00,0.022,1.000,1.787
trio-core,50,7,pack,180,500,1.000,0.000,0.000,0.904,4.7,0.00,0.096,1.000,1.743
trio-core,50,7,pack,300,500,1.000,0.000,0.000,0.907,4.7,0.00,0.093,1.000,1.744
trio-core,50,7,boss,180,500,1.000,0.000,0.000,0.885,9.5,0.00,0.115,1.000,1.731
trio-core,50,7,boss,300,500,1.000,0.000,0.000,0.880,9.5,0.00,0.120,1.000,1.728
trio-core,50,8,solo,180,500,1.000,0.000,0.000,0.969,1.8,0.00,0.031,1.000,1.781
trio-core,50,8,solo,300,500,1.000,0.000,0.000,0.970,1.8,0.00,0.030,1.000,1.782
trio-core,50,8,pack,180,500,1.000,0.000,0.000,0.982,8.4,0.00,0.018,1.000,1.789
trio-core,50,8,pack,300,500,1.000,0.000,0.000,0.983,8.4,0.00,0.017,1.000,1.790
trio-core,50,8,boss,180,500,1.000,0.000,0.000,0.989,16.5,0.00,0.011,1.000,1.794
trio-core,50,8,boss,300,500,1.000,0.000,0.000,0.989,16.5,0.00,0.011,1.000,1.793
trio-double-dps,1,1,solo,180,500,1.000,0.000,0.000,0.961,2.5,0.00,0.039,1.000,1.486
trio-double-dps,1,1,solo,300,500,1.000,0.000,0.000,0.961,2.5,0.00,0.039,1.000,1.486
trio-double-dps,1,1,pack,180,500,1.000,0.000,0.000,0.740,12.0,0.00,0.260,1.000,1.376
trio-double-dps,1,1,pack,300,500,1.000,0.000,0.000,0.740,11.9,0.00,0.260,1.000,1.376
trio-double-dps,1,1,boss,180,500,1.000,0.000,0.000,0.554,23.6,0.62,0.446,1.000,1.282
trio-double-dps,1,1,boss,300,500,1.000,0.000,0.000,0.555,23.5,0.61,0.445,1.000,1.283
trio-double-dps,1,2,solo,180,500,1.000,0.000,0.000,0.901,4.5,0.00,0.099,1.000,1.456
trio-double-dps,1,2,solo,300,500,1.000,0.000,0.000,0.903,4.5,0.00,0.097,1.000,1.457
trio-double-dps,1,2,pack,180,500,1.000,0.000,0.000,0.343,19.3,1.33,0.657,0.724,1.176
trio-double-dps,1,2,pack,300,500,1.000,0.000,0.000,0.341,19.3,1.34,0.659,0.724,1.175
trio-double-dps,1,2,boss,180,500,0.022,0.000,0.978,0.180,39.0,2.97,0.996,0.524,0.024
trio-double-dps,1,2,boss,300,500,0.016,0.000,0.984,0.181,38.5,2.98,0.997,0.523,0.018
trio-double-dps,1,3,solo,180,500,1.000,0.000,0.000,0.849,6.0,0.00,0.151,1.000,1.430
trio-double-dps,1,3,solo,300,500,1.000,0.000,0.000,0.851,6.0,0.00,0.149,1.000,1.431
trio-double-dps,1,3,pack,180,500,0.000,0.000,1.000,—,—,3.00,1.000,0.454,0.000
trio-double-dps,1,3,pack,300,500,0.000,0.000,1.000,—,—,3.00,1.000,0.453,0.000
trio-double-dps,1,3,boss,180,500,0.000,0.000,1.000,—,—,3.00,1.000,0.531,0.000
trio-double-dps,1,3,boss,300,500,0.000,0.000,1.000,—,—,3.00,1.000,0.529,0.000
trio-double-dps,1,4,solo,180,500,1.000,0.000,0.000,0.581,11.0,0.00,0.419,1.000,1.296
trio-double-dps,1,4,solo,300,500,1.000,0.000,0.000,0.583,11.1,0.00,0.417,1.000,1.297
trio-double-dps,1,4,pack,180,500,0.000,0.000,1.000,—,—,3.00,1.000,0.406,0.000
trio-double-dps,1,4,pack,300,500,0.000,0.000,1.000,—,—,3.00,1.000,0.406,0.000
trio-double-dps,1,4,boss,180,500,0.000,0.000,1.000,—,—,3.00,1.000,0.453,0.000
trio-double-dps,1,4,boss,300,500,0.000,0.000,1.000,—,—,3.00,1.000,0.448,0.000
trio-double-dps,1,5,solo,180,500,0.412,0.000,0.588,0.267,18.5,2.46,0.890,0.493,0.469
trio-double-dps,1,5,solo,300,500,0.440,0.000,0.560,0.262,18.5,2.43,0.885,0.498,0.500
trio-double-dps,1,5,pack,180,500,0.000,0.000,1.000,—,—,3.00,1.000,0.431,0.000
trio-double-dps,1,5,pack,300,500,0.000,0.000,1.000,—,—,3.00,1.000,0.435,0.000
trio-double-dps,1,5,boss,180,500,0.000,0.000,1.000,—,—,3.00,1.000,0.419,0.000
trio-double-dps,1,5,boss,300,500,0.000,0.000,1.000,—,—,3.00,1.000,0.420,0.000
trio-double-dps,1,6,solo,180,500,0.000,0.000,1.000,—,—,3.00,1.000,0.347,0.000
trio-double-dps,1,6,solo,300,500,0.000,0.000,1.000,—,—,3.00,1.000,0.348,0.000
trio-double-dps,1,6,pack,180,500,0.000,0.000,1.000,—,—,3.00,1.000,0.342,0.000
trio-double-dps,1,6,pack,300,500,0.000,0.000,1.000,—,—,3.00,1.000,0.337,0.000
trio-double-dps,1,6,boss,180,500,0.000,0.000,1.000,—,—,3.00,1.000,0.355,0.000
trio-double-dps,1,6,boss,300,500,0.000,0.000,1.000,—,—,3.00,1.000,0.359,0.000
trio-double-dps,1,7,solo,180,500,0.000,0.000,1.000,—,—,3.00,1.000,0.488,0.000
trio-double-dps,1,7,solo,300,500,0.000,0.000,1.000,—,—,3.00,1.000,0.485,0.000
trio-double-dps,1,7,pack,180,500,0.000,0.000,1.000,—,—,3.00,1.000,0.484,0.000
trio-double-dps,1,7,pack,300,500,0.000,0.000,1.000,—,—,3.00,1.000,0.486,0.000
trio-double-dps,1,7,boss,180,500,0.000,0.000,1.000,—,—,3.00,1.000,0.249,0.000
trio-double-dps,1,7,boss,300,500,0.000,0.000,1.000,—,—,3.00,1.000,0.250,0.000
trio-double-dps,1,8,solo,180,500,0.000,0.000,1.000,—,—,3.00,1.000,0.486,0.000
trio-double-dps,1,8,solo,300,500,0.000,0.000,1.000,—,—,3.00,1.000,0.488,0.000
trio-double-dps,1,8,pack,180,500,0.000,0.000,1.000,—,—,3.00,1.000,0.487,0.000
trio-double-dps,1,8,pack,300,500,0.000,0.000,1.000,—,—,3.00,1.000,0.485,0.000
trio-double-dps,1,8,boss,180,500,0.000,0.000,1.000,—,—,3.00,1.000,0.354,0.000
trio-double-dps,1,8,boss,300,500,0.000,0.000,1.000,—,—,3.00,1.000,0.347,0.000
trio-double-dps,5,1,solo,180,500,1.000,0.000,0.000,1.000,0.0,0.00,0.000,—,1.530
trio-double-dps,5,1,solo,300,500,1.000,0.000,0.000,1.000,0.0,0.00,0.000,—,1.530
trio-double-dps,5,1,pack,180,500,1.000,0.000,0.000,0.899,5.8,0.00,0.101,1.000,1.479
trio-double-dps,5,1,pack,300,500,1.000,0.000,0.000,0.897,5.8,0.00,0.103,1.000,1.478
trio-double-dps,5,1,boss,180,500,1.000,0.000,0.000,0.840,11.2,0.00,0.160,1.000,1.448
trio-double-dps,5,1,boss,300,500,1.000,0.000,0.000,0.840,11.2,0.00,0.160,1.000,1.448
trio-double-dps,5,2,solo,180,500,1.000,0.000,0.000,0.964,1.7,0.00,0.036,1.000,1.512
trio-double-dps,5,2,solo,300,500,1.000,0.000,0.000,0.963,1.8,0.00,0.037,1.000,1.511
trio-double-dps,5,2,pack,180,500,1.000,0.000,0.000,0.774,8.2,0.00,0.226,1.000,1.415
trio-double-dps,5,2,pack,300,500,1.000,0.000,0.000,0.771,8.2,0.00,0.229,1.000,1.413
trio-double-dps,5,2,boss,180,500,1.000,0.000,0.000,0.652,16.3,0.00,0.348,1.000,1.353
trio-double-dps,5,2,boss,300,500,1.000,0.000,0.000,0.656,16.2,0.00,0.344,1.000,1.355
trio-double-dps,5,3,solo,180,500,1.000,0.000,0.000,0.944,2.1,0.00,0.056,1.000,1.501
trio-double-dps,5,3,solo,300,500,1.000,0.000,0.000,0.945,2.1,0.00,0.055,1.000,1.502
trio-double-dps,5,3,pack,180,500,1.000,0.000,0.000,0.564,11.2,0.24,0.436,1.000,1.308
trio-double-dps,5,3,pack,300,500,1.000,0.000,0.000,0.566,11.2,0.23,0.434,1.000,1.309
trio-double-dps,5,3,boss,180,500,1.000,0.000,0.000,0.276,25.5,1.55,0.724,0.682,1.161
trio-double-dps,5,3,boss,300,500,1.000,0.000,0.000,0.268,25.6,1.59,0.732,0.673,1.157
trio-double-dps,5,4,solo,180,500,1.000,0.000,0.000,0.847,5.2,0.00,0.153,1.000,1.452
trio-double-dps,5,4,solo,300,500,1.000,0.000,0.000,0.847,5.2,0.00,0.153,1.000,1.452
trio-double-dps,5,4,pack,180,500,0.136,0.000,0.864,0.168,19.6,2.82,0.977,0.514,0.150
trio-double-dps,5,4,pack,300,500,0.114,0.000,0.886,0.163,20.1,2.85,0.981,0.511,0.126
trio-double-dps,5,4,boss,180,500,0.000,0.000,1.000,—,—,3.00,1.000,0.561,0.000
trio-double-dps,5,4,boss,300,500,0.000,0.000,1.000,—,—,3.00,1.000,0.562,0.000
trio-double-dps,5,5,solo,180,500,1.000,0.000,0.000,0.685,7.0,0.00,0.315,1.000,1.369
trio-double-dps,5,5,solo,300,500,1.000,0.000,0.000,0.689,7.0,0.00,0.311,1.000,1.371
trio-double-dps,5,5,pack,180,500,0.000,0.000,1.000,—,—,3.00,1.000,0.452,0.000
trio-double-dps,5,5,pack,300,500,0.000,0.000,1.000,—,—,3.00,1.000,0.448,0.000
trio-double-dps,5,5,boss,180,500,0.000,0.000,1.000,—,—,3.00,1.000,0.500,0.000
trio-double-dps,5,5,boss,300,500,0.000,0.000,1.000,—,—,3.00,1.000,0.492,0.000
trio-double-dps,5,6,solo,180,500,1.000,0.000,0.000,0.396,11.9,1.12,0.604,0.783,1.222
trio-double-dps,5,6,solo,300,500,1.000,0.000,0.000,0.396,11.8,1.16,0.604,0.776,1.222
trio-double-dps,5,6,pack,180,500,0.000,0.000,1.000,—,—,3.00,1.000,0.434,0.000
trio-double-dps,5,6,pack,300,500,0.000,0.000,1.000,—,—,3.00,1.000,0.430,0.000
trio-double-dps,5,6,boss,180,500,0.000,0.000,1.000,—,—,3.00,1.000,0.462,0.000
trio-double-dps,5,6,boss,300,500,0.000,0.000,1.000,—,—,3.00,1.000,0.455,0.000
trio-double-dps,5,7,solo,180,500,0.014,0.000,0.986,0.235,20.4,2.98,0.997,0.484,0.016
trio-double-dps,5,7,solo,300,500,0.010,0.000,0.990,0.223,20.6,2.99,0.998,0.492,0.011
trio-double-dps,5,7,pack,180,500,0.000,0.000,1.000,—,—,3.00,1.000,0.490,0.000
trio-double-dps,5,7,pack,300,500,0.000,0.000,1.000,—,—,3.00,1.000,0.488,0.000
trio-double-dps,5,7,boss,180,500,0.000,0.000,1.000,—,—,3.00,1.000,0.370,0.000
trio-double-dps,5,7,boss,300,500,0.000,0.000,1.000,—,—,3.00,1.000,0.369,0.000
trio-double-dps,5,8,solo,180,500,0.000,0.000,1.000,—,—,3.00,1.000,0.487,0.000
trio-double-dps,5,8,solo,300,500,0.000,0.000,1.000,—,—,3.00,1.000,0.486,0.000
trio-double-dps,5,8,pack,180,500,0.000,0.000,1.000,—,—,3.00,1.000,0.484,0.000
trio-double-dps,5,8,pack,300,500,0.000,0.000,1.000,—,—,3.00,1.000,0.485,0.000
trio-double-dps,5,8,boss,180,500,0.000,0.000,1.000,—,—,3.00,1.000,0.278,0.000
trio-double-dps,5,8,boss,300,500,0.000,0.000,1.000,—,—,3.00,1.000,0.293,0.000
trio-double-dps,10,1,solo,180,500,1.000,0.000,0.000,1.000,0.0,0.00,0.000,—,1.560
trio-double-dps,10,1,solo,300,500,1.000,0.000,0.000,1.000,0.0,0.00,0.000,—,1.560
trio-double-dps,10,1,pack,180,500,1.000,0.000,0.000,0.960,2.9,0.00,0.040,1.000,1.539
trio-double-dps,10,1,pack,300,500,1.000,0.000,0.000,0.960,2.9,0.00,0.040,1.000,1.539
trio-double-dps,10,1,boss,180,500,1.000,0.000,0.000,0.941,5.6,0.00,0.059,1.000,1.529
trio-double-dps,10,1,boss,300,500,1.000,0.000,0.000,0.941,5.6,0.00,0.059,1.000,1.529
trio-double-dps,10,2,solo,180,500,1.000,0.000,0.000,1.000,0.0,0.00,0.000,—,1.560
trio-double-dps,10,2,solo,300,500,1.000,0.000,0.000,1.000,0.0,0.00,0.000,—,1.560
trio-double-dps,10,2,pack,180,500,1.000,0.000,0.000,0.917,4.5,0.00,0.083,1.000,1.517
trio-double-dps,10,2,pack,300,500,1.000,0.000,0.000,0.916,4.6,0.00,0.084,1.000,1.516
trio-double-dps,10,2,boss,180,500,1.000,0.000,0.000,0.882,8.3,0.00,0.118,1.000,1.499
trio-double-dps,10,2,boss,300,500,1.000,0.000,0.000,0.883,8.3,0.00,0.117,1.000,1.499
trio-double-dps,10,3,solo,180,500,1.000,0.000,0.000,0.965,1.3,0.00,0.035,1.000,1.542
trio-double-dps,10,3,solo,300,500,1.000,0.000,0.000,0.967,1.2,0.00,0.033,1.000,1.543
trio-double-dps,10,3,pack,180,500,1.000,0.000,0.000,0.795,6.2,0.00,0.205,1.000,1.453
trio-double-dps,10,3,pack,300,500,1.000,0.000,0.000,0.788,6.2,0.00,0.212,1.000,1.450
trio-double-dps,10,3,boss,180,500,1.000,0.000,0.000,0.714,12.4,0.00,0.286,1.000,1.411
trio-double-dps,10,3,boss,300,500,1.000,0.000,0.000,0.718,12.4,0.00,0.282,1.000,1.413
trio-double-dps,10,4,solo,180,500,1.000,0.000,0.000,0.947,1.6,0.00,0.053,1.000,1.532
trio-double-dps,10,4,solo,300,500,1.000,0.000,0.000,0.945,1.6,0.00,0.055,1.000,1.531
trio-double-dps,10,4,pack,180,500,1.000,0.000,0.000,0.682,8.5,0.00,0.318,1.000,1.394
trio-double-dps,10,4,pack,300,500,1.000,0.000,0.000,0.682,8.5,0.00,0.318,1.000,1.395
trio-double-dps,10,4,boss,180,500,1.000,0.000,0.000,0.474,17.9,0.79,0.526,0.914,1.287
trio-double-dps,10,4,boss,300,500,1.000,0.000,0.000,0.472,18.0,0.80,0.528,0.912,1.285
trio-double-dps,10,5,solo,180,500,1.000,0.000,0.000,0.851,3.9,0.00,0.149,1.000,1.483
trio-double-dps,10,5,solo,300,500,1.000,0.000,0.000,0.852,3.9,0.00,0.148,1.000,1.483
trio-double-dps,10,5,pack,180,500,0.724,0.000,0.276,0.272,15.1,1.88,0.803,0.624,0.855
trio-double-dps,10,5,pack,300,500,0.714,0.000,0.286,0.264,15.2,1.92,0.812,0.618,0.840
trio-double-dps,10,5,boss,180,500,0.046,0.000,0.954,0.229,28.6,2.94,0.989,0.543,0.053
trio-double-dps,10,5,boss,300,500,0.040,0.000,0.960,0.184,28.9,2.95,0.993,0.540,0.045
trio-double-dps,10,6,solo,180,500,1.000,0.000,0.000,0.790,5.9,0.00,0.210,1.000,1.451
trio-double-dps,10,6,solo,300,500,1.000,0.000,0.000,0.791,5.9,0.00,0.209,1.000,1.451
trio-double-dps,10,6,pack,180,500,0.000,0.000,1.000,—,—,3.00,1.000,0.506,0.000
trio-double-dps,10,6,pack,300,500,0.000,0.000,1.000,—,—,3.00,1.000,0.508,0.000
trio-double-dps,10,6,boss,180,500,0.000,0.000,1.000,—,—,3.00,1.000,0.492,0.000
trio-double-dps,10,6,boss,300,500,0.000,0.000,1.000,—,—,3.00,1.000,0.498,0.000
trio-double-dps,10,7,solo,180,500,1.000,0.000,0.000,0.444,9.6,0.92,0.556,0.876,1.271
trio-double-dps,10,7,solo,300,500,1.000,0.000,0.000,0.458,9.6,0.91,0.542,0.879,1.278
trio-double-dps,10,7,pack,180,500,0.000,0.000,1.000,—,—,3.00,1.000,0.437,0.000
trio-double-dps,10,7,pack,300,500,0.000,0.000,1.000,—,—,3.00,1.000,0.433,0.000
trio-double-dps,10,7,boss,180,500,0.000,0.000,1.000,—,—,3.00,1.000,0.494,0.000
trio-double-dps,10,7,boss,300,500,0.000,0.000,1.000,—,—,3.00,1.000,0.492,0.000
trio-double-dps,10,8,solo,180,500,0.092,0.000,0.908,0.354,16.3,2.88,0.967,0.588,0.113
trio-double-dps,10,8,solo,300,500,0.064,0.000,0.936,0.340,16.4,2.92,0.978,0.590,0.078
trio-double-dps,10,8,pack,180,500,0.000,0.000,1.000,—,—,3.00,1.000,0.579,0.000
trio-double-dps,10,8,pack,300,500,0.000,0.000,1.000,—,—,3.00,1.000,0.579,0.000
trio-double-dps,10,8,boss,180,500,0.000,0.000,1.000,—,—,3.00,1.000,0.382,0.000
trio-double-dps,10,8,boss,300,500,0.000,0.000,1.000,—,—,3.00,1.000,0.386,0.000
trio-double-dps,20,1,solo,180,500,1.000,0.000,0.000,1.000,0.0,0.00,0.000,—,1.620
trio-double-dps,20,1,solo,300,500,1.000,0.000,0.000,1.000,0.0,0.00,0.000,—,1.620
trio-double-dps,20,1,pack,180,500,1.000,0.000,0.000,0.989,1.0,0.00,0.011,1.000,1.614
trio-double-dps,20,1,pack,300,500,1.000,0.000,0.000,0.990,1.0,0.00,0.010,1.000,1.614
trio-double-dps,20,1,boss,180,500,1.000,0.000,0.000,0.984,2.1,0.00,0.016,1.000,1.611
trio-double-dps,20,1,boss,300,500,1.000,0.000,0.000,0.984,2.1,0.00,0.016,1.000,1.611
trio-double-dps,20,2,solo,180,500,1.000,0.000,0.000,1.000,0.0,0.00,0.000,—,1.620
trio-double-dps,20,2,solo,300,500,1.000,0.000,0.000,1.000,0.0,0.00,0.000,—,1.620
trio-double-dps,20,2,pack,180,500,1.000,0.000,0.000,0.971,1.8,0.00,0.029,1.000,1.604
trio-double-dps,20,2,pack,300,500,1.000,0.000,0.000,0.970,1.8,0.00,0.030,1.000,1.604
trio-double-dps,20,2,boss,180,500,1.000,0.000,0.000,0.957,3.1,0.00,0.043,1.000,1.597
trio-double-dps,20,2,boss,300,500,1.000,0.000,0.000,0.956,3.1,0.00,0.044,1.000,1.596
trio-double-dps,20,3,solo,180,500,1.000,0.000,0.000,1.000,0.0,0.00,0.000,—,1.620
trio-double-dps,20,3,solo,300,500,1.000,0.000,0.000,1.000,0.0,0.00,0.000,—,1.620
trio-double-dps,20,3,pack,180,500,1.000,0.000,0.000,0.957,2.1,0.00,0.043,1.000,1.597
trio-double-dps,20,3,pack,300,500,1.000,0.000,0.000,0.958,2.1,0.00,0.042,1.000,1.597
trio-double-dps,20,3,boss,180,500,1.000,0.000,0.000,0.938,4.8,0.00,0.062,1.000,1.586
trio-double-dps,20,3,boss,300,500,1.000,0.000,0.000,0.937,4.8,0.00,0.063,1.000,1.586
trio-double-dps,20,4,solo,180,500,1.000,0.000,0.000,0.975,0.8,0.00,0.025,1.000,1.606
trio-double-dps,20,4,solo,300,500,1.000,0.000,0.000,0.974,0.8,0.00,0.026,1.000,1.606
trio-double-dps,20,4,pack,180,500,1.000,0.000,0.000,0.887,3.7,0.00,0.113,1.000,1.559
trio-double-dps,20,4,pack,300,500,1.000,0.000,0.000,0.888,3.8,0.00,0.112,1.000,1.559
trio-double-dps,20,4,boss,180,500,1.000,0.000,0.000,0.852,7.6,0.00,0.148,1.000,1.540
trio-double-dps,20,4,boss,300,500,1.000,0.000,0.000,0.852,7.6,0.00,0.148,1.000,1.540
trio-double-dps,20,5,solo,180,500,1.000,0.000,0.000,0.959,1.0,0.00,0.041,1.000,1.598
trio-double-dps,20,5,solo,300,500,1.000,0.000,0.000,0.960,1.0,0.00,0.040,1.000,1.598
trio-double-dps,20,5,pack,180,500,1.000,0.000,0.000,0.797,5.8,0.00,0.203,1.000,1.510
trio-double-dps,20,5,pack,300,500,1.000,0.000,0.000,0.796,5.8,0.00,0.204,1.000,1.510
trio-double-dps,20,5,boss,180,500,1.000,0.000,0.000,0.733,10.8,0.00,0.267,1.000,1.476
trio-double-dps,20,5,boss,300,500,1.000,0.000,0.000,0.723,10.8,0.00,0.277,1.000,1.471
trio-double-dps,20,6,solo,180,500,1.000,0.000,0.000,0.941,2.0,0.00,0.059,1.000,1.588
trio-double-dps,20,6,solo,300,500,1.000,0.000,0.000,0.942,2.0,0.00,0.058,1.000,1.589
trio-double-dps,20,6,pack,180,500,1.000,0.000,0.000,0.656,8.4,0.00,0.344,1.000,1.434
trio-double-dps,20,6,pack,300,500,1.000,0.000,0.000,0.653,8.4,0.00,0.347,1.000,1.432
trio-double-dps,20,6,boss,180,500,1.000,0.000,0.000,0.461,16.6,0.83,0.539,0.942,1.329
trio-double-dps,20,6,boss,300,500,1.000,0.000,0.000,0.468,16.6,0.81,0.532,0.944,1.333
trio-double-dps,20,7,solo,180,500,1.000,0.000,0.000,0.842,3.8,0.00,0.158,1.000,1.534
trio-double-dps,20,7,solo,300,500,1.000,0.000,0.000,0.841,3.8,0.00,0.159,1.000,1.534
trio-double-dps,20,7,pack,180,500,0.474,0.000,0.526,0.304,14.0,2.31,0.856,0.651,0.590
trio-double-dps,20,7,pack,300,500,0.496,0.000,0.504,0.299,14.0,2.29,0.852,0.659,0.616
trio-double-dps,20,7,boss,180,500,0.068,0.000,0.932,0.176,27.3,2.90,0.988,0.565,0.080
trio-double-dps,20,7,boss,300,500,0.054,0.000,0.946,0.180,27.3,2.93,0.990,0.567,0.064
trio-double-dps,20,8,solo,180,500,1.000,0.000,0.000,0.729,6.1,0.00,0.271,1.000,1.474
trio-double-dps,20,8,solo,300,500,1.000,0.000,0.000,0.733,6.1,0.00,0.267,1.000,1.476
trio-double-dps,20,8,pack,180,500,0.000,0.000,1.000,—,—,3.00,1.000,0.503,0.000
trio-double-dps,20,8,pack,300,500,0.000,0.000,1.000,—,—,3.00,1.000,0.503,0.000
trio-double-dps,20,8,boss,180,500,0.000,0.000,1.000,—,—,3.00,1.000,0.619,0.000
trio-double-dps,20,8,boss,300,500,0.000,0.000,1.000,—,—,3.00,1.000,0.626,0.000
trio-double-dps,35,1,solo,180,500,1.000,0.000,0.000,1.000,0.0,0.00,0.000,—,1.710
trio-double-dps,35,1,solo,300,500,1.000,0.000,0.000,1.000,0.0,0.00,0.000,—,1.710
trio-double-dps,35,1,pack,180,500,1.000,0.000,0.000,1.000,0.0,0.00,0.000,—,1.710
trio-double-dps,35,1,pack,300,500,1.000,0.000,0.000,1.000,0.0,0.00,0.000,—,1.710
trio-double-dps,35,1,boss,180,500,1.000,0.000,0.000,0.992,1.2,0.00,0.008,1.000,1.705
trio-double-dps,35,1,boss,300,500,1.000,0.000,0.000,0.992,1.2,0.00,0.008,1.000,1.705
trio-double-dps,35,2,solo,180,500,1.000,0.000,0.000,1.000,0.0,0.00,0.000,—,1.710
trio-double-dps,35,2,solo,300,500,1.000,0.000,0.000,1.000,0.0,0.00,0.000,—,1.710
trio-double-dps,35,2,pack,180,500,1.000,0.000,0.000,0.992,0.7,0.00,0.008,1.000,1.705
trio-double-dps,35,2,pack,300,500,1.000,0.000,0.000,0.992,0.7,0.00,0.008,1.000,1.705
trio-double-dps,35,2,boss,180,500,1.000,0.000,0.000,0.988,1.3,0.00,0.012,1.000,1.703
trio-double-dps,35,2,boss,300,500,1.000,0.000,0.000,0.988,1.4,0.00,0.012,1.000,1.703
trio-double-dps,35,3,solo,180,500,1.000,0.000,0.000,1.000,0.0,0.00,0.000,—,1.710
trio-double-dps,35,3,solo,300,500,1.000,0.000,0.000,1.000,0.0,0.00,0.000,—,1.710
trio-double-dps,35,3,pack,180,500,1.000,0.000,0.000,0.978,1.2,0.00,0.022,1.000,1.697
trio-double-dps,35,3,pack,300,500,1.000,0.000,0.000,0.978,1.2,0.00,0.022,1.000,1.697
trio-double-dps,35,3,boss,180,500,1.000,0.000,0.000,0.983,2.0,0.00,0.017,1.000,1.700
trio-double-dps,35,3,boss,300,500,1.000,0.000,0.000,0.984,2.0,0.00,0.016,1.000,1.701
trio-double-dps,35,4,solo,180,500,1.000,0.000,0.000,1.000,0.0,0.00,0.000,—,1.710
trio-double-dps,35,4,solo,300,500,1.000,0.000,0.000,1.000,0.0,0.00,0.000,—,1.710
trio-double-dps,35,4,pack,180,500,1.000,0.000,0.000,0.969,1.4,0.00,0.031,1.000,1.692
trio-double-dps,35,4,pack,300,500,1.000,0.000,0.000,0.969,1.4,0.00,0.031,1.000,1.692
trio-double-dps,35,4,boss,180,500,1.000,0.000,0.000,0.964,3.0,0.00,0.036,1.000,1.690
trio-double-dps,35,4,boss,300,500,1.000,0.000,0.000,0.964,3.0,0.00,0.036,1.000,1.690
trio-double-dps,35,5,solo,180,500,1.000,0.000,0.000,1.000,0.0,0.00,0.000,—,1.710
trio-double-dps,35,5,solo,300,500,1.000,0.000,0.000,1.000,0.0,0.00,0.000,—,1.710
trio-double-dps,35,5,pack,180,500,1.000,0.000,0.000,0.956,2.0,0.00,0.044,1.000,1.685
trio-double-dps,35,5,pack,300,500,1.000,0.000,0.000,0.956,2.0,0.00,0.044,1.000,1.685
trio-double-dps,35,5,boss,180,500,1.000,0.000,0.000,0.921,4.9,0.00,0.079,1.000,1.665
trio-double-dps,35,5,boss,300,500,1.000,0.000,0.000,0.921,4.9,0.00,0.079,1.000,1.665
trio-double-dps,35,6,solo,180,500,1.000,0.000,0.000,0.970,0.7,0.00,0.030,1.000,1.693
trio-double-dps,35,6,solo,300,500,1.000,0.000,0.000,0.969,0.7,0.00,0.031,1.000,1.692
trio-double-dps,35,6,pack,180,500,1.000,0.000,0.000,0.878,3.9,0.00,0.122,1.000,1.641
trio-double-dps,35,6,pack,300,500,1.000,0.000,0.000,0.877,3.9,0.00,0.123,1.000,1.640
trio-double-dps,35,6,boss,180,500,1.000,0.000,0.000,0.841,6.9,0.00,0.159,1.000,1.619
trio-double-dps,35,6,boss,300,500,1.000,0.000,0.000,0.844,6.9,0.00,0.156,1.000,1.621
trio-double-dps,35,7,solo,180,500,1.000,0.000,0.000,0.957,1.3,0.00,0.043,1.000,1.685
trio-double-dps,35,7,solo,300,500,1.000,0.000,0.000,0.958,1.3,0.00,0.042,1.000,1.686
trio-double-dps,35,7,pack,180,500,1.000,0.000,0.000,0.787,5.8,0.00,0.213,1.000,1.589
trio-double-dps,35,7,pack,300,500,1.000,0.000,0.000,0.788,5.8,0.00,0.212,1.000,1.589
trio-double-dps,35,7,boss,180,500,1.000,0.000,0.000,0.713,10.9,0.00,0.287,1.000,1.546
trio-double-dps,35,7,boss,300,500,1.000,0.000,0.000,0.715,10.9,0.00,0.285,1.000,1.548
trio-double-dps,35,8,solo,180,500,1.000,0.000,0.000,0.939,2.5,0.00,0.061,1.000,1.675
trio-double-dps,35,8,solo,300,500,1.000,0.000,0.000,0.942,2.6,0.00,0.058,1.000,1.677
trio-double-dps,35,8,pack,180,500,1.000,0.000,0.000,0.645,8.6,0.00,0.355,1.000,1.508
trio-double-dps,35,8,pack,300,500,1.000,0.000,0.000,0.644,8.6,0.00,0.356,1.000,1.507
trio-double-dps,35,8,boss,180,500,1.000,0.000,0.000,0.402,16.9,0.92,0.598,0.890,1.369
trio-double-dps,35,8,boss,300,500,1.000,0.000,0.000,0.400,16.9,0.97,0.600,0.894,1.368
trio-double-dps,50,1,solo,180,500,1.000,0.000,0.000,1.000,0.0,0.00,0.000,—,1.800
trio-double-dps,50,1,solo,300,500,1.000,0.000,0.000,1.000,0.0,0.00,0.000,—,1.800
trio-double-dps,50,1,pack,180,500,1.000,0.000,0.000,1.000,0.0,0.00,0.000,—,1.800
trio-double-dps,50,1,pack,300,500,1.000,0.000,0.000,1.000,0.0,0.00,0.000,—,1.800
trio-double-dps,50,1,boss,180,500,1.000,0.000,0.000,0.995,0.5,0.00,0.005,1.000,1.797
trio-double-dps,50,1,boss,300,500,1.000,0.000,0.000,0.995,0.5,0.00,0.005,1.000,1.797
trio-double-dps,50,2,solo,180,500,1.000,0.000,0.000,1.000,0.0,0.00,0.000,—,1.800
trio-double-dps,50,2,solo,300,500,1.000,0.000,0.000,1.000,0.0,0.00,0.000,—,1.800
trio-double-dps,50,2,pack,180,500,1.000,0.000,0.000,1.000,0.0,0.00,0.000,—,1.800
trio-double-dps,50,2,pack,300,500,1.000,0.000,0.000,1.000,0.0,0.00,0.000,—,1.800
trio-double-dps,50,2,boss,180,500,1.000,0.000,0.000,0.993,0.9,0.00,0.007,1.000,1.796
trio-double-dps,50,2,boss,300,500,1.000,0.000,0.000,0.993,0.9,0.00,0.007,1.000,1.796
trio-double-dps,50,3,solo,180,500,1.000,0.000,0.000,1.000,0.0,0.00,0.000,—,1.800
trio-double-dps,50,3,solo,300,500,1.000,0.000,0.000,1.000,0.0,0.00,0.000,—,1.800
trio-double-dps,50,3,pack,180,500,1.000,0.000,0.000,0.993,0.5,0.00,0.007,1.000,1.796
trio-double-dps,50,3,pack,300,500,1.000,0.000,0.000,0.993,0.5,0.00,0.007,1.000,1.796
trio-double-dps,50,3,boss,180,500,1.000,0.000,0.000,0.990,1.0,0.00,0.010,1.000,1.794
trio-double-dps,50,3,boss,300,500,1.000,0.000,0.000,0.990,1.0,0.00,0.010,1.000,1.794
trio-double-dps,50,4,solo,180,500,1.000,0.000,0.000,1.000,0.0,0.00,0.000,—,1.800
trio-double-dps,50,4,solo,300,500,1.000,0.000,0.000,1.000,0.0,0.00,0.000,—,1.800
trio-double-dps,50,4,pack,180,500,1.000,0.000,0.000,0.982,0.9,0.00,0.018,1.000,1.789
trio-double-dps,50,4,pack,300,500,1.000,0.000,0.000,0.982,0.9,0.00,0.018,1.000,1.789
trio-double-dps,50,4,boss,180,500,1.000,0.000,0.000,0.986,1.5,0.00,0.014,1.000,1.791
trio-double-dps,50,4,boss,300,500,1.000,0.000,0.000,0.987,1.5,0.00,0.013,1.000,1.792
trio-double-dps,50,5,solo,180,500,1.000,0.000,0.000,1.000,0.0,0.00,0.000,—,1.800
trio-double-dps,50,5,solo,300,500,1.000,0.000,0.000,1.000,0.0,0.00,0.000,—,1.800
trio-double-dps,50,5,pack,180,500,1.000,0.000,0.000,0.974,1.0,0.00,0.026,1.000,1.784
trio-double-dps,50,5,pack,300,500,1.000,0.000,0.000,0.974,1.0,0.00,0.026,1.000,1.784
trio-double-dps,50,5,boss,180,500,1.000,0.000,0.000,0.981,2.4,0.00,0.019,1.000,1.788
trio-double-dps,50,5,boss,300,500,1.000,0.000,0.000,0.980,2.4,0.00,0.020,1.000,1.788
trio-double-dps,50,6,solo,180,500,1.000,0.000,0.000,0.984,0.4,0.00,0.016,1.000,1.790
trio-double-dps,50,6,solo,300,500,1.000,0.000,0.000,0.985,0.4,0.00,0.015,1.000,1.791
trio-double-dps,50,6,pack,180,500,1.000,0.000,0.000,0.947,1.9,0.00,0.053,1.000,1.768
trio-double-dps,50,6,pack,300,500,1.000,0.000,0.000,0.947,1.9,0.00,0.053,1.000,1.768
trio-double-dps,50,6,boss,180,500,1.000,0.000,0.000,0.933,4.0,0.00,0.067,1.000,1.760
trio-double-dps,50,6,boss,300,500,1.000,0.000,0.000,0.933,4.0,0.00,0.067,1.000,1.760
trio-double-dps,50,7,solo,180,500,1.000,0.000,0.000,0.975,0.5,0.00,0.025,1.000,1.785
trio-double-dps,50,7,solo,300,500,1.000,0.000,0.000,0.974,0.5,0.00,0.026,1.000,1.785
trio-double-dps,50,7,pack,180,500,1.000,0.000,0.000,0.909,3.0,0.00,0.091,1.000,1.745
trio-double-dps,50,7,pack,300,500,1.000,0.000,0.000,0.908,3.0,0.00,0.092,1.000,1.745
trio-double-dps,50,7,boss,180,500,1.000,0.000,0.000,0.906,5.9,0.00,0.094,1.000,1.744
trio-double-dps,50,7,boss,300,500,1.000,0.000,0.000,0.905,5.9,0.00,0.095,1.000,1.743
trio-double-dps,50,8,solo,180,500,1.000,0.000,0.000,0.965,1.3,0.00,0.035,1.000,1.779
trio-double-dps,50,8,solo,300,500,1.000,0.000,0.000,0.965,1.3,0.00,0.035,1.000,1.779
trio-double-dps,50,8,pack,180,500,1.000,0.000,0.000,0.836,4.8,0.00,0.164,1.000,1.701
trio-double-dps,50,8,pack,300,500,1.000,0.000,0.000,0.837,4.8,0.00,0.163,1.000,1.702
trio-double-dps,50,8,boss,180,500,1.000,0.000,0.000,0.771,9.2,0.00,0.229,1.000,1.663
trio-double-dps,50,8,boss,300,500,1.000,0.000,0.000,0.770,9.1,0.00,0.230,1.000,1.662
trio-no-tank,1,1,solo,180,500,1.000,0.000,0.000,0.953,2.5,0.00,0.047,—,1.483
trio-no-tank,1,1,solo,300,500,1.000,0.000,0.000,0.953,2.5,0.00,0.047,—,1.482
trio-no-tank,1,1,pack,180,500,1.000,0.000,0.000,0.980,12.5,0.00,0.020,—,1.496
trio-no-tank,1,1,pack,300,500,1.000,0.000,0.000,0.979,12.5,0.00,0.021,—,1.495
trio-no-tank,1,1,boss,180,500,1.000,0.000,0.000,0.968,26.5,0.00,0.032,—,1.490
trio-no-tank,1,1,boss,300,500,1.000,0.000,0.000,0.970,26.6,0.00,0.030,—,1.491
trio-no-tank,1,2,solo,180,500,1.000,0.000,0.000,0.971,4.3,0.00,0.029,—,1.491
trio-no-tank,1,2,solo,300,500,1.000,0.000,0.000,0.974,4.4,0.00,0.026,—,1.493
trio-no-tank,1,2,pack,180,500,0.592,0.196,0.212,0.707,36.7,1.56,0.520,—,0.804
trio-no-tank,1,2,pack,300,500,0.568,0.212,0.220,0.699,37.1,1.61,0.537,—,0.770
trio-no-tank,1,2,boss,180,500,1.000,0.000,0.000,0.737,66.9,0.63,0.263,—,1.374
trio-no-tank,1,2,boss,300,500,1.000,0.000,0.000,0.729,68.3,0.67,0.271,—,1.370
trio-no-tank,1,3,solo,180,500,1.000,0.000,0.000,0.857,7.4,0.00,0.143,—,1.434
trio-no-tank,1,3,solo,300,500,1.000,0.000,0.000,0.857,7.4,0.00,0.143,—,1.434
trio-no-tank,1,3,pack,180,500,0.000,0.000,1.000,—,—,3.00,1.000,—,0.000
trio-no-tank,1,3,pack,300,500,0.000,0.000,1.000,—,—,3.00,1.000,—,0.000
trio-no-tank,1,3,boss,180,500,0.000,0.000,1.000,—,—,3.00,1.000,—,0.000
trio-no-tank,1,3,boss,300,500,0.000,0.000,1.000,—,—,3.00,1.000,—,0.000
trio-no-tank,1,4,solo,180,500,1.000,0.000,0.000,0.772,11.9,0.27,0.228,—,1.392
trio-no-tank,1,4,solo,300,500,1.000,0.000,0.000,0.761,11.9,0.29,0.239,—,1.386
trio-no-tank,1,4,pack,180,500,0.000,0.000,1.000,—,—,3.00,1.000,—,0.000
trio-no-tank,1,4,pack,300,500,0.000,0.000,1.000,—,—,3.00,1.000,—,0.000
trio-no-tank,1,4,boss,180,500,0.000,0.000,1.000,—,—,3.00,1.000,—,0.000
trio-no-tank,1,4,boss,300,500,0.000,0.000,1.000,—,—,3.00,1.000,—,0.000
trio-no-tank,1,5,solo,180,500,0.074,0.000,0.926,0.488,23.2,2.87,0.964,—,0.092
trio-no-tank,1,5,solo,300,500,0.062,0.000,0.938,0.482,24.9,2.90,0.970,—,0.077
trio-no-tank,1,5,pack,180,500,0.000,0.000,1.000,—,—,3.00,1.000,—,0.000
trio-no-tank,1,5,pack,300,500,0.000,0.000,1.000,—,—,3.00,1.000,—,0.000
trio-no-tank,1,5,boss,180,500,0.000,0.000,1.000,—,—,3.00,1.000,—,0.000
trio-no-tank,1,5,boss,300,500,0.000,0.000,1.000,—,—,3.00,1.000,—,0.000
trio-no-tank,1,6,solo,180,500,0.000,0.000,1.000,—,—,3.00,1.000,—,0.000
trio-no-tank,1,6,solo,300,500,0.000,0.000,1.000,—,—,3.00,1.000,—,0.000
trio-no-tank,1,6,pack,180,500,0.000,0.000,1.000,—,—,3.00,1.000,—,0.000
trio-no-tank,1,6,pack,300,500,0.000,0.000,1.000,—,—,3.00,1.000,—,0.000
trio-no-tank,1,6,boss,180,500,0.000,0.000,1.000,—,—,3.00,1.000,—,0.000
trio-no-tank,1,6,boss,300,500,0.000,0.000,1.000,—,—,3.00,1.000,—,0.000
trio-no-tank,1,7,solo,180,500,0.000,0.000,1.000,—,—,3.00,1.000,—,0.000
trio-no-tank,1,7,solo,300,500,0.000,0.000,1.000,—,—,3.00,1.000,—,0.000
trio-no-tank,1,7,pack,180,500,0.000,0.000,1.000,—,—,3.00,1.000,—,0.000
trio-no-tank,1,7,pack,300,500,0.000,0.000,1.000,—,—,3.00,1.000,—,0.000
trio-no-tank,1,7,boss,180,500,0.000,0.000,1.000,—,—,3.00,1.000,—,0.000
trio-no-tank,1,7,boss,300,500,0.000,0.000,1.000,—,—,3.00,1.000,—,0.000
trio-no-tank,1,8,solo,180,500,0.000,0.000,1.000,—,—,3.00,1.000,—,0.000
trio-no-tank,1,8,solo,300,500,0.000,0.000,1.000,—,—,3.00,1.000,—,0.000
trio-no-tank,1,8,pack,180,500,0.000,0.000,1.000,—,—,3.00,1.000,—,0.000
trio-no-tank,1,8,pack,300,500,0.000,0.000,1.000,—,—,3.00,1.000,—,0.000
trio-no-tank,1,8,boss,180,500,0.000,0.000,1.000,—,—,3.00,1.000,—,0.000
trio-no-tank,1,8,boss,300,500,0.000,0.000,1.000,—,—,3.00,1.000,—,0.000
trio-no-tank,5,1,solo,180,500,1.000,0.000,0.000,1.000,0.0,0.00,0.000,—,1.530
trio-no-tank,5,1,solo,300,500,1.000,0.000,0.000,1.000,0.0,0.00,0.000,—,1.530
trio-no-tank,5,1,pack,180,500,1.000,0.000,0.000,0.963,5.9,0.00,0.037,—,1.511
trio-no-tank,5,1,pack,300,500,1.000,0.000,0.000,0.964,5.9,0.00,0.036,—,1.512
trio-no-tank,5,1,boss,180,500,1.000,0.000,0.000,0.942,10.9,0.00,0.058,—,1.500
trio-no-tank,5,1,boss,300,500,1.000,0.000,0.000,0.942,10.8,0.00,0.058,—,1.500
trio-no-tank,5,2,solo,180,500,1.000,0.000,0.000,0.959,1.6,0.00,0.041,—,1.509
trio-no-tank,5,2,solo,300,500,1.000,0.000,0.000,0.960,1.6,0.00,0.040,—,1.510
trio-no-tank,5,2,pack,180,500,1.000,0.000,0.000,0.868,10.8,0.37,0.132,—,1.463
trio-no-tank,5,2,pack,300,500,1.000,0.000,0.000,0.865,10.9,0.40,0.135,—,1.461
trio-no-tank,5,2,boss,180,500,1.000,0.000,0.000,0.963,17.5,0.00,0.037,—,1.511
trio-no-tank,5,2,boss,300,500,1.000,0.000,0.000,0.967,17.5,0.00,0.033,—,1.513
trio-no-tank,5,3,solo,180,500,1.000,0.000,0.000,0.930,2.1,0.00,0.070,—,1.494
trio-no-tank,5,3,solo,300,500,1.000,0.000,0.000,0.929,2.1,0.00,0.071,—,1.494
trio-no-tank,5,3,pack,180,500,1.000,0.000,0.000,0.701,19.5,0.83,0.299,—,1.378
trio-no-tank,5,3,pack,300,500,1.000,0.000,0.000,0.707,19.4,0.81,0.293,—,1.381
trio-no-tank,5,3,boss,180,500,1.000,0.000,0.000,0.766,39.4,0.59,0.234,—,1.411
trio-no-tank,5,3,boss,300,500,1.000,0.000,0.000,0.785,38.4,0.55,0.215,—,1.420
trio-no-tank,5,4,solo,180,500,1.000,0.000,0.000,0.981,4.3,0.00,0.019,—,1.520
trio-no-tank,5,4,solo,300,500,1.000,0.000,0.000,0.981,4.3,0.00,0.019,—,1.520
trio-no-tank,5,4,pack,180,500,0.014,0.002,0.984,0.720,28.0,2.97,0.989,—,0.019
trio-no-tank,5,4,pack,300,500,0.014,0.000,0.986,0.755,23.0,2.97,0.989,—,0.020
trio-no-tank,5,4,boss,180,500,0.010,0.990,0.000,0.624,44.4,1.99,0.823,—,0.013
trio-no-tank,5,4,boss,300,500,0.014,0.986,0.000,0.776,37.1,1.98,0.745,—,0.020
trio-no-tank,5,5,solo,180,500,1.000,0.000,0.000,0.750,7.5,0.05,0.250,—,1.403
trio-no-tank,5,5,solo,300,500,1.000,0.000,0.000,0.751,7.5,0.06,0.249,—,1.403
trio-no-tank,5,5,pack,180,500,0.000,0.000,1.000,—,—,3.00,1.000,—,0.000
trio-no-tank,5,5,pack,300,500,0.000,0.000,1.000,—,—,3.00,1.000,—,0.000
trio-no-tank,5,5,boss,180,500,0.000,0.000,1.000,—,—,3.00,1.000,—,0.000
trio-no-tank,5,5,boss,300,500,0.000,0.000,1.000,—,—,3.00,1.000,—,0.000
trio-no-tank,5,6,solo,180,500,0.912,0.000,0.088,0.743,12.5,0.74,0.322,—,1.276
trio-no-tank,5,6,solo,300,500,0.926,0.000,0.074,0.747,12.4,0.67,0.308,—,1.297
trio-no-tank,5,6,pack,180,500,0.000,0.000,1.000,—,—,3.00,1.000,—,0.000
trio-no-tank,5,6,pack,300,500,0.000,0.000,1.000,—,—,3.00,1.000,—,0.000
trio-no-tank,5,6,boss,180,500,0.000,0.000,1.000,—,—,3.00,1.000,—,0.000
trio-no-tank,5,6,boss,300,500,0.000,0.000,1.000,—,—,3.00,1.000,—,0.000
trio-no-tank,5,7,solo,180,500,0.000,0.000,1.000,—,—,3.00,1.000,—,0.000
trio-no-tank,5,7,solo,300,500,0.000,0.000,1.000,—,—,3.00,1.000,—,0.000
trio-no-tank,5,7,pack,180,500,0.000,0.000,1.000,—,—,3.00,1.000,—,0.000
trio-no-tank,5,7,pack,300,500,0.000,0.000,1.000,—,—,3.00,1.000,—,0.000
trio-no-tank,5,7,boss,180,500,0.000,0.000,1.000,—,—,3.00,1.000,—,0.000
trio-no-tank,5,7,boss,300,500,0.000,0.000,1.000,—,—,3.00,1.000,—,0.000
trio-no-tank,5,8,solo,180,500,0.000,0.000,1.000,—,—,3.00,1.000,—,0.000
trio-no-tank,5,8,solo,300,500,0.000,0.000,1.000,—,—,3.00,1.000,—,0.000
trio-no-tank,5,8,pack,180,500,0.000,0.000,1.000,—,—,3.00,1.000,—,0.000
trio-no-tank,5,8,pack,300,500,0.000,0.000,1.000,—,—,3.00,1.000,—,0.000
trio-no-tank,5,8,boss,180,500,0.000,0.000,1.000,—,—,3.00,1.000,—,0.000
trio-no-tank,5,8,boss,300,500,0.000,0.000,1.000,—,—,3.00,1.000,—,0.000
trio-no-tank,10,1,solo,180,500,1.000,0.000,0.000,1.000,0.0,0.00,0.000,—,1.560
trio-no-tank,10,1,solo,300,500,1.000,0.000,0.000,1.000,0.0,0.00,0.000,—,1.560
trio-no-tank,10,1,pack,180,500,1.000,0.000,0.000,0.943,2.9,0.00,0.057,—,1.530
trio-no-tank,10,1,pack,300,500,1.000,0.000,0.000,0.943,2.9,0.00,0.057,—,1.531
trio-no-tank,10,1,boss,180,500,1.000,0.000,0.000,0.959,4.8,0.00,0.041,—,1.539
trio-no-tank,10,1,boss,300,500,1.000,0.000,0.000,0.959,4.8,0.00,0.041,—,1.539
trio-no-tank,10,2,solo,180,500,1.000,0.000,0.000,1.000,0.0,0.00,0.000,—,1.560
trio-no-tank,10,2,solo,300,500,1.000,0.000,0.000,1.000,0.0,0.00,0.000,—,1.560
trio-no-tank,10,2,pack,180,500,1.000,0.000,0.000,0.924,4.2,0.00,0.076,—,1.521
trio-no-tank,10,2,pack,300,500,1.000,0.000,0.000,0.925,4.2,0.00,0.075,—,1.521
trio-no-tank,10,2,boss,180,500,1.000,0.000,0.000,0.876,7.5,0.00,0.124,—,1.496
trio-no-tank,10,2,boss,300,500,1.000,0.000,0.000,0.880,7.5,0.00,0.120,—,1.497
trio-no-tank,10,3,solo,180,500,1.000,0.000,0.000,0.950,1.2,0.00,0.050,—,1.534
trio-no-tank,10,3,solo,300,500,1.000,0.000,0.000,0.950,1.2,0.00,0.050,—,1.534
trio-no-tank,10,3,pack,180,500,1.000,0.000,0.000,0.859,6.7,0.00,0.141,—,1.487
trio-no-tank,10,3,pack,300,500,1.000,0.000,0.000,0.856,6.7,0.00,0.144,—,1.485
trio-no-tank,10,3,boss,180,500,1.000,0.000,0.000,0.994,13.1,0.00,0.006,—,1.557
trio-no-tank,10,3,boss,300,500,1.000,0.000,0.000,0.992,13.0,0.00,0.008,—,1.556
trio-no-tank,10,4,solo,180,500,1.000,0.000,0.000,0.922,1.6,0.00,0.078,—,1.520
trio-no-tank,10,4,solo,300,500,1.000,0.000,0.000,0.922,1.6,0.00,0.078,—,1.520
trio-no-tank,10,4,pack,180,500,1.000,0.000,0.000,0.887,9.7,0.06,0.113,—,1.501
trio-no-tank,10,4,pack,300,500,1.000,0.000,0.000,0.880,9.7,0.07,0.120,—,1.497
trio-no-tank,10,4,boss,180,500,1.000,0.000,0.000,0.898,19.1,0.04,0.102,—,1.507
trio-no-tank,10,4,boss,300,500,1.000,0.000,0.000,0.893,19.3,0.05,0.107,—,1.504
trio-no-tank,10,5,solo,180,500,1.000,0.000,0.000,0.798,3.1,0.00,0.202,—,1.455
trio-no-tank,10,5,solo,300,500,1.000,0.000,0.000,0.798,3.1,0.00,0.202,—,1.455
trio-no-tank,10,5,pack,180,500,0.366,0.048,0.586,0.841,14.6,1.93,0.677,—,0.541
trio-no-tank,10,5,pack,300,500,0.386,0.054,0.560,0.835,15.0,1.89,0.661,—,0.569
trio-no-tank,10,5,boss,180,500,0.350,0.650,0.000,0.730,30.3,1.53,0.601,—,0.497
trio-no-tank,10,5,boss,300,500,0.298,0.702,0.000,0.732,30.9,1.61,0.602,—,0.423
trio-no-tank,10,6,solo,180,500,1.000,0.000,0.000,0.873,5.5,0.05,0.127,—,1.494
trio-no-tank,10,6,solo,300,500,1.000,0.000,0.000,0.875,5.5,0.05,0.125,—,1.495
trio-no-tank,10,6,pack,180,500,0.000,0.000,1.000,—,—,3.00,1.000,—,0.000
trio-no-tank,10,6,pack,300,500,0.000,0.000,1.000,—,—,3.00,1.000,—,0.000
trio-no-tank,10,6,boss,180,500,0.000,0.000,1.000,—,—,3.00,1.000,—,0.000
trio-no-tank,10,6,boss,300,500,0.000,0.000,1.000,—,—,3.00,1.000,—,0.000
trio-no-tank,10,7,solo,180,500,0.982,0.000,0.018,0.739,9.7,0.09,0.274,—,1.399
trio-no-tank,10,7,solo,300,500,0.978,0.000,0.022,0.742,9.6,0.09,0.274,—,1.394
trio-no-tank,10,7,pack,180,500,0.000,0.000,1.000,—,—,3.00,1.000,—,0.000
trio-no-tank,10,7,pack,300,500,0.000,0.000,1.000,—,—,3.00,1.000,—,0.000
trio-no-tank,10,7,boss,180,500,0.000,0.000,1.000,—,—,3.00,1.000,—,0.000
trio-no-tank,10,7,boss,300,500,0.000,0.000,1.000,—,—,3.00,1.000,—,0.000
trio-no-tank,10,8,solo,180,500,0.002,0.000,0.998,0.421,16.2,3.00,0.999,—,0.003
trio-no-tank,10,8,solo,300,500,0.006,0.000,0.994,0.910,13.8,2.98,0.995,—,0.009
trio-no-tank,10,8,pack,180,500,0.000,0.000,1.000,—,—,3.00,1.000,—,0.000
trio-no-tank,10,8,pack,300,500,0.000,0.000,1.000,—,—,3.00,1.000,—,0.000
trio-no-tank,10,8,boss,180,500,0.000,0.000,1.000,—,—,3.00,1.000,—,0.000
trio-no-tank,10,8,boss,300,500,0.000,0.000,1.000,—,—,3.00,1.000,—,0.000
trio-no-tank,20,1,solo,180,500,1.000,0.000,0.000,1.000,0.0,0.00,0.000,—,1.620
trio-no-tank,20,1,solo,300,500,1.000,0.000,0.000,1.000,0.0,0.00,0.000,—,1.620
trio-no-tank,20,1,pack,180,500,1.000,0.000,0.000,1.000,0.0,0.00,0.000,—,1.620
trio-no-tank,20,1,pack,300,500,1.000,0.000,0.000,1.000,0.0,0.00,0.000,—,1.620
trio-no-tank,20,1,boss,180,500,1.000,0.000,0.000,0.973,2.1,0.00,0.027,—,1.605
trio-no-tank,20,1,boss,300,500,1.000,0.000,0.000,0.973,2.1,0.00,0.027,—,1.605
trio-no-tank,20,2,solo,180,500,1.000,0.000,0.000,1.000,0.0,0.00,0.000,—,1.620
trio-no-tank,20,2,solo,300,500,1.000,0.000,0.000,1.000,0.0,0.00,0.000,—,1.620
trio-no-tank,20,2,pack,180,500,1.000,0.000,0.000,0.951,1.8,0.00,0.049,—,1.593
trio-no-tank,20,2,pack,300,500,1.000,0.000,0.000,0.951,1.8,0.00,0.049,—,1.593
trio-no-tank,20,2,boss,180,500,1.000,0.000,0.000,0.933,3.1,0.00,0.067,—,1.584
trio-no-tank,20,2,boss,300,500,1.000,0.000,0.000,0.934,3.1,0.00,0.066,—,1.584
trio-no-tank,20,3,solo,180,500,1.000,0.000,0.000,1.000,0.0,0.00,0.000,—,1.620
trio-no-tank,20,3,solo,300,500,1.000,0.000,0.000,1.000,0.0,0.00,0.000,—,1.620
trio-no-tank,20,3,pack,180,500,1.000,0.000,0.000,0.928,1.9,0.00,0.072,—,1.581
trio-no-tank,20,3,pack,300,500,1.000,0.000,0.000,0.928,1.9,0.00,0.072,—,1.581
trio-no-tank,20,3,boss,180,500,1.000,0.000,0.000,0.948,4.2,0.00,0.052,—,1.592
trio-no-tank,20,3,boss,300,500,1.000,0.000,0.000,0.950,4.2,0.00,0.050,—,1.593
trio-no-tank,20,4,solo,180,500,1.000,0.000,0.000,1.000,0.0,0.00,0.000,—,1.620
trio-no-tank,20,4,solo,300,500,1.000,0.000,0.000,1.000,0.0,0.00,0.000,—,1.620
trio-no-tank,20,4,pack,180,500,1.000,0.000,0.000,0.860,3.1,0.00,0.140,—,1.544
trio-no-tank,20,4,pack,300,500,1.000,0.000,0.000,0.859,3.1,0.00,0.141,—,1.544
trio-no-tank,20,4,boss,180,500,1.000,0.000,0.000,0.911,7.3,0.00,0.089,—,1.572
trio-no-tank,20,4,boss,300,500,1.000,0.000,0.000,0.909,7.3,0.00,0.091,—,1.571
trio-no-tank,20,5,solo,180,500,1.000,0.000,0.000,0.931,1.0,0.00,0.069,—,1.583
trio-no-tank,20,5,solo,300,500,1.000,0.000,0.000,0.931,1.0,0.00,0.069,—,1.583
trio-no-tank,20,5,pack,180,500,1.000,0.000,0.000,0.883,5.6,0.06,0.117,—,1.557
trio-no-tank,20,5,pack,300,500,1.000,0.000,0.000,0.899,5.5,0.03,0.101,—,1.565
trio-no-tank,20,5,boss,180,500,1.000,0.000,0.000,0.861,11.3,0.03,0.139,—,1.545
trio-no-tank,20,5,boss,300,500,1.000,0.000,0.000,0.862,11.2,0.02,0.138,—,1.546
trio-no-tank,20,6,solo,180,500,1.000,0.000,0.000,0.902,1.9,0.00,0.098,—,1.567
trio-no-tank,20,6,solo,300,500,1.000,0.000,0.000,0.902,1.9,0.00,0.098,—,1.567
trio-no-tank,20,6,pack,180,500,0.972,0.028,0.000,0.914,8.8,0.13,0.105,—,1.530
trio-no-tank,20,6,pack,300,500,0.964,0.036,0.000,0.901,8.9,0.17,0.122,—,1.510
trio-no-tank,20,6,boss,180,500,0.936,0.064,0.000,0.806,19.5,0.60,0.227,—,1.418
trio-no-tank,20,6,boss,300,500,0.940,0.060,0.000,0.790,19.7,0.62,0.240,—,1.416
trio-no-tank,20,7,solo,180,500,1.000,0.000,0.000,0.757,3.5,0.03,0.243,—,1.489
trio-no-tank,20,7,solo,300,500,1.000,0.000,0.000,0.756,3.5,0.03,0.244,—,1.488
trio-no-tank,20,7,pack,180,500,0.022,0.028,0.950,0.868,14.2,2.92,0.972,—,0.034
trio-no-tank,20,7,pack,300,500,0.036,0.024,0.940,0.896,13.6,2.88,0.961,—,0.056
trio-no-tank,20,7,boss,180,500,0.502,0.472,0.026,0.816,26.9,1.29,0.510,—,0.763
trio-no-tank,20,7,boss,300,500,0.470,0.506,0.024,0.839,26.6,1.29,0.489,—,0.720
trio-no-tank,20,8,solo,180,500,1.000,0.000,0.000,0.836,5.9,0.00,0.164,—,1.531
trio-no-tank,20,8,solo,300,500,1.000,0.000,0.000,0.838,5.9,0.00,0.162,—,1.533
trio-no-tank,20,8,pack,180,500,0.000,0.000,1.000,—,—,3.00,1.000,—,0.000
trio-no-tank,20,8,pack,300,500,0.000,0.000,1.000,—,—,3.00,1.000,—,0.000
trio-no-tank,20,8,boss,180,500,0.000,0.000,1.000,—,—,3.00,1.000,—,0.000
trio-no-tank,20,8,boss,300,500,0.000,0.000,1.000,—,—,3.00,1.000,—,0.000
trio-no-tank,35,1,solo,180,500,1.000,0.000,0.000,1.000,0.0,0.00,0.000,—,1.710
trio-no-tank,35,1,solo,300,500,1.000,0.000,0.000,1.000,0.0,0.00,0.000,—,1.710
trio-no-tank,35,1,pack,180,500,1.000,0.000,0.000,1.000,0.0,0.00,0.000,—,1.710
trio-no-tank,35,1,pack,300,500,1.000,0.000,0.000,1.000,0.0,0.00,0.000,—,1.710
trio-no-tank,35,1,boss,180,500,1.000,0.000,0.000,0.984,0.7,0.00,0.016,—,1.701
trio-no-tank,35,1,boss,300,500,1.000,0.000,0.000,0.984,0.7,0.00,0.016,—,1.701
trio-no-tank,35,2,solo,180,500,1.000,0.000,0.000,1.000,0.0,0.00,0.000,—,1.710
trio-no-tank,35,2,solo,300,500,1.000,0.000,0.000,1.000,0.0,0.00,0.000,—,1.710
trio-no-tank,35,2,pack,180,500,1.000,0.000,0.000,1.000,0.0,0.00,0.000,—,1.710
trio-no-tank,35,2,pack,300,500,1.000,0.000,0.000,1.000,0.0,0.00,0.000,—,1.710
trio-no-tank,35,2,boss,180,500,1.000,0.000,0.000,0.977,1.4,0.00,0.023,—,1.697
trio-no-tank,35,2,boss,300,500,1.000,0.000,0.000,0.977,1.4,0.00,0.023,—,1.697
trio-no-tank,35,3,solo,180,500,1.000,0.000,0.000,1.000,0.0,0.00,0.000,—,1.710
trio-no-tank,35,3,solo,300,500,1.000,0.000,0.000,1.000,0.0,0.00,0.000,—,1.710
trio-no-tank,35,3,pack,180,500,1.000,0.000,0.000,0.958,1.2,0.00,0.042,—,1.686
trio-no-tank,35,3,pack,300,500,1.000,0.000,0.000,0.958,1.2,0.00,0.042,—,1.686
trio-no-tank,35,3,boss,180,500,1.000,0.000,0.000,0.968,2.0,0.00,0.032,—,1.692
trio-no-tank,35,3,boss,300,500,1.000,0.000,0.000,0.968,2.0,0.00,0.032,—,1.692
trio-no-tank,35,4,solo,180,500,1.000,0.000,0.000,1.000,0.0,0.00,0.000,—,1.710
trio-no-tank,35,4,solo,300,500,1.000,0.000,0.000,1.000,0.0,0.00,0.000,—,1.710
trio-no-tank,35,4,pack,180,500,1.000,0.000,0.000,0.940,1.3,0.00,0.060,—,1.676
trio-no-tank,35,4,pack,300,500,1.000,0.000,0.000,0.940,1.3,0.00,0.060,—,1.676
trio-no-tank,35,4,boss,180,500,1.000,0.000,0.000,0.956,2.7,0.00,0.044,—,1.685
trio-no-tank,35,4,boss,300,500,1.000,0.000,0.000,0.956,2.7,0.00,0.044,—,1.685
trio-no-tank,35,5,solo,180,500,1.000,0.000,0.000,1.000,0.0,0.00,0.000,—,1.710
trio-no-tank,35,5,solo,300,500,1.000,0.000,0.000,1.000,0.0,0.00,0.000,—,1.710
trio-no-tank,35,5,pack,180,500,1.000,0.000,0.000,0.916,2.0,0.00,0.084,—,1.662
trio-no-tank,35,5,pack,300,500,1.000,0.000,0.000,0.917,2.0,0.00,0.083,—,1.663
trio-no-tank,35,5,boss,180,500,1.000,0.000,0.000,0.977,4.5,0.00,0.023,—,1.697
trio-no-tank,35,5,boss,300,500,1.000,0.000,0.000,0.975,4.4,0.00,0.025,—,1.696
trio-no-tank,35,6,solo,180,500,1.000,0.000,0.000,0.941,0.6,0.00,0.059,—,1.677
trio-no-tank,35,6,solo,300,500,1.000,0.000,0.000,0.941,0.7,0.00,0.059,—,1.676
trio-no-tank,35,6,pack,180,500,1.000,0.000,0.000,0.772,3.7,0.04,0.228,—,1.580
trio-no-tank,35,6,pack,300,500,1.000,0.000,0.000,0.772,3.7,0.04,0.228,—,1.580
trio-no-tank,35,6,boss,180,500,1.000,0.000,0.000,0.860,7.1,0.02,0.140,—,1.630
trio-no-tank,35,6,boss,300,500,1.000,0.000,0.000,0.855,7.1,0.02,0.145,—,1.627
trio-no-tank,35,7,solo,180,500,1.000,0.000,0.000,0.918,1.3,0.00,0.082,—,1.663
trio-no-tank,35,7,solo,300,500,1.000,0.000,0.000,0.918,1.3,0.00,0.082,—,1.663
trio-no-tank,35,7,pack,180,500,1.000,0.000,0.000,0.880,5.6,0.00,0.120,—,1.641
trio-no-tank,35,7,pack,300,500,1.000,0.000,0.000,0.875,5.6,0.00,0.125,—,1.639
trio-no-tank,35,7,boss,180,500,1.000,0.000,0.000,0.836,10.7,0.00,0.164,—,1.616
trio-no-tank,35,7,boss,300,500,1.000,0.000,0.000,0.835,10.7,0.00,0.165,—,1.616
trio-no-tank,35,8,solo,180,500,1.000,0.000,0.000,0.885,2.0,0.00,0.115,—,1.644
trio-no-tank,35,8,solo,300,500,1.000,0.000,0.000,0.885,2.0,0.00,0.115,—,1.644
trio-no-tank,35,8,pack,180,500,0.740,0.004,0.256,0.796,9.9,1.20,0.410,—,1.179
trio-no-tank,35,8,pack,300,500,0.704,0.010,0.286,0.794,10.2,1.28,0.437,—,1.121
trio-no-tank,35,8,boss,180,500,1.000,0.000,0.000,0.860,18.0,0.26,0.140,—,1.630
trio-no-tank,35,8,boss,300,500,1.000,0.000,0.000,0.850,18.1,0.29,0.150,—,1.625
trio-no-tank,50,1,solo,180,500,1.000,0.000,0.000,1.000,0.0,0.00,0.000,—,1.800
trio-no-tank,50,1,solo,300,500,1.000,0.000,0.000,1.000,0.0,0.00,0.000,—,1.800
trio-no-tank,50,1,pack,180,500,1.000,0.000,0.000,1.000,0.0,0.00,0.000,—,1.800
trio-no-tank,50,1,pack,300,500,1.000,0.000,0.000,1.000,0.0,0.00,0.000,—,1.800
trio-no-tank,50,1,boss,180,500,1.000,0.000,0.000,0.989,0.5,0.00,0.011,—,1.793
trio-no-tank,50,1,boss,300,500,1.000,0.000,0.000,0.989,0.5,0.00,0.011,—,1.793
trio-no-tank,50,2,solo,180,500,1.000,0.000,0.000,1.000,0.0,0.00,0.000,—,1.800
trio-no-tank,50,2,solo,300,500,1.000,0.000,0.000,1.000,0.0,0.00,0.000,—,1.800
trio-no-tank,50,2,pack,180,500,1.000,0.000,0.000,1.000,0.0,0.00,0.000,—,1.800
trio-no-tank,50,2,pack,300,500,1.000,0.000,0.000,1.000,0.0,0.00,0.000,—,1.800
trio-no-tank,50,2,boss,180,500,1.000,0.000,0.000,0.984,0.5,0.00,0.016,—,1.791
trio-no-tank,50,2,boss,300,500,1.000,0.000,0.000,0.985,0.5,0.00,0.015,—,1.791
trio-no-tank,50,3,solo,180,500,1.000,0.000,0.000,1.000,0.0,0.00,0.000,—,1.800
trio-no-tank,50,3,solo,300,500,1.000,0.000,0.000,1.000,0.0,0.00,0.000,—,1.800
trio-no-tank,50,3,pack,180,500,1.000,0.000,0.000,1.000,0.0,0.00,0.000,—,1.800
trio-no-tank,50,3,pack,300,500,1.000,0.000,0.000,1.000,0.0,0.00,0.000,—,1.800
trio-no-tank,50,3,boss,180,500,1.000,0.000,0.000,0.978,1.0,0.00,0.022,—,1.787
trio-no-tank,50,3,boss,300,500,1.000,0.000,0.000,0.978,1.0,0.00,0.022,—,1.787
trio-no-tank,50,4,solo,180,500,1.000,0.000,0.000,1.000,0.0,0.00,0.000,—,1.800
trio-no-tank,50,4,solo,300,500,1.000,0.000,0.000,1.000,0.0,0.00,0.000,—,1.800
trio-no-tank,50,4,pack,180,500,1.000,0.000,0.000,0.961,0.9,0.00,0.039,—,1.776
trio-no-tank,50,4,pack,300,500,1.000,0.000,0.000,0.960,0.9,0.00,0.040,—,1.776
trio-no-tank,50,4,boss,180,500,1.000,0.000,0.000,0.969,1.5,0.00,0.031,—,1.782
trio-no-tank,50,4,boss,300,500,1.000,0.000,0.000,0.970,1.5,0.00,0.030,—,1.782
trio-no-tank,50,5,solo,180,500,1.000,0.000,0.000,1.000,0.0,0.00,0.000,—,1.800
trio-no-tank,50,5,solo,300,500,1.000,0.000,0.000,1.000,0.0,0.00,0.000,—,1.800
trio-no-tank,50,5,pack,180,500,1.000,0.000,0.000,0.943,1.0,0.00,0.057,—,1.766
trio-no-tank,50,5,pack,300,500,1.000,0.000,0.000,0.944,1.0,0.00,0.056,—,1.766
trio-no-tank,50,5,boss,180,500,1.000,0.000,0.000,0.957,2.3,0.00,0.043,—,1.774
trio-no-tank,50,5,boss,300,500,1.000,0.000,0.000,0.958,2.3,0.00,0.042,—,1.775
trio-no-tank,50,6,solo,180,500,1.000,0.000,0.000,1.000,0.0,0.00,0.000,—,1.800
trio-no-tank,50,6,solo,300,500,1.000,0.000,0.000,1.000,0.0,0.00,0.000,—,1.800
trio-no-tank,50,6,pack,180,500,1.000,0.000,0.000,0.921,1.5,0.00,0.079,—,1.752
trio-no-tank,50,6,pack,300,500,1.000,0.000,0.000,0.921,1.5,0.00,0.079,—,1.753
trio-no-tank,50,6,boss,180,500,1.000,0.000,0.000,0.902,3.8,0.00,0.098,—,1.741
trio-no-tank,50,6,boss,300,500,1.000,0.000,0.000,0.905,3.8,0.00,0.095,—,1.743
trio-no-tank,50,7,solo,180,500,1.000,0.000,0.000,0.944,0.5,0.00,0.056,—,1.767
trio-no-tank,50,7,solo,300,500,1.000,0.000,0.000,0.944,0.5,0.00,0.056,—,1.766
trio-no-tank,50,7,pack,180,500,1.000,0.000,0.000,0.831,2.8,0.00,0.169,—,1.699
trio-no-tank,50,7,pack,300,500,1.000,0.000,0.000,0.831,2.8,0.00,0.169,—,1.699
trio-no-tank,50,7,boss,180,500,1.000,0.000,0.000,0.923,5.7,0.00,0.077,—,1.754
trio-no-tank,50,7,boss,300,500,1.000,0.000,0.000,0.922,5.7,0.00,0.078,—,1.753
trio-no-tank,50,8,solo,180,500,1.000,0.000,0.000,0.921,1.0,0.00,0.079,—,1.753
trio-no-tank,50,8,solo,300,500,1.000,0.000,0.000,0.921,1.0,0.00,0.079,—,1.753
trio-no-tank,50,8,pack,180,500,1.000,0.000,0.000,0.922,4.5,0.00,0.078,—,1.753
trio-no-tank,50,8,pack,300,500,1.000,0.000,0.000,0.932,4.5,0.00,0.068,—,1.759
trio-no-tank,50,8,boss,180,500,1.000,0.000,0.000,0.910,9.0,0.00,0.090,—,1.746
trio-no-tank,50,8,boss,300,500,1.000,0.000,0.000,0.913,9.0,0.00,0.087,—,1.748
trio-casters,1,1,solo,180,500,1.000,0.000,0.000,0.881,5.0,0.00,0.119,—,1.446
trio-casters,1,1,solo,300,500,1.000,0.000,0.000,0.881,5.0,0.00,0.119,—,1.446
trio-casters,1,1,pack,180,500,0.000,0.000,1.000,—,—,3.00,1.000,—,0.000
trio-casters,1,1,pack,300,500,0.000,0.000,1.000,—,—,3.00,1.000,—,0.000
trio-casters,1,1,boss,180,500,0.000,1.000,0.000,—,—,2.00,0.677,—,0.000
trio-casters,1,1,boss,300,500,0.000,1.000,0.000,—,—,2.00,0.677,—,0.000
trio-casters,1,2,solo,180,500,1.000,0.000,0.000,0.795,10.0,0.00,0.205,—,1.403
trio-casters,1,2,solo,300,500,1.000,0.000,0.000,0.795,10.0,0.00,0.205,—,1.403
trio-casters,1,2,pack,180,500,0.000,0.000,1.000,—,—,3.00,1.000,—,0.000
trio-casters,1,2,pack,300,500,0.000,0.000,1.000,—,—,3.00,1.000,—,0.000
trio-casters,1,2,boss,180,500,0.000,0.000,1.000,—,—,3.00,1.000,—,0.000
trio-casters,1,2,boss,300,500,0.000,0.000,1.000,—,—,3.00,1.000,—,0.000
trio-casters,1,3,solo,180,500,1.000,0.000,0.000,0.484,20.0,1.00,0.516,—,1.247
trio-casters,1,3,solo,300,500,1.000,0.000,0.000,0.484,20.0,1.00,0.516,—,1.247
trio-casters,1,3,pack,180,500,0.000,0.000,1.000,—,—,3.00,1.000,—,0.000
trio-casters,1,3,pack,300,500,0.000,0.000,1.000,—,—,3.00,1.000,—,0.000
trio-casters,1,3,boss,180,500,0.000,0.000,1.000,—,—,3.00,1.000,—,0.000
trio-casters,1,3,boss,300,500,0.000,0.000,1.000,—,—,3.00,1.000,—,0.000
trio-casters,1,4,solo,180,500,0.000,0.000,1.000,—,—,3.00,1.000,—,0.000
trio-casters,1,4,solo,300,500,0.000,0.000,1.000,—,—,3.00,1.000,—,0.000
trio-casters,1,4,pack,180,500,0.000,0.000,1.000,—,—,3.00,1.000,—,0.000
trio-casters,1,4,pack,300,500,0.000,0.000,1.000,—,—,3.00,1.000,—,0.000
trio-casters,1,4,boss,180,500,0.000,0.000,1.000,—,—,3.00,1.000,—,0.000
trio-casters,1,4,boss,300,500,0.000,0.000,1.000,—,—,3.00,1.000,—,0.000
trio-casters,1,5,solo,180,500,0.000,0.000,1.000,—,—,3.00,1.000,—,0.000
trio-casters,1,5,solo,300,500,0.000,0.000,1.000,—,—,3.00,1.000,—,0.000
trio-casters,1,5,pack,180,500,0.000,0.000,1.000,—,—,3.00,1.000,—,0.000
trio-casters,1,5,pack,300,500,0.000,0.000,1.000,—,—,3.00,1.000,—,0.000
trio-casters,1,5,boss,180,500,0.000,0.000,1.000,—,—,3.00,1.000,—,0.000
trio-casters,1,5,boss,300,500,0.000,0.000,1.000,—,—,3.00,1.000,—,0.000
trio-casters,1,6,solo,180,500,0.000,0.000,1.000,—,—,3.00,1.000,—,0.000
trio-casters,1,6,solo,300,500,0.000,0.000,1.000,—,—,3.00,1.000,—,0.000
trio-casters,1,6,pack,180,500,0.000,0.000,1.000,—,—,3.00,1.000,—,0.000
trio-casters,1,6,pack,300,500,0.000,0.000,1.000,—,—,3.00,1.000,—,0.000
trio-casters,1,6,boss,180,500,0.000,0.000,1.000,—,—,3.00,1.000,—,0.000
trio-casters,1,6,boss,300,500,0.000,0.000,1.000,—,—,3.00,1.000,—,0.000
trio-casters,1,7,solo,180,500,0.000,0.000,1.000,—,—,3.00,1.000,—,0.000
trio-casters,1,7,solo,300,500,0.000,0.000,1.000,—,—,3.00,1.000,—,0.000
trio-casters,1,7,pack,180,500,0.000,0.000,1.000,—,—,3.00,1.000,—,0.000
trio-casters,1,7,pack,300,500,0.000,0.000,1.000,—,—,3.00,1.000,—,0.000
trio-casters,1,7,boss,180,500,0.000,0.000,1.000,—,—,3.00,1.000,—,0.000
trio-casters,1,7,boss,300,500,0.000,0.000,1.000,—,—,3.00,1.000,—,0.000
trio-casters,1,8,solo,180,500,0.000,0.000,1.000,—,—,3.00,1.000,—,0.000
trio-casters,1,8,solo,300,500,0.000,0.000,1.000,—,—,3.00,1.000,—,0.000
trio-casters,1,8,pack,180,500,0.000,0.000,1.000,—,—,3.00,1.000,—,0.000
trio-casters,1,8,pack,300,500,0.000,0.000,1.000,—,—,3.00,1.000,—,0.000
trio-casters,1,8,boss,180,500,0.000,0.000,1.000,—,—,3.00,1.000,—,0.000
trio-casters,1,8,boss,300,500,0.000,0.000,1.000,—,—,3.00,1.000,—,0.000
trio-casters,5,1,solo,180,500,1.000,0.000,0.000,0.954,2.6,0.00,0.046,—,1.506
trio-casters,5,1,solo,300,500,1.000,0.000,0.000,0.954,2.6,0.00,0.046,—,1.506
trio-casters,5,1,pack,180,500,1.000,0.000,0.000,0.917,13.1,0.00,0.083,—,1.488
trio-casters,5,1,pack,300,500,1.000,0.000,0.000,0.917,13.1,0.00,0.083,—,1.488
trio-casters,5,1,boss,180,500,1.000,0.000,0.000,0.930,23.6,0.00,0.070,—,1.494
trio-casters,5,1,boss,300,500,1.000,0.000,0.000,0.930,23.6,0.00,0.070,—,1.494
trio-casters,5,2,solo,180,500,1.000,0.000,0.000,0.868,5.0,0.00,0.132,—,1.463
trio-casters,5,2,solo,300,500,1.000,0.000,0.000,0.868,5.0,0.00,0.132,—,1.463
trio-casters,5,2,pack,180,500,0.000,0.000,1.000,—,—,3.00,1.000,—,0.000
trio-casters,5,2,pack,300,500,0.000,0.000,1.000,—,—,3.00,1.000,—,0.000
trio-casters,5,2,boss,180,500,1.000,0.000,0.000,0.797,34.1,0.00,0.203,—,1.427
trio-casters,5,2,boss,300,500,1.000,0.000,0.000,0.797,34.1,0.00,0.203,—,1.427
trio-casters,5,3,solo,180,500,1.000,0.000,0.000,0.982,5.2,0.00,0.018,—,1.521
trio-casters,5,3,solo,300,500,1.000,0.000,0.000,0.982,5.2,0.00,0.018,—,1.521
trio-casters,5,3,pack,180,500,0.000,0.000,1.000,—,—,3.00,1.000,—,0.000
trio-casters,5,3,pack,300,500,0.000,0.000,1.000,—,—,3.00,1.000,—,0.000
trio-casters,5,3,boss,180,500,0.000,0.000,1.000,—,—,3.00,1.000,—,0.000
trio-casters,5,3,boss,300,500,0.000,0.000,1.000,—,—,3.00,1.000,—,0.000
trio-casters,5,4,solo,180,500,1.000,0.000,0.000,0.717,10.0,1.00,0.283,—,1.386
trio-casters,5,4,solo,300,500,1.000,0.000,0.000,0.717,10.0,1.00,0.283,—,1.386
trio-casters,5,4,pack,180,500,0.000,0.000,1.000,—,—,3.00,1.000,—,0.000
trio-casters,5,4,pack,300,500,0.000,0.000,1.000,—,—,3.00,1.000,—,0.000
trio-casters,5,4,boss,180,500,0.000,0.000,1.000,—,—,3.00,1.000,—,0.000
trio-casters,5,4,boss,300,500,0.000,0.000,1.000,—,—,3.00,1.000,—,0.000
trio-casters,5,5,solo,180,500,0.000,0.000,1.000,—,—,3.00,1.000,—,0.000
trio-casters,5,5,solo,300,500,0.000,0.000,1.000,—,—,3.00,1.000,—,0.000
trio-casters,5,5,pack,180,500,0.000,0.000,1.000,—,—,3.00,1.000,—,0.000
trio-casters,5,5,pack,300,500,0.000,0.000,1.000,—,—,3.00,1.000,—,0.000
trio-casters,5,5,boss,180,500,0.000,0.000,1.000,—,—,3.00,1.000,—,0.000
trio-casters,5,5,boss,300,500,0.000,0.000,1.000,—,—,3.00,1.000,—,0.000
trio-casters,5,6,solo,180,500,0.000,0.000,1.000,—,—,3.00,1.000,—,0.000
trio-casters,5,6,solo,300,500,0.000,0.000,1.000,—,—,3.00,1.000,—,0.000
trio-casters,5,6,pack,180,500,0.000,0.000,1.000,—,—,3.00,1.000,—,0.000
trio-casters,5,6,pack,300,500,0.000,0.000,1.000,—,—,3.00,1.000,—,0.000
trio-casters,5,6,boss,180,500,0.000,0.000,1.000,—,—,3.00,1.000,—,0.000
trio-casters,5,6,boss,300,500,0.000,0.000,1.000,—,—,3.00,1.000,—,0.000
trio-casters,5,7,solo,180,500,0.000,0.000,1.000,—,—,3.00,1.000,—,0.000
trio-casters,5,7,solo,300,500,0.000,0.000,1.000,—,—,3.00,1.000,—,0.000
trio-casters,5,7,pack,180,500,0.000,0.000,1.000,—,—,3.00,1.000,—,0.000
trio-casters,5,7,pack,300,500,0.000,0.000,1.000,—,—,3.00,1.000,—,0.000
trio-casters,5,7,boss,180,500,0.000,0.000,1.000,—,—,3.00,1.000,—,0.000
trio-casters,5,7,boss,300,500,0.000,0.000,1.000,—,—,3.00,1.000,—,0.000
trio-casters,5,8,solo,180,500,0.000,0.000,1.000,—,—,3.00,1.000,—,0.000
trio-casters,5,8,solo,300,500,0.000,0.000,1.000,—,—,3.00,1.000,—,0.000
trio-casters,5,8,pack,180,500,0.000,0.000,1.000,—,—,3.00,1.000,—,0.000
trio-casters,5,8,pack,300,500,0.000,0.000,1.000,—,—,3.00,1.000,—,0.000
trio-casters,5,8,boss,180,500,0.000,0.000,1.000,—,—,3.00,1.000,—,0.000
trio-casters,5,8,boss,300,500,0.000,0.000,1.000,—,—,3.00,1.000,—,0.000
trio-casters,10,1,solo,180,500,1.000,0.000,0.000,1.000,0.0,0.00,0.000,—,1.560
trio-casters,10,1,solo,300,500,1.000,0.000,0.000,1.000,0.0,0.00,0.000,—,1.560
trio-casters,10,1,pack,180,500,1.000,0.000,0.000,1.000,5.4,0.00,0.000,—,1.560
trio-casters,10,1,pack,300,500,1.000,0.000,0.000,1.000,5.4,0.00,0.000,—,1.560
trio-casters,10,1,boss,180,500,1.000,0.000,0.000,1.000,10.8,0.00,0.000,—,1.560
trio-casters,10,1,boss,300,500,1.000,0.000,0.000,1.000,10.8,0.00,0.000,—,1.560
trio-casters,10,2,solo,180,500,1.000,0.000,0.000,1.000,0.0,0.00,0.000,—,1.560
trio-casters,10,2,solo,300,500,1.000,0.000,0.000,1.000,0.0,0.00,0.000,—,1.560
trio-casters,10,2,pack,180,500,1.000,0.000,0.000,0.885,9.0,0.00,0.115,—,1.500
trio-casters,10,2,pack,300,500,1.000,0.000,0.000,0.885,9.0,0.00,0.115,—,1.500
trio-casters,10,2,boss,180,500,1.000,0.000,0.000,0.924,16.2,0.00,0.076,—,1.521
trio-casters,10,2,boss,300,500,1.000,0.000,0.000,0.924,16.2,0.00,0.076,—,1.521
trio-casters,10,3,solo,180,500,1.000,0.000,0.000,0.927,1.8,0.00,0.073,—,1.522
trio-casters,10,3,solo,300,500,1.000,0.000,0.000,0.927,1.8,0.00,0.073,—,1.522
trio-casters,10,3,pack,180,500,0.000,0.000,1.000,—,—,3.00,1.000,—,0.000
trio-casters,10,3,pack,300,500,0.000,0.000,1.000,—,—,3.00,1.000,—,0.000
trio-casters,10,3,boss,180,500,1.000,0.000,0.000,0.770,25.0,0.00,0.230,—,1.440
trio-casters,10,3,boss,300,500,1.000,0.000,0.000,0.770,25.0,0.00,0.230,—,1.440
trio-casters,10,4,solo,180,500,1.000,0.000,0.000,0.800,5.0,0.00,0.200,—,1.456
trio-casters,10,4,solo,300,500,1.000,0.000,0.000,0.800,5.0,0.00,0.200,—,1.456
trio-casters,10,4,pack,180,500,0.000,0.000,1.000,—,—,3.00,1.000,—,0.000
trio-casters,10,4,pack,300,500,0.000,0.000,1.000,—,—,3.00,1.000,—,0.000
trio-casters,10,4,boss,180,500,0.000,0.000,1.000,—,—,3.00,1.000,—,0.000
trio-casters,10,4,boss,300,500,0.000,0.000,1.000,—,—,3.00,1.000,—,0.000
trio-casters,10,5,solo,180,500,1.000,0.000,0.000,0.915,5.4,0.00,0.085,—,1.516
trio-casters,10,5,solo,300,500,1.000,0.000,0.000,0.915,5.4,0.00,0.085,—,1.516
trio-casters,10,5,pack,180,500,0.000,0.000,1.000,—,—,3.00,1.000,—,0.000
trio-casters,10,5,pack,300,500,0.000,0.000,1.000,—,—,3.00,1.000,—,0.000
trio-casters,10,5,boss,180,500,0.000,0.000,1.000,—,—,3.00,1.000,—,0.000
trio-casters,10,5,boss,300,500,0.000,0.000,1.000,—,—,3.00,1.000,—,0.000
trio-casters,10,6,solo,180,500,0.000,0.000,1.000,—,—,3.00,1.000,—,0.000
trio-casters,10,6,solo,300,500,0.000,0.000,1.000,—,—,3.00,1.000,—,0.000
trio-casters,10,6,pack,180,500,0.000,0.000,1.000,—,—,3.00,1.000,—,0.000
trio-casters,10,6,pack,300,500,0.000,0.000,1.000,—,—,3.00,1.000,—,0.000
trio-casters,10,6,boss,180,500,0.000,0.000,1.000,—,—,3.00,1.000,—,0.000
trio-casters,10,6,boss,300,500,0.000,0.000,1.000,—,—,3.00,1.000,—,0.000
trio-casters,10,7,solo,180,500,0.000,0.000,1.000,—,—,3.00,1.000,—,0.000
trio-casters,10,7,solo,300,500,0.000,0.000,1.000,—,—,3.00,1.000,—,0.000
trio-casters,10,7,pack,180,500,0.000,0.000,1.000,—,—,3.00,1.000,—,0.000
trio-casters,10,7,pack,300,500,0.000,0.000,1.000,—,—,3.00,1.000,—,0.000
trio-casters,10,7,boss,180,500,0.000,0.000,1.000,—,—,3.00,1.000,—,0.000
trio-casters,10,7,boss,300,500,0.000,0.000,1.000,—,—,3.00,1.000,—,0.000
trio-casters,10,8,solo,180,500,0.000,0.000,1.000,—,—,3.00,1.000,—,0.000
trio-casters,10,8,solo,300,500,0.000,0.000,1.000,—,—,3.00,1.000,—,0.000
trio-casters,10,8,pack,180,500,0.000,0.000,1.000,—,—,3.00,1.000,—,0.000
trio-casters,10,8,pack,300,500,0.000,0.000,1.000,—,—,3.00,1.000,—,0.000
trio-casters,10,8,boss,180,500,0.000,0.000,1.000,—,—,3.00,1.000,—,0.000
trio-casters,10,8,boss,300,500,0.000,0.000,1.000,—,—,3.00,1.000,—,0.000
trio-casters,20,1,solo,180,500,1.000,0.000,0.000,1.000,0.0,0.00,0.000,—,1.620
trio-casters,20,1,solo,300,500,1.000,0.000,0.000,1.000,0.0,0.00,0.000,—,1.620
trio-casters,20,1,pack,180,500,1.000,0.000,0.000,0.975,1.1,0.00,0.025,—,1.606
trio-casters,20,1,pack,300,500,1.000,0.000,0.000,0.975,1.1,0.00,0.025,—,1.606
trio-casters,20,1,boss,180,500,1.000,0.000,0.000,0.924,5.0,0.00,0.076,—,1.579
trio-casters,20,1,boss,300,500,1.000,0.000,0.000,0.924,5.0,0.00,0.076,—,1.579
trio-casters,20,2,solo,180,500,1.000,0.000,0.000,1.000,0.0,0.00,0.000,—,1.620
trio-casters,20,2,solo,300,500,1.000,0.000,0.000,1.000,0.0,0.00,0.000,—,1.620
trio-casters,20,2,pack,180,500,1.000,0.000,0.000,0.893,3.3,0.00,0.107,—,1.562
trio-casters,20,2,pack,300,500,1.000,0.000,0.000,0.893,3.3,0.00,0.107,—,1.562
trio-casters,20,2,boss,180,500,1.000,0.000,0.000,0.947,6.7,0.00,0.053,—,1.592
trio-casters,20,2,boss,300,500,1.000,0.000,0.000,0.947,6.7,0.00,0.053,—,1.592
trio-casters,20,3,solo,180,500,1.000,0.000,0.000,1.000,0.0,0.00,0.000,—,1.620
trio-casters,20,3,solo,300,500,1.000,0.000,0.000,1.000,0.0,0.00,0.000,—,1.620
trio-casters,20,3,pack,180,500,1.000,0.000,0.000,0.848,4.4,0.00,0.152,—,1.538
trio-casters,20,3,pack,300,500,1.000,0.000,0.000,0.848,4.4,0.00,0.152,—,1.538
trio-casters,20,3,boss,180,500,1.000,0.000,0.000,0.853,10.0,0.00,0.147,—,1.540
trio-casters,20,3,boss,300,500,1.000,0.000,0.000,0.853,10.0,0.00,0.147,—,1.540
trio-casters,20,4,solo,180,500,1.000,0.000,0.000,0.931,1.1,0.00,0.069,—,1.582
trio-casters,20,4,solo,300,500,1.000,0.000,0.000,0.931,1.1,0.00,0.069,—,1.582
trio-casters,20,4,pack,180,500,1.000,0.000,0.000,0.579,25.0,1.00,0.421,—,1.393
trio-casters,20,4,pack,300,500,1.000,0.000,0.000,0.579,25.0,1.00,0.421,—,1.393
trio-casters,20,4,boss,180,500,1.000,0.000,0.000,0.878,14.4,0.00,0.122,—,1.554
trio-casters,20,4,boss,300,500,1.000,0.000,0.000,0.878,14.4,0.00,0.122,—,1.554
trio-casters,20,5,solo,180,500,1.000,0.000,0.000,0.903,2.2,0.00,0.097,—,1.568
trio-casters,20,5,solo,300,500,1.000,0.000,0.000,0.903,2.2,0.00,0.097,—,1.568
trio-casters,20,5,pack,180,500,0.000,0.000,1.000,—,—,3.00,1.000,—,0.000
trio-casters,20,5,pack,300,500,0.000,0.000,1.000,—,—,3.00,1.000,—,0.000
trio-casters,20,5,boss,180,500,0.000,1.000,0.000,—,—,2.00,0.720,—,0.000
trio-casters,20,5,boss,300,500,0.000,1.000,0.000,—,—,2.00,0.720,—,0.000
trio-casters,20,6,solo,180,500,1.000,0.000,0.000,0.726,3.3,0.00,0.274,—,1.472
trio-casters,20,6,solo,300,500,1.000,0.000,0.000,0.726,3.3,0.00,0.274,—,1.472
trio-casters,20,6,pack,180,500,0.000,0.000,1.000,—,—,3.00,1.000,—,0.000
trio-casters,20,6,pack,300,500,0.000,0.000,1.000,—,—,3.00,1.000,—,0.000
trio-casters,20,6,boss,180,500,0.000,0.000,1.000,—,—,3.00,1.000,—,0.000
trio-casters,20,6,boss,300,500,0.000,0.000,1.000,—,—,3.00,1.000,—,0.000
trio-casters,20,7,solo,180,500,0.000,0.000,1.000,—,—,3.00,1.000,—,0.000
trio-casters,20,7,solo,300,500,0.000,0.000,1.000,—,—,3.00,1.000,—,0.000
trio-casters,20,7,pack,180,500,0.000,0.000,1.000,—,—,3.00,1.000,—,0.000
trio-casters,20,7,pack,300,500,0.000,0.000,1.000,—,—,3.00,1.000,—,0.000
trio-casters,20,7,boss,180,500,0.000,0.000,1.000,—,—,3.00,1.000,—,0.000
trio-casters,20,7,boss,300,500,0.000,0.000,1.000,—,—,3.00,1.000,—,0.000
trio-casters,20,8,solo,180,500,0.000,0.000,1.000,—,—,3.00,1.000,—,0.000
trio-casters,20,8,solo,300,500,0.000,0.000,1.000,—,—,3.00,1.000,—,0.000
trio-casters,20,8,pack,180,500,0.000,0.000,1.000,—,—,3.00,1.000,—,0.000
trio-casters,20,8,pack,300,500,0.000,0.000,1.000,—,—,3.00,1.000,—,0.000
trio-casters,20,8,boss,180,500,0.000,0.000,1.000,—,—,3.00,1.000,—,0.000
trio-casters,20,8,boss,300,500,0.000,0.000,1.000,—,—,3.00,1.000,—,0.000
trio-casters,35,1,solo,180,500,1.000,0.000,0.000,1.000,0.0,0.00,0.000,—,1.710
trio-casters,35,1,solo,300,500,1.000,0.000,0.000,1.000,0.0,0.00,0.000,—,1.710
trio-casters,35,1,pack,180,500,1.000,0.000,0.000,0.983,0.7,0.00,0.017,—,1.700
trio-casters,35,1,pack,300,500,1.000,0.000,0.000,0.983,0.7,0.00,0.017,—,1.700
trio-casters,35,1,boss,180,500,1.000,0.000,0.000,0.974,2.1,0.00,0.026,—,1.695
trio-casters,35,1,boss,300,500,1.000,0.000,0.000,0.974,2.1,0.00,0.026,—,1.695
trio-casters,35,2,solo,180,500,1.000,0.000,0.000,1.000,0.0,0.00,0.000,—,1.710
trio-casters,35,2,solo,300,500,1.000,0.000,0.000,1.000,0.0,0.00,0.000,—,1.710
trio-casters,35,2,pack,180,500,1.000,0.000,0.000,0.975,0.7,0.00,0.025,—,1.696
trio-casters,35,2,pack,300,500,1.000,0.000,0.000,0.975,0.7,0.00,0.025,—,1.696
trio-casters,35,2,boss,180,500,1.000,0.000,0.000,0.964,2.8,0.00,0.036,—,1.689
trio-casters,35,2,boss,300,500,1.000,0.000,0.000,0.964,2.8,0.00,0.036,—,1.689
trio-casters,35,3,solo,180,500,1.000,0.000,0.000,1.000,0.0,0.00,0.000,—,1.710
trio-casters,35,3,solo,300,500,1.000,0.000,0.000,1.000,0.0,0.00,0.000,—,1.710
trio-casters,35,3,pack,180,500,1.000,0.000,0.000,0.931,2.1,0.00,0.069,—,1.670
trio-casters,35,3,pack,300,500,1.000,0.000,0.000,0.931,2.1,0.00,0.069,—,1.670
trio-casters,35,3,boss,180,500,1.000,0.000,0.000,0.899,4.2,0.00,0.101,—,1.652
trio-casters,35,3,boss,300,500,1.000,0.000,0.000,0.899,4.2,0.00,0.101,—,1.652
trio-casters,35,4,solo,180,500,1.000,0.000,0.000,1.000,0.0,0.00,0.000,—,1.710
trio-casters,35,4,solo,300,500,1.000,0.000,0.000,1.000,0.0,0.00,0.000,—,1.710
trio-casters,35,4,pack,180,500,1.000,0.000,0.000,0.905,2.8,0.00,0.095,—,1.656
trio-casters,35,4,pack,300,500,1.000,0.000,0.000,0.905,2.8,0.00,0.095,—,1.656
trio-casters,35,4,boss,180,500,1.000,0.000,0.000,0.858,5.0,0.00,0.142,—,1.629
trio-casters,35,4,boss,300,500,1.000,0.000,0.000,0.858,5.0,0.00,0.142,—,1.629
trio-casters,35,5,solo,180,500,1.000,0.000,0.000,1.000,0.0,0.00,0.000,—,1.710
trio-casters,35,5,solo,300,500,1.000,0.000,0.000,1.000,0.0,0.00,0.000,—,1.710
trio-casters,35,5,pack,180,500,1.000,0.000,0.000,0.800,4.2,0.00,0.200,—,1.596
trio-casters,35,5,pack,300,500,1.000,0.000,0.000,0.800,4.2,0.00,0.200,—,1.596
trio-casters,35,5,boss,180,500,1.000,0.000,0.000,0.900,7.7,0.00,0.100,—,1.653
trio-casters,35,5,boss,300,500,1.000,0.000,0.000,0.900,7.7,0.00,0.100,—,1.653
trio-casters,35,6,solo,180,500,1.000,0.000,0.000,0.906,0.7,0.00,0.094,—,1.656
trio-casters,35,6,solo,300,500,1.000,0.000,0.000,0.906,0.7,0.00,0.094,—,1.656
trio-casters,35,6,pack,180,500,1.000,0.000,0.000,0.529,25.0,1.00,0.471,—,1.441
trio-casters,35,6,pack,300,500,1.000,0.000,0.000,0.529,25.0,1.00,0.471,—,1.441
trio-casters,35,6,boss,180,500,0.000,1.000,0.000,—,—,2.00,0.713,—,0.000
trio-casters,35,6,boss,300,500,0.000,1.000,0.000,—,—,2.00,0.713,—,0.000
trio-casters,35,7,solo,180,500,1.000,0.000,0.000,0.870,2.1,0.00,0.130,—,1.636
trio-casters,35,7,solo,300,500,1.000,0.000,0.000,0.870,2.1,0.00,0.130,—,1.636
trio-casters,35,7,pack,180,500,0.000,0.000,1.000,—,—,3.00,1.000,—,0.000
trio-casters,35,7,pack,300,500,0.000,0.000,1.000,—,—,3.00,1.000,—,0.000
trio-casters,35,7,boss,180,500,0.000,0.000,1.000,—,—,3.00,1.000,—,0.000
trio-casters,35,7,boss,300,500,0.000,0.000,1.000,—,—,3.00,1.000,—,0.000
trio-casters,35,8,solo,180,500,1.000,0.000,0.000,0.818,2.8,0.00,0.182,—,1.606
trio-casters,35,8,solo,300,500,1.000,0.000,0.000,0.818,2.8,0.00,0.182,—,1.606
trio-casters,35,8,pack,180,500,0.000,0.000,1.000,—,—,3.00,1.000,—,0.000
trio-casters,35,8,pack,300,500,0.000,0.000,1.000,—,—,3.00,1.000,—,0.000
trio-casters,35,8,boss,180,500,0.000,0.000,1.000,—,—,3.00,1.000,—,0.000
trio-casters,35,8,boss,300,500,0.000,0.000,1.000,—,—,3.00,1.000,—,0.000
trio-casters,50,1,solo,180,500,1.000,0.000,0.000,1.000,0.0,0.00,0.000,—,1.800
trio-casters,50,1,solo,300,500,1.000,0.000,0.000,1.000,0.0,0.00,0.000,—,1.800
trio-casters,50,1,pack,180,500,1.000,0.000,0.000,0.987,0.5,0.00,0.013,—,1.792
trio-casters,50,1,pack,300,500,1.000,0.000,0.000,0.987,0.5,0.00,0.013,—,1.792
trio-casters,50,1,boss,180,500,1.000,0.000,0.000,0.980,1.0,0.00,0.020,—,1.788
trio-casters,50,1,boss,300,500,1.000,0.000,0.000,0.980,1.0,0.00,0.020,—,1.788
trio-casters,50,2,solo,180,500,1.000,0.000,0.000,1.000,0.0,0.00,0.000,—,1.800
trio-casters,50,2,solo,300,500,1.000,0.000,0.000,1.000,0.0,0.00,0.000,—,1.800
trio-casters,50,2,pack,180,500,1.000,0.000,0.000,0.981,0.5,0.00,0.019,—,1.789
trio-casters,50,2,pack,300,500,1.000,0.000,0.000,0.981,0.5,0.00,0.019,—,1.789
trio-casters,50,2,boss,180,500,1.000,0.000,0.000,0.972,1.5,0.00,0.028,—,1.783
trio-casters,50,2,boss,300,500,1.000,0.000,0.000,0.972,1.5,0.00,0.028,—,1.783
trio-casters,50,3,solo,180,500,1.000,0.000,0.000,1.000,0.0,0.00,0.000,—,1.800
trio-casters,50,3,solo,300,500,1.000,0.000,0.000,1.000,0.0,0.00,0.000,—,1.800
trio-casters,50,3,pack,180,500,1.000,0.000,0.000,0.974,0.5,0.00,0.026,—,1.784
trio-casters,50,3,pack,300,500,1.000,0.000,0.000,0.974,0.5,0.00,0.026,—,1.784
trio-casters,50,3,boss,180,500,1.000,0.000,0.000,0.961,2.1,0.00,0.039,—,1.777
trio-casters,50,3,boss,300,500,1.000,0.000,0.000,0.961,2.1,0.00,0.039,—,1.777
trio-casters,50,4,solo,180,500,1.000,0.000,0.000,1.000,0.0,0.00,0.000,—,1.800
trio-casters,50,4,solo,300,500,1.000,0.000,0.000,1.000,0.0,0.00,0.000,—,1.800
trio-casters,50,4,pack,180,500,1.000,0.000,0.000,0.927,1.5,0.00,0.073,—,1.756
trio-casters,50,4,pack,300,500,1.000,0.000,0.000,0.927,1.5,0.00,0.073,—,1.756
trio-casters,50,4,boss,180,500,1.000,0.000,0.000,0.892,3.1,0.00,0.108,—,1.735
trio-casters,50,4,boss,300,500,1.000,0.000,0.000,0.892,3.1,0.00,0.108,—,1.735
trio-casters,50,5,solo,180,500,1.000,0.000,0.000,1.000,0.0,0.00,0.000,—,1.800
trio-casters,50,5,solo,300,500,1.000,0.000,0.000,1.000,0.0,0.00,0.000,—,1.800
trio-casters,50,5,pack,180,500,1.000,0.000,0.000,0.899,2.1,0.00,0.101,—,1.739
trio-casters,50,5,pack,300,500,1.000,0.000,0.000,0.899,2.1,0.00,0.101,—,1.739
trio-casters,50,5,boss,180,500,1.000,0.000,0.000,0.848,4.6,0.00,0.152,—,1.709
trio-casters,50,5,boss,300,500,1.000,0.000,0.000,0.848,4.6,0.00,0.152,—,1.709
trio-casters,50,6,solo,180,500,1.000,0.000,0.000,1.000,0.0,0.00,0.000,—,1.800
trio-casters,50,6,solo,300,500,1.000,0.000,0.000,1.000,0.0,0.00,0.000,—,1.800
trio-casters,50,6,pack,180,500,1.000,0.000,0.000,0.785,3.1,0.00,0.215,—,1.671
trio-casters,50,6,pack,300,500,1.000,0.000,0.000,0.785,3.1,0.00,0.215,—,1.671
trio-casters,50,6,boss,180,500,1.000,0.000,0.000,1.000,5.7,0.00,0.000,—,1.800
trio-casters,50,6,boss,300,500,1.000,0.000,0.000,1.000,5.7,0.00,0.000,—,1.800
trio-casters,50,7,solo,180,500,1.000,0.000,0.000,0.901,0.5,0.00,0.099,—,1.740
trio-casters,50,7,solo,300,500,1.000,0.000,0.000,0.901,0.5,0.00,0.099,—,1.740
trio-casters,50,7,pack,180,500,0.000,0.000,1.000,—,—,3.00,1.000,—,0.000
trio-casters,50,7,pack,300,500,0.000,0.000,1.000,—,—,3.00,1.000,—,0.000
trio-casters,50,7,boss,180,500,0.000,1.000,0.000,—,—,2.00,0.721,—,0.000
trio-casters,50,7,boss,300,500,0.000,1.000,0.000,—,—,2.00,0.721,—,0.000
trio-casters,50,8,solo,180,500,1.000,0.000,0.000,0.861,1.5,0.00,0.139,—,1.717
trio-casters,50,8,solo,300,500,1.000,0.000,0.000,0.861,1.5,0.00,0.139,—,1.717
trio-casters,50,8,pack,180,500,0.000,0.000,1.000,—,—,3.00,1.000,—,0.000
trio-casters,50,8,pack,300,500,0.000,0.000,1.000,—,—,3.00,1.000,—,0.000
trio-casters,50,8,boss,180,500,0.000,0.000,1.000,—,—,3.00,1.000,—,0.000
trio-casters,50,8,boss,300,500,0.000,0.000,1.000,—,—,3.00,1.000,—,0.000
trio-double-tank,1,1,solo,180,500,1.000,0.000,0.000,0.947,5.0,0.00,0.053,1.000,1.480
trio-double-tank,1,1,solo,300,500,1.000,0.000,0.000,0.948,5.0,0.00,0.052,1.000,1.480
trio-double-tank,1,1,pack,180,500,1.000,0.000,0.000,0.999,30.0,0.00,0.001,1.000,1.506
trio-double-tank,1,1,pack,300,500,1.000,0.000,0.000,0.999,30.0,0.00,0.001,1.000,1.506
trio-double-tank,1,1,boss,180,500,1.000,0.000,0.000,0.992,64.3,0.00,0.008,1.000,1.502
trio-double-tank,1,1,boss,300,500,1.000,0.000,0.000,0.993,64.4,0.00,0.007,1.000,1.502
trio-double-tank,1,2,solo,180,500,1.000,0.000,0.000,0.887,8.1,0.00,0.113,1.000,1.449
trio-double-tank,1,2,solo,300,500,1.000,0.000,0.000,0.887,8.1,0.00,0.113,1.000,1.449
trio-double-tank,1,2,pack,180,500,1.000,0.000,0.000,0.797,66.9,0.47,0.203,1.000,1.404
trio-double-tank,1,2,pack,300,500,1.000,0.000,0.000,0.785,68.4,0.50,0.215,1.000,1.398
trio-double-tank,1,2,boss,180,500,1.000,0.000,0.000,0.930,98.8,0.00,0.070,1.000,1.471
trio-double-tank,1,2,boss,300,500,1.000,0.000,0.000,0.930,98.7,0.00,0.070,1.000,1.471
trio-double-tank,1,3,solo,180,500,1.000,0.000,0.000,0.940,17.4,0.00,0.060,1.000,1.476
trio-double-tank,1,3,solo,300,500,1.000,0.000,0.000,0.937,17.3,0.00,0.063,1.000,1.474
trio-double-tank,1,3,pack,180,500,0.000,0.000,1.000,—,—,3.00,1.000,0.766,0.000
trio-double-tank,1,3,pack,300,500,0.000,0.000,1.000,—,—,3.00,1.000,0.764,0.000
trio-double-tank,1,3,boss,180,500,0.000,0.012,0.988,—,—,2.98,0.997,0.815,0.000
trio-double-tank,1,3,boss,300,500,0.006,0.000,0.994,0.605,150.0,2.99,0.996,0.815,0.008
trio-double-tank,1,4,solo,180,500,1.000,0.000,0.000,0.832,29.6,0.00,0.168,1.000,1.422
trio-double-tank,1,4,solo,300,500,1.000,0.000,0.000,0.826,29.6,0.00,0.174,1.000,1.419
trio-double-tank,1,4,pack,180,500,0.000,0.000,1.000,—,—,3.00,1.000,0.788,0.000
trio-double-tank,1,4,pack,300,500,0.000,0.000,1.000,—,—,3.00,1.000,0.786,0.000
trio-double-tank,1,4,boss,180,500,0.000,0.000,1.000,—,—,3.00,1.000,0.762,0.000
trio-double-tank,1,4,boss,300,500,0.000,0.000,1.000,—,—,3.00,1.000,0.764,0.000
trio-double-tank,1,5,solo,180,500,0.054,0.000,0.946,0.415,56.1,2.91,0.978,0.790,0.065
trio-double-tank,1,5,solo,300,500,0.062,0.000,0.938,0.432,56.5,2.89,0.973,0.792,0.076
trio-double-tank,1,5,pack,180,500,0.000,0.000,1.000,—,—,3.00,1.000,0.759,0.000
trio-double-tank,1,5,pack,300,500,0.000,0.000,1.000,—,—,3.00,1.000,0.757,0.000
trio-double-tank,1,5,boss,180,500,0.000,0.000,1.000,—,—,3.00,1.000,0.735,0.000
trio-double-tank,1,5,boss,300,500,0.000,0.000,1.000,—,—,3.00,1.000,0.740,0.000
trio-double-tank,1,6,solo,180,500,0.000,0.000,1.000,—,—,3.00,1.000,0.806,0.000
trio-double-tank,1,6,solo,300,500,0.000,0.000,1.000,—,—,3.00,1.000,0.803,0.000
trio-double-tank,1,6,pack,180,500,0.000,0.000,1.000,—,—,3.00,1.000,0.730,0.000
trio-double-tank,1,6,pack,300,500,0.000,0.000,1.000,—,—,3.00,1.000,0.732,0.000
trio-double-tank,1,6,boss,180,500,0.000,0.000,1.000,—,—,3.00,1.000,0.707,0.000
trio-double-tank,1,6,boss,300,500,0.000,0.000,1.000,—,—,3.00,1.000,0.707,0.000
trio-double-tank,1,7,solo,180,500,0.000,0.000,1.000,—,—,3.00,1.000,0.840,0.000
trio-double-tank,1,7,solo,300,500,0.000,0.000,1.000,—,—,3.00,1.000,0.839,0.000
trio-double-tank,1,7,pack,180,500,0.000,0.000,1.000,—,—,3.00,1.000,0.813,0.000
trio-double-tank,1,7,pack,300,500,0.000,0.000,1.000,—,—,3.00,1.000,0.811,0.000
trio-double-tank,1,7,boss,180,500,0.000,0.000,1.000,—,—,3.00,1.000,0.681,0.000
trio-double-tank,1,7,boss,300,500,0.000,0.000,1.000,—,—,3.00,1.000,0.678,0.000
trio-double-tank,1,8,solo,180,500,0.000,0.000,1.000,—,—,3.00,1.000,0.809,0.000
trio-double-tank,1,8,solo,300,500,0.000,0.000,1.000,—,—,3.00,1.000,0.810,0.000
trio-double-tank,1,8,pack,180,500,0.000,0.000,1.000,—,—,3.00,1.000,0.807,0.000
trio-double-tank,1,8,pack,300,500,0.000,0.000,1.000,—,—,3.00,1.000,0.804,0.000
trio-double-tank,1,8,boss,180,500,0.000,0.000,1.000,—,—,3.00,1.000,0.768,0.000
trio-double-tank,1,8,boss,300,500,0.000,0.000,1.000,—,—,3.00,1.000,0.773,0.000
trio-double-tank,5,1,solo,180,500,1.000,0.000,0.000,1.000,0.0,0.00,0.000,—,1.530
trio-double-tank,5,1,solo,300,500,1.000,0.000,0.000,1.000,0.0,0.00,0.000,—,1.530
trio-double-tank,5,1,pack,180,500,1.000,0.000,0.000,0.944,9.0,0.00,0.056,1.000,1.501
trio-double-tank,5,1,pack,300,500,1.000,0.000,0.000,0.946,9.0,0.00,0.054,1.000,1.502
trio-double-tank,5,1,boss,180,500,1.000,0.000,0.000,0.950,19.1,0.00,0.050,1.000,1.504
trio-double-tank,5,1,boss,300,500,1.000,0.000,0.000,0.948,19.0,0.00,0.052,1.000,1.503
trio-double-tank,5,2,solo,180,500,1.000,0.000,0.000,0.986,3.0,0.00,0.014,1.000,1.523
trio-double-tank,5,2,solo,300,500,1.000,0.000,0.000,0.986,3.0,0.00,0.014,1.000,1.523
trio-double-tank,5,2,pack,180,500,1.000,0.000,0.000,1.000,18.0,0.00,0.000,1.000,1.530
trio-double-tank,5,2,pack,300,500,1.000,0.000,0.000,0.999,17.9,0.00,0.001,1.000,1.530
trio-double-tank,5,2,boss,180,500,1.000,0.000,0.000,0.984,37.0,0.00,0.016,1.000,1.522
trio-double-tank,5,2,boss,300,500,1.000,0.000,0.000,0.984,37.0,0.00,0.016,1.000,1.522
trio-double-tank,5,3,solo,180,500,1.000,0.000,0.000,0.932,6.0,0.00,0.068,1.000,1.495
trio-double-tank,5,3,solo,300,500,1.000,0.000,0.000,0.932,6.0,0.00,0.068,1.000,1.496
trio-double-tank,5,3,pack,180,500,1.000,0.000,0.000,0.998,29.9,0.00,0.002,1.000,1.529
trio-double-tank,5,3,pack,300,500,1.000,0.000,0.000,0.998,29.9,0.00,0.002,1.000,1.529
trio-double-tank,5,3,boss,180,500,1.000,0.000,0.000,0.963,59.0,0.00,0.037,1.000,1.511
trio-double-tank,5,3,boss,300,500,1.000,0.000,0.000,0.964,59.0,0.00,0.036,1.000,1.512
trio-double-tank,5,4,solo,180,500,1.000,0.000,0.000,0.986,8.9,0.00,0.014,1.000,1.523
trio-double-tank,5,4,solo,300,500,1.000,0.000,0.000,0.986,8.9,0.00,0.014,1.000,1.523
trio-double-tank,5,4,pack,180,500,0.660,0.104,0.236,0.677,100.2,1.48,0.532,0.886,0.901
trio-double-tank,5,4,pack,300,500,0.680,0.078,0.242,0.658,103.9,1.49,0.537,0.856,0.922
trio-double-tank,5,4,boss,180,500,1.000,0.000,0.000,0.982,88.3,0.00,0.018,1.000,1.521
trio-double-tank,5,4,boss,300,500,1.000,0.000,0.000,0.983,88.4,0.00,0.017,1.000,1.521
trio-double-tank,5,5,solo,180,500,1.000,0.000,0.000,0.997,17.5,0.00,0.003,1.000,1.528
trio-double-tank,5,5,solo,300,500,1.000,0.000,0.000,0.997,17.7,0.00,0.003,1.000,1.529
trio-double-tank,5,5,pack,180,500,0.000,0.000,1.000,—,—,3.00,1.000,0.781,0.000
trio-double-tank,5,5,pack,300,500,0.000,0.000,1.000,—,—,3.00,1.000,0.777,0.000
trio-double-tank,5,5,boss,180,500,0.000,0.000,1.000,—,—,3.00,1.000,0.739,0.000
trio-double-tank,5,5,boss,300,500,0.000,0.000,1.000,—,—,3.00,1.000,0.740,0.000
trio-double-tank,5,6,solo,180,500,1.000,0.000,0.000,0.943,29.7,0.00,0.057,1.000,1.501
trio-double-tank,5,6,solo,300,500,1.000,0.000,0.000,0.944,29.8,0.00,0.056,1.000,1.501
trio-double-tank,5,6,pack,180,500,0.000,0.000,1.000,—,—,3.00,1.000,0.787,0.000
trio-double-tank,5,6,pack,300,500,0.000,0.000,1.000,—,—,3.00,1.000,0.789,0.000
trio-double-tank,5,6,boss,180,500,0.000,0.000,1.000,—,—,3.00,1.000,0.817,0.000
trio-double-tank,5,6,boss,300,500,0.000,0.000,1.000,—,—,3.00,1.000,0.817,0.000
trio-double-tank,5,7,solo,180,500,0.022,0.000,0.978,0.477,51.6,2.96,0.990,0.751,0.028
trio-double-tank,5,7,solo,300,500,0.012,0.000,0.988,0.406,47.3,2.98,0.995,0.747,0.015
trio-double-tank,5,7,pack,180,500,0.000,0.000,1.000,—,—,3.00,1.000,0.754,0.000
trio-double-tank,5,7,pack,300,500,0.000,0.000,1.000,—,—,3.00,1.000,0.753,0.000
trio-double-tank,5,7,boss,180,500,0.000,0.000,1.000,—,—,3.00,1.000,0.727,0.000
trio-double-tank,5,7,boss,300,500,0.000,0.000,1.000,—,—,3.00,1.000,0.727,0.000
trio-double-tank,5,8,solo,180,500,0.000,0.000,1.000,—,—,3.00,1.000,0.845,0.000
trio-double-tank,5,8,solo,300,500,0.000,0.000,1.000,—,—,3.00,1.000,0.844,0.000
trio-double-tank,5,8,pack,180,500,0.000,0.000,1.000,—,—,3.00,1.000,0.813,0.000
trio-double-tank,5,8,pack,300,500,0.000,0.000,1.000,—,—,3.00,1.000,0.816,0.000
trio-double-tank,5,8,boss,180,500,0.000,0.000,1.000,—,—,3.00,1.000,0.684,0.000
trio-double-tank,5,8,boss,300,500,0.000,0.000,1.000,—,—,3.00,1.000,0.684,0.000
trio-double-tank,10,1,solo,180,500,1.000,0.000,0.000,1.000,0.0,0.00,0.000,—,1.560
trio-double-tank,10,1,solo,300,500,1.000,0.000,0.000,1.000,0.0,0.00,0.000,—,1.560
trio-double-tank,10,1,pack,180,500,1.000,0.000,0.000,0.997,4.0,0.00,0.003,1.000,1.558
trio-double-tank,10,1,pack,300,500,1.000,0.000,0.000,0.997,4.0,0.00,0.003,1.000,1.558
trio-double-tank,10,1,boss,180,500,1.000,0.000,0.000,0.998,8.1,0.00,0.002,1.000,1.559
trio-double-tank,10,1,boss,300,500,1.000,0.000,0.000,0.998,8.1,0.00,0.002,1.000,1.559
trio-double-tank,10,2,solo,180,500,1.000,0.000,0.000,1.000,0.0,0.00,0.000,—,1.560
trio-double-tank,10,2,solo,300,500,1.000,0.000,0.000,1.000,0.0,0.00,0.000,—,1.560
trio-double-tank,10,2,pack,180,500,1.000,0.000,0.000,0.983,8.0,0.00,0.017,1.000,1.551
trio-double-tank,10,2,pack,300,500,1.000,0.000,0.000,0.983,8.0,0.00,0.017,1.000,1.551
trio-double-tank,10,2,boss,180,500,1.000,0.000,0.000,0.967,12.1,0.00,0.033,1.000,1.543
trio-double-tank,10,2,boss,300,500,1.000,0.000,0.000,0.968,12.1,0.00,0.032,1.000,1.543
trio-double-tank,10,3,solo,180,500,1.000,0.000,0.000,0.991,2.0,0.00,0.009,1.000,1.555
trio-double-tank,10,3,solo,300,500,1.000,0.000,0.000,0.991,2.0,0.00,0.009,1.000,1.555
trio-double-tank,10,3,pack,180,500,1.000,0.000,0.000,0.944,11.2,0.00,0.056,1.000,1.531
trio-double-tank,10,3,pack,300,500,1.000,0.000,0.000,0.946,11.3,0.00,0.054,1.000,1.532
trio-double-tank,10,3,boss,180,500,1.000,0.000,0.000,0.939,21.3,0.00,0.061,1.000,1.528
trio-double-tank,10,3,boss,300,500,1.000,0.000,0.000,0.937,21.1,0.00,0.063,1.000,1.527
trio-double-tank,10,4,solo,180,500,1.000,0.000,0.000,0.963,4.0,0.00,0.037,1.000,1.541
trio-double-tank,10,4,solo,300,500,1.000,0.000,0.000,0.963,4.0,0.00,0.037,1.000,1.541
trio-double-tank,10,4,pack,180,500,1.000,0.000,0.000,1.000,18.0,0.00,0.000,1.000,1.560
trio-double-tank,10,4,pack,300,500,1.000,0.000,0.000,1.000,18.0,0.00,0.000,1.000,1.560
trio-double-tank,10,4,boss,180,500,1.000,0.000,0.000,0.971,34.6,0.00,0.029,1.000,1.545
trio-double-tank,10,4,boss,300,500,1.000,0.000,0.000,0.970,34.6,0.00,0.030,1.000,1.545
trio-double-tank,10,5,solo,180,500,1.000,0.000,0.000,0.934,6.0,0.00,0.066,1.000,1.526
trio-double-tank,10,5,solo,300,500,1.000,0.000,0.000,0.932,6.0,0.00,0.068,1.000,1.525
trio-double-tank,10,5,pack,180,500,1.000,0.000,0.000,0.965,27.9,0.00,0.035,1.000,1.542
trio-double-tank,10,5,pack,300,500,1.000,0.000,0.000,0.965,27.8,0.00,0.035,1.000,1.542
trio-double-tank,10,5,boss,180,500,1.000,0.000,0.000,0.947,55.1,0.00,0.053,1.000,1.532
trio-double-tank,10,5,boss,300,500,1.000,0.000,0.000,0.946,54.9,0.00,0.054,1.000,1.532
trio-double-tank,10,6,solo,180,500,1.000,0.000,0.000,0.938,10.9,0.00,0.062,1.000,1.528
trio-double-tank,10,6,solo,300,500,1.000,0.000,0.000,0.941,11.0,0.00,0.059,1.000,1.529
trio-double-tank,10,6,pack,180,500,0.002,0.000,0.998,1.000,42.0,2.99,0.998,0.765,0.003
trio-double-tank,10,6,pack,300,500,0.010,0.000,0.990,0.817,63.6,2.97,0.992,0.770,0.015
trio-double-tank,10,6,boss,180,500,0.460,0.038,0.502,0.921,83.1,1.54,0.560,0.926,0.699
trio-double-tank,10,6,boss,300,500,0.460,0.032,0.508,0.924,83.2,1.56,0.559,0.928,0.699
trio-double-tank,10,7,solo,180,500,1.000,0.000,0.000,0.926,19.5,0.00,0.074,1.000,1.522
trio-double-tank,10,7,solo,300,500,1.000,0.000,0.000,0.927,19.6,0.00,0.073,1.000,1.522
trio-double-tank,10,7,pack,180,500,0.000,0.000,1.000,—,—,3.00,1.000,0.832,0.000
trio-double-tank,10,7,pack,300,500,0.000,0.000,1.000,—,—,3.00,1.000,0.831,0.000
trio-double-tank,10,7,boss,180,500,0.000,0.000,1.000,—,—,3.00,1.000,0.827,0.000
trio-double-tank,10,7,boss,300,500,0.000,0.000,1.000,—,—,3.00,1.000,0.826,0.000
trio-double-tank,10,8,solo,180,500,0.674,0.000,0.326,0.828,32.2,0.98,0.442,0.904,0.991
trio-double-tank,10,8,solo,300,500,0.710,0.000,0.290,0.825,32.7,0.88,0.414,0.914,1.043
trio-double-tank,10,8,pack,180,500,0.000,0.000,1.000,—,—,3.00,1.000,0.752,0.000
trio-double-tank,10,8,pack,300,500,0.000,0.000,1.000,—,—,3.00,1.000,0.750,0.000
trio-double-tank,10,8,boss,180,500,0.000,0.000,1.000,—,—,3.00,1.000,0.749,0.000
trio-double-tank,10,8,boss,300,500,0.000,0.000,1.000,—,—,3.00,1.000,0.754,0.000
trio-double-tank,20,1,solo,180,500,1.000,0.000,0.000,1.000,0.0,0.00,0.000,—,1.620
trio-double-tank,20,1,solo,300,500,1.000,0.000,0.000,1.000,0.0,0.00,0.000,—,1.620
trio-double-tank,20,1,pack,180,500,1.000,0.000,0.000,1.000,1.2,0.00,0.000,1.000,1.620
trio-double-tank,20,1,pack,300,500,1.000,0.000,0.000,1.000,1.2,0.00,0.000,1.000,1.620
trio-double-tank,20,1,boss,180,500,1.000,0.000,0.000,1.000,4.0,0.00,0.000,1.000,1.620
trio-double-tank,20,1,boss,300,500,1.000,0.000,0.000,1.000,4.0,0.00,0.000,1.000,1.620
trio-double-tank,20,2,solo,180,500,1.000,0.000,0.000,1.000,0.0,0.00,0.000,—,1.620
trio-double-tank,20,2,solo,300,500,1.000,0.000,0.000,1.000,0.0,0.00,0.000,—,1.620
trio-double-tank,20,2,pack,180,500,1.000,0.000,0.000,1.000,3.6,0.00,0.000,1.000,1.620
trio-double-tank,20,2,pack,300,500,1.000,0.000,0.000,1.000,3.6,0.00,0.000,1.000,1.620
trio-double-tank,20,2,boss,180,500,1.000,0.000,0.000,1.000,6.0,0.00,0.000,1.000,1.620
trio-double-tank,20,2,boss,300,500,1.000,0.000,0.000,1.000,6.0,0.00,0.000,1.000,1.620
trio-double-tank,20,3,solo,180,500,1.000,0.000,0.000,1.000,0.0,0.00,0.000,—,1.620
trio-double-tank,20,3,solo,300,500,1.000,0.000,0.000,1.000,0.0,0.00,0.000,—,1.620
trio-double-tank,20,3,pack,180,500,1.000,0.000,0.000,1.000,4.0,0.00,0.000,1.000,1.620
trio-double-tank,20,3,pack,300,500,1.000,0.000,0.000,1.000,4.0,0.00,0.000,1.000,1.620
trio-double-tank,20,3,boss,180,500,1.000,0.000,0.000,0.999,7.2,0.00,0.001,1.000,1.620
trio-double-tank,20,3,boss,300,500,1.000,0.000,0.000,0.999,7.2,0.00,0.001,1.000,1.620
trio-double-tank,20,4,solo,180,500,1.000,0.000,0.000,1.000,0.0,0.00,0.000,—,1.620
trio-double-tank,20,4,solo,300,500,1.000,0.000,0.000,1.000,0.0,0.00,0.000,—,1.620
trio-double-tank,20,4,pack,180,500,1.000,0.000,0.000,1.000,6.0,0.00,0.000,1.000,1.620
trio-double-tank,20,4,pack,300,500,1.000,0.000,0.000,1.000,6.0,0.00,0.000,1.000,1.620
trio-double-tank,20,4,boss,180,500,1.000,0.000,0.000,1.000,12.0,0.00,0.000,1.000,1.620
trio-double-tank,20,4,boss,300,500,1.000,0.000,0.000,1.000,12.0,0.00,0.000,1.000,1.620
trio-double-tank,20,5,solo,180,500,1.000,0.000,0.000,0.993,1.2,0.00,0.007,1.000,1.616
trio-double-tank,20,5,solo,300,500,1.000,0.000,0.000,0.994,1.2,0.00,0.006,1.000,1.617
trio-double-tank,20,5,pack,180,500,1.000,0.000,0.000,0.978,8.1,0.00,0.022,1.000,1.608
trio-double-tank,20,5,pack,300,500,1.000,0.000,0.000,0.978,8.1,0.00,0.022,1.000,1.608
trio-double-tank,20,5,boss,180,500,1.000,0.000,0.000,0.998,16.8,0.00,0.002,1.000,1.619
trio-double-tank,20,5,boss,300,500,1.000,0.000,0.000,0.998,16.8,0.00,0.002,1.000,1.619
trio-double-tank,20,6,solo,180,500,1.000,0.000,0.000,0.984,3.6,0.00,0.016,1.000,1.611
trio-double-tank,20,6,solo,300,500,1.000,0.000,0.000,0.984,3.6,0.00,0.016,1.000,1.612
trio-double-tank,20,6,pack,180,500,1.000,0.000,0.000,0.982,15.3,0.00,0.018,1.000,1.610
trio-double-tank,20,6,pack,300,500,1.000,0.000,0.000,0.982,15.4,0.00,0.018,1.000,1.610
trio-double-tank,20,6,boss,180,500,1.000,0.000,0.000,0.973,29.0,0.00,0.027,1.000,1.606
trio-double-tank,20,6,boss,300,500,1.000,0.000,0.000,0.973,29.0,0.00,0.027,1.000,1.605
trio-double-tank,20,7,solo,180,500,1.000,0.000,0.000,0.980,6.0,0.00,0.020,1.000,1.609
trio-double-tank,20,7,solo,300,500,1.000,0.000,0.000,0.981,6.0,0.00,0.019,1.000,1.610
trio-double-tank,20,7,pack,180,500,0.952,0.000,0.048,0.985,30.7,0.18,0.063,0.982,1.534
trio-double-tank,20,7,pack,300,500,0.944,0.000,0.056,0.990,28.9,0.19,0.065,0.977,1.524
trio-double-tank,20,7,boss,180,500,1.000,0.000,0.000,0.963,48.7,0.00,0.037,1.000,1.600
trio-double-tank,20,7,boss,300,500,1.000,0.000,0.000,0.964,48.7,0.00,0.036,1.000,1.601
trio-double-tank,20,8,solo,180,500,1.000,0.000,0.000,0.969,10.0,0.00,0.031,1.000,1.603
trio-double-tank,20,8,solo,300,500,1.000,0.000,0.000,0.970,10.0,0.00,0.030,1.000,1.604
trio-double-tank,20,8,pack,180,500,0.090,0.000,0.910,0.951,39.1,2.73,0.914,0.806,0.143
trio-double-tank,20,8,pack,300,500,0.090,0.000,0.910,0.947,39.3,2.73,0.915,0.807,0.143
trio-double-tank,20,8,boss,180,500,0.218,0.000,0.782,0.949,76.5,2.35,0.793,0.834,0.347
trio-double-tank,20,8,boss,300,500,0.240,0.000,0.760,0.949,76.3,2.28,0.772,0.845,0.382
trio-double-tank,35,1,solo,180,500,1.000,0.000,0.000,1.000,0.0,0.00,0.000,—,1.710
trio-double-tank,35,1,solo,300,500,1.000,0.000,0.000,1.000,0.0,0.00,0.000,—,1.710
trio-double-tank,35,1,pack,180,500,1.000,0.000,0.000,1.000,0.0,0.00,0.000,—,1.710
trio-double-tank,35,1,pack,300,500,1.000,0.000,0.000,1.000,0.0,0.00,0.000,—,1.710
trio-double-tank,35,1,boss,180,500,1.000,0.000,0.000,1.000,1.5,0.00,0.000,1.000,1.710
trio-double-tank,35,1,boss,300,500,1.000,0.000,0.000,1.000,1.5,0.00,0.000,1.000,1.710
trio-double-tank,35,2,solo,180,500,1.000,0.000,0.000,1.000,0.0,0.00,0.000,—,1.710
trio-double-tank,35,2,solo,300,500,1.000,0.000,0.000,1.000,0.0,0.00,0.000,—,1.710
trio-double-tank,35,2,pack,180,500,1.000,0.000,0.000,1.000,0.8,0.00,0.000,1.000,1.710
trio-double-tank,35,2,pack,300,500,1.000,0.000,0.000,1.000,0.8,0.00,0.000,1.000,1.710
trio-double-tank,35,2,boss,180,500,1.000,0.000,0.000,1.000,2.3,0.00,0.000,1.000,1.710
trio-double-tank,35,2,boss,300,500,1.000,0.000,0.000,1.000,2.3,0.00,0.000,1.000,1.710
trio-double-tank,35,3,solo,180,500,1.000,0.000,0.000,1.000,0.0,0.00,0.000,—,1.710
trio-double-tank,35,3,solo,300,500,1.000,0.000,0.000,1.000,0.0,0.00,0.000,—,1.710
trio-double-tank,35,3,pack,180,500,1.000,0.000,0.000,1.000,2.3,0.00,0.000,1.000,1.710
trio-double-tank,35,3,pack,300,500,1.000,0.000,0.000,1.000,2.3,0.00,0.000,1.000,1.710
trio-double-tank,35,3,boss,180,500,1.000,0.000,0.000,1.000,3.8,0.00,0.000,1.000,1.710
trio-double-tank,35,3,boss,300,500,1.000,0.000,0.000,1.000,3.8,0.00,0.000,1.000,1.710
trio-double-tank,35,4,solo,180,500,1.000,0.000,0.000,1.000,0.0,0.00,0.000,—,1.710
trio-double-tank,35,4,solo,300,500,1.000,0.000,0.000,1.000,0.0,0.00,0.000,—,1.710
trio-double-tank,35,4,pack,180,500,1.000,0.000,0.000,1.000,2.3,0.00,0.000,1.000,1.710
trio-double-tank,35,4,pack,300,500,1.000,0.000,0.000,1.000,2.3,0.00,0.000,1.000,1.710
trio-double-tank,35,4,boss,180,500,1.000,0.000,0.000,1.000,4.5,0.00,0.000,1.000,1.710
trio-double-tank,35,4,boss,300,500,1.000,0.000,0.000,1.000,4.5,0.00,0.000,1.000,1.710
trio-double-tank,35,5,solo,180,500,1.000,0.000,0.000,1.000,0.0,0.00,0.000,—,1.710
trio-double-tank,35,5,solo,300,500,1.000,0.000,0.000,1.000,0.0,0.00,0.000,—,1.710
trio-double-tank,35,5,pack,180,500,1.000,0.000,0.000,1.000,4.0,0.00,0.000,1.000,1.710
trio-double-tank,35,5,pack,300,500,1.000,0.000,0.000,1.000,4.0,0.00,0.000,1.000,1.710
trio-double-tank,35,5,boss,180,500,1.000,0.000,0.000,1.000,7.5,0.00,0.000,1.000,1.710
trio-double-tank,35,5,boss,300,500,1.000,0.000,0.000,1.000,7.5,0.00,0.000,1.000,1.710
trio-double-tank,35,6,solo,180,500,1.000,0.000,0.000,1.000,0.8,0.00,0.000,1.000,1.710
trio-double-tank,35,6,solo,300,500,1.000,0.000,0.000,1.000,0.8,0.00,0.000,1.000,1.710
trio-double-tank,35,6,pack,180,500,1.000,0.000,0.000,1.000,6.0,0.00,0.000,1.000,1.710
trio-double-tank,35,6,pack,300,500,1.000,0.000,0.000,1.000,6.0,0.00,0.000,1.000,1.710
trio-double-tank,35,6,boss,180,500,1.000,0.000,0.000,1.000,12.0,0.00,0.000,1.000,1.710
trio-double-tank,35,6,boss,300,500,1.000,0.000,0.000,1.000,12.0,0.00,0.000,1.000,1.710
trio-double-tank,35,7,solo,180,500,1.000,0.000,0.000,1.000,2.3,0.00,0.000,1.000,1.710
trio-double-tank,35,7,solo,300,500,1.000,0.000,0.000,1.000,2.3,0.00,0.000,1.000,1.710
trio-double-tank,35,7,pack,180,500,1.000,0.000,0.000,1.000,8.3,0.00,0.000,1.000,1.710
trio-double-tank,35,7,pack,300,500,1.000,0.000,0.000,1.000,8.3,0.00,0.000,1.000,1.710
trio-double-tank,35,7,boss,180,500,1.000,0.000,0.000,1.000,17.3,0.00,0.000,1.000,1.710
trio-double-tank,35,7,boss,300,500,1.000,0.000,0.000,1.000,17.3,0.00,0.000,1.000,1.710
trio-double-tank,35,8,solo,180,500,1.000,0.000,0.000,0.988,3.8,0.00,0.012,1.000,1.703
trio-double-tank,35,8,solo,300,500,1.000,0.000,0.000,0.987,3.8,0.00,0.013,1.000,1.703
trio-double-tank,35,8,pack,180,500,1.000,0.000,0.000,0.969,13.0,0.00,0.031,1.000,1.692
trio-double-tank,35,8,pack,300,500,1.000,0.000,0.000,0.969,13.1,0.00,0.031,1.000,1.692
trio-double-tank,35,8,boss,180,500,1.000,0.000,0.000,1.000,26.4,0.00,0.000,1.000,1.710
trio-double-tank,35,8,boss,300,500,1.000,0.000,0.000,1.000,26.3,0.00,0.000,1.000,1.710
trio-double-tank,50,1,solo,180,500,1.000,0.000,0.000,1.000,0.0,0.00,0.000,—,1.800
trio-double-tank,50,1,solo,300,500,1.000,0.000,0.000,1.000,0.0,0.00,0.000,—,1.800
trio-double-tank,50,1,pack,180,500,1.000,0.000,0.000,1.000,0.0,0.00,0.000,—,1.800
trio-double-tank,50,1,pack,300,500,1.000,0.000,0.000,1.000,0.0,0.00,0.000,—,1.800
trio-double-tank,50,1,boss,180,500,1.000,0.000,0.000,1.000,0.5,0.00,0.000,1.000,1.800
trio-double-tank,50,1,boss,300,500,1.000,0.000,0.000,1.000,0.5,0.00,0.000,1.000,1.800
trio-double-tank,50,2,solo,180,500,1.000,0.000,0.000,1.000,0.0,0.00,0.000,—,1.800
trio-double-tank,50,2,solo,300,500,1.000,0.000,0.000,1.000,0.0,0.00,0.000,—,1.800
trio-double-tank,50,2,pack,180,500,1.000,0.000,0.000,1.000,0.0,0.00,0.000,—,1.800
trio-double-tank,50,2,pack,300,500,1.000,0.000,0.000,1.000,0.0,0.00,0.000,—,1.800
trio-double-tank,50,2,boss,180,500,1.000,0.000,0.000,1.000,1.1,0.00,0.000,1.000,1.800
trio-double-tank,50,2,boss,300,500,1.000,0.000,0.000,1.000,1.1,0.00,0.000,1.000,1.800
trio-double-tank,50,3,solo,180,500,1.000,0.000,0.000,1.000,0.0,0.00,0.000,—,1.800
trio-double-tank,50,3,solo,300,500,1.000,0.000,0.000,1.000,0.0,0.00,0.000,—,1.800
trio-double-tank,50,3,pack,180,500,1.000,0.000,0.000,1.000,0.5,0.00,0.000,1.000,1.800
trio-double-tank,50,3,pack,300,500,1.000,0.000,0.000,1.000,0.5,0.00,0.000,1.000,1.800
trio-double-tank,50,3,boss,180,500,1.000,0.000,0.000,1.000,1.6,0.00,0.000,1.000,1.800
trio-double-tank,50,3,boss,300,500,1.000,0.000,0.000,1.000,1.6,0.00,0.000,1.000,1.800
trio-double-tank,50,4,solo,180,500,1.000,0.000,0.000,1.000,0.0,0.00,0.000,—,1.800
trio-double-tank,50,4,solo,300,500,1.000,0.000,0.000,1.000,0.0,0.00,0.000,—,1.800
trio-double-tank,50,4,pack,180,500,1.000,0.000,0.000,1.000,1.6,0.00,0.000,1.000,1.800
trio-double-tank,50,4,pack,300,500,1.000,0.000,0.000,1.000,1.6,0.00,0.000,1.000,1.800
trio-double-tank,50,4,boss,180,500,1.000,0.000,0.000,1.000,2.7,0.00,0.000,1.000,1.800
trio-double-tank,50,4,boss,300,500,1.000,0.000,0.000,1.000,2.7,0.00,0.000,1.000,1.800
trio-double-tank,50,5,solo,180,500,1.000,0.000,0.000,1.000,0.0,0.00,0.000,—,1.800
trio-double-tank,50,5,solo,300,500,1.000,0.000,0.000,1.000,0.0,0.00,0.000,—,1.800
trio-double-tank,50,5,pack,180,500,1.000,0.000,0.000,1.000,1.6,0.00,0.000,1.000,1.800
trio-double-tank,50,5,pack,300,500,1.000,0.000,0.000,1.000,1.6,0.00,0.000,1.000,1.800
trio-double-tank,50,5,boss,180,500,1.000,0.000,0.000,1.000,4.0,0.00,0.000,1.000,1.800
trio-double-tank,50,5,boss,300,500,1.000,0.000,0.000,1.000,4.0,0.00,0.000,1.000,1.800
trio-double-tank,50,6,solo,180,500,1.000,0.000,0.000,1.000,0.0,0.00,0.000,—,1.800
trio-double-tank,50,6,solo,300,500,1.000,0.000,0.000,1.000,0.0,0.00,0.000,—,1.800
trio-double-tank,50,6,pack,180,500,1.000,0.000,0.000,1.000,3.3,0.00,0.000,1.000,1.800
trio-double-tank,50,6,pack,300,500,1.000,0.000,0.000,1.000,3.3,0.00,0.000,1.000,1.800
trio-double-tank,50,6,boss,180,500,1.000,0.000,0.000,1.000,6.0,0.00,0.000,1.000,1.800
trio-double-tank,50,6,boss,300,500,1.000,0.000,0.000,1.000,6.0,0.00,0.000,1.000,1.800
trio-double-tank,50,7,solo,180,500,1.000,0.000,0.000,1.000,0.5,0.00,0.000,1.000,1.800
trio-double-tank,50,7,solo,300,500,1.000,0.000,0.000,1.000,0.5,0.00,0.000,1.000,1.800
trio-double-tank,50,7,pack,180,500,1.000,0.000,0.000,1.000,4.4,0.00,0.000,1.000,1.800
trio-double-tank,50,7,pack,300,500,1.000,0.000,0.000,1.000,4.4,0.00,0.000,1.000,1.800
trio-double-tank,50,7,boss,180,500,1.000,0.000,0.000,0.998,9.3,0.00,0.002,1.000,1.799
trio-double-tank,50,7,boss,300,500,1.000,0.000,0.000,0.997,9.3,0.00,0.003,1.000,1.798
trio-double-tank,50,8,solo,180,500,1.000,0.000,0.000,1.000,1.6,0.00,0.000,1.000,1.800
trio-double-tank,50,8,solo,300,500,1.000,0.000,0.000,1.000,1.6,0.00,0.000,1.000,1.800
trio-double-tank,50,8,pack,180,500,1.000,0.000,0.000,1.000,7.6,0.00,0.000,1.000,1.800
trio-double-tank,50,8,pack,300,500,1.000,0.000,0.000,1.000,7.6,0.00,0.000,1.000,1.800
trio-double-tank,50,8,boss,180,500,1.000,0.000,0.000,1.000,14.7,0.00,0.000,1.000,1.800
trio-double-tank,50,8,boss,300,500,1.000,0.000,0.000,1.000,14.7,0.00,0.000,1.000,1.800
trio-utility,1,1,solo,180,500,1.000,0.000,0.000,0.916,4.3,0.00,0.084,—,1.464
trio-utility,1,1,solo,300,500,1.000,0.000,0.000,0.916,4.3,0.00,0.084,—,1.464
trio-utility,1,1,pack,180,500,1.000,0.000,0.000,0.382,25.7,0.99,0.618,—,1.196
trio-utility,1,1,pack,300,500,1.000,0.000,0.000,0.382,25.7,1.00,0.618,—,1.196
trio-utility,1,1,boss,180,500,0.000,0.000,1.000,—,—,3.00,1.000,—,0.000
trio-utility,1,1,boss,300,500,0.000,0.000,1.000,—,—,3.00,1.000,—,0.000
trio-utility,1,2,solo,180,500,1.000,0.000,0.000,0.827,7.5,0.00,0.173,—,1.419
trio-utility,1,2,solo,300,500,1.000,0.000,0.000,0.827,7.5,0.00,0.173,—,1.419
trio-utility,1,2,pack,180,500,0.000,0.000,1.000,—,—,3.00,1.000,—,0.000
trio-utility,1,2,pack,300,500,0.000,0.000,1.000,—,—,3.00,1.000,—,0.000
trio-utility,1,2,boss,180,500,0.000,0.000,1.000,—,—,3.00,1.000,—,0.000
trio-utility,1,2,boss,300,500,0.000,0.000,1.000,—,—,3.00,1.000,—,0.000
trio-utility,1,3,solo,180,500,1.000,0.000,0.000,0.669,11.2,0.00,0.331,—,1.340
trio-utility,1,3,solo,300,500,1.000,0.000,0.000,0.669,11.2,0.00,0.331,—,1.340
trio-utility,1,3,pack,180,500,0.000,0.000,1.000,—,—,3.00,1.000,—,0.000
trio-utility,1,3,pack,300,500,0.000,0.000,1.000,—,—,3.00,1.000,—,0.000
trio-utility,1,3,boss,180,500,0.000,0.000,1.000,—,—,3.00,1.000,—,0.000
trio-utility,1,3,boss,300,500,0.000,0.000,1.000,—,—,3.00,1.000,—,0.000
trio-utility,1,4,solo,180,500,1.000,0.000,0.000,0.158,22.4,1.03,0.842,—,1.083
trio-utility,1,4,solo,300,500,1.000,0.000,0.000,0.157,22.5,1.02,0.843,—,1.083
trio-utility,1,4,pack,180,500,0.000,0.000,1.000,—,—,3.00,1.000,—,0.000
trio-utility,1,4,pack,300,500,0.000,0.000,1.000,—,—,3.00,1.000,—,0.000
trio-utility,1,4,boss,180,500,0.000,0.000,1.000,—,—,3.00,1.000,—,0.000
trio-utility,1,4,boss,300,500,0.000,0.000,1.000,—,—,3.00,1.000,—,0.000
trio-utility,1,5,solo,180,500,0.000,0.000,1.000,—,—,3.00,1.000,—,0.000
trio-utility,1,5,solo,300,500,0.000,0.000,1.000,—,—,3.00,1.000,—,0.000
trio-utility,1,5,pack,180,500,0.000,0.000,1.000,—,—,3.00,1.000,—,0.000
trio-utility,1,5,pack,300,500,0.000,0.000,1.000,—,—,3.00,1.000,—,0.000
trio-utility,1,5,boss,180,500,0.000,0.000,1.000,—,—,3.00,1.000,—,0.000
trio-utility,1,5,boss,300,500,0.000,0.000,1.000,—,—,3.00,1.000,—,0.000
trio-utility,1,6,solo,180,500,0.000,0.000,1.000,—,—,3.00,1.000,—,0.000
trio-utility,1,6,solo,300,500,0.000,0.000,1.000,—,—,3.00,1.000,—,0.000
trio-utility,1,6,pack,180,500,0.000,0.000,1.000,—,—,3.00,1.000,—,0.000
trio-utility,1,6,pack,300,500,0.000,0.000,1.000,—,—,3.00,1.000,—,0.000
trio-utility,1,6,boss,180,500,0.000,0.000,1.000,—,—,3.00,1.000,—,0.000
trio-utility,1,6,boss,300,500,0.000,0.000,1.000,—,—,3.00,1.000,—,0.000
trio-utility,1,7,solo,180,500,0.000,0.000,1.000,—,—,3.00,1.000,—,0.000
trio-utility,1,7,solo,300,500,0.000,0.000,1.000,—,—,3.00,1.000,—,0.000
trio-utility,1,7,pack,180,500,0.000,0.000,1.000,—,—,3.00,1.000,—,0.000
trio-utility,1,7,pack,300,500,0.000,0.000,1.000,—,—,3.00,1.000,—,0.000
trio-utility,1,7,boss,180,500,0.000,0.000,1.000,—,—,3.00,1.000,—,0.000
trio-utility,1,7,boss,300,500,0.000,0.000,1.000,—,—,3.00,1.000,—,0.000
trio-utility,1,8,solo,180,500,0.000,0.000,1.000,—,—,3.00,1.000,—,0.000
trio-utility,1,8,solo,300,500,0.000,0.000,1.000,—,—,3.00,1.000,—,0.000
trio-utility,1,8,pack,180,500,0.000,0.000,1.000,—,—,3.00,1.000,—,0.000
trio-utility,1,8,pack,300,500,0.000,0.000,1.000,—,—,3.00,1.000,—,0.000
trio-utility,1,8,boss,180,500,0.000,0.000,1.000,—,—,3.00,1.000,—,0.000
trio-utility,1,8,boss,300,500,0.000,0.000,1.000,—,—,3.00,1.000,—,0.000
trio-utility,5,1,solo,180,500,1.000,0.000,0.000,0.966,2.8,0.00,0.034,—,1.512
trio-utility,5,1,solo,300,500,1.000,0.000,0.000,0.966,2.8,0.00,0.034,—,1.512
trio-utility,5,1,pack,180,500,1.000,0.000,0.000,0.765,11.0,0.00,0.235,—,1.410
trio-utility,5,1,pack,300,500,1.000,0.000,0.000,0.765,11.0,0.00,0.235,—,1.410
trio-utility,5,1,boss,180,500,1.000,0.000,0.000,0.672,21.3,0.79,0.328,—,1.363
trio-utility,5,1,boss,300,500,1.000,0.000,0.000,0.671,21.3,0.80,0.329,—,1.362
trio-utility,5,2,solo,180,500,1.000,0.000,0.000,0.906,4.1,0.00,0.094,—,1.482
trio-utility,5,2,solo,300,500,1.000,0.000,0.000,0.906,4.1,0.00,0.094,—,1.482
trio-utility,5,2,pack,180,500,1.000,0.000,0.000,0.398,24.7,1.04,0.602,—,1.223
trio-utility,5,2,pack,300,500,1.000,0.000,0.000,0.401,24.5,1.03,0.599,—,1.225
trio-utility,5,2,boss,180,500,0.000,0.000,1.000,—,—,3.00,1.000,—,0.000
trio-utility,5,2,boss,300,500,0.000,0.000,1.000,—,—,3.00,1.000,—,0.000
trio-utility,5,3,solo,180,500,1.000,0.000,0.000,0.818,6.7,0.00,0.182,—,1.437
trio-utility,5,3,solo,300,500,1.000,0.000,0.000,0.817,6.7,0.00,0.183,—,1.437
trio-utility,5,3,pack,180,500,0.000,0.000,1.000,—,—,3.00,1.000,—,0.000
trio-utility,5,3,pack,300,500,0.000,0.000,1.000,—,—,3.00,1.000,—,0.000
trio-utility,5,3,boss,180,500,0.000,0.000,1.000,—,—,3.00,1.000,—,0.000
trio-utility,5,3,boss,300,500,0.000,0.000,1.000,—,—,3.00,1.000,—,0.000
trio-utility,5,4,solo,180,500,1.000,0.000,0.000,0.649,9.6,0.00,0.351,—,1.351
trio-utility,5,4,solo,300,500,1.000,0.000,0.000,0.649,9.6,0.00,0.351,—,1.351
trio-utility,5,4,pack,180,500,0.000,0.000,1.000,—,—,3.00,1.000,—,0.000
trio-utility,5,4,pack,300,500,0.000,0.000,1.000,—,—,3.00,1.000,—,0.000
trio-utility,5,4,boss,180,500,0.000,0.000,1.000,—,—,3.00,1.000,—,0.000
trio-utility,5,4,boss,300,500,0.000,0.000,1.000,—,—,3.00,1.000,—,0.000
trio-utility,5,5,solo,180,500,0.000,0.000,1.000,—,—,3.00,1.000,—,0.000
trio-utility,5,5,solo,300,500,0.008,0.000,0.992,0.131,22.5,2.99,0.999,—,0.009
trio-utility,5,5,pack,180,500,0.000,0.000,1.000,—,—,3.00,1.000,—,0.000
trio-utility,5,5,pack,300,500,0.000,0.000,1.000,—,—,3.00,1.000,—,0.000
trio-utility,5,5,boss,180,500,0.000,0.000,1.000,—,—,3.00,1.000,—,0.000
trio-utility,5,5,boss,300,500,0.000,0.000,1.000,—,—,3.00,1.000,—,0.000
trio-utility,5,6,solo,180,500,0.000,0.000,1.000,—,—,3.00,1.000,—,0.000
trio-utility,5,6,solo,300,500,0.000,0.000,1.000,—,—,3.00,1.000,—,0.000
trio-utility,5,6,pack,180,500,0.000,0.000,1.000,—,—,3.00,1.000,—,0.000
trio-utility,5,6,pack,300,500,0.000,0.000,1.000,—,—,3.00,1.000,—,0.000
trio-utility,5,6,boss,180,500,0.000,0.000,1.000,—,—,3.00,1.000,—,0.000
trio-utility,5,6,boss,300,500,0.000,0.000,1.000,—,—,3.00,1.000,—,0.000
trio-utility,5,7,solo,180,500,0.000,0.000,1.000,—,—,3.00,1.000,—,0.000
trio-utility,5,7,solo,300,500,0.000,0.000,1.000,—,—,3.00,1.000,—,0.000
trio-utility,5,7,pack,180,500,0.000,0.000,1.000,—,—,3.00,1.000,—,0.000
trio-utility,5,7,pack,300,500,0.000,0.000,1.000,—,—,3.00,1.000,—,0.000
trio-utility,5,7,boss,180,500,0.000,0.000,1.000,—,—,3.00,1.000,—,0.000
trio-utility,5,7,boss,300,500,0.000,0.000,1.000,—,—,3.00,1.000,—,0.000
trio-utility,5,8,solo,180,500,0.000,0.000,1.000,—,—,3.00,1.000,—,0.000
trio-utility,5,8,solo,300,500,0.000,0.000,1.000,—,—,3.00,1.000,—,0.000
trio-utility,5,8,pack,180,500,0.000,0.000,1.000,—,—,3.00,1.000,—,0.000
trio-utility,5,8,pack,300,500,0.000,0.000,1.000,—,—,3.00,1.000,—,0.000
trio-utility,5,8,boss,180,500,0.000,0.000,1.000,—,—,3.00,1.000,—,0.000
trio-utility,5,8,boss,300,500,0.000,0.000,1.000,—,—,3.00,1.000,—,0.000
trio-utility,10,1,solo,180,500,1.000,0.000,0.000,0.974,0.9,0.00,0.026,—,1.547
trio-utility,10,1,solo,300,500,1.000,0.000,0.000,0.974,0.9,0.00,0.026,—,1.547
trio-utility,10,1,pack,180,500,1.000,0.000,0.000,0.866,7.5,0.00,0.134,—,1.491
trio-utility,10,1,pack,300,500,1.000,0.000,0.000,0.866,7.5,0.00,0.134,—,1.491
trio-utility,10,1,boss,180,500,1.000,0.000,0.000,0.847,13.1,0.00,0.153,—,1.480
trio-utility,10,1,boss,300,500,1.000,0.000,0.000,0.847,13.1,0.00,0.153,—,1.480
trio-utility,10,2,solo,180,500,1.000,0.000,0.000,0.963,2.6,0.00,0.037,—,1.541
trio-utility,10,2,solo,300,500,1.000,0.000,0.000,0.963,2.6,0.00,0.037,—,1.541
trio-utility,10,2,pack,180,500,1.000,0.000,0.000,0.746,9.5,0.00,0.254,—,1.428
trio-utility,10,2,pack,300,500,1.000,0.000,0.000,0.743,9.6,0.00,0.257,—,1.426
trio-utility,10,2,boss,180,500,1.000,0.000,0.000,0.676,19.3,0.00,0.324,—,1.392
trio-utility,10,2,boss,300,500,1.000,0.000,0.000,0.676,19.3,0.00,0.324,—,1.392
trio-utility,10,3,solo,180,500,1.000,0.000,0.000,0.901,4.3,0.00,0.099,—,1.508
trio-utility,10,3,solo,300,500,1.000,0.000,0.000,0.901,4.3,0.00,0.099,—,1.508
trio-utility,10,3,pack,180,500,1.000,0.000,0.000,0.306,29.0,1.94,0.694,—,1.199
trio-utility,10,3,pack,300,500,1.000,0.000,0.000,0.303,29.1,1.94,0.697,—,1.198
trio-utility,10,3,boss,180,500,0.000,0.000,1.000,—,—,3.00,1.000,—,0.000
trio-utility,10,3,boss,300,500,0.000,0.000,1.000,—,—,3.00,1.000,—,0.000
trio-utility,10,4,solo,180,500,1.000,0.000,0.000,0.803,6.1,0.00,0.197,—,1.458
trio-utility,10,4,solo,300,500,1.000,0.000,0.000,0.804,6.0,0.00,0.196,—,1.458
trio-utility,10,4,pack,180,500,0.000,0.000,1.000,—,—,3.00,1.000,—,0.000
trio-utility,10,4,pack,300,500,0.000,0.000,1.000,—,—,3.00,1.000,—,0.000
trio-utility,10,4,boss,180,500,0.000,0.000,1.000,—,—,3.00,1.000,—,0.000
trio-utility,10,4,boss,300,500,0.000,0.000,1.000,—,—,3.00,1.000,—,0.000
trio-utility,10,5,solo,180,500,1.000,0.000,0.000,0.726,8.8,0.00,0.274,—,1.417
trio-utility,10,5,solo,300,500,1.000,0.000,0.000,0.726,8.8,0.00,0.274,—,1.417
trio-utility,10,5,pack,180,500,0.000,0.000,1.000,—,—,3.00,1.000,—,0.000
trio-utility,10,5,pack,300,500,0.000,0.000,1.000,—,—,3.00,1.000,—,0.000
trio-utility,10,5,boss,180,500,0.000,0.000,1.000,—,—,3.00,1.000,—,0.000
trio-utility,10,5,boss,300,500,0.000,0.000,1.000,—,—,3.00,1.000,—,0.000
trio-utility,10,6,solo,180,500,0.000,0.000,1.000,—,—,3.00,1.000,—,0.000
trio-utility,10,6,solo,300,500,0.000,0.000,1.000,—,—,3.00,1.000,—,0.000
trio-utility,10,6,pack,180,500,0.000,0.000,1.000,—,—,3.00,1.000,—,0.000
trio-utility,10,6,pack,300,500,0.000,0.000,1.000,—,—,3.00,1.000,—,0.000
trio-utility,10,6,boss,180,500,0.000,0.000,1.000,—,—,3.00,1.000,—,0.000
trio-utility,10,6,boss,300,500,0.000,0.000,1.000,—,—,3.00,1.000,—,0.000
trio-utility,10,7,solo,180,500,0.000,0.000,1.000,—,—,3.00,1.000,—,0.000
trio-utility,10,7,solo,300,500,0.000,0.000,1.000,—,—,3.00,1.000,—,0.000
trio-utility,10,7,pack,180,500,0.000,0.000,1.000,—,—,3.00,1.000,—,0.000
trio-utility,10,7,pack,300,500,0.000,0.000,1.000,—,—,3.00,1.000,—,0.000
trio-utility,10,7,boss,180,500,0.000,0.000,1.000,—,—,3.00,1.000,—,0.000
trio-utility,10,7,boss,300,500,0.000,0.000,1.000,—,—,3.00,1.000,—,0.000
trio-utility,10,8,solo,180,500,0.000,0.000,1.000,—,—,3.00,1.000,—,0.000
trio-utility,10,8,solo,300,500,0.000,0.000,1.000,—,—,3.00,1.000,—,0.000
trio-utility,10,8,pack,180,500,0.000,0.000,1.000,—,—,3.00,1.000,—,0.000
trio-utility,10,8,pack,300,500,0.000,0.000,1.000,—,—,3.00,1.000,—,0.000
trio-utility,10,8,boss,180,500,0.000,0.000,1.000,—,—,3.00,1.000,—,0.000
trio-utility,10,8,boss,300,500,0.000,0.000,1.000,—,—,3.00,1.000,—,0.000
trio-utility,20,1,solo,180,500,1.000,0.000,0.000,1.000,0.0,0.00,0.000,—,1.620
trio-utility,20,1,solo,300,500,1.000,0.000,0.000,1.000,0.0,0.00,0.000,—,1.620
trio-utility,20,1,pack,180,500,1.000,0.000,0.000,0.967,2.9,0.00,0.033,—,1.602
trio-utility,20,1,pack,300,500,1.000,0.000,0.000,0.967,2.9,0.00,0.033,—,1.602
trio-utility,20,1,boss,180,500,1.000,0.000,0.000,0.962,4.8,0.00,0.038,—,1.600
trio-utility,20,1,boss,300,500,1.000,0.000,0.000,0.962,4.8,0.00,0.038,—,1.600
trio-utility,20,2,solo,180,500,1.000,0.000,0.000,0.977,0.5,0.00,0.023,—,1.608
trio-utility,20,2,solo,300,500,1.000,0.000,0.000,0.977,0.5,0.00,0.023,—,1.608
trio-utility,20,2,pack,180,500,1.000,0.000,0.000,0.909,3.9,0.00,0.091,—,1.571
trio-utility,20,2,pack,300,500,1.000,0.000,0.000,0.909,3.9,0.00,0.091,—,1.571
trio-utility,20,2,boss,180,500,1.000,0.000,0.000,0.904,7.7,0.00,0.096,—,1.568
trio-utility,20,2,boss,300,500,1.000,0.000,0.000,0.904,7.7,0.00,0.096,—,1.568
trio-utility,20,3,solo,180,500,1.000,0.000,0.000,0.967,1.0,0.00,0.033,—,1.602
trio-utility,20,3,solo,300,500,1.000,0.000,0.000,0.967,1.0,0.00,0.033,—,1.602
trio-utility,20,3,pack,180,500,1.000,0.000,0.000,0.837,4.8,0.00,0.163,—,1.532
trio-utility,20,3,pack,300,500,1.000,0.000,0.000,0.837,4.8,0.00,0.163,—,1.532
trio-utility,20,3,boss,180,500,1.000,0.000,0.000,0.816,10.6,0.00,0.184,—,1.521
trio-utility,20,3,boss,300,500,1.000,0.000,0.000,0.816,10.6,0.00,0.184,—,1.521
trio-utility,20,4,solo,180,500,1.000,0.000,0.000,0.954,1.9,0.00,0.046,—,1.595
trio-utility,20,4,solo,300,500,1.000,0.000,0.000,0.954,1.9,0.00,0.046,—,1.595
trio-utility,20,4,pack,180,500,1.000,0.000,0.000,0.732,7.5,0.00,0.268,—,1.475
trio-utility,20,4,pack,300,500,1.000,0.000,0.000,0.732,7.5,0.00,0.268,—,1.475
trio-utility,20,4,boss,180,500,1.000,0.000,0.000,0.666,15.0,0.00,0.334,—,1.440
trio-utility,20,4,boss,300,500,1.000,0.000,0.000,0.666,15.0,0.00,0.334,—,1.440
trio-utility,20,5,solo,180,500,1.000,0.000,0.000,0.862,3.4,0.00,0.138,—,1.546
trio-utility,20,5,solo,300,500,1.000,0.000,0.000,0.862,3.4,0.00,0.138,—,1.546
trio-utility,20,5,pack,180,500,0.090,0.000,0.910,0.107,30.7,2.91,0.990,—,0.102
trio-utility,20,5,pack,300,500,0.118,0.000,0.882,0.119,30.3,2.88,0.986,—,0.135
trio-utility,20,5,boss,180,500,0.000,0.000,1.000,—,—,3.00,1.000,—,0.000
trio-utility,20,5,boss,300,500,0.000,0.000,1.000,—,—,3.00,1.000,—,0.000
trio-utility,20,6,solo,180,500,1.000,0.000,0.000,0.814,4.3,0.00,0.186,—,1.520
trio-utility,20,6,solo,300,500,1.000,0.000,0.000,0.814,4.3,0.00,0.186,—,1.520
trio-utility,20,6,pack,180,500,0.000,0.000,1.000,—,—,3.00,1.000,—,0.000
trio-utility,20,6,pack,300,500,0.000,0.000,1.000,—,—,3.00,1.000,—,0.000
trio-utility,20,6,boss,180,500,0.000,0.000,1.000,—,—,3.00,1.000,—,0.000
trio-utility,20,6,boss,300,500,0.000,0.000,1.000,—,—,3.00,1.000,—,0.000
trio-utility,20,7,solo,180,500,1.000,0.000,0.000,0.606,6.8,0.00,0.394,—,1.407
trio-utility,20,7,solo,300,500,1.000,0.000,0.000,0.606,6.8,0.00,0.394,—,1.407
trio-utility,20,7,pack,180,500,0.000,0.000,1.000,—,—,3.00,1.000,—,0.000
trio-utility,20,7,pack,300,500,0.000,0.000,1.000,—,—,3.00,1.000,—,0.000
trio-utility,20,7,boss,180,500,0.000,0.000,1.000,—,—,3.00,1.000,—,0.000
trio-utility,20,7,boss,300,500,0.000,0.000,1.000,—,—,3.00,1.000,—,0.000
trio-utility,20,8,solo,180,500,0.000,0.000,1.000,—,—,3.00,1.000,—,0.000
trio-utility,20,8,solo,300,500,0.000,0.000,1.000,—,—,3.00,1.000,—,0.000
trio-utility,20,8,pack,180,500,0.000,0.000,1.000,—,—,3.00,1.000,—,0.000
trio-utility,20,8,pack,300,500,0.000,0.000,1.000,—,—,3.00,1.000,—,0.000
trio-utility,20,8,boss,180,500,0.000,0.000,1.000,—,—,3.00,1.000,—,0.000
trio-utility,20,8,boss,300,500,0.000,0.000,1.000,—,—,3.00,1.000,—,0.000
trio-utility,35,1,solo,180,500,1.000,0.000,0.000,1.000,0.0,0.00,0.000,—,1.710
trio-utility,35,1,solo,300,500,1.000,0.000,0.000,1.000,0.0,0.00,0.000,—,1.710
trio-utility,35,1,pack,180,500,1.000,0.000,0.000,0.980,0.8,0.00,0.020,—,1.699
trio-utility,35,1,pack,300,500,1.000,0.000,0.000,0.980,0.8,0.00,0.020,—,1.699
trio-utility,35,1,boss,180,500,1.000,0.000,0.000,0.985,1.9,0.00,0.015,—,1.701
trio-utility,35,1,boss,300,500,1.000,0.000,0.000,0.985,1.9,0.00,0.015,—,1.701
trio-utility,35,2,solo,180,500,1.000,0.000,0.000,1.000,0.0,0.00,0.000,—,1.710
trio-utility,35,2,solo,300,500,1.000,0.000,0.000,1.000,0.0,0.00,0.000,—,1.710
trio-utility,35,2,pack,180,500,1.000,0.000,0.000,0.971,1.6,0.00,0.029,—,1.693
trio-utility,35,2,pack,300,500,1.000,0.000,0.000,0.971,1.6,0.00,0.029,—,1.693
trio-utility,35,2,boss,180,500,1.000,0.000,0.000,0.979,2.7,0.00,0.021,—,1.698
trio-utility,35,2,boss,300,500,1.000,0.000,0.000,0.979,2.7,0.00,0.021,—,1.698
trio-utility,35,3,solo,180,500,1.000,0.000,0.000,1.000,0.0,0.00,0.000,—,1.710
trio-utility,35,3,solo,300,500,1.000,0.000,0.000,1.000,0.0,0.00,0.000,—,1.710
trio-utility,35,3,pack,180,500,1.000,0.000,0.000,0.959,2.2,0.00,0.041,—,1.687
trio-utility,35,3,pack,300,500,1.000,0.000,0.000,0.959,2.2,0.00,0.041,—,1.687
trio-utility,35,3,boss,180,500,1.000,0.000,0.000,0.928,4.3,0.00,0.072,—,1.669
trio-utility,35,3,boss,300,500,1.000,0.000,0.000,0.929,4.3,0.00,0.071,—,1.669
trio-utility,35,4,solo,180,500,1.000,0.000,0.000,0.972,0.5,0.00,0.028,—,1.694
trio-utility,35,4,solo,300,500,1.000,0.000,0.000,0.972,0.5,0.00,0.028,—,1.694
trio-utility,35,4,pack,180,500,1.000,0.000,0.000,0.881,3.2,0.00,0.119,—,1.642
trio-utility,35,4,pack,300,500,1.000,0.000,0.000,0.882,3.2,0.00,0.118,—,1.643
trio-utility,35,4,boss,180,500,1.000,0.000,0.000,0.908,5.7,0.00,0.092,—,1.658
trio-utility,35,4,boss,300,500,1.000,0.000,0.000,0.908,5.6,0.00,0.092,—,1.658
trio-utility,35,5,solo,180,500,1.000,0.000,0.000,0.961,0.8,0.00,0.039,—,1.688
trio-utility,35,5,solo,300,500,1.000,0.000,0.000,0.961,0.8,0.00,0.039,—,1.688
trio-utility,35,5,pack,180,500,1.000,0.000,0.000,0.839,3.8,0.00,0.161,—,1.618
trio-utility,35,5,pack,300,500,1.000,0.000,0.000,0.839,3.8,0.00,0.161,—,1.618
trio-utility,35,5,boss,180,500,1.000,0.000,0.000,0.807,8.1,0.00,0.193,—,1.600
trio-utility,35,5,boss,300,500,1.000,0.000,0.000,0.807,8.1,0.00,0.193,—,1.600
trio-utility,35,6,solo,180,500,1.000,0.000,0.000,0.944,1.6,0.00,0.056,—,1.678
trio-utility,35,6,solo,300,500,1.000,0.000,0.000,0.944,1.6,0.00,0.056,—,1.678
trio-utility,35,6,pack,180,500,1.000,0.000,0.000,0.712,5.9,0.00,0.288,—,1.546
trio-utility,35,6,pack,300,500,1.000,0.000,0.000,0.712,5.9,0.00,0.288,—,1.546
trio-utility,35,6,boss,180,500,1.000,0.000,0.000,0.590,11.3,0.00,0.410,—,1.477
trio-utility,35,6,boss,300,500,1.000,0.000,0.000,0.590,11.3,0.00,0.410,—,1.476
trio-utility,35,7,solo,180,500,1.000,0.000,0.000,0.923,2.4,0.00,0.077,—,1.666
trio-utility,35,7,solo,300,500,1.000,0.000,0.000,0.923,2.4,0.00,0.077,—,1.666
trio-utility,35,7,pack,180,500,1.000,0.000,0.000,0.509,8.1,0.00,0.491,—,1.430
trio-utility,35,7,pack,300,500,1.000,0.000,0.000,0.509,8.1,0.00,0.491,—,1.430
trio-utility,35,7,boss,180,500,0.000,0.000,1.000,—,—,3.00,1.000,—,0.000
trio-utility,35,7,boss,300,500,0.000,0.000,1.000,—,—,3.00,1.000,—,0.000
trio-utility,35,8,solo,180,500,1.000,0.000,0.000,0.754,3.8,0.00,0.246,—,1.570
trio-utility,35,8,solo,300,500,1.000,0.000,0.000,0.754,3.8,0.00,0.246,—,1.570
trio-utility,35,8,pack,180,500,0.000,0.000,1.000,—,—,3.00,1.000,—,0.000
trio-utility,35,8,pack,300,500,0.000,0.000,1.000,—,—,3.00,1.000,—,0.000
trio-utility,35,8,boss,180,500,0.000,0.000,1.000,—,—,3.00,1.000,—,0.000
trio-utility,35,8,boss,300,500,0.000,0.000,1.000,—,—,3.00,1.000,—,0.000
trio-utility,50,1,solo,180,500,1.000,0.000,0.000,1.000,0.0,0.00,0.000,—,1.800
trio-utility,50,1,solo,300,500,1.000,0.000,0.000,1.000,0.0,0.00,0.000,—,1.800
trio-utility,50,1,pack,180,500,1.000,0.000,0.000,0.986,0.5,0.00,0.014,—,1.792
trio-utility,50,1,pack,300,500,1.000,0.000,0.000,0.986,0.5,0.00,0.014,—,1.792
trio-utility,50,1,boss,180,500,1.000,0.000,0.000,0.989,0.9,0.00,0.011,—,1.794
trio-utility,50,1,boss,300,500,1.000,0.000,0.000,0.989,0.9,0.00,0.011,—,1.794
trio-utility,50,2,solo,180,500,1.000,0.000,0.000,1.000,0.0,0.00,0.000,—,1.800
trio-utility,50,2,solo,300,500,1.000,0.000,0.000,1.000,0.0,0.00,0.000,—,1.800
trio-utility,50,2,pack,180,500,1.000,0.000,0.000,0.980,0.5,0.00,0.020,—,1.788
trio-utility,50,2,pack,300,500,1.000,0.000,0.000,0.980,0.5,0.00,0.020,—,1.788
trio-utility,50,2,boss,180,500,1.000,0.000,0.000,0.985,1.2,0.00,0.015,—,1.791
trio-utility,50,2,boss,300,500,1.000,0.000,0.000,0.985,1.2,0.00,0.015,—,1.791
trio-utility,50,3,solo,180,500,1.000,0.000,0.000,1.000,0.0,0.00,0.000,—,1.800
trio-utility,50,3,solo,300,500,1.000,0.000,0.000,1.000,0.0,0.00,0.000,—,1.800
trio-utility,50,3,pack,180,500,1.000,0.000,0.000,0.972,1.1,0.00,0.028,—,1.783
trio-utility,50,3,pack,300,500,1.000,0.000,0.000,0.972,1.1,0.00,0.028,—,1.783
trio-utility,50,3,boss,180,500,1.000,0.000,0.000,0.979,1.8,0.00,0.021,—,1.788
trio-utility,50,3,boss,300,500,1.000,0.000,0.000,0.979,1.8,0.00,0.021,—,1.788
trio-utility,50,4,solo,180,500,1.000,0.000,0.000,0.982,0.2,0.00,0.018,—,1.789
trio-utility,50,4,solo,300,500,1.000,0.000,0.000,0.981,0.2,0.00,0.019,—,1.789
trio-utility,50,4,pack,180,500,1.000,0.000,0.000,0.942,1.6,0.00,0.058,—,1.765
trio-utility,50,4,pack,300,500,1.000,0.000,0.000,0.943,1.6,0.00,0.057,—,1.766
trio-utility,50,4,boss,180,500,1.000,0.000,0.000,0.919,3.0,0.00,0.081,—,1.751
trio-utility,50,4,boss,300,500,1.000,0.000,0.000,0.919,3.0,0.00,0.081,—,1.751
trio-utility,50,5,solo,180,500,1.000,0.000,0.000,0.973,0.3,0.00,0.027,—,1.784
trio-utility,50,5,solo,300,500,1.000,0.000,0.000,0.973,0.3,0.00,0.027,—,1.784
trio-utility,50,5,pack,180,500,1.000,0.000,0.000,0.918,2.1,0.00,0.082,—,1.751
trio-utility,50,5,pack,300,500,1.000,0.000,0.000,0.918,2.1,0.00,0.082,—,1.751
trio-utility,50,5,boss,180,500,1.000,0.000,0.000,0.893,3.9,0.00,0.107,—,1.736
trio-utility,50,5,boss,300,500,1.000,0.000,0.000,0.893,3.9,0.00,0.107,—,1.736
trio-utility,50,6,solo,180,500,1.000,0.000,0.000,0.962,0.7,0.00,0.038,—,1.777
trio-utility,50,6,solo,300,500,1.000,0.000,0.000,0.962,0.7,0.00,0.038,—,1.777
trio-utility,50,6,pack,180,500,1.000,0.000,0.000,0.885,2.8,0.00,0.115,—,1.731
trio-utility,50,6,pack,300,500,1.000,0.000,0.000,0.885,2.8,0.00,0.115,—,1.731
trio-utility,50,6,boss,180,500,1.000,0.000,0.000,0.861,5.5,0.00,0.139,—,1.717
trio-utility,50,6,boss,300,500,1.000,0.000,0.000,0.861,5.5,0.00,0.139,—,1.717
trio-utility,50,7,solo,180,500,1.000,0.000,0.000,0.947,1.1,0.00,0.053,—,1.768
trio-utility,50,7,solo,300,500,1.000,0.000,0.000,0.947,1.1,0.00,0.053,—,1.768
trio-utility,50,7,pack,180,500,1.000,0.000,0.000,0.776,4.1,0.00,0.224,—,1.666
trio-utility,50,7,pack,300,500,1.000,0.000,0.000,0.776,4.1,0.00,0.224,—,1.666
trio-utility,50,7,boss,180,500,1.000,0.000,0.000,0.664,8.0,0.00,0.336,—,1.598
trio-utility,50,7,boss,300,500,1.000,0.000,0.000,0.664,8.0,0.00,0.336,—,1.598
trio-utility,50,8,solo,180,500,1.000,0.000,0.000,0.925,1.6,0.00,0.075,—,1.755
trio-utility,50,8,solo,300,500,1.000,0.000,0.000,0.925,1.6,0.00,0.075,—,1.755
trio-utility,50,8,pack,180,500,1.000,0.000,0.000,0.584,5.5,0.00,0.416,—,1.551
trio-utility,50,8,pack,300,500,1.000,0.000,0.000,0.584,5.5,0.00,0.416,—,1.551
trio-utility,50,8,boss,180,500,0.000,0.000,1.000,—,—,3.00,1.000,—,0.000
trio-utility,50,8,boss,300,500,0.000,0.000,1.000,—,—,3.00,1.000,—,0.000
trio-gatherers,1,1,solo,180,500,1.000,0.000,0.000,0.922,6.0,0.00,0.078,—,1.467
trio-gatherers,1,1,solo,300,500,1.000,0.000,0.000,0.922,6.0,0.00,0.078,—,1.467
trio-gatherers,1,1,pack,180,500,0.426,0.000,0.574,0.260,36.9,2.53,0.889,—,0.483
trio-gatherers,1,1,pack,300,500,0.412,0.000,0.588,0.271,36.6,2.53,0.888,—,0.470
trio-gatherers,1,1,boss,180,500,0.000,0.000,1.000,—,—,3.00,1.000,—,0.000
trio-gatherers,1,1,boss,300,500,0.002,0.000,0.998,0.316,52.5,3.00,0.999,—,0.002
trio-gatherers,1,2,solo,180,500,1.000,0.000,0.000,0.846,9.0,0.00,0.154,—,1.429
trio-gatherers,1,2,solo,300,500,1.000,0.000,0.000,0.846,9.0,0.00,0.154,—,1.429
trio-gatherers,1,2,pack,180,500,0.000,0.000,1.000,—,—,3.00,1.000,—,0.000
trio-gatherers,1,2,pack,300,500,0.000,0.000,1.000,—,—,3.00,1.000,—,0.000
trio-gatherers,1,2,boss,180,500,0.000,0.000,1.000,—,—,3.00,1.000,—,0.000
trio-gatherers,1,2,boss,300,500,0.000,0.000,1.000,—,—,3.00,1.000,—,0.000
trio-gatherers,1,3,solo,180,500,1.000,0.000,0.000,0.591,16.4,0.74,0.409,—,1.300
trio-gatherers,1,3,solo,300,500,1.000,0.000,0.000,0.589,16.5,0.75,0.411,—,1.300
trio-gatherers,1,3,pack,180,500,0.000,0.000,1.000,—,—,3.00,1.000,—,0.000
trio-gatherers,1,3,pack,300,500,0.000,0.000,1.000,—,—,3.00,1.000,—,0.000
trio-gatherers,1,3,boss,180,500,0.000,0.000,1.000,—,—,3.00,1.000,—,0.000
trio-gatherers,1,3,boss,300,500,0.000,0.000,1.000,—,—,3.00,1.000,—,0.000
trio-gatherers,1,4,solo,180,500,0.030,0.000,0.970,0.326,26.1,2.97,0.990,—,0.035
trio-gatherers,1,4,solo,300,500,0.026,0.000,0.974,0.338,25.9,2.97,0.991,—,0.031
trio-gatherers,1,4,pack,180,500,0.000,0.000,1.000,—,—,3.00,1.000,—,0.000
trio-gatherers,1,4,pack,300,500,0.000,0.000,1.000,—,—,3.00,1.000,—,0.000
trio-gatherers,1,4,boss,180,500,0.000,0.000,1.000,—,—,3.00,1.000,—,0.000
trio-gatherers,1,4,boss,300,500,0.000,0.000,1.000,—,—,3.00,1.000,—,0.000
trio-gatherers,1,5,solo,180,500,0.000,0.000,1.000,—,—,3.00,1.000,—,0.000
trio-gatherers,1,5,solo,300,500,0.000,0.000,1.000,—,—,3.00,1.000,—,0.000
trio-gatherers,1,5,pack,180,500,0.000,0.000,1.000,—,—,3.00,1.000,—,0.000
trio-gatherers,1,5,pack,300,500,0.000,0.000,1.000,—,—,3.00,1.000,—,0.000
trio-gatherers,1,5,boss,180,500,0.000,0.000,1.000,—,—,3.00,1.000,—,0.000
trio-gatherers,1,5,boss,300,500,0.000,0.000,1.000,—,—,3.00,1.000,—,0.000
trio-gatherers,1,6,solo,180,500,0.000,0.000,1.000,—,—,3.00,1.000,—,0.000
trio-gatherers,1,6,solo,300,500,0.000,0.000,1.000,—,—,3.00,1.000,—,0.000
trio-gatherers,1,6,pack,180,500,0.000,0.000,1.000,—,—,3.00,1.000,—,0.000
trio-gatherers,1,6,pack,300,500,0.000,0.000,1.000,—,—,3.00,1.000,—,0.000
trio-gatherers,1,6,boss,180,500,0.000,0.000,1.000,—,—,3.00,1.000,—,0.000
trio-gatherers,1,6,boss,300,500,0.000,0.000,1.000,—,—,3.00,1.000,—,0.000
trio-gatherers,1,7,solo,180,500,0.000,0.000,1.000,—,—,3.00,1.000,—,0.000
trio-gatherers,1,7,solo,300,500,0.000,0.000,1.000,—,—,3.00,1.000,—,0.000
trio-gatherers,1,7,pack,180,500,0.000,0.000,1.000,—,—,3.00,1.000,—,0.000
trio-gatherers,1,7,pack,300,500,0.000,0.000,1.000,—,—,3.00,1.000,—,0.000
trio-gatherers,1,7,boss,180,500,0.000,0.000,1.000,—,—,3.00,1.000,—,0.000
trio-gatherers,1,7,boss,300,500,0.000,0.000,1.000,—,—,3.00,1.000,—,0.000
trio-gatherers,1,8,solo,180,500,0.000,0.000,1.000,—,—,3.00,1.000,—,0.000
trio-gatherers,1,8,solo,300,500,0.000,0.000,1.000,—,—,3.00,1.000,—,0.000
trio-gatherers,1,8,pack,180,500,0.000,0.000,1.000,—,—,3.00,1.000,—,0.000
trio-gatherers,1,8,pack,300,500,0.000,0.000,1.000,—,—,3.00,1.000,—,0.000
trio-gatherers,1,8,boss,180,500,0.000,0.000,1.000,—,—,3.00,1.000,—,0.000
trio-gatherers,1,8,boss,300,500,0.000,0.000,1.000,—,—,3.00,1.000,—,0.000
trio-gatherers,5,1,solo,180,500,1.000,0.000,0.000,0.973,2.5,0.00,0.027,—,1.516
trio-gatherers,5,1,solo,300,500,1.000,0.000,0.000,0.973,2.5,0.00,0.027,—,1.516
trio-gatherers,5,1,pack,180,500,1.000,0.000,0.000,0.737,12.5,0.00,0.263,—,1.396
trio-gatherers,5,1,pack,300,500,1.000,0.000,0.000,0.736,12.5,0.00,0.264,—,1.396
trio-gatherers,5,1,boss,180,500,1.000,0.000,0.000,0.590,29.2,0.87,0.410,—,1.321
trio-gatherers,5,1,boss,300,500,1.000,0.000,0.000,0.589,29.2,0.86,0.411,—,1.320
trio-gatherers,5,2,solo,180,500,1.000,0.000,0.000,0.920,5.0,0.00,0.080,—,1.489
trio-gatherers,5,2,solo,300,500,1.000,0.000,0.000,0.920,5.0,0.00,0.080,—,1.489
trio-gatherers,5,2,pack,180,500,1.000,0.000,0.000,0.142,34.4,1.00,0.858,—,1.092
trio-gatherers,5,2,pack,300,500,1.000,0.000,0.000,0.142,34.5,1.00,0.858,—,1.093
trio-gatherers,5,2,boss,180,500,0.000,0.000,1.000,—,—,3.00,1.000,—,0.000
trio-gatherers,5,2,boss,300,500,0.000,0.000,1.000,—,—,3.00,1.000,—,0.000
trio-gatherers,5,3,solo,180,500,1.000,0.000,0.000,0.821,6.4,0.00,0.179,—,1.439
trio-gatherers,5,3,solo,300,500,1.000,0.000,0.000,0.819,6.4,0.00,0.181,—,1.438
trio-gatherers,5,3,pack,180,500,0.000,0.000,1.000,—,—,3.00,1.000,—,0.000
trio-gatherers,5,3,pack,300,500,0.000,0.000,1.000,—,—,3.00,1.000,—,0.000
trio-gatherers,5,3,boss,180,500,0.000,0.000,1.000,—,—,3.00,1.000,—,0.000
trio-gatherers,5,3,boss,300,500,0.000,0.000,1.000,—,—,3.00,1.000,—,0.000
trio-gatherers,5,4,solo,180,500,1.000,0.000,0.000,0.647,12.4,0.73,0.353,—,1.350
trio-gatherers,5,4,solo,300,500,1.000,0.000,0.000,0.641,12.4,0.76,0.359,—,1.347
trio-gatherers,5,4,pack,180,500,0.000,0.000,1.000,—,—,3.00,1.000,—,0.000
trio-gatherers,5,4,pack,300,500,0.000,0.000,1.000,—,—,3.00,1.000,—,0.000
trio-gatherers,5,4,boss,180,500,0.000,0.000,1.000,—,—,3.00,1.000,—,0.000
trio-gatherers,5,4,boss,300,500,0.000,0.000,1.000,—,—,3.00,1.000,—,0.000
trio-gatherers,5,5,solo,180,500,0.192,0.000,0.808,0.085,28.9,2.78,0.984,—,0.204
trio-gatherers,5,5,solo,300,500,0.202,0.000,0.798,0.071,29.1,2.78,0.986,—,0.213
trio-gatherers,5,5,pack,180,500,0.000,0.000,1.000,—,—,3.00,1.000,—,0.000
trio-gatherers,5,5,pack,300,500,0.000,0.000,1.000,—,—,3.00,1.000,—,0.000
trio-gatherers,5,5,boss,180,500,0.000,0.000,1.000,—,—,3.00,1.000,—,0.000
trio-gatherers,5,5,boss,300,500,0.000,0.000,1.000,—,—,3.00,1.000,—,0.000
trio-gatherers,5,6,solo,180,500,0.000,0.000,1.000,—,—,3.00,1.000,—,0.000
trio-gatherers,5,6,solo,300,500,0.000,0.000,1.000,—,—,3.00,1.000,—,0.000
trio-gatherers,5,6,pack,180,500,0.000,0.000,1.000,—,—,3.00,1.000,—,0.000
trio-gatherers,5,6,pack,300,500,0.000,0.000,1.000,—,—,3.00,1.000,—,0.000
trio-gatherers,5,6,boss,180,500,0.000,0.000,1.000,—,—,3.00,1.000,—,0.000
trio-gatherers,5,6,boss,300,500,0.000,0.000,1.000,—,—,3.00,1.000,—,0.000
trio-gatherers,5,7,solo,180,500,0.000,0.000,1.000,—,—,3.00,1.000,—,0.000
trio-gatherers,5,7,solo,300,500,0.000,0.000,1.000,—,—,3.00,1.000,—,0.000
trio-gatherers,5,7,pack,180,500,0.000,0.000,1.000,—,—,3.00,1.000,—,0.000
trio-gatherers,5,7,pack,300,500,0.000,0.000,1.000,—,—,3.00,1.000,—,0.000
trio-gatherers,5,7,boss,180,500,0.000,0.000,1.000,—,—,3.00,1.000,—,0.000
trio-gatherers,5,7,boss,300,500,0.000,0.000,1.000,—,—,3.00,1.000,—,0.000
trio-gatherers,5,8,solo,180,500,0.000,0.000,1.000,—,—,3.00,1.000,—,0.000
trio-gatherers,5,8,solo,300,500,0.000,0.000,1.000,—,—,3.00,1.000,—,0.000
trio-gatherers,5,8,pack,180,500,0.000,0.000,1.000,—,—,3.00,1.000,—,0.000
trio-gatherers,5,8,pack,300,500,0.000,0.000,1.000,—,—,3.00,1.000,—,0.000
trio-gatherers,5,8,boss,180,500,0.000,0.000,1.000,—,—,3.00,1.000,—,0.000
trio-gatherers,5,8,boss,300,500,0.000,0.000,1.000,—,—,3.00,1.000,—,0.000
trio-gatherers,10,1,solo,180,500,1.000,0.000,0.000,0.979,1.6,0.00,0.021,—,1.549
trio-gatherers,10,1,solo,300,500,1.000,0.000,0.000,0.979,1.6,0.00,0.021,—,1.549
trio-gatherers,10,1,pack,180,500,1.000,0.000,0.000,0.865,7.1,0.00,0.135,—,1.490
trio-gatherers,10,1,pack,300,500,1.000,0.000,0.000,0.866,7.1,0.00,0.134,—,1.490
trio-gatherers,10,1,boss,180,500,1.000,0.000,0.000,0.833,14.2,0.00,0.167,—,1.473
trio-gatherers,10,1,boss,300,500,1.000,0.000,0.000,0.835,14.2,0.00,0.165,—,1.474
trio-gatherers,10,2,solo,180,500,1.000,0.000,0.000,0.968,1.8,0.00,0.032,—,1.543
trio-gatherers,10,2,solo,300,500,1.000,0.000,0.000,0.968,1.8,0.00,0.032,—,1.543
trio-gatherers,10,2,pack,180,500,1.000,0.000,0.000,0.775,9.5,0.00,0.225,—,1.443
trio-gatherers,10,2,pack,300,500,1.000,0.000,0.000,0.775,9.5,0.00,0.225,—,1.443
trio-gatherers,10,2,boss,180,500,1.000,0.000,0.000,0.536,27.8,0.93,0.464,—,1.319
trio-gatherers,10,2,boss,300,500,1.000,0.000,0.000,0.537,27.7,0.90,0.463,—,1.319
trio-gatherers,10,3,solo,180,500,1.000,0.000,0.000,0.911,4.7,0.00,0.089,—,1.514
trio-gatherers,10,3,solo,300,500,1.000,0.000,0.000,0.913,4.7,0.00,0.087,—,1.515
trio-gatherers,10,3,pack,180,500,0.016,0.000,0.984,0.339,30.0,2.98,0.995,—,0.019
trio-gatherers,10,3,pack,300,500,0.010,0.000,0.990,0.336,30.0,2.99,0.997,—,0.012
trio-gatherers,10,3,boss,180,500,0.000,0.000,1.000,—,—,3.00,1.000,—,0.000
trio-gatherers,10,3,boss,300,500,0.000,0.000,1.000,—,—,3.00,1.000,—,0.000
trio-gatherers,10,4,solo,180,500,1.000,0.000,0.000,0.809,6.3,0.00,0.191,—,1.461
trio-gatherers,10,4,solo,300,500,1.000,0.000,0.000,0.807,6.3,0.00,0.193,—,1.460
trio-gatherers,10,4,pack,180,500,0.000,0.000,1.000,—,—,3.00,1.000,—,0.000
trio-gatherers,10,4,pack,300,500,0.000,0.000,1.000,—,—,3.00,1.000,—,0.000
trio-gatherers,10,4,boss,180,500,0.000,0.000,1.000,—,—,3.00,1.000,—,0.000
trio-gatherers,10,4,boss,300,500,0.000,0.000,1.000,—,—,3.00,1.000,—,0.000
trio-gatherers,10,5,solo,180,500,1.000,0.000,0.000,0.447,16.4,0.85,0.553,—,1.272
trio-gatherers,10,5,solo,300,500,1.000,0.000,0.000,0.439,16.5,0.89,0.561,—,1.268
trio-gatherers,10,5,pack,180,500,0.000,0.000,1.000,—,—,3.00,1.000,—,0.000
trio-gatherers,10,5,pack,300,500,0.000,0.000,1.000,—,—,3.00,1.000,—,0.000
trio-gatherers,10,5,boss,180,500,0.000,0.000,1.000,—,—,3.00,1.000,—,0.000
trio-gatherers,10,5,boss,300,500,0.000,0.000,1.000,—,—,3.00,1.000,—,0.000
trio-gatherers,10,6,solo,180,500,0.022,0.000,0.978,0.410,23.4,2.98,0.991,—,0.028
trio-gatherers,10,6,solo,300,500,0.020,0.000,0.980,0.445,22.7,2.98,0.991,—,0.025
trio-gatherers,10,6,pack,180,500,0.000,0.000,1.000,—,—,3.00,1.000,—,0.000
trio-gatherers,10,6,pack,300,500,0.000,0.000,1.000,—,—,3.00,1.000,—,0.000
trio-gatherers,10,6,boss,180,500,0.000,0.000,1.000,—,—,3.00,1.000,—,0.000
trio-gatherers,10,6,boss,300,500,0.000,0.000,1.000,—,—,3.00,1.000,—,0.000
trio-gatherers,10,7,solo,180,500,0.000,0.000,1.000,—,—,3.00,1.000,—,0.000
trio-gatherers,10,7,solo,300,500,0.000,0.000,1.000,—,—,3.00,1.000,—,0.000
trio-gatherers,10,7,pack,180,500,0.000,0.000,1.000,—,—,3.00,1.000,—,0.000
trio-gatherers,10,7,pack,300,500,0.000,0.000,1.000,—,—,3.00,1.000,—,0.000
trio-gatherers,10,7,boss,180,500,0.000,0.000,1.000,—,—,3.00,1.000,—,0.000
trio-gatherers,10,7,boss,300,500,0.000,0.000,1.000,—,—,3.00,1.000,—,0.000
trio-gatherers,10,8,solo,180,500,0.000,0.000,1.000,—,—,3.00,1.000,—,0.000
trio-gatherers,10,8,solo,300,500,0.000,0.000,1.000,—,—,3.00,1.000,—,0.000
trio-gatherers,10,8,pack,180,500,0.000,0.000,1.000,—,—,3.00,1.000,—,0.000
trio-gatherers,10,8,pack,300,500,0.000,0.000,1.000,—,—,3.00,1.000,—,0.000
trio-gatherers,10,8,boss,180,500,0.000,0.000,1.000,—,—,3.00,1.000,—,0.000
trio-gatherers,10,8,boss,300,500,0.000,0.000,1.000,—,—,3.00,1.000,—,0.000
trio-gatherers,20,1,solo,180,500,1.000,0.000,0.000,1.000,0.0,0.00,0.000,—,1.620
trio-gatherers,20,1,solo,300,500,1.000,0.000,0.000,1.000,0.0,0.00,0.000,—,1.620
trio-gatherers,20,1,pack,180,500,1.000,0.000,0.000,0.956,3.1,0.00,0.044,—,1.596
trio-gatherers,20,1,pack,300,500,1.000,0.000,0.000,0.957,3.1,0.00,0.043,—,1.597
trio-gatherers,20,1,boss,180,500,1.000,0.000,0.000,0.940,6.2,0.00,0.060,—,1.588
trio-gatherers,20,1,boss,300,500,1.000,0.000,0.000,0.940,6.2,0.00,0.060,—,1.588
trio-gatherers,20,2,solo,180,500,1.000,0.000,0.000,0.978,1.0,0.00,0.022,—,1.608
trio-gatherers,20,2,solo,300,500,1.000,0.000,0.000,0.978,1.0,0.00,0.022,—,1.608
trio-gatherers,20,2,pack,180,500,1.000,0.000,0.000,0.890,5.2,0.00,0.110,—,1.560
trio-gatherers,20,2,pack,300,500,1.000,0.000,0.000,0.890,5.2,0.00,0.110,—,1.561
trio-gatherers,20,2,boss,180,500,1.000,0.000,0.000,0.867,10.3,0.00,0.133,—,1.548
trio-gatherers,20,2,boss,300,500,1.000,0.000,0.000,0.867,10.3,0.00,0.133,—,1.548
trio-gatherers,20,3,solo,180,500,1.000,0.000,0.000,0.967,1.1,0.00,0.033,—,1.602
trio-gatherers,20,3,solo,300,500,1.000,0.000,0.000,0.968,1.1,0.00,0.032,—,1.603
trio-gatherers,20,3,pack,180,500,1.000,0.000,0.000,0.806,6.2,0.00,0.194,—,1.515
trio-gatherers,20,3,pack,300,500,1.000,0.000,0.000,0.804,6.2,0.00,0.196,—,1.514
trio-gatherers,20,3,boss,180,500,1.000,0.000,0.000,0.757,14.4,0.00,0.243,—,1.489
trio-gatherers,20,3,boss,300,500,1.000,0.000,0.000,0.761,14.4,0.00,0.239,—,1.491
trio-gatherers,20,4,solo,180,500,1.000,0.000,0.000,0.911,3.1,0.00,0.089,—,1.572
trio-gatherers,20,4,solo,300,500,1.000,0.000,0.000,0.912,3.1,0.00,0.088,—,1.572
trio-gatherers,20,4,pack,180,500,1.000,0.000,0.000,0.222,33.2,1.62,0.778,—,1.200
trio-gatherers,20,4,pack,300,500,1.000,0.000,0.000,0.222,33.2,1.63,0.778,—,1.200
trio-gatherers,20,4,boss,180,500,0.056,0.000,0.944,0.438,28.8,2.89,0.975,—,0.074
trio-gatherers,20,4,boss,300,500,0.044,0.000,0.956,0.444,28.6,2.91,0.980,—,0.058
trio-gatherers,20,5,solo,180,500,1.000,0.000,0.000,0.876,4.4,0.00,0.124,—,1.553
trio-gatherers,20,5,solo,300,500,1.000,0.000,0.000,0.878,4.4,0.00,0.122,—,1.554
trio-gatherers,20,5,pack,180,500,0.002,0.000,0.998,0.028,42.0,3.00,1.000,—,0.002
trio-gatherers,20,5,pack,300,500,0.002,0.000,0.998,0.058,42.0,3.00,1.000,—,0.002
trio-gatherers,20,5,boss,180,500,0.000,0.000,1.000,—,—,3.00,1.000,—,0.000
trio-gatherers,20,5,boss,300,500,0.000,0.000,1.000,—,—,3.00,1.000,—,0.000
trio-gatherers,20,6,solo,180,500,1.000,0.000,0.000,0.648,9.4,0.80,0.352,—,1.430
trio-gatherers,20,6,solo,300,500,1.000,0.000,0.000,0.649,9.4,0.79,0.351,—,1.430
trio-gatherers,20,6,pack,180,500,0.000,0.000,1.000,—,—,3.00,1.000,—,0.000
trio-gatherers,20,6,pack,300,500,0.000,0.000,1.000,—,—,3.00,1.000,—,0.000
trio-gatherers,20,6,boss,180,500,0.000,0.000,1.000,—,—,3.00,1.000,—,0.000
trio-gatherers,20,6,boss,300,500,0.000,0.000,1.000,—,—,3.00,1.000,—,0.000
trio-gatherers,20,7,solo,180,500,0.184,0.000,0.816,0.448,15.1,2.61,0.918,—,0.243
trio-gatherers,20,7,solo,300,500,0.156,0.000,0.844,0.488,14.6,2.65,0.924,—,0.210
trio-gatherers,20,7,pack,180,500,0.000,0.000,1.000,—,—,3.00,1.000,—,0.000
trio-gatherers,20,7,pack,300,500,0.000,0.000,1.000,—,—,3.00,1.000,—,0.000
trio-gatherers,20,7,boss,180,500,0.000,0.000,1.000,—,—,3.00,1.000,—,0.000
trio-gatherers,20,7,boss,300,500,0.000,0.000,1.000,—,—,3.00,1.000,—,0.000
trio-gatherers,20,8,solo,180,500,0.000,0.000,1.000,—,—,3.00,1.000,—,0.000
trio-gatherers,20,8,solo,300,500,0.000,0.000,1.000,—,—,3.00,1.000,—,0.000
trio-gatherers,20,8,pack,180,500,0.000,0.000,1.000,—,—,3.00,1.000,—,0.000
trio-gatherers,20,8,pack,300,500,0.000,0.000,1.000,—,—,3.00,1.000,—,0.000
trio-gatherers,20,8,boss,180,500,0.000,0.000,1.000,—,—,3.00,1.000,—,0.000
trio-gatherers,20,8,boss,300,500,0.000,0.000,1.000,—,—,3.00,1.000,—,0.000
trio-gatherers,35,1,solo,180,500,1.000,0.000,0.000,1.000,0.0,0.00,0.000,—,1.710
trio-gatherers,35,1,solo,300,500,1.000,0.000,0.000,1.000,0.0,0.00,0.000,—,1.710
trio-gatherers,35,1,pack,180,500,1.000,0.000,0.000,0.980,1.4,0.00,0.020,—,1.698
trio-gatherers,35,1,pack,300,500,1.000,0.000,0.000,0.980,1.4,0.00,0.020,—,1.699
trio-gatherers,35,1,boss,180,500,1.000,0.000,0.000,0.974,3.4,0.00,0.026,—,1.695
trio-gatherers,35,1,boss,300,500,1.000,0.000,0.000,0.974,3.4,0.00,0.026,—,1.695
trio-gatherers,35,2,solo,180,500,1.000,0.000,0.000,1.000,0.0,0.00,0.000,—,1.710
trio-gatherers,35,2,solo,300,500,1.000,0.000,0.000,1.000,0.0,0.00,0.000,—,1.710
trio-gatherers,35,2,pack,180,500,1.000,0.000,0.000,0.972,2.0,0.00,0.028,—,1.694
trio-gatherers,35,2,pack,300,500,1.000,0.000,0.000,0.972,2.0,0.00,0.028,—,1.694
trio-gatherers,35,2,boss,180,500,1.000,0.000,0.000,0.963,4.3,0.00,0.037,—,1.689
trio-gatherers,35,2,boss,300,500,1.000,0.000,0.000,0.962,4.3,0.00,0.038,—,1.688
trio-gatherers,35,3,solo,180,500,1.000,0.000,0.000,0.977,0.7,0.00,0.023,—,1.697
trio-gatherers,35,3,solo,300,500,1.000,0.000,0.000,0.977,0.7,0.00,0.023,—,1.697
trio-gatherers,35,3,pack,180,500,1.000,0.000,0.000,0.914,3.4,0.00,0.086,—,1.661
trio-gatherers,35,3,pack,300,500,1.000,0.000,0.000,0.913,3.4,0.00,0.087,—,1.661
trio-gatherers,35,3,boss,180,500,1.000,0.000,0.000,0.898,6.8,0.00,0.102,—,1.652
trio-gatherers,35,3,boss,300,500,1.000,0.000,0.000,0.899,6.8,0.00,0.101,—,1.652
trio-gatherers,35,4,solo,180,500,1.000,0.000,0.000,0.968,0.7,0.00,0.032,—,1.692
trio-gatherers,35,4,solo,300,500,1.000,0.000,0.000,0.969,0.7,0.00,0.031,—,1.692
trio-gatherers,35,4,pack,180,500,1.000,0.000,0.000,0.881,4.8,0.00,0.119,—,1.642
trio-gatherers,35,4,pack,300,500,1.000,0.000,0.000,0.881,4.8,0.00,0.119,—,1.642
trio-gatherers,35,4,boss,180,500,1.000,0.000,0.000,0.805,9.5,0.00,0.195,—,1.599
trio-gatherers,35,4,boss,300,500,1.000,0.000,0.000,0.808,9.5,0.00,0.192,—,1.601
trio-gatherers,35,5,solo,180,500,1.000,0.000,0.000,0.961,2.0,0.00,0.039,—,1.688
trio-gatherers,35,5,solo,300,500,1.000,0.000,0.000,0.960,2.0,0.00,0.040,—,1.687
trio-gatherers,35,5,pack,180,500,1.000,0.000,0.000,0.740,7.1,0.00,0.260,—,1.562
trio-gatherers,35,5,pack,300,500,1.000,0.000,0.000,0.741,7.1,0.00,0.259,—,1.562
trio-gatherers,35,5,boss,180,500,1.000,0.000,0.000,0.486,20.5,0.94,0.514,—,1.417
trio-gatherers,35,5,boss,300,500,1.000,0.000,0.000,0.484,20.6,0.94,0.516,—,1.416
trio-gatherers,35,6,solo,180,500,1.000,0.000,0.000,0.876,3.4,0.00,0.124,—,1.640
trio-gatherers,35,6,solo,300,500,1.000,0.000,0.000,0.877,3.4,0.00,0.123,—,1.640
trio-gatherers,35,6,pack,180,500,0.012,0.000,0.988,0.234,31.4,2.99,0.997,—,0.015
trio-gatherers,35,6,pack,300,500,0.012,0.000,0.988,0.265,29.4,2.99,0.997,—,0.015
trio-gatherers,35,6,boss,180,500,0.000,0.000,1.000,—,—,3.00,1.000,—,0.000
trio-gatherers,35,6,boss,300,500,0.000,0.000,1.000,—,—,3.00,1.000,—,0.000
trio-gatherers,35,7,solo,180,500,1.000,0.000,0.000,0.834,5.5,0.00,0.166,—,1.615
trio-gatherers,35,7,solo,300,500,1.000,0.000,0.000,0.834,5.5,0.00,0.166,—,1.615
trio-gatherers,35,7,pack,180,500,0.000,0.000,1.000,—,—,3.00,1.000,—,0.000
trio-gatherers,35,7,pack,300,500,0.000,0.000,1.000,—,—,3.00,1.000,—,0.000
trio-gatherers,35,7,boss,180,500,0.000,0.000,1.000,—,—,3.00,1.000,—,0.000
trio-gatherers,35,7,boss,300,500,0.000,0.000,1.000,—,—,3.00,1.000,—,0.000
trio-gatherers,35,8,solo,180,500,1.000,0.000,0.000,0.612,11.2,0.79,0.388,—,1.489
trio-gatherers,35,8,solo,300,500,1.000,0.000,0.000,0.610,11.2,0.79,0.390,—,1.488
trio-gatherers,35,8,pack,180,500,0.000,0.000,1.000,—,—,3.00,1.000,—,0.000
trio-gatherers,35,8,pack,300,500,0.000,0.000,1.000,—,—,3.00,1.000,—,0.000
trio-gatherers,35,8,boss,180,500,0.000,0.000,1.000,—,—,3.00,1.000,—,0.000
trio-gatherers,35,8,boss,300,500,0.000,0.000,1.000,—,—,3.00,1.000,—,0.000
trio-gatherers,50,1,solo,180,500,1.000,0.000,0.000,1.000,0.0,0.00,0.000,—,1.800
trio-gatherers,50,1,solo,300,500,1.000,0.000,0.000,1.000,0.0,0.00,0.000,—,1.800
trio-gatherers,50,1,pack,180,500,1.000,0.000,0.000,0.985,1.0,0.00,0.015,—,1.791
trio-gatherers,50,1,pack,300,500,1.000,0.000,0.000,0.985,1.0,0.00,0.015,—,1.791
trio-gatherers,50,1,boss,180,500,1.000,0.000,0.000,0.993,2.0,0.00,0.007,—,1.796
trio-gatherers,50,1,boss,300,500,1.000,0.000,0.000,0.993,2.0,0.00,0.007,—,1.796
trio-gatherers,50,2,solo,180,500,1.000,0.000,0.000,1.000,0.0,0.00,0.000,—,1.800
trio-gatherers,50,2,solo,300,500,1.000,0.000,0.000,1.000,0.0,0.00,0.000,—,1.800
trio-gatherers,50,2,pack,180,500,1.000,0.000,0.000,0.977,1.0,0.00,0.023,—,1.786
trio-gatherers,50,2,pack,300,500,1.000,0.000,0.000,0.977,1.0,0.00,0.023,—,1.786
trio-gatherers,50,2,boss,180,500,1.000,0.000,0.000,0.988,2.5,0.00,0.012,—,1.793
trio-gatherers,50,2,boss,300,500,1.000,0.000,0.000,0.989,2.5,0.00,0.011,—,1.793
trio-gatherers,50,3,solo,180,500,1.000,0.000,0.000,1.000,0.0,0.00,0.000,—,1.800
trio-gatherers,50,3,solo,300,500,1.000,0.000,0.000,1.000,0.0,0.00,0.000,—,1.800
trio-gatherers,50,3,pack,180,500,1.000,0.000,0.000,0.969,2.0,0.00,0.031,—,1.782
trio-gatherers,50,3,pack,300,500,1.000,0.000,0.000,0.970,2.0,0.00,0.030,—,1.782
trio-gatherers,50,3,boss,180,500,1.000,0.000,0.000,0.957,3.6,0.00,0.043,—,1.774
trio-gatherers,50,3,boss,300,500,1.000,0.000,0.000,0.957,3.6,0.00,0.043,—,1.774
trio-gatherers,50,4,solo,180,500,1.000,0.000,0.000,0.976,0.5,0.00,0.024,—,1.786
trio-gatherers,50,4,solo,300,500,1.000,0.000,0.000,0.976,0.5,0.00,0.024,—,1.785
trio-gatherers,50,4,pack,180,500,1.000,0.000,0.000,0.931,2.5,0.00,0.069,—,1.759
trio-gatherers,50,4,pack,300,500,1.000,0.000,0.000,0.932,2.5,0.00,0.068,—,1.759
trio-gatherers,50,4,boss,180,500,1.000,0.000,0.000,0.925,5.6,0.00,0.075,—,1.755
trio-gatherers,50,4,boss,300,500,1.000,0.000,0.000,0.924,5.6,0.00,0.076,—,1.755
trio-gatherers,50,5,solo,180,500,1.000,0.000,0.000,0.967,1.0,0.00,0.033,—,1.780
trio-gatherers,50,5,solo,300,500,1.000,0.000,0.000,0.967,1.0,0.00,0.033,—,1.780
trio-gatherers,50,5,pack,180,500,1.000,0.000,0.000,0.870,4.1,0.00,0.130,—,1.722
trio-gatherers,50,5,pack,300,500,1.000,0.000,0.000,0.872,4.1,0.00,0.128,—,1.723
trio-gatherers,50,5,boss,180,500,1.000,0.000,0.000,0.838,7.9,0.00,0.162,—,1.703
trio-gatherers,50,5,boss,300,500,1.000,0.000,0.000,0.840,7.9,0.00,0.160,—,1.704
trio-gatherers,50,6,solo,180,500,1.000,0.000,0.000,0.954,1.6,0.00,0.046,—,1.772
trio-gatherers,50,6,solo,300,500,1.000,0.000,0.000,0.954,1.6,0.00,0.046,—,1.772
trio-gatherers,50,6,pack,180,500,1.000,0.000,0.000,0.730,6.6,0.66,0.270,—,1.638
trio-gatherers,50,6,pack,300,500,1.000,0.000,0.000,0.732,6.6,0.63,0.268,—,1.639
trio-gatherers,50,6,boss,180,500,0.306,0.000,0.694,0.586,16.9,2.36,0.821,—,0.475
trio-gatherers,50,6,boss,300,500,0.322,0.000,0.678,0.585,16.9,2.32,0.812,—,0.499
trio-gatherers,50,7,solo,180,500,1.000,0.000,0.000,0.938,2.6,0.00,0.062,—,1.763
trio-gatherers,50,7,solo,300,500,1.000,0.000,0.000,0.937,2.6,0.00,0.063,—,1.762
trio-gatherers,50,7,pack,180,500,0.038,0.000,0.962,0.720,9.7,2.91,0.973,—,0.062
trio-gatherers,50,7,pack,300,500,0.046,0.000,0.954,0.717,9.9,2.90,0.967,—,0.075
trio-gatherers,50,7,boss,180,500,0.000,0.000,1.000,—,—,3.00,1.000,—,0.000
trio-gatherers,50,7,boss,300,500,0.000,0.000,1.000,—,—,3.00,1.000,—,0.000
trio-gatherers,50,8,solo,180,500,1.000,0.000,0.000,0.819,4.6,0.00,0.181,—,1.692
trio-gatherers,50,8,solo,300,500,1.000,0.000,0.000,0.822,4.6,0.00,0.178,—,1.693
trio-gatherers,50,8,pack,180,500,0.000,0.000,1.000,—,—,3.00,1.000,—,0.000
trio-gatherers,50,8,pack,300,500,0.000,0.000,1.000,—,—,3.00,1.000,—,0.000
trio-gatherers,50,8,boss,180,500,0.000,0.000,1.000,—,—,3.00,1.000,—,0.000
trio-gatherers,50,8,boss,300,500,0.000,0.000,1.000,—,—,3.00,1.000,—,0.000
duo-tank-heal,1,1,solo,180,500,1.000,0.000,0.000,0.864,8.1,0.00,0.136,1.000,1.438
duo-tank-heal,1,1,solo,300,500,1.000,0.000,0.000,0.863,8.1,0.00,0.137,1.000,1.437
duo-tank-heal,1,1,pack,180,500,1.000,0.000,0.000,0.990,76.7,0.00,0.010,1.000,1.501
duo-tank-heal,1,1,pack,300,500,1.000,0.000,0.000,0.993,77.0,0.00,0.007,1.000,1.502
duo-tank-heal,1,1,boss,180,500,1.000,0.000,0.000,0.992,142.3,0.00,0.008,1.000,1.502
duo-tank-heal,1,1,boss,300,500,1.000,0.000,0.000,0.995,143.0,0.00,0.005,1.000,1.503
duo-tank-heal,1,2,solo,180,500,1.000,0.000,0.000,0.946,23.3,0.00,0.054,1.000,1.479
duo-tank-heal,1,2,solo,300,500,1.000,0.000,0.000,0.948,23.0,0.00,0.052,1.000,1.480
duo-tank-heal,1,2,pack,180,500,0.000,0.000,1.000,—,—,2.00,1.000,0.555,0.000
duo-tank-heal,1,2,pack,300,500,0.000,0.000,1.000,—,—,2.00,1.000,0.553,0.000
duo-tank-heal,1,2,boss,180,500,0.000,0.788,0.212,—,—,0.86,0.588,0.583,0.000
duo-tank-heal,1,2,boss,300,500,0.352,0.430,0.218,0.916,220.0,0.87,0.547,0.484,0.515
duo-tank-heal,1,3,solo,180,500,1.000,0.000,0.000,0.932,46.1,0.00,0.068,1.000,1.472
duo-tank-heal,1,3,solo,300,500,1.000,0.000,0.000,0.930,45.7,0.00,0.070,1.000,1.471
duo-tank-heal,1,3,pack,180,500,0.000,0.000,1.000,—,—,2.00,1.000,0.551,0.000
duo-tank-heal,1,3,pack,300,500,0.000,0.000,1.000,—,—,2.00,1.000,0.550,0.000
duo-tank-heal,1,3,boss,180,500,0.000,0.000,1.000,—,—,2.00,1.000,0.590,0.000
duo-tank-heal,1,3,boss,300,500,0.000,0.000,1.000,—,—,2.00,1.000,0.588,0.000
duo-tank-heal,1,4,solo,180,500,0.586,0.000,0.414,0.669,71.5,0.84,0.608,0.816,0.785
duo-tank-heal,1,4,solo,300,500,0.512,0.000,0.488,0.659,71.5,0.99,0.663,0.789,0.683
duo-tank-heal,1,4,pack,180,500,0.000,0.000,1.000,—,—,2.00,1.000,0.530,0.000
duo-tank-heal,1,4,pack,300,500,0.000,0.000,1.000,—,—,2.00,1.000,0.528,0.000
duo-tank-heal,1,4,boss,180,500,0.000,0.000,1.000,—,—,2.00,1.000,0.491,0.000
duo-tank-heal,1,4,boss,300,500,0.000,0.000,1.000,—,—,2.00,1.000,0.491,0.000
duo-tank-heal,1,5,solo,180,500,0.000,0.000,1.000,—,—,2.00,1.000,0.583,0.000
duo-tank-heal,1,5,solo,300,500,0.000,0.000,1.000,—,—,2.00,1.000,0.584,0.000
duo-tank-heal,1,5,pack,180,500,0.000,0.000,1.000,—,—,2.00,1.000,0.622,0.000
duo-tank-heal,1,5,pack,300,500,0.000,0.000,1.000,—,—,2.00,1.000,0.620,0.000
duo-tank-heal,1,5,boss,180,500,0.000,0.000,1.000,—,—,2.00,1.000,0.593,0.000
duo-tank-heal,1,5,boss,300,500,0.000,0.000,1.000,—,—,2.00,1.000,0.594,0.000
duo-tank-heal,1,6,solo,180,500,0.000,0.000,1.000,—,—,2.00,1.000,0.558,0.000
duo-tank-heal,1,6,solo,300,500,0.000,0.000,1.000,—,—,2.00,1.000,0.564,0.000
duo-tank-heal,1,6,pack,180,500,0.000,0.000,1.000,—,—,2.00,1.000,0.531,0.000
duo-tank-heal,1,6,pack,300,500,0.000,0.000,1.000,—,—,2.00,1.000,0.528,0.000
duo-tank-heal,1,6,boss,180,500,0.000,0.000,1.000,—,—,2.00,1.000,0.553,0.000
duo-tank-heal,1,6,boss,300,500,0.000,0.000,1.000,—,—,2.00,1.000,0.559,0.000
duo-tank-heal,1,7,solo,180,500,0.000,0.000,1.000,—,—,2.00,1.000,0.675,0.000
duo-tank-heal,1,7,solo,300,500,0.000,0.000,1.000,—,—,2.00,1.000,0.675,0.000
duo-tank-heal,1,7,pack,180,500,0.000,0.000,1.000,—,—,2.00,1.000,0.677,0.000
duo-tank-heal,1,7,pack,300,500,0.000,0.000,1.000,—,—,2.00,1.000,0.677,0.000
duo-tank-heal,1,7,boss,180,500,0.000,0.000,1.000,—,—,2.00,1.000,0.367,0.000
duo-tank-heal,1,7,boss,300,500,0.000,0.000,1.000,—,—,2.00,1.000,0.371,0.000
duo-tank-heal,1,8,solo,180,500,0.000,0.000,1.000,—,—,2.00,1.000,0.673,0.000
duo-tank-heal,1,8,solo,300,500,0.000,0.000,1.000,—,—,2.00,1.000,0.672,0.000
duo-tank-heal,1,8,pack,180,500,0.000,0.000,1.000,—,—,2.00,1.000,0.673,0.000
duo-tank-heal,1,8,pack,300,500,0.000,0.000,1.000,—,—,2.00,1.000,0.674,0.000
duo-tank-heal,1,8,boss,180,500,0.000,0.000,1.000,—,—,2.00,1.000,0.540,0.000
duo-tank-heal,1,8,boss,300,500,0.000,0.000,1.000,—,—,2.00,1.000,0.550,0.000
duo-tank-heal,5,1,solo,180,500,1.000,0.000,0.000,0.933,4.0,0.00,0.067,1.000,1.496
duo-tank-heal,5,1,solo,300,500,1.000,0.000,0.000,0.933,4.0,0.00,0.067,1.000,1.496
duo-tank-heal,5,1,pack,180,500,1.000,0.000,0.000,0.996,40.8,0.00,0.004,1.000,1.528
duo-tank-heal,5,1,pack,300,500,1.000,0.000,0.000,0.995,40.7,0.00,0.005,1.000,1.528
duo-tank-heal,5,1,boss,180,500,1.000,0.000,0.000,0.978,81.8,0.00,0.022,1.000,1.519
duo-tank-heal,5,1,boss,300,500,1.000,0.000,0.000,0.980,81.8,0.00,0.020,1.000,1.520
duo-tank-heal,5,2,solo,180,500,1.000,0.000,0.000,0.911,6.0,0.00,0.089,1.000,1.485
duo-tank-heal,5,2,solo,300,500,1.000,0.000,0.000,0.912,6.0,0.00,0.088,1.000,1.485
duo-tank-heal,5,2,pack,180,500,1.000,0.000,0.000,0.958,70.0,0.00,0.042,1.000,1.508
duo-tank-heal,5,2,pack,300,500,1.000,0.000,0.000,0.958,70.1,0.00,0.042,1.000,1.509
duo-tank-heal,5,2,boss,180,500,1.000,0.000,0.000,0.990,128.5,0.00,0.010,1.000,1.525
duo-tank-heal,5,2,boss,300,500,1.000,0.000,0.000,0.991,128.7,0.00,0.009,1.000,1.525
duo-tank-heal,5,3,solo,180,500,1.000,0.000,0.000,0.977,17.2,0.00,0.023,1.000,1.518
duo-tank-heal,5,3,solo,300,500,1.000,0.000,0.000,0.977,17.2,0.00,0.023,1.000,1.518
duo-tank-heal,5,3,pack,180,500,0.396,0.212,0.392,0.938,94.6,1.00,0.587,0.565,0.593
duo-tank-heal,5,3,pack,300,500,0.298,0.198,0.504,0.942,94.2,1.21,0.666,0.416,0.447
duo-tank-heal,5,3,boss,180,500,0.158,0.842,0.000,0.980,173.8,0.00,0.087,1.000,0.240
duo-tank-heal,5,3,boss,300,500,1.000,0.000,0.000,0.981,194.9,0.00,0.019,1.000,1.520
duo-tank-heal,5,4,solo,180,500,1.000,0.000,0.000,0.990,36.8,0.00,0.010,1.000,1.525
duo-tank-heal,5,4,solo,300,500,1.000,0.000,0.000,0.991,36.6,0.00,0.009,1.000,1.526
duo-tank-heal,5,4,pack,180,500,0.000,0.000,1.000,—,—,2.00,1.000,0.567,0.000
duo-tank-heal,5,4,pack,300,500,0.000,0.000,1.000,—,—,2.00,1.000,0.579,0.000
duo-tank-heal,5,4,boss,180,500,0.000,0.000,1.000,—,—,2.00,1.000,0.587,0.000
duo-tank-heal,5,4,boss,300,500,0.000,0.002,0.998,—,—,2.00,0.999,0.584,0.000
duo-tank-heal,5,5,solo,180,500,1.000,0.000,0.000,0.994,63.0,0.00,0.006,1.000,1.527
duo-tank-heal,5,5,solo,300,500,1.000,0.000,0.000,0.991,63.0,0.00,0.009,1.000,1.525
duo-tank-heal,5,5,pack,180,500,0.000,0.000,1.000,—,—,2.00,1.000,0.529,0.000
duo-tank-heal,5,5,pack,300,500,0.000,0.000,1.000,—,—,2.00,1.000,0.533,0.000
duo-tank-heal,5,5,boss,180,500,0.000,0.000,1.000,—,—,2.00,1.000,0.504,0.000
duo-tank-heal,5,5,boss,300,500,0.000,0.000,1.000,—,—,2.00,1.000,0.508,0.000
duo-tank-heal,5,6,solo,180,500,0.138,0.000,0.862,0.769,99.9,1.75,0.894,0.834,0.195
duo-tank-heal,5,6,solo,300,500,0.138,0.000,0.862,0.714,99.6,1.76,0.901,0.835,0.191
duo-tank-heal,5,6,pack,180,500,0.000,0.000,1.000,—,—,2.00,1.000,0.626,0.000
duo-tank-heal,5,6,pack,300,500,0.000,0.000,1.000,—,—,2.00,1.000,0.627,0.000
duo-tank-heal,5,6,boss,180,500,0.000,0.000,1.000,—,—,2.00,1.000,0.556,0.000
duo-tank-heal,5,6,boss,300,500,0.000,0.000,1.000,—,—,2.00,1.000,0.557,0.000
duo-tank-heal,5,7,solo,180,500,0.000,0.000,1.000,—,—,2.00,1.000,0.591,0.000
duo-tank-heal,5,7,solo,300,500,0.000,0.000,1.000,—,—,2.00,1.000,0.587,0.000
duo-tank-heal,5,7,pack,180,500,0.000,0.000,1.000,—,—,2.00,1.000,0.609,0.000
duo-tank-heal,5,7,pack,300,500,0.000,0.000,1.000,—,—,2.00,1.000,0.609,0.000
duo-tank-heal,5,7,boss,180,500,0.000,0.000,1.000,—,—,2.00,1.000,0.567,0.000
duo-tank-heal,5,7,boss,300,500,0.000,0.000,1.000,—,—,2.00,1.000,0.571,0.000
duo-tank-heal,5,8,solo,180,500,0.000,0.000,1.000,—,—,2.00,1.000,0.682,0.000
duo-tank-heal,5,8,solo,300,500,0.000,0.000,1.000,—,—,2.00,1.000,0.680,0.000
duo-tank-heal,5,8,pack,180,500,0.000,0.000,1.000,—,—,2.00,1.000,0.674,0.000
duo-tank-heal,5,8,pack,300,500,0.000,0.000,1.000,—,—,2.00,1.000,0.675,0.000
duo-tank-heal,5,8,boss,180,500,0.000,0.000,1.000,—,—,2.00,1.000,0.377,0.000
duo-tank-heal,5,8,boss,300,500,0.000,0.000,1.000,—,—,2.00,1.000,0.392,0.000
duo-tank-heal,10,1,solo,180,500,1.000,0.000,0.000,1.000,0.0,0.00,0.000,—,1.560
duo-tank-heal,10,1,solo,300,500,1.000,0.000,0.000,1.000,0.0,0.00,0.000,—,1.560
duo-tank-heal,10,1,pack,180,500,1.000,0.000,0.000,0.873,12.0,0.00,0.127,1.000,1.494
duo-tank-heal,10,1,pack,300,500,1.000,0.000,0.000,0.874,12.0,0.00,0.126,1.000,1.495
duo-tank-heal,10,1,boss,180,500,1.000,0.000,0.000,0.970,37.7,0.00,0.030,1.000,1.544
duo-tank-heal,10,1,boss,300,500,1.000,0.000,0.000,0.968,37.2,0.00,0.032,1.000,1.543
duo-tank-heal,10,2,solo,180,500,1.000,0.000,0.000,0.935,4.0,0.00,0.065,1.000,1.526
duo-tank-heal,10,2,solo,300,500,1.000,0.000,0.000,0.936,4.0,0.00,0.064,1.000,1.526
duo-tank-heal,10,2,pack,180,500,1.000,0.000,0.000,0.994,40.3,0.00,0.006,1.000,1.557
duo-tank-heal,10,2,pack,300,500,1.000,0.000,0.000,0.994,40.5,0.00,0.006,1.000,1.557
duo-tank-heal,10,2,boss,180,500,1.000,0.000,0.000,0.989,80.9,0.00,0.011,1.000,1.554
duo-tank-heal,10,2,boss,300,500,1.000,0.000,0.000,0.988,81.0,0.00,0.012,1.000,1.554
duo-tank-heal,10,3,solo,180,500,1.000,0.000,0.000,0.915,6.0,0.00,0.085,1.000,1.516
duo-tank-heal,10,3,solo,300,500,1.000,0.000,0.000,0.914,6.0,0.00,0.086,1.000,1.515
duo-tank-heal,10,3,pack,180,500,1.000,0.000,0.000,0.960,70.3,0.00,0.040,1.000,1.539
duo-tank-heal,10,3,pack,300,500,1.000,0.000,0.000,0.958,70.2,0.00,0.042,1.000,1.538
duo-tank-heal,10,3,boss,180,500,1.000,0.000,0.000,0.991,127.1,0.00,0.009,1.000,1.556
duo-tank-heal,10,3,boss,300,500,1.000,0.000,0.000,0.992,127.4,0.00,0.008,1.000,1.556
duo-tank-heal,10,4,solo,180,500,1.000,0.000,0.000,0.979,16.3,0.00,0.021,1.000,1.549
duo-tank-heal,10,4,solo,300,500,1.000,0.000,0.000,0.979,16.3,0.00,0.021,1.000,1.549
duo-tank-heal,10,4,pack,180,500,1.000,0.000,0.000,0.941,94.5,0.00,0.059,1.000,1.529
duo-tank-heal,10,4,pack,300,500,1.000,0.000,0.000,0.939,93.9,0.00,0.061,1.000,1.528
duo-tank-heal,10,4,boss,180,500,0.418,0.582,0.000,0.991,174.8,0.00,0.059,1.000,0.650
duo-tank-heal,10,4,boss,300,500,1.000,0.000,0.000,0.958,185.7,0.00,0.042,1.000,1.538
duo-tank-heal,10,5,solo,180,500,1.000,0.000,0.000,0.988,35.6,0.00,0.012,1.000,1.554
duo-tank-heal,10,5,solo,300,500,1.000,0.000,0.000,0.991,36.1,0.00,0.009,1.000,1.555
duo-tank-heal,10,5,pack,180,500,0.000,0.000,1.000,—,—,2.00,1.000,0.553,0.000
duo-tank-heal,10,5,pack,300,500,0.000,0.000,1.000,—,—,2.00,1.000,0.560,0.000
duo-tank-heal,10,5,boss,180,500,0.000,0.488,0.512,—,—,1.05,0.603,0.880,0.000
duo-tank-heal,10,5,boss,300,500,0.418,0.040,0.542,0.940,279.9,1.12,0.596,0.867,0.639
duo-tank-heal,10,6,solo,180,500,1.000,0.000,0.000,0.992,62.7,0.00,0.008,1.000,1.556
duo-tank-heal,10,6,solo,300,500,1.000,0.000,0.000,0.991,62.6,0.00,0.009,1.000,1.555
duo-tank-heal,10,6,pack,180,500,0.000,0.000,1.000,—,—,2.00,1.000,0.554,0.000
duo-tank-heal,10,6,pack,300,500,0.000,0.000,1.000,—,—,2.00,1.000,0.551,0.000
duo-tank-heal,10,6,boss,180,500,0.000,0.000,1.000,—,—,2.00,1.000,0.513,0.000
duo-tank-heal,10,6,boss,300,500,0.000,0.000,1.000,—,—,2.00,1.000,0.513,0.000
duo-tank-heal,10,7,solo,180,500,1.000,0.000,0.000,0.963,101.0,0.00,0.037,1.000,1.541
duo-tank-heal,10,7,solo,300,500,1.000,0.000,0.000,0.960,100.8,0.00,0.040,1.000,1.539
duo-tank-heal,10,7,pack,180,500,0.000,0.000,1.000,—,—,2.00,1.000,0.635,0.000
duo-tank-heal,10,7,pack,300,500,0.000,0.000,1.000,—,—,2.00,1.000,0.635,0.000
duo-tank-heal,10,7,boss,180,500,0.000,0.000,1.000,—,—,2.00,1.000,0.553,0.000
duo-tank-heal,10,7,boss,300,500,0.000,0.000,1.000,—,—,2.00,1.000,0.552,0.000
duo-tank-heal,10,8,solo,180,500,0.000,0.000,1.000,—,—,2.00,1.000,0.638,0.000
duo-tank-heal,10,8,solo,300,500,0.000,0.000,1.000,—,—,2.00,1.000,0.633,0.000
duo-tank-heal,10,8,pack,180,500,0.000,0.000,1.000,—,—,2.00,1.000,0.611,0.000
duo-tank-heal,10,8,pack,300,500,0.000,0.000,1.000,—,—,2.00,1.000,0.611,0.000
duo-tank-heal,10,8,boss,180,500,0.000,0.000,1.000,—,—,2.00,1.000,0.590,0.000
duo-tank-heal,10,8,boss,300,500,0.000,0.000,1.000,—,—,2.00,1.000,0.585,0.000
duo-tank-heal,20,1,solo,180,500,1.000,0.000,0.000,1.000,0.0,0.00,0.000,—,1.620
duo-tank-heal,20,1,solo,300,500,1.000,0.000,0.000,1.000,0.0,0.00,0.000,—,1.620
duo-tank-heal,20,1,pack,180,500,1.000,0.000,0.000,0.943,8.1,0.00,0.057,1.000,1.589
duo-tank-heal,20,1,pack,300,500,1.000,0.000,0.000,0.943,8.1,0.00,0.057,1.000,1.589
duo-tank-heal,20,1,boss,180,500,1.000,0.000,0.000,0.916,12.1,0.00,0.084,1.000,1.575
duo-tank-heal,20,1,boss,300,500,1.000,0.000,0.000,0.917,12.1,0.00,0.083,1.000,1.575
duo-tank-heal,20,2,solo,180,500,1.000,0.000,0.000,1.000,0.0,0.00,0.000,—,1.620
duo-tank-heal,20,2,solo,300,500,1.000,0.000,0.000,1.000,0.0,0.00,0.000,—,1.620
duo-tank-heal,20,2,pack,180,500,1.000,0.000,0.000,0.905,12.0,0.00,0.095,1.000,1.569
duo-tank-heal,20,2,pack,300,500,1.000,0.000,0.000,0.904,12.0,0.00,0.096,1.000,1.568
duo-tank-heal,20,2,boss,180,500,1.000,0.000,0.000,0.879,19.2,0.00,0.121,1.000,1.555
duo-tank-heal,20,2,boss,300,500,1.000,0.000,0.000,0.886,19.9,0.00,0.114,1.000,1.558
duo-tank-heal,20,3,solo,180,500,1.000,0.000,0.000,0.952,4.0,0.00,0.048,1.000,1.594
duo-tank-heal,20,3,solo,300,500,1.000,0.000,0.000,0.952,4.0,0.00,0.048,1.000,1.594
duo-tank-heal,20,3,pack,180,500,1.000,0.000,0.000,0.984,35.2,0.00,0.016,1.000,1.611
duo-tank-heal,20,3,pack,300,500,1.000,0.000,0.000,0.984,35.1,0.00,0.016,1.000,1.612
duo-tank-heal,20,3,boss,180,500,1.000,0.000,0.000,0.967,50.5,0.00,0.033,1.000,1.602
duo-tank-heal,20,3,boss,300,500,1.000,0.000,0.000,0.965,49.9,0.00,0.035,1.000,1.601
duo-tank-heal,20,4,solo,180,500,1.000,0.000,0.000,0.933,4.0,0.00,0.067,1.000,1.584
duo-tank-heal,20,4,solo,300,500,1.000,0.000,0.000,0.934,4.0,0.00,0.066,1.000,1.584
duo-tank-heal,20,4,pack,180,500,1.000,0.000,0.000,0.972,57.5,0.00,0.028,1.000,1.605
duo-tank-heal,20,4,pack,300,500,1.000,0.000,0.000,0.970,57.3,0.00,0.030,1.000,1.604
duo-tank-heal,20,4,boss,180,500,1.000,0.000,0.000,0.982,103.7,0.00,0.018,1.000,1.610
duo-tank-heal,20,4,boss,300,500,1.000,0.000,0.000,0.982,104.6,0.00,0.018,1.000,1.610
duo-tank-heal,20,5,solo,180,500,1.000,0.000,0.000,0.864,8.1,0.00,0.136,1.000,1.547
duo-tank-heal,20,5,solo,300,500,1.000,0.000,0.000,0.864,8.1,0.00,0.136,1.000,1.547
duo-tank-heal,20,5,pack,180,500,1.000,0.000,0.000,0.989,87.4,0.00,0.011,1.000,1.614
duo-tank-heal,20,5,pack,300,500,1.000,0.000,0.000,0.989,87.2,0.00,0.011,1.000,1.614
duo-tank-heal,20,5,boss,180,500,1.000,0.000,0.000,0.993,164.6,0.00,0.007,1.000,1.616
duo-tank-heal,20,5,boss,300,500,1.000,0.000,0.000,0.992,163.9,0.00,0.008,1.000,1.616
duo-tank-heal,20,6,solo,180,500,1.000,0.000,0.000,0.902,20.6,0.00,0.098,1.000,1.567
duo-tank-heal,20,6,solo,300,500,1.000,0.000,0.000,0.904,20.9,0.00,0.096,1.000,1.568
duo-tank-heal,20,6,pack,180,500,0.996,0.000,0.004,0.989,128.5,0.01,0.015,0.999,1.608
duo-tank-heal,20,6,pack,300,500,0.992,0.000,0.008,0.990,128.6,0.02,0.018,0.999,1.602
duo-tank-heal,20,6,boss,180,500,0.002,0.998,0.000,0.886,180.0,0.00,0.101,1.000,0.003
duo-tank-heal,20,6,boss,300,500,1.000,0.000,0.000,0.929,251.4,0.00,0.071,1.000,1.581
duo-tank-heal,20,7,solo,180,500,1.000,0.000,0.000,0.911,49.0,0.00,0.089,1.000,1.572
duo-tank-heal,20,7,solo,300,500,1.000,0.000,0.000,0.915,50.7,0.00,0.085,1.000,1.574
duo-tank-heal,20,7,pack,180,500,0.000,0.000,1.000,—,—,2.00,1.000,0.627,0.000
duo-tank-heal,20,7,pack,300,500,0.000,0.000,1.000,—,—,2.00,1.000,0.629,0.000
duo-tank-heal,20,7,boss,180,500,0.000,0.200,0.800,—,—,1.60,0.832,0.813,0.000
duo-tank-heal,20,7,boss,300,500,0.000,0.200,0.800,—,—,1.60,0.828,0.851,0.000
duo-tank-heal,20,8,solo,180,500,1.000,0.000,0.000,0.880,87.1,0.00,0.120,1.000,1.555
duo-tank-heal,20,8,solo,300,500,1.000,0.000,0.000,0.881,87.9,0.00,0.119,1.000,1.556
duo-tank-heal,20,8,pack,180,500,0.000,0.000,1.000,—,—,2.00,1.000,0.560,0.000
duo-tank-heal,20,8,pack,300,500,0.000,0.000,1.000,—,—,2.00,1.000,0.555,0.000
duo-tank-heal,20,8,boss,180,500,0.000,0.000,1.000,—,—,2.00,1.000,0.564,0.000
duo-tank-heal,20,8,boss,300,500,0.000,0.000,1.000,—,—,2.00,1.000,0.559,0.000
duo-tank-heal,35,1,solo,180,500,1.000,0.000,0.000,1.000,0.0,0.00,0.000,—,1.710
duo-tank-heal,35,1,solo,300,500,1.000,0.000,0.000,1.000,0.0,0.00,0.000,—,1.710
duo-tank-heal,35,1,pack,180,500,1.000,0.000,0.000,0.987,4.0,0.00,0.013,1.000,1.703
duo-tank-heal,35,1,pack,300,500,1.000,0.000,0.000,0.988,4.0,0.00,0.012,1.000,1.703
duo-tank-heal,35,1,boss,180,500,1.000,0.000,0.000,0.974,8.1,0.00,0.026,1.000,1.695
duo-tank-heal,35,1,boss,300,500,1.000,0.000,0.000,0.974,8.1,0.00,0.026,1.000,1.695
duo-tank-heal,35,2,solo,180,500,1.000,0.000,0.000,1.000,0.0,0.00,0.000,—,1.710
duo-tank-heal,35,2,solo,300,500,1.000,0.000,0.000,1.000,0.0,0.00,0.000,—,1.710
duo-tank-heal,35,2,pack,180,500,1.000,0.000,0.000,0.958,8.1,0.00,0.042,1.000,1.686
duo-tank-heal,35,2,pack,300,500,1.000,0.000,0.000,0.958,8.1,0.00,0.042,1.000,1.686
duo-tank-heal,35,2,boss,180,500,1.000,0.000,0.000,0.940,12.1,0.00,0.060,1.000,1.676
duo-tank-heal,35,2,boss,300,500,1.000,0.000,0.000,0.939,12.1,0.00,0.061,1.000,1.675
duo-tank-heal,35,3,solo,180,500,1.000,0.000,0.000,1.000,0.0,0.00,0.000,—,1.710
duo-tank-heal,35,3,solo,300,500,1.000,0.000,0.000,1.000,0.0,0.00,0.000,—,1.710
duo-tank-heal,35,3,pack,180,500,1.000,0.000,0.000,0.930,12.0,0.00,0.070,1.000,1.670
duo-tank-heal,35,3,pack,300,500,1.000,0.000,0.000,0.930,12.0,0.00,0.070,1.000,1.670
duo-tank-heal,35,3,boss,180,500,1.000,0.000,0.000,0.896,16.2,0.00,0.104,1.000,1.650
duo-tank-heal,35,3,boss,300,500,1.000,0.000,0.000,0.895,16.2,0.00,0.105,1.000,1.650
duo-tank-heal,35,4,solo,180,500,1.000,0.000,0.000,1.000,0.0,0.00,0.000,—,1.710
duo-tank-heal,35,4,solo,300,500,1.000,0.000,0.000,1.000,0.0,0.00,0.000,—,1.710
duo-tank-heal,35,4,pack,180,500,1.000,0.000,0.000,0.901,12.0,0.00,0.099,1.000,1.653
duo-tank-heal,35,4,pack,300,500,1.000,0.000,0.000,0.901,12.0,0.00,0.099,1.000,1.654
duo-tank-heal,35,4,boss,180,500,1.000,0.000,0.000,0.919,31.7,0.00,0.081,1.000,1.664
duo-tank-heal,35,4,boss,300,500,1.000,0.000,0.000,0.910,31.0,0.00,0.090,1.000,1.659
duo-tank-heal,35,5,solo,180,500,1.000,0.000,0.000,0.951,4.0,0.00,0.049,1.000,1.682
duo-tank-heal,35,5,solo,300,500,1.000,0.000,0.000,0.952,4.0,0.00,0.048,1.000,1.683
duo-tank-heal,35,5,pack,180,500,1.000,0.000,0.000,0.983,46.3,0.00,0.017,1.000,1.700
duo-tank-heal,35,5,pack,300,500,1.000,0.000,0.000,0.982,45.6,0.00,0.018,1.000,1.700
duo-tank-heal,35,5,boss,180,500,1.000,0.000,0.000,0.958,84.7,0.00,0.042,1.000,1.686
duo-tank-heal,35,5,boss,300,500,1.000,0.000,0.000,0.959,85.7,0.00,0.041,1.000,1.687
duo-tank-heal,35,6,solo,180,500,1.000,0.000,0.000,0.935,6.0,0.00,0.065,1.000,1.673
duo-tank-heal,35,6,solo,300,500,1.000,0.000,0.000,0.935,6.0,0.00,0.065,1.000,1.673
duo-tank-heal,35,6,pack,180,500,1.000,0.000,0.000,0.994,74.9,0.00,0.006,1.000,1.707
duo-tank-heal,35,6,pack,300,500,1.000,0.000,0.000,0.993,74.6,0.00,0.007,1.000,1.706
duo-tank-heal,35,6,boss,180,500,1.000,0.000,0.000,0.986,140.6,0.00,0.014,1.000,1.702
duo-tank-heal,35,6,boss,300,500,1.000,0.000,0.000,0.982,138.7,0.00,0.018,1.000,1.700
duo-tank-heal,35,7,solo,180,500,1.000,0.000,0.000,0.890,9.7,0.00,0.110,1.000,1.648
duo-tank-heal,35,7,solo,300,500,1.000,0.000,0.000,0.890,9.5,0.00,0.110,1.000,1.647
duo-tank-heal,35,7,pack,180,500,1.000,0.000,0.000,0.986,121.7,0.00,0.014,1.000,1.702
duo-tank-heal,35,7,pack,300,500,1.000,0.000,0.000,0.987,121.8,0.00,0.013,1.000,1.703
duo-tank-heal,35,7,boss,180,500,0.008,0.992,0.000,0.943,165.5,0.00,0.073,1.000,0.013
duo-tank-heal,35,7,boss,300,500,1.000,0.000,0.000,0.990,240.9,0.00,0.010,1.000,1.704
duo-tank-heal,35,8,solo,180,500,1.000,0.000,0.000,0.995,41.0,0.00,0.005,1.000,1.707
duo-tank-heal,35,8,solo,300,500,1.000,0.000,0.000,0.996,41.3,0.00,0.004,1.000,1.708
duo-tank-heal,35,8,pack,180,500,0.172,0.826,0.002,0.970,171.4,0.00,0.062,1.000,0.291
duo-tank-heal,35,8,pack,300,500,0.996,0.000,0.004,0.946,192.8,0.01,0.058,1.000,1.672
duo-tank-heal,35,8,boss,180,500,0.000,1.000,0.000,—,—,0.00,0.099,1.000,0.000
duo-tank-heal,35,8,boss,300,500,0.002,0.998,0.000,1.000,294.0,0.00,0.106,1.000,0.003
duo-tank-heal,50,1,solo,180,500,1.000,0.000,0.000,1.000,0.0,0.00,0.000,—,1.800
duo-tank-heal,50,1,solo,300,500,1.000,0.000,0.000,1.000,0.0,0.00,0.000,—,1.800
duo-tank-heal,50,1,pack,180,500,1.000,0.000,0.000,0.993,4.0,0.00,0.007,1.000,1.796
duo-tank-heal,50,1,pack,300,500,1.000,0.000,0.000,0.993,4.0,0.00,0.007,1.000,1.796
duo-tank-heal,50,1,boss,180,500,1.000,0.000,0.000,0.985,8.1,0.00,0.015,1.000,1.791
duo-tank-heal,50,1,boss,300,500,1.000,0.000,0.000,0.985,8.1,0.00,0.015,1.000,1.791
duo-tank-heal,50,2,solo,180,500,1.000,0.000,0.000,1.000,0.0,0.00,0.000,—,1.800
duo-tank-heal,50,2,solo,300,500,1.000,0.000,0.000,1.000,0.0,0.00,0.000,—,1.800
duo-tank-heal,50,2,pack,180,500,1.000,0.000,0.000,0.989,4.0,0.00,0.011,1.000,1.794
duo-tank-heal,50,2,pack,300,500,1.000,0.000,0.000,0.989,4.0,0.00,0.011,1.000,1.794
duo-tank-heal,50,2,boss,180,500,1.000,0.000,0.000,0.979,8.1,0.00,0.021,1.000,1.787
duo-tank-heal,50,2,boss,300,500,1.000,0.000,0.000,0.979,8.1,0.00,0.021,1.000,1.787
duo-tank-heal,50,3,solo,180,500,1.000,0.000,0.000,1.000,0.0,0.00,0.000,—,1.800
duo-tank-heal,50,3,solo,300,500,1.000,0.000,0.000,1.000,0.0,0.00,0.000,—,1.800
duo-tank-heal,50,3,pack,180,500,1.000,0.000,0.000,0.965,8.1,0.00,0.035,1.000,1.779
duo-tank-heal,50,3,pack,300,500,1.000,0.000,0.000,0.965,8.1,0.00,0.035,1.000,1.779
duo-tank-heal,50,3,boss,180,500,1.000,0.000,0.000,0.950,12.1,0.00,0.050,1.000,1.770
duo-tank-heal,50,3,boss,300,500,1.000,0.000,0.000,0.950,12.1,0.00,0.050,1.000,1.770
duo-tank-heal,50,4,solo,180,500,1.000,0.000,0.000,1.000,0.0,0.00,0.000,—,1.800
duo-tank-heal,50,4,solo,300,500,1.000,0.000,0.000,1.000,0.0,0.00,0.000,—,1.800
duo-tank-heal,50,4,pack,180,500,1.000,0.000,0.000,0.943,12.0,0.00,0.057,1.000,1.766
duo-tank-heal,50,4,pack,300,500,1.000,0.000,0.000,0.943,12.0,0.00,0.057,1.000,1.766
duo-tank-heal,50,4,boss,180,500,1.000,0.000,0.000,0.913,16.2,0.00,0.087,1.000,1.748
duo-tank-heal,50,4,boss,300,500,1.000,0.000,0.000,0.913,16.2,0.00,0.087,1.000,1.748
duo-tank-heal,50,5,solo,180,500,1.000,0.000,0.000,1.000,0.0,0.00,0.000,—,1.800
duo-tank-heal,50,5,solo,300,500,1.000,0.000,0.000,1.000,0.0,0.00,0.000,—,1.800
duo-tank-heal,50,5,pack,180,500,1.000,0.000,0.000,0.918,12.0,0.00,0.082,1.000,1.751
duo-tank-heal,50,5,pack,300,500,1.000,0.000,0.000,0.918,12.0,0.00,0.082,1.000,1.751
duo-tank-heal,50,5,boss,180,500,1.000,0.000,0.000,0.856,25.6,0.00,0.144,1.000,1.714
duo-tank-heal,50,5,boss,300,500,1.000,0.000,0.000,0.856,25.8,0.00,0.144,1.000,1.714
duo-tank-heal,50,6,solo,180,500,1.000,0.000,0.000,0.961,4.0,0.00,0.039,1.000,1.776
duo-tank-heal,50,6,solo,300,500,1.000,0.000,0.000,0.961,4.0,0.00,0.039,1.000,1.776
duo-tank-heal,50,6,pack,180,500,1.000,0.000,0.000,0.983,39.3,0.00,0.017,1.000,1.790
duo-tank-heal,50,6,pack,300,500,1.000,0.000,0.000,0.982,39.2,0.00,0.018,1.000,1.789
duo-tank-heal,50,6,boss,180,500,1.000,0.000,0.000,0.974,84.9,0.00,0.026,1.000,1.785
duo-tank-heal,50,6,boss,300,500,1.000,0.000,0.000,0.975,86.2,0.00,0.025,1.000,1.785
duo-tank-heal,50,7,solo,180,500,1.000,0.000,0.000,0.945,6.0,0.00,0.055,1.000,1.767
duo-tank-heal,50,7,solo,300,500,1.000,0.000,0.000,0.946,6.0,0.00,0.054,1.000,1.768
duo-tank-heal,50,7,pack,180,500,1.000,0.000,0.000,0.994,80.5,0.00,0.006,1.000,1.797
duo-tank-heal,50,7,pack,300,500,1.000,0.000,0.000,0.995,79.5,0.00,0.005,1.000,1.797
duo-tank-heal,50,7,boss,180,500,0.994,0.006,0.000,0.984,145.8,0.00,0.017,1.000,1.779
duo-tank-heal,50,7,boss,300,500,1.000,0.000,0.000,0.983,144.0,0.00,0.017,1.000,1.790
duo-tank-heal,50,8,solo,180,500,1.000,0.000,0.000,0.859,12.6,0.00,0.141,1.000,1.715
duo-tank-heal,50,8,solo,300,500,1.000,0.000,0.000,0.857,12.7,0.00,0.143,1.000,1.714
duo-tank-heal,50,8,pack,180,500,1.000,0.000,0.000,0.992,139.8,0.00,0.008,1.000,1.795
duo-tank-heal,50,8,pack,300,500,1.000,0.000,0.000,0.989,138.8,0.00,0.011,1.000,1.793
duo-tank-heal,50,8,boss,180,500,0.006,0.994,0.000,0.916,177.3,0.00,0.065,1.000,0.010
duo-tank-heal,50,8,boss,300,500,1.000,0.000,0.000,0.987,261.5,0.00,0.013,1.000,1.792
solo-tank,1,1,solo,180,500,1.000,0.000,0.000,0.533,20.0,0.00,0.467,1.000,1.271
solo-tank,1,1,solo,300,500,1.000,0.000,0.000,0.530,20.0,0.00,0.470,1.000,1.270
solo-tank,1,1,pack,180,500,0.000,0.000,1.000,—,—,1.00,1.000,1.000,0.000
solo-tank,1,1,pack,300,500,0.000,0.000,1.000,—,—,1.00,1.000,1.000,0.000
solo-tank,1,1,boss,180,500,0.000,0.000,1.000,—,—,1.00,1.000,1.000,0.000
solo-tank,1,1,boss,300,500,0.000,0.000,1.000,—,—,1.00,1.000,1.000,0.000
solo-tank,1,2,solo,180,500,0.430,0.000,0.570,0.080,30.0,0.57,0.966,1.000,0.449
solo-tank,1,2,solo,300,500,0.440,0.000,0.560,0.085,30.0,0.56,0.963,1.000,0.461
solo-tank,1,2,pack,180,500,0.000,0.000,1.000,—,—,1.00,1.000,1.000,0.000
solo-tank,1,2,pack,300,500,0.000,0.000,1.000,—,—,1.00,1.000,1.000,0.000
solo-tank,1,2,boss,180,500,0.000,0.000,1.000,—,—,1.00,1.000,1.000,0.000
solo-tank,1,2,boss,300,500,0.000,0.000,1.000,—,—,1.00,1.000,1.000,0.000
solo-tank,1,3,solo,180,500,0.000,0.000,1.000,—,—,1.00,1.000,1.000,0.000
solo-tank,1,3,solo,300,500,0.000,0.000,1.000,—,—,1.00,1.000,1.000,0.000
solo-tank,1,3,pack,180,500,0.000,0.000,1.000,—,—,1.00,1.000,1.000,0.000
solo-tank,1,3,pack,300,500,0.000,0.000,1.000,—,—,1.00,1.000,1.000,0.000
solo-tank,1,3,boss,180,500,0.000,0.000,1.000,—,—,1.00,1.000,1.000,0.000
solo-tank,1,3,boss,300,500,0.000,0.000,1.000,—,—,1.00,1.000,1.000,0.000
solo-tank,1,4,solo,180,500,0.000,0.000,1.000,—,—,1.00,1.000,1.000,0.000
solo-tank,1,4,solo,300,500,0.000,0.000,1.000,—,—,1.00,1.000,1.000,0.000
solo-tank,1,4,pack,180,500,0.000,0.000,1.000,—,—,1.00,1.000,1.000,0.000
solo-tank,1,4,pack,300,500,0.000,0.000,1.000,—,—,1.00,1.000,1.000,0.000
solo-tank,1,4,boss,180,500,0.000,0.000,1.000,—,—,1.00,1.000,1.000,0.000
solo-tank,1,4,boss,300,500,0.000,0.000,1.000,—,—,1.00,1.000,1.000,0.000
solo-tank,1,5,solo,180,500,0.000,0.000,1.000,—,—,1.00,1.000,1.000,0.000
solo-tank,1,5,solo,300,500,0.000,0.000,1.000,—,—,1.00,1.000,1.000,0.000
solo-tank,1,5,pack,180,500,0.000,0.000,1.000,—,—,1.00,1.000,1.000,0.000
solo-tank,1,5,pack,300,500,0.000,0.000,1.000,—,—,1.00,1.000,1.000,0.000
solo-tank,1,5,boss,180,500,0.000,0.000,1.000,—,—,1.00,1.000,1.000,0.000
solo-tank,1,5,boss,300,500,0.000,0.000,1.000,—,—,1.00,1.000,1.000,0.000
solo-tank,1,6,solo,180,500,0.000,0.000,1.000,—,—,1.00,1.000,1.000,0.000
solo-tank,1,6,solo,300,500,0.000,0.000,1.000,—,—,1.00,1.000,1.000,0.000
solo-tank,1,6,pack,180,500,0.000,0.000,1.000,—,—,1.00,1.000,1.000,0.000
solo-tank,1,6,pack,300,500,0.000,0.000,1.000,—,—,1.00,1.000,1.000,0.000
solo-tank,1,6,boss,180,500,0.000,0.000,1.000,—,—,1.00,1.000,1.000,0.000
solo-tank,1,6,boss,300,500,0.000,0.000,1.000,—,—,1.00,1.000,1.000,0.000
solo-tank,1,7,solo,180,500,0.000,0.000,1.000,—,—,1.00,1.000,1.000,0.000
solo-tank,1,7,solo,300,500,0.000,0.000,1.000,—,—,1.00,1.000,1.000,0.000
solo-tank,1,7,pack,180,500,0.000,0.000,1.000,—,—,1.00,1.000,1.000,0.000
solo-tank,1,7,pack,300,500,0.000,0.000,1.000,—,—,1.00,1.000,1.000,0.000
solo-tank,1,7,boss,180,500,0.000,0.000,1.000,—,—,1.00,1.000,1.000,0.000
solo-tank,1,7,boss,300,500,0.000,0.000,1.000,—,—,1.00,1.000,1.000,0.000
solo-tank,1,8,solo,180,500,0.000,0.000,1.000,—,—,1.00,1.000,1.000,0.000
solo-tank,1,8,solo,300,500,0.000,0.000,1.000,—,—,1.00,1.000,1.000,0.000
solo-tank,1,8,pack,180,500,0.000,0.000,1.000,—,—,1.00,1.000,1.000,0.000
solo-tank,1,8,pack,300,500,0.000,0.000,1.000,—,—,1.00,1.000,1.000,0.000
solo-tank,1,8,boss,180,500,0.000,0.000,1.000,—,—,1.00,1.000,1.000,0.000
solo-tank,1,8,boss,300,500,0.000,0.000,1.000,—,—,1.00,1.000,1.000,0.000
solo-tank,5,1,solo,180,500,1.000,0.000,0.000,0.973,6.0,0.00,0.027,1.000,1.516
solo-tank,5,1,solo,300,500,1.000,0.000,0.000,0.972,6.0,0.00,0.028,1.000,1.516
solo-tank,5,1,pack,180,500,1.000,0.000,0.000,0.518,24.0,0.00,0.482,1.000,1.284
solo-tank,5,1,pack,300,500,1.000,0.000,0.000,0.521,24.0,0.00,0.479,1.000,1.286
solo-tank,5,1,boss,180,500,1.000,0.000,0.000,0.222,48.0,0.00,0.778,1.000,1.133
solo-tank,5,1,boss,300,500,1.000,0.000,0.000,0.218,48.0,0.00,0.782,1.000,1.131
solo-tank,5,2,solo,180,500,1.000,0.000,0.000,0.895,9.0,0.00,0.105,1.000,1.477
solo-tank,5,2,solo,300,500,1.000,0.000,0.000,0.895,9.0,0.00,0.105,1.000,1.477
solo-tank,5,2,pack,180,500,0.022,0.000,0.978,0.112,33.0,0.98,0.998,1.000,0.024
solo-tank,5,2,pack,300,500,0.046,0.000,0.954,0.071,33.0,0.95,0.997,1.000,0.049
solo-tank,5,2,boss,180,500,0.000,0.000,1.000,—,—,1.00,1.000,1.000,0.000
solo-tank,5,2,boss,300,500,0.000,0.000,1.000,—,—,1.00,1.000,1.000,0.000
solo-tank,5,3,solo,180,500,1.000,0.000,0.000,0.661,15.0,0.00,0.339,1.000,1.357
solo-tank,5,3,solo,300,500,1.000,0.000,0.000,0.663,15.0,0.00,0.337,1.000,1.358
solo-tank,5,3,pack,180,500,0.000,0.000,1.000,—,—,1.00,1.000,1.000,0.000
solo-tank,5,3,pack,300,500,0.000,0.000,1.000,—,—,1.00,1.000,1.000,0.000
solo-tank,5,3,boss,180,500,0.000,0.000,1.000,—,—,1.00,1.000,1.000,0.000
solo-tank,5,3,boss,300,500,0.000,0.000,1.000,—,—,1.00,1.000,1.000,0.000
solo-tank,5,4,solo,180,500,1.000,0.000,0.000,0.236,21.0,0.00,0.764,1.000,1.140
solo-tank,5,4,solo,300,500,1.000,0.000,0.000,0.240,21.0,0.00,0.760,1.000,1.143
solo-tank,5,4,pack,180,500,0.000,0.000,1.000,—,—,1.00,1.000,1.000,0.000
solo-tank,5,4,pack,300,500,0.000,0.000,1.000,—,—,1.00,1.000,1.000,0.000
solo-tank,5,4,boss,180,500,0.000,0.000,1.000,—,—,1.00,1.000,1.000,0.000
solo-tank,5,4,boss,300,500,0.000,0.000,1.000,—,—,1.00,1.000,1.000,0.000
solo-tank,5,5,solo,180,500,0.000,0.000,1.000,—,—,1.00,1.000,1.000,0.000
solo-tank,5,5,solo,300,500,0.000,0.000,1.000,—,—,1.00,1.000,1.000,0.000
solo-tank,5,5,pack,180,500,0.000,0.000,1.000,—,—,1.00,1.000,1.000,0.000
solo-tank,5,5,pack,300,500,0.000,0.000,1.000,—,—,1.00,1.000,1.000,0.000
solo-tank,5,5,boss,180,500,0.000,0.000,1.000,—,—,1.00,1.000,1.000,0.000
solo-tank,5,5,boss,300,500,0.000,0.000,1.000,—,—,1.00,1.000,1.000,0.000
solo-tank,5,6,solo,180,500,0.000,0.000,1.000,—,—,1.00,1.000,1.000,0.000
solo-tank,5,6,solo,300,500,0.000,0.000,1.000,—,—,1.00,1.000,1.000,0.000
solo-tank,5,6,pack,180,500,0.000,0.000,1.000,—,—,1.00,1.000,1.000,0.000
solo-tank,5,6,pack,300,500,0.000,0.000,1.000,—,—,1.00,1.000,1.000,0.000
solo-tank,5,6,boss,180,500,0.000,0.000,1.000,—,—,1.00,1.000,1.000,0.000
solo-tank,5,6,boss,300,500,0.000,0.000,1.000,—,—,1.00,1.000,1.000,0.000
solo-tank,5,7,solo,180,500,0.000,0.000,1.000,—,—,1.00,1.000,1.000,0.000
solo-tank,5,7,solo,300,500,0.000,0.000,1.000,—,—,1.00,1.000,1.000,0.000
solo-tank,5,7,pack,180,500,0.000,0.000,1.000,—,—,1.00,1.000,1.000,0.000
solo-tank,5,7,pack,300,500,0.000,0.000,1.000,—,—,1.00,1.000,1.000,0.000
solo-tank,5,7,boss,180,500,0.000,0.000,1.000,—,—,1.00,1.000,1.000,0.000
solo-tank,5,7,boss,300,500,0.000,0.000,1.000,—,—,1.00,1.000,1.000,0.000
solo-tank,5,8,solo,180,500,0.000,0.000,1.000,—,—,1.00,1.000,1.000,0.000
solo-tank,5,8,solo,300,500,0.000,0.000,1.000,—,—,1.00,1.000,1.000,0.000
solo-tank,5,8,pack,180,500,0.000,0.000,1.000,—,—,1.00,1.000,1.000,0.000
solo-tank,5,8,pack,300,500,0.000,0.000,1.000,—,—,1.00,1.000,1.000,0.000
solo-tank,5,8,boss,180,500,0.000,0.000,1.000,—,—,1.00,1.000,1.000,0.000
solo-tank,5,8,boss,300,500,0.000,0.000,1.000,—,—,1.00,1.000,1.000,0.000
solo-tank,10,1,solo,180,500,1.000,0.000,0.000,1.000,2.0,0.00,0.000,1.000,1.560
solo-tank,10,1,solo,300,500,1.000,0.000,0.000,1.000,2.0,0.00,0.000,1.000,1.560
solo-tank,10,1,pack,180,500,1.000,0.000,0.000,0.997,10.0,0.00,0.003,1.000,1.558
solo-tank,10,1,pack,300,500,1.000,0.000,0.000,0.997,10.0,0.00,0.003,1.000,1.558
solo-tank,10,1,boss,180,500,1.000,0.000,0.000,1.000,18.0,0.00,0.000,1.000,1.560
solo-tank,10,1,boss,300,500,1.000,0.000,0.000,1.000,18.0,0.00,0.000,1.000,1.560
solo-tank,10,2,solo,180,500,1.000,0.000,0.000,0.994,4.0,0.00,0.006,1.000,1.557
solo-tank,10,2,solo,300,500,1.000,0.000,0.000,0.994,4.0,0.00,0.006,1.000,1.557
solo-tank,10,2,pack,180,500,1.000,0.000,0.000,0.809,16.0,0.00,0.191,1.000,1.461
solo-tank,10,2,pack,300,500,1.000,0.000,0.000,0.809,16.0,0.00,0.191,1.000,1.461
solo-tank,10,2,boss,180,500,1.000,0.000,0.000,0.978,24.0,0.00,0.022,1.000,1.549
solo-tank,10,2,boss,300,500,1.000,0.000,0.000,0.976,24.0,0.00,0.024,1.000,1.548
solo-tank,10,3,solo,180,500,1.000,0.000,0.000,0.956,4.0,0.00,0.044,1.000,1.537
solo-tank,10,3,solo,300,500,1.000,0.000,0.000,0.956,4.0,0.00,0.044,1.000,1.537
solo-tank,10,3,pack,180,500,1.000,0.000,0.000,0.547,16.0,0.00,0.453,1.000,1.325
solo-tank,10,3,pack,300,500,1.000,0.000,0.000,0.551,16.0,0.00,0.449,1.000,1.326
solo-tank,10,3,boss,180,500,1.000,0.000,0.000,0.549,36.0,0.00,0.451,1.000,1.326
solo-tank,10,3,boss,300,500,1.000,0.000,0.000,0.548,36.0,0.00,0.452,1.000,1.325
solo-tank,10,4,solo,180,500,1.000,0.000,0.000,0.909,8.0,0.00,0.091,1.000,1.513
solo-tank,10,4,solo,300,500,1.000,0.000,0.000,0.909,8.0,0.00,0.091,1.000,1.513
solo-tank,10,4,pack,180,500,0.048,0.000,0.952,0.116,28.0,0.95,0.994,1.000,0.053
solo-tank,10,4,pack,300,500,0.034,0.000,0.966,0.119,28.0,0.97,0.996,1.000,0.037
solo-tank,10,4,boss,180,500,0.012,0.000,0.988,0.130,50.0,0.99,0.998,1.000,0.013
solo-tank,10,4,boss,300,500,0.024,0.000,0.976,0.149,50.0,0.98,0.996,1.000,0.027
solo-tank,10,5,solo,180,500,1.000,0.000,0.000,0.756,12.0,0.00,0.244,1.000,1.433
solo-tank,10,5,solo,300,500,1.000,0.000,0.000,0.755,12.0,0.00,0.245,1.000,1.433
solo-tank,10,5,pack,180,500,0.000,0.000,1.000,—,—,1.00,1.000,1.000,0.000
solo-tank,10,5,pack,300,500,0.000,0.000,1.000,—,—,1.00,1.000,1.000,0.000
solo-tank,10,5,boss,180,500,0.000,0.000,1.000,—,—,1.00,1.000,1.000,0.000
solo-tank,10,5,boss,300,500,0.000,0.000,1.000,—,—,1.00,1.000,1.000,0.000
solo-tank,10,6,solo,180,500,0.734,0.000,0.266,0.347,18.0,0.27,0.745,1.000,0.896
solo-tank,10,6,solo,300,500,0.748,0.000,0.252,0.331,18.0,0.25,0.753,1.000,0.907
solo-tank,10,6,pack,180,500,0.000,0.000,1.000,—,—,1.00,1.000,1.000,0.000
solo-tank,10,6,pack,300,500,0.000,0.000,1.000,—,—,1.00,1.000,1.000,0.000
solo-tank,10,6,boss,180,500,0.000,0.000,1.000,—,—,1.00,1.000,1.000,0.000
solo-tank,10,6,boss,300,500,0.000,0.000,1.000,—,—,1.00,1.000,1.000,0.000
solo-tank,10,7,solo,180,500,0.000,0.000,1.000,—,—,1.00,1.000,1.000,0.000
solo-tank,10,7,solo,300,500,0.000,0.000,1.000,—,—,1.00,1.000,1.000,0.000
solo-tank,10,7,pack,180,500,0.000,0.000,1.000,—,—,1.00,1.000,1.000,0.000
solo-tank,10,7,pack,300,500,0.000,0.000,1.000,—,—,1.00,1.000,1.000,0.000
solo-tank,10,7,boss,180,500,0.000,0.000,1.000,—,—,1.00,1.000,1.000,0.000
solo-tank,10,7,boss,300,500,0.000,0.000,1.000,—,—,1.00,1.000,1.000,0.000
solo-tank,10,8,solo,180,500,0.000,0.000,1.000,—,—,1.00,1.000,1.000,0.000
solo-tank,10,8,solo,300,500,0.000,0.000,1.000,—,—,1.00,1.000,1.000,0.000
solo-tank,10,8,pack,180,500,0.000,0.000,1.000,—,—,1.00,1.000,1.000,0.000
solo-tank,10,8,pack,300,500,0.000,0.000,1.000,—,—,1.00,1.000,1.000,0.000
solo-tank,10,8,boss,180,500,0.000,0.000,1.000,—,—,1.00,1.000,1.000,0.000
solo-tank,10,8,boss,300,500,0.000,0.000,1.000,—,—,1.00,1.000,1.000,0.000
solo-tank,20,1,solo,180,500,1.000,0.000,0.000,1.000,0.0,0.00,0.000,—,1.620
solo-tank,20,1,solo,300,500,1.000,0.000,0.000,1.000,0.0,0.00,0.000,—,1.620
solo-tank,20,1,pack,180,500,1.000,0.000,0.000,1.000,2.4,0.00,0.000,1.000,1.620
solo-tank,20,1,pack,300,500,1.000,0.000,0.000,1.000,2.4,0.00,0.000,1.000,1.620
solo-tank,20,1,boss,180,500,1.000,0.000,0.000,1.000,7.2,0.00,0.000,1.000,1.620
solo-tank,20,1,boss,300,500,1.000,0.000,0.000,1.000,7.2,0.00,0.000,1.000,1.620
solo-tank,20,2,solo,180,500,1.000,0.000,0.000,1.000,1.2,0.00,0.000,1.000,1.620
solo-tank,20,2,solo,300,500,1.000,0.000,0.000,1.000,1.2,0.00,0.000,1.000,1.620
solo-tank,20,2,pack,180,500,1.000,0.000,0.000,1.000,6.0,0.00,0.000,1.000,1.620
solo-tank,20,2,pack,300,500,1.000,0.000,0.000,1.000,6.0,0.00,0.000,1.000,1.620
solo-tank,20,2,boss,180,500,1.000,0.000,0.000,1.000,9.6,0.00,0.000,1.000,1.620
solo-tank,20,2,boss,300,500,1.000,0.000,0.000,1.000,9.6,0.00,0.000,1.000,1.620
solo-tank,20,3,solo,180,500,1.000,0.000,0.000,1.000,1.2,0.00,0.000,1.000,1.620
solo-tank,20,3,solo,300,500,1.000,0.000,0.000,1.000,1.2,0.00,0.000,1.000,1.620
solo-tank,20,3,pack,180,500,1.000,0.000,0.000,1.000,6.0,0.00,0.000,1.000,1.620
solo-tank,20,3,pack,300,500,1.000,0.000,0.000,1.000,6.0,0.00,0.000,1.000,1.620
solo-tank,20,3,boss,180,500,1.000,0.000,0.000,1.000,12.0,0.00,0.000,1.000,1.620
solo-tank,20,3,boss,300,500,1.000,0.000,0.000,1.000,12.0,0.00,0.000,1.000,1.620
solo-tank,20,4,solo,180,500,1.000,0.000,0.000,1.000,2.4,0.00,0.000,1.000,1.620
solo-tank,20,4,solo,300,500,1.000,0.000,0.000,1.000,2.4,0.00,0.000,1.000,1.620
solo-tank,20,4,pack,180,500,1.000,0.000,0.000,1.000,9.6,0.00,0.000,1.000,1.620
solo-tank,20,4,pack,300,500,1.000,0.000,0.000,1.000,9.6,0.00,0.000,1.000,1.620
solo-tank,20,4,boss,180,500,1.000,0.000,0.000,0.978,19.2,0.00,0.022,1.000,1.608
solo-tank,20,4,boss,300,500,1.000,0.000,0.000,0.978,19.2,0.00,0.022,1.000,1.608
solo-tank,20,5,solo,180,500,1.000,0.000,0.000,0.982,3.6,0.00,0.018,1.000,1.610
solo-tank,20,5,solo,300,500,1.000,0.000,0.000,0.982,3.6,0.00,0.018,1.000,1.610
solo-tank,20,5,pack,180,500,1.000,0.000,0.000,0.954,13.2,0.00,0.046,1.000,1.595
solo-tank,20,5,pack,300,500,1.000,0.000,0.000,0.956,13.2,0.00,0.044,1.000,1.596
solo-tank,20,5,boss,180,500,1.000,0.000,0.000,0.997,26.4,0.00,0.003,1.000,1.618
solo-tank,20,5,boss,300,500,1.000,0.000,0.000,0.997,26.4,0.00,0.003,1.000,1.618
solo-tank,20,6,solo,180,500,1.000,0.000,0.000,1.000,6.0,0.00,0.000,1.000,1.620
solo-tank,20,6,solo,300,500,1.000,0.000,0.000,1.000,6.0,0.00,0.000,1.000,1.620
solo-tank,20,6,pack,180,500,1.000,0.000,0.000,0.662,20.4,0.00,0.338,1.000,1.438
solo-tank,20,6,pack,300,500,1.000,0.000,0.000,0.644,20.4,0.00,0.356,1.000,1.428
solo-tank,20,6,boss,180,500,1.000,0.000,0.000,0.724,39.6,0.00,0.276,1.000,1.471
solo-tank,20,6,boss,300,500,1.000,0.000,0.000,0.725,39.6,0.00,0.275,1.000,1.472
solo-tank,20,7,solo,180,500,1.000,0.000,0.000,0.875,9.6,0.00,0.125,1.000,1.553
solo-tank,20,7,solo,300,500,1.000,0.000,0.000,0.876,9.6,0.00,0.124,1.000,1.553
solo-tank,20,7,pack,180,500,0.000,0.000,1.000,—,—,1.00,1.000,1.000,0.000
solo-tank,20,7,pack,300,500,0.004,0.000,0.996,0.196,31.2,1.00,0.999,1.000,0.005
solo-tank,20,7,boss,180,500,0.008,0.000,0.992,0.259,60.0,0.99,0.998,1.000,0.010
solo-tank,20,7,boss,300,500,0.002,0.000,0.998,0.195,60.0,1.00,1.000,1.000,0.002
solo-tank,20,8,solo,180,500,1.000,0.000,0.000,0.599,15.6,0.00,0.401,1.000,1.403
solo-tank,20,8,solo,300,500,1.000,0.000,0.000,0.602,15.6,0.00,0.398,1.000,1.405
solo-tank,20,8,pack,180,500,0.000,0.000,1.000,—,—,1.00,1.000,1.000,0.000
solo-tank,20,8,pack,300,500,0.000,0.000,1.000,—,—,1.00,1.000,1.000,0.000
solo-tank,20,8,boss,180,500,0.000,0.000,1.000,—,—,1.00,1.000,1.000,0.000
solo-tank,20,8,boss,300,500,0.000,0.000,1.000,—,—,1.00,1.000,1.000,0.000
solo-tank,35,1,solo,180,500,1.000,0.000,0.000,1.000,0.0,0.00,0.000,—,1.710
solo-tank,35,1,solo,300,500,1.000,0.000,0.000,1.000,0.0,0.00,0.000,—,1.710
solo-tank,35,1,pack,180,500,1.000,0.000,0.000,1.000,1.5,0.00,0.000,1.000,1.710
solo-tank,35,1,pack,300,500,1.000,0.000,0.000,1.000,1.5,0.00,0.000,1.000,1.710
solo-tank,35,1,boss,180,500,1.000,0.000,0.000,1.000,3.0,0.00,0.000,1.000,1.710
solo-tank,35,1,boss,300,500,1.000,0.000,0.000,1.000,3.0,0.00,0.000,1.000,1.710
solo-tank,35,2,solo,180,500,1.000,0.000,0.000,1.000,0.0,0.00,0.000,—,1.710
solo-tank,35,2,solo,300,500,1.000,0.000,0.000,1.000,0.0,0.00,0.000,—,1.710
solo-tank,35,2,pack,180,500,1.000,0.000,0.000,1.000,1.5,0.00,0.000,1.000,1.710
solo-tank,35,2,pack,300,500,1.000,0.000,0.000,1.000,1.5,0.00,0.000,1.000,1.710
solo-tank,35,2,boss,180,500,1.000,0.000,0.000,1.000,3.8,0.00,0.000,1.000,1.710
solo-tank,35,2,boss,300,500,1.000,0.000,0.000,1.000,3.8,0.00,0.000,1.000,1.710
solo-tank,35,3,solo,180,500,1.000,0.000,0.000,1.000,0.8,0.00,0.000,1.000,1.710
solo-tank,35,3,solo,300,500,1.000,0.000,0.000,1.000,0.8,0.00,0.000,1.000,1.710
solo-tank,35,3,pack,180,500,1.000,0.000,0.000,1.000,3.8,0.00,0.000,1.000,1.710
solo-tank,35,3,pack,300,500,1.000,0.000,0.000,1.000,3.8,0.00,0.000,1.000,1.710
solo-tank,35,3,boss,180,500,1.000,0.000,0.000,1.000,5.3,0.00,0.000,1.000,1.710
solo-tank,35,3,boss,300,500,1.000,0.000,0.000,1.000,5.3,0.00,0.000,1.000,1.710
solo-tank,35,4,solo,180,500,1.000,0.000,0.000,1.000,0.8,0.00,0.000,1.000,1.710
solo-tank,35,4,solo,300,500,1.000,0.000,0.000,1.000,0.8,0.00,0.000,1.000,1.710
solo-tank,35,4,pack,180,500,1.000,0.000,0.000,1.000,3.8,0.00,0.000,1.000,1.710
solo-tank,35,4,pack,300,500,1.000,0.000,0.000,1.000,3.8,0.00,0.000,1.000,1.710
solo-tank,35,4,boss,180,500,1.000,0.000,0.000,1.000,6.8,0.00,0.000,1.000,1.710
solo-tank,35,4,boss,300,500,1.000,0.000,0.000,1.000,6.8,0.00,0.000,1.000,1.710
solo-tank,35,5,solo,180,500,1.000,0.000,0.000,1.000,1.5,0.00,0.000,1.000,1.710
solo-tank,35,5,solo,300,500,1.000,0.000,0.000,1.000,1.5,0.00,0.000,1.000,1.710
solo-tank,35,5,pack,180,500,1.000,0.000,0.000,1.000,6.0,0.00,0.000,1.000,1.710
solo-tank,35,5,pack,300,500,1.000,0.000,0.000,1.000,6.0,0.00,0.000,1.000,1.710
solo-tank,35,5,boss,180,500,1.000,0.000,0.000,0.999,9.8,0.00,0.001,1.000,1.709
solo-tank,35,5,boss,300,500,1.000,0.000,0.000,0.999,9.8,0.00,0.001,1.000,1.709
solo-tank,35,6,solo,180,500,1.000,0.000,0.000,1.000,2.3,0.00,0.000,1.000,1.710
solo-tank,35,6,solo,300,500,1.000,0.000,0.000,1.000,2.3,0.00,0.000,1.000,1.710
solo-tank,35,6,pack,180,500,1.000,0.000,0.000,1.000,8.3,0.00,0.000,1.000,1.710
solo-tank,35,6,pack,300,500,1.000,0.000,0.000,1.000,8.3,0.00,0.000,1.000,1.710
solo-tank,35,6,boss,180,500,1.000,0.000,0.000,0.983,15.8,0.00,0.017,1.000,1.700
solo-tank,35,6,boss,300,500,1.000,0.000,0.000,0.983,15.8,0.00,0.017,1.000,1.700
solo-tank,35,7,solo,180,500,1.000,0.000,0.000,0.987,3.8,0.00,0.013,1.000,1.702
solo-tank,35,7,solo,300,500,1.000,0.000,0.000,0.987,3.8,0.00,0.013,1.000,1.703
solo-tank,35,7,pack,180,500,1.000,0.000,0.000,0.987,12.8,0.00,0.013,1.000,1.703
solo-tank,35,7,pack,300,500,1.000,0.000,0.000,0.987,12.8,0.00,0.013,1.000,1.703
solo-tank,35,7,boss,180,500,1.000,0.000,0.000,1.000,24.0,0.00,0.000,1.000,1.710
solo-tank,35,7,boss,300,500,1.000,0.000,0.000,1.000,24.0,0.00,0.000,1.000,1.710
solo-tank,35,8,solo,180,500,1.000,0.000,0.000,1.000,6.0,0.00,0.000,1.000,1.710
solo-tank,35,8,solo,300,500,1.000,0.000,0.000,1.000,6.0,0.00,0.000,1.000,1.710
solo-tank,35,8,pack,180,500,1.000,0.000,0.000,1.000,19.5,0.00,0.000,1.000,1.710
solo-tank,35,8,pack,300,500,1.000,0.000,0.000,1.000,19.5,0.00,0.000,1.000,1.710
solo-tank,35,8,boss,180,500,1.000,0.000,0.000,1.000,36.0,0.00,0.000,1.000,1.710
solo-tank,35,8,boss,300,500,1.000,0.000,0.000,1.000,36.0,0.00,0.000,1.000,1.710
solo-tank,50,1,solo,180,500,1.000,0.000,0.000,1.000,0.0,0.00,0.000,—,1.800
solo-tank,50,1,solo,300,500,1.000,0.000,0.000,1.000,0.0,0.00,0.000,—,1.800
solo-tank,50,1,pack,180,500,1.000,0.000,0.000,1.000,1.1,0.00,0.000,1.000,1.800
solo-tank,50,1,pack,300,500,1.000,0.000,0.000,1.000,1.1,0.00,0.000,1.000,1.800
solo-tank,50,1,boss,180,500,1.000,0.000,0.000,1.000,1.6,0.00,0.000,1.000,1.800
solo-tank,50,1,boss,300,500,1.000,0.000,0.000,1.000,1.6,0.00,0.000,1.000,1.800
solo-tank,50,2,solo,180,500,1.000,0.000,0.000,1.000,0.0,0.00,0.000,—,1.800
solo-tank,50,2,solo,300,500,1.000,0.000,0.000,1.000,0.0,0.00,0.000,—,1.800
solo-tank,50,2,pack,180,500,1.000,0.000,0.000,1.000,1.1,0.00,0.000,1.000,1.800
solo-tank,50,2,pack,300,500,1.000,0.000,0.000,1.000,1.1,0.00,0.000,1.000,1.800
solo-tank,50,2,boss,180,500,1.000,0.000,0.000,1.000,2.2,0.00,0.000,1.000,1.800
solo-tank,50,2,boss,300,500,1.000,0.000,0.000,1.000,2.2,0.00,0.000,1.000,1.800
solo-tank,50,3,solo,180,500,1.000,0.000,0.000,1.000,0.0,0.00,0.000,—,1.800
solo-tank,50,3,solo,300,500,1.000,0.000,0.000,1.000,0.0,0.00,0.000,—,1.800
solo-tank,50,3,pack,180,500,1.000,0.000,0.000,1.000,1.1,0.00,0.000,1.000,1.800
solo-tank,50,3,pack,300,500,1.000,0.000,0.000,1.000,1.1,0.00,0.000,1.000,1.800
solo-tank,50,3,boss,180,500,1.000,0.000,0.000,1.000,2.7,0.00,0.000,1.000,1.800
solo-tank,50,3,boss,300,500,1.000,0.000,0.000,1.000,2.7,0.00,0.000,1.000,1.800
solo-tank,50,4,solo,180,500,1.000,0.000,0.000,1.000,0.5,0.00,0.000,1.000,1.800
solo-tank,50,4,solo,300,500,1.000,0.000,0.000,1.000,0.5,0.00,0.000,1.000,1.800
solo-tank,50,4,pack,180,500,1.000,0.000,0.000,1.000,2.7,0.00,0.000,1.000,1.800
solo-tank,50,4,pack,300,500,1.000,0.000,0.000,1.000,2.7,0.00,0.000,1.000,1.800
solo-tank,50,4,boss,180,500,1.000,0.000,0.000,1.000,3.8,0.00,0.000,1.000,1.800
solo-tank,50,4,boss,300,500,1.000,0.000,0.000,1.000,3.8,0.00,0.000,1.000,1.800
solo-tank,50,5,solo,180,500,1.000,0.000,0.000,1.000,0.5,0.00,0.000,1.000,1.800
solo-tank,50,5,solo,300,500,1.000,0.000,0.000,1.000,0.5,0.00,0.000,1.000,1.800
solo-tank,50,5,pack,180,500,1.000,0.000,0.000,1.000,2.7,0.00,0.000,1.000,1.800
solo-tank,50,5,pack,300,500,1.000,0.000,0.000,1.000,2.7,0.00,0.000,1.000,1.800
solo-tank,50,5,boss,180,500,1.000,0.000,0.000,1.000,5.5,0.00,0.000,1.000,1.800
solo-tank,50,5,boss,300,500,1.000,0.000,0.000,1.000,5.5,0.00,0.000,1.000,1.800
solo-tank,50,6,solo,180,500,1.000,0.000,0.000,1.000,1.1,0.00,0.000,1.000,1.800
solo-tank,50,6,solo,300,500,1.000,0.000,0.000,1.000,1.1,0.00,0.000,1.000,1.800
solo-tank,50,6,pack,180,500,1.000,0.000,0.000,1.000,4.4,0.00,0.000,1.000,1.800
solo-tank,50,6,pack,300,500,1.000,0.000,0.000,1.000,4.4,0.00,0.000,1.000,1.800
solo-tank,50,6,boss,180,500,1.000,0.000,0.000,1.000,7.6,0.00,0.000,1.000,1.800
solo-tank,50,6,boss,300,500,1.000,0.000,0.000,1.000,7.6,0.00,0.000,1.000,1.800
solo-tank,50,7,solo,180,500,1.000,0.000,0.000,1.000,1.6,0.00,0.000,1.000,1.800
solo-tank,50,7,solo,300,500,1.000,0.000,0.000,1.000,1.6,0.00,0.000,1.000,1.800
solo-tank,50,7,pack,180,500,1.000,0.000,0.000,1.000,6.0,0.00,0.000,1.000,1.800
solo-tank,50,7,pack,300,500,1.000,0.000,0.000,1.000,6.0,0.00,0.000,1.000,1.800
solo-tank,50,7,boss,180,500,1.000,0.000,0.000,0.993,12.5,0.00,0.007,1.000,1.796
solo-tank,50,7,boss,300,500,1.000,0.000,0.000,0.993,12.5,0.00,0.007,1.000,1.796
solo-tank,50,8,solo,180,500,1.000,0.000,0.000,1.000,2.7,0.00,0.000,1.000,1.800
solo-tank,50,8,solo,300,500,1.000,0.000,0.000,1.000,2.7,0.00,0.000,1.000,1.800
solo-tank,50,8,pack,180,500,1.000,0.000,0.000,0.995,9.3,0.00,0.005,1.000,1.797
solo-tank,50,8,pack,300,500,1.000,0.000,0.000,0.996,9.3,0.00,0.004,1.000,1.797
solo-tank,50,8,boss,180,500,1.000,0.000,0.000,1.000,19.1,0.00,0.000,1.000,1.800
solo-tank,50,8,boss,300,500,1.000,0.000,0.000,1.000,19.1,0.00,0.000,1.000,1.800
solo-dps,1,1,solo,180,500,1.000,0.000,0.000,0.553,7.0,0.00,0.447,—,1.281
solo-dps,1,1,solo,300,500,1.000,0.000,0.000,0.551,7.0,0.00,0.449,—,1.281
solo-dps,1,1,pack,180,500,0.000,0.000,1.000,—,—,1.00,1.000,—,0.000
solo-dps,1,1,pack,300,500,0.000,0.000,1.000,—,—,1.00,1.000,—,0.000
solo-dps,1,1,boss,180,500,0.000,0.000,1.000,—,—,1.00,1.000,—,0.000
solo-dps,1,1,boss,300,500,0.000,0.000,1.000,—,—,1.00,1.000,—,0.000
solo-dps,1,2,solo,180,500,0.372,0.000,0.628,0.285,9.7,0.63,0.894,—,0.427
solo-dps,1,2,solo,300,500,0.356,0.000,0.644,0.279,9.7,0.64,0.901,—,0.407
solo-dps,1,2,pack,180,500,0.000,0.000,1.000,—,—,1.00,1.000,—,0.000
solo-dps,1,2,pack,300,500,0.000,0.000,1.000,—,—,1.00,1.000,—,0.000
solo-dps,1,2,boss,180,500,0.000,0.000,1.000,—,—,1.00,1.000,—,0.000
solo-dps,1,2,boss,300,500,0.000,0.000,1.000,—,—,1.00,1.000,—,0.000
solo-dps,1,3,solo,180,500,0.014,0.000,0.986,0.290,15.0,0.99,0.996,—,0.016
solo-dps,1,3,solo,300,500,0.010,0.000,0.990,0.290,15.0,0.99,0.997,—,0.011
solo-dps,1,3,pack,180,500,0.000,0.000,1.000,—,—,1.00,1.000,—,0.000
solo-dps,1,3,pack,300,500,0.000,0.000,1.000,—,—,1.00,1.000,—,0.000
solo-dps,1,3,boss,180,500,0.000,0.000,1.000,—,—,1.00,1.000,—,0.000
solo-dps,1,3,boss,300,500,0.000,0.000,1.000,—,—,1.00,1.000,—,0.000
solo-dps,1,4,solo,180,500,0.000,0.000,1.000,—,—,1.00,1.000,—,0.000
solo-dps,1,4,solo,300,500,0.000,0.000,1.000,—,—,1.00,1.000,—,0.000
solo-dps,1,4,pack,180,500,0.000,0.000,1.000,—,—,1.00,1.000,—,0.000
solo-dps,1,4,pack,300,500,0.000,0.000,1.000,—,—,1.00,1.000,—,0.000
solo-dps,1,4,boss,180,500,0.000,0.000,1.000,—,—,1.00,1.000,—,0.000
solo-dps,1,4,boss,300,500,0.000,0.000,1.000,—,—,1.00,1.000,—,0.000
solo-dps,1,5,solo,180,500,0.000,0.000,1.000,—,—,1.00,1.000,—,0.000
solo-dps,1,5,solo,300,500,0.000,0.000,1.000,—,—,1.00,1.000,—,0.000
solo-dps,1,5,pack,180,500,0.000,0.000,1.000,—,—,1.00,1.000,—,0.000
solo-dps,1,5,pack,300,500,0.000,0.000,1.000,—,—,1.00,1.000,—,0.000
solo-dps,1,5,boss,180,500,0.000,0.000,1.000,—,—,1.00,1.000,—,0.000
solo-dps,1,5,boss,300,500,0.000,0.000,1.000,—,—,1.00,1.000,—,0.000
solo-dps,1,6,solo,180,500,0.000,0.000,1.000,—,—,1.00,1.000,—,0.000
solo-dps,1,6,solo,300,500,0.000,0.000,1.000,—,—,1.00,1.000,—,0.000
solo-dps,1,6,pack,180,500,0.000,0.000,1.000,—,—,1.00,1.000,—,0.000
solo-dps,1,6,pack,300,500,0.000,0.000,1.000,—,—,1.00,1.000,—,0.000
solo-dps,1,6,boss,180,500,0.000,0.000,1.000,—,—,1.00,1.000,—,0.000
solo-dps,1,6,boss,300,500,0.000,0.000,1.000,—,—,1.00,1.000,—,0.000
solo-dps,1,7,solo,180,500,0.000,0.000,1.000,—,—,1.00,1.000,—,0.000
solo-dps,1,7,solo,300,500,0.000,0.000,1.000,—,—,1.00,1.000,—,0.000
solo-dps,1,7,pack,180,500,0.000,0.000,1.000,—,—,1.00,1.000,—,0.000
solo-dps,1,7,pack,300,500,0.000,0.000,1.000,—,—,1.00,1.000,—,0.000
solo-dps,1,7,boss,180,500,0.000,0.000,1.000,—,—,1.00,1.000,—,0.000
solo-dps,1,7,boss,300,500,0.000,0.000,1.000,—,—,1.00,1.000,—,0.000
solo-dps,1,8,solo,180,500,0.000,0.000,1.000,—,—,1.00,1.000,—,0.000
solo-dps,1,8,solo,300,500,0.000,0.000,1.000,—,—,1.00,1.000,—,0.000
solo-dps,1,8,pack,180,500,0.000,0.000,1.000,—,—,1.00,1.000,—,0.000
solo-dps,1,8,pack,300,500,0.000,0.000,1.000,—,—,1.00,1.000,—,0.000
solo-dps,1,8,boss,180,500,0.000,0.000,1.000,—,—,1.00,1.000,—,0.000
solo-dps,1,8,boss,300,500,0.000,0.000,1.000,—,—,1.00,1.000,—,0.000
solo-dps,5,1,solo,180,500,1.000,0.000,0.000,0.770,3.5,0.00,0.230,—,1.413
solo-dps,5,1,solo,300,500,1.000,0.000,0.000,0.775,3.4,0.00,0.225,—,1.416
solo-dps,5,1,pack,180,500,0.170,0.000,0.830,0.073,13.1,0.83,0.988,—,0.180
solo-dps,5,1,pack,300,500,0.134,0.000,0.866,0.079,13.2,0.87,0.989,—,0.142
solo-dps,5,1,boss,180,500,0.014,0.000,0.986,0.081,22.0,0.99,0.999,—,0.015
solo-dps,5,1,boss,300,500,0.020,0.000,0.980,0.050,22.1,0.98,0.999,—,0.021
solo-dps,5,2,solo,180,500,1.000,0.000,0.000,0.655,5.2,0.00,0.345,—,1.354
solo-dps,5,2,solo,300,500,1.000,0.000,0.000,0.664,5.3,0.00,0.336,—,1.359
solo-dps,5,2,pack,180,500,0.000,0.000,1.000,—,—,1.00,1.000,—,0.000
solo-dps,5,2,pack,300,500,0.000,0.000,1.000,—,—,1.00,1.000,—,0.000
solo-dps,5,2,boss,180,500,0.000,0.000,1.000,—,—,1.00,1.000,—,0.000
solo-dps,5,2,boss,300,500,0.000,0.000,1.000,—,—,1.00,1.000,—,0.000
solo-dps,5,3,solo,180,500,1.000,0.000,0.000,0.269,7.5,0.00,0.731,—,1.157
solo-dps,5,3,solo,300,500,1.000,0.000,0.000,0.278,7.4,0.00,0.722,—,1.162
solo-dps,5,3,pack,180,500,0.000,0.000,1.000,—,—,1.00,1.000,—,0.000
solo-dps,5,3,pack,300,500,0.000,0.000,1.000,—,—,1.00,1.000,—,0.000
solo-dps,5,3,boss,180,500,0.000,0.000,1.000,—,—,1.00,1.000,—,0.000
solo-dps,5,3,boss,300,500,0.000,0.000,1.000,—,—,1.00,1.000,—,0.000
solo-dps,5,4,solo,180,500,0.110,0.000,0.890,0.245,11.1,0.89,0.973,—,0.126
solo-dps,5,4,solo,300,500,0.104,0.000,0.896,0.262,11.1,0.90,0.973,—,0.120
solo-dps,5,4,pack,180,500,0.000,0.000,1.000,—,—,1.00,1.000,—,0.000
solo-dps,5,4,pack,300,500,0.000,0.000,1.000,—,—,1.00,1.000,—,0.000
solo-dps,5,4,boss,180,500,0.000,0.000,1.000,—,—,1.00,1.000,—,0.000
solo-dps,5,4,boss,300,500,0.000,0.000,1.000,—,—,1.00,1.000,—,0.000
solo-dps,5,5,solo,180,500,0.000,0.000,1.000,—,—,1.00,1.000,—,0.000
solo-dps,5,5,solo,300,500,0.000,0.000,1.000,—,—,1.00,1.000,—,0.000
solo-dps,5,5,pack,180,500,0.000,0.000,1.000,—,—,1.00,1.000,—,0.000
solo-dps,5,5,pack,300,500,0.000,0.000,1.000,—,—,1.00,1.000,—,0.000
solo-dps,5,5,boss,180,500,0.000,0.000,1.000,—,—,1.00,1.000,—,0.000
solo-dps,5,5,boss,300,500,0.000,0.000,1.000,—,—,1.00,1.000,—,0.000
solo-dps,5,6,solo,180,500,0.000,0.000,1.000,—,—,1.00,1.000,—,0.000
solo-dps,5,6,solo,300,500,0.000,0.000,1.000,—,—,1.00,1.000,—,0.000
solo-dps,5,6,pack,180,500,0.000,0.000,1.000,—,—,1.00,1.000,—,0.000
solo-dps,5,6,pack,300,500,0.000,0.000,1.000,—,—,1.00,1.000,—,0.000
solo-dps,5,6,boss,180,500,0.000,0.000,1.000,—,—,1.00,1.000,—,0.000
solo-dps,5,6,boss,300,500,0.000,0.000,1.000,—,—,1.00,1.000,—,0.000
solo-dps,5,7,solo,180,500,0.000,0.000,1.000,—,—,1.00,1.000,—,0.000
solo-dps,5,7,solo,300,500,0.000,0.000,1.000,—,—,1.00,1.000,—,0.000
solo-dps,5,7,pack,180,500,0.000,0.000,1.000,—,—,1.00,1.000,—,0.000
solo-dps,5,7,pack,300,500,0.000,0.000,1.000,—,—,1.00,1.000,—,0.000
solo-dps,5,7,boss,180,500,0.000,0.000,1.000,—,—,1.00,1.000,—,0.000
solo-dps,5,7,boss,300,500,0.000,0.000,1.000,—,—,1.00,1.000,—,0.000
solo-dps,5,8,solo,180,500,0.000,0.000,1.000,—,—,1.00,1.000,—,0.000
solo-dps,5,8,solo,300,500,0.000,0.000,1.000,—,—,1.00,1.000,—,0.000
solo-dps,5,8,pack,180,500,0.000,0.000,1.000,—,—,1.00,1.000,—,0.000
solo-dps,5,8,pack,300,500,0.000,0.000,1.000,—,—,1.00,1.000,—,0.000
solo-dps,5,8,boss,180,500,0.000,0.000,1.000,—,—,1.00,1.000,—,0.000
solo-dps,5,8,boss,300,500,0.000,0.000,1.000,—,—,1.00,1.000,—,0.000
solo-dps,10,1,solo,180,500,1.000,0.000,0.000,0.906,1.4,0.00,0.094,—,1.511
solo-dps,10,1,solo,300,500,1.000,0.000,0.000,0.909,1.4,0.00,0.091,—,1.512
solo-dps,10,1,pack,180,500,1.000,0.000,0.000,0.446,7.1,0.00,0.554,—,1.272
solo-dps,10,1,pack,300,500,1.000,0.000,0.000,0.446,7.1,0.00,0.554,—,1.272
solo-dps,10,1,boss,180,500,1.000,0.000,0.000,0.255,12.7,0.00,0.745,—,1.173
solo-dps,10,1,boss,300,500,1.000,0.000,0.000,0.260,12.7,0.00,0.740,—,1.175
solo-dps,10,2,solo,180,500,1.000,0.000,0.000,0.872,2.6,0.00,0.128,—,1.494
solo-dps,10,2,solo,300,500,1.000,0.000,0.000,0.872,2.6,0.00,0.128,—,1.494
solo-dps,10,2,pack,180,500,0.538,0.000,0.462,0.123,10.6,0.46,0.934,—,0.594
solo-dps,10,2,pack,300,500,0.536,0.000,0.464,0.131,10.6,0.46,0.930,—,0.594
solo-dps,10,2,boss,180,500,0.136,0.000,0.864,0.168,17.0,0.86,0.977,—,0.153
solo-dps,10,2,boss,300,500,0.116,0.000,0.884,0.168,16.9,0.88,0.981,—,0.131
solo-dps,10,3,solo,180,500,1.000,0.000,0.000,0.663,4.0,0.00,0.337,—,1.385
solo-dps,10,3,solo,300,500,1.000,0.000,0.000,0.674,4.0,0.00,0.326,—,1.391
solo-dps,10,3,pack,180,500,0.002,0.000,0.998,0.086,14.3,1.00,1.000,—,0.002
solo-dps,10,3,pack,300,500,0.002,0.000,0.998,0.086,14.3,1.00,1.000,—,0.002
solo-dps,10,3,boss,180,500,0.000,0.000,1.000,—,—,1.00,1.000,—,0.000
solo-dps,10,3,boss,300,500,0.000,0.000,1.000,—,—,1.00,1.000,—,0.000
solo-dps,10,4,solo,180,500,1.000,0.000,0.000,0.496,5.7,0.00,0.504,—,1.298
solo-dps,10,4,solo,300,500,1.000,0.000,0.000,0.491,5.7,0.00,0.509,—,1.295
solo-dps,10,4,pack,180,500,0.000,0.000,1.000,—,—,1.00,1.000,—,0.000
solo-dps,10,4,pack,300,500,0.000,0.000,1.000,—,—,1.00,1.000,—,0.000
solo-dps,10,4,boss,180,500,0.000,0.000,1.000,—,—,1.00,1.000,—,0.000
solo-dps,10,4,boss,300,500,0.000,0.000,1.000,—,—,1.00,1.000,—,0.000
solo-dps,10,5,solo,180,500,0.468,0.000,0.532,0.235,8.5,0.53,0.890,—,0.544
solo-dps,10,5,solo,300,500,0.444,0.000,0.556,0.201,8.5,0.56,0.911,—,0.508
solo-dps,10,5,pack,180,500,0.000,0.000,1.000,—,—,1.00,1.000,—,0.000
solo-dps,10,5,pack,300,500,0.000,0.000,1.000,—,—,1.00,1.000,—,0.000
solo-dps,10,5,boss,180,500,0.000,0.000,1.000,—,—,1.00,1.000,—,0.000
solo-dps,10,5,boss,300,500,0.000,0.000,1.000,—,—,1.00,1.000,—,0.000
solo-dps,10,6,solo,180,500,0.008,0.000,0.992,0.536,12.1,0.99,0.996,—,0.011
solo-dps,10,6,solo,300,500,0.012,0.000,0.988,0.381,12.6,0.99,0.995,—,0.015
solo-dps,10,6,pack,180,500,0.000,0.000,1.000,—,—,1.00,1.000,—,0.000
solo-dps,10,6,pack,300,500,0.000,0.000,1.000,—,—,1.00,1.000,—,0.000
solo-dps,10,6,boss,180,500,0.000,0.000,1.000,—,—,1.00,1.000,—,0.000
solo-dps,10,6,boss,300,500,0.000,0.000,1.000,—,—,1.00,1.000,—,0.000
solo-dps,10,7,solo,180,500,0.000,0.000,1.000,—,—,1.00,1.000,—,0.000
solo-dps,10,7,solo,300,500,0.000,0.000,1.000,—,—,1.00,1.000,—,0.000
solo-dps,10,7,pack,180,500,0.000,0.000,1.000,—,—,1.00,1.000,—,0.000
solo-dps,10,7,pack,300,500,0.000,0.000,1.000,—,—,1.00,1.000,—,0.000
solo-dps,10,7,boss,180,500,0.000,0.000,1.000,—,—,1.00,1.000,—,0.000
solo-dps,10,7,boss,300,500,0.000,0.000,1.000,—,—,1.00,1.000,—,0.000
solo-dps,10,8,solo,180,500,0.000,0.000,1.000,—,—,1.00,1.000,—,0.000
solo-dps,10,8,solo,300,500,0.000,0.000,1.000,—,—,1.00,1.000,—,0.000
solo-dps,10,8,pack,180,500,0.000,0.000,1.000,—,—,1.00,1.000,—,0.000
solo-dps,10,8,pack,300,500,0.000,0.000,1.000,—,—,1.00,1.000,—,0.000
solo-dps,10,8,boss,180,500,0.000,0.000,1.000,—,—,1.00,1.000,—,0.000
solo-dps,10,8,boss,300,500,0.000,0.000,1.000,—,—,1.00,1.000,—,0.000
solo-dps,20,1,solo,180,500,1.000,0.000,0.000,1.000,0.0,0.00,0.000,—,1.620
solo-dps,20,1,solo,300,500,1.000,0.000,0.000,1.000,0.0,0.00,0.000,—,1.620
solo-dps,20,1,pack,180,500,1.000,0.000,0.000,0.881,1.9,0.00,0.119,—,1.556
solo-dps,20,1,pack,300,500,1.000,0.000,0.000,0.881,1.9,0.00,0.119,—,1.556
solo-dps,20,1,boss,180,500,1.000,0.000,0.000,0.778,5.8,0.00,0.222,—,1.500
solo-dps,20,1,boss,300,500,1.000,0.000,0.000,0.791,5.8,0.00,0.209,—,1.507
solo-dps,20,2,solo,180,500,1.000,0.000,0.000,0.923,0.9,0.00,0.077,—,1.578
solo-dps,20,2,solo,300,500,1.000,0.000,0.000,0.924,0.9,0.00,0.076,—,1.579
solo-dps,20,2,pack,180,500,1.000,0.000,0.000,0.686,4.6,0.00,0.314,—,1.450
solo-dps,20,2,pack,300,500,1.000,0.000,0.000,0.674,4.6,0.00,0.326,—,1.444
solo-dps,20,2,boss,180,500,1.000,0.000,0.000,0.575,7.7,0.00,0.425,—,1.391
solo-dps,20,2,boss,300,500,1.000,0.000,0.000,0.571,7.7,0.00,0.429,—,1.388
solo-dps,20,3,solo,180,500,1.000,0.000,0.000,0.883,1.0,0.00,0.117,—,1.557
solo-dps,20,3,solo,300,500,1.000,0.000,0.000,0.879,1.0,0.00,0.121,—,1.555
solo-dps,20,3,pack,180,500,1.000,0.000,0.000,0.546,4.8,0.00,0.454,—,1.375
solo-dps,20,3,pack,300,500,1.000,0.000,0.000,0.535,4.8,0.00,0.465,—,1.369
solo-dps,20,3,boss,180,500,0.822,0.000,0.178,0.306,10.5,0.18,0.748,—,1.024
solo-dps,20,3,boss,300,500,0.832,0.000,0.168,0.312,10.5,0.17,0.741,—,1.039
solo-dps,20,4,solo,180,500,1.000,0.000,0.000,0.843,1.9,0.00,0.157,—,1.535
solo-dps,20,4,solo,300,500,1.000,0.000,0.000,0.845,1.9,0.00,0.155,—,1.536
solo-dps,20,4,pack,180,500,0.598,0.000,0.402,0.232,7.7,0.40,0.861,—,0.721
solo-dps,20,4,pack,300,500,0.524,0.000,0.476,0.228,7.7,0.48,0.881,—,0.630
solo-dps,20,4,boss,180,500,0.040,0.000,0.960,0.195,16.6,0.96,0.992,—,0.047
solo-dps,20,4,boss,300,500,0.060,0.000,0.940,0.201,16.4,0.94,0.988,—,0.071
solo-dps,20,5,solo,180,500,1.000,0.000,0.000,0.638,3.6,0.00,0.362,—,1.425
solo-dps,20,5,solo,300,500,1.000,0.000,0.000,0.625,3.6,0.00,0.375,—,1.418
solo-dps,20,5,pack,180,500,0.016,0.000,0.984,0.137,11.7,0.98,0.998,—,0.018
solo-dps,20,5,pack,300,500,0.022,0.000,0.978,0.144,12.5,0.98,0.997,—,0.025
solo-dps,20,5,boss,180,500,0.004,0.000,0.996,0.202,23.2,1.00,0.999,—,0.005
solo-dps,20,5,boss,300,500,0.000,0.000,1.000,—,—,1.00,1.000,—,0.000
solo-dps,20,6,solo,180,500,1.000,0.000,0.000,0.365,5.4,0.00,0.635,—,1.277
solo-dps,20,6,solo,300,500,1.000,0.000,0.000,0.377,5.4,0.00,0.623,—,1.283
solo-dps,20,6,pack,180,500,0.000,0.000,1.000,—,—,1.00,1.000,—,0.000
solo-dps,20,6,pack,300,500,0.002,0.000,0.998,0.113,17.4,1.00,1.000,—,0.002
solo-dps,20,6,boss,180,500,0.000,0.000,1.000,—,—,1.00,1.000,—,0.000
solo-dps,20,6,boss,300,500,0.000,0.000,1.000,—,—,1.00,1.000,—,0.000
solo-dps,20,7,solo,180,500,0.206,0.000,0.794,0.470,8.1,0.79,0.903,—,0.275
solo-dps,20,7,solo,300,500,0.210,0.000,0.790,0.480,8.2,0.79,0.899,—,0.281
solo-dps,20,7,pack,180,500,0.000,0.000,1.000,—,—,1.00,1.000,—,0.000
solo-dps,20,7,pack,300,500,0.000,0.000,1.000,—,—,1.00,1.000,—,0.000
solo-dps,20,7,boss,180,500,0.000,0.000,1.000,—,—,1.00,1.000,—,0.000
solo-dps,20,7,boss,300,500,0.000,0.000,1.000,—,—,1.00,1.000,—,0.000
solo-dps,20,8,solo,180,500,0.034,0.000,0.966,0.191,13.2,0.97,0.993,—,0.040
solo-dps,20,8,solo,300,500,0.022,0.000,0.978,0.219,13.1,0.98,0.995,—,0.026
solo-dps,20,8,pack,180,500,0.000,0.000,1.000,—,—,1.00,1.000,—,0.000
solo-dps,20,8,pack,300,500,0.000,0.000,1.000,—,—,1.00,1.000,—,0.000
solo-dps,20,8,boss,180,500,0.000,0.000,1.000,—,—,1.00,1.000,—,0.000
solo-dps,20,8,boss,300,500,0.000,0.000,1.000,—,—,1.00,1.000,—,0.000
solo-dps,35,1,solo,180,500,1.000,0.000,0.000,1.000,0.0,0.00,0.000,—,1.710
solo-dps,35,1,solo,300,500,1.000,0.000,0.000,1.000,0.0,0.00,0.000,—,1.710
solo-dps,35,1,pack,180,500,1.000,0.000,0.000,0.933,1.3,0.00,0.067,—,1.672
solo-dps,35,1,pack,300,500,1.000,0.000,0.000,0.934,1.3,0.00,0.066,—,1.672
solo-dps,35,1,boss,180,500,1.000,0.000,0.000,0.893,3.1,0.00,0.107,—,1.649
solo-dps,35,1,boss,300,500,1.000,0.000,0.000,0.889,3.1,0.00,0.111,—,1.647
solo-dps,35,2,solo,180,500,1.000,0.000,0.000,1.000,0.0,0.00,0.000,—,1.710
solo-dps,35,2,solo,300,500,1.000,0.000,0.000,1.000,0.0,0.00,0.000,—,1.710
solo-dps,35,2,pack,180,500,1.000,0.000,0.000,0.911,1.3,0.00,0.089,—,1.659
solo-dps,35,2,pack,300,500,1.000,0.000,0.000,0.906,1.3,0.00,0.094,—,1.657
solo-dps,35,2,boss,180,500,1.000,0.000,0.000,0.826,3.7,0.00,0.174,—,1.611
solo-dps,35,2,boss,300,500,1.000,0.000,0.000,0.835,3.8,0.00,0.165,—,1.616
solo-dps,35,3,solo,180,500,1.000,0.000,0.000,0.939,0.6,0.00,0.061,—,1.675
solo-dps,35,3,solo,300,500,1.000,0.000,0.000,0.941,0.6,0.00,0.059,—,1.676
solo-dps,35,3,pack,180,500,1.000,0.000,0.000,0.761,3.1,0.00,0.239,—,1.574
solo-dps,35,3,pack,300,500,1.000,0.000,0.000,0.762,3.1,0.00,0.238,—,1.574
solo-dps,35,3,boss,180,500,1.000,0.000,0.000,0.771,4.9,0.00,0.229,—,1.580
solo-dps,35,3,boss,300,500,1.000,0.000,0.000,0.769,5.0,0.00,0.231,—,1.578
solo-dps,35,4,solo,180,500,1.000,0.000,0.000,0.910,0.7,0.00,0.090,—,1.659
solo-dps,35,4,solo,300,500,1.000,0.000,0.000,0.913,0.7,0.00,0.087,—,1.660
solo-dps,35,4,pack,180,500,1.000,0.000,0.000,0.655,3.3,0.00,0.345,—,1.513
solo-dps,35,4,pack,300,500,1.000,0.000,0.000,0.646,3.3,0.00,0.354,—,1.508
solo-dps,35,4,boss,180,500,1.000,0.000,0.000,0.527,6.8,0.00,0.473,—,1.441
solo-dps,35,4,boss,300,500,1.000,0.000,0.000,0.531,6.8,0.00,0.469,—,1.443
solo-dps,35,5,solo,180,500,1.000,0.000,0.000,0.877,1.3,0.00,0.123,—,1.640
solo-dps,35,5,solo,300,500,1.000,0.000,0.000,0.872,1.3,0.00,0.128,—,1.637
solo-dps,35,5,pack,180,500,0.930,0.000,0.070,0.423,5.2,0.07,0.607,—,1.284
solo-dps,35,5,pack,300,500,0.950,0.000,0.050,0.417,5.2,0.05,0.604,—,1.309
solo-dps,35,5,boss,180,500,0.684,0.000,0.316,0.295,10.5,0.32,0.798,—,0.895
solo-dps,35,5,boss,300,500,0.700,0.000,0.300,0.310,10.5,0.30,0.783,—,0.922
solo-dps,35,6,solo,180,500,1.000,0.000,0.000,0.825,1.9,0.00,0.175,—,1.610
solo-dps,35,6,solo,300,500,1.000,0.000,0.000,0.815,1.9,0.00,0.185,—,1.604
solo-dps,35,6,pack,180,500,0.552,0.000,0.448,0.262,7.2,0.45,0.855,—,0.712
solo-dps,35,6,pack,300,500,0.560,0.000,0.440,0.269,7.1,0.44,0.849,—,0.724
solo-dps,35,6,boss,180,500,0.132,0.000,0.868,0.266,14.6,0.87,0.965,—,0.170
solo-dps,35,6,boss,300,500,0.150,0.000,0.850,0.261,14.5,0.85,0.961,—,0.193
solo-dps,35,7,solo,180,500,1.000,0.000,0.000,0.528,3.7,0.00,0.472,—,1.441
solo-dps,35,7,solo,300,500,1.000,0.000,0.000,0.526,3.6,0.00,0.474,—,1.440
solo-dps,35,7,pack,180,500,0.048,0.000,0.952,0.211,12.0,0.95,0.990,—,0.060
solo-dps,35,7,pack,300,500,0.028,0.000,0.972,0.262,12.3,0.97,0.993,—,0.036
solo-dps,35,7,boss,180,500,0.008,0.000,0.992,0.373,22.5,0.99,0.997,—,0.011
solo-dps,35,7,boss,300,500,0.008,0.000,0.992,0.449,22.3,0.99,0.996,—,0.011
solo-dps,35,8,solo,180,500,0.700,0.000,0.300,0.554,5.5,0.30,0.612,—,1.019
solo-dps,35,8,solo,300,500,0.714,0.000,0.286,0.586,5.5,0.29,0.581,—,1.053
solo-dps,35,8,pack,180,500,0.000,0.000,1.000,—,—,1.00,1.000,—,0.000
solo-dps,35,8,pack,300,500,0.000,0.000,1.000,—,—,1.00,1.000,—,0.000
solo-dps,35,8,boss,180,500,0.002,0.000,0.998,1.000,33.9,1.00,0.998,—,0.003
solo-dps,35,8,boss,300,500,0.000,0.000,1.000,—,—,1.00,1.000,—,0.000
solo-dps,50,1,solo,180,500,1.000,0.000,0.000,1.000,0.0,0.00,0.000,—,1.800
solo-dps,50,1,solo,300,500,1.000,0.000,0.000,1.000,0.0,0.00,0.000,—,1.800
solo-dps,50,1,pack,180,500,1.000,0.000,0.000,0.965,1.0,0.00,0.035,—,1.779
solo-dps,50,1,pack,300,500,1.000,0.000,0.000,0.963,1.0,0.00,0.037,—,1.778
solo-dps,50,1,boss,180,500,1.000,0.000,0.000,0.961,1.9,0.00,0.039,—,1.776
solo-dps,50,1,boss,300,500,1.000,0.000,0.000,0.957,1.9,0.00,0.043,—,1.774
solo-dps,50,2,solo,180,500,1.000,0.000,0.000,1.000,0.0,0.00,0.000,—,1.800
solo-dps,50,2,solo,300,500,1.000,0.000,0.000,1.000,0.0,0.00,0.000,—,1.800
solo-dps,50,2,pack,180,500,1.000,0.000,0.000,0.946,1.0,0.00,0.054,—,1.768
solo-dps,50,2,pack,300,500,1.000,0.000,0.000,0.950,1.0,0.00,0.050,—,1.770
solo-dps,50,2,boss,180,500,1.000,0.000,0.000,0.947,2.3,0.00,0.053,—,1.768
solo-dps,50,2,boss,300,500,1.000,0.000,0.000,0.946,2.4,0.00,0.054,—,1.768
solo-dps,50,3,solo,180,500,1.000,0.000,0.000,1.000,0.0,0.00,0.000,—,1.800
solo-dps,50,3,solo,300,500,1.000,0.000,0.000,1.000,0.0,0.00,0.000,—,1.800
solo-dps,50,3,pack,180,500,1.000,0.000,0.000,0.929,1.0,0.00,0.071,—,1.757
solo-dps,50,3,pack,300,500,1.000,0.000,0.000,0.930,1.0,0.00,0.070,—,1.758
solo-dps,50,3,boss,180,500,1.000,0.000,0.000,0.925,2.9,0.00,0.075,—,1.755
solo-dps,50,3,boss,300,500,1.000,0.000,0.000,0.924,2.9,0.00,0.076,—,1.754
solo-dps,50,4,solo,180,500,1.000,0.000,0.000,0.955,0.4,0.00,0.045,—,1.773
solo-dps,50,4,solo,300,500,1.000,0.000,0.000,0.947,0.5,0.00,0.053,—,1.768
solo-dps,50,4,pack,180,500,1.000,0.000,0.000,0.855,2.3,0.00,0.145,—,1.713
solo-dps,50,4,pack,300,500,1.000,0.000,0.000,0.851,2.3,0.00,0.149,—,1.711
solo-dps,50,4,boss,180,500,1.000,0.000,0.000,0.817,3.9,0.00,0.183,—,1.690
solo-dps,50,4,boss,300,500,1.000,0.000,0.000,0.824,3.9,0.00,0.176,—,1.695
solo-dps,50,5,solo,180,500,1.000,0.000,0.000,0.923,0.5,0.00,0.077,—,1.754
solo-dps,50,5,solo,300,500,1.000,0.000,0.000,0.931,0.5,0.00,0.069,—,1.759
solo-dps,50,5,pack,180,500,1.000,0.000,0.000,0.792,2.5,0.00,0.208,—,1.675
solo-dps,50,5,pack,300,500,1.000,0.000,0.000,0.792,2.5,0.00,0.208,—,1.675
solo-dps,50,5,boss,180,500,1.000,0.000,0.000,0.753,5.3,0.00,0.247,—,1.652
solo-dps,50,5,boss,300,500,1.000,0.000,0.000,0.754,5.3,0.00,0.246,—,1.653
solo-dps,50,6,solo,180,500,1.000,0.000,0.000,0.904,1.0,0.00,0.096,—,1.742
solo-dps,50,6,solo,300,500,1.000,0.000,0.000,0.899,1.0,0.00,0.101,—,1.739
solo-dps,50,6,pack,180,500,1.000,0.000,0.000,0.599,3.9,0.00,0.401,—,1.559
solo-dps,50,6,pack,300,500,1.000,0.000,0.000,0.590,3.9,0.00,0.410,—,1.554
solo-dps,50,6,boss,180,500,0.886,0.000,0.114,0.476,8.6,0.11,0.579,—,1.316
solo-dps,50,6,boss,300,500,0.902,0.000,0.098,0.518,8.6,0.10,0.533,—,1.363
solo-dps,50,7,solo,180,500,1.000,0.000,0.000,0.862,1.8,0.00,0.138,—,1.717
solo-dps,50,7,solo,300,500,1.000,0.000,0.000,0.863,1.8,0.00,0.137,—,1.718
solo-dps,50,7,pack,180,500,0.830,0.000,0.170,0.319,6.5,0.17,0.735,—,1.155
solo-dps,50,7,pack,300,500,0.834,0.000,0.166,0.333,6.5,0.17,0.722,—,1.167
solo-dps,50,7,boss,180,500,0.344,0.000,0.656,0.436,12.2,0.66,0.850,—,0.503
solo-dps,50,7,boss,300,500,0.392,0.000,0.608,0.409,12.2,0.61,0.840,—,0.567
solo-dps,50,8,solo,180,500,1.000,0.000,0.000,0.803,2.9,0.00,0.197,—,1.682
solo-dps,50,8,solo,300,500,1.000,0.000,0.000,0.807,2.9,0.00,0.193,—,1.684
solo-dps,50,8,pack,180,500,0.264,0.000,0.736,0.237,9.6,0.74,0.937,—,0.354
solo-dps,50,8,pack,300,500,0.348,0.000,0.652,0.242,9.7,0.65,0.916,—,0.468
solo-dps,50,8,boss,180,500,0.052,0.000,0.948,0.495,19.0,0.95,0.974,—,0.078
solo-dps,50,8,boss,300,500,0.068,0.000,0.932,0.377,18.9,0.93,0.974,—,0.097
