comp,level,tier,shape,limit,fights,winRate,timeoutRate,wipeRate,avgMarginWin,avgDurationWin,avgDowned,avgHpLostPct,tankTargetPct,expRewardMult
trio-core,1,1,solo,180,200,1.000,0.000,0.000,0.925,4.0,0.00,0.075,1.000,1.468
trio-core,1,1,solo,300,200,1.000,0.000,0.000,0.926,3.9,0.00,0.074,1.000,1.469
trio-core,1,1,pack,180,200,1.000,0.000,0.000,0.961,21.4,0.00,0.039,1.000,1.486
trio-core,1,1,pack,300,200,1.000,0.000,0.000,0.962,21.4,0.00,0.038,1.000,1.487
trio-core,1,1,boss,180,200,1.000,0.000,0.000,0.995,39.4,0.00,0.005,1.000,1.503
trio-core,1,1,boss,300,200,1.000,0.000,0.000,0.995,39.4,0.00,0.005,1.000,1.503
trio-core,1,2,solo,180,200,1.000,0.000,0.000,0.948,10.0,0.00,0.052,1.000,1.480
trio-core,1,2,solo,300,200,1.000,0.000,0.000,0.943,10.2,0.00,0.057,1.000,1.477
trio-core,1,2,pack,180,200,0.000,0.000,1.000,—,—,3.00,1.000,0.390,0.000
trio-core,1,2,pack,300,200,0.000,0.000,1.000,—,—,3.00,1.000,0.380,0.000
trio-core,1,2,boss,180,200,0.095,0.000,0.905,0.502,76.7,2.79,0.952,0.397,0.119
trio-core,1,2,boss,300,200,0.100,0.000,0.900,0.495,77.5,2.78,0.951,0.391,0.125
trio-core,1,3,solo,180,200,1.000,0.000,0.000,0.638,21.7,0.00,0.362,1.000,1.324
trio-core,1,3,solo,300,200,1.000,0.000,0.000,0.647,21.8,0.00,0.353,1.000,1.329
trio-core,1,3,pack,180,200,0.000,0.000,1.000,—,—,3.00,1.000,0.432,0.000
trio-core,1,3,pack,300,200,0.000,0.000,1.000,—,—,3.00,1.000,0.431,0.000
trio-core,1,3,boss,180,200,0.000,0.000,1.000,—,—,3.00,1.000,0.362,0.000
trio-core,1,3,boss,300,200,0.000,0.000,1.000,—,—,3.00,1.000,0.363,0.000
trio-core,1,4,solo,180,200,0.000,0.000,1.000,—,—,3.00,1.000,0.417,0.000
trio-core,1,4,solo,300,200,0.000,0.000,1.000,—,—,3.00,1.000,0.414,0.000
trio-core,1,4,pack,180,200,0.000,0.000,1.000,—,—,3.00,1.000,0.413,0.000
trio-core,1,4,pack,300,200,0.000,0.000,1.000,—,—,3.00,1.000,0.405,0.000
trio-core,1,4,boss,180,200,0.000,0.000,1.000,—,—,3.00,1.000,0.346,0.000
trio-core,1,4,boss,300,200,0.000,0.000,1.000,—,—,3.00,1.000,0.347,0.000
trio-core,1,5,solo,180,200,0.000,0.000,1.000,—,—,3.00,1.000,0.498,0.000
trio-core,1,5,solo,300,200,0.000,0.000,1.000,—,—,3.00,1.000,0.497,0.000
trio-core,1,5,pack,180,200,0.000,0.000,1.000,—,—,3.00,1.000,0.500,0.000
trio-core,1,5,pack,300,200,0.000,0.000,1.000,—,—,3.00,1.000,0.497,0.000
trio-core,1,5,boss,180,200,0.000,0.000,1.000,—,—,3.00,1.000,0.340,0.000
trio-core,1,5,boss,300,200,0.000,0.000,1.000,—,—,3.00,1.000,0.359,0.000
trio-core,1,6,solo,180,200,0.000,0.000,1.000,—,—,3.00,1.000,0.339,0.000
trio-core,1,6,solo,300,200,0.000,0.000,1.000,—,—,3.00,1.000,0.340,0.000
trio-core,1,6,pack,180,200,0.000,0.000,1.000,—,—,3.00,1.000,0.344,0.000
trio-core,1,6,pack,300,200,0.000,0.000,1.000,—,—,3.00,1.000,0.348,0.000
trio-core,1,6,boss,180,200,0.000,0.000,1.000,—,—,3.00,1.000,0.328,0.000
trio-core,1,6,boss,300,200,0.000,0.000,1.000,—,—,3.00,1.000,0.332,0.000
trio-core,1,7,solo,180,200,0.000,0.000,1.000,—,—,3.00,1.000,0.329,0.000
trio-core,1,7,solo,300,200,0.000,0.000,1.000,—,—,3.00,1.000,0.332,0.000
trio-core,1,7,pack,180,200,0.000,0.000,1.000,—,—,3.00,1.000,0.329,0.000
trio-core,1,7,pack,300,200,0.000,0.000,1.000,—,—,3.00,1.000,0.331,0.000
trio-core,1,7,boss,180,200,0.000,0.000,1.000,—,—,3.00,1.000,0.331,0.000
trio-core,1,7,boss,300,200,0.000,0.000,1.000,—,—,3.00,1.000,0.326,0.000
trio-core,1,8,solo,180,200,0.000,0.000,1.000,—,—,3.00,1.000,0.330,0.000
trio-core,1,8,solo,300,200,0.000,0.000,1.000,—,—,3.00,1.000,0.331,0.000
trio-core,1,8,pack,180,200,0.000,0.000,1.000,—,—,3.00,1.000,0.331,0.000
trio-core,1,8,pack,300,200,0.000,0.000,1.000,—,—,3.00,1.000,0.338,0.000
trio-core,1,8,boss,180,200,0.000,0.000,1.000,—,—,3.00,1.000,0.328,0.000
trio-core,1,8,boss,300,200,0.000,0.000,1.000,—,—,3.00,1.000,0.335,0.000
trio-core,5,1,solo,180,200,1.000,0.000,0.000,1.000,0.0,0.00,0.000,—,1.530
trio-core,5,1,solo,300,200,1.000,0.000,0.000,1.000,0.0,0.00,0.000,—,1.530
trio-core,5,1,pack,180,200,1.000,0.000,0.000,0.953,8.0,0.00,0.047,1.000,1.506
trio-core,5,1,pack,300,200,1.000,0.000,0.000,0.939,7.9,0.00,0.061,1.000,1.499
trio-core,5,1,boss,180,200,1.000,0.000,0.000,0.964,19.7,0.00,0.036,1.000,1.511
trio-core,5,1,boss,300,200,1.000,0.000,0.000,0.965,19.8,0.00,0.035,1.000,1.512
trio-core,5,2,solo,180,200,1.000,0.000,0.000,0.902,4.1,0.00,0.098,1.000,1.480
trio-core,5,2,solo,300,200,1.000,0.000,0.000,0.901,4.1,0.00,0.099,1.000,1.480
trio-core,5,2,pack,180,200,1.000,0.000,0.000,0.967,18.6,0.00,0.033,1.000,1.513
trio-core,5,2,pack,300,200,1.000,0.000,0.000,0.964,18.6,0.00,0.036,1.000,1.512
trio-core,5,2,boss,180,200,1.000,0.000,0.000,0.979,37.2,0.00,0.021,1.000,1.519
trio-core,5,2,boss,300,200,1.000,0.000,0.000,0.983,37.3,0.00,0.017,1.000,1.522
trio-core,5,3,solo,180,200,1.000,0.000,0.000,0.914,10.4,0.00,0.086,1.000,1.486
trio-core,5,3,solo,300,200,1.000,0.000,0.000,0.914,10.4,0.00,0.086,1.000,1.486
trio-core,5,3,pack,180,200,0.000,0.000,1.000,—,—,3.00,1.000,0.439,0.000
trio-core,5,3,pack,300,200,0.000,0.000,1.000,—,—,3.00,1.000,0.435,0.000
trio-core,5,3,boss,180,200,0.000,0.000,1.000,—,—,3.00,1.000,0.326,0.000
trio-core,5,3,boss,300,200,0.000,0.000,1.000,—,—,3.00,1.000,0.311,0.000
trio-core,5,4,solo,180,200,0.445,0.000,0.555,0.578,23.6,1.97,0.743,0.561,0.585
trio-core,5,4,solo,300,200,0.465,0.000,0.535,0.575,23.6,1.91,0.733,0.571,0.611
trio-core,5,4,pack,180,200,0.000,0.000,1.000,—,—,3.00,1.000,0.397,0.000
trio-core,5,4,pack,300,200,0.000,0.000,1.000,—,—,3.00,1.000,0.402,0.000
trio-core,5,4,boss,180,200,0.000,0.000,1.000,—,—,3.00,1.000,0.442,0.000
trio-core,5,4,boss,300,200,0.000,0.000,1.000,—,—,3.00,1.000,0.446,0.000
trio-core,5,5,solo,180,200,0.000,0.000,1.000,—,—,3.00,1.000,0.506,0.000
trio-core,5,5,solo,300,200,0.000,0.000,1.000,—,—,3.00,1.000,0.499,0.000
trio-core,5,5,pack,180,200,0.000,0.000,1.000,—,—,3.00,1.000,0.500,0.000
trio-core,5,5,pack,300,200,0.000,0.000,1.000,—,—,3.00,1.000,0.498,0.000
trio-core,5,5,boss,180,200,0.000,0.000,1.000,—,—,3.00,1.000,0.271,0.000
trio-core,5,5,boss,300,200,0.000,0.000,1.000,—,—,3.00,1.000,0.275,0.000
trio-core,5,6,solo,180,200,0.000,0.000,1.000,—,—,3.00,1.000,0.341,0.000
trio-core,5,6,solo,300,200,0.000,0.000,1.000,—,—,3.00,1.000,0.350,0.000
trio-core,5,6,pack,180,200,0.000,0.000,1.000,—,—,3.00,1.000,0.344,0.000
trio-core,5,6,pack,300,200,0.000,0.000,1.000,—,—,3.00,1.000,0.343,0.000
trio-core,5,6,boss,180,200,0.000,0.000,1.000,—,—,3.00,1.000,0.353,0.000
trio-core,5,6,boss,300,200,0.000,0.000,1.000,—,—,3.00,1.000,0.352,0.000
trio-core,5,7,solo,180,200,0.000,0.000,1.000,—,—,3.00,1.000,0.329,0.000
trio-core,5,7,solo,300,200,0.000,0.000,1.000,—,—,3.00,1.000,0.333,0.000
trio-core,5,7,pack,180,200,0.000,0.000,1.000,—,—,3.00,1.000,0.331,0.000
trio-core,5,7,pack,300,200,0.000,0.000,1.000,—,—,3.00,1.000,0.330,0.000
trio-core,5,7,boss,180,200,0.000,0.000,1.000,—,—,3.00,1.000,0.332,0.000
trio-core,5,7,boss,300,200,0.000,0.000,1.000,—,—,3.00,1.000,0.330,0.000
trio-core,5,8,solo,180,200,0.000,0.000,1.000,—,—,3.00,1.000,0.331,0.000
trio-core,5,8,solo,300,200,0.000,0.000,1.000,—,—,3.00,1.000,0.334,0.000
trio-core,5,8,pack,180,200,0.000,0.000,1.000,—,—,3.00,1.000,0.333,0.000
trio-core,5,8,pack,300,200,0.000,0.000,1.000,—,—,3.00,1.000,0.333,0.000
trio-core,5,8,boss,180,200,0.000,0.000,1.000,—,—,3.00,1.000,0.331,0.000
trio-core,5,8,boss,300,200,0.000,0.000,1.000,—,—,3.00,1.000,0.331,0.000
trio-core,10,1,solo,180,200,1.000,0.000,0.000,1.000,0.0,0.00,0.000,—,1.560
trio-core,10,1,solo,300,200,1.000,0.000,0.000,1.000,0.0,0.00,0.000,—,1.560
trio-core,10,1,pack,180,200,1.000,0.000,0.000,0.943,4.1,0.00,0.057,1.000,1.530
trio-core,10,1,pack,300,200,1.000,0.000,0.000,0.943,4.1,0.00,0.057,1.000,1.530
trio-core,10,1,boss,180,200,1.000,0.000,0.000,0.924,8.6,0.00,0.076,1.000,1.521
trio-core,10,1,boss,300,200,1.000,0.000,0.000,0.926,8.5,0.00,0.074,1.000,1.521
trio-core,10,2,solo,180,200,1.000,0.000,0.000,0.969,1.5,0.00,0.031,1.000,1.544
trio-core,10,2,solo,300,200,1.000,0.000,0.000,0.968,1.6,0.00,0.032,1.000,1.543
trio-core,10,2,pack,180,200,1.000,0.000,0.000,0.966,11.5,0.00,0.034,1.000,1.542
trio-core,10,2,pack,300,200,1.000,0.000,0.000,0.965,11.5,0.00,0.035,1.000,1.542
trio-core,10,2,boss,180,200,1.000,0.000,0.000,0.966,22.0,0.00,0.034,1.000,1.542
trio-core,10,2,boss,300,200,1.000,0.000,0.000,0.964,22.2,0.00,0.036,1.000,1.541
trio-core,10,3,solo,180,200,1.000,0.000,0.000,0.974,5.1,0.00,0.026,1.000,1.546
trio-core,10,3,solo,300,200,1.000,0.000,0.000,0.977,5.1,0.00,0.023,1.000,1.548
trio-core,10,3,pack,180,200,1.000,0.000,0.000,0.954,21.7,0.00,0.046,1.000,1.536
trio-core,10,3,pack,300,200,1.000,0.000,0.000,0.958,21.6,0.00,0.042,1.000,1.538
trio-core,10,3,boss,180,200,1.000,0.000,0.000,0.941,43.0,0.00,0.059,1.000,1.529
trio-core,10,3,boss,300,200,1.000,0.000,0.000,0.948,42.9,0.00,0.052,1.000,1.533
trio-core,10,4,solo,180,200,1.000,0.000,0.000,0.895,12.0,0.00,0.105,1.000,1.505
trio-core,10,4,solo,300,200,1.000,0.000,0.000,0.894,12.0,0.00,0.106,1.000,1.505
trio-core,10,4,pack,180,200,0.000,0.000,1.000,—,—,3.00,1.000,0.427,0.000
trio-core,10,4,pack,300,200,0.000,0.000,1.000,—,—,3.00,1.000,0.432,0.000
trio-core,10,4,boss,180,200,0.000,0.000,1.000,—,—,3.00,1.000,0.427,0.000
trio-core,10,4,boss,300,200,0.000,0.000,1.000,—,—,3.00,1.000,0.421,0.000
trio-core,10,5,solo,180,200,0.010,0.000,0.990,0.326,28.6,2.99,0.997,0.551,0.012
trio-core,10,5,solo,300,200,0.005,0.000,0.995,0.326,28.6,3.00,0.998,0.554,0.006
trio-core,10,5,pack,180,200,0.000,0.000,1.000,—,—,3.00,1.000,0.502,0.000
trio-core,10,5,pack,300,200,0.000,0.000,1.000,—,—,3.00,1.000,0.502,0.000
trio-core,10,5,boss,180,200,0.000,0.000,1.000,—,—,3.00,1.000,0.435,0.000
trio-core,10,5,boss,300,200,0.000,0.000,1.000,—,—,3.00,1.000,0.428,0.000
trio-core,10,6,solo,180,200,0.000,0.000,1.000,—,—,3.00,1.000,0.504,0.000
trio-core,10,6,solo,300,200,0.000,0.000,1.000,—,—,3.00,1.000,0.500,0.000
trio-core,10,6,pack,180,200,0.000,0.000,1.000,—,—,3.00,1.000,0.499,0.000
trio-core,10,6,pack,300,200,0.000,0.000,1.000,—,—,3.00,1.000,0.499,0.000
trio-core,10,6,boss,180,200,0.000,0.000,1.000,—,—,3.00,1.000,0.352,0.000
trio-core,10,6,boss,300,200,0.000,0.000,1.000,—,—,3.00,1.000,0.360,0.000
trio-core,10,7,solo,180,200,0.000,0.000,1.000,—,—,3.00,1.000,0.356,0.000
trio-core,10,7,solo,300,200,0.000,0.000,1.000,—,—,3.00,1.000,0.363,0.000
trio-core,10,7,pack,180,200,0.000,0.000,1.000,—,—,3.00,1.000,0.361,0.000
trio-core,10,7,pack,300,200,0.000,0.000,1.000,—,—,3.00,1.000,0.360,0.000
trio-core,10,7,boss,180,200,0.000,0.000,1.000,—,—,3.00,1.000,0.334,0.000
trio-core,10,7,boss,300,200,0.000,0.000,1.000,—,—,3.00,1.000,0.330,0.000
trio-core,10,8,solo,180,200,0.000,0.000,1.000,—,—,3.00,1.000,0.329,0.000
trio-core,10,8,solo,300,200,0.000,0.000,1.000,—,—,3.00,1.000,0.331,0.000
trio-core,10,8,pack,180,200,0.000,0.000,1.000,—,—,3.00,1.000,0.329,0.000
trio-core,10,8,pack,300,200,0.000,0.000,1.000,—,—,3.00,1.000,0.334,0.000
trio-core,10,8,boss,180,200,0.000,0.000,1.000,—,—,3.00,1.000,0.329,0.000
trio-core,10,8,boss,300,200,0.000,0.000,1.000,—,—,3.00,1.000,0.328,0.000
trio-core,20,1,solo,180,200,1.000,0.000,0.000,1.000,0.0,0.00,0.000,—,1.620
trio-core,20,1,solo,300,200,1.000,0.000,0.000,1.000,0.0,0.00,0.000,—,1.620
trio-core,20,1,pack,180,200,1.000,0.000,0.000,0.979,2.7,0.00,0.021,1.000,1.609
trio-core,20,1,pack,300,200,1.000,0.000,0.000,0.979,2.7,0.00,0.021,1.000,1.609
trio-core,20,1,boss,180,200,1.000,0.000,0.000,0.969,4.9,0.00,0.031,1.000,1.603
trio-core,20,1,boss,300,200,1.000,0.000,0.000,0.969,5.0,0.00,0.031,1.000,1.603
trio-core,20,2,solo,180,200,1.000,0.000,0.000,1.000,0.0,0.00,0.000,—,1.620
trio-core,20,2,solo,300,200,1.000,0.000,0.000,1.000,0.0,0.00,0.000,—,1.620
trio-core,20,2,pack,180,200,1.000,0.000,0.000,0.944,4.1,0.00,0.056,1.000,1.590
trio-core,20,2,pack,300,200,1.000,0.000,0.000,0.943,4.1,0.00,0.057,1.000,1.589
trio-core,20,2,boss,180,200,1.000,0.000,0.000,0.924,8.2,0.00,0.076,1.000,1.579
trio-core,20,2,boss,300,200,1.000,0.000,0.000,0.922,8.2,0.00,0.078,1.000,1.578
trio-core,20,3,solo,180,200,1.000,0.000,0.000,0.967,1.4,0.00,0.033,1.000,1.602
trio-core,20,3,solo,300,200,1.000,0.000,0.000,0.967,1.4,0.00,0.033,1.000,1.602
trio-core,20,3,pack,180,200,1.000,0.000,0.000,0.967,10.0,0.00,0.033,1.000,1.602
trio-core,20,3,pack,300,200,1.000,0.000,0.000,0.967,10.0,0.00,0.033,1.000,1.602
trio-core,20,3,boss,180,200,1.000,0.000,0.000,0.974,20.2,0.00,0.026,1.000,1.606
trio-core,20,3,boss,300,200,1.000,0.000,0.000,0.971,20.3,0.00,0.029,1.000,1.604
trio-core,20,4,solo,180,200,1.000,0.000,0.000,0.878,5.0,0.00,0.122,1.000,1.554
trio-core,20,4,solo,300,200,1.000,0.000,0.000,0.882,4.9,0.00,0.118,1.000,1.556
trio-core,20,4,pack,180,200,1.000,0.000,0.000,0.952,22.1,0.00,0.048,1.000,1.594
trio-core,20,4,pack,300,200,1.000,0.000,0.000,0.954,22.1,0.00,0.046,1.000,1.595
trio-core,20,4,boss,180,200,1.000,0.000,0.000,0.959,42.0,0.00,0.041,1.000,1.598
trio-core,20,4,boss,300,200,1.000,0.000,0.000,0.952,42.0,0.00,0.048,1.000,1.594
trio-core,20,5,solo,180,200,1.000,0.000,0.000,0.971,13.7,0.00,0.029,1.000,1.605
trio-core,20,5,solo,300,200,1.000,0.000,0.000,0.970,13.5,0.00,0.030,1.000,1.604
trio-core,20,5,pack,180,200,0.000,0.000,1.000,—,—,3.00,1.000,0.473,0.000
trio-core,20,5,pack,300,200,0.000,0.000,1.000,—,—,3.00,1.000,0.479,0.000
trio-core,20,5,boss,180,200,0.000,0.000,1.000,—,—,3.00,1.000,0.501,0.000
trio-core,20,5,boss,300,200,0.000,0.000,1.000,—,—,3.00,1.000,0.503,0.000
trio-core,20,6,solo,180,200,0.005,0.000,0.995,0.549,35.5,2.99,0.997,0.709,0.007
trio-core,20,6,solo,300,200,0.035,0.000,0.965,0.636,33.7,2.91,0.978,0.716,0.050
trio-core,20,6,pack,180,200,0.000,0.000,1.000,—,—,3.00,1.000,0.603,0.000
trio-core,20,6,pack,300,200,0.000,0.000,1.000,—,—,3.00,1.000,0.605,0.000
trio-core,20,6,boss,180,200,0.000,0.000,1.000,—,—,3.00,1.000,0.433,0.000
trio-core,20,6,boss,300,200,0.000,0.000,1.000,—,—,3.00,1.000,0.440,0.000
trio-core,20,7,solo,180,200,0.000,0.000,1.000,—,—,3.00,1.000,0.508,0.000
trio-core,20,7,solo,300,200,0.000,0.000,1.000,—,—,3.00,1.000,0.507,0.000
trio-core,20,7,pack,180,200,0.000,0.000,1.000,—,—,3.00,1.000,0.506,0.000
trio-core,20,7,pack,300,200,0.000,0.000,1.000,—,—,3.00,1.000,0.498,0.000
trio-core,20,7,boss,180,200,0.000,0.000,1.000,—,—,3.00,1.000,0.372,0.000
trio-core,20,7,boss,300,200,0.000,0.000,1.000,—,—,3.00,1.000,0.375,0.000
trio-core,20,8,solo,180,200,0.000,0.000,1.000,—,—,3.00,1.000,0.371,0.000
trio-core,20,8,solo,300,200,0.000,0.000,1.000,—,—,3.00,1.000,0.380,0.000
trio-core,20,8,pack,180,200,0.000,0.000,1.000,—,—,3.00,1.000,0.369,0.000
trio-core,20,8,pack,300,200,0.000,0.000,1.000,—,—,3.00,1.000,0.364,0.000
trio-core,20,8,boss,180,200,0.000,0.000,1.000,—,—,3.00,1.000,0.330,0.000
trio-core,20,8,boss,300,200,0.000,0.000,1.000,—,—,3.00,1.000,0.330,0.000
trio-core,35,1,solo,180,200,1.000,0.000,0.000,1.000,0.0,0.00,0.000,—,1.710
trio-core,35,1,solo,300,200,1.000,0.000,0.000,1.000,0.0,0.00,0.000,—,1.710
trio-core,35,1,pack,180,200,1.000,0.000,0.000,1.000,0.0,0.00,0.000,—,1.710
trio-core,35,1,pack,300,200,1.000,0.000,0.000,1.000,0.0,0.00,0.000,—,1.710
trio-core,35,1,boss,180,200,1.000,0.000,0.000,0.987,3.0,0.00,0.013,1.000,1.702
trio-core,35,1,boss,300,200,1.000,0.000,0.000,0.986,3.0,0.00,0.014,1.000,1.702
trio-core,35,2,solo,180,200,1.000,0.000,0.000,1.000,0.0,0.00,0.000,—,1.710
trio-core,35,2,solo,300,200,1.000,0.000,0.000,1.000,0.0,0.00,0.000,—,1.710
trio-core,35,2,pack,180,200,1.000,0.000,0.000,0.972,3.2,0.00,0.028,1.000,1.694
trio-core,35,2,pack,300,200,1.000,0.000,0.000,0.971,3.2,0.00,0.029,1.000,1.694
trio-core,35,2,boss,180,200,1.000,0.000,0.000,0.971,5.0,0.00,0.029,1.000,1.694
trio-core,35,2,boss,300,200,1.000,0.000,0.000,0.970,5.0,0.00,0.030,1.000,1.693
trio-core,35,3,solo,180,200,1.000,0.000,0.000,1.000,0.0,0.00,0.000,—,1.710
trio-core,35,3,solo,300,200,1.000,0.000,0.000,1.000,0.0,0.00,0.000,—,1.710
trio-core,35,3,pack,180,200,1.000,0.000,0.000,0.937,4.9,0.00,0.063,1.000,1.674
trio-core,35,3,pack,300,200,1.000,0.000,0.000,0.937,4.9,0.00,0.063,1.000,1.674
trio-core,35,3,boss,180,200,1.000,0.000,0.000,0.901,9.1,0.00,0.099,1.000,1.654
trio-core,35,3,boss,300,200,1.000,0.000,0.000,0.903,9.1,0.00,0.097,1.000,1.654
trio-core,35,4,solo,180,200,1.000,0.000,0.000,0.968,1.9,0.00,0.032,1.000,1.692
trio-core,35,4,solo,300,200,1.000,0.000,0.000,0.968,1.8,0.00,0.032,1.000,1.692
trio-core,35,4,pack,180,200,1.000,0.000,0.000,0.966,10.7,0.00,0.034,1.000,1.690
trio-core,35,4,pack,300,200,1.000,0.000,0.000,0.966,10.8,0.00,0.034,1.000,1.690
trio-core,35,4,boss,180,200,1.000,0.000,0.000,0.967,21.2,0.00,0.033,1.000,1.691
trio-core,35,4,boss,300,200,1.000,0.000,0.000,0.970,21.3,0.00,0.030,1.000,1.693
trio-core,35,5,solo,180,200,1.000,0.000,0.000,0.944,5.8,0.00,0.056,1.000,1.678
trio-core,35,5,solo,300,200,1.000,0.000,0.000,0.938,5.7,0.00,0.062,1.000,1.675
trio-core,35,5,pack,180,200,1.000,0.000,0.000,0.930,24.0,0.01,0.070,0.998,1.670
trio-core,35,5,pack,300,200,1.000,0.000,0.000,0.933,24.0,0.00,0.067,1.000,1.672
trio-core,35,5,boss,180,200,1.000,0.000,0.000,0.903,47.6,0.00,0.097,1.000,1.654
trio-core,35,5,boss,300,200,1.000,0.000,0.000,0.908,47.5,0.00,0.092,1.000,1.658
trio-core,35,6,solo,180,200,1.000,0.000,0.000,0.966,17.0,0.00,0.034,1.000,1.690
trio-core,35,6,solo,300,200,1.000,0.000,0.000,0.967,17.1,0.00,0.033,1.000,1.691
trio-core,35,6,pack,180,200,0.000,0.000,1.000,—,—,3.00,1.000,0.483,0.000
trio-core,35,6,pack,300,200,0.000,0.000,1.000,—,—,3.00,1.000,0.481,0.000
trio-core,35,6,boss,180,200,0.000,0.000,1.000,—,—,3.00,1.000,0.557,0.000
trio-core,35,6,boss,300,200,0.000,0.000,1.000,—,—,3.00,1.000,0.565,0.000
trio-core,35,7,solo,180,200,0.030,0.000,0.970,0.757,45.8,2.91,0.977,0.694,0.047
trio-core,35,7,solo,300,200,0.015,0.000,0.985,0.659,44.9,2.96,0.990,0.682,0.023
trio-core,35,7,pack,180,200,0.000,0.000,1.000,—,—,3.00,1.000,0.557,0.000
trio-core,35,7,pack,300,200,0.000,0.000,1.000,—,—,3.00,1.000,0.558,0.000
trio-core,35,7,boss,180,200,0.000,0.000,1.000,—,—,3.00,1.000,0.476,0.000
trio-core,35,7,boss,300,200,0.000,0.000,1.000,—,—,3.00,1.000,0.469,0.000
trio-core,35,8,solo,180,200,0.000,0.000,1.000,—,—,3.00,1.000,0.513,0.000
trio-core,35,8,solo,300,200,0.000,0.000,1.000,—,—,3.00,1.000,0.505,0.000
trio-core,35,8,pack,180,200,0.000,0.000,1.000,—,—,3.00,1.000,0.509,0.000
trio-core,35,8,pack,300,200,0.000,0.000,1.000,—,—,3.00,1.000,0.507,0.000
trio-core,35,8,boss,180,200,0.000,0.000,1.000,—,—,3.00,1.000,0.382,0.000
trio-core,35,8,boss,300,200,0.000,0.000,1.000,—,—,3.00,1.000,0.393,0.000
trio-core,50,1,solo,180,200,1.000,0.000,0.000,1.000,0.0,0.00,0.000,—,1.800
trio-core,50,1,solo,300,200,1.000,0.000,0.000,1.000,0.0,0.00,0.000,—,1.800
trio-core,50,1,pack,180,200,1.000,0.000,0.000,1.000,0.0,0.00,0.000,—,1.800
trio-core,50,1,pack,300,200,1.000,0.000,0.000,1.000,0.0,0.00,0.000,—,1.800
trio-core,50,1,boss,180,200,1.000,0.000,0.000,0.995,1.7,0.00,0.005,1.000,1.797
trio-core,50,1,boss,300,200,1.000,0.000,0.000,0.995,1.8,0.00,0.005,1.000,1.797
trio-core,50,2,solo,180,200,1.000,0.000,0.000,1.000,0.0,0.00,0.000,—,1.800
trio-core,50,2,solo,300,200,1.000,0.000,0.000,1.000,0.0,0.00,0.000,—,1.800
trio-core,50,2,pack,180,200,1.000,0.000,0.000,0.994,1.0,0.00,0.006,1.000,1.796
trio-core,50,2,pack,300,200,1.000,0.000,0.000,0.994,1.0,0.00,0.006,1.000,1.796
trio-core,50,2,boss,180,200,1.000,0.000,0.000,0.982,3.5,0.00,0.018,1.000,1.789
trio-core,50,2,boss,300,200,1.000,0.000,0.000,0.982,3.5,0.00,0.018,1.000,1.789
trio-core,50,3,solo,180,200,1.000,0.000,0.000,1.000,0.0,0.00,0.000,—,1.800
trio-core,50,3,solo,300,200,1.000,0.000,0.000,1.000,0.0,0.00,0.000,—,1.800
trio-core,50,3,pack,180,200,1.000,0.000,0.000,0.970,2.8,0.00,0.030,1.000,1.782
trio-core,50,3,pack,300,200,1.000,0.000,0.000,0.970,2.8,0.00,0.030,1.000,1.782
trio-core,50,3,boss,180,200,1.000,0.000,0.000,0.967,5.7,0.00,0.033,1.000,1.780
trio-core,50,3,boss,300,200,1.000,0.000,0.000,0.966,5.6,0.00,0.034,1.000,1.780
trio-core,50,4,solo,180,200,1.000,0.000,0.000,0.985,0.8,0.00,0.015,1.000,1.791
trio-core,50,4,solo,300,200,1.000,0.000,0.000,0.986,0.8,0.00,0.014,1.000,1.792
trio-core,50,4,pack,180,200,1.000,0.000,0.000,0.898,6.2,0.00,0.102,1.000,1.739
trio-core,50,4,pack,300,200,1.000,0.000,0.000,0.899,6.2,0.00,0.101,1.000,1.739
trio-core,50,4,boss,180,200,1.000,0.000,0.000,0.979,13.4,0.00,0.021,1.000,1.788
trio-core,50,4,boss,300,200,1.000,0.000,0.000,0.977,13.4,0.00,0.023,1.000,1.786
trio-core,50,5,solo,180,200,1.000,0.000,0.000,0.930,3.8,0.00,0.070,1.000,1.758
trio-core,50,5,solo,300,200,1.000,0.000,0.000,0.928,3.8,0.00,0.072,1.000,1.757
trio-core,50,5,pack,180,200,1.000,0.000,0.000,0.987,15.7,0.00,0.013,1.000,1.792
trio-core,50,5,pack,300,200,1.000,0.000,0.000,0.988,15.6,0.00,0.012,1.000,1.793
trio-core,50,5,boss,180,200,1.000,0.000,0.000,0.967,30.3,0.00,0.033,1.000,1.780
trio-core,50,5,boss,300,200,1.000,0.000,0.000,0.968,30.1,0.00,0.032,1.000,1.781
trio-core,50,6,solo,180,200,1.000,0.000,0.000,0.935,9.7,0.00,0.065,1.000,1.761
trio-core,50,6,solo,300,200,1.000,0.000,0.000,0.938,9.7,0.00,0.062,1.000,1.763
trio-core,50,6,pack,180,200,0.605,0.000,0.395,0.932,35.9,1.19,0.436,0.912,1.064
trio-core,50,6,pack,300,200,0.590,0.000,0.410,0.934,35.8,1.23,0.449,0.905,1.039
trio-core,50,6,boss,180,200,0.890,0.000,0.110,0.953,70.3,0.33,0.152,0.985,1.577
trio-core,50,6,boss,300,200,0.905,0.000,0.095,0.962,70.3,0.28,0.130,0.988,1.608
trio-core,50,7,solo,180,200,1.000,0.000,0.000,0.922,28.5,0.00,0.078,1.000,1.753
trio-core,50,7,solo,300,200,1.000,0.000,0.000,0.928,28.6,0.00,0.072,1.000,1.757
trio-core,50,7,pack,180,200,0.000,0.000,1.000,—,—,3.00,1.000,0.611,0.000
trio-core,50,7,pack,300,200,0.000,0.000,1.000,—,—,3.00,1.000,0.612,0.000
trio-core,50,7,boss,180,200,0.000,0.000,1.000,—,—,3.00,1.000,0.566,0.000
trio-core,50,7,boss,300,200,0.000,0.000,1.000,—,—,3.00,1.000,0.571,0.000
trio-core,50,8,solo,180,200,0.000,0.000,1.000,—,—,3.00,1.000,0.690,0.000
trio-core,50,8,solo,300,200,0.000,0.000,1.000,—,—,3.00,1.000,0.692,0.000
trio-core,50,8,pack,180,200,0.000,0.000,1.000,—,—,3.00,1.000,0.574,0.000
trio-core,50,8,pack,300,200,0.000,0.000,1.000,—,—,3.00,1.000,0.581,0.000
trio-core,50,8,boss,180,200,0.000,0.000,1.000,—,—,3.00,1.000,0.553,0.000
trio-core,50,8,boss,300,200,0.000,0.000,1.000,—,—,3.00,1.000,0.549,0.000
trio-double-dps,1,1,solo,180,200,1.000,0.000,0.000,0.958,2.7,0.00,0.042,1.000,1.485
trio-double-dps,1,1,solo,300,200,1.000,0.000,0.000,0.958,2.7,0.00,0.042,1.000,1.485
trio-double-dps,1,1,pack,180,200,1.000,0.000,0.000,0.745,12.0,0.00,0.255,1.000,1.378
trio-double-dps,1,1,pack,300,200,1.000,0.000,0.000,0.747,12.0,0.00,0.253,1.000,1.379
trio-double-dps,1,1,boss,180,200,1.000,0.000,0.000,0.511,25.2,0.85,0.489,0.949,1.260
trio-double-dps,1,1,boss,300,200,1.000,0.000,0.000,0.514,25.0,0.81,0.486,0.950,1.262
trio-double-dps,1,2,solo,180,200,1.000,0.000,0.000,0.867,6.0,0.00,0.133,1.000,1.439
trio-double-dps,1,2,solo,300,200,1.000,0.000,0.000,0.866,6.0,0.00,0.134,1.000,1.439
trio-double-dps,1,2,pack,180,200,0.000,0.000,1.000,—,—,3.00,1.000,0.433,0.000
trio-double-dps,1,2,pack,300,200,0.000,0.000,1.000,—,—,3.00,1.000,0.435,0.000
trio-double-dps,1,2,boss,180,200,0.000,0.000,1.000,—,—,3.00,1.000,0.494,0.000
trio-double-dps,1,2,boss,300,200,0.000,0.000,1.000,—,—,3.00,1.000,0.493,0.000
trio-double-dps,1,3,solo,180,200,1.000,0.000,0.000,0.401,14.8,1.00,0.599,0.807,1.205
trio-double-dps,1,3,solo,300,200,1.000,0.000,0.000,0.403,14.8,1.00,0.597,0.808,1.206
trio-double-dps,1,3,pack,180,200,0.000,0.000,1.000,—,—,3.00,1.000,0.495,0.000
trio-double-dps,1,3,pack,300,200,0.000,0.000,1.000,—,—,3.00,1.000,0.498,0.000
trio-double-dps,1,3,boss,180,200,0.000,0.000,1.000,—,—,3.00,1.000,0.444,0.000
trio-double-dps,1,3,boss,300,200,0.000,0.000,1.000,—,—,3.00,1.000,0.439,0.000
trio-double-dps,1,4,solo,180,200,0.000,0.000,1.000,—,—,3.00,1.000,0.407,0.000
trio-double-dps,1,4,solo,300,200,0.000,0.000,1.000,—,—,3.00,1.000,0.401,0.000
trio-double-dps,1,4,pack,180,200,0.000,0.000,1.000,—,—,3.00,1.000,0.410,0.000
trio-double-dps,1,4,pack,300,200,0.000,0.000,1.000,—,—,3.00,1.000,0.408,0.000
trio-double-dps,1,4,boss,180,200,0.000,0.000,1.000,—,—,3.00,1.000,0.351,0.000
trio-double-dps,1,4,boss,300,200,0.000,0.000,1.000,—,—,3.00,1.000,0.355,0.000
trio-double-dps,1,5,solo,180,200,0.000,0.000,1.000,—,—,3.00,1.000,0.488,0.000
trio-double-dps,1,5,solo,300,200,0.000,0.000,1.000,—,—,3.00,1.000,0.495,0.000
trio-double-dps,1,5,pack,180,200,0.000,0.000,1.000,—,—,3.00,1.000,0.496,0.000
trio-double-dps,1,5,pack,300,200,0.000,0.000,1.000,—,—,3.00,1.000,0.494,0.000
trio-double-dps,1,5,boss,180,200,0.000,0.000,1.000,—,—,3.00,1.000,0.344,0.000
trio-double-dps,1,5,boss,300,200,0.000,0.000,1.000,—,—,3.00,1.000,0.346,0.000
trio-double-dps,1,6,solo,180,200,0.000,0.000,1.000,—,—,3.00,1.000,0.340,0.000
trio-double-dps,1,6,solo,300,200,0.000,0.000,1.000,—,—,3.00,1.000,0.335,0.000
trio-double-dps,1,6,pack,180,200,0.000,0.000,1.000,—,—,3.00,1.000,0.346,0.000
trio-double-dps,1,6,pack,300,200,0.000,0.000,1.000,—,—,3.00,1.000,0.342,0.000
trio-double-dps,1,6,boss,180,200,0.000,0.000,1.000,—,—,3.00,1.000,0.330,0.000
trio-double-dps,1,6,boss,300,200,0.000,0.000,1.000,—,—,3.00,1.000,0.329,0.000
trio-double-dps,1,7,solo,180,200,0.000,0.000,1.000,—,—,3.00,1.000,0.322,0.000
trio-double-dps,1,7,solo,300,200,0.000,0.000,1.000,—,—,3.00,1.000,0.328,0.000
trio-double-dps,1,7,pack,180,200,0.000,0.000,1.000,—,—,3.00,1.000,0.330,0.000
trio-double-dps,1,7,pack,300,200,0.000,0.000,1.000,—,—,3.00,1.000,0.327,0.000
trio-double-dps,1,7,boss,180,200,0.000,0.000,1.000,—,—,3.00,1.000,0.330,0.000
trio-double-dps,1,7,boss,300,200,0.000,0.000,1.000,—,—,3.00,1.000,0.326,0.000
trio-double-dps,1,8,solo,180,200,0.000,0.000,1.000,—,—,3.00,1.000,0.328,0.000
trio-double-dps,1,8,solo,300,200,0.000,0.000,1.000,—,—,3.00,1.000,0.330,0.000
trio-double-dps,1,8,pack,180,200,0.000,0.000,1.000,—,—,3.00,1.000,0.327,0.000
trio-double-dps,1,8,pack,300,200,0.000,0.000,1.000,—,—,3.00,1.000,0.329,0.000
trio-double-dps,1,8,boss,180,200,0.000,0.000,1.000,—,—,3.00,1.000,0.329,0.000
trio-double-dps,1,8,boss,300,200,0.000,0.000,1.000,—,—,3.00,1.000,0.325,0.000
trio-double-dps,5,1,solo,180,200,1.000,0.000,0.000,1.000,0.0,0.00,0.000,—,1.530
trio-double-dps,5,1,solo,300,200,1.000,0.000,0.000,1.000,0.0,0.00,0.000,—,1.530
trio-double-dps,5,1,pack,180,200,1.000,0.000,0.000,0.881,6.2,0.00,0.119,1.000,1.469
trio-double-dps,5,1,pack,300,200,1.000,0.000,0.000,0.876,6.2,0.00,0.124,1.000,1.467
trio-double-dps,5,1,boss,180,200,1.000,0.000,0.000,0.829,12.1,0.00,0.171,1.000,1.443
trio-double-dps,5,1,boss,300,200,1.000,0.000,0.000,0.830,12.2,0.00,0.170,1.000,1.443
trio-double-dps,5,2,solo,180,200,1.000,0.000,0.000,0.948,2.2,0.00,0.052,1.000,1.503
trio-double-dps,5,2,solo,300,200,1.000,0.000,0.000,0.948,2.2,0.00,0.052,1.000,1.504
trio-double-dps,5,2,pack,180,200,1.000,0.000,0.000,0.600,11.8,0.00,0.400,1.000,1.326
trio-double-dps,5,2,pack,300,200,1.000,0.000,0.000,0.598,11.8,0.00,0.402,1.000,1.325
trio-double-dps,5,2,boss,180,200,1.000,0.000,0.000,0.387,22.9,1.09,0.613,0.818,1.218
trio-double-dps,5,2,boss,300,200,1.000,0.000,0.000,0.390,22.8,1.08,0.610,0.820,1.219
trio-double-dps,5,3,solo,180,200,1.000,0.000,0.000,0.734,6.3,0.00,0.266,1.000,1.394
trio-double-dps,5,3,solo,300,200,1.000,0.000,0.000,0.739,6.3,0.00,0.261,1.000,1.397
trio-double-dps,5,3,pack,180,200,0.000,0.000,1.000,—,—,3.00,1.000,0.464,0.000
trio-double-dps,5,3,pack,300,200,0.000,0.000,1.000,—,—,3.00,1.000,0.466,0.000
trio-double-dps,5,3,boss,180,200,0.000,0.000,1.000,—,—,3.00,1.000,0.518,0.000
trio-double-dps,5,3,boss,300,200,0.000,0.000,1.000,—,—,3.00,1.000,0.521,0.000
trio-double-dps,5,4,solo,180,200,0.795,0.000,0.205,0.176,16.2,1.96,0.860,0.548,0.882
trio-double-dps,5,4,solo,300,200,0.715,0.000,0.285,0.158,16.5,2.15,0.887,0.517,0.787
trio-double-dps,5,4,pack,180,200,0.000,0.000,1.000,—,—,3.00,1.000,0.435,0.000
trio-double-dps,5,4,pack,300,200,0.000,0.000,1.000,—,—,3.00,1.000,0.435,0.000
trio-double-dps,5,4,boss,180,200,0.000,0.000,1.000,—,—,3.00,1.000,0.512,0.000
trio-double-dps,5,4,boss,300,200,0.000,0.000,1.000,—,—,3.00,1.000,0.509,0.000
trio-double-dps,5,5,solo,180,200,0.000,0.000,1.000,—,—,3.00,1.000,0.500,0.000
trio-double-dps,5,5,solo,300,200,0.000,0.000,1.000,—,—,3.00,1.000,0.496,0.000
trio-double-dps,5,5,pack,180,200,0.000,0.000,1.000,—,—,3.00,1.000,0.498,0.000
trio-double-dps,5,5,pack,300,200,0.000,0.000,1.000,—,—,3.00,1.000,0.492,0.000
trio-double-dps,5,5,boss,180,200,0.000,0.000,1.000,—,—,3.00,1.000,0.281,0.000
trio-double-dps,5,5,boss,300,200,0.000,0.000,1.000,—,—,3.00,1.000,0.274,0.000
trio-double-dps,5,6,solo,180,200,0.000,0.000,1.000,—,—,3.00,1.000,0.349,0.000
trio-double-dps,5,6,solo,300,200,0.000,0.000,1.000,—,—,3.00,1.000,0.341,0.000
trio-double-dps,5,6,pack,180,200,0.000,0.000,1.000,—,—,3.00,1.000,0.351,0.000
trio-double-dps,5,6,pack,300,200,0.000,0.000,1.000,—,—,3.00,1.000,0.340,0.000
trio-double-dps,5,6,boss,180,200,0.000,0.000,1.000,—,—,3.00,1.000,0.352,0.000
trio-double-dps,5,6,boss,300,200,0.000,0.000,1.000,—,—,3.00,1.000,0.342,0.000
trio-double-dps,5,7,solo,180,200,0.000,0.000,1.000,—,—,3.00,1.000,0.325,0.000
trio-double-dps,5,7,solo,300,200,0.000,0.000,1.000,—,—,3.00,1.000,0.326,0.000
trio-double-dps,5,7,pack,180,200,0.000,0.000,1.000,—,—,3.00,1.000,0.328,0.000
trio-double-dps,5,7,pack,300,200,0.000,0.000,1.000,—,—,3.00,1.000,0.323,0.000
trio-double-dps,5,7,boss,180,200,0.000,0.000,1.000,—,—,3.00,1.000,0.326,0.000
trio-double-dps,5,7,boss,300,200,0.000,0.000,1.000,—,—,3.00,1.000,0.332,0.000
trio-double-dps,5,8,solo,180,200,0.000,0.000,1.000,—,—,3.00,1.000,0.328,0.000
trio-double-dps,5,8,solo,300,200,0.000,0.000,1.000,—,—,3.00,1.000,0.328,0.000
trio-double-dps,5,8,pack,180,200,0.000,0.000,1.000,—,—,3.00,1.000,0.329,0.000
trio-double-dps,5,8,pack,300,200,0.000,0.000,1.000,—,—,3.00,1.000,0.334,0.000
trio-double-dps,5,8,boss,180,200,0.000,0.000,1.000,—,—,3.00,1.000,0.329,0.000
trio-double-dps,5,8,boss,300,200,0.000,0.000,1.000,—,—,3.00,1.000,0.328,0.000
trio-double-dps,10,1,solo,180,200,1.000,0.000,0.000,1.000,0.0,0.00,0.000,—,1.560
trio-double-dps,10,1,solo,300,200,1.000,0.000,0.000,1.000,0.0,0.00,0.000,—,1.560
trio-double-dps,10,1,pack,180,200,1.000,0.000,0.000,0.939,3.4,0.00,0.061,1.000,1.528
trio-double-dps,10,1,pack,300,200,1.000,0.000,0.000,0.939,3.4,0.00,0.061,1.000,1.528
trio-double-dps,10,1,boss,180,200,1.000,0.000,0.000,0.932,6.3,0.00,0.068,1.000,1.525
trio-double-dps,10,1,boss,300,200,1.000,0.000,0.000,0.930,6.4,0.00,0.070,1.000,1.523
trio-double-dps,10,2,solo,180,200,1.000,0.000,0.000,0.969,1.5,0.00,0.031,1.000,1.544
trio-double-dps,10,2,solo,300,200,1.000,0.000,0.000,0.970,1.4,0.00,0.030,1.000,1.545
trio-double-dps,10,2,pack,180,200,1.000,0.000,0.000,0.807,6.4,0.00,0.193,1.000,1.459
trio-double-dps,10,2,pack,300,200,1.000,0.000,0.000,0.804,6.4,0.00,0.196,1.000,1.458
trio-double-dps,10,2,boss,180,200,1.000,0.000,0.000,0.737,12.6,0.00,0.263,1.000,1.423
trio-double-dps,10,2,boss,300,200,1.000,0.000,0.000,0.737,12.6,0.00,0.263,1.000,1.423
trio-double-dps,10,3,solo,180,200,1.000,0.000,0.000,0.872,3.4,0.00,0.128,1.000,1.493
trio-double-dps,10,3,solo,300,200,1.000,0.000,0.000,0.874,3.3,0.00,0.126,1.000,1.494
trio-double-dps,10,3,pack,180,200,1.000,0.000,0.000,0.358,12.3,1.05,0.642,0.789,1.226
trio-double-dps,10,3,pack,300,200,1.000,0.000,0.000,0.356,12.3,1.04,0.644,0.787,1.225
trio-double-dps,10,3,boss,180,200,0.190,0.000,0.810,0.065,26.3,2.79,0.988,0.562,0.204
trio-double-dps,10,3,boss,300,200,0.200,0.000,0.800,0.056,26.3,2.77,0.989,0.569,0.214
trio-double-dps,10,4,solo,180,200,1.000,0.000,0.000,0.656,7.0,0.00,0.344,1.000,1.381
trio-double-dps,10,4,solo,300,200,1.000,0.000,0.000,0.647,7.1,0.00,0.353,1.000,1.376
trio-double-dps,10,4,pack,180,200,0.000,0.000,1.000,—,—,3.00,1.000,0.515,0.000
trio-double-dps,10,4,pack,300,200,0.000,0.000,1.000,—,—,3.00,1.000,0.518,0.000
trio-double-dps,10,4,boss,180,200,0.000,0.000,1.000,—,—,3.00,1.000,0.507,0.000
trio-double-dps,10,4,boss,300,200,0.000,0.000,1.000,—,—,3.00,1.000,0.509,0.000
trio-double-dps,10,5,solo,180,200,0.000,0.000,1.000,—,—,3.00,1.000,0.599,0.000
trio-double-dps,10,5,solo,300,200,0.000,0.000,1.000,—,—,3.00,1.000,0.599,0.000
trio-double-dps,10,5,pack,180,200,0.000,0.000,1.000,—,—,3.00,1.000,0.600,0.000
trio-double-dps,10,5,pack,300,200,0.000,0.000,1.000,—,—,3.00,1.000,0.593,0.000
trio-double-dps,10,5,boss,180,200,0.000,0.000,1.000,—,—,3.00,1.000,0.373,0.000
trio-double-dps,10,5,boss,300,200,0.000,0.000,1.000,—,—,3.00,1.000,0.382,0.000
trio-double-dps,10,6,solo,180,200,0.000,0.000,1.000,—,—,3.00,1.000,0.499,0.000
trio-double-dps,10,6,solo,300,200,0.000,0.000,1.000,—,—,3.00,1.000,0.492,0.000
trio-double-dps,10,6,pack,180,200,0.000,0.000,1.000,—,—,3.00,1.000,0.490,0.000
trio-double-dps,10,6,pack,300,200,0.000,0.000,1.000,—,—,3.00,1.000,0.496,0.000
trio-double-dps,10,6,boss,180,200,0.000,0.000,1.000,—,—,3.00,1.000,0.351,0.000
trio-double-dps,10,6,boss,300,200,0.000,0.000,1.000,—,—,3.00,1.000,0.357,0.000
trio-double-dps,10,7,solo,180,200,0.000,0.000,1.000,—,—,3.00,1.000,0.354,0.000
trio-double-dps,10,7,solo,300,200,0.000,0.000,1.000,—,—,3.00,1.000,0.352,0.000
trio-double-dps,10,7,pack,180,200,0.000,0.000,1.000,—,—,3.00,1.000,0.356,0.000
trio-double-dps,10,7,pack,300,200,0.000,0.000,1.000,—,—,3.00,1.000,0.344,0.000
trio-double-dps,10,7,boss,180,200,0.000,0.000,1.000,—,—,3.00,1.000,0.329,0.000
trio-double-dps,10,7,boss,300,200,0.000,0.000,1.000,—,—,3.00,1.000,0.326,0.000
trio-double-dps,10,8,solo,180,200,0.000,0.000,1.000,—,—,3.00,1.000,0.327,0.000
trio-double-dps,10,8,solo,300,200,0.000,0.000,1.000,—,—,3.00,1.000,0.328,0.000
trio-double-dps,10,8,pack,180,200,0.000,0.000,1.000,—,—,3.00,1.000,0.324,0.000
trio-double-dps,10,8,pack,300,200,0.000,0.000,1.000,—,—,3.00,1.000,0.325,0.000
trio-double-dps,10,8,boss,180,200,0.000,0.000,1.000,—,—,3.00,1.000,0.330,0.000
trio-double-dps,10,8,boss,300,200,0.000,0.000,1.000,—,—,3.00,1.000,0.329,0.000
trio-double-dps,20,1,solo,180,200,1.000,0.000,0.000,1.000,0.0,0.00,0.000,—,1.620
trio-double-dps,20,1,solo,300,200,1.000,0.000,0.000,1.000,0.0,0.00,0.000,—,1.620
trio-double-dps,20,1,pack,180,200,1.000,0.000,0.000,0.989,1.4,0.00,0.011,1.000,1.614
trio-double-dps,20,1,pack,300,200,1.000,0.000,0.000,0.989,1.4,0.00,0.011,1.000,1.614
trio-double-dps,20,1,boss,180,200,1.000,0.000,0.000,0.982,2.8,0.00,0.018,1.000,1.611
trio-double-dps,20,1,boss,300,200,1.000,0.000,0.000,0.983,2.8,0.00,0.017,1.000,1.611
trio-double-dps,20,2,solo,180,200,1.000,0.000,0.000,1.000,0.0,0.00,0.000,—,1.620
trio-double-dps,20,2,solo,300,200,1.000,0.000,0.000,1.000,0.0,0.00,0.000,—,1.620
trio-double-dps,20,2,pack,180,200,1.000,0.000,0.000,0.959,2.8,0.00,0.041,1.000,1.598
trio-double-dps,20,2,pack,300,200,1.000,0.000,0.000,0.959,2.8,0.00,0.041,1.000,1.598
trio-double-dps,20,2,boss,180,200,1.000,0.000,0.000,0.940,5.5,0.00,0.060,1.000,1.588
trio-double-dps,20,2,boss,300,200,1.000,0.000,0.000,0.941,5.5,0.00,0.059,1.000,1.588
trio-double-dps,20,3,solo,180,200,1.000,0.000,0.000,0.965,1.3,0.00,0.035,1.000,1.601
trio-double-dps,20,3,solo,300,200,1.000,0.000,0.000,0.964,1.3,0.00,0.036,1.000,1.600
trio-double-dps,20,3,pack,180,200,1.000,0.000,0.000,0.834,5.7,0.00,0.166,1.000,1.530
trio-double-dps,20,3,pack,300,200,1.000,0.000,0.000,0.834,5.7,0.00,0.166,1.000,1.531
trio-double-dps,20,3,boss,180,200,1.000,0.000,0.000,0.769,11.3,0.00,0.231,1.000,1.495
trio-double-dps,20,3,boss,300,200,1.000,0.000,0.000,0.764,11.4,0.00,0.236,1.000,1.493
trio-double-dps,20,4,solo,180,200,1.000,0.000,0.000,0.934,2.8,0.00,0.066,1.000,1.584
trio-double-dps,20,4,solo,300,200,1.000,0.000,0.000,0.934,2.8,0.00,0.066,1.000,1.584
trio-double-dps,20,4,pack,180,200,1.000,0.000,0.000,0.466,11.6,0.70,0.534,0.933,1.332
trio-double-dps,20,4,pack,300,200,1.000,0.000,0.000,0.467,11.7,0.66,0.533,0.932,1.332
trio-double-dps,20,4,boss,180,200,0.355,0.000,0.645,0.196,23.8,2.48,0.930,0.642,0.421
trio-double-dps,20,4,boss,300,200,0.320,0.000,0.680,0.205,23.8,2.50,0.934,0.647,0.381
trio-double-dps,20,5,solo,180,200,1.000,0.000,0.000,0.665,7.5,0.00,0.335,1.000,1.439
trio-double-dps,20,5,solo,300,200,1.000,0.000,0.000,0.655,7.6,0.00,0.345,1.000,1.434
trio-double-dps,20,5,pack,180,200,0.000,0.000,1.000,—,—,3.00,1.000,0.532,0.000
trio-double-dps,20,5,pack,300,200,0.000,0.000,1.000,—,—,3.00,1.000,0.528,0.000
trio-double-dps,20,5,boss,180,200,0.000,0.000,1.000,—,—,3.00,1.000,0.572,0.000
trio-double-dps,20,5,boss,300,200,0.000,0.000,1.000,—,—,3.00,1.000,0.562,0.000
trio-double-dps,20,6,solo,180,200,0.000,0.000,1.000,—,—,3.00,1.000,0.598,0.000
trio-double-dps,20,6,solo,300,200,0.000,0.000,1.000,—,—,3.00,1.000,0.599,0.000
trio-double-dps,20,6,pack,180,200,0.000,0.000,1.000,—,—,3.00,1.000,0.599,0.000
trio-double-dps,20,6,pack,300,200,0.000,0.000,1.000,—,—,3.00,1.000,0.601,0.000
trio-double-dps,20,6,boss,180,200,0.000,0.000,1.000,—,—,3.00,1.000,0.402,0.000
trio-double-dps,20,6,boss,300,200,0.000,0.000,1.000,—,—,3.00,1.000,0.398,0.000
trio-double-dps,20,7,solo,180,200,0.000,0.000,1.000,—,—,3.00,1.000,0.497,0.000
trio-double-dps,20,7,solo,300,200,0.000,0.000,1.000,—,—,3.00,1.000,0.500,0.000
trio-double-dps,20,7,pack,180,200,0.000,0.000,1.000,—,—,3.00,1.000,0.493,0.000
trio-double-dps,20,7,pack,300,200,0.000,0.000,1.000,—,—,3.00,1.000,0.498,0.000
trio-double-dps,20,7,boss,180,200,0.000,0.000,1.000,—,—,3.00,1.000,0.380,0.000
trio-double-dps,20,7,boss,300,200,0.000,0.000,1.000,—,—,3.00,1.000,0.376,0.000
trio-double-dps,20,8,solo,180,200,0.000,0.000,1.000,—,—,3.00,1.000,0.360,0.000
trio-double-dps,20,8,solo,300,200,0.000,0.000,1.000,—,—,3.00,1.000,0.364,0.000
trio-double-dps,20,8,pack,180,200,0.000,0.000,1.000,—,—,3.00,1.000,0.374,0.000
trio-double-dps,20,8,pack,300,200,0.000,0.000,1.000,—,—,3.00,1.000,0.369,0.000
trio-double-dps,20,8,boss,180,200,0.000,0.000,1.000,—,—,3.00,1.000,0.337,0.000
trio-double-dps,20,8,boss,300,200,0.000,0.000,1.000,—,—,3.00,1.000,0.326,0.000
trio-double-dps,35,1,solo,180,200,1.000,0.000,0.000,1.000,0.0,0.00,0.000,—,1.710
trio-double-dps,35,1,solo,300,200,1.000,0.000,0.000,1.000,0.0,0.00,0.000,—,1.710
trio-double-dps,35,1,pack,180,200,1.000,0.000,0.000,1.000,0.0,0.00,0.000,—,1.710
trio-double-dps,35,1,pack,300,200,1.000,0.000,0.000,1.000,0.0,0.00,0.000,—,1.710
trio-double-dps,35,1,boss,180,200,1.000,0.000,0.000,0.991,1.7,0.00,0.009,1.000,1.705
trio-double-dps,35,1,boss,300,200,1.000,0.000,0.000,0.991,1.7,0.00,0.009,1.000,1.705
trio-double-dps,35,2,solo,180,200,1.000,0.000,0.000,1.000,0.0,0.00,0.000,—,1.710
trio-double-dps,35,2,solo,300,200,1.000,0.000,0.000,1.000,0.0,0.00,0.000,—,1.710
trio-double-dps,35,2,pack,180,200,1.000,0.000,0.000,0.980,1.9,0.00,0.020,1.000,1.699
trio-double-dps,35,2,pack,300,200,1.000,0.000,0.000,0.980,1.9,0.00,0.020,1.000,1.698
trio-double-dps,35,2,boss,180,200,1.000,0.000,0.000,0.980,2.6,0.00,0.020,1.000,1.698
trio-double-dps,35,2,boss,300,200,1.000,0.000,0.000,0.980,2.6,0.00,0.020,1.000,1.699
trio-double-dps,35,3,solo,180,200,1.000,0.000,0.000,1.000,0.0,0.00,0.000,—,1.710
trio-double-dps,35,3,solo,300,200,1.000,0.000,0.000,1.000,0.0,0.00,0.000,—,1.710
trio-double-dps,35,3,pack,180,200,1.000,0.000,0.000,0.945,3.2,0.00,0.055,1.000,1.679
trio-double-dps,35,3,pack,300,200,1.000,0.000,0.000,0.946,3.2,0.00,0.054,1.000,1.679
trio-double-dps,35,3,boss,180,200,1.000,0.000,0.000,0.943,5.7,0.00,0.057,1.000,1.677
trio-double-dps,35,3,boss,300,200,1.000,0.000,0.000,0.943,5.7,0.00,0.057,1.000,1.678
trio-double-dps,35,4,solo,180,200,1.000,0.000,0.000,0.965,1.2,0.00,0.035,1.000,1.690
trio-double-dps,35,4,solo,300,200,1.000,0.000,0.000,0.963,1.2,0.00,0.037,1.000,1.689
trio-double-dps,35,4,pack,180,200,1.000,0.000,0.000,0.821,5.9,0.00,0.179,1.000,1.608
trio-double-dps,35,4,pack,300,200,1.000,0.000,0.000,0.822,5.9,0.00,0.178,1.000,1.608
trio-double-dps,35,4,boss,180,200,1.000,0.000,0.000,0.768,11.3,0.00,0.232,1.000,1.578
trio-double-dps,35,4,boss,300,200,1.000,0.000,0.000,0.771,11.4,0.00,0.229,1.000,1.579
trio-double-dps,35,5,solo,180,200,1.000,0.000,0.000,0.876,3.6,0.00,0.124,1.000,1.640
trio-double-dps,35,5,solo,300,200,1.000,0.000,0.000,0.878,3.6,0.00,0.122,1.000,1.641
trio-double-dps,35,5,pack,180,200,0.750,0.000,0.250,0.312,13.2,1.83,0.766,0.779,0.988
trio-double-dps,35,5,pack,300,200,0.760,0.000,0.240,0.292,13.6,1.88,0.778,0.773,0.993
trio-double-dps,35,5,boss,180,200,0.060,0.000,0.940,0.146,26.4,2.94,0.991,0.631,0.073
trio-double-dps,35,5,boss,300,200,0.030,0.000,0.970,0.201,25.5,2.96,0.994,0.630,0.038
trio-double-dps,35,6,solo,180,200,1.000,0.000,0.000,0.565,9.2,0.23,0.435,1.000,1.462
trio-double-dps,35,6,solo,300,200,1.000,0.000,0.000,0.571,9.2,0.20,0.429,1.000,1.465
trio-double-dps,35,6,pack,180,200,0.000,0.000,1.000,—,—,3.00,1.000,0.549,0.000
trio-double-dps,35,6,pack,300,200,0.000,0.000,1.000,—,—,3.00,1.000,0.550,0.000
trio-double-dps,35,6,boss,180,200,0.000,0.000,1.000,—,—,3.00,1.000,0.570,0.000
trio-double-dps,35,6,boss,300,200,0.000,0.000,1.000,—,—,3.00,1.000,0.570,0.000
trio-double-dps,35,7,solo,180,200,0.000,0.000,1.000,—,—,3.00,1.000,0.548,0.000
trio-double-dps,35,7,solo,300,200,0.000,0.000,1.000,—,—,3.00,1.000,0.557,0.000
trio-double-dps,35,7,pack,180,200,0.000,0.000,1.000,—,—,3.00,1.000,0.551,0.000
trio-double-dps,35,7,pack,300,200,0.000,0.000,1.000,—,—,3.00,1.000,0.545,0.000
trio-double-dps,35,7,boss,180,200,0.000,0.000,1.000,—,—,3.00,1.000,0.570,0.000
trio-double-dps,35,7,boss,300,200,0.000,0.000,1.000,—,—,3.00,1.000,0.569,0.000
trio-double-dps,35,8,solo,180,200,0.000,0.000,1.000,—,—,3.00,1.000,0.504,0.000
trio-double-dps,35,8,solo,300,200,0.000,0.000,1.000,—,—,3.00,1.000,0.501,0.000
trio-double-dps,35,8,pack,180,200,0.000,0.000,1.000,—,—,3.00,1.000,0.506,0.000
trio-double-dps,35,8,pack,300,200,0.000,0.000,1.000,—,—,3.00,1.000,0.504,0.000
trio-double-dps,35,8,boss,180,200,0.000,0.000,1.000,—,—,3.00,1.000,0.384,0.000
trio-double-dps,35,8,boss,300,200,0.000,0.000,1.000,—,—,3.00,1.000,0.396,0.000
trio-double-dps,50,1,solo,180,200,1.000,0.000,0.000,1.000,0.0,0.00,0.000,—,1.800
trio-double-dps,50,1,solo,300,200,1.000,0.000,0.000,1.000,0.0,0.00,0.000,—,1.800
trio-double-dps,50,1,pack,180,200,1.000,0.000,0.000,1.000,0.0,0.00,0.000,—,1.800
trio-double-dps,50,1,pack,300,200,1.000,0.000,0.000,1.000,0.0,0.00,0.000,—,1.800
trio-double-dps,50,1,boss,180,200,1.000,0.000,0.000,0.995,1.0,0.00,0.005,1.000,1.797
trio-double-dps,50,1,boss,300,200,1.000,0.000,0.000,0.995,1.0,0.00,0.005,1.000,1.797
trio-double-dps,50,2,solo,180,200,1.000,0.000,0.000,1.000,0.0,0.00,0.000,—,1.800
trio-double-dps,50,2,solo,300,200,1.000,0.000,0.000,1.000,0.0,0.00,0.000,—,1.800
trio-double-dps,50,2,pack,180,200,1.000,0.000,0.000,0.993,1.0,0.00,0.007,1.000,1.796
trio-double-dps,50,2,pack,300,200,1.000,0.000,0.000,0.993,1.0,0.00,0.007,1.000,1.796
trio-double-dps,50,2,boss,180,200,1.000,0.000,0.000,0.990,1.8,0.00,0.010,1.000,1.794
trio-double-dps,50,2,boss,300,200,1.000,0.000,0.000,0.990,1.9,0.00,0.010,1.000,1.794
trio-double-dps,50,3,solo,180,200,1.000,0.000,0.000,1.000,0.0,0.00,0.000,—,1.800
trio-double-dps,50,3,solo,300,200,1.000,0.000,0.000,1.000,0.0,0.00,0.000,—,1.800
trio-double-dps,50,3,pack,180,200,1.000,0.000,0.000,0.979,1.6,0.00,0.021,1.000,1.787
trio-double-dps,50,3,pack,300,200,1.000,0.000,0.000,0.980,1.6,0.00,0.020,1.000,1.788
trio-double-dps,50,3,boss,180,200,1.000,0.000,0.000,0.966,3.2,0.00,0.034,1.000,1.779
trio-double-dps,50,3,boss,300,200,1.000,0.000,0.000,0.964,3.2,0.00,0.036,1.000,1.778
trio-double-dps,50,4,solo,180,200,1.000,0.000,0.000,0.988,0.6,0.00,0.012,1.000,1.793
trio-double-dps,50,4,solo,300,200,1.000,0.000,0.000,0.989,0.5,0.00,0.011,1.000,1.794
trio-double-dps,50,4,pack,180,200,1.000,0.000,0.000,0.924,3.8,0.00,0.076,1.000,1.754
trio-double-dps,50,4,pack,300,200,1.000,0.000,0.000,0.925,3.8,0.00,0.075,1.000,1.755
trio-double-dps,50,4,boss,180,200,1.000,0.000,0.000,0.896,7.1,0.00,0.104,1.000,1.738
trio-double-dps,50,4,boss,300,200,1.000,0.000,0.000,0.897,7.1,0.00,0.103,1.000,1.738
trio-double-dps,50,5,solo,180,200,1.000,0.000,0.000,0.962,2.0,0.00,0.038,1.000,1.777
trio-double-dps,50,5,solo,300,200,1.000,0.000,0.000,0.961,2.0,0.00,0.039,1.000,1.777
trio-double-dps,50,5,pack,180,200,1.000,0.000,0.000,0.770,7.9,0.00,0.230,1.000,1.662
trio-double-dps,50,5,pack,300,200,1.000,0.000,0.000,0.771,7.9,0.00,0.229,1.000,1.663
trio-double-dps,50,5,boss,180,200,1.000,0.000,0.000,0.656,15.1,0.00,0.344,1.000,1.594
trio-double-dps,50,5,boss,300,200,1.000,0.000,0.000,0.663,15.1,0.00,0.337,1.000,1.598
trio-double-dps,50,6,solo,180,200,1.000,0.000,0.000,0.847,5.7,0.00,0.153,1.000,1.708
trio-double-dps,50,6,solo,300,200,1.000,0.000,0.000,0.852,5.7,0.00,0.148,1.000,1.711
trio-double-dps,50,6,pack,180,200,0.005,0.000,0.995,0.076,18.8,3.00,1.000,0.635,0.006
trio-double-dps,50,6,pack,300,200,0.000,0.000,1.000,—,—,3.00,1.000,0.636,0.000
trio-double-dps,50,6,boss,180,200,0.000,0.000,1.000,—,—,3.00,1.000,0.766,0.000
trio-double-dps,50,6,boss,300,200,0.000,0.000,1.000,—,—,3.00,1.000,0.763,0.000
trio-double-dps,50,7,solo,180,200,0.620,0.000,0.380,0.415,15.6,1.96,0.742,0.815,0.899
trio-double-dps,50,7,solo,300,200,0.575,0.000,0.425,0.417,15.5,2.03,0.760,0.807,0.834
trio-double-dps,50,7,pack,180,200,0.000,0.000,1.000,—,—,3.00,1.000,0.691,0.000
trio-double-dps,50,7,pack,300,200,0.000,0.000,1.000,—,—,3.00,1.000,0.695,0.000
trio-double-dps,50,7,boss,180,200,0.000,0.000,1.000,—,—,3.00,1.000,0.572,0.000
trio-double-dps,50,7,boss,300,200,0.000,0.000,1.000,—,—,3.00,1.000,0.566,0.000
trio-double-dps,50,8,solo,180,200,0.000,0.000,1.000,—,—,3.00,1.000,0.571,0.000
trio-double-dps,50,8,solo,300,200,0.000,0.000,1.000,—,—,3.00,1.000,0.576,0.000
trio-double-dps,50,8,pack,180,200,0.000,0.000,1.000,—,—,3.00,1.000,0.568,0.000
trio-double-dps,50,8,pack,300,200,0.000,0.000,1.000,—,—,3.00,1.000,0.574,0.000
trio-double-dps,50,8,boss,180,200,0.000,0.000,1.000,—,—,3.00,1.000,0.551,0.000
trio-double-dps,50,8,boss,300,200,0.000,0.000,1.000,—,—,3.00,1.000,0.545,0.000
trio-no-tank,1,1,solo,180,200,1.000,0.000,0.000,0.951,2.7,0.00,0.049,—,1.481
trio-no-tank,1,1,solo,300,200,1.000,0.000,0.000,0.949,2.7,0.00,0.051,—,1.481
trio-no-tank,1,1,pack,180,200,1.000,0.000,0.000,0.973,13.7,0.00,0.027,—,1.492
trio-no-tank,1,1,pack,300,200,1.000,0.000,0.000,0.969,13.7,0.00,0.031,—,1.491
trio-no-tank,1,1,boss,180,200,1.000,0.000,0.000,0.967,29.1,0.00,0.033,—,1.489
trio-no-tank,1,1,boss,300,200,1.000,0.000,0.000,0.977,29.3,0.00,0.023,—,1.494
trio-no-tank,1,2,solo,180,200,1.000,0.000,0.000,0.984,7.5,0.00,0.016,—,1.498
trio-no-tank,1,2,solo,300,200,1.000,0.000,0.000,0.986,7.6,0.00,0.014,—,1.499
trio-no-tank,1,2,pack,180,200,0.000,0.000,1.000,—,—,3.00,1.000,—,0.000
trio-no-tank,1,2,pack,300,200,0.000,0.000,1.000,—,—,3.00,1.000,—,0.000
trio-no-tank,1,2,boss,180,200,0.000,0.000,1.000,—,—,3.00,1.000,—,0.000
trio-no-tank,1,2,boss,300,200,0.000,0.000,1.000,—,—,3.00,1.000,—,0.000
trio-no-tank,1,3,solo,180,200,0.095,0.000,0.905,0.684,18.1,2.81,0.935,—,0.128
trio-no-tank,1,3,solo,300,200,0.115,0.000,0.885,0.586,20.4,2.79,0.933,—,0.149
trio-no-tank,1,3,pack,180,200,0.000,0.000,1.000,—,—,3.00,1.000,—,0.000
trio-no-tank,1,3,pack,300,200,0.000,0.000,1.000,—,—,3.00,1.000,—,0.000
trio-no-tank,1,3,boss,180,200,0.000,0.000,1.000,—,—,3.00,1.000,—,0.000
trio-no-tank,1,3,boss,300,200,0.000,0.000,1.000,—,—,3.00,1.000,—,0.000
trio-no-tank,1,4,solo,180,200,0.000,0.000,1.000,—,—,3.00,1.000,—,0.000
trio-no-tank,1,4,solo,300,200,0.000,0.000,1.000,—,—,3.00,1.000,—,0.000
trio-no-tank,1,4,pack,180,200,0.000,0.000,1.000,—,—,3.00,1.000,—,0.000
trio-no-tank,1,4,pack,300,200,0.000,0.000,1.000,—,—,3.00,1.000,—,0.000
trio-no-tank,1,4,boss,180,200,0.000,0.000,1.000,—,—,3.00,1.000,—,0.000
trio-no-tank,1,4,boss,300,200,0.000,0.000,1.000,—,—,3.00,1.000,—,0.000
trio-no-tank,1,5,solo,180,200,0.000,0.000,1.000,—,—,3.00,1.000,—,0.000
trio-no-tank,1,5,solo,300,200,0.000,0.000,1.000,—,—,3.00,1.000,—,0.000
trio-no-tank,1,5,pack,180,200,0.000,0.000,1.000,—,—,3.00,1.000,—,0.000
trio-no-tank,1,5,pack,300,200,0.000,0.000,1.000,—,—,3.00,1.000,—,0.000
trio-no-tank,1,5,boss,180,200,0.000,0.000,1.000,—,—,3.00,1.000,—,0.000
trio-no-tank,1,5,boss,300,200,0.000,0.000,1.000,—,—,3.00,1.000,—,0.000
trio-no-tank,1,6,solo,180,200,0.000,0.000,1.000,—,—,3.00,1.000,—,0.000
trio-no-tank,1,6,solo,300,200,0.000,0.000,1.000,—,—,3.00,1.000,—,0.000
trio-no-tank,1,6,pack,180,200,0.000,0.000,1.000,—,—,3.00,1.000,—,0.000
trio-no-tank,1,6,pack,300,200,0.000,0.000,1.000,—,—,3.00,1.000,—,0.000
trio-no-tank,1,6,boss,180,200,0.000,0.000,1.000,—,—,3.00,1.000,—,0.000
trio-no-tank,1,6,boss,300,200,0.000,0.000,1.000,—,—,3.00,1.000,—,0.000
trio-no-tank,1,7,solo,180,200,0.000,0.000,1.000,—,—,3.00,1.000,—,0.000
trio-no-tank,1,7,solo,300,200,0.000,0.000,1.000,—,—,3.00,1.000,—,0.000
trio-no-tank,1,7,pack,180,200,0.000,0.000,1.000,—,—,3.00,1.000,—,0.000
trio-no-tank,1,7,pack,300,200,0.000,0.000,1.000,—,—,3.00,1.000,—,0.000
trio-no-tank,1,7,boss,180,200,0.000,0.000,1.000,—,—,3.00,1.000,—,0.000
trio-no-tank,1,7,boss,300,200,0.000,0.000,1.000,—,—,3.00,1.000,—,0.000
trio-no-tank,1,8,solo,180,200,0.000,0.000,1.000,—,—,3.00,1.000,—,0.000
trio-no-tank,1,8,solo,300,200,0.000,0.000,1.000,—,—,3.00,1.000,—,0.000
trio-no-tank,1,8,pack,180,200,0.000,0.000,1.000,—,—,3.00,1.000,—,0.000
trio-no-tank,1,8,pack,300,200,0.000,0.000,1.000,—,—,3.00,1.000,—,0.000
trio-no-tank,1,8,boss,180,200,0.000,0.000,1.000,—,—,3.00,1.000,—,0.000
trio-no-tank,1,8,boss,300,200,0.000,0.000,1.000,—,—,3.00,1.000,—,0.000
trio-no-tank,5,1,solo,180,200,1.000,0.000,0.000,1.000,0.0,0.00,0.000,—,1.530
trio-no-tank,5,1,solo,300,200,1.000,0.000,0.000,1.000,0.0,0.00,0.000,—,1.530
trio-no-tank,5,1,pack,180,200,1.000,0.000,0.000,0.956,6.3,0.00,0.044,—,1.507
trio-no-tank,5,1,pack,300,200,1.000,0.000,0.000,0.959,6.3,0.00,0.041,—,1.509
trio-no-tank,5,1,boss,180,200,1.000,0.000,0.000,0.978,12.2,0.00,0.022,—,1.519
trio-no-tank,5,1,boss,300,200,1.000,0.000,0.000,0.974,12.2,0.00,0.026,—,1.517
trio-no-tank,5,2,solo,180,200,1.000,0.000,0.000,0.931,2.2,0.00,0.069,—,1.495
trio-no-tank,5,2,solo,300,200,1.000,0.000,0.000,0.930,2.2,0.00,0.070,—,1.494
trio-no-tank,5,2,pack,180,200,1.000,0.000,0.000,0.715,18.9,0.74,0.285,—,1.385
trio-no-tank,5,2,pack,300,200,1.000,0.000,0.000,0.725,18.7,0.71,0.275,—,1.390
trio-no-tank,5,2,boss,180,200,1.000,0.000,0.000,0.883,24.7,0.00,0.117,—,1.470
trio-no-tank,5,2,boss,300,200,1.000,0.000,0.000,0.890,24.8,0.01,0.110,—,1.474
trio-no-tank,5,3,solo,180,200,1.000,0.000,0.000,0.800,6.5,0.00,0.200,—,1.428
trio-no-tank,5,3,solo,300,200,1.000,0.000,0.000,0.808,6.5,0.00,0.192,—,1.432
trio-no-tank,5,3,pack,180,200,0.000,0.000,1.000,—,—,3.00,1.000,—,0.000
trio-no-tank,5,3,pack,300,200,0.000,0.000,1.000,—,—,3.00,1.000,—,0.000
trio-no-tank,5,3,boss,180,200,0.000,0.000,1.000,—,—,3.00,1.000,—,0.000
trio-no-tank,5,3,boss,300,200,0.000,0.000,1.000,—,—,3.00,1.000,—,0.000
trio-no-tank,5,4,solo,180,200,0.030,0.000,0.970,0.522,18.8,2.95,0.984,—,0.039
trio-no-tank,5,4,solo,300,200,0.075,0.000,0.925,0.494,18.6,2.88,0.963,—,0.095
trio-no-tank,5,4,pack,180,200,0.000,0.000,1.000,—,—,3.00,1.000,—,0.000
trio-no-tank,5,4,pack,300,200,0.000,0.000,1.000,—,—,3.00,1.000,—,0.000
trio-no-tank,5,4,boss,180,200,0.000,0.000,1.000,—,—,3.00,1.000,—,0.000
trio-no-tank,5,4,boss,300,200,0.000,0.000,1.000,—,—,3.00,1.000,—,0.000
trio-no-tank,5,5,solo,180,200,0.000,0.000,1.000,—,—,3.00,1.000,—,0.000
trio-no-tank,5,5,solo,300,200,0.000,0.000,1.000,—,—,3.00,1.000,—,0.000
trio-no-tank,5,5,pack,180,200,0.000,0.000,1.000,—,—,3.00,1.000,—,0.000
trio-no-tank,5,5,pack,300,200,0.000,0.000,1.000,—,—,3.00,1.000,—,0.000
trio-no-tank,5,5,boss,180,200,0.000,0.000,1.000,—,—,3.00,1.000,—,0.000
trio-no-tank,5,5,boss,300,200,0.000,0.000,1.000,—,—,3.00,1.000,—,0.000
trio-no-tank,5,6,solo,180,200,0.000,0.000,1.000,—,—,3.00,1.000,—,0.000
trio-no-tank,5,6,solo,300,200,0.000,0.000,1.000,—,—,3.00,1.000,—,0.000
trio-no-tank,5,6,pack,180,200,0.000,0.000,1.000,—,—,3.00,1.000,—,0.000
trio-no-tank,5,6,pack,300,200,0.000,0.000,1.000,—,—,3.00,1.000,—,0.000
trio-no-tank,5,6,boss,180,200,0.000,0.000,1.000,—,—,3.00,1.000,—,0.000
trio-no-tank,5,6,boss,300,200,0.000,0.000,1.000,—,—,3.00,1.000,—,0.000
trio-no-tank,5,7,solo,180,200,0.000,0.000,1.000,—,—,3.00,1.000,—,0.000
trio-no-tank,5,7,solo,300,200,0.000,0.000,1.000,—,—,3.00,1.000,—,0.000
trio-no-tank,5,7,pack,180,200,0.000,0.000,1.000,—,—,3.00,1.000,—,0.000
trio-no-tank,5,7,pack,300,200,0.000,0.000,1.000,—,—,3.00,1.000,—,0.000
trio-no-tank,5,7,boss,180,200,0.000,0.000,1.000,—,—,3.00,1.000,—,0.000
trio-no-tank,5,7,boss,300,200,0.000,0.000,1.000,—,—,3.00,1.000,—,0.000
trio-no-tank,5,8,solo,180,200,0.000,0.000,1.000,—,—,3.00,1.000,—,0.000
trio-no-tank,5,8,solo,300,200,0.000,0.000,1.000,—,—,3.00,1.000,—,0.000
trio-no-tank,5,8,pack,180,200,0.000,0.000,1.000,—,—,3.00,1.000,—,0.000
trio-no-tank,5,8,pack,300,200,0.000,0.000,1.000,—,—,3.00,1.000,—,0.000
trio-no-tank,5,8,boss,180,200,0.000,0.000,1.000,—,—,3.00,1.000,—,0.000
trio-no-tank,5,8,boss,300,200,0.000,0.000,1.000,—,—,3.00,1.000,—,0.000
trio-no-tank,10,1,solo,180,200,1.000,0.000,0.000,1.000,0.0,0.00,0.000,—,1.560
trio-no-tank,10,1,solo,300,200,1.000,0.000,0.000,1.000,0.0,0.00,0.000,—,1.560
trio-no-tank,10,1,pack,180,200,1.000,0.000,0.000,0.911,3.4,0.00,0.089,—,1.514
trio-no-tank,10,1,pack,300,200,1.000,0.000,0.000,0.911,3.4,0.00,0.089,—,1.514
trio-no-tank,10,1,boss,180,200,1.000,0.000,0.000,0.893,6.2,0.00,0.107,—,1.504
trio-no-tank,10,1,boss,300,200,1.000,0.000,0.000,0.892,6.2,0.00,0.108,—,1.504
trio-no-tank,10,2,solo,180,200,1.000,0.000,0.000,0.958,1.3,0.00,0.042,—,1.538
trio-no-tank,10,2,solo,300,200,1.000,0.000,0.000,0.959,1.3,0.00,0.041,—,1.539
trio-no-tank,10,2,pack,180,200,1.000,0.000,0.000,0.906,6.5,0.00,0.094,—,1.511
trio-no-tank,10,2,pack,300,200,1.000,0.000,0.000,0.904,6.6,0.00,0.096,—,1.510
trio-no-tank,10,2,boss,180,200,1.000,0.000,0.000,0.956,13.9,0.00,0.044,—,1.537
trio-no-tank,10,2,boss,300,200,1.000,0.000,0.000,0.955,13.8,0.00,0.045,—,1.537
trio-no-tank,10,3,solo,180,200,1.000,0.000,0.000,0.815,3.4,0.00,0.185,—,1.464
trio-no-tank,10,3,solo,300,200,1.000,0.000,0.000,0.811,3.4,0.00,0.189,—,1.462
trio-no-tank,10,3,pack,180,200,0.035,0.175,0.790,0.630,21.7,2.75,0.926,—,0.048
trio-no-tank,10,3,pack,300,200,0.075,0.170,0.755,0.619,22.0,2.68,0.903,—,0.102
trio-no-tank,10,3,boss,180,200,0.205,0.795,0.000,0.612,40.2,1.77,0.679,—,0.278
trio-no-tank,10,3,boss,300,200,0.205,0.795,0.000,0.575,42.4,1.79,0.731,—,0.274
trio-no-tank,10,4,solo,180,200,1.000,0.000,0.000,0.556,10.5,1.18,0.444,—,1.329
trio-no-tank,10,4,solo,300,200,1.000,0.000,0.000,0.541,10.6,1.24,0.459,—,1.321
trio-no-tank,10,4,pack,180,200,0.000,0.000,1.000,—,—,3.00,1.000,—,0.000
trio-no-tank,10,4,pack,300,200,0.000,0.000,1.000,—,—,3.00,1.000,—,0.000
trio-no-tank,10,4,boss,180,200,0.000,0.000,1.000,—,—,3.00,1.000,—,0.000
trio-no-tank,10,4,boss,300,200,0.000,0.000,1.000,—,—,3.00,1.000,—,0.000
trio-no-tank,10,5,solo,180,200,0.000,0.000,1.000,—,—,3.00,1.000,—,0.000
trio-no-tank,10,5,solo,300,200,0.000,0.000,1.000,—,—,3.00,1.000,—,0.000
trio-no-tank,10,5,pack,180,200,0.000,0.000,1.000,—,—,3.00,1.000,—,0.000
trio-no-tank,10,5,pack,300,200,0.000,0.000,1.000,—,—,3.00,1.000,—,0.000
trio-no-tank,10,5,boss,180,200,0.000,0.000,1.000,—,—,3.00,1.000,—,0.000
trio-no-tank,10,5,boss,300,200,0.000,0.000,1.000,—,—,3.00,1.000,—,0.000
trio-no-tank,10,6,solo,180,200,0.000,0.000,1.000,—,—,3.00,1.000,—,0.000
trio-no-tank,10,6,solo,300,200,0.000,0.000,1.000,—,—,3.00,1.000,—,0.000
trio-no-tank,10,6,pack,180,200,0.000,0.000,1.000,—,—,3.00,1.000,—,0.000
trio-no-tank,10,6,pack,300,200,0.000,0.000,1.000,—,—,3.00,1.000,—,0.000
trio-no-tank,10,6,boss,180,200,0.000,0.000,1.000,—,—,3.00,1.000,—,0.000
trio-no-tank,10,6,boss,300,200,0.000,0.000,1.000,—,—,3.00,1.000,—,0.000
trio-no-tank,10,7,solo,180,200,0.000,0.000,1.000,—,—,3.00,1.000,—,0.000
trio-no-tank,10,7,solo,300,200,0.000,0.000,1.000,—,—,3.00,1.000,—,0.000
trio-no-tank,10,7,pack,180,200,0.000,0.000,1.000,—,—,3.00,1.000,—,0.000
trio-no-tank,10,7,pack,300,200,0.000,0.000,1.000,—,—,3.00,1.000,—,0.000
trio-no-tank,10,7,boss,180,200,0.000,0.000,1.000,—,—,3.00,1.000,—,0.000
trio-no-tank,10,7,boss,300,200,0.000,0.000,1.000,—,—,3.00,1.000,—,0.000
trio-no-tank,10,8,solo,180,200,0.000,0.000,1.000,—,—,3.00,1.000,—,0.000
trio-no-tank,10,8,solo,300,200,0.000,0.000,1.000,—,—,3.00,1.000,—,0.000
trio-no-tank,10,8,pack,180,200,0.000,0.000,1.000,—,—,3.00,1.000,—,0.000
trio-no-tank,10,8,pack,300,200,0.000,0.000,1.000,—,—,3.00,1.000,—,0.000
trio-no-tank,10,8,boss,180,200,0.000,0.000,1.000,—,—,3.00,1.000,—,0.000
trio-no-tank,10,8,boss,300,200,0.000,0.000,1.000,—,—,3.00,1.000,—,0.000
trio-no-tank,20,1,solo,180,200,1.000,0.000,0.000,1.000,0.0,0.00,0.000,—,1.620
trio-no-tank,20,1,solo,300,200,1.000,0.000,0.000,1.000,0.0,0.00,0.000,—,1.620
trio-no-tank,20,1,pack,180,200,1.000,0.000,0.000,0.980,1.4,0.00,0.020,—,1.609
trio-no-tank,20,1,pack,300,200,1.000,0.000,0.000,0.979,1.4,0.00,0.021,—,1.609
trio-no-tank,20,1,boss,180,200,1.000,0.000,0.000,0.969,2.8,0.00,0.031,—,1.603
trio-no-tank,20,1,boss,300,200,1.000,0.000,0.000,0.969,2.8,0.00,0.031,—,1.604
trio-no-tank,20,2,solo,180,200,1.000,0.000,0.000,1.000,0.0,0.00,0.000,—,1.620
trio-no-tank,20,2,solo,300,200,1.000,0.000,0.000,1.000,0.0,0.00,0.000,—,1.620
trio-no-tank,20,2,pack,180,200,1.000,0.000,0.000,0.924,2.7,0.00,0.076,—,1.579
trio-no-tank,20,2,pack,300,200,1.000,0.000,0.000,0.925,2.7,0.00,0.075,—,1.580
trio-no-tank,20,2,boss,180,200,1.000,0.000,0.000,0.977,5.5,0.00,0.023,—,1.608
trio-no-tank,20,2,boss,300,200,1.000,0.000,0.000,0.983,5.5,0.00,0.017,—,1.611
trio-no-tank,20,3,solo,180,200,1.000,0.000,0.000,0.950,1.0,0.00,0.050,—,1.593
trio-no-tank,20,3,solo,300,200,1.000,0.000,0.000,0.952,1.0,0.00,0.048,—,1.594
trio-no-tank,20,3,pack,180,200,1.000,0.000,0.000,0.838,6.4,0.39,0.162,—,1.532
trio-no-tank,20,3,pack,300,200,1.000,0.000,0.000,0.884,6.1,0.23,0.116,—,1.557
trio-no-tank,20,3,boss,180,200,1.000,0.000,0.000,0.962,12.0,0.01,0.038,—,1.600
trio-no-tank,20,3,boss,300,200,1.000,0.000,0.000,0.954,12.0,0.02,0.046,—,1.595
trio-no-tank,20,4,solo,180,200,1.000,0.000,0.000,0.881,2.8,0.00,0.119,—,1.556
trio-no-tank,20,4,solo,300,200,1.000,0.000,0.000,0.883,2.8,0.00,0.117,—,1.557
trio-no-tank,20,4,pack,180,200,0.020,0.050,0.930,0.694,14.4,2.90,0.972,—,0.029
trio-no-tank,20,4,pack,300,200,0.025,0.050,0.925,0.683,14.2,2.90,0.969,—,0.036
trio-no-tank,20,4,boss,180,200,0.025,0.975,0.000,0.604,27.6,1.97,0.777,—,0.035
trio-no-tank,20,4,boss,300,200,0.015,0.985,0.000,0.634,25.4,1.99,0.871,—,0.021
trio-no-tank,20,5,solo,180,200,1.000,0.000,0.000,0.730,8.6,0.24,0.270,—,1.474
trio-no-tank,20,5,solo,300,200,1.000,0.000,0.000,0.749,8.5,0.20,0.251,—,1.484
trio-no-tank,20,5,pack,180,200,0.000,0.000,1.000,—,—,3.00,1.000,—,0.000
trio-no-tank,20,5,pack,300,200,0.000,0.000,1.000,—,—,3.00,1.000,—,0.000
trio-no-tank,20,5,boss,180,200,0.000,0.000,1.000,—,—,3.00,1.000,—,0.000
trio-no-tank,20,5,boss,300,200,0.000,0.000,1.000,—,—,3.00,1.000,—,0.000
trio-no-tank,20,6,solo,180,200,0.000,0.000,1.000,—,—,3.00,1.000,—,0.000
trio-no-tank,20,6,solo,300,200,0.000,0.000,1.000,—,—,3.00,1.000,—,0.000
trio-no-tank,20,6,pack,180,200,0.000,0.000,1.000,—,—,3.00,1.000,—,0.000
trio-no-tank,20,6,pack,300,200,0.000,0.000,1.000,—,—,3.00,1.000,—,0.000
trio-no-tank,20,6,boss,180,200,0.000,0.000,1.000,—,—,3.00,1.000,—,0.000
trio-no-tank,20,6,boss,300,200,0.000,0.000,1.000,—,—,3.00,1.000,—,0.000
trio-no-tank,20,7,solo,180,200,0.000,0.000,1.000,—,—,3.00,1.000,—,0.000
trio-no-tank,20,7,solo,300,200,0.000,0.000,1.000,—,—,3.00,1.000,—,0.000
trio-no-tank,20,7,pack,180,200,0.000,0.000,1.000,—,—,3.00,1.000,—,0.000
trio-no-tank,20,7,pack,300,200,0.000,0.000,1.000,—,—,3.00,1.000,—,0.000
trio-no-tank,20,7,boss,180,200,0.000,0.000,1.000,—,—,3.00,1.000,—,0.000
trio-no-tank,20,7,boss,300,200,0.000,0.000,1.000,—,—,3.00,1.000,—,0.000
trio-no-tank,20,8,solo,180,200,0.000,0.000,1.000,—,—,3.00,1.000,—,0.000
trio-no-tank,20,8,solo,300,200,0.000,0.000,1.000,—,—,3.00,1.000,—,0.000
trio-no-tank,20,8,pack,180,200,0.000,0.000,1.000,—,—,3.00,1.000,—,0.000
trio-no-tank,20,8,pack,300,200,0.000,0.000,1.000,—,—,3.00,1.000,—,0.000
trio-no-tank,20,8,boss,180,200,0.000,0.000,1.000,—,—,3.00,1.000,—,0.000
trio-no-tank,20,8,boss,300,200,0.000,0.000,1.000,—,—,3.00,1.000,—,0.000
trio-no-tank,35,1,solo,180,200,1.000,0.000,0.000,1.000,0.0,0.00,0.000,—,1.710
trio-no-tank,35,1,solo,300,200,1.000,0.000,0.000,1.000,0.0,0.00,0.000,—,1.710
trio-no-tank,35,1,pack,180,200,1.000,0.000,0.000,1.000,0.0,0.00,0.000,—,1.710
trio-no-tank,35,1,pack,300,200,1.000,0.000,0.000,1.000,0.0,0.00,0.000,—,1.710
trio-no-tank,35,1,boss,180,200,1.000,0.000,0.000,0.979,1.8,0.00,0.021,—,1.698
trio-no-tank,35,1,boss,300,200,1.000,0.000,0.000,0.980,1.8,0.00,0.020,—,1.698
trio-no-tank,35,2,solo,180,200,1.000,0.000,0.000,1.000,0.0,0.00,0.000,—,1.710
trio-no-tank,35,2,solo,300,200,1.000,0.000,0.000,1.000,0.0,0.00,0.000,—,1.710
trio-no-tank,35,2,pack,180,200,1.000,0.000,0.000,0.955,1.9,0.00,0.045,—,1.684
trio-no-tank,35,2,pack,300,200,1.000,0.000,0.000,0.955,1.8,0.00,0.045,—,1.684
trio-no-tank,35,2,boss,180,200,1.000,0.000,0.000,0.933,3.2,0.00,0.067,—,1.672
trio-no-tank,35,2,boss,300,200,1.000,0.000,0.000,0.933,3.2,0.00,0.067,—,1.672
trio-no-tank,35,3,solo,180,200,1.000,0.000,0.000,1.000,0.0,0.00,0.000,—,1.710
trio-no-tank,35,3,solo,300,200,1.000,0.000,0.000,1.000,0.0,0.00,0.000,—,1.710
trio-no-tank,35,3,pack,180,200,1.000,0.000,0.000,0.879,3.1,0.00,0.121,—,1.641
trio-no-tank,35,3,pack,300,200,1.000,0.000,0.000,0.878,3.1,0.00,0.122,—,1.640
trio-no-tank,35,3,boss,180,200,1.000,0.000,0.000,0.971,5.4,0.00,0.029,—,1.693
trio-no-tank,35,3,boss,300,200,1.000,0.000,0.000,0.967,5.3,0.00,0.033,—,1.691
trio-no-tank,35,4,solo,180,200,1.000,0.000,0.000,0.919,1.2,0.00,0.081,—,1.664
trio-no-tank,35,4,solo,300,200,1.000,0.000,0.000,0.919,1.2,0.00,0.081,—,1.664
trio-no-tank,35,4,pack,180,200,1.000,0.000,0.000,0.654,7.7,0.73,0.346,—,1.513
trio-no-tank,35,4,pack,300,200,1.000,0.000,0.000,0.625,7.8,0.81,0.375,—,1.496
trio-no-tank,35,4,boss,180,200,1.000,0.000,0.000,0.696,18.1,0.72,0.304,—,1.537
trio-no-tank,35,4,boss,300,200,1.000,0.000,0.000,0.689,18.2,0.72,0.311,—,1.533
trio-no-tank,35,5,solo,180,200,1.000,0.000,0.000,0.707,3.5,0.30,0.293,—,1.543
trio-no-tank,35,5,solo,300,200,1.000,0.000,0.000,0.707,3.5,0.23,0.293,—,1.543
trio-no-tank,35,5,pack,180,200,0.000,0.000,1.000,—,—,3.00,1.000,—,0.000
trio-no-tank,35,5,pack,300,200,0.000,0.000,1.000,—,—,3.00,1.000,—,0.000
trio-no-tank,35,5,boss,180,200,0.005,0.000,0.995,0.699,29.8,2.99,0.997,—,0.008
trio-no-tank,35,5,boss,300,200,0.000,0.000,1.000,—,—,3.00,1.000,—,0.000
trio-no-tank,35,6,solo,180,200,0.820,0.000,0.180,0.521,10.0,0.86,0.572,—,1.179
trio-no-tank,35,6,solo,300,200,0.840,0.000,0.160,0.538,9.9,0.73,0.548,—,1.215
trio-no-tank,35,6,pack,180,200,0.000,0.000,1.000,—,—,3.00,1.000,—,0.000
trio-no-tank,35,6,pack,300,200,0.000,0.000,1.000,—,—,3.00,1.000,—,0.000
trio-no-tank,35,6,boss,180,200,0.000,0.000,1.000,—,—,3.00,1.000,—,0.000
trio-no-tank,35,6,boss,300,200,0.000,0.000,1.000,—,—,3.00,1.000,—,0.000
trio-no-tank,35,7,solo,180,200,0.000,0.000,1.000,—,—,3.00,1.000,—,0.000
trio-no-tank,35,7,solo,300,200,0.000,0.000,1.000,—,—,3.00,1.000,—,0.000
trio-no-tank,35,7,pack,180,200,0.000,0.000,1.000,—,—,3.00,1.000,—,0.000
trio-no-tank,35,7,pack,300,200,0.000,0.000,1.000,—,—,3.00,1.000,—,0.000
trio-no-tank,35,7,boss,180,200,0.000,0.000,1.000,—,—,3.00,1.000,—,0.000
trio-no-tank,35,7,boss,300,200,0.000,0.000,1.000,—,—,3.00,1.000,—,0.000
trio-no-tank,35,8,solo,180,200,0.000,0.000,1.000,—,—,3.00,1.000,—,0.000
trio-no-tank,35,8,solo,300,200,0.000,0.000,1.000,—,—,3.00,1.000,—,0.000
trio-no-tank,35,8,pack,180,200,0.000,0.000,1.000,—,—,3.00,1.000,—,0.000
trio-no-tank,35,8,pack,300,200,0.000,0.000,1.000,—,—,3.00,1.000,—,0.000
trio-no-tank,35,8,boss,180,200,0.000,0.000,1.000,—,—,3.00,1.000,—,0.000
trio-no-tank,35,8,boss,300,200,0.000,0.000,1.000,—,—,3.00,1.000,—,0.000
trio-no-tank,50,1,solo,180,200,1.000,0.000,0.000,1.000,0.0,0.00,0.000,—,1.800
trio-no-tank,50,1,solo,300,200,1.000,0.000,0.000,1.000,0.0,0.00,0.000,—,1.800
trio-no-tank,50,1,pack,180,200,1.000,0.000,0.000,1.000,0.0,0.00,0.000,—,1.800
trio-no-tank,50,1,pack,300,200,1.000,0.000,0.000,1.000,0.0,0.00,0.000,—,1.800
trio-no-tank,50,1,boss,180,200,1.000,0.000,0.000,0.984,1.0,0.00,0.016,—,1.790
trio-no-tank,50,1,boss,300,200,1.000,0.000,0.000,0.985,1.0,0.00,0.015,—,1.791
trio-no-tank,50,2,solo,180,200,1.000,0.000,0.000,1.000,0.0,0.00,0.000,—,1.800
trio-no-tank,50,2,solo,300,200,1.000,0.000,0.000,1.000,0.0,0.00,0.000,—,1.800
trio-no-tank,50,2,pack,180,200,1.000,0.000,0.000,1.000,0.0,0.00,0.000,—,1.800
trio-no-tank,50,2,pack,300,200,1.000,0.000,0.000,1.000,0.0,0.00,0.000,—,1.800
trio-no-tank,50,2,boss,180,200,1.000,0.000,0.000,0.972,2.1,0.00,0.028,—,1.783
trio-no-tank,50,2,boss,300,200,1.000,0.000,0.000,0.972,2.1,0.00,0.028,—,1.783
trio-no-tank,50,3,solo,180,200,1.000,0.000,0.000,1.000,0.0,0.00,0.000,—,1.800
trio-no-tank,50,3,solo,300,200,1.000,0.000,0.000,1.000,0.0,0.00,0.000,—,1.800
trio-no-tank,50,3,pack,180,200,1.000,0.000,0.000,0.940,1.6,0.00,0.060,—,1.764
trio-no-tank,50,3,pack,300,200,1.000,0.000,0.000,0.941,1.6,0.00,0.059,—,1.764
trio-no-tank,50,3,boss,180,200,1.000,0.000,0.000,0.935,3.6,0.00,0.065,—,1.761
trio-no-tank,50,3,boss,300,200,1.000,0.000,0.000,0.933,3.6,0.00,0.067,—,1.760
trio-no-tank,50,4,solo,180,200,1.000,0.000,0.000,1.000,0.0,0.00,0.000,—,1.800
trio-no-tank,50,4,solo,300,200,1.000,0.000,0.000,1.000,0.0,0.00,0.000,—,1.800
trio-no-tank,50,4,pack,180,200,1.000,0.000,0.000,0.866,3.4,0.00,0.134,—,1.720
trio-no-tank,50,4,pack,300,200,1.000,0.000,0.000,0.870,3.4,0.00,0.130,—,1.722
trio-no-tank,50,4,boss,180,200,1.000,0.000,0.000,0.910,7.4,0.00,0.090,—,1.746
trio-no-tank,50,4,boss,300,200,1.000,0.000,0.000,0.907,7.4,0.00,0.093,—,1.744
trio-no-tank,50,5,solo,180,200,1.000,0.000,0.000,0.887,2.0,0.00,0.113,—,1.732
trio-no-tank,50,5,solo,300,200,1.000,0.000,0.000,0.886,2.0,0.00,0.114,—,1.732
trio-no-tank,50,5,pack,180,200,0.725,0.060,0.215,0.684,10.8,1.32,0.486,—,1.168
trio-no-tank,50,5,pack,300,200,0.685,0.035,0.280,0.700,10.2,1.38,0.510,—,1.110
trio-no-tank,50,5,boss,180,200,0.595,0.405,0.000,0.591,19.6,1.36,0.554,—,0.925
trio-no-tank,50,5,boss,300,200,0.580,0.420,0.000,0.617,19.7,1.37,0.556,—,0.911
trio-no-tank,50,6,solo,180,200,1.000,0.000,0.000,0.659,6.1,0.43,0.341,—,1.596
trio-no-tank,50,6,solo,300,200,1.000,0.000,0.000,0.705,5.9,0.31,0.295,—,1.623
trio-no-tank,50,6,pack,180,200,0.000,0.000,1.000,—,—,3.00,1.000,—,0.000
trio-no-tank,50,6,pack,300,200,0.000,0.000,1.000,—,—,3.00,1.000,—,0.000
trio-no-tank,50,6,boss,180,200,0.000,0.000,1.000,—,—,3.00,1.000,—,0.000
trio-no-tank,50,6,boss,300,200,0.000,0.000,1.000,—,—,3.00,1.000,—,0.000
trio-no-tank,50,7,solo,180,200,0.000,0.000,1.000,—,—,3.00,1.000,—,0.000
trio-no-tank,50,7,solo,300,200,0.000,0.000,1.000,—,—,3.00,1.000,—,0.000
trio-no-tank,50,7,pack,180,200,0.000,0.000,1.000,—,—,3.00,1.000,—,0.000
trio-no-tank,50,7,pack,300,200,0.000,0.000,1.000,—,—,3.00,1.000,—,0.000
trio-no-tank,50,7,boss,180,200,0.000,0.000,1.000,—,—,3.00,1.000,—,0.000
trio-no-tank,50,7,boss,300,200,0.000,0.000,1.000,—,—,3.00,1.000,—,0.000
trio-no-tank,50,8,solo,180,200,0.000,0.000,1.000,—,—,3.00,1.000,—,0.000
trio-no-tank,50,8,solo,300,200,0.000,0.000,1.000,—,—,3.00,1.000,—,0.000
trio-no-tank,50,8,pack,180,200,0.000,0.000,1.000,—,—,3.00,1.000,—,0.000
trio-no-tank,50,8,pack,300,200,0.000,0.000,1.000,—,—,3.00,1.000,—,0.000
trio-no-tank,50,8,boss,180,200,0.000,0.000,1.000,—,—,3.00,1.000,—,0.000
trio-no-tank,50,8,boss,300,200,0.000,0.000,1.000,—,—,3.00,1.000,—,0.000
trio-casters,1,1,solo,180,200,1.000,0.000,0.000,0.903,5.0,0.00,0.097,—,1.457
trio-casters,1,1,solo,300,200,1.000,0.000,0.000,0.903,5.0,0.00,0.097,—,1.457
trio-casters,1,1,pack,180,200,1.000,0.000,0.000,0.599,40.0,1.00,0.401,—,1.305
trio-casters,1,1,pack,300,200,1.000,0.000,0.000,0.599,40.0,1.00,0.401,—,1.305
trio-casters,1,1,boss,180,200,1.000,0.000,0.000,0.623,45.0,1.00,0.377,—,1.317
trio-casters,1,1,boss,300,200,1.000,0.000,0.000,0.623,45.0,1.00,0.377,—,1.317
trio-casters,1,2,solo,180,200,1.000,0.000,0.000,0.753,10.0,0.00,0.247,—,1.382
trio-casters,1,2,solo,300,200,1.000,0.000,0.000,0.753,10.0,0.00,0.247,—,1.382
trio-casters,1,2,pack,180,200,0.000,0.000,1.000,—,—,3.00,1.000,—,0.000
trio-casters,1,2,pack,300,200,0.000,0.000,1.000,—,—,3.00,1.000,—,0.000
trio-casters,1,2,boss,180,200,0.000,0.000,1.000,—,—,3.00,1.000,—,0.000
trio-casters,1,2,boss,300,200,0.000,0.000,1.000,—,—,3.00,1.000,—,0.000
trio-casters,1,3,solo,180,200,0.000,0.000,1.000,—,—,3.00,1.000,—,0.000
trio-casters,1,3,solo,300,200,0.000,0.000,1.000,—,—,3.00,1.000,—,0.000
trio-casters,1,3,pack,180,200,0.000,0.000,1.000,—,—,3.00,1.000,—,0.000
trio-casters,1,3,pack,300,200,0.000,0.000,1.000,—,—,3.00,1.000,—,0.000
trio-casters,1,3,boss,180,200,0.000,0.000,1.000,—,—,3.00,1.000,—,0.000
trio-casters,1,3,boss,300,200,0.000,0.000,1.000,—,—,3.00,1.000,—,0.000
trio-casters,1,4,solo,180,200,0.000,0.000,1.000,—,—,3.00,1.000,—,0.000
trio-casters,1,4,solo,300,200,0.000,0.000,1.000,—,—,3.00,1.000,—,0.000
trio-casters,1,4,pack,180,200,0.000,0.000,1.000,—,—,3.00,1.000,—,0.000
trio-casters,1,4,pack,300,200,0.000,0.000,1.000,—,—,3.00,1.000,—,0.000
trio-casters,1,4,boss,180,200,0.000,0.000,1.000,—,—,3.00,1.000,—,0.000
trio-casters,1,4,boss,300,200,0.000,0.000,1.000,—,—,3.00,1.000,—,0.000
trio-casters,1,5,solo,180,200,0.000,0.000,1.000,—,—,3.00,1.000,—,0.000
trio-casters,1,5,solo,300,200,0.000,0.000,1.000,—,—,3.00,1.000,—,0.000
trio-casters,1,5,pack,180,200,0.000,0.000,1.000,—,—,3.00,1.000,—,0.000
trio-casters,1,5,pack,300,200,0.000,0.000,1.000,—,—,3.00,1.000,—,0.000
trio-casters,1,5,boss,180,200,0.000,0.000,1.000,—,—,3.00,1.000,—,0.000
trio-casters,1,5,boss,300,200,0.000,0.000,1.000,—,—,3.00,1.000,—,0.000
trio-casters,1,6,solo,180,200,0.000,0.000,1.000,—,—,3.00,1.000,—,0.000
trio-casters,1,6,solo,300,200,0.000,0.000,1.000,—,—,3.00,1.000,—,0.000
trio-casters,1,6,pack,180,200,0.000,0.000,1.000,—,—,3.00,1.000,—,0.000
trio-casters,1,6,pack,300,200,0.000,0.000,1.000,—,—,3.00,1.000,—,0.000
trio-casters,1,6,boss,180,200,0.000,0.000,1.000,—,—,3.00,1.000,—,0.000
trio-casters,1,6,boss,300,200,0.000,0.000,1.000,—,—,3.00,1.000,—,0.000
trio-casters,1,7,solo,180,200,0.000,0.000,1.000,—,—,3.00,1.000,—,0.000
trio-casters,1,7,solo,300,200,0.000,0.000,1.000,—,—,3.00,1.000,—,0.000
trio-casters,1,7,pack,180,200,0.000,0.000,1.000,—,—,3.00,1.000,—,0.000
trio-casters,1,7,pack,300,200,0.000,0.000,1.000,—,—,3.00,1.000,—,0.000
trio-casters,1,7,boss,180,200,0.000,0.000,1.000,—,—,3.00,1.000,—,0.000
trio-casters,1,7,boss,300,200,0.000,0.000,1.000,—,—,3.00,1.000,—,0.000
trio-casters,1,8,solo,180,200,0.000,0.000,1.000,—,—,3.00,1.000,—,0.000
trio-casters,1,8,solo,300,200,0.000,0.000,1.000,—,—,3.00,1.000,—,0.000
trio-casters,1,8,pack,180,200,0.000,0.000,1.000,—,—,3.00,1.000,—,0.000
trio-casters,1,8,pack,300,200,0.000,0.000,1.000,—,—,3.00,1.000,—,0.000
trio-casters,1,8,boss,180,200,0.000,0.000,1.000,—,—,3.00,1.000,—,0.000
trio-casters,1,8,boss,300,200,0.000,0.000,1.000,—,—,3.00,1.000,—,0.000
trio-casters,5,1,solo,180,200,1.000,0.000,0.000,1.000,0.0,0.00,0.000,—,1.530
trio-casters,5,1,solo,300,200,1.000,0.000,0.000,1.000,0.0,0.00,0.000,—,1.530
trio-casters,5,1,pack,180,200,1.000,0.000,0.000,1.000,10.4,0.00,0.000,—,1.530
trio-casters,5,1,pack,300,200,1.000,0.000,0.000,1.000,10.4,0.00,0.000,—,1.530
trio-casters,5,1,boss,180,200,1.000,0.000,0.000,0.884,18.1,0.00,0.116,—,1.471
trio-casters,5,1,boss,300,200,1.000,0.000,0.000,0.884,18.1,0.00,0.116,—,1.471
trio-casters,5,2,solo,180,200,1.000,0.000,0.000,0.858,5.0,0.00,0.142,—,1.458
trio-casters,5,2,solo,300,200,1.000,0.000,0.000,0.858,5.0,0.00,0.142,—,1.458
trio-casters,5,2,pack,180,200,0.000,0.000,1.000,—,—,3.00,1.000,—,0.000
trio-casters,5,2,pack,300,200,0.000,0.000,1.000,—,—,3.00,1.000,—,0.000
trio-casters,5,2,boss,180,200,0.000,1.000,0.000,—,—,2.00,0.748,—,0.000
trio-casters,5,2,boss,300,200,0.000,1.000,0.000,—,—,2.00,0.748,—,0.000
trio-casters,5,3,solo,180,200,1.000,0.000,0.000,0.698,10.0,1.00,0.302,—,1.376
trio-casters,5,3,solo,300,200,1.000,0.000,0.000,0.698,10.0,1.00,0.302,—,1.376
trio-casters,5,3,pack,180,200,0.000,0.000,1.000,—,—,3.00,1.000,—,0.000
trio-casters,5,3,pack,300,200,0.000,0.000,1.000,—,—,3.00,1.000,—,0.000
trio-casters,5,3,boss,180,200,0.000,0.000,1.000,—,—,3.00,1.000,—,0.000
trio-casters,5,3,boss,300,200,0.000,0.000,1.000,—,—,3.00,1.000,—,0.000
trio-casters,5,4,solo,180,200,0.000,0.000,1.000,—,—,3.00,1.000,—,0.000
trio-casters,5,4,solo,300,200,0.000,0.000,1.000,—,—,3.00,1.000,—,0.000
trio-casters,5,4,pack,180,200,0.000,0.000,1.000,—,—,3.00,1.000,—,0.000
trio-casters,5,4,pack,300,200,0.000,0.000,1.000,—,—,3.00,1.000,—,0.000
trio-casters,5,4,boss,180,200,0.000,0.000,1.000,—,—,3.00,1.000,—,0.000
trio-casters,5,4,boss,300,200,0.000,0.000,1.000,—,—,3.00,1.000,—,0.000
trio-casters,5,5,solo,180,200,0.000,0.000,1.000,—,—,3.00,1.000,—,0.000
trio-casters,5,5,solo,300,200,0.000,0.000,1.000,—,—,3.00,1.000,—,0.000
trio-casters,5,5,pack,180,200,0.000,0.000,1.000,—,—,3.00,1.000,—,0.000
trio-casters,5,5,pack,300,200,0.000,0.000,1.000,—,—,3.00,1.000,—,0.000
trio-casters,5,5,boss,180,200,0.000,0.000,1.000,—,—,3.00,1.000,—,0.000
trio-casters,5,5,boss,300,200,0.000,0.000,1.000,—,—,3.00,1.000,—,0.000
trio-casters,5,6,solo,180,200,0.000,0.000,1.000,—,—,3.00,1.000,—,0.000
trio-casters,5,6,solo,300,200,0.000,0.000,1.000,—,—,3.00,1.000,—,0.000
trio-casters,5,6,pack,180,200,0.000,0.000,1.000,—,—,3.00,1.000,—,0.000
trio-casters,5,6,pack,300,200,0.000,0.000,1.000,—,—,3.00,1.000,—,0.000
trio-casters,5,6,boss,180,200,0.000,0.000,1.000,—,—,3.00,1.000,—,0.000
trio-casters,5,6,boss,300,200,0.000,0.000,1.000,—,—,3.00,1.000,—,0.000
trio-casters,5,7,solo,180,200,0.000,0.000,1.000,—,—,3.00,1.000,—,0.000
trio-casters,5,7,solo,300,200,0.000,0.000,1.000,—,—,3.00,1.000,—,0.000
trio-casters,5,7,pack,180,200,0.000,0.000,1.000,—,—,3.00,1.000,—,0.000
trio-casters,5,7,pack,300,200,0.000,0.000,1.000,—,—,3.00,1.000,—,0.000
trio-casters,5,7,boss,180,200,0.000,0.000,1.000,—,—,3.00,1.000,—,0.000
trio-casters,5,7,boss,300,200,0.000,0.000,1.000,—,—,3.00,1.000,—,0.000
trio-casters,5,8,solo,180,200,0.000,0.000,1.000,—,—,3.00,1.000,—,0.000
trio-casters,5,8,solo,300,200,0.000,0.000,1.000,—,—,3.00,1.000,—,0.000
trio-casters,5,8,pack,180,200,0.000,0.000,1.000,—,—,3.00,1.000,—,0.000
trio-casters,5,8,pack,300,200,0.000,0.000,1.000,—,—,3.00,1.000,—,0.000
trio-casters,5,8,boss,180,200,0.000,0.000,1.000,—,—,3.00,1.000,—,0.000
trio-casters,5,8,boss,300,200,0.000,0.000,1.000,—,—,3.00,1.000,—,0.000
trio-casters,10,1,solo,180,200,1.000,0.000,0.000,1.000,0.0,0.00,0.000,—,1.560
trio-casters,10,1,solo,300,200,1.000,0.000,0.000,1.000,0.0,0.00,0.000,—,1.560
trio-casters,10,1,pack,180,200,1.000,0.000,0.000,0.907,5.0,0.00,0.093,—,1.512
trio-casters,10,1,pack,300,200,1.000,0.000,0.000,0.907,5.0,0.00,0.093,—,1.512
trio-casters,10,1,boss,180,200,1.000,0.000,0.000,0.907,10.0,0.00,0.093,—,1.512
trio-casters,10,1,boss,300,200,1.000,0.000,0.000,0.907,10.0,0.00,0.093,—,1.512
trio-casters,10,2,solo,180,200,1.000,0.000,0.000,0.943,1.9,0.00,0.057,—,1.530
trio-casters,10,2,solo,300,200,1.000,0.000,0.000,0.943,1.9,0.00,0.057,—,1.530
trio-casters,10,2,pack,180,200,1.000,0.000,0.000,0.791,10.0,0.00,0.209,—,1.451
trio-casters,10,2,pack,300,200,1.000,0.000,0.000,0.791,10.0,0.00,0.209,—,1.451
trio-casters,10,2,boss,180,200,1.000,0.000,0.000,0.917,17.1,0.00,0.083,—,1.517
trio-casters,10,2,boss,300,200,1.000,0.000,0.000,0.917,17.1,0.00,0.083,—,1.517
trio-casters,10,3,solo,180,200,1.000,0.000,0.000,0.799,3.8,0.00,0.201,—,1.455
trio-casters,10,3,solo,300,200,1.000,0.000,0.000,0.799,3.8,0.00,0.201,—,1.455
trio-casters,10,3,pack,180,200,0.000,0.000,1.000,—,—,3.00,1.000,—,0.000
trio-casters,10,3,pack,300,200,0.000,0.000,1.000,—,—,3.00,1.000,—,0.000
trio-casters,10,3,boss,180,200,0.000,0.000,1.000,—,—,3.00,1.000,—,0.000
trio-casters,10,3,boss,300,200,0.000,0.000,1.000,—,—,3.00,1.000,—,0.000
trio-casters,10,4,solo,180,200,0.000,0.000,1.000,—,—,3.00,1.000,—,0.000
trio-casters,10,4,solo,300,200,0.000,0.000,1.000,—,—,3.00,1.000,—,0.000
trio-casters,10,4,pack,180,200,0.000,0.000,1.000,—,—,3.00,1.000,—,0.000
trio-casters,10,4,pack,300,200,0.000,0.000,1.000,—,—,3.00,1.000,—,0.000
trio-casters,10,4,boss,180,200,0.000,0.000,1.000,—,—,3.00,1.000,—,0.000
trio-casters,10,4,boss,300,200,0.000,0.000,1.000,—,—,3.00,1.000,—,0.000
trio-casters,10,5,solo,180,200,0.000,0.000,1.000,—,—,3.00,1.000,—,0.000
trio-casters,10,5,solo,300,200,0.000,0.000,1.000,—,—,3.00,1.000,—,0.000
trio-casters,10,5,pack,180,200,0.000,0.000,1.000,—,—,3.00,1.000,—,0.000
trio-casters,10,5,pack,300,200,0.000,0.000,1.000,—,—,3.00,1.000,—,0.000
trio-casters,10,5,boss,180,200,0.000,0.000,1.000,—,—,3.00,1.000,—,0.000
trio-casters,10,5,boss,300,200,0.000,0.000,1.000,—,—,3.00,1.000,—,0.000
trio-casters,10,6,solo,180,200,0.000,0.000,1.000,—,—,3.00,1.000,—,0.000
trio-casters,10,6,solo,300,200,0.000,0.000,1.000,—,—,3.00,1.000,—,0.000
trio-casters,10,6,pack,180,200,0.000,0.000,1.000,—,—,3.00,1.000,—,0.000
trio-casters,10,6,pack,300,200,0.000,0.000,1.000,—,—,3.00,1.000,—,0.000
trio-casters,10,6,boss,180,200,0.000,0.000,1.000,—,—,3.00,1.000,—,0.000
trio-casters,10,6,boss,300,200,0.000,0.000,1.000,—,—,3.00,1.000,—,0.000
trio-casters,10,7,solo,180,200,0.000,0.000,1.000,—,—,3.00,1.000,—,0.000
trio-casters,10,7,solo,300,200,0.000,0.000,1.000,—,—,3.00,1.000,—,0.000
trio-casters,10,7,pack,180,200,0.000,0.000,1.000,—,—,3.00,1.000,—,0.000
trio-casters,10,7,pack,300,200,0.000,0.000,1.000,—,—,3.00,1.000,—,0.000
trio-casters,10,7,boss,180,200,0.000,0.000,1.000,—,—,3.00,1.000,—,0.000
trio-casters,10,7,boss,300,200,0.000,0.000,1.000,—,—,3.00,1.000,—,0.000
trio-casters,10,8,solo,180,200,0.000,0.000,1.000,—,—,3.00,1.000,—,0.000
trio-casters,10,8,solo,300,200,0.000,0.000,1.000,—,—,3.00,1.000,—,0.000
trio-casters,10,8,pack,180,200,0.000,0.000,1.000,—,—,3.00,1.000,—,0.000
trio-casters,10,8,pack,300,200,0.000,0.000,1.000,—,—,3.00,1.000,—,0.000
trio-casters,10,8,boss,180,200,0.000,0.000,1.000,—,—,3.00,1.000,—,0.000
trio-casters,10,8,boss,300,200,0.000,0.000,1.000,—,—,3.00,1.000,—,0.000
trio-casters,20,1,solo,180,200,1.000,0.000,0.000,1.000,0.0,0.00,0.000,—,1.620
trio-casters,20,1,solo,300,200,1.000,0.000,0.000,1.000,0.0,0.00,0.000,—,1.620
trio-casters,20,1,pack,180,200,1.000,0.000,0.000,0.978,1.4,0.00,0.022,—,1.608
trio-casters,20,1,pack,300,200,1.000,0.000,0.000,0.978,1.4,0.00,0.022,—,1.608
trio-casters,20,1,boss,180,200,1.000,0.000,0.000,0.934,5.0,0.00,0.066,—,1.584
trio-casters,20,1,boss,300,200,1.000,0.000,0.000,0.934,5.0,0.00,0.066,—,1.584
trio-casters,20,2,solo,180,200,1.000,0.000,0.000,1.000,0.0,0.00,0.000,—,1.620
trio-casters,20,2,solo,300,200,1.000,0.000,0.000,1.000,0.0,0.00,0.000,—,1.620
trio-casters,20,2,pack,180,200,1.000,0.000,0.000,0.878,5.0,0.00,0.122,—,1.554
trio-casters,20,2,pack,300,200,1.000,0.000,0.000,0.878,5.0,0.00,0.122,—,1.554
trio-casters,20,2,boss,180,200,1.000,0.000,0.000,0.941,8.4,0.00,0.059,—,1.588
trio-casters,20,2,boss,300,200,1.000,0.000,0.000,0.941,8.4,0.00,0.059,—,1.588
trio-casters,20,3,solo,180,200,1.000,0.000,0.000,0.928,1.4,0.00,0.072,—,1.581
trio-casters,20,3,solo,300,200,1.000,0.000,0.000,0.928,1.4,0.00,0.072,—,1.581
trio-casters,20,3,pack,180,200,1.000,0.000,0.000,0.572,25.0,1.00,0.428,—,1.389
trio-casters,20,3,pack,300,200,1.000,0.000,0.000,0.572,25.0,1.00,0.428,—,1.389
trio-casters,20,3,boss,180,200,1.000,0.000,0.000,0.893,15.4,0.00,0.107,—,1.562
trio-casters,20,3,boss,300,200,1.000,0.000,0.000,0.893,15.4,0.00,0.107,—,1.562
trio-casters,20,4,solo,180,200,1.000,0.000,0.000,0.742,4.2,0.00,0.258,—,1.480
trio-casters,20,4,solo,300,200,1.000,0.000,0.000,0.742,4.2,0.00,0.258,—,1.480
trio-casters,20,4,pack,180,200,0.000,0.000,1.000,—,—,3.00,1.000,—,0.000
trio-casters,20,4,pack,300,200,0.000,0.000,1.000,—,—,3.00,1.000,—,0.000
trio-casters,20,4,boss,180,200,0.000,0.000,1.000,—,—,3.00,1.000,—,0.000
trio-casters,20,4,boss,300,200,0.000,0.000,1.000,—,—,3.00,1.000,—,0.000
trio-casters,20,5,solo,180,200,0.000,0.000,1.000,—,—,3.00,1.000,—,0.000
trio-casters,20,5,solo,300,200,0.000,0.000,1.000,—,—,3.00,1.000,—,0.000
trio-casters,20,5,pack,180,200,0.000,0.000,1.000,—,—,3.00,1.000,—,0.000
trio-casters,20,5,pack,300,200,0.000,0.000,1.000,—,—,3.00,1.000,—,0.000
trio-casters,20,5,boss,180,200,0.000,0.000,1.000,—,—,3.00,1.000,—,0.000
trio-casters,20,5,boss,300,200,0.000,0.000,1.000,—,—,3.00,1.000,—,0.000
trio-casters,20,6,solo,180,200,0.000,0.000,1.000,—,—,3.00,1.000,—,0.000
trio-casters,20,6,solo,300,200,0.000,0.000,1.000,—,—,3.00,1.000,—,0.000
trio-casters,20,6,pack,180,200,0.000,0.000,1.000,—,—,3.00,1.000,—,0.000
trio-casters,20,6,pack,300,200,0.000,0.000,1.000,—,—,3.00,1.000,—,0.000
trio-casters,20,6,boss,180,200,0.000,0.000,1.000,—,—,3.00,1.000,—,0.000
trio-casters,20,6,boss,300,200,0.000,0.000,1.000,—,—,3.00,1.000,—,0.000
trio-casters,20,7,solo,180,200,0.000,0.000,1.000,—,—,3.00,1.000,—,0.000
trio-casters,20,7,solo,300,200,0.000,0.000,1.000,—,—,3.00,1.000,—,0.000
trio-casters,20,7,pack,180,200,0.000,0.000,1.000,—,—,3.00,1.000,—,0.000
trio-casters,20,7,pack,300,200,0.000,0.000,1.000,—,—,3.00,1.000,—,0.000
trio-casters,20,7,boss,180,200,0.000,0.000,1.000,—,—,3.00,1.000,—,0.000
trio-casters,20,7,boss,300,200,0.000,0.000,1.000,—,—,3.00,1.000,—,0.000
trio-casters,20,8,solo,180,200,0.000,0.000,1.000,—,—,3.00,1.000,—,0.000
trio-casters,20,8,solo,300,200,0.000,0.000,1.000,—,—,3.00,1.000,—,0.000
trio-casters,20,8,pack,180,200,0.000,0.000,1.000,—,—,3.00,1.000,—,0.000
trio-casters,20,8,pack,300,200,0.000,0.000,1.000,—,—,3.00,1.000,—,0.000
trio-casters,20,8,boss,180,200,0.000,0.000,1.000,—,—,3.00,1.000,—,0.000
trio-casters,20,8,boss,300,200,0.000,0.000,1.000,—,—,3.00,1.000,—,0.000
trio-casters,35,1,solo,180,200,1.000,0.000,0.000,1.000,0.0,0.00,0.000,—,1.710
trio-casters,35,1,solo,300,200,1.000,0.000,0.000,1.000,0.0,0.00,0.000,—,1.710
trio-casters,35,1,pack,180,200,1.000,0.000,0.000,0.984,1.1,0.00,0.016,—,1.701
trio-casters,35,1,pack,300,200,1.000,0.000,0.000,0.984,1.1,0.00,0.016,—,1.701
trio-casters,35,1,boss,180,200,1.000,0.000,0.000,0.953,3.4,0.00,0.047,—,1.683
trio-casters,35,1,boss,300,200,1.000,0.000,0.000,0.953,3.4,0.00,0.047,—,1.683
trio-casters,35,2,solo,180,200,1.000,0.000,0.000,1.000,0.0,0.00,0.000,—,1.710
trio-casters,35,2,solo,300,200,1.000,0.000,0.000,1.000,0.0,0.00,0.000,—,1.710
trio-casters,35,2,pack,180,200,1.000,0.000,0.000,0.972,1.1,0.00,0.028,—,1.694
trio-casters,35,2,pack,300,200,1.000,0.000,0.000,0.972,1.1,0.00,0.028,—,1.694
trio-casters,35,2,boss,180,200,1.000,0.000,0.000,0.917,5.0,0.00,0.083,—,1.663
trio-casters,35,2,boss,300,200,1.000,0.000,0.000,0.917,5.0,0.00,0.083,—,1.663
trio-casters,35,3,solo,180,200,1.000,0.000,0.000,1.000,0.0,0.00,0.000,—,1.710
trio-casters,35,3,solo,300,200,1.000,0.000,0.000,1.000,0.0,0.00,0.000,—,1.710
trio-casters,35,3,pack,180,200,1.000,0.000,0.000,0.849,4.5,0.00,0.151,—,1.624
trio-casters,35,3,pack,300,200,1.000,0.000,0.000,0.849,4.5,0.00,0.151,—,1.624
trio-casters,35,3,boss,180,200,1.000,0.000,0.000,0.925,7.9,0.00,0.075,—,1.667
trio-casters,35,3,boss,300,200,1.000,0.000,0.000,0.925,7.9,0.00,0.075,—,1.667
trio-casters,35,4,solo,180,200,1.000,0.000,0.000,0.910,1.1,0.00,0.090,—,1.658
trio-casters,35,4,solo,300,200,1.000,0.000,0.000,0.910,1.1,0.00,0.090,—,1.658
trio-casters,35,4,pack,180,200,0.000,0.000,1.000,—,—,3.00,1.000,—,0.000
trio-casters,35,4,pack,300,200,0.000,0.000,1.000,—,—,3.00,1.000,—,0.000
trio-casters,35,4,boss,180,200,1.000,0.000,0.000,0.441,70.0,1.00,0.559,—,1.392
trio-casters,35,4,boss,300,200,1.000,0.000,0.000,0.441,70.0,1.00,0.559,—,1.392
trio-casters,35,5,solo,180,200,1.000,0.000,0.000,0.719,5.0,1.00,0.281,—,1.550
trio-casters,35,5,solo,300,200,1.000,0.000,0.000,0.719,5.0,1.00,0.281,—,1.550
trio-casters,35,5,pack,180,200,0.000,0.000,1.000,—,—,3.00,1.000,—,0.000
trio-casters,35,5,pack,300,200,0.000,0.000,1.000,—,—,3.00,1.000,—,0.000
trio-casters,35,5,boss,180,200,0.000,0.000,1.000,—,—,3.00,1.000,—,0.000
trio-casters,35,5,boss,300,200,0.000,0.000,1.000,—,—,3.00,1.000,—,0.000
trio-casters,35,6,solo,180,200,0.000,0.000,1.000,—,—,3.00,1.000,—,0.000
trio-casters,35,6,solo,300,200,0.000,0.000,1.000,—,—,3.00,1.000,—,0.000
trio-casters,35,6,pack,180,200,0.000,0.000,1.000,—,—,3.00,1.000,—,0.000
trio-casters,35,6,pack,300,200,0.000,0.000,1.000,—,—,3.00,1.000,—,0.000
trio-casters,35,6,boss,180,200,0.000,0.000,1.000,—,—,3.00,1.000,—,0.000
trio-casters,35,6,boss,300,200,0.000,0.000,1.000,—,—,3.00,1.000,—,0.000
trio-casters,35,7,solo,180,200,0.000,0.000,1.000,—,—,3.00,1.000,—,0.000
trio-casters,35,7,solo,300,200,0.000,0.000,1.000,—,—,3.00,1.000,—,0.000
trio-casters,35,7,pack,180,200,0.000,0.000,1.000,—,—,3.00,1.000,—,0.000
trio-casters,35,7,pack,300,200,0.000,0.000,1.000,—,—,3.00,1.000,—,0.000
trio-casters,35,7,boss,180,200,0.000,0.000,1.000,—,—,3.00,1.000,—,0.000
trio-casters,35,7,boss,300,200,0.000,0.000,1.000,—,—,3.00,1.000,—,0.000
trio-casters,35,8,solo,180,200,0.000,0.000,1.000,—,—,3.00,1.000,—,0.000
trio-casters,35,8,solo,300,200,0.000,0.000,1.000,—,—,3.00,1.000,—,0.000
trio-casters,35,8,pack,180,200,0.000,0.000,1.000,—,—,3.00,1.000,—,0.000
trio-casters,35,8,pack,300,200,0.000,0.000,1.000,—,—,3.00,1.000,—,0.000
trio-casters,35,8,boss,180,200,0.000,0.000,1.000,—,—,3.00,1.000,—,0.000
trio-casters,35,8,boss,300,200,0.000,0.000,1.000,—,—,3.00,1.000,—,0.000
trio-casters,50,1,solo,180,200,1.000,0.000,0.000,1.000,0.0,0.00,0.000,—,1.800
trio-casters,50,1,solo,300,200,1.000,0.000,0.000,1.000,0.0,0.00,0.000,—,1.800
trio-casters,50,1,pack,180,200,1.000,0.000,0.000,0.988,1.0,0.00,0.012,—,1.793
trio-casters,50,1,pack,300,200,1.000,0.000,0.000,0.988,1.0,0.00,0.012,—,1.793
trio-casters,50,1,boss,180,200,1.000,0.000,0.000,0.982,2.0,0.00,0.018,—,1.789
trio-casters,50,1,boss,300,200,1.000,0.000,0.000,0.982,2.0,0.00,0.018,—,1.789
trio-casters,50,2,solo,180,200,1.000,0.000,0.000,1.000,0.0,0.00,0.000,—,1.800
trio-casters,50,2,solo,300,200,1.000,0.000,0.000,1.000,0.0,0.00,0.000,—,1.800
trio-casters,50,2,pack,180,200,1.000,0.000,0.000,0.978,1.0,0.00,0.022,—,1.787
trio-casters,50,2,pack,300,200,1.000,0.000,0.000,0.978,1.0,0.00,0.022,—,1.787
trio-casters,50,2,boss,180,200,1.000,0.000,0.000,0.936,3.1,0.00,0.064,—,1.762
trio-casters,50,2,boss,300,200,1.000,0.000,0.000,0.936,3.1,0.00,0.064,—,1.762
trio-casters,50,3,solo,180,200,1.000,0.000,0.000,1.000,0.0,0.00,0.000,—,1.800
trio-casters,50,3,solo,300,200,1.000,0.000,0.000,1.000,0.0,0.00,0.000,—,1.800
trio-casters,50,3,pack,180,200,1.000,0.000,0.000,0.884,3.1,0.00,0.116,—,1.730
trio-casters,50,3,pack,300,200,1.000,0.000,0.000,0.884,3.1,0.00,0.116,—,1.730
trio-casters,50,3,boss,180,200,1.000,0.000,0.000,1.000,5.1,0.00,0.000,—,1.800
trio-casters,50,3,boss,300,200,1.000,0.000,0.000,1.000,5.1,0.00,0.000,—,1.800
trio-casters,50,4,solo,180,200,1.000,0.000,0.000,1.000,0.0,0.00,0.000,—,1.800
trio-casters,50,4,solo,300,200,1.000,0.000,0.000,1.000,0.0,0.00,0.000,—,1.800
trio-casters,50,4,pack,180,200,1.000,0.000,0.000,0.654,15.0,1.00,0.346,—,1.593
trio-casters,50,4,pack,300,200,1.000,0.000,0.000,0.654,15.0,1.00,0.346,—,1.593
trio-casters,50,4,boss,180,200,1.000,0.000,0.000,0.791,10.0,0.00,0.209,—,1.675
trio-casters,50,4,boss,300,200,1.000,0.000,0.000,0.791,10.0,0.00,0.209,—,1.675
trio-casters,50,5,solo,180,200,1.000,0.000,0.000,0.875,2.0,0.00,0.125,—,1.725
trio-casters,50,5,solo,300,200,1.000,0.000,0.000,0.875,2.0,0.00,0.125,—,1.725
trio-casters,50,5,pack,180,200,0.000,0.000,1.000,—,—,3.00,1.000,—,0.000
trio-casters,50,5,pack,300,200,0.000,0.000,1.000,—,—,3.00,1.000,—,0.000
trio-casters,50,5,boss,180,200,0.000,0.000,1.000,—,—,3.00,1.000,—,0.000
trio-casters,50,5,boss,300,200,0.000,0.000,1.000,—,—,3.00,1.000,—,0.000
trio-casters,50,6,solo,180,200,0.000,0.000,1.000,—,—,3.00,1.000,—,0.000
trio-casters,50,6,solo,300,200,0.000,0.000,1.000,—,—,3.00,1.000,—,0.000
trio-casters,50,6,pack,180,200,0.000,0.000,1.000,—,—,3.00,1.000,—,0.000
trio-casters,50,6,pack,300,200,0.000,0.000,1.000,—,—,3.00,1.000,—,0.000
trio-casters,50,6,boss,180,200,0.000,0.000,1.000,—,—,3.00,1.000,—,0.000
trio-casters,50,6,boss,300,200,0.000,0.000,1.000,—,—,3.00,1.000,—,0.000
trio-casters,50,7,solo,180,200,0.000,0.000,1.000,—,—,3.00,1.000,—,0.000
trio-casters,50,7,solo,300,200,0.000,0.000,1.000,—,—,3.00,1.000,—,0.000
trio-casters,50,7,pack,180,200,0.000,0.000,1.000,—,—,3.00,1.000,—,0.000
trio-casters,50,7,pack,300,200,0.000,0.000,1.000,—,—,3.00,1.000,—,0.000
trio-casters,50,7,boss,180,200,0.000,0.000,1.000,—,—,3.00,1.000,—,0.000
trio-casters,50,7,boss,300,200,0.000,0.000,1.000,—,—,3.00,1.000,—,0.000
trio-casters,50,8,solo,180,200,0.000,0.000,1.000,—,—,3.00,1.000,—,0.000
trio-casters,50,8,solo,300,200,0.000,0.000,1.000,—,—,3.00,1.000,—,0.000
trio-casters,50,8,pack,180,200,0.000,0.000,1.000,—,—,3.00,1.000,—,0.000
trio-casters,50,8,pack,300,200,0.000,0.000,1.000,—,—,3.00,1.000,—,0.000
trio-casters,50,8,boss,180,200,0.000,0.000,1.000,—,—,3.00,1.000,—,0.000
trio-casters,50,8,boss,300,200,0.000,0.000,1.000,—,—,3.00,1.000,—,0.000
trio-double-tank,1,1,solo,180,200,1.000,0.000,0.000,0.948,6.0,0.00,0.052,1.000,1.480
trio-double-tank,1,1,solo,300,200,1.000,0.000,0.000,0.949,6.0,0.00,0.051,1.000,1.480
trio-double-tank,1,1,pack,180,200,1.000,0.000,0.000,0.986,36.0,0.00,0.014,1.000,1.499
trio-double-tank,1,1,pack,300,200,1.000,0.000,0.000,0.987,36.0,0.00,0.013,1.000,1.499
trio-double-tank,1,1,boss,180,200,1.000,0.000,0.000,0.998,76.6,0.00,0.002,1.000,1.505
trio-double-tank,1,1,boss,300,200,1.000,0.000,0.000,0.998,77.0,0.00,0.002,1.000,1.505
trio-double-tank,1,2,solo,180,200,1.000,0.000,0.000,0.998,18.0,0.00,0.002,1.000,1.505
trio-double-tank,1,2,solo,300,200,1.000,0.000,0.000,0.998,18.0,0.00,0.002,1.000,1.505
trio-double-tank,1,2,pack,180,200,0.000,0.000,1.000,—,—,3.00,1.000,0.731,0.000
trio-double-tank,1,2,pack,300,200,0.000,0.000,1.000,—,—,3.00,1.000,0.733,0.000
trio-double-tank,1,2,boss,180,200,0.205,0.555,0.240,0.781,156.0,1.44,0.640,0.942,0.286
trio-double-tank,1,2,boss,300,200,0.260,0.225,0.515,0.729,168.7,1.86,0.720,0.923,0.356
trio-double-tank,1,3,solo,180,200,1.000,0.000,0.000,0.635,49.6,0.46,0.365,1.000,1.323
trio-double-tank,1,3,solo,300,200,1.000,0.000,0.000,0.632,49.2,0.47,0.368,1.000,1.321
trio-double-tank,1,3,pack,180,200,0.000,0.000,1.000,—,—,3.00,1.000,0.761,0.000
trio-double-tank,1,3,pack,300,200,0.000,0.000,1.000,—,—,3.00,1.000,0.761,0.000
trio-double-tank,1,3,boss,180,200,0.000,0.000,1.000,—,—,3.00,1.000,0.773,0.000
trio-double-tank,1,3,boss,300,200,0.000,0.000,1.000,—,—,3.00,1.000,0.771,0.000
trio-double-tank,1,4,solo,180,200,0.000,0.000,1.000,—,—,3.00,1.000,0.791,0.000
trio-double-tank,1,4,solo,300,200,0.000,0.000,1.000,—,—,3.00,1.000,0.787,0.000
trio-double-tank,1,4,pack,180,200,0.000,0.000,1.000,—,—,3.00,1.000,0.681,0.000
trio-double-tank,1,4,pack,300,200,0.000,0.000,1.000,—,—,3.00,1.000,0.679,0.000
trio-double-tank,1,4,boss,180,200,0.000,0.000,1.000,—,—,3.00,1.000,0.692,0.000
trio-double-tank,1,4,boss,300,200,0.000,0.000,1.000,—,—,3.00,1.000,0.690,0.000
trio-double-tank,1,5,solo,180,200,0.000,0.000,1.000,—,—,3.00,1.000,0.805,0.000
trio-double-tank,1,5,solo,300,200,0.000,0.000,1.000,—,—,3.00,1.000,0.804,0.000
trio-double-tank,1,5,pack,180,200,0.000,0.000,1.000,—,—,3.00,1.000,0.802,0.000
trio-double-tank,1,5,pack,300,200,0.000,0.000,1.000,—,—,3.00,1.000,0.802,0.000
trio-double-tank,1,5,boss,180,200,0.000,0.000,1.000,—,—,3.00,1.000,0.762,0.000
trio-double-tank,1,5,boss,300,200,0.000,0.000,1.000,—,—,3.00,1.000,0.761,0.000
trio-double-tank,1,6,solo,180,200,0.000,0.000,1.000,—,—,3.00,1.000,0.687,0.000
trio-double-tank,1,6,solo,300,200,0.000,0.000,1.000,—,—,3.00,1.000,0.683,0.000
trio-double-tank,1,6,pack,180,200,0.000,0.000,1.000,—,—,3.00,1.000,0.682,0.000
trio-double-tank,1,6,pack,300,200,0.000,0.000,1.000,—,—,3.00,1.000,0.682,0.000
trio-double-tank,1,6,boss,180,200,0.000,0.000,1.000,—,—,3.00,1.000,0.675,0.000
trio-double-tank,1,6,boss,300,200,0.000,0.000,1.000,—,—,3.00,1.000,0.673,0.000
trio-double-tank,1,7,solo,180,200,0.000,0.000,1.000,—,—,3.00,1.000,0.671,0.000
trio-double-tank,1,7,solo,300,200,0.000,0.000,1.000,—,—,3.00,1.000,0.668,0.000
trio-double-tank,1,7,pack,180,200,0.000,0.000,1.000,—,—,3.00,1.000,0.670,0.000
trio-double-tank,1,7,pack,300,200,0.000,0.000,1.000,—,—,3.00,1.000,0.672,0.000
trio-double-tank,1,7,boss,180,200,0.000,0.000,1.000,—,—,3.00,1.000,0.673,0.000
trio-double-tank,1,7,boss,300,200,0.000,0.000,1.000,—,—,3.00,1.000,0.671,0.000
trio-double-tank,1,8,solo,180,200,0.000,0.000,1.000,—,—,3.00,1.000,0.671,0.000
trio-double-tank,1,8,solo,300,200,0.000,0.000,1.000,—,—,3.00,1.000,0.668,0.000
trio-double-tank,1,8,pack,180,200,0.000,0.000,1.000,—,—,3.00,1.000,0.669,0.000
trio-double-tank,1,8,pack,300,200,0.000,0.000,1.000,—,—,3.00,1.000,0.669,0.000
trio-double-tank,1,8,boss,180,200,0.000,0.000,1.000,—,—,3.00,1.000,0.672,0.000
trio-double-tank,1,8,boss,300,200,0.000,0.000,1.000,—,—,3.00,1.000,0.672,0.000
trio-double-tank,5,1,solo,180,200,1.000,0.000,0.000,1.000,0.0,0.00,0.000,—,1.530
trio-double-tank,5,1,solo,300,200,1.000,0.000,0.000,1.000,0.0,0.00,0.000,—,1.530
trio-double-tank,5,1,pack,180,200,1.000,0.000,0.000,0.924,12.0,0.00,0.076,1.000,1.491
trio-double-tank,5,1,pack,300,200,1.000,0.000,0.000,0.924,12.0,0.00,0.076,1.000,1.491
trio-double-tank,5,1,boss,180,200,1.000,0.000,0.000,0.998,41.6,0.00,0.002,1.000,1.529
trio-double-tank,5,1,boss,300,200,1.000,0.000,0.000,0.999,41.8,0.00,0.001,1.000,1.530
trio-double-tank,5,2,solo,180,200,1.000,0.000,0.000,0.947,6.0,0.00,0.053,1.000,1.503
trio-double-tank,5,2,solo,300,200,1.000,0.000,0.000,0.947,6.0,0.00,0.053,1.000,1.503
trio-double-tank,5,2,pack,180,200,1.000,0.000,0.000,0.960,47.7,0.00,0.040,1.000,1.509
trio-double-tank,5,2,pack,300,200,1.000,0.000,0.000,0.960,47.7,0.00,0.040,1.000,1.510
trio-double-tank,5,2,boss,180,200,1.000,0.000,0.000,0.999,92.7,0.00,0.001,1.000,1.530
trio-double-tank,5,2,boss,300,200,1.000,0.000,0.000,0.998,92.9,0.00,0.002,1.000,1.529
trio-double-tank,5,3,solo,180,200,1.000,0.000,0.000,0.905,22.9,0.00,0.095,1.000,1.482
trio-double-tank,5,3,solo,300,200,1.000,0.000,0.000,0.907,22.8,0.00,0.093,1.000,1.483
trio-double-tank,5,3,pack,180,200,0.000,0.000,1.000,—,—,3.00,1.000,0.815,0.000
trio-double-tank,5,3,pack,300,200,0.000,0.000,1.000,—,—,3.00,1.000,0.815,0.000
trio-double-tank,5,3,boss,180,200,0.000,0.000,1.000,—,—,3.00,1.000,0.739,0.000
trio-double-tank,5,3,boss,300,200,0.000,0.000,1.000,—,—,3.00,1.000,0.740,0.000
trio-double-tank,5,4,solo,180,200,0.145,0.000,0.855,0.461,60.9,2.77,0.933,0.843,0.182
trio-double-tank,5,4,solo,300,200,0.100,0.000,0.900,0.500,61.9,2.81,0.950,0.839,0.128
trio-double-tank,5,4,pack,180,200,0.000,0.000,1.000,—,—,3.00,1.000,0.753,0.000
trio-double-tank,5,4,pack,300,200,0.000,0.000,1.000,—,—,3.00,1.000,0.747,0.000
trio-double-tank,5,4,boss,180,200,0.000,0.000,1.000,—,—,3.00,1.000,0.744,0.000
trio-double-tank,5,4,boss,300,200,0.000,0.000,1.000,—,—,3.00,1.000,0.743,0.000
trio-double-tank,5,5,solo,180,200,0.000,0.000,1.000,—,—,3.00,1.000,0.848,0.000
trio-double-tank,5,5,solo,300,200,0.000,0.000,1.000,—,—,3.00,1.000,0.846,0.000
trio-double-tank,5,5,pack,180,200,0.000,0.000,1.000,—,—,3.00,1.000,0.810,0.000
trio-double-tank,5,5,pack,300,200,0.000,0.000,1.000,—,—,3.00,1.000,0.808,0.000
trio-double-tank,5,5,boss,180,200,0.000,0.000,1.000,—,—,3.00,1.000,0.677,0.000
trio-double-tank,5,5,boss,300,200,0.000,0.000,1.000,—,—,3.00,1.000,0.678,0.000
trio-double-tank,5,6,solo,180,200,0.000,0.000,1.000,—,—,3.00,1.000,0.691,0.000
trio-double-tank,5,6,solo,300,200,0.000,0.000,1.000,—,—,3.00,1.000,0.693,0.000
trio-double-tank,5,6,pack,180,200,0.000,0.000,1.000,—,—,3.00,1.000,0.684,0.000
trio-double-tank,5,6,pack,300,200,0.000,0.000,1.000,—,—,3.00,1.000,0.686,0.000
trio-double-tank,5,6,boss,180,200,0.000,0.000,1.000,—,—,3.00,1.000,0.763,0.000
trio-double-tank,5,6,boss,300,200,0.000,0.000,1.000,—,—,3.00,1.000,0.756,0.000
trio-double-tank,5,7,solo,180,200,0.000,0.000,1.000,—,—,3.00,1.000,0.671,0.000
trio-double-tank,5,7,solo,300,200,0.000,0.000,1.000,—,—,3.00,1.000,0.672,0.000
trio-double-tank,5,7,pack,180,200,0.000,0.000,1.000,—,—,3.00,1.000,0.670,0.000
trio-double-tank,5,7,pack,300,200,0.000,0.000,1.000,—,—,3.00,1.000,0.671,0.000
trio-double-tank,5,7,boss,180,200,0.000,0.000,1.000,—,—,3.00,1.000,0.677,0.000
trio-double-tank,5,7,boss,300,200,0.000,0.000,1.000,—,—,3.00,1.000,0.676,0.000
trio-double-tank,5,8,solo,180,200,0.000,0.000,1.000,—,—,3.00,1.000,0.671,0.000
trio-double-tank,5,8,solo,300,200,0.000,0.000,1.000,—,—,3.00,1.000,0.671,0.000
trio-double-tank,5,8,pack,180,200,0.000,0.000,1.000,—,—,3.00,1.000,0.669,0.000
trio-double-tank,5,8,pack,300,200,0.000,0.000,1.000,—,—,3.00,1.000,0.671,0.000
trio-double-tank,5,8,boss,180,200,0.000,0.000,1.000,—,—,3.00,1.000,0.673,0.000
trio-double-tank,5,8,boss,300,200,0.000,0.000,1.000,—,—,3.00,1.000,0.673,0.000
trio-double-tank,10,1,solo,180,200,1.000,0.000,0.000,1.000,0.0,0.00,0.000,—,1.560
trio-double-tank,10,1,solo,300,200,1.000,0.000,0.000,1.000,0.0,0.00,0.000,—,1.560
trio-double-tank,10,1,pack,180,200,1.000,0.000,0.000,0.958,6.0,0.00,0.042,1.000,1.538
trio-double-tank,10,1,pack,300,200,1.000,0.000,0.000,0.958,6.0,0.00,0.042,1.000,1.538
trio-double-tank,10,1,boss,180,200,1.000,0.000,0.000,0.900,18.0,0.00,0.100,1.000,1.508
trio-double-tank,10,1,boss,300,200,1.000,0.000,0.000,0.901,18.0,0.00,0.099,1.000,1.508
trio-double-tank,10,2,solo,180,200,1.000,0.000,0.000,0.945,4.1,0.00,0.055,1.000,1.531
trio-double-tank,10,2,solo,300,200,1.000,0.000,0.000,0.943,4.1,0.00,0.057,1.000,1.530
trio-double-tank,10,2,pack,180,200,1.000,0.000,0.000,1.000,29.8,0.00,0.000,1.000,1.560
trio-double-tank,10,2,pack,300,200,1.000,0.000,0.000,1.000,29.7,0.00,0.000,1.000,1.560
trio-double-tank,10,2,boss,180,200,1.000,0.000,0.000,0.992,57.3,0.00,0.008,1.000,1.556
trio-double-tank,10,2,boss,300,200,1.000,0.000,0.000,0.994,56.7,0.00,0.006,1.000,1.557
trio-double-tank,10,3,solo,180,200,1.000,0.000,0.000,0.948,11.7,0.00,0.052,1.000,1.533
trio-double-tank,10,3,solo,300,200,1.000,0.000,0.000,0.948,11.8,0.00,0.052,1.000,1.533
trio-double-tank,10,3,pack,180,200,1.000,0.000,0.000,0.807,73.4,0.50,0.193,1.000,1.460
trio-double-tank,10,3,pack,300,200,1.000,0.000,0.000,0.842,70.0,0.41,0.158,1.000,1.478
trio-double-tank,10,3,boss,180,200,1.000,0.000,0.000,0.947,113.1,0.00,0.053,1.000,1.533
trio-double-tank,10,3,boss,300,200,1.000,0.000,0.000,0.947,113.1,0.00,0.053,1.000,1.533
trio-double-tank,10,4,solo,180,200,1.000,0.000,0.000,0.922,35.3,0.00,0.078,1.000,1.519
trio-double-tank,10,4,solo,300,200,1.000,0.000,0.000,0.915,35.7,0.00,0.085,1.000,1.516
trio-double-tank,10,4,pack,180,200,0.000,0.000,1.000,—,—,3.00,1.000,0.783,0.000
trio-double-tank,10,4,pack,300,200,0.000,0.000,1.000,—,—,3.00,1.000,0.781,0.000
trio-double-tank,10,4,boss,180,200,0.000,0.000,1.000,—,—,3.00,1.000,0.833,0.000
trio-double-tank,10,4,boss,300,200,0.000,0.000,1.000,—,—,3.00,1.000,0.832,0.000
trio-double-tank,10,5,solo,180,200,0.000,0.000,1.000,—,—,3.00,1.000,0.834,0.000
trio-double-tank,10,5,solo,300,200,0.000,0.000,1.000,—,—,3.00,1.000,0.838,0.000
trio-double-tank,10,5,pack,180,200,0.000,0.000,1.000,—,—,3.00,1.000,0.756,0.000
trio-double-tank,10,5,pack,300,200,0.000,0.000,1.000,—,—,3.00,1.000,0.756,0.000
trio-double-tank,10,5,boss,180,200,0.000,0.000,1.000,—,—,3.00,1.000,0.764,0.000
trio-double-tank,10,5,boss,300,200,0.000,0.000,1.000,—,—,3.00,1.000,0.759,0.000
trio-double-tank,10,6,solo,180,200,0.000,0.000,1.000,—,—,3.00,1.000,0.809,0.000
trio-double-tank,10,6,solo,300,200,0.000,0.000,1.000,—,—,3.00,1.000,0.812,0.000
trio-double-tank,10,6,pack,180,200,0.000,0.000,1.000,—,—,3.00,1.000,0.803,0.000
trio-double-tank,10,6,pack,300,200,0.000,0.000,1.000,—,—,3.00,1.000,0.804,0.000
trio-double-tank,10,6,boss,180,200,0.000,0.000,1.000,—,—,3.00,1.000,0.770,0.000
trio-double-tank,10,6,boss,300,200,0.000,0.000,1.000,—,—,3.00,1.000,0.768,0.000
trio-double-tank,10,7,solo,180,200,0.000,0.000,1.000,—,—,3.00,1.000,0.690,0.000
trio-double-tank,10,7,solo,300,200,0.000,0.000,1.000,—,—,3.00,1.000,0.689,0.000
trio-double-tank,10,7,pack,180,200,0.000,0.000,1.000,—,—,3.00,1.000,0.696,0.000
trio-double-tank,10,7,pack,300,200,0.000,0.000,1.000,—,—,3.00,1.000,0.690,0.000
trio-double-tank,10,7,boss,180,200,0.000,0.000,1.000,—,—,3.00,1.000,0.682,0.000
trio-double-tank,10,7,boss,300,200,0.000,0.000,1.000,—,—,3.00,1.000,0.684,0.000
trio-double-tank,10,8,solo,180,200,0.000,0.000,1.000,—,—,3.00,1.000,0.669,0.000
trio-double-tank,10,8,solo,300,200,0.000,0.000,1.000,—,—,3.00,1.000,0.673,0.000
trio-double-tank,10,8,pack,180,200,0.000,0.000,1.000,—,—,3.00,1.000,0.671,0.000
trio-double-tank,10,8,pack,300,200,0.000,0.000,1.000,—,—,3.00,1.000,0.669,0.000
trio-double-tank,10,8,boss,180,200,0.000,0.000,1.000,—,—,3.00,1.000,0.671,0.000
trio-double-tank,10,8,boss,300,200,0.000,0.000,1.000,—,—,3.00,1.000,0.672,0.000
trio-double-tank,20,1,solo,180,200,1.000,0.000,0.000,1.000,0.0,0.00,0.000,—,1.620
trio-double-tank,20,1,solo,300,200,1.000,0.000,0.000,1.000,0.0,0.00,0.000,—,1.620
trio-double-tank,20,1,pack,180,200,1.000,0.000,0.000,0.985,6.0,0.00,0.015,1.000,1.612
trio-double-tank,20,1,pack,300,200,1.000,0.000,0.000,0.986,6.0,0.00,0.014,1.000,1.612
trio-double-tank,20,1,boss,180,200,1.000,0.000,0.000,0.968,12.0,0.00,0.032,1.000,1.603
trio-double-tank,20,1,boss,300,200,1.000,0.000,0.000,0.969,12.0,0.00,0.031,1.000,1.603
trio-double-tank,20,2,solo,180,200,1.000,0.000,0.000,1.000,0.0,0.00,0.000,—,1.620
trio-double-tank,20,2,solo,300,200,1.000,0.000,0.000,1.000,0.0,0.00,0.000,—,1.620
trio-double-tank,20,2,pack,180,200,1.000,0.000,0.000,0.945,12.0,0.00,0.055,1.000,1.591
trio-double-tank,20,2,pack,300,200,1.000,0.000,0.000,0.944,12.0,0.00,0.056,1.000,1.590
trio-double-tank,20,2,boss,180,200,1.000,0.000,0.000,0.939,19.3,0.00,0.061,1.000,1.587
trio-double-tank,20,2,boss,300,200,1.000,0.000,0.000,0.939,19.5,0.00,0.061,1.000,1.587
trio-double-tank,20,3,solo,180,200,1.000,0.000,0.000,0.946,6.0,0.00,0.054,1.000,1.591
trio-double-tank,20,3,solo,300,200,1.000,0.000,0.000,0.945,6.0,0.00,0.055,1.000,1.590
trio-double-tank,20,3,pack,180,200,1.000,0.000,0.000,0.989,35.9,0.00,0.011,1.000,1.614
trio-double-tank,20,3,pack,300,200,1.000,0.000,0.000,0.990,35.9,0.00,0.010,1.000,1.614
trio-double-tank,20,3,boss,180,200,1.000,0.000,0.000,0.999,68.2,0.00,0.001,1.000,1.619
trio-double-tank,20,3,boss,300,200,1.000,0.000,0.000,0.999,68.0,0.00,0.001,1.000,1.619
trio-double-tank,20,4,solo,180,200,1.000,0.000,0.000,0.978,17.0,0.00,0.022,1.000,1.608
trio-double-tank,20,4,solo,300,200,1.000,0.000,0.000,0.978,17.0,0.00,0.022,1.000,1.608
trio-double-tank,20,4,pack,180,200,1.000,0.000,0.000,0.802,98.8,0.49,0.198,1.000,1.513
trio-double-tank,20,4,pack,300,200,1.000,0.000,0.000,0.799,99.5,0.51,0.201,1.000,1.511
trio-double-tank,20,4,boss,180,200,1.000,0.000,0.000,0.996,143.6,0.00,0.004,1.000,1.618
trio-double-tank,20,4,boss,300,200,1.000,0.000,0.000,0.997,143.7,0.00,0.003,1.000,1.618
trio-double-tank,20,5,solo,180,200,1.000,0.000,0.000,0.921,47.1,0.00,0.079,1.000,1.578
trio-double-tank,20,5,solo,300,200,1.000,0.000,0.000,0.925,46.9,0.00,0.075,1.000,1.580
trio-double-tank,20,5,pack,180,200,0.000,0.000,1.000,—,—,3.00,1.000,0.851,0.000
trio-double-tank,20,5,pack,300,200,0.000,0.000,1.000,—,—,3.00,1.000,0.847,0.000
trio-double-tank,20,5,boss,180,200,0.000,0.000,1.000,—,—,3.00,1.000,0.821,0.000
trio-double-tank,20,5,boss,300,200,0.000,0.000,1.000,—,—,3.00,1.000,0.822,0.000
trio-double-tank,20,6,solo,180,200,0.000,0.000,1.000,—,—,3.00,1.000,0.924,0.000
trio-double-tank,20,6,solo,300,200,0.000,0.000,1.000,—,—,3.00,1.000,0.926,0.000
trio-double-tank,20,6,pack,180,200,0.000,0.000,1.000,—,—,3.00,1.000,0.871,0.000
trio-double-tank,20,6,pack,300,200,0.000,0.000,1.000,—,—,3.00,1.000,0.870,0.000
trio-double-tank,20,6,boss,180,200,0.000,0.000,1.000,—,—,3.00,1.000,0.733,0.000
trio-double-tank,20,6,boss,300,200,0.000,0.000,1.000,—,—,3.00,1.000,0.729,0.000
trio-double-tank,20,7,solo,180,200,0.000,0.000,1.000,—,—,3.00,1.000,0.818,0.000
trio-double-tank,20,7,solo,300,200,0.000,0.000,1.000,—,—,3.00,1.000,0.817,0.000
trio-double-tank,20,7,pack,180,200,0.000,0.000,1.000,—,—,3.00,1.000,0.806,0.000
trio-double-tank,20,7,pack,300,200,0.000,0.000,1.000,—,—,3.00,1.000,0.806,0.000
trio-double-tank,20,7,boss,180,200,0.000,0.000,1.000,—,—,3.00,1.000,0.778,0.000
trio-double-tank,20,7,boss,300,200,0.000,0.000,1.000,—,—,3.00,1.000,0.779,0.000
trio-double-tank,20,8,solo,180,200,0.000,0.000,1.000,—,—,3.00,1.000,0.705,0.000
trio-double-tank,20,8,solo,300,200,0.000,0.000,1.000,—,—,3.00,1.000,0.703,0.000
trio-double-tank,20,8,pack,180,200,0.000,0.000,1.000,—,—,3.00,1.000,0.715,0.000
trio-double-tank,20,8,pack,300,200,0.000,0.000,1.000,—,—,3.00,1.000,0.714,0.000
trio-double-tank,20,8,boss,180,200,0.000,0.000,1.000,—,—,3.00,1.000,0.688,0.000
trio-double-tank,20,8,boss,300,200,0.000,0.000,1.000,—,—,3.00,1.000,0.687,0.000
trio-double-tank,35,1,solo,180,200,1.000,0.000,0.000,1.000,0.0,0.00,0.000,—,1.710
trio-double-tank,35,1,solo,300,200,1.000,0.000,0.000,1.000,0.0,0.00,0.000,—,1.710
trio-double-tank,35,1,pack,180,200,1.000,0.000,0.000,1.000,0.0,0.00,0.000,—,1.710
trio-double-tank,35,1,pack,300,200,1.000,0.000,0.000,1.000,0.0,0.00,0.000,—,1.710
trio-double-tank,35,1,boss,180,200,1.000,0.000,0.000,1.000,6.0,0.00,0.000,1.000,1.710
trio-double-tank,35,1,boss,300,200,1.000,0.000,0.000,1.000,6.0,0.00,0.000,1.000,1.710
trio-double-tank,35,2,solo,180,200,1.000,0.000,0.000,1.000,0.0,0.00,0.000,—,1.710
trio-double-tank,35,2,solo,300,200,1.000,0.000,0.000,1.000,0.0,0.00,0.000,—,1.710
trio-double-tank,35,2,pack,180,200,1.000,0.000,0.000,0.986,6.0,0.00,0.014,1.000,1.702
trio-double-tank,35,2,pack,300,200,1.000,0.000,0.000,0.985,6.0,0.00,0.015,1.000,1.702
trio-double-tank,35,2,boss,180,200,1.000,0.000,0.000,0.988,12.0,0.00,0.012,1.000,1.703
trio-double-tank,35,2,boss,300,200,1.000,0.000,0.000,0.989,12.0,0.00,0.011,1.000,1.704
trio-double-tank,35,3,solo,180,200,1.000,0.000,0.000,1.000,0.0,0.00,0.000,—,1.710
trio-double-tank,35,3,solo,300,200,1.000,0.000,0.000,1.000,0.0,0.00,0.000,—,1.710
trio-double-tank,35,3,pack,180,200,1.000,0.000,0.000,0.949,12.0,0.00,0.051,1.000,1.681
trio-double-tank,35,3,pack,300,200,1.000,0.000,0.000,0.950,12.0,0.00,0.050,1.000,1.681
trio-double-tank,35,3,boss,180,200,1.000,0.000,0.000,0.913,24.5,0.00,0.087,1.000,1.660
trio-double-tank,35,3,boss,300,200,1.000,0.000,0.000,0.915,24.7,0.00,0.085,1.000,1.662
trio-double-tank,35,4,solo,180,200,1.000,0.000,0.000,0.949,6.0,0.00,0.051,1.000,1.681
trio-double-tank,35,4,solo,300,200,1.000,0.000,0.000,0.947,6.0,0.00,0.053,1.000,1.680
trio-double-tank,35,4,pack,180,200,1.000,0.000,0.000,0.976,47.6,0.00,0.024,1.000,1.696
trio-double-tank,35,4,pack,300,200,1.000,0.000,0.000,0.975,47.5,0.00,0.025,1.000,1.696
trio-double-tank,35,4,boss,180,200,1.000,0.000,0.000,0.999,89.4,0.00,0.001,1.000,1.709
trio-double-tank,35,4,boss,300,200,1.000,0.000,0.000,0.997,89.6,0.00,0.003,1.000,1.708
trio-double-tank,35,5,solo,180,200,1.000,0.000,0.000,0.965,22.5,0.00,0.035,1.000,1.690
trio-double-tank,35,5,solo,300,200,1.000,0.000,0.000,0.966,22.4,0.00,0.034,1.000,1.691
trio-double-tank,35,5,pack,180,200,1.000,0.000,0.000,0.899,111.3,0.16,0.101,1.000,1.652
trio-double-tank,35,5,pack,300,200,1.000,0.000,0.000,0.912,108.9,0.13,0.088,1.000,1.660
trio-double-tank,35,5,boss,180,200,0.055,0.945,0.000,0.985,179.9,0.00,0.069,1.000,0.094
trio-double-tank,35,5,boss,300,200,1.000,0.000,0.000,0.998,193.2,0.00,0.002,1.000,1.709
trio-double-tank,35,6,solo,180,200,1.000,0.000,0.000,0.988,70.3,0.00,0.012,1.000,1.703
trio-double-tank,35,6,solo,300,200,1.000,0.000,0.000,0.989,70.2,0.00,0.011,1.000,1.704
trio-double-tank,35,6,pack,180,200,0.000,0.000,1.000,—,—,3.00,1.000,0.853,0.000
trio-double-tank,35,6,pack,300,200,0.000,0.000,1.000,—,—,3.00,1.000,0.852,0.000
trio-double-tank,35,6,boss,180,200,0.000,0.000,1.000,—,—,3.00,1.000,0.866,0.000
trio-double-tank,35,6,boss,300,200,0.000,0.000,1.000,—,—,3.00,1.000,0.868,0.000
trio-double-tank,35,7,solo,180,200,0.000,0.000,1.000,—,—,3.00,1.000,0.939,0.000
trio-double-tank,35,7,solo,300,200,0.000,0.000,1.000,—,—,3.00,1.000,0.939,0.000
trio-double-tank,35,7,pack,180,200,0.000,0.000,1.000,—,—,3.00,1.000,0.857,0.000
trio-double-tank,35,7,pack,300,200,0.000,0.000,1.000,—,—,3.00,1.000,0.856,0.000
trio-double-tank,35,7,boss,180,200,0.000,0.000,1.000,—,—,3.00,1.000,0.777,0.000
trio-double-tank,35,7,boss,300,200,0.000,0.000,1.000,—,—,3.00,1.000,0.772,0.000
trio-double-tank,35,8,solo,180,200,0.000,0.000,1.000,—,—,3.00,1.000,0.824,0.000
trio-double-tank,35,8,solo,300,200,0.000,0.000,1.000,—,—,3.00,1.000,0.825,0.000
trio-double-tank,35,8,pack,180,200,0.000,0.000,1.000,—,—,3.00,1.000,0.808,0.000
trio-double-tank,35,8,pack,300,200,0.000,0.000,1.000,—,—,3.00,1.000,0.809,0.000
trio-double-tank,35,8,boss,180,200,0.000,0.000,1.000,—,—,3.00,1.000,0.792,0.000
trio-double-tank,35,8,boss,300,200,0.000,0.000,1.000,—,—,3.00,1.000,0.787,0.000
trio-double-tank,50,1,solo,180,200,1.000,0.000,0.000,1.000,0.0,0.00,0.000,—,1.800
trio-double-tank,50,1,solo,300,200,1.000,0.000,0.000,1.000,0.0,0.00,0.000,—,1.800
trio-double-tank,50,1,pack,180,200,1.000,0.000,0.000,1.000,0.0,0.00,0.000,—,1.800
trio-double-tank,50,1,pack,300,200,1.000,0.000,0.000,1.000,0.0,0.00,0.000,—,1.800
trio-double-tank,50,1,boss,180,200,1.000,0.000,0.000,0.992,6.0,0.00,0.008,1.000,1.795
trio-double-tank,50,1,boss,300,200,1.000,0.000,0.000,0.992,6.0,0.00,0.008,1.000,1.795
trio-double-tank,50,2,solo,180,200,1.000,0.000,0.000,1.000,0.0,0.00,0.000,—,1.800
trio-double-tank,50,2,solo,300,200,1.000,0.000,0.000,1.000,0.0,0.00,0.000,—,1.800
trio-double-tank,50,2,pack,180,200,1.000,0.000,0.000,0.990,4.1,0.00,0.010,1.000,1.794
trio-double-tank,50,2,pack,300,200,1.000,0.000,0.000,0.990,4.1,0.00,0.010,1.000,1.794
trio-double-tank,50,2,boss,180,200,1.000,0.000,0.000,0.993,8.2,0.00,0.007,1.000,1.796
trio-double-tank,50,2,boss,300,200,1.000,0.000,0.000,0.992,8.2,0.00,0.008,1.000,1.795
trio-double-tank,50,3,solo,180,200,1.000,0.000,0.000,1.000,0.0,0.00,0.000,—,1.800
trio-double-tank,50,3,solo,300,200,1.000,0.000,0.000,1.000,0.0,0.00,0.000,—,1.800
trio-double-tank,50,3,pack,180,200,1.000,0.000,0.000,0.982,6.0,0.00,0.018,1.000,1.789
trio-double-tank,50,3,pack,300,200,1.000,0.000,0.000,0.982,6.0,0.00,0.018,1.000,1.789
trio-double-tank,50,3,boss,180,200,1.000,0.000,0.000,0.956,18.0,0.00,0.044,1.000,1.774
trio-double-tank,50,3,boss,300,200,1.000,0.000,0.000,0.956,18.0,0.00,0.044,1.000,1.774
trio-double-tank,50,4,solo,180,200,1.000,0.000,0.000,0.968,4.1,0.00,0.032,1.000,1.781
trio-double-tank,50,4,solo,300,200,1.000,0.000,0.000,0.968,4.1,0.00,0.032,1.000,1.781
trio-double-tank,50,4,pack,180,200,1.000,0.000,0.000,0.991,23.9,0.00,0.009,1.000,1.794
trio-double-tank,50,4,pack,300,200,1.000,0.000,0.000,0.989,23.9,0.00,0.011,1.000,1.793
trio-double-tank,50,4,boss,180,200,1.000,0.000,0.000,0.994,58.3,0.00,0.006,1.000,1.797
trio-double-tank,50,4,boss,300,200,1.000,0.000,0.000,0.989,58.0,0.00,0.011,1.000,1.794
trio-double-tank,50,5,solo,180,200,1.000,0.000,0.000,0.930,8.2,0.00,0.070,1.000,1.758
trio-double-tank,50,5,solo,300,200,1.000,0.000,0.000,0.930,8.2,0.00,0.070,1.000,1.758
trio-double-tank,50,5,pack,180,200,1.000,0.000,0.000,0.997,70.7,0.00,0.003,1.000,1.798
trio-double-tank,50,5,pack,300,200,1.000,0.000,0.000,0.996,70.6,0.00,0.004,1.000,1.798
trio-double-tank,50,5,boss,180,200,1.000,0.000,0.000,0.990,136.3,0.00,0.010,1.000,1.794
trio-double-tank,50,5,boss,300,200,1.000,0.000,0.000,0.993,137.0,0.00,0.007,1.000,1.796
trio-double-tank,50,6,solo,180,200,1.000,0.000,0.000,0.974,41.9,0.00,0.026,1.000,1.784
trio-double-tank,50,6,solo,300,200,1.000,0.000,0.000,0.975,41.3,0.00,0.025,1.000,1.785
trio-double-tank,50,6,pack,180,200,0.080,0.170,0.750,0.991,165.0,2.42,0.826,0.974,0.144
trio-double-tank,50,6,pack,300,200,0.240,0.005,0.755,0.834,214.7,2.37,0.797,0.974,0.408
trio-double-tank,50,6,boss,180,200,0.000,1.000,0.000,—,—,0.17,0.146,1.000,0.000
trio-double-tank,50,6,boss,300,200,0.025,0.975,0.000,1.000,298.8,0.20,0.155,1.000,0.045
trio-double-tank,50,7,solo,180,200,1.000,0.000,0.000,0.921,133.9,0.00,0.079,1.000,1.752
trio-double-tank,50,7,solo,300,200,1.000,0.000,0.000,0.918,134.2,0.00,0.082,1.000,1.751
trio-double-tank,50,7,pack,180,200,0.000,0.000,1.000,—,—,3.00,1.000,0.862,0.000
trio-double-tank,50,7,pack,300,200,0.000,0.000,1.000,—,—,3.00,1.000,0.860,0.000
trio-double-tank,50,7,boss,180,200,0.000,0.000,1.000,—,—,3.00,1.000,0.882,0.000
trio-double-tank,50,7,boss,300,200,0.000,0.000,1.000,—,—,3.00,1.000,0.884,0.000
trio-double-tank,50,8,solo,180,200,0.000,0.000,1.000,—,—,3.00,1.000,0.911,0.000
trio-double-tank,50,8,solo,300,200,0.000,0.000,1.000,—,—,3.00,1.000,0.912,0.000
trio-double-tank,50,8,pack,180,200,0.000,0.000,1.000,—,—,3.00,1.000,0.845,0.000
trio-double-tank,50,8,pack,300,200,0.000,0.000,1.000,—,—,3.00,1.000,0.845,0.000
trio-double-tank,50,8,boss,180,200,0.000,0.000,1.000,—,—,3.00,1.000,0.844,0.000
trio-double-tank,50,8,boss,300,200,0.000,0.000,1.000,—,—,3.00,1.000,0.839,0.000
trio-utility,1,1,solo,180,200,1.000,0.000,0.000,0.919,4.8,0.00,0.081,—,1.466
trio-utility,1,1,solo,300,200,1.000,0.000,0.000,0.919,4.8,0.00,0.081,—,1.466
trio-utility,1,1,pack,180,200,1.000,0.000,0.000,0.225,34.8,1.00,0.775,—,1.117
trio-utility,1,1,pack,300,200,1.000,0.000,0.000,0.222,34.9,1.00,0.778,—,1.116
trio-utility,1,1,boss,180,200,0.000,0.000,1.000,—,—,3.00,1.000,—,0.000
trio-utility,1,1,boss,300,200,0.000,0.000,1.000,—,—,3.00,1.000,—,0.000
trio-utility,1,2,solo,180,200,1.000,0.000,0.000,0.638,14.7,0.95,0.362,—,1.324
trio-utility,1,2,solo,300,200,1.000,0.000,0.000,0.638,14.7,0.95,0.362,—,1.324
trio-utility,1,2,pack,180,200,0.000,0.000,1.000,—,—,3.00,1.000,—,0.000
trio-utility,1,2,pack,300,200,0.000,0.000,1.000,—,—,3.00,1.000,—,0.000
trio-utility,1,2,boss,180,200,0.000,0.000,1.000,—,—,3.00,1.000,—,0.000
trio-utility,1,2,boss,300,200,0.000,0.000,1.000,—,—,3.00,1.000,—,0.000
trio-utility,1,3,solo,180,200,0.000,0.000,1.000,—,—,3.00,1.000,—,0.000
trio-utility,1,3,solo,300,200,0.000,0.000,1.000,—,—,3.00,1.000,—,0.000
trio-utility,1,3,pack,180,200,0.000,0.000,1.000,—,—,3.00,1.000,—,0.000
trio-utility,1,3,pack,300,200,0.000,0.000,1.000,—,—,3.00,1.000,—,0.000
trio-utility,1,3,boss,180,200,0.000,0.000,1.000,—,—,3.00,1.000,—,0.000
trio-utility,1,3,boss,300,200,0.000,0.000,1.000,—,—,3.00,1.000,—,0.000
trio-utility,1,4,solo,180,200,0.000,0.000,1.000,—,—,3.00,1.000,—,0.000
trio-utility,1,4,solo,300,200,0.000,0.000,1.000,—,—,3.00,1.000,—,0.000
trio-utility,1,4,pack,180,200,0.000,0.000,1.000,—,—,3.00,1.000,—,0.000
trio-utility,1,4,pack,300,200,0.000,0.000,1.000,—,—,3.00,1.000,—,0.000
trio-utility,1,4,boss,180,200,0.000,0.000,1.000,—,—,3.00,1.000,—,0.000
trio-utility,1,4,boss,300,200,0.000,0.000,1.000,—,—,3.00,1.000,—,0.000
trio-utility,1,5,solo,180,200,0.000,0.000,1.000,—,—,3.00,1.000,—,0.000
trio-utility,1,5,solo,300,200,0.000,0.000,1.000,—,—,3.00,1.000,—,0.000
trio-utility,1,5,pack,180,200,0.000,0.000,1.000,—,—,3.00,1.000,—,0.000
trio-utility,1,5,pack,300,200,0.000,0.000,1.000,—,—,3.00,1.000,—,0.000
trio-utility,1,5,boss,180,200,0.000,0.000,1.000,—,—,3.00,1.000,—,0.000
trio-utility,1,5,boss,300,200,0.000,0.000,1.000,—,—,3.00,1.000,—,0.000
trio-utility,1,6,solo,180,200,0.000,0.000,1.000,—,—,3.00,1.000,—,0.000
trio-utility,1,6,solo,300,200,0.000,0.000,1.000,—,—,3.00,1.000,—,0.000
trio-utility,1,6,pack,180,200,0.000,0.000,1.000,—,—,3.00,1.000,—,0.000
trio-utility,1,6,pack,300,200,0.000,0.000,1.000,—,—,3.00,1.000,—,0.000
trio-utility,1,6,boss,180,200,0.000,0.000,1.000,—,—,3.00,1.000,—,0.000
trio-utility,1,6,boss,300,200,0.000,0.000,1.000,—,—,3.00,1.000,—,0.000
trio-utility,1,7,solo,180,200,0.000,0.000,1.000,—,—,3.00,1.000,—,0.000
trio-utility,1,7,solo,300,200,0.000,0.000,1.000,—,—,3.00,1.000,—,0.000
trio-utility,1,7,pack,180,200,0.000,0.000,1.000,—,—,3.00,1.000,—,0.000
trio-utility,1,7,pack,300,200,0.000,0.000,1.000,—,—,3.00,1.000,—,0.000
trio-utility,1,7,boss,180,200,0.000,0.000,1.000,—,—,3.00,1.000,—,0.000
trio-utility,1,7,boss,300,200,0.000,0.000,1.000,—,—,3.00,1.000,—,0.000
trio-utility,1,8,solo,180,200,0.000,0.000,1.000,—,—,3.00,1.000,—,0.000
trio-utility,1,8,solo,300,200,0.000,0.000,1.000,—,—,3.00,1.000,—,0.000
trio-utility,1,8,pack,180,200,0.000,0.000,1.000,—,—,3.00,1.000,—,0.000
trio-utility,1,8,pack,300,200,0.000,0.000,1.000,—,—,3.00,1.000,—,0.000
trio-utility,1,8,boss,180,200,0.000,0.000,1.000,—,—,3.00,1.000,—,0.000
trio-utility,1,8,boss,300,200,0.000,0.000,1.000,—,—,3.00,1.000,—,0.000
trio-utility,5,1,solo,180,200,1.000,0.000,0.000,0.933,3.2,0.00,0.067,—,1.496
trio-utility,5,1,solo,300,200,1.000,0.000,0.000,0.933,3.2,0.00,0.067,—,1.496
trio-utility,5,1,pack,180,200,1.000,0.000,0.000,0.682,12.9,0.00,0.318,—,1.368
trio-utility,5,1,pack,300,200,1.000,0.000,0.000,0.682,12.9,0.00,0.318,—,1.368
trio-utility,5,1,boss,180,200,1.000,0.000,0.000,0.410,37.3,1.00,0.590,—,1.229
trio-utility,5,1,boss,300,200,1.000,0.000,0.000,0.413,37.1,1.00,0.587,—,1.231
trio-utility,5,2,solo,180,200,1.000,0.000,0.000,0.824,6.5,0.00,0.176,—,1.440
trio-utility,5,2,solo,300,200,1.000,0.000,0.000,0.824,6.5,0.00,0.176,—,1.440
trio-utility,5,2,pack,180,200,0.000,0.000,1.000,—,—,3.00,1.000,—,0.000
trio-utility,5,2,pack,300,200,0.000,0.000,1.000,—,—,3.00,1.000,—,0.000
trio-utility,5,2,boss,180,200,0.000,0.000,1.000,—,—,3.00,1.000,—,0.000
trio-utility,5,2,boss,300,200,0.000,0.000,1.000,—,—,3.00,1.000,—,0.000
trio-utility,5,3,solo,180,200,1.000,0.000,0.000,0.184,25.5,2.00,0.816,—,1.114
trio-utility,5,3,solo,300,200,1.000,0.000,0.000,0.184,25.5,2.00,0.816,—,1.114
trio-utility,5,3,pack,180,200,0.000,0.000,1.000,—,—,3.00,1.000,—,0.000
trio-utility,5,3,pack,300,200,0.000,0.000,1.000,—,—,3.00,1.000,—,0.000
trio-utility,5,3,boss,180,200,0.000,0.000,1.000,—,—,3.00,1.000,—,0.000
trio-utility,5,3,boss,300,200,0.000,0.000,1.000,—,—,3.00,1.000,—,0.000
trio-utility,5,4,solo,180,200,0.000,0.000,1.000,—,—,3.00,1.000,—,0.000
trio-utility,5,4,solo,300,200,0.000,0.000,1.000,—,—,3.00,1.000,—,0.000
trio-utility,5,4,pack,180,200,0.000,0.000,1.000,—,—,3.00,1.000,—,0.000
trio-utility,5,4,pack,300,200,0.000,0.000,1.000,—,—,3.00,1.000,—,0.000
trio-utility,5,4,boss,180,200,0.000,0.000,1.000,—,—,3.00,1.000,—,0.000
trio-utility,5,4,boss,300,200,0.000,0.000,1.000,—,—,3.00,1.000,—,0.000
trio-utility,5,5,solo,180,200,0.000,0.000,1.000,—,—,3.00,1.000,—,0.000
trio-utility,5,5,solo,300,200,0.000,0.000,1.000,—,—,3.00,1.000,—,0.000
trio-utility,5,5,pack,180,200,0.000,0.000,1.000,—,—,3.00,1.000,—,0.000
trio-utility,5,5,pack,300,200,0.000,0.000,1.000,—,—,3.00,1.000,—,0.000
trio-utility,5,5,boss,180,200,0.000,0.000,1.000,—,—,3.00,1.000,—,0.000
trio-utility,5,5,boss,300,200,0.000,0.000,1.000,—,—,3.00,1.000,—,0.000
trio-utility,5,6,solo,180,200,0.000,0.000,1.000,—,—,3.00,1.000,—,0.000
trio-utility,5,6,solo,300,200,0.000,0.000,1.000,—,—,3.00,1.000,—,0.000
trio-utility,5,6,pack,180,200,0.000,0.000,1.000,—,—,3.00,1.000,—,0.000
trio-utility,5,6,pack,300,200,0.000,0.000,1.000,—,—,3.00,1.000,—,0.000
trio-utility,5,6,boss,180,200,0.000,0.000,1.000,—,—,3.00,1.000,—,0.000
trio-utility,5,6,boss,300,200,0.000,0.000,1.000,—,—,3.00,1.000,—,0.000
trio-utility,5,7,solo,180,200,0.000,0.000,1.000,—,—,3.00,1.000,—,0.000
trio-utility,5,7,solo,300,200,0.000,0.000,1.000,—,—,3.00,1.000,—,0.000
trio-utility,5,7,pack,180,200,0.000,0.000,1.000,—,—,3.00,1.000,—,0.000
trio-utility,5,7,pack,300,200,0.000,0.000,1.000,—,—,3.00,1.000,—,0.000
trio-utility,5,7,boss,180,200,0.000,0.000,1.000,—,—,3.00,1.000,—,0.000
trio-utility,5,7,boss,300,200,0.000,0.000,1.000,—,—,3.00,1.000,—,0.000
trio-utility,5,8,solo,180,200,0.000,0.000,1.000,—,—,3.00,1.000,—,0.000
trio-utility,5,8,solo,300,200,0.000,0.000,1.000,—,—,3.00,1.000,—,0.000
trio-utility,5,8,pack,180,200,0.000,0.000,1.000,—,—,3.00,1.000,—,0.000
trio-utility,5,8,pack,300,200,0.000,0.000,1.000,—,—,3.00,1.000,—,0.000
trio-utility,5,8,boss,180,200,0.000,0.000,1.000,—,—,3.00,1.000,—,0.000
trio-utility,5,8,boss,300,200,0.000,0.000,1.000,—,—,3.00,1.000,—,0.000
trio-utility,10,1,solo,180,200,1.000,0.000,0.000,0.974,1.3,0.00,0.026,—,1.547
trio-utility,10,1,solo,300,200,1.000,0.000,0.000,0.974,1.3,0.00,0.026,—,1.547
trio-utility,10,1,pack,180,200,1.000,0.000,0.000,0.855,9.0,0.00,0.145,—,1.485
trio-utility,10,1,pack,300,200,1.000,0.000,0.000,0.855,9.0,0.00,0.145,—,1.485
trio-utility,10,1,boss,180,200,1.000,0.000,0.000,0.779,17.9,0.00,0.221,—,1.445
trio-utility,10,1,boss,300,200,1.000,0.000,0.000,0.779,17.9,0.00,0.221,—,1.445
trio-utility,10,2,solo,180,200,1.000,0.000,0.000,0.910,4.8,0.00,0.090,—,1.513
trio-utility,10,2,solo,300,200,1.000,0.000,0.000,0.910,4.8,0.00,0.090,—,1.513
trio-utility,10,2,pack,180,200,1.000,0.000,0.000,0.140,43.3,2.00,0.860,—,1.113
trio-utility,10,2,pack,300,200,1.000,0.000,0.000,0.143,43.1,2.00,0.857,—,1.114
trio-utility,10,2,boss,180,200,0.000,0.000,1.000,—,—,3.00,1.000,—,0.000
trio-utility,10,2,boss,300,200,0.000,0.000,1.000,—,—,3.00,1.000,—,0.000
trio-utility,10,3,solo,180,200,1.000,0.000,0.000,0.663,9.6,0.00,0.337,—,1.385
trio-utility,10,3,solo,300,200,1.000,0.000,0.000,0.663,9.6,0.00,0.337,—,1.385
trio-utility,10,3,pack,180,200,0.000,0.000,1.000,—,—,3.00,1.000,—,0.000
trio-utility,10,3,pack,300,200,0.000,0.000,1.000,—,—,3.00,1.000,—,0.000
trio-utility,10,3,boss,180,200,0.000,0.000,1.000,—,—,3.00,1.000,—,0.000
trio-utility,10,3,boss,300,200,0.000,0.000,1.000,—,—,3.00,1.000,—,0.000
trio-utility,10,4,solo,180,200,0.000,0.000,1.000,—,—,3.00,1.000,—,0.000
trio-utility,10,4,solo,300,200,0.000,0.000,1.000,—,—,3.00,1.000,—,0.000
trio-utility,10,4,pack,180,200,0.000,0.000,1.000,—,—,3.00,1.000,—,0.000
trio-utility,10,4,pack,300,200,0.000,0.000,1.000,—,—,3.00,1.000,—,0.000
trio-utility,10,4,boss,180,200,0.000,0.000,1.000,—,—,3.00,1.000,—,0.000
trio-utility,10,4,boss,300,200,0.000,0.000,1.000,—,—,3.00,1.000,—,0.000
trio-utility,10,5,solo,180,200,0.000,0.000,1.000,—,—,3.00,1.000,—,0.000
trio-utility,10,5,solo,300,200,0.000,0.000,1.000,—,—,3.00,1.000,—,0.000
trio-utility,10,5,pack,180,200,0.000,0.000,1.000,—,—,3.00,1.000,—,0.000
trio-utility,10,5,pack,300,200,0.000,0.000,1.000,—,—,3.00,1.000,—,0.000
trio-utility,10,5,boss,180,200,0.000,0.000,1.000,—,—,3.00,1.000,—,0.000
trio-utility,10,5,boss,300,200,0.000,0.000,1.000,—,—,3.00,1.000,—,0.000
trio-utility,10,6,solo,180,200,0.000,0.000,1.000,—,—,3.00,1.000,—,0.000
trio-utility,10,6,solo,300,200,0.000,0.000,1.000,—,—,3.00,1.000,—,0.000
trio-utility,10,6,pack,180,200,0.000,0.000,1.000,—,—,3.00,1.000,—,0.000
trio-utility,10,6,pack,300,200,0.000,0.000,1.000,—,—,3.00,1.000,—,0.000
trio-utility,10,6,boss,180,200,0.000,0.000,1.000,—,—,3.00,1.000,—,0.000
trio-utility,10,6,boss,300,200,0.000,0.000,1.000,—,—,3.00,1.000,—,0.000
trio-utility,10,7,solo,180,200,0.000,0.000,1.000,—,—,3.00,1.000,—,0.000
trio-utility,10,7,solo,300,200,0.000,0.000,1.000,—,—,3.00,1.000,—,0.000
trio-utility,10,7,pack,180,200,0.000,0.000,1.000,—,—,3.00,1.000,—,0.000
trio-utility,10,7,pack,300,200,0.000,0.000,1.000,—,—,3.00,1.000,—,0.000
trio-utility,10,7,boss,180,200,0.000,0.000,1.000,—,—,3.00,1.000,—,0.000
trio-utility,10,7,boss,300,200,0.000,0.000,1.000,—,—,3.00,1.000,—,0.000
trio-utility,10,8,solo,180,200,0.000,0.000,1.000,—,—,3.00,1.000,—,0.000
trio-utility,10,8,solo,300,200,0.000,0.000,1.000,—,—,3.00,1.000,—,0.000
trio-utility,10,8,pack,180,200,0.000,0.000,1.000,—,—,3.00,1.000,—,0.000
trio-utility,10,8,pack,300,200,0.000,0.000,1.000,—,—,3.00,1.000,—,0.000
trio-utility,10,8,boss,180,200,0.000,0.000,1.000,—,—,3.00,1.000,—,0.000
trio-utility,10,8,boss,300,200,0.000,0.000,1.000,—,—,3.00,1.000,—,0.000
trio-utility,20,1,solo,180,200,1.000,0.000,0.000,1.000,0.0,0.00,0.000,—,1.620
trio-utility,20,1,solo,300,200,1.000,0.000,0.000,1.000,0.0,0.00,0.000,—,1.620
trio-utility,20,1,pack,180,200,1.000,0.000,0.000,0.934,4.6,0.00,0.066,—,1.584
trio-utility,20,1,pack,300,200,1.000,0.000,0.000,0.934,4.6,0.00,0.066,—,1.584
trio-utility,20,1,boss,180,200,1.000,0.000,0.000,0.927,8.6,0.00,0.073,—,1.581
trio-utility,20,1,boss,300,200,1.000,0.000,0.000,0.927,8.6,0.00,0.073,—,1.581
trio-utility,20,2,solo,180,200,1.000,0.000,0.000,0.969,1.9,0.00,0.031,—,1.604
trio-utility,20,2,solo,300,200,1.000,0.000,0.000,0.969,2.0,0.00,0.031,—,1.604
trio-utility,20,2,pack,180,200,1.000,0.000,0.000,0.787,9.0,0.00,0.213,—,1.505
trio-utility,20,2,pack,300,200,1.000,0.000,0.000,0.786,9.0,0.00,0.214,—,1.505
trio-utility,20,2,boss,180,200,1.000,0.000,0.000,0.699,17.0,0.00,0.301,—,1.458
trio-utility,20,2,boss,300,200,1.000,0.000,0.000,0.699,17.0,0.00,0.301,—,1.458
trio-utility,20,3,solo,180,200,1.000,0.000,0.000,0.883,4.3,0.00,0.117,—,1.557
trio-utility,20,3,solo,300,200,1.000,0.000,0.000,0.883,4.3,0.00,0.117,—,1.557
trio-utility,20,3,pack,180,200,0.000,0.000,1.000,—,—,3.00,1.000,—,0.000
trio-utility,20,3,pack,300,200,0.000,0.000,1.000,—,—,3.00,1.000,—,0.000
trio-utility,20,3,boss,180,200,0.000,0.000,1.000,—,—,3.00,1.000,—,0.000
trio-utility,20,3,boss,300,200,0.000,0.000,1.000,—,—,3.00,1.000,—,0.000
trio-utility,20,4,solo,180,200,1.000,0.000,0.000,0.495,16.2,0.91,0.505,—,1.347
trio-utility,20,4,solo,300,200,1.000,0.000,0.000,0.502,15.9,0.88,0.498,—,1.351
trio-utility,20,4,pack,180,200,0.000,0.000,1.000,—,—,3.00,1.000,—,0.000
trio-utility,20,4,pack,300,200,0.000,0.000,1.000,—,—,3.00,1.000,—,0.000
trio-utility,20,4,boss,180,200,0.000,0.000,1.000,—,—,3.00,1.000,—,0.000
trio-utility,20,4,boss,300,200,0.000,0.000,1.000,—,—,3.00,1.000,—,0.000
trio-utility,20,5,solo,180,200,0.000,0.000,1.000,—,—,3.00,1.000,—,0.000
trio-utility,20,5,solo,300,200,0.000,0.000,1.000,—,—,3.00,1.000,—,0.000
trio-utility,20,5,pack,180,200,0.000,0.000,1.000,—,—,3.00,1.000,—,0.000
trio-utility,20,5,pack,300,200,0.000,0.000,1.000,—,—,3.00,1.000,—,0.000
trio-utility,20,5,boss,180,200,0.000,0.000,1.000,—,—,3.00,1.000,—,0.000
trio-utility,20,5,boss,300,200,0.000,0.000,1.000,—,—,3.00,1.000,—,0.000
trio-utility,20,6,solo,180,200,0.000,0.000,1.000,—,—,3.00,1.000,—,0.000
trio-utility,20,6,solo,300,200,0.000,0.000,1.000,—,—,3.00,1.000,—,0.000
trio-utility,20,6,pack,180,200,0.000,0.000,1.000,—,—,3.00,1.000,—,0.000
trio-utility,20,6,pack,300,200,0.000,0.000,1.000,—,—,3.00,1.000,—,0.000
trio-utility,20,6,boss,180,200,0.000,0.000,1.000,—,—,3.00,1.000,—,0.000
trio-utility,20,6,boss,300,200,0.000,0.000,1.000,—,—,3.00,1.000,—,0.000
trio-utility,20,7,solo,180,200,0.000,0.000,1.000,—,—,3.00,1.000,—,0.000
trio-utility,20,7,solo,300,200,0.000,0.000,1.000,—,—,3.00,1.000,—,0.000
trio-utility,20,7,pack,180,200,0.000,0.000,1.000,—,—,3.00,1.000,—,0.000
trio-utility,20,7,pack,300,200,0.000,0.000,1.000,—,—,3.00,1.000,—,0.000
trio-utility,20,7,boss,180,200,0.000,0.000,1.000,—,—,3.00,1.000,—,0.000
trio-utility,20,7,boss,300,200,0.000,0.000,1.000,—,—,3.00,1.000,—,0.000
trio-utility,20,8,solo,180,200,0.000,0.000,1.000,—,—,3.00,1.000,—,0.000
trio-utility,20,8,solo,300,200,0.000,0.000,1.000,—,—,3.00,1.000,—,0.000
trio-utility,20,8,pack,180,200,0.000,0.000,1.000,—,—,3.00,1.000,—,0.000
trio-utility,20,8,pack,300,200,0.000,0.000,1.000,—,—,3.00,1.000,—,0.000
trio-utility,20,8,boss,180,200,0.000,0.000,1.000,—,—,3.00,1.000,—,0.000
trio-utility,20,8,boss,300,200,0.000,0.000,1.000,—,—,3.00,1.000,—,0.000
trio-utility,35,1,solo,180,200,1.000,0.000,0.000,1.000,0.0,0.00,0.000,—,1.710
trio-utility,35,1,solo,300,200,1.000,0.000,0.000,1.000,0.0,0.00,0.000,—,1.710
trio-utility,35,1,pack,180,200,1.000,0.000,0.000,0.982,2.5,0.00,0.018,—,1.700
trio-utility,35,1,pack,300,200,1.000,0.000,0.000,0.982,2.5,0.00,0.018,—,1.699
trio-utility,35,1,boss,180,200,1.000,0.000,0.000,0.968,4.4,0.00,0.032,—,1.692
trio-utility,35,1,boss,300,200,1.000,0.000,0.000,0.968,4.4,0.00,0.032,—,1.692
trio-utility,35,2,solo,180,200,1.000,0.000,0.000,1.000,0.0,0.00,0.000,—,1.710
trio-utility,35,2,solo,300,200,1.000,0.000,0.000,1.000,0.0,0.00,0.000,—,1.710
trio-utility,35,2,pack,180,200,1.000,0.000,0.000,0.941,4.3,0.00,0.059,—,1.676
trio-utility,35,2,pack,300,200,1.000,0.000,0.000,0.941,4.3,0.00,0.059,—,1.676
trio-utility,35,2,boss,180,200,1.000,0.000,0.000,0.867,9.5,0.00,0.133,—,1.634
trio-utility,35,2,boss,300,200,1.000,0.000,0.000,0.866,9.5,0.00,0.134,—,1.634
trio-utility,35,3,solo,180,200,1.000,0.000,0.000,0.958,1.8,0.00,0.042,—,1.686
trio-utility,35,3,solo,300,200,1.000,0.000,0.000,0.959,1.8,0.00,0.041,—,1.686
trio-utility,35,3,pack,180,200,1.000,0.000,0.000,0.747,8.5,0.00,0.253,—,1.566
trio-utility,35,3,pack,300,200,1.000,0.000,0.000,0.742,8.5,0.00,0.258,—,1.563
trio-utility,35,3,boss,180,200,1.000,0.000,0.000,0.381,35.2,1.39,0.619,—,1.357
trio-utility,35,3,boss,300,200,1.000,0.000,0.000,0.379,35.5,1.42,0.621,—,1.356
trio-utility,35,4,solo,180,200,1.000,0.000,0.000,0.847,4.4,0.00,0.153,—,1.623
trio-utility,35,4,solo,300,200,1.000,0.000,0.000,0.846,4.4,0.00,0.154,—,1.622
trio-utility,35,4,pack,180,200,0.000,0.000,1.000,—,—,3.00,1.000,—,0.000
trio-utility,35,4,pack,300,200,0.000,0.000,1.000,—,—,3.00,1.000,—,0.000
trio-utility,35,4,boss,180,200,0.000,0.000,1.000,—,—,3.00,1.000,—,0.000
trio-utility,35,4,boss,300,200,0.000,0.000,1.000,—,—,3.00,1.000,—,0.000
trio-utility,35,5,solo,180,200,1.000,0.000,0.000,0.395,17.5,1.26,0.605,—,1.365
trio-utility,35,5,solo,300,200,1.000,0.000,0.000,0.403,17.2,1.22,0.597,—,1.370
trio-utility,35,5,pack,180,200,0.000,0.000,1.000,—,—,3.00,1.000,—,0.000
trio-utility,35,5,pack,300,200,0.000,0.000,1.000,—,—,3.00,1.000,—,0.000
trio-utility,35,5,boss,180,200,0.000,0.000,1.000,—,—,3.00,1.000,—,0.000
trio-utility,35,5,boss,300,200,0.000,0.000,1.000,—,—,3.00,1.000,—,0.000
trio-utility,35,6,solo,180,200,0.000,0.000,1.000,—,—,3.00,1.000,—,0.000
trio-utility,35,6,solo,300,200,0.000,0.000,1.000,—,—,3.00,1.000,—,0.000
trio-utility,35,6,pack,180,200,0.000,0.000,1.000,—,—,3.00,1.000,—,0.000
trio-utility,35,6,pack,300,200,0.000,0.000,1.000,—,—,3.00,1.000,—,0.000
trio-utility,35,6,boss,180,200,0.000,0.000,1.000,—,—,3.00,1.000,—,0.000
trio-utility,35,6,boss,300,200,0.000,0.000,1.000,—,—,3.00,1.000,—,0.000
trio-utility,35,7,solo,180,200,0.000,0.000,1.000,—,—,3.00,1.000,—,0.000
trio-utility,35,7,solo,300,200,0.000,0.000,1.000,—,—,3.00,1.000,—,0.000
trio-utility,35,7,pack,180,200,0.000,0.000,1.000,—,—,3.00,1.000,—,0.000
trio-utility,35,7,pack,300,200,0.000,0.000,1.000,—,—,3.00,1.000,—,0.000
trio-utility,35,7,boss,180,200,0.000,0.000,1.000,—,—,3.00,1.000,—,0.000
trio-utility,35,7,boss,300,200,0.000,0.000,1.000,—,—,3.00,1.000,—,0.000
trio-utility,35,8,solo,180,200,0.000,0.000,1.000,—,—,3.00,1.000,—,0.000
trio-utility,35,8,solo,300,200,0.000,0.000,1.000,—,—,3.00,1.000,—,0.000
trio-utility,35,8,pack,180,200,0.000,0.000,1.000,—,—,3.00,1.000,—,0.000
trio-utility,35,8,pack,300,200,0.000,0.000,1.000,—,—,3.00,1.000,—,0.000
trio-utility,35,8,boss,180,200,0.000,0.000,1.000,—,—,3.00,1.000,—,0.000
trio-utility,35,8,boss,300,200,0.000,0.000,1.000,—,—,3.00,1.000,—,0.000
trio-utility,50,1,solo,180,200,1.000,0.000,0.000,1.000,0.0,0.00,0.000,—,1.800
trio-utility,50,1,solo,300,200,1.000,0.000,0.000,1.000,0.0,0.00,0.000,—,1.800
trio-utility,50,1,pack,180,200,1.000,0.000,0.000,0.988,2.3,0.00,0.012,—,1.793
trio-utility,50,1,pack,300,200,1.000,0.000,0.000,0.988,2.3,0.00,0.012,—,1.793
trio-utility,50,1,boss,180,200,1.000,0.000,0.000,0.976,3.8,0.00,0.024,—,1.785
trio-utility,50,1,boss,300,200,1.000,0.000,0.000,0.976,3.8,0.00,0.024,—,1.785
trio-utility,50,2,solo,180,200,1.000,0.000,0.000,1.000,0.0,0.00,0.000,—,1.800
trio-utility,50,2,solo,300,200,1.000,0.000,0.000,1.000,0.0,0.00,0.000,—,1.800
trio-utility,50,2,pack,180,200,1.000,0.000,0.000,0.966,2.6,0.00,0.034,—,1.779
trio-utility,50,2,pack,300,200,1.000,0.000,0.000,0.966,2.6,0.00,0.034,—,1.779
trio-utility,50,2,boss,180,200,1.000,0.000,0.000,0.950,5.9,0.00,0.050,—,1.770
trio-utility,50,2,boss,300,200,1.000,0.000,0.000,0.950,5.9,0.00,0.050,—,1.770
trio-utility,50,3,solo,180,200,1.000,0.000,0.000,0.969,0.9,0.00,0.031,—,1.781
trio-utility,50,3,solo,300,200,1.000,0.000,0.000,0.969,0.9,0.00,0.031,—,1.781
trio-utility,50,3,pack,180,200,1.000,0.000,0.000,0.841,6.0,0.00,0.159,—,1.705
trio-utility,50,3,pack,300,200,1.000,0.000,0.000,0.840,6.0,0.00,0.160,—,1.704
trio-utility,50,3,boss,180,200,1.000,0.000,0.000,0.735,12.6,0.00,0.265,—,1.641
trio-utility,50,3,boss,300,200,1.000,0.000,0.000,0.736,12.7,0.00,0.264,—,1.642
trio-utility,50,4,solo,180,200,1.000,0.000,0.000,0.883,3.4,0.00,0.117,—,1.730
trio-utility,50,4,solo,300,200,1.000,0.000,0.000,0.883,3.4,0.00,0.117,—,1.730
trio-utility,50,4,pack,180,200,1.000,0.000,0.000,0.371,32.1,1.15,0.629,—,1.423
trio-utility,50,4,pack,300,200,1.000,0.000,0.000,0.382,31.0,1.13,0.618,—,1.429
trio-utility,50,4,boss,180,200,0.175,0.000,0.825,0.163,51.3,2.75,0.971,—,0.227
trio-utility,50,4,boss,300,200,0.150,0.000,0.850,0.165,51.4,2.79,0.975,—,0.195
trio-utility,50,5,solo,180,200,1.000,0.000,0.000,0.754,7.0,0.52,0.246,—,1.652
trio-utility,50,5,solo,300,200,1.000,0.000,0.000,0.749,7.1,0.56,0.251,—,1.649
trio-utility,50,5,pack,180,200,0.000,0.000,1.000,—,—,3.00,1.000,—,0.000
trio-utility,50,5,pack,300,200,0.000,0.000,1.000,—,—,3.00,1.000,—,0.000
trio-utility,50,5,boss,180,200,0.000,0.000,1.000,—,—,3.00,1.000,—,0.000
trio-utility,50,5,boss,300,200,0.000,0.000,1.000,—,—,3.00,1.000,—,0.000
trio-utility,50,6,solo,180,200,0.000,0.000,1.000,—,—,3.00,1.000,—,0.000
trio-utility,50,6,solo,300,200,0.000,0.000,1.000,—,—,3.00,1.000,—,0.000
trio-utility,50,6,pack,180,200,0.000,0.000,1.000,—,—,3.00,1.000,—,0.000
trio-utility,50,6,pack,300,200,0.000,0.000,1.000,—,—,3.00,1.000,—,0.000
trio-utility,50,6,boss,180,200,0.000,0.000,1.000,—,—,3.00,1.000,—,0.000
trio-utility,50,6,boss,300,200,0.000,0.000,1.000,—,—,3.00,1.000,—,0.000
trio-utility,50,7,solo,180,200,0.000,0.000,1.000,—,—,3.00,1.000,—,0.000
trio-utility,50,7,solo,300,200,0.000,0.000,1.000,—,—,3.00,1.000,—,0.000
trio-utility,50,7,pack,180,200,0.000,0.000,1.000,—,—,3.00,1.000,—,0.000
trio-utility,50,7,pack,300,200,0.000,0.000,1.000,—,—,3.00,1.000,—,0.000
trio-utility,50,7,boss,180,200,0.000,0.000,1.000,—,—,3.00,1.000,—,0.000
trio-utility,50,7,boss,300,200,0.000,0.000,1.000,—,—,3.00,1.000,—,0.000
trio-utility,50,8,solo,180,200,0.000,0.000,1.000,—,—,3.00,1.000,—,0.000
trio-utility,50,8,solo,300,200,0.000,0.000,1.000,—,—,3.00,1.000,—,0.000
trio-utility,50,8,pack,180,200,0.000,0.000,1.000,—,—,3.00,1.000,—,0.000
trio-utility,50,8,pack,300,200,0.000,0.000,1.000,—,—,3.00,1.000,—,0.000
trio-utility,50,8,boss,180,200,0.000,0.000,1.000,—,—,3.00,1.000,—,0.000
trio-utility,50,8,boss,300,200,0.000,0.000,1.000,—,—,3.00,1.000,—,0.000
trio-gatherers,1,1,solo,180,200,1.000,0.000,0.000,0.935,6.0,0.00,0.065,—,1.473
trio-gatherers,1,1,solo,300,200,1.000,0.000,0.000,0.934,6.0,0.00,0.066,—,1.473
trio-gatherers,1,1,pack,180,200,1.000,0.000,0.000,0.472,22.5,0.00,0.528,—,1.241
trio-gatherers,1,1,pack,300,200,1.000,0.000,0.000,0.472,22.5,0.00,0.528,—,1.241
trio-gatherers,1,1,boss,180,200,0.155,0.000,0.845,0.083,58.7,2.84,0.987,—,0.162
trio-gatherers,1,1,boss,300,200,0.180,0.000,0.820,0.075,59.1,2.82,0.987,—,0.187
trio-gatherers,1,2,solo,180,200,1.000,0.000,0.000,0.743,12.0,0.00,0.257,—,1.377
trio-gatherers,1,2,solo,300,200,1.000,0.000,0.000,0.743,12.0,0.00,0.257,—,1.377
trio-gatherers,1,2,pack,180,200,0.000,0.000,1.000,—,—,3.00,1.000,—,0.000
trio-gatherers,1,2,pack,300,200,0.000,0.000,1.000,—,—,3.00,1.000,—,0.000
trio-gatherers,1,2,boss,180,200,0.000,0.000,1.000,—,—,3.00,1.000,—,0.000
trio-gatherers,1,2,boss,300,200,0.000,0.000,1.000,—,—,3.00,1.000,—,0.000
trio-gatherers,1,3,solo,180,200,0.000,0.000,1.000,—,—,3.00,1.000,—,0.000
trio-gatherers,1,3,solo,300,200,0.000,0.000,1.000,—,—,3.00,1.000,—,0.000
trio-gatherers,1,3,pack,180,200,0.000,0.000,1.000,—,—,3.00,1.000,—,0.000
trio-gatherers,1,3,pack,300,200,0.000,0.000,1.000,—,—,3.00,1.000,—,0.000
trio-gatherers,1,3,boss,180,200,0.000,0.000,1.000,—,—,3.00,1.000,—,0.000
trio-gatherers,1,3,boss,300,200,0.000,0.000,1.000,—,—,3.00,1.000,—,0.000
trio-gatherers,1,4,solo,180,200,0.000,0.000,1.000,—,—,3.00,1.000,—,0.000
trio-gatherers,1,4,solo,300,200,0.000,0.000,1.000,—,—,3.00,1.000,—,0.000
trio-gatherers,1,4,pack,180,200,0.000,0.000,1.000,—,—,3.00,1.000,—,0.000
trio-gatherers,1,4,pack,300,200,0.000,0.000,1.000,—,—,3.00,1.000,—,0.000
trio-gatherers,1,4,boss,180,200,0.000,0.000,1.000,—,—,3.00,1.000,—,0.000
trio-gatherers,1,4,boss,300,200,0.000,0.000,1.000,—,—,3.00,1.000,—,0.000
trio-gatherers,1,5,solo,180,200,0.000,0.000,1.000,—,—,3.00,1.000,—,0.000
trio-gatherers,1,5,solo,300,200,0.000,0.000,1.000,—,—,3.00,1.000,—,0.000
trio-gatherers,1,5,pack,180,200,0.000,0.000,1.000,—,—,3.00,1.000,—,0.000
trio-gatherers,1,5,pack,300,200,0.000,0.000,1.000,—,—,3.00,1.000,—,0.000
trio-gatherers,1,5,boss,180,200,0.000,0.000,1.000,—,—,3.00,1.000,—,0.000
trio-gatherers,1,5,boss,300,200,0.000,0.000,1.000,—,—,3.00,1.000,—,0.000
trio-gatherers,1,6,solo,180,200,0.000,0.000,1.000,—,—,3.00,1.000,—,0.000
trio-gatherers,1,6,solo,300,200,0.000,0.000,1.000,—,—,3.00,1.000,—,0.000
trio-gatherers,1,6,pack,180,200,0.000,0.000,1.000,—,—,3.00,1.000,—,0.000
trio-gatherers,1,6,pack,300,200,0.000,0.000,1.000,—,—,3.00,1.000,—,0.000
trio-gatherers,1,6,boss,180,200,0.000,0.000,1.000,—,—,3.00,1.000,—,0.000
trio-gatherers,1,6,boss,300,200,0.000,0.000,1.000,—,—,3.00,1.000,—,0.000
trio-gatherers,1,7,solo,180,200,0.000,0.000,1.000,—,—,3.00,1.000,—,0.000
trio-gatherers,1,7,solo,300,200,0.000,0.000,1.000,—,—,3.00,1.000,—,0.000
trio-gatherers,1,7,pack,180,200,0.000,0.000,1.000,—,—,3.00,1.000,—,0.000
trio-gatherers,1,7,pack,300,200,0.000,0.000,1.000,—,—,3.00,1.000,—,0.000
trio-gatherers,1,7,boss,180,200,0.000,0.000,1.000,—,—,3.00,1.000,—,0.000
trio-gatherers,1,7,boss,300,200,0.000,0.000,1.000,—,—,3.00,1.000,—,0.000
trio-gatherers,1,8,solo,180,200,0.000,0.000,1.000,—,—,3.00,1.000,—,0.000
trio-gatherers,1,8,solo,300,200,0.000,0.000,1.000,—,—,3.00,1.000,—,0.000
trio-gatherers,1,8,pack,180,200,0.000,0.000,1.000,—,—,3.00,1.000,—,0.000
trio-gatherers,1,8,pack,300,200,0.000,0.000,1.000,—,—,3.00,1.000,—,0.000
trio-gatherers,1,8,boss,180,200,0.000,0.000,1.000,—,—,3.00,1.000,—,0.000
trio-gatherers,1,8,boss,300,200,0.000,0.000,1.000,—,—,3.00,1.000,—,0.000
trio-gatherers,5,1,solo,180,200,1.000,0.000,0.000,0.973,2.4,0.00,0.027,—,1.516
trio-gatherers,5,1,solo,300,200,1.000,0.000,0.000,0.973,2.4,0.00,0.027,—,1.516
trio-gatherers,5,1,pack,180,200,1.000,0.000,0.000,0.802,10.1,0.00,0.198,—,1.429
trio-gatherers,5,1,pack,300,200,1.000,0.000,0.000,0.801,10.1,0.00,0.199,—,1.429
trio-gatherers,5,1,boss,180,200,1.000,0.000,0.000,0.680,23.7,0.98,0.320,—,1.367
trio-gatherers,5,1,boss,300,200,1.000,0.000,0.000,0.679,23.8,0.97,0.321,—,1.366
trio-gatherers,5,2,solo,180,200,1.000,0.000,0.000,0.895,5.1,0.00,0.105,—,1.477
trio-gatherers,5,2,solo,300,200,1.000,0.000,0.000,0.895,5.1,0.00,0.105,—,1.476
trio-gatherers,5,2,pack,180,200,0.000,0.000,1.000,—,—,3.00,1.000,—,0.000
trio-gatherers,5,2,pack,300,200,0.000,0.000,1.000,—,—,3.00,1.000,—,0.000
trio-gatherers,5,2,boss,180,200,0.000,0.000,1.000,—,—,3.00,1.000,—,0.000
trio-gatherers,5,2,boss,300,200,0.000,0.000,1.000,—,—,3.00,1.000,—,0.000
trio-gatherers,5,3,solo,180,200,1.000,0.000,0.000,0.441,17.4,0.99,0.559,—,1.245
trio-gatherers,5,3,solo,300,200,1.000,0.000,0.000,0.437,17.5,1.00,0.563,—,1.243
trio-gatherers,5,3,pack,180,200,0.000,0.000,1.000,—,—,3.00,1.000,—,0.000
trio-gatherers,5,3,pack,300,200,0.000,0.000,1.000,—,—,3.00,1.000,—,0.000
trio-gatherers,5,3,boss,180,200,0.000,0.000,1.000,—,—,3.00,1.000,—,0.000
trio-gatherers,5,3,boss,300,200,0.000,0.000,1.000,—,—,3.00,1.000,—,0.000
trio-gatherers,5,4,solo,180,200,0.000,0.000,1.000,—,—,3.00,1.000,—,0.000
trio-gatherers,5,4,solo,300,200,0.000,0.000,1.000,—,—,3.00,1.000,—,0.000
trio-gatherers,5,4,pack,180,200,0.000,0.000,1.000,—,—,3.00,1.000,—,0.000
trio-gatherers,5,4,pack,300,200,0.000,0.000,1.000,—,—,3.00,1.000,—,0.000
trio-gatherers,5,4,boss,180,200,0.000,0.000,1.000,—,—,3.00,1.000,—,0.000
trio-gatherers,5,4,boss,300,200,0.000,0.000,1.000,—,—,3.00,1.000,—,0.000
trio-gatherers,5,5,solo,180,200,0.000,0.000,1.000,—,—,3.00,1.000,—,0.000
trio-gatherers,5,5,solo,300,200,0.000,0.000,1.000,—,—,3.00,1.000,—,0.000
trio-gatherers,5,5,pack,180,200,0.000,0.000,1.000,—,—,3.00,1.000,—,0.000
trio-gatherers,5,5,pack,300,200,0.000,0.000,1.000,—,—,3.00,1.000,—,0.000
trio-gatherers,5,5,boss,180,200,0.000,0.000,1.000,—,—,3.00,1.000,—,0.000
trio-gatherers,5,5,boss,300,200,0.000,0.000,1.000,—,—,3.00,1.000,—,0.000
trio-gatherers,5,6,solo,180,200,0.000,0.000,1.000,—,—,3.00,1.000,—,0.000
trio-gatherers,5,6,solo,300,200,0.000,0.000,1.000,—,—,3.00,1.000,—,0.000
trio-gatherers,5,6,pack,180,200,0.000,0.000,1.000,—,—,3.00,1.000,—,0.000
trio-gatherers,5,6,pack,300,200,0.000,0.000,1.000,—,—,3.00,1.000,—,0.000
trio-gatherers,5,6,boss,180,200,0.000,0.000,1.000,—,—,3.00,1.000,—,0.000
trio-gatherers,5,6,boss,300,200,0.000,0.000,1.000,—,—,3.00,1.000,—,0.000
trio-gatherers,5,7,solo,180,200,0.000,0.000,1.000,—,—,3.00,1.000,—,0.000
trio-gatherers,5,7,solo,300,200,0.000,0.000,1.000,—,—,3.00,1.000,—,0.000
trio-gatherers,5,7,pack,180,200,0.000,0.000,1.000,—,—,3.00,1.000,—,0.000
trio-gatherers,5,7,pack,300,200,0.000,0.000,1.000,—,—,3.00,1.000,—,0.000
trio-gatherers,5,7,boss,180,200,0.000,0.000,1.000,—,—,3.00,1.000,—,0.000
trio-gatherers,5,7,boss,300,200,0.000,0.000,1.000,—,—,3.00,1.000,—,0.000
trio-gatherers,5,8,solo,180,200,0.000,0.000,1.000,—,—,3.00,1.000,—,0.000
trio-gatherers,5,8,solo,300,200,0.000,0.000,1.000,—,—,3.00,1.000,—,0.000
trio-gatherers,5,8,pack,180,200,0.000,0.000,1.000,—,—,3.00,1.000,—,0.000
trio-gatherers,5,8,pack,300,200,0.000,0.000,1.000,—,—,3.00,1.000,—,0.000
trio-gatherers,5,8,boss,180,200,0.000,0.000,1.000,—,—,3.00,1.000,—,0.000
trio-gatherers,5,8,boss,300,200,0.000,0.000,1.000,—,—,3.00,1.000,—,0.000
trio-gatherers,10,1,solo,180,200,1.000,0.000,0.000,1.000,0.0,0.00,0.000,—,1.560
trio-gatherers,10,1,solo,300,200,1.000,0.000,0.000,1.000,0.0,0.00,0.000,—,1.560
trio-gatherers,10,1,pack,180,200,1.000,0.000,0.000,0.912,5.7,0.00,0.088,—,1.514
trio-gatherers,10,1,pack,300,200,1.000,0.000,0.000,0.912,5.7,0.00,0.088,—,1.514
trio-gatherers,10,1,boss,180,200,1.000,0.000,0.000,0.822,12.9,0.00,0.178,—,1.467
trio-gatherers,10,1,boss,300,200,1.000,0.000,0.000,0.821,12.9,0.00,0.179,—,1.467
trio-gatherers,10,2,solo,180,200,1.000,0.000,0.000,0.959,1.9,0.00,0.041,—,1.539
trio-gatherers,10,2,solo,300,200,1.000,0.000,0.000,0.957,1.9,0.00,0.043,—,1.538
trio-gatherers,10,2,pack,180,200,1.000,0.000,0.000,0.687,12.9,0.80,0.313,—,1.397
trio-gatherers,10,2,pack,300,200,1.000,0.000,0.000,0.688,12.9,0.80,0.312,—,1.398
trio-gatherers,10,2,boss,180,200,1.000,0.000,0.000,0.351,35.2,1.91,0.649,—,1.223
trio-gatherers,10,2,boss,300,200,1.000,0.000,0.000,0.361,34.7,1.87,0.639,—,1.228
trio-gatherers,10,3,solo,180,200,1.000,0.000,0.000,0.852,6.0,0.00,0.148,—,1.483
trio-gatherers,10,3,solo,300,200,1.000,0.000,0.000,0.853,6.0,0.00,0.147,—,1.483
trio-gatherers,10,3,pack,180,200,0.000,0.000,1.000,—,—,3.00,1.000,—,0.000
trio-gatherers,10,3,pack,300,200,0.000,0.000,1.000,—,—,3.00,1.000,—,0.000
trio-gatherers,10,3,boss,180,200,0.000,0.000,1.000,—,—,3.00,1.000,—,0.000
trio-gatherers,10,3,boss,300,200,0.000,0.000,1.000,—,—,3.00,1.000,—,0.000
trio-gatherers,10,4,solo,180,200,0.055,0.000,0.945,0.272,24.0,2.94,0.985,—,0.065
trio-gatherers,10,4,solo,300,200,0.075,0.000,0.925,0.313,22.7,2.91,0.977,—,0.090
trio-gatherers,10,4,pack,180,200,0.000,0.000,1.000,—,—,3.00,1.000,—,0.000
trio-gatherers,10,4,pack,300,200,0.000,0.000,1.000,—,—,3.00,1.000,—,0.000
trio-gatherers,10,4,boss,180,200,0.000,0.000,1.000,—,—,3.00,1.000,—,0.000
trio-gatherers,10,4,boss,300,200,0.000,0.000,1.000,—,—,3.00,1.000,—,0.000
trio-gatherers,10,5,solo,180,200,0.000,0.000,1.000,—,—,3.00,1.000,—,0.000
trio-gatherers,10,5,solo,300,200,0.000,0.000,1.000,—,—,3.00,1.000,—,0.000
trio-gatherers,10,5,pack,180,200,0.000,0.000,1.000,—,—,3.00,1.000,—,0.000
trio-gatherers,10,5,pack,300,200,0.000,0.000,1.000,—,—,3.00,1.000,—,0.000
trio-gatherers,10,5,boss,180,200,0.000,0.000,1.000,—,—,3.00,1.000,—,0.000
trio-gatherers,10,5,boss,300,200,0.000,0.000,1.000,—,—,3.00,1.000,—,0.000
trio-gatherers,10,6,solo,180,200,0.000,0.000,1.000,—,—,3.00,1.000,—,0.000
trio-gatherers,10,6,solo,300,200,0.000,0.000,1.000,—,—,3.00,1.000,—,0.000
trio-gatherers,10,6,pack,180,200,0.000,0.000,1.000,—,—,3.00,1.000,—,0.000
trio-gatherers,10,6,pack,300,200,0.000,0.000,1.000,—,—,3.00,1.000,—,0.000
trio-gatherers,10,6,boss,180,200,0.000,0.000,1.000,—,—,3.00,1.000,—,0.000
trio-gatherers,10,6,boss,300,200,0.000,0.000,1.000,—,—,3.00,1.000,—,0.000
trio-gatherers,10,7,solo,180,200,0.000,0.000,1.000,—,—,3.00,1.000,—,0.000
trio-gatherers,10,7,solo,300,200,0.000,0.000,1.000,—,—,3.00,1.000,—,0.000
trio-gatherers,10,7,pack,180,200,0.000,0.000,1.000,—,—,3.00,1.000,—,0.000
trio-gatherers,10,7,pack,300,200,0.000,0.000,1.000,—,—,3.00,1.000,—,0.000
trio-gatherers,10,7,boss,180,200,0.000,0.000,1.000,—,—,3.00,1.000,—,0.000
trio-gatherers,10,7,boss,300,200,0.000,0.000,1.000,—,—,3.00,1.000,—,0.000
trio-gatherers,10,8,solo,180,200,0.000,0.000,1.000,—,—,3.00,1.000,—,0.000
trio-gatherers,10,8,solo,300,200,0.000,0.000,1.000,—,—,3.00,1.000,—,0.000
trio-gatherers,10,8,pack,180,200,0.000,0.000,1.000,—,—,3.00,1.000,—,0.000
trio-gatherers,10,8,pack,300,200,0.000,0.000,1.000,—,—,3.00,1.000,—,0.000
trio-gatherers,10,8,boss,180,200,0.000,0.000,1.000,—,—,3.00,1.000,—,0.000
trio-gatherers,10,8,boss,300,200,0.000,0.000,1.000,—,—,3.00,1.000,—,0.000
trio-gatherers,20,1,solo,180,200,1.000,0.000,0.000,1.000,0.0,0.00,0.000,—,1.620
trio-gatherers,20,1,solo,300,200,1.000,0.000,0.000,1.000,0.0,0.00,0.000,—,1.620
trio-gatherers,20,1,pack,180,200,1.000,0.000,0.000,0.970,2.8,0.00,0.030,—,1.604
trio-gatherers,20,1,pack,300,200,1.000,0.000,0.000,0.970,2.8,0.00,0.030,—,1.604
trio-gatherers,20,1,boss,180,200,1.000,0.000,0.000,0.956,5.6,0.00,0.044,—,1.596
trio-gatherers,20,1,boss,300,200,1.000,0.000,0.000,0.956,5.6,0.00,0.044,—,1.596
trio-gatherers,20,2,solo,180,200,1.000,0.000,0.000,0.971,1.4,0.00,0.029,—,1.604
trio-gatherers,20,2,solo,300,200,1.000,0.000,0.000,0.971,1.4,0.00,0.029,—,1.604
trio-gatherers,20,2,pack,180,200,1.000,0.000,0.000,0.853,6.0,0.00,0.147,—,1.541
trio-gatherers,20,2,pack,300,200,1.000,0.000,0.000,0.855,6.0,0.00,0.145,—,1.542
trio-gatherers,20,2,boss,180,200,1.000,0.000,0.000,0.814,11.5,0.00,0.186,—,1.520
trio-gatherers,20,2,boss,300,200,1.000,0.000,0.000,0.815,11.5,0.00,0.185,—,1.520
trio-gatherers,20,3,solo,180,200,1.000,0.000,0.000,0.949,2.8,0.00,0.051,—,1.593
trio-gatherers,20,3,solo,300,200,1.000,0.000,0.000,0.949,2.8,0.00,0.051,—,1.592
trio-gatherers,20,3,pack,180,200,1.000,0.000,0.000,0.634,13.8,0.97,0.366,—,1.422
trio-gatherers,20,3,pack,300,200,1.000,0.000,0.000,0.628,13.9,0.98,0.372,—,1.419
trio-gatherers,20,3,boss,180,200,0.055,0.000,0.945,0.112,44.2,2.94,0.994,—,0.063
trio-gatherers,20,3,boss,300,200,0.070,0.000,0.930,0.104,45.0,2.92,0.993,—,0.080
trio-gatherers,20,4,solo,180,200,1.000,0.000,0.000,0.813,6.0,0.00,0.187,—,1.519
trio-gatherers,20,4,solo,300,200,1.000,0.000,0.000,0.815,6.0,0.00,0.185,—,1.520
trio-gatherers,20,4,pack,180,200,0.000,0.000,1.000,—,—,3.00,1.000,—,0.000
trio-gatherers,20,4,pack,300,200,0.000,0.000,1.000,—,—,3.00,1.000,—,0.000
trio-gatherers,20,4,boss,180,200,0.000,0.000,1.000,—,—,3.00,1.000,—,0.000
trio-gatherers,20,4,boss,300,200,0.000,0.000,1.000,—,—,3.00,1.000,—,0.000
trio-gatherers,20,5,solo,180,200,0.000,0.000,1.000,—,—,3.00,1.000,—,0.000
trio-gatherers,20,5,solo,300,200,0.000,0.000,1.000,—,—,3.00,1.000,—,0.000
trio-gatherers,20,5,pack,180,200,0.000,0.000,1.000,—,—,3.00,1.000,—,0.000
trio-gatherers,20,5,pack,300,200,0.000,0.000,1.000,—,—,3.00,1.000,—,0.000
trio-gatherers,20,5,boss,180,200,0.000,0.000,1.000,—,—,3.00,1.000,—,0.000
trio-gatherers,20,5,boss,300,200,0.000,0.000,1.000,—,—,3.00,1.000,—,0.000
trio-gatherers,20,6,solo,180,200,0.000,0.000,1.000,—,—,3.00,1.000,—,0.000
trio-gatherers,20,6,solo,300,200,0.000,0.000,1.000,—,—,3.00,1.000,—,0.000
trio-gatherers,20,6,pack,180,200,0.000,0.000,1.000,—,—,3.00,1.000,—,0.000
trio-gatherers,20,6,pack,300,200,0.000,0.000,1.000,—,—,3.00,1.000,—,0.000
trio-gatherers,20,6,boss,180,200,0.000,0.000,1.000,—,—,3.00,1.000,—,0.000
trio-gatherers,20,6,boss,300,200,0.000,0.000,1.000,—,—,3.00,1.000,—,0.000
trio-gatherers,20,7,solo,180,200,0.000,0.000,1.000,—,—,3.00,1.000,—,0.000
trio-gatherers,20,7,solo,300,200,0.000,0.000,1.000,—,—,3.00,1.000,—,0.000
trio-gatherers,20,7,pack,180,200,0.000,0.000,1.000,—,—,3.00,1.000,—,0.000
trio-gatherers,20,7,pack,300,200,0.000,0.000,1.000,—,—,3.00,1.000,—,0.000
trio-gatherers,20,7,boss,180,200,0.000,0.000,1.000,—,—,3.00,1.000,—,0.000
trio-gatherers,20,7,boss,300,200,0.000,0.000,1.000,—,—,3.00,1.000,—,0.000
trio-gatherers,20,8,solo,180,200,0.000,0.000,1.000,—,—,3.00,1.000,—,0.000
trio-gatherers,20,8,solo,300,200,0.000,0.000,1.000,—,—,3.00,1.000,—,0.000
trio-gatherers,20,8,pack,180,200,0.000,0.000,1.000,—,—,3.00,1.000,—,0.000
trio-gatherers,20,8,pack,300,200,0.000,0.000,1.000,—,—,3.00,1.000,—,0.000
trio-gatherers,20,8,boss,180,200,0.000,0.000,1.000,—,—,3.00,1.000,—,0.000
trio-gatherers,20,8,boss,300,200,0.000,0.000,1.000,—,—,3.00,1.000,—,0.000
trio-gatherers,35,1,solo,180,200,1.000,0.000,0.000,1.000,0.0,0.00,0.000,—,1.710
trio-gatherers,35,1,solo,300,200,1.000,0.000,0.000,1.000,0.0,0.00,0.000,—,1.710
trio-gatherers,35,1,pack,180,200,1.000,0.000,0.000,0.979,2.3,0.00,0.021,—,1.698
trio-gatherers,35,1,pack,300,200,1.000,0.000,0.000,0.979,2.3,0.00,0.021,—,1.698
trio-gatherers,35,1,boss,180,200,1.000,0.000,0.000,0.968,3.5,0.00,0.032,—,1.692
trio-gatherers,35,1,boss,300,200,1.000,0.000,0.000,0.969,3.5,0.00,0.031,—,1.692
trio-gatherers,35,2,solo,180,200,1.000,0.000,0.000,1.000,0.0,0.00,0.000,—,1.710
trio-gatherers,35,2,solo,300,200,1.000,0.000,0.000,1.000,0.0,0.00,0.000,—,1.710
trio-gatherers,35,2,pack,180,200,1.000,0.000,0.000,0.960,2.4,0.00,0.040,—,1.687
trio-gatherers,35,2,pack,300,200,1.000,0.000,0.000,0.960,2.4,0.00,0.040,—,1.687
trio-gatherers,35,2,boss,180,200,1.000,0.000,0.000,0.945,5.8,0.00,0.055,—,1.678
trio-gatherers,35,2,boss,300,200,1.000,0.000,0.000,0.945,5.8,0.00,0.055,—,1.678
trio-gatherers,35,3,solo,180,200,1.000,0.000,0.000,0.964,1.2,0.00,0.036,—,1.690
trio-gatherers,35,3,solo,300,200,1.000,0.000,0.000,0.964,1.2,0.00,0.036,—,1.689
trio-gatherers,35,3,pack,180,200,1.000,0.000,0.000,0.822,5.8,0.00,0.178,—,1.609
trio-gatherers,35,3,pack,300,200,1.000,0.000,0.000,0.821,5.8,0.00,0.179,—,1.608
trio-gatherers,35,3,boss,180,200,1.000,0.000,0.000,0.765,11.7,0.00,0.235,—,1.576
trio-gatherers,35,3,boss,300,200,1.000,0.000,0.000,0.765,11.7,0.00,0.235,—,1.576
trio-gatherers,35,4,solo,180,200,1.000,0.000,0.000,0.872,3.5,0.00,0.128,—,1.637
trio-gatherers,35,4,solo,300,200,1.000,0.000,0.000,0.874,3.5,0.00,0.126,—,1.638
trio-gatherers,35,4,pack,180,200,0.020,0.000,0.980,0.459,16.5,2.96,0.991,—,0.028
trio-gatherers,35,4,pack,300,200,0.010,0.000,0.990,0.459,16.5,2.98,0.995,—,0.014
trio-gatherers,35,4,boss,180,200,0.000,0.000,1.000,—,—,3.00,1.000,—,0.000
trio-gatherers,35,4,boss,300,200,0.000,0.000,1.000,—,—,3.00,1.000,—,0.000
trio-gatherers,35,5,solo,180,200,1.000,0.000,0.000,0.719,8.1,0.92,0.281,—,1.550
trio-gatherers,35,5,solo,300,200,1.000,0.000,0.000,0.718,8.2,0.93,0.282,—,1.549
trio-gatherers,35,5,pack,180,200,0.000,0.000,1.000,—,—,3.00,1.000,—,0.000
trio-gatherers,35,5,pack,300,200,0.000,0.000,1.000,—,—,3.00,1.000,—,0.000
trio-gatherers,35,5,boss,180,200,0.000,0.000,1.000,—,—,3.00,1.000,—,0.000
trio-gatherers,35,5,boss,300,200,0.000,0.000,1.000,—,—,3.00,1.000,—,0.000
trio-gatherers,35,6,solo,180,200,0.000,0.000,1.000,—,—,3.00,1.000,—,0.000
trio-gatherers,35,6,solo,300,200,0.000,0.000,1.000,—,—,3.00,1.000,—,0.000
trio-gatherers,35,6,pack,180,200,0.000,0.000,1.000,—,—,3.00,1.000,—,0.000
trio-gatherers,35,6,pack,300,200,0.000,0.000,1.000,—,—,3.00,1.000,—,0.000
trio-gatherers,35,6,boss,180,200,0.000,0.000,1.000,—,—,3.00,1.000,—,0.000
trio-gatherers,35,6,boss,300,200,0.000,0.000,1.000,—,—,3.00,1.000,—,0.000
trio-gatherers,35,7,solo,180,200,0.000,0.000,1.000,—,—,3.00,1.000,—,0.000
trio-gatherers,35,7,solo,300,200,0.000,0.000,1.000,—,—,3.00,1.000,—,0.000
trio-gatherers,35,7,pack,180,200,0.000,0.000,1.000,—,—,3.00,1.000,—,0.000
trio-gatherers,35,7,pack,300,200,0.000,0.000,1.000,—,—,3.00,1.000,—,0.000
trio-gatherers,35,7,boss,180,200,0.000,0.000,1.000,—,—,3.00,1.000,—,0.000
trio-gatherers,35,7,boss,300,200,0.000,0.000,1.000,—,—,3.00,1.000,—,0.000
trio-gatherers,35,8,solo,180,200,0.000,0.000,1.000,—,—,3.00,1.000,—,0.000
trio-gatherers,35,8,solo,300,200,0.000,0.000,1.000,—,—,3.00,1.000,—,0.000
trio-gatherers,35,8,pack,180,200,0.000,0.000,1.000,—,—,3.00,1.000,—,0.000
trio-gatherers,35,8,pack,300,200,0.000,0.000,1.000,—,—,3.00,1.000,—,0.000
trio-gatherers,35,8,boss,180,200,0.000,0.000,1.000,—,—,3.00,1.000,—,0.000
trio-gatherers,35,8,boss,300,200,0.000,0.000,1.000,—,—,3.00,1.000,—,0.000
trio-gatherers,50,1,solo,180,200,1.000,0.000,0.000,1.000,0.0,0.00,0.000,—,1.800
trio-gatherers,50,1,solo,300,200,1.000,0.000,0.000,1.000,0.0,0.00,0.000,—,1.800
trio-gatherers,50,1,pack,180,200,1.000,0.000,0.000,0.992,1.1,0.00,0.008,—,1.795
trio-gatherers,50,1,pack,300,200,1.000,0.000,0.000,0.992,1.1,0.00,0.008,—,1.795
trio-gatherers,50,1,boss,180,200,1.000,0.000,0.000,0.989,2.1,0.00,0.011,—,1.793
trio-gatherers,50,1,boss,300,200,1.000,0.000,0.000,0.988,2.1,0.00,0.012,—,1.793
trio-gatherers,50,2,solo,180,200,1.000,0.000,0.000,1.000,0.0,0.00,0.000,—,1.800
trio-gatherers,50,2,solo,300,200,1.000,0.000,0.000,1.000,0.0,0.00,0.000,—,1.800
trio-gatherers,50,2,pack,180,200,1.000,0.000,0.000,0.970,2.1,0.00,0.030,—,1.782
trio-gatherers,50,2,pack,300,200,1.000,0.000,0.000,0.970,2.1,0.00,0.030,—,1.782
trio-gatherers,50,2,boss,180,200,1.000,0.000,0.000,0.956,3.2,0.00,0.044,—,1.774
trio-gatherers,50,2,boss,300,200,1.000,0.000,0.000,0.956,3.2,0.00,0.044,—,1.773
trio-gatherers,50,3,solo,180,200,1.000,0.000,0.000,1.000,0.0,0.00,0.000,—,1.800
trio-gatherers,50,3,solo,300,200,1.000,0.000,0.000,1.000,0.0,0.00,0.000,—,1.800
trio-gatherers,50,3,pack,180,200,1.000,0.000,0.000,0.918,3.2,0.00,0.082,—,1.751
trio-gatherers,50,3,pack,300,200,1.000,0.000,0.000,0.919,3.2,0.00,0.081,—,1.751
trio-gatherers,50,3,boss,180,200,1.000,0.000,0.000,0.862,7.4,0.00,0.138,—,1.717
trio-gatherers,50,3,boss,300,200,1.000,0.000,0.000,0.861,7.4,0.00,0.139,—,1.717
trio-gatherers,50,4,solo,180,200,1.000,0.000,0.000,0.951,2.1,0.00,0.049,—,1.771
trio-gatherers,50,4,solo,300,200,1.000,0.000,0.000,0.952,2.1,0.00,0.048,—,1.771
trio-gatherers,50,4,pack,180,200,1.000,0.000,0.000,0.678,9.2,0.85,0.322,—,1.607
trio-gatherers,50,4,pack,300,200,1.000,0.000,0.000,0.681,9.2,0.82,0.319,—,1.609
trio-gatherers,50,4,boss,180,200,1.000,0.000,0.000,0.443,20.7,1.00,0.557,—,1.466
trio-gatherers,50,4,boss,300,200,1.000,0.000,0.000,0.439,20.8,1.00,0.561,—,1.463
trio-gatherers,50,5,solo,180,200,1.000,0.000,0.000,0.822,5.3,0.00,0.178,—,1.693
trio-gatherers,50,5,solo,300,200,1.000,0.000,0.000,0.822,5.3,0.00,0.178,—,1.693
trio-gatherers,50,5,pack,180,200,0.000,0.000,1.000,—,—,3.00,1.000,—,0.000
trio-gatherers,50,5,pack,300,200,0.000,0.000,1.000,—,—,3.00,1.000,—,0.000
trio-gatherers,50,5,boss,180,200,0.000,0.000,1.000,—,—,3.00,1.000,—,0.000
trio-gatherers,50,5,boss,300,200,0.000,0.000,1.000,—,—,3.00,1.000,—,0.000
trio-gatherers,50,6,solo,180,200,0.005,0.000,0.995,0.554,14.8,2.99,0.997,—,0.008
trio-gatherers,50,6,solo,300,200,0.000,0.000,1.000,—,—,3.00,1.000,—,0.000
trio-gatherers,50,6,pack,180,200,0.000,0.000,1.000,—,—,3.00,1.000,—,0.000
trio-gatherers,50,6,pack,300,200,0.000,0.000,1.000,—,—,3.00,1.000,—,0.000
trio-gatherers,50,6,boss,180,200,0.000,0.000,1.000,—,—,3.00,1.000,—,0.000
trio-gatherers,50,6,boss,300,200,0.000,0.000,1.000,—,—,3.00,1.000,—,0.000
trio-gatherers,50,7,solo,180,200,0.000,0.000,1.000,—,—,3.00,1.000,—,0.000
trio-gatherers,50,7,solo,300,200,0.000,0.000,1.000,—,—,3.00,1.000,—,0.000
trio-gatherers,50,7,pack,180,200,0.000,0.000,1.000,—,—,3.00,1.000,—,0.000
trio-gatherers,50,7,pack,300,200,0.000,0.000,1.000,—,—,3.00,1.000,—,0.000
trio-gatherers,50,7,boss,180,200,0.000,0.000,1.000,—,—,3.00,1.000,—,0.000
trio-gatherers,50,7,boss,300,200,0.000,0.000,1.000,—,—,3.00,1.000,—,0.000
trio-gatherers,50,8,solo,180,200,0.000,0.000,1.000,—,—,3.00,1.000,—,0.000
trio-gatherers,50,8,solo,300,200,0.000,0.000,1.000,—,—,3.00,1.000,—,0.000
trio-gatherers,50,8,pack,180,200,0.000,0.000,1.000,—,—,3.00,1.000,—,0.000
trio-gatherers,50,8,pack,300,200,0.000,0.000,1.000,—,—,3.00,1.000,—,0.000
trio-gatherers,50,8,boss,180,200,0.000,0.000,1.000,—,—,3.00,1.000,—,0.000
trio-gatherers,50,8,boss,300,200,0.000,0.000,1.000,—,—,3.00,1.000,—,0.000
duo-tank-heal,1,1,solo,180,200,1.000,0.000,0.000,0.868,8.2,0.00,0.132,1.000,1.440
duo-tank-heal,1,1,solo,300,200,1.000,0.000,0.000,0.868,8.2,0.00,0.132,1.000,1.440
duo-tank-heal,1,1,pack,180,200,1.000,0.000,0.000,0.995,77.4,0.00,0.005,1.000,1.504
duo-tank-heal,1,1,pack,300,200,1.000,0.000,0.000,0.999,77.8,0.00,0.001,1.000,1.505
duo-tank-heal,1,1,boss,180,200,1.000,0.000,0.000,0.943,147.1,0.00,0.057,1.000,1.477
duo-tank-heal,1,1,boss,300,200,1.000,0.000,0.000,0.943,148.0,0.00,0.057,1.000,1.478
duo-tank-heal,1,2,solo,180,200,1.000,0.000,0.000,0.993,41.3,0.00,0.007,1.000,1.503
duo-tank-heal,1,2,solo,300,200,1.000,0.000,0.000,0.992,41.1,0.00,0.008,1.000,1.502
duo-tank-heal,1,2,pack,180,200,0.000,0.000,1.000,—,—,2.00,1.000,0.564,0.000
duo-tank-heal,1,2,pack,300,200,0.000,0.000,1.000,—,—,2.00,1.000,0.563,0.000
duo-tank-heal,1,2,boss,180,200,0.000,0.000,1.000,—,—,2.00,1.000,0.631,0.000
duo-tank-heal,1,2,boss,300,200,0.000,0.000,1.000,—,—,2.00,1.000,0.629,0.000
duo-tank-heal,1,3,solo,180,200,0.000,0.000,1.000,—,—,2.00,1.000,0.554,0.000
duo-tank-heal,1,3,solo,300,200,0.000,0.000,1.000,—,—,2.00,1.000,0.546,0.000
duo-tank-heal,1,3,pack,180,200,0.000,0.000,1.000,—,—,2.00,1.000,0.504,0.000
duo-tank-heal,1,3,pack,300,200,0.000,0.000,1.000,—,—,2.00,1.000,0.502,0.000
duo-tank-heal,1,3,boss,180,200,0.000,0.000,1.000,—,—,2.00,1.000,0.503,0.000
duo-tank-heal,1,3,boss,300,200,0.000,0.000,1.000,—,—,2.00,1.000,0.504,0.000
duo-tank-heal,1,4,solo,180,200,0.000,0.000,1.000,—,—,2.00,1.000,0.520,0.000
duo-tank-heal,1,4,solo,300,200,0.000,0.000,1.000,—,—,2.00,1.000,0.513,0.000
duo-tank-heal,1,4,pack,180,200,0.000,0.000,1.000,—,—,2.00,1.000,0.516,0.000
duo-tank-heal,1,4,pack,300,200,0.000,0.000,1.000,—,—,2.00,1.000,0.512,0.000
duo-tank-heal,1,4,boss,180,200,0.000,0.000,1.000,—,—,2.00,1.000,0.524,0.000
duo-tank-heal,1,4,boss,300,200,0.000,0.000,1.000,—,—,2.00,1.000,0.522,0.000
duo-tank-heal,1,5,solo,180,200,0.000,0.000,1.000,—,—,2.00,1.000,0.669,0.000
duo-tank-heal,1,5,solo,300,200,0.000,0.000,1.000,—,—,2.00,1.000,0.668,0.000
duo-tank-heal,1,5,pack,180,200,0.000,0.000,1.000,—,—,2.00,1.000,0.671,0.000
duo-tank-heal,1,5,pack,300,200,0.000,0.000,1.000,—,—,2.00,1.000,0.667,0.000
duo-tank-heal,1,5,boss,180,200,0.000,0.000,1.000,—,—,2.00,1.000,0.513,0.000
duo-tank-heal,1,5,boss,300,200,0.000,0.000,1.000,—,—,2.00,1.000,0.524,0.000
duo-tank-heal,1,6,solo,180,200,0.000,0.000,1.000,—,—,2.00,1.000,0.518,0.000
duo-tank-heal,1,6,solo,300,200,0.000,0.000,1.000,—,—,2.00,1.000,0.516,0.000
duo-tank-heal,1,6,pack,180,200,0.000,0.000,1.000,—,—,2.00,1.000,0.516,0.000
duo-tank-heal,1,6,pack,300,200,0.000,0.000,1.000,—,—,2.00,1.000,0.516,0.000
duo-tank-heal,1,6,boss,180,200,0.000,0.000,1.000,—,—,2.00,1.000,0.502,0.000
duo-tank-heal,1,6,boss,300,200,0.000,0.000,1.000,—,—,2.00,1.000,0.504,0.000
duo-tank-heal,1,7,solo,180,200,0.000,0.000,1.000,—,—,2.00,1.000,0.505,0.000
duo-tank-heal,1,7,solo,300,200,0.000,0.000,1.000,—,—,2.00,1.000,0.502,0.000
duo-tank-heal,1,7,pack,180,200,0.000,0.000,1.000,—,—,2.00,1.000,0.501,0.000
duo-tank-heal,1,7,pack,300,200,0.000,0.000,1.000,—,—,2.00,1.000,0.505,0.000
duo-tank-heal,1,7,boss,180,200,0.000,0.000,1.000,—,—,2.00,1.000,0.500,0.000
duo-tank-heal,1,7,boss,300,200,0.000,0.000,1.000,—,—,2.00,1.000,0.501,0.000
duo-tank-heal,1,8,solo,180,200,0.000,0.000,1.000,—,—,2.00,1.000,0.502,0.000
duo-tank-heal,1,8,solo,300,200,0.000,0.000,1.000,—,—,2.00,1.000,0.501,0.000
duo-tank-heal,1,8,pack,180,200,0.000,0.000,1.000,—,—,2.00,1.000,0.500,0.000
duo-tank-heal,1,8,pack,300,200,0.000,0.000,1.000,—,—,2.00,1.000,0.504,0.000
duo-tank-heal,1,8,boss,180,200,0.000,0.000,1.000,—,—,2.00,1.000,0.504,0.000
duo-tank-heal,1,8,boss,300,200,0.000,0.000,1.000,—,—,2.00,1.000,0.501,0.000
duo-tank-heal,5,1,solo,180,200,1.000,0.000,0.000,0.929,4.1,0.00,0.071,1.000,1.494
duo-tank-heal,5,1,solo,300,200,1.000,0.000,0.000,0.929,4.1,0.00,0.071,1.000,1.494
duo-tank-heal,5,1,pack,180,200,1.000,0.000,0.000,0.999,41.7,0.00,0.001,1.000,1.529
duo-tank-heal,5,1,pack,300,200,1.000,0.000,0.000,0.999,41.5,0.00,0.001,1.000,1.529
duo-tank-heal,5,1,boss,180,200,1.000,0.000,0.000,0.996,93.1,0.00,0.004,1.000,1.528
duo-tank-heal,5,1,boss,300,200,1.000,0.000,0.000,0.994,93.1,0.00,0.006,1.000,1.527
duo-tank-heal,5,2,solo,180,200,1.000,0.000,0.000,0.955,16.6,0.00,0.045,1.000,1.507
duo-tank-heal,5,2,solo,300,200,1.000,0.000,0.000,0.944,16.3,0.00,0.056,1.000,1.501
duo-tank-heal,5,2,pack,180,200,0.210,0.470,0.320,0.999,95.4,1.11,0.665,0.359,0.321
duo-tank-heal,5,2,pack,300,200,0.275,0.495,0.230,0.997,95.7,0.95,0.640,0.259,0.420
duo-tank-heal,5,2,boss,180,200,0.230,0.770,0.000,0.988,177.0,0.00,0.077,1.000,0.350
duo-tank-heal,5,2,boss,300,200,1.000,0.000,0.000,0.998,183.8,0.00,0.002,1.000,1.529
duo-tank-heal,5,3,solo,180,200,1.000,0.000,0.000,0.996,53.7,0.00,0.004,1.000,1.528
duo-tank-heal,5,3,solo,300,200,1.000,0.000,0.000,0.992,53.3,0.00,0.008,1.000,1.526
duo-tank-heal,5,3,pack,180,200,0.000,0.000,1.000,—,—,2.00,1.000,0.597,0.000
duo-tank-heal,5,3,pack,300,200,0.000,0.000,1.000,—,—,2.00,1.000,0.599,0.000
duo-tank-heal,5,3,boss,180,200,0.000,0.000,1.000,—,—,2.00,1.000,0.566,0.000
duo-tank-heal,5,3,boss,300,200,0.000,0.000,1.000,—,—,2.00,1.000,0.567,0.000
duo-tank-heal,5,4,solo,180,200,0.000,0.000,1.000,—,—,2.00,1.000,0.615,0.000
duo-tank-heal,5,4,solo,300,200,0.000,0.000,1.000,—,—,2.00,1.000,0.603,0.000
duo-tank-heal,5,4,pack,180,200,0.000,0.000,1.000,—,—,2.00,1.000,0.617,0.000
duo-tank-heal,5,4,pack,300,200,0.000,0.000,1.000,—,—,2.00,1.000,0.622,0.000
duo-tank-heal,5,4,boss,180,200,0.000,0.000,1.000,—,—,2.00,1.000,0.591,0.000
duo-tank-heal,5,4,boss,300,200,0.000,0.000,1.000,—,—,2.00,1.000,0.589,0.000
duo-tank-heal,5,5,solo,180,200,0.000,0.000,1.000,—,—,2.00,1.000,0.670,0.000
duo-tank-heal,5,5,solo,300,200,0.000,0.000,1.000,—,—,2.00,1.000,0.671,0.000
duo-tank-heal,5,5,pack,180,200,0.000,0.000,1.000,—,—,2.00,1.000,0.669,0.000
duo-tank-heal,5,5,pack,300,200,0.000,0.000,1.000,—,—,2.00,1.000,0.669,0.000
duo-tank-heal,5,5,boss,180,200,0.000,0.000,1.000,—,—,2.00,1.000,0.381,0.000
duo-tank-heal,5,5,boss,300,200,0.000,0.000,1.000,—,—,2.00,1.000,0.381,0.000
duo-tank-heal,5,6,solo,180,200,0.000,0.000,1.000,—,—,2.00,1.000,0.518,0.000
duo-tank-heal,5,6,solo,300,200,0.000,0.000,1.000,—,—,2.00,1.000,0.516,0.000
duo-tank-heal,5,6,pack,180,200,0.000,0.000,1.000,—,—,2.00,1.000,0.522,0.000
duo-tank-heal,5,6,pack,300,200,0.000,0.000,1.000,—,—,2.00,1.000,0.524,0.000
duo-tank-heal,5,6,boss,180,200,0.000,0.000,1.000,—,—,2.00,1.000,0.527,0.000
duo-tank-heal,5,6,boss,300,200,0.000,0.000,1.000,—,—,2.00,1.000,0.523,0.000
duo-tank-heal,5,7,solo,180,200,0.000,0.000,1.000,—,—,2.00,1.000,0.500,0.000
duo-tank-heal,5,7,solo,300,200,0.000,0.000,1.000,—,—,2.00,1.000,0.502,0.000
duo-tank-heal,5,7,pack,180,200,0.000,0.000,1.000,—,—,2.00,1.000,0.504,0.000
duo-tank-heal,5,7,pack,300,200,0.000,0.000,1.000,—,—,2.00,1.000,0.502,0.000
duo-tank-heal,5,7,boss,180,200,0.000,0.000,1.000,—,—,2.00,1.000,0.502,0.000
duo-tank-heal,5,7,boss,300,200,0.000,0.000,1.000,—,—,2.00,1.000,0.505,0.000
duo-tank-heal,5,8,solo,180,200,0.000,0.000,1.000,—,—,2.00,1.000,0.500,0.000
duo-tank-heal,5,8,solo,300,200,0.000,0.000,1.000,—,—,2.00,1.000,0.502,0.000
duo-tank-heal,5,8,pack,180,200,0.000,0.000,1.000,—,—,2.00,1.000,0.504,0.000
duo-tank-heal,5,8,pack,300,200,0.000,0.000,1.000,—,—,2.00,1.000,0.500,0.000
duo-tank-heal,5,8,boss,180,200,0.000,0.000,1.000,—,—,2.00,1.000,0.504,0.000
duo-tank-heal,5,8,boss,300,200,0.000,0.000,1.000,—,—,2.00,1.000,0.502,0.000
duo-tank-heal,10,1,solo,180,200,1.000,0.000,0.000,1.000,0.0,0.00,0.000,—,1.560
duo-tank-heal,10,1,solo,300,200,1.000,0.000,0.000,1.000,0.0,0.00,0.000,—,1.560
duo-tank-heal,10,1,pack,180,200,1.000,0.000,0.000,0.873,12.0,0.00,0.127,1.000,1.494
duo-tank-heal,10,1,pack,300,200,1.000,0.000,0.000,0.873,12.0,0.00,0.127,1.000,1.494
duo-tank-heal,10,1,boss,180,200,1.000,0.000,0.000,0.984,43.7,0.00,0.016,1.000,1.552
duo-tank-heal,10,1,boss,300,200,1.000,0.000,0.000,0.984,44.4,0.00,0.016,1.000,1.552
duo-tank-heal,10,2,solo,180,200,1.000,0.000,0.000,0.921,6.0,0.00,0.079,1.000,1.519
duo-tank-heal,10,2,solo,300,200,1.000,0.000,0.000,0.919,6.0,0.00,0.081,1.000,1.518
duo-tank-heal,10,2,pack,180,200,1.000,0.000,0.000,0.997,59.6,0.00,0.003,1.000,1.559
duo-tank-heal,10,2,pack,300,200,1.000,0.000,0.000,0.999,59.9,0.00,0.001,1.000,1.560
duo-tank-heal,10,2,boss,180,200,1.000,0.000,0.000,0.949,122.7,0.00,0.051,1.000,1.534
duo-tank-heal,10,2,boss,300,200,1.000,0.000,0.000,0.950,123.5,0.00,0.050,1.000,1.534
duo-tank-heal,10,3,solo,180,200,1.000,0.000,0.000,0.988,28.2,0.00,0.012,1.000,1.554
duo-tank-heal,10,3,solo,300,200,1.000,0.000,0.000,0.986,28.1,0.00,0.014,1.000,1.553
duo-tank-heal,10,3,pack,180,200,0.000,0.000,1.000,—,—,2.00,1.000,0.572,0.000
duo-tank-heal,10,3,pack,300,200,0.000,0.000,1.000,—,—,2.00,1.000,0.571,0.000
duo-tank-heal,10,3,boss,180,200,0.000,1.000,0.000,—,—,0.00,0.117,1.000,0.000
duo-tank-heal,10,3,boss,300,200,1.000,0.000,0.000,0.911,238.7,0.00,0.089,1.000,1.514
duo-tank-heal,10,4,solo,180,200,1.000,0.000,0.000,0.956,71.3,0.00,0.044,1.000,1.537
duo-tank-heal,10,4,solo,300,200,1.000,0.000,0.000,0.957,71.2,0.00,0.043,1.000,1.538
duo-tank-heal,10,4,pack,180,200,0.000,0.000,1.000,—,—,2.00,1.000,0.528,0.000
duo-tank-heal,10,4,pack,300,200,0.000,0.000,1.000,—,—,2.00,1.000,0.526,0.000
duo-tank-heal,10,4,boss,180,200,0.000,0.000,1.000,—,—,2.00,1.000,0.531,0.000
duo-tank-heal,10,4,boss,300,200,0.000,0.000,1.000,—,—,2.00,1.000,0.525,0.000
duo-tank-heal,10,5,solo,180,200,0.000,0.000,1.000,—,—,2.00,1.000,0.657,0.000
duo-tank-heal,10,5,solo,300,200,0.000,0.000,1.000,—,—,2.00,1.000,0.648,0.000
duo-tank-heal,10,5,pack,180,200,0.000,0.000,1.000,—,—,2.00,1.000,0.605,0.000
duo-tank-heal,10,5,pack,300,200,0.000,0.000,1.000,—,—,2.00,1.000,0.607,0.000
duo-tank-heal,10,5,boss,180,200,0.000,0.000,1.000,—,—,2.00,1.000,0.570,0.000
duo-tank-heal,10,5,boss,300,200,0.000,0.000,1.000,—,—,2.00,1.000,0.550,0.000
duo-tank-heal,10,6,solo,180,200,0.000,0.000,1.000,—,—,2.00,1.000,0.671,0.000
duo-tank-heal,10,6,solo,300,200,0.000,0.000,1.000,—,—,2.00,1.000,0.668,0.000
duo-tank-heal,10,6,pack,180,200,0.000,0.000,1.000,—,—,2.00,1.000,0.668,0.000
duo-tank-heal,10,6,pack,300,200,0.000,0.000,1.000,—,—,2.00,1.000,0.671,0.000
duo-tank-heal,10,6,boss,180,200,0.000,0.000,1.000,—,—,2.00,1.000,0.534,0.000
duo-tank-heal,10,6,boss,300,200,0.000,0.000,1.000,—,—,2.00,1.000,0.533,0.000
duo-tank-heal,10,7,solo,180,200,0.000,0.000,1.000,—,—,2.00,1.000,0.536,0.000
duo-tank-heal,10,7,solo,300,200,0.000,0.000,1.000,—,—,2.00,1.000,0.519,0.000
duo-tank-heal,10,7,pack,180,200,0.000,0.000,1.000,—,—,2.00,1.000,0.533,0.000
duo-tank-heal,10,7,pack,300,200,0.000,0.000,1.000,—,—,2.00,1.000,0.532,0.000
duo-tank-heal,10,7,boss,180,200,0.000,0.000,1.000,—,—,2.00,1.000,0.501,0.000
duo-tank-heal,10,7,boss,300,200,0.000,0.000,1.000,—,—,2.00,1.000,0.504,0.000
duo-tank-heal,10,8,solo,180,200,0.000,0.000,1.000,—,—,2.00,1.000,0.501,0.000
duo-tank-heal,10,8,solo,300,200,0.000,0.000,1.000,—,—,2.00,1.000,0.502,0.000
duo-tank-heal,10,8,pack,180,200,0.000,0.000,1.000,—,—,2.00,1.000,0.504,0.000
duo-tank-heal,10,8,pack,300,200,0.000,0.000,1.000,—,—,2.00,1.000,0.501,0.000
duo-tank-heal,10,8,boss,180,200,0.000,0.000,1.000,—,—,2.00,1.000,0.501,0.000
duo-tank-heal,10,8,boss,300,200,0.000,0.000,1.000,—,—,2.00,1.000,0.502,0.000
duo-tank-heal,20,1,solo,180,200,1.000,0.000,0.000,1.000,0.0,0.00,0.000,—,1.620
duo-tank-heal,20,1,solo,300,200,1.000,0.000,0.000,1.000,0.0,0.00,0.000,—,1.620
duo-tank-heal,20,1,pack,180,200,1.000,0.000,0.000,0.934,12.0,0.00,0.066,1.000,1.584
duo-tank-heal,20,1,pack,300,200,1.000,0.000,0.000,0.935,12.0,0.00,0.065,1.000,1.585
duo-tank-heal,20,1,boss,180,200,1.000,0.000,0.000,0.894,16.3,0.00,0.106,1.000,1.563
duo-tank-heal,20,1,boss,300,200,1.000,0.000,0.000,0.895,16.3,0.00,0.105,1.000,1.563
duo-tank-heal,20,2,solo,180,200,1.000,0.000,0.000,0.952,4.1,0.00,0.048,1.000,1.594
duo-tank-heal,20,2,solo,300,200,1.000,0.000,0.000,0.951,4.1,0.00,0.049,1.000,1.593
duo-tank-heal,20,2,pack,180,200,1.000,0.000,0.000,0.987,34.3,0.00,0.013,1.000,1.613
duo-tank-heal,20,2,pack,300,200,1.000,0.000,0.000,0.987,34.4,0.00,0.013,1.000,1.613
duo-tank-heal,20,2,boss,180,200,1.000,0.000,0.000,0.993,54.1,0.00,0.007,1.000,1.616
duo-tank-heal,20,2,boss,300,200,1.000,0.000,0.000,0.993,54.8,0.00,0.007,1.000,1.616
duo-tank-heal,20,3,solo,180,200,1.000,0.000,0.000,0.875,8.2,0.00,0.125,1.000,1.552
duo-tank-heal,20,3,solo,300,200,1.000,0.000,0.000,0.877,8.2,0.00,0.123,1.000,1.553
duo-tank-heal,20,3,pack,180,200,1.000,0.000,0.000,0.997,77.4,0.00,0.003,1.000,1.618
duo-tank-heal,20,3,pack,300,200,1.000,0.000,0.000,0.999,77.7,0.00,0.001,1.000,1.620
duo-tank-heal,20,3,boss,180,200,1.000,0.000,0.000,0.986,140.4,0.00,0.014,1.000,1.612
duo-tank-heal,20,3,boss,300,200,1.000,0.000,0.000,0.987,139.6,0.00,0.013,1.000,1.613
duo-tank-heal,20,4,solo,180,200,1.000,0.000,0.000,0.932,33.8,0.00,0.068,1.000,1.583
duo-tank-heal,20,4,solo,300,200,1.000,0.000,0.000,0.929,34.2,0.00,0.071,1.000,1.581
duo-tank-heal,20,4,pack,180,200,0.000,0.000,1.000,—,—,2.00,1.000,0.720,0.000
duo-tank-heal,20,4,pack,300,200,0.000,0.000,1.000,—,—,2.00,1.000,0.722,0.000
duo-tank-heal,20,4,boss,180,200,0.000,0.750,0.250,—,—,0.50,0.341,0.972,0.000
duo-tank-heal,20,4,boss,300,200,0.690,0.000,0.310,0.999,298.2,0.62,0.311,0.975,1.117
duo-tank-heal,20,5,solo,180,200,1.000,0.000,0.000,0.969,94.7,0.00,0.031,1.000,1.603
duo-tank-heal,20,5,solo,300,200,1.000,0.000,0.000,0.972,94.9,0.00,0.028,1.000,1.605
duo-tank-heal,20,5,pack,180,200,0.000,0.000,1.000,—,—,2.00,1.000,0.650,0.000
duo-tank-heal,20,5,pack,300,200,0.000,0.000,1.000,—,—,2.00,1.000,0.651,0.000
duo-tank-heal,20,5,boss,180,200,0.000,0.000,1.000,—,—,2.00,1.000,0.572,0.000
duo-tank-heal,20,5,boss,300,200,0.000,0.000,1.000,—,—,2.00,1.000,0.565,0.000
duo-tank-heal,20,6,solo,180,200,0.000,0.000,1.000,—,—,2.00,1.000,0.832,0.000
duo-tank-heal,20,6,solo,300,200,0.000,0.000,1.000,—,—,2.00,1.000,0.836,0.000
duo-tank-heal,20,6,pack,180,200,0.000,0.000,1.000,—,—,2.00,1.000,0.756,0.000
duo-tank-heal,20,6,pack,300,200,0.000,0.000,1.000,—,—,2.00,1.000,0.758,0.000
duo-tank-heal,20,6,boss,180,200,0.000,0.000,1.000,—,—,2.00,1.000,0.598,0.000
duo-tank-heal,20,6,boss,300,200,0.000,0.000,1.000,—,—,2.00,1.000,0.585,0.000
duo-tank-heal,20,7,solo,180,200,0.000,0.000,1.000,—,—,2.00,1.000,0.675,0.000
duo-tank-heal,20,7,solo,300,200,0.000,0.000,1.000,—,—,2.00,1.000,0.679,0.000
duo-tank-heal,20,7,pack,180,200,0.000,0.000,1.000,—,—,2.00,1.000,0.672,0.000
duo-tank-heal,20,7,pack,300,200,0.000,0.000,1.000,—,—,2.00,1.000,0.672,0.000
duo-tank-heal,20,7,boss,180,200,0.000,0.000,1.000,—,—,2.00,1.000,0.552,0.000
duo-tank-heal,20,7,boss,300,200,0.000,0.000,1.000,—,—,2.00,1.000,0.546,0.000
duo-tank-heal,20,8,solo,180,200,0.000,0.000,1.000,—,—,2.00,1.000,0.549,0.000
duo-tank-heal,20,8,solo,300,200,0.000,0.000,1.000,—,—,2.00,1.000,0.538,0.000
duo-tank-heal,20,8,pack,180,200,0.000,0.000,1.000,—,—,2.00,1.000,0.555,0.000
duo-tank-heal,20,8,pack,300,200,0.000,0.000,1.000,—,—,2.00,1.000,0.538,0.000
duo-tank-heal,20,8,boss,180,200,0.000,0.000,1.000,—,—,2.00,1.000,0.500,0.000
duo-tank-heal,20,8,boss,300,200,0.000,0.000,1.000,—,—,2.00,1.000,0.504,0.000
duo-tank-heal,35,1,solo,180,200,1.000,0.000,0.000,1.000,0.0,0.00,0.000,—,1.710
duo-tank-heal,35,1,solo,300,200,1.000,0.000,0.000,1.000,0.0,0.00,0.000,—,1.710
duo-tank-heal,35,1,pack,180,200,1.000,0.000,0.000,0.985,4.1,0.00,0.015,1.000,1.702
duo-tank-heal,35,1,pack,300,200,1.000,0.000,0.000,0.986,4.1,0.00,0.014,1.000,1.702
duo-tank-heal,35,1,boss,180,200,1.000,0.000,0.000,0.967,12.0,0.00,0.033,1.000,1.691
duo-tank-heal,35,1,boss,300,200,1.000,0.000,0.000,0.967,12.0,0.00,0.033,1.000,1.691
duo-tank-heal,35,2,solo,180,200,1.000,0.000,0.000,1.000,0.0,0.00,0.000,—,1.710
duo-tank-heal,35,2,solo,300,200,1.000,0.000,0.000,1.000,0.0,0.00,0.000,—,1.710
duo-tank-heal,35,2,pack,180,200,1.000,0.000,0.000,0.931,12.0,0.00,0.069,1.000,1.671
duo-tank-heal,35,2,pack,300,200,1.000,0.000,0.000,0.931,12.0,0.00,0.069,1.000,1.671
duo-tank-heal,35,2,boss,180,200,1.000,0.000,0.000,0.903,18.0,0.00,0.097,1.000,1.654
duo-tank-heal,35,2,boss,300,200,1.000,0.000,0.000,0.900,18.0,0.00,0.100,1.000,1.653
duo-tank-heal,35,3,solo,180,200,1.000,0.000,0.000,0.952,4.1,0.00,0.048,1.000,1.683
duo-tank-heal,35,3,solo,300,200,1.000,0.000,0.000,0.952,4.1,0.00,0.048,1.000,1.683
duo-tank-heal,35,3,pack,180,200,1.000,0.000,0.000,0.987,34.3,0.00,0.013,1.000,1.702
duo-tank-heal,35,3,pack,300,200,1.000,0.000,0.000,0.987,34.1,0.00,0.013,1.000,1.703
duo-tank-heal,35,3,boss,180,200,1.000,0.000,0.000,0.996,75.3,0.00,0.004,1.000,1.708
duo-tank-heal,35,3,boss,300,200,1.000,0.000,0.000,0.995,75.3,0.00,0.005,1.000,1.707
duo-tank-heal,35,4,solo,180,200,1.000,0.000,0.000,0.875,8.2,0.00,0.125,1.000,1.639
duo-tank-heal,35,4,solo,300,200,1.000,0.000,0.000,0.879,8.2,0.00,0.121,1.000,1.641
duo-tank-heal,35,4,pack,180,200,1.000,0.000,0.000,0.996,95.2,0.00,0.004,1.000,1.708
duo-tank-heal,35,4,pack,300,200,1.000,0.000,0.000,0.997,95.0,0.00,0.003,1.000,1.708
duo-tank-heal,35,4,boss,180,200,0.545,0.455,0.000,0.995,173.0,0.00,0.031,1.000,0.930
duo-tank-heal,35,4,boss,300,200,1.000,0.000,0.000,1.000,180.0,0.00,0.000,1.000,1.710
duo-tank-heal,35,5,solo,180,200,1.000,0.000,0.000,0.966,53.0,0.00,0.034,1.000,1.691
duo-tank-heal,35,5,solo,300,200,1.000,0.000,0.000,0.968,52.5,0.00,0.032,1.000,1.691
duo-tank-heal,35,5,pack,180,200,0.000,0.025,0.975,—,—,1.95,0.977,0.893,0.000
duo-tank-heal,35,5,pack,300,200,0.025,0.000,0.975,0.915,204.0,1.95,0.977,0.897,0.042
duo-tank-heal,35,5,boss,180,200,0.000,0.775,0.225,—,—,0.45,0.317,0.980,0.000
duo-tank-heal,35,5,boss,300,200,0.000,0.775,0.225,—,—,0.45,0.314,0.986,0.000
duo-tank-heal,35,6,solo,180,200,1.000,0.000,0.000,0.994,141.2,0.00,0.006,1.000,1.707
duo-tank-heal,35,6,solo,300,200,1.000,0.000,0.000,0.987,140.3,0.00,0.013,1.000,1.703
duo-tank-heal,35,6,pack,180,200,0.000,0.000,1.000,—,—,2.00,1.000,0.656,0.000
duo-tank-heal,35,6,pack,300,200,0.000,0.000,1.000,—,—,2.00,1.000,0.663,0.000
duo-tank-heal,35,6,boss,180,200,0.000,0.000,1.000,—,—,2.00,1.000,0.632,0.000
duo-tank-heal,35,6,boss,300,200,0.000,0.000,1.000,—,—,2.00,1.000,0.632,0.000
duo-tank-heal,35,7,solo,180,200,0.000,0.000,1.000,—,—,2.00,1.000,0.832,0.000
duo-tank-heal,35,7,solo,300,200,0.000,0.000,1.000,—,—,2.00,1.000,0.830,0.000
duo-tank-heal,35,7,pack,180,200,0.000,0.000,1.000,—,—,2.00,1.000,0.718,0.000
duo-tank-heal,35,7,pack,300,200,0.000,0.000,1.000,—,—,2.00,1.000,0.718,0.000
duo-tank-heal,35,7,boss,180,200,0.000,0.000,1.000,—,—,2.00,1.000,0.608,0.000
duo-tank-heal,35,7,boss,300,200,0.000,0.000,1.000,—,—,2.00,1.000,0.627,0.000
duo-tank-heal,35,8,solo,180,200,0.000,0.000,1.000,—,—,2.00,1.000,0.687,0.000
duo-tank-heal,35,8,solo,300,200,0.000,0.000,1.000,—,—,2.00,1.000,0.688,0.000
duo-tank-heal,35,8,pack,180,200,0.000,0.000,1.000,—,—,2.00,1.000,0.679,0.000
duo-tank-heal,35,8,pack,300,200,0.000,0.000,1.000,—,—,2.00,1.000,0.680,0.000
duo-tank-heal,35,8,boss,180,200,0.000,0.000,1.000,—,—,2.00,1.000,0.574,0.000
duo-tank-heal,35,8,boss,300,200,0.000,0.000,1.000,—,—,2.00,1.000,0.569,0.000
duo-tank-heal,50,1,solo,180,200,1.000,0.000,0.000,1.000,0.0,0.00,0.000,—,1.800
duo-tank-heal,50,1,solo,300,200,1.000,0.000,0.000,1.000,0.0,0.00,0.000,—,1.800
duo-tank-heal,50,1,pack,180,200,1.000,0.000,0.000,0.991,4.1,0.00,0.009,1.000,1.795
duo-tank-heal,50,1,pack,300,200,1.000,0.000,0.000,0.991,4.1,0.00,0.009,1.000,1.795
duo-tank-heal,50,1,boss,180,200,1.000,0.000,0.000,0.984,8.2,0.00,0.016,1.000,1.790
duo-tank-heal,50,1,boss,300,200,1.000,0.000,0.000,0.984,8.2,0.00,0.016,1.000,1.791
duo-tank-heal,50,2,solo,180,200,1.000,0.000,0.000,1.000,0.0,0.00,0.000,—,1.800
duo-tank-heal,50,2,solo,300,200,1.000,0.000,0.000,1.000,0.0,0.00,0.000,—,1.800
duo-tank-heal,50,2,pack,180,200,1.000,0.000,0.000,0.963,8.2,0.00,0.037,1.000,1.778
duo-tank-heal,50,2,pack,300,200,1.000,0.000,0.000,0.963,8.2,0.00,0.037,1.000,1.778
duo-tank-heal,50,2,boss,180,200,1.000,0.000,0.000,0.938,16.3,0.00,0.062,1.000,1.763
duo-tank-heal,50,2,boss,300,200,1.000,0.000,0.000,0.938,16.3,0.00,0.062,1.000,1.763
duo-tank-heal,50,3,solo,180,200,1.000,0.000,0.000,1.000,0.0,0.00,0.000,—,1.800
duo-tank-heal,50,3,solo,300,200,1.000,0.000,0.000,1.000,0.0,0.00,0.000,—,1.800
duo-tank-heal,50,3,pack,180,200,1.000,0.000,0.000,0.924,12.0,0.00,0.076,1.000,1.754
duo-tank-heal,50,3,pack,300,200,1.000,0.000,0.000,0.922,12.0,0.00,0.078,1.000,1.753
duo-tank-heal,50,3,boss,180,200,1.000,0.000,0.000,0.941,28.1,0.00,0.059,1.000,1.765
duo-tank-heal,50,3,boss,300,200,1.000,0.000,0.000,0.947,28.2,0.00,0.053,1.000,1.768
duo-tank-heal,50,4,solo,180,200,1.000,0.000,0.000,0.954,6.0,0.00,0.046,1.000,1.772
duo-tank-heal,50,4,solo,300,200,1.000,0.000,0.000,0.953,6.0,0.00,0.047,1.000,1.772
duo-tank-heal,50,4,pack,180,200,1.000,0.000,0.000,0.998,65.9,0.00,0.002,1.000,1.799
duo-tank-heal,50,4,pack,300,200,1.000,0.000,0.000,0.999,65.7,0.00,0.001,1.000,1.799
duo-tank-heal,50,4,boss,180,200,1.000,0.000,0.000,0.971,124.3,0.00,0.029,1.000,1.783
duo-tank-heal,50,4,boss,300,200,1.000,0.000,0.000,0.970,124.0,0.00,0.030,1.000,1.782
duo-tank-heal,50,5,solo,180,200,1.000,0.000,0.000,0.950,23.3,0.00,0.050,1.000,1.770
duo-tank-heal,50,5,solo,300,200,1.000,0.000,0.000,0.951,23.5,0.00,0.049,1.000,1.770
duo-tank-heal,50,5,pack,180,200,1.000,0.000,0.000,0.953,147.7,0.00,0.047,1.000,1.772
duo-tank-heal,50,5,pack,300,200,1.000,0.000,0.000,0.954,148.4,0.00,0.046,1.000,1.772
duo-tank-heal,50,5,boss,180,200,0.000,1.000,0.000,—,—,0.00,0.071,1.000,0.000
duo-tank-heal,50,5,boss,300,200,1.000,0.000,0.000,0.997,282.4,0.00,0.003,1.000,1.798
duo-tank-heal,50,6,solo,180,200,1.000,0.000,0.000,0.971,90.6,0.00,0.029,1.000,1.783
duo-tank-heal,50,6,solo,300,200,1.000,0.000,0.000,0.979,90.0,0.00,0.021,1.000,1.788
duo-tank-heal,50,6,pack,180,200,0.000,0.000,1.000,—,—,2.00,1.000,0.887,0.000
duo-tank-heal,50,6,pack,300,200,0.000,0.000,1.000,—,—,2.00,1.000,0.880,0.000
duo-tank-heal,50,6,boss,180,200,0.000,0.110,0.890,—,—,1.78,0.906,0.910,0.000
duo-tank-heal,50,6,boss,300,200,0.000,0.180,0.820,—,—,1.64,0.846,0.946,0.000
duo-tank-heal,50,7,solo,180,200,0.000,1.000,0.000,—,—,0.00,0.145,1.000,0.000
duo-tank-heal,50,7,solo,300,200,1.000,0.000,0.000,0.978,270.2,0.00,0.022,1.000,1.787
duo-tank-heal,50,7,pack,180,200,0.000,0.000,1.000,—,—,2.00,1.000,0.701,0.000
duo-tank-heal,50,7,pack,300,200,0.000,0.000,1.000,—,—,2.00,1.000,0.705,0.000
duo-tank-heal,50,7,boss,180,200,0.000,0.000,1.000,—,—,2.00,1.000,0.698,0.000
duo-tank-heal,50,7,boss,300,200,0.000,0.000,1.000,—,—,2.00,1.000,0.701,0.000
duo-tank-heal,50,8,solo,180,200,0.000,0.000,1.000,—,—,2.00,1.000,0.826,0.000
duo-tank-heal,50,8,solo,300,200,0.000,0.000,1.000,—,—,2.00,1.000,0.830,0.000
duo-tank-heal,50,8,pack,180,200,0.000,0.000,1.000,—,—,2.00,1.000,0.742,0.000
duo-tank-heal,50,8,pack,300,200,0.000,0.000,1.000,—,—,2.00,1.000,0.731,0.000
duo-tank-heal,50,8,boss,180,200,0.000,0.000,1.000,—,—,2.00,1.000,0.714,0.000
duo-tank-heal,50,8,boss,300,200,0.000,0.000,1.000,—,—,2.00,1.000,0.714,0.000
solo-tank,1,1,solo,180,200,1.000,0.000,0.000,0.406,30.0,0.00,0.594,1.000,1.208
solo-tank,1,1,solo,300,200,1.000,0.000,0.000,0.410,30.0,0.00,0.590,1.000,1.210
solo-tank,1,1,pack,180,200,0.000,0.000,1.000,—,—,1.00,1.000,1.000,0.000
solo-tank,1,1,pack,300,200,0.000,0.000,1.000,—,—,1.00,1.000,1.000,0.000
solo-tank,1,1,boss,180,200,0.000,0.000,1.000,—,—,1.00,1.000,1.000,0.000
solo-tank,1,1,boss,300,200,0.000,0.000,1.000,—,—,1.00,1.000,1.000,0.000
solo-tank,1,2,solo,180,200,0.000,0.000,1.000,—,—,1.00,1.000,1.000,0.000
solo-tank,1,2,solo,300,200,0.000,0.000,1.000,—,—,1.00,1.000,1.000,0.000
solo-tank,1,2,pack,180,200,0.000,0.000,1.000,—,—,1.00,1.000,1.000,0.000
solo-tank,1,2,pack,300,200,0.000,0.000,1.000,—,—,1.00,1.000,1.000,0.000
solo-tank,1,2,boss,180,200,0.000,0.000,1.000,—,—,1.00,1.000,1.000,0.000
solo-tank,1,2,boss,300,200,0.000,0.000,1.000,—,—,1.00,1.000,1.000,0.000
solo-tank,1,3,solo,180,200,0.000,0.000,1.000,—,—,1.00,1.000,1.000,0.000
solo-tank,1,3,solo,300,200,0.000,0.000,1.000,—,—,1.00,1.000,1.000,0.000
solo-tank,1,3,pack,180,200,0.000,0.000,1.000,—,—,1.00,1.000,1.000,0.000
solo-tank,1,3,pack,300,200,0.000,0.000,1.000,—,—,1.00,1.000,1.000,0.000
solo-tank,1,3,boss,180,200,0.000,0.000,1.000,—,—,1.00,1.000,1.000,0.000
solo-tank,1,3,boss,300,200,0.000,0.000,1.000,—,—,1.00,1.000,1.000,0.000
solo-tank,1,4,solo,180,200,0.000,0.000,1.000,—,—,1.00,1.000,1.000,0.000
solo-tank,1,4,solo,300,200,0.000,0.000,1.000,—,—,1.00,1.000,1.000,0.000
solo-tank,1,4,pack,180,200,0.000,0.000,1.000,—,—,1.00,1.000,1.000,0.000
solo-tank,1,4,pack,300,200,0.000,0.000,1.000,—,—,1.00,1.000,1.000,0.000
solo-tank,1,4,boss,180,200,0.000,0.000,1.000,—,—,1.00,1.000,1.000,0.000
solo-tank,1,4,boss,300,200,0.000,0.000,1.000,—,—,1.00,1.000,1.000,0.000
solo-tank,1,5,solo,180,200,0.000,0.000,1.000,—,—,1.00,1.000,1.000,0.000
solo-tank,1,5,solo,300,200,0.000,0.000,1.000,—,—,1.00,1.000,1.000,0.000
solo-tank,1,5,pack,180,200,0.000,0.000,1.000,—,—,1.00,1.000,1.000,0.000
solo-tank,1,5,pack,300,200,0.000,0.000,1.000,—,—,1.00,1.000,1.000,0.000
solo-tank,1,5,boss,180,200,0.000,0.000,1.000,—,—,1.00,1.000,1.000,0.000
solo-tank,1,5,boss,300,200,0.000,0.000,1.000,—,—,1.00,1.000,1.000,0.000
solo-tank,1,6,solo,180,200,0.000,0.000,1.000,—,—,1.00,1.000,1.000,0.000
solo-tank,1,6,solo,300,200,0.000,0.000,1.000,—,—,1.00,1.000,1.000,0.000
solo-tank,1,6,pack,180,200,0.000,0.000,1.000,—,—,1.00,1.000,1.000,0.000
solo-tank,1,6,pack,300,200,0.000,0.000,1.000,—,—,1.00,1.000,1.000,0.000
solo-tank,1,6,boss,180,200,0.000,0.000,1.000,—,—,1.00,1.000,1.000,0.000
solo-tank,1,6,boss,300,200,0.000,0.000,1.000,—,—,1.00,1.000,1.000,0.000
solo-tank,1,7,solo,180,200,0.000,0.000,1.000,—,—,1.00,1.000,1.000,0.000
solo-tank,1,7,solo,300,200,0.000,0.000,1.000,—,—,1.00,1.000,1.000,0.000
solo-tank,1,7,pack,180,200,0.000,0.000,1.000,—,—,1.00,1.000,1.000,0.000
solo-tank,1,7,pack,300,200,0.000,0.000,1.000,—,—,1.00,1.000,1.000,0.000
solo-tank,1,7,boss,180,200,0.000,0.000,1.000,—,—,1.00,1.000,1.000,0.000
solo-tank,1,7,boss,300,200,0.000,0.000,1.000,—,—,1.00,1.000,1.000,0.000
solo-tank,1,8,solo,180,200,0.000,0.000,1.000,—,—,1.00,1.000,1.000,0.000
solo-tank,1,8,solo,300,200,0.000,0.000,1.000,—,—,1.00,1.000,1.000,0.000
solo-tank,1,8,pack,180,200,0.000,0.000,1.000,—,—,1.00,1.000,1.000,0.000
solo-tank,1,8,pack,300,200,0.000,0.000,1.000,—,—,1.00,1.000,1.000,0.000
solo-tank,1,8,boss,180,200,0.000,0.000,1.000,—,—,1.00,1.000,1.000,0.000
solo-tank,1,8,boss,300,200,0.000,0.000,1.000,—,—,1.00,1.000,1.000,0.000
solo-tank,5,1,solo,180,200,1.000,0.000,0.000,0.798,18.0,0.00,0.202,1.000,1.427
solo-tank,5,1,solo,300,200,1.000,0.000,0.000,0.798,18.0,0.00,0.202,1.000,1.427
solo-tank,5,1,pack,180,200,0.000,0.000,1.000,—,—,1.00,1.000,1.000,0.000
solo-tank,5,1,pack,300,200,0.000,0.000,1.000,—,—,1.00,1.000,1.000,0.000
solo-tank,5,1,boss,180,200,0.000,0.000,1.000,—,—,1.00,1.000,1.000,0.000
solo-tank,5,1,boss,300,200,0.000,0.000,1.000,—,—,1.00,1.000,1.000,0.000
solo-tank,5,2,solo,180,200,1.000,0.000,0.000,0.184,30.0,0.00,0.816,1.000,1.114
solo-tank,5,2,solo,300,200,1.000,0.000,0.000,0.194,30.0,0.00,0.806,1.000,1.119
solo-tank,5,2,pack,180,200,0.000,0.000,1.000,—,—,1.00,1.000,1.000,0.000
solo-tank,5,2,pack,300,200,0.000,0.000,1.000,—,—,1.00,1.000,1.000,0.000
solo-tank,5,2,boss,180,200,0.000,0.000,1.000,—,—,1.00,1.000,1.000,0.000
solo-tank,5,2,boss,300,200,0.000,0.000,1.000,—,—,1.00,1.000,1.000,0.000
solo-tank,5,3,solo,180,200,0.000,0.000,1.000,—,—,1.00,1.000,1.000,0.000
solo-tank,5,3,solo,300,200,0.000,0.000,1.000,—,—,1.00,1.000,1.000,0.000
solo-tank,5,3,pack,180,200,0.000,0.000,1.000,—,—,1.00,1.000,1.000,0.000
solo-tank,5,3,pack,300,200,0.000,0.000,1.000,—,—,1.00,1.000,1.000,0.000
solo-tank,5,3,boss,180,200,0.000,0.000,1.000,—,—,1.00,1.000,1.000,0.000
solo-tank,5,3,boss,300,200,0.000,0.000,1.000,—,—,1.00,1.000,1.000,0.000
solo-tank,5,4,solo,180,200,0.000,0.000,1.000,—,—,1.00,1.000,1.000,0.000
solo-tank,5,4,solo,300,200,0.000,0.000,1.000,—,—,1.00,1.000,1.000,0.000
solo-tank,5,4,pack,180,200,0.000,0.000,1.000,—,—,1.00,1.000,1.000,0.000
solo-tank,5,4,pack,300,200,0.000,0.000,1.000,—,—,1.00,1.000,1.000,0.000
solo-tank,5,4,boss,180,200,0.000,0.000,1.000,—,—,1.00,1.000,1.000,0.000
solo-tank,5,4,boss,300,200,0.000,0.000,1.000,—,—,1.00,1.000,1.000,0.000
solo-tank,5,5,solo,180,200,0.000,0.000,1.000,—,—,1.00,1.000,1.000,0.000
solo-tank,5,5,solo,300,200,0.000,0.000,1.000,—,—,1.00,1.000,1.000,0.000
solo-tank,5,5,pack,180,200,0.000,0.000,1.000,—,—,1.00,1.000,1.000,0.000
solo-tank,5,5,pack,300,200,0.000,0.000,1.000,—,—,1.00,1.000,1.000,0.000
solo-tank,5,5,boss,180,200,0.000,0.000,1.000,—,—,1.00,1.000,1.000,0.000
solo-tank,5,5,boss,300,200,0.000,0.000,1.000,—,—,1.00,1.000,1.000,0.000
solo-tank,5,6,solo,180,200,0.000,0.000,1.000,—,—,1.00,1.000,1.000,0.000
solo-tank,5,6,solo,300,200,0.000,0.000,1.000,—,—,1.00,1.000,1.000,0.000
solo-tank,5,6,pack,180,200,0.000,0.000,1.000,—,—,1.00,1.000,1.000,0.000
solo-tank,5,6,pack,300,200,0.000,0.000,1.000,—,—,1.00,1.000,1.000,0.000
solo-tank,5,6,boss,180,200,0.000,0.000,1.000,—,—,1.00,1.000,1.000,0.000
solo-tank,5,6,boss,300,200,0.000,0.000,1.000,—,—,1.00,1.000,1.000,0.000
solo-tank,5,7,solo,180,200,0.000,0.000,1.000,—,—,1.00,1.000,1.000,0.000
solo-tank,5,7,solo,300,200,0.000,0.000,1.000,—,—,1.00,1.000,1.000,0.000
solo-tank,5,7,pack,180,200,0.000,0.000,1.000,—,—,1.00,1.000,1.000,0.000
solo-tank,5,7,pack,300,200,0.000,0.000,1.000,—,—,1.00,1.000,1.000,0.000
solo-tank,5,7,boss,180,200,0.000,0.000,1.000,—,—,1.00,1.000,1.000,0.000
solo-tank,5,7,boss,300,200,0.000,0.000,1.000,—,—,1.00,1.000,1.000,0.000
solo-tank,5,8,solo,180,200,0.000,0.000,1.000,—,—,1.00,1.000,1.000,0.000
solo-tank,5,8,solo,300,200,0.000,0.000,1.000,—,—,1.00,1.000,1.000,0.000
solo-tank,5,8,pack,180,200,0.000,0.000,1.000,—,—,1.00,1.000,1.000,0.000
solo-tank,5,8,pack,300,200,0.000,0.000,1.000,—,—,1.00,1.000,1.000,0.000
solo-tank,5,8,boss,180,200,0.000,0.000,1.000,—,—,1.00,1.000,1.000,0.000
solo-tank,5,8,boss,300,200,0.000,0.000,1.000,—,—,1.00,1.000,1.000,0.000
solo-tank,10,1,solo,180,200,1.000,0.000,0.000,0.969,6.0,0.00,0.031,1.000,1.544
solo-tank,10,1,solo,300,200,1.000,0.000,0.000,0.968,6.0,0.00,0.032,1.000,1.543
solo-tank,10,1,pack,180,200,1.000,0.000,0.000,0.528,30.0,0.00,0.472,1.000,1.314
solo-tank,10,1,pack,300,200,1.000,0.000,0.000,0.522,30.0,0.00,0.478,1.000,1.312
solo-tank,10,1,boss,180,200,1.000,0.000,0.000,0.152,66.0,0.00,0.848,1.000,1.119
solo-tank,10,1,boss,300,200,1.000,0.000,0.000,0.163,66.0,0.00,0.837,1.000,1.125
solo-tank,10,2,solo,180,200,1.000,0.000,0.000,0.704,18.0,0.00,0.296,1.000,1.406
solo-tank,10,2,solo,300,200,1.000,0.000,0.000,0.704,18.0,0.00,0.296,1.000,1.406
solo-tank,10,2,pack,180,200,0.000,0.000,1.000,—,—,1.00,1.000,1.000,0.000
solo-tank,10,2,pack,300,200,0.000,0.000,1.000,—,—,1.00,1.000,1.000,0.000
solo-tank,10,2,boss,180,200,0.000,0.000,1.000,—,—,1.00,1.000,1.000,0.000
solo-tank,10,2,boss,300,200,0.000,0.000,1.000,—,—,1.00,1.000,1.000,0.000
solo-tank,10,3,solo,180,200,0.005,0.000,0.995,0.174,36.0,0.99,0.999,1.000,0.006
solo-tank,10,3,solo,300,200,0.000,0.000,1.000,—,—,1.00,1.000,1.000,0.000
solo-tank,10,3,pack,180,200,0.000,0.000,1.000,—,—,1.00,1.000,1.000,0.000
solo-tank,10,3,pack,300,200,0.000,0.000,1.000,—,—,1.00,1.000,1.000,0.000
solo-tank,10,3,boss,180,200,0.000,0.000,1.000,—,—,1.00,1.000,1.000,0.000
solo-tank,10,3,boss,300,200,0.000,0.000,1.000,—,—,1.00,1.000,1.000,0.000
solo-tank,10,4,solo,180,200,0.000,0.000,1.000,—,—,1.00,1.000,1.000,0.000
solo-tank,10,4,solo,300,200,0.000,0.000,1.000,—,—,1.00,1.000,1.000,0.000
solo-tank,10,4,pack,180,200,0.000,0.000,1.000,—,—,1.00,1.000,1.000,0.000
solo-tank,10,4,pack,300,200,0.000,0.000,1.000,—,—,1.00,1.000,1.000,0.000
solo-tank,10,4,boss,180,200,0.000,0.000,1.000,—,—,1.00,1.000,1.000,0.000
solo-tank,10,4,boss,300,200,0.000,0.000,1.000,—,—,1.00,1.000,1.000,0.000
solo-tank,10,5,solo,180,200,0.000,0.000,1.000,—,—,1.00,1.000,1.000,0.000
solo-tank,10,5,solo,300,200,0.000,0.000,1.000,—,—,1.00,1.000,1.000,0.000
solo-tank,10,5,pack,180,200,0.000,0.000,1.000,—,—,1.00,1.000,1.000,0.000
solo-tank,10,5,pack,300,200,0.000,0.000,1.000,—,—,1.00,1.000,1.000,0.000
solo-tank,10,5,boss,180,200,0.000,0.000,1.000,—,—,1.00,1.000,1.000,0.000
solo-tank,10,5,boss,300,200,0.000,0.000,1.000,—,—,1.00,1.000,1.000,0.000
solo-tank,10,6,solo,180,200,0.000,0.000,1.000,—,—,1.00,1.000,1.000,0.000
solo-tank,10,6,solo,300,200,0.000,0.000,1.000,—,—,1.00,1.000,1.000,0.000
solo-tank,10,6,pack,180,200,0.000,0.000,1.000,—,—,1.00,1.000,1.000,0.000
solo-tank,10,6,pack,300,200,0.000,0.000,1.000,—,—,1.00,1.000,1.000,0.000
solo-tank,10,6,boss,180,200,0.000,0.000,1.000,—,—,1.00,1.000,1.000,0.000
solo-tank,10,6,boss,300,200,0.000,0.000,1.000,—,—,1.00,1.000,1.000,0.000
solo-tank,10,7,solo,180,200,0.000,0.000,1.000,—,—,1.00,1.000,1.000,0.000
solo-tank,10,7,solo,300,200,0.000,0.000,1.000,—,—,1.00,1.000,1.000,0.000
solo-tank,10,7,pack,180,200,0.000,0.000,1.000,—,—,1.00,1.000,1.000,0.000
solo-tank,10,7,pack,300,200,0.000,0.000,1.000,—,—,1.00,1.000,1.000,0.000
solo-tank,10,7,boss,180,200,0.000,0.000,1.000,—,—,1.00,1.000,1.000,0.000
solo-tank,10,7,boss,300,200,0.000,0.000,1.000,—,—,1.00,1.000,1.000,0.000
solo-tank,10,8,solo,180,200,0.000,0.000,1.000,—,—,1.00,1.000,1.000,0.000
solo-tank,10,8,solo,300,200,0.000,0.000,1.000,—,—,1.00,1.000,1.000,0.000
solo-tank,10,8,pack,180,200,0.000,0.000,1.000,—,—,1.00,1.000,1.000,0.000
solo-tank,10,8,pack,300,200,0.000,0.000,1.000,—,—,1.00,1.000,1.000,0.000
solo-tank,10,8,boss,180,200,0.000,0.000,1.000,—,—,1.00,1.000,1.000,0.000
solo-tank,10,8,boss,300,200,0.000,0.000,1.000,—,—,1.00,1.000,1.000,0.000
solo-tank,20,1,solo,180,200,1.000,0.000,0.000,0.999,6.0,0.00,0.001,1.000,1.620
solo-tank,20,1,solo,300,200,1.000,0.000,0.000,0.999,6.0,0.00,0.001,1.000,1.620
solo-tank,20,1,pack,180,200,1.000,0.000,0.000,0.845,30.0,0.00,0.155,1.000,1.536
solo-tank,20,1,pack,300,200,1.000,0.000,0.000,0.845,30.0,0.00,0.155,1.000,1.536
solo-tank,20,1,boss,180,200,1.000,0.000,0.000,0.846,42.0,0.00,0.154,1.000,1.537
solo-tank,20,1,boss,300,200,1.000,0.000,0.000,0.847,42.0,0.00,0.153,1.000,1.537
solo-tank,20,2,solo,180,200,1.000,0.000,0.000,0.934,12.0,0.00,0.066,1.000,1.585
solo-tank,20,2,solo,300,200,1.000,0.000,0.000,0.935,12.0,0.00,0.065,1.000,1.585
solo-tank,20,2,pack,180,200,0.965,0.000,0.035,0.165,48.0,0.04,0.841,1.000,1.128
solo-tank,20,2,pack,300,200,0.995,0.000,0.005,0.161,48.0,0.01,0.840,1.000,1.161
solo-tank,20,2,boss,180,200,0.710,0.000,0.290,0.137,72.0,0.29,0.903,1.000,0.819
solo-tank,20,2,boss,300,200,0.725,0.000,0.275,0.137,72.0,0.28,0.901,1.000,0.836
solo-tank,20,3,solo,180,200,1.000,0.000,0.000,0.615,24.0,0.00,0.385,1.000,1.412
solo-tank,20,3,solo,300,200,1.000,0.000,0.000,0.617,24.0,0.00,0.383,1.000,1.413
solo-tank,20,3,pack,180,200,0.000,0.000,1.000,—,—,1.00,1.000,1.000,0.000
solo-tank,20,3,pack,300,200,0.000,0.000,1.000,—,—,1.00,1.000,1.000,0.000
solo-tank,20,3,boss,180,200,0.000,0.000,1.000,—,—,1.00,1.000,1.000,0.000
solo-tank,20,3,boss,300,200,0.000,0.000,1.000,—,—,1.00,1.000,1.000,0.000
solo-tank,20,4,solo,180,200,0.000,0.000,1.000,—,—,1.00,1.000,1.000,0.000
solo-tank,20,4,solo,300,200,0.000,0.000,1.000,—,—,1.00,1.000,1.000,0.000
solo-tank,20,4,pack,180,200,0.000,0.000,1.000,—,—,1.00,1.000,1.000,0.000
solo-tank,20,4,pack,300,200,0.000,0.000,1.000,—,—,1.00,1.000,1.000,0.000
solo-tank,20,4,boss,180,200,0.000,0.000,1.000,—,—,1.00,1.000,1.000,0.000
solo-tank,20,4,boss,300,200,0.000,0.000,1.000,—,—,1.00,1.000,1.000,0.000
solo-tank,20,5,solo,180,200,0.000,0.000,1.000,—,—,1.00,1.000,1.000,0.000
solo-tank,20,5,solo,300,200,0.000,0.000,1.000,—,—,1.00,1.000,1.000,0.000
solo-tank,20,5,pack,180,200,0.000,0.000,1.000,—,—,1.00,1.000,1.000,0.000
solo-tank,20,5,pack,300,200,0.000,0.000,1.000,—,—,1.00,1.000,1.000,0.000
solo-tank,20,5,boss,180,200,0.000,0.000,1.000,—,—,1.00,1.000,1.000,0.000
solo-tank,20,5,boss,300,200,0.000,0.000,1.000,—,—,1.00,1.000,1.000,0.000
solo-tank,20,6,solo,180,200,0.000,0.000,1.000,—,—,1.00,1.000,1.000,0.000
solo-tank,20,6,solo,300,200,0.000,0.000,1.000,—,—,1.00,1.000,1.000,0.000
solo-tank,20,6,pack,180,200,0.000,0.000,1.000,—,—,1.00,1.000,1.000,0.000
solo-tank,20,6,pack,300,200,0.000,0.000,1.000,—,—,1.00,1.000,1.000,0.000
solo-tank,20,6,boss,180,200,0.000,0.000,1.000,—,—,1.00,1.000,1.000,0.000
solo-tank,20,6,boss,300,200,0.000,0.000,1.000,—,—,1.00,1.000,1.000,0.000
solo-tank,20,7,solo,180,200,0.000,0.000,1.000,—,—,1.00,1.000,1.000,0.000
solo-tank,20,7,solo,300,200,0.000,0.000,1.000,—,—,1.00,1.000,1.000,0.000
solo-tank,20,7,pack,180,200,0.000,0.000,1.000,—,—,1.00,1.000,1.000,0.000
solo-tank,20,7,pack,300,200,0.000,0.000,1.000,—,—,1.00,1.000,1.000,0.000
solo-tank,20,7,boss,180,200,0.000,0.000,1.000,—,—,1.00,1.000,1.000,0.000
solo-tank,20,7,boss,300,200,0.000,0.000,1.000,—,—,1.00,1.000,1.000,0.000
solo-tank,20,8,solo,180,200,0.000,0.000,1.000,—,—,1.00,1.000,1.000,0.000
solo-tank,20,8,solo,300,200,0.000,0.000,1.000,—,—,1.00,1.000,1.000,0.000
solo-tank,20,8,pack,180,200,0.000,0.000,1.000,—,—,1.00,1.000,1.000,0.000
solo-tank,20,8,pack,300,200,0.000,0.000,1.000,—,—,1.00,1.000,1.000,0.000
solo-tank,20,8,boss,180,200,0.000,0.000,1.000,—,—,1.00,1.000,1.000,0.000
solo-tank,20,8,boss,300,200,0.000,0.000,1.000,—,—,1.00,1.000,1.000,0.000
solo-tank,35,1,solo,180,200,1.000,0.000,0.000,1.000,0.0,0.00,0.000,—,1.710
solo-tank,35,1,solo,300,200,1.000,0.000,0.000,1.000,0.0,0.00,0.000,—,1.710
solo-tank,35,1,pack,180,200,1.000,0.000,0.000,1.000,12.0,0.00,0.000,1.000,1.710
solo-tank,35,1,pack,300,200,1.000,0.000,0.000,1.000,12.0,0.00,0.000,1.000,1.710
solo-tank,35,1,boss,180,200,1.000,0.000,0.000,1.000,30.0,0.00,0.000,1.000,1.710
solo-tank,35,1,boss,300,200,1.000,0.000,0.000,1.000,30.0,0.00,0.000,1.000,1.710
solo-tank,35,2,solo,180,200,1.000,0.000,0.000,0.999,6.0,0.00,0.001,1.000,1.709
solo-tank,35,2,solo,300,200,1.000,0.000,0.000,0.999,6.0,0.00,0.001,1.000,1.709
solo-tank,35,2,pack,180,200,1.000,0.000,0.000,0.855,30.0,0.00,0.145,1.000,1.627
solo-tank,35,2,pack,300,200,1.000,0.000,0.000,0.854,30.0,0.00,0.146,1.000,1.627
solo-tank,35,2,boss,180,200,1.000,0.000,0.000,0.843,54.0,0.00,0.157,1.000,1.621
solo-tank,35,2,boss,300,200,1.000,0.000,0.000,0.848,54.0,0.00,0.152,1.000,1.623
solo-tank,35,3,solo,180,200,1.000,0.000,0.000,0.946,12.0,0.00,0.054,1.000,1.679
solo-tank,35,3,solo,300,200,1.000,0.000,0.000,0.945,12.0,0.00,0.055,1.000,1.678
solo-tank,35,3,pack,180,200,1.000,0.000,0.000,0.265,48.0,0.00,0.735,1.000,1.291
solo-tank,35,3,pack,300,200,1.000,0.000,0.000,0.259,48.0,0.00,0.741,1.000,1.288
solo-tank,35,3,boss,180,200,0.000,0.000,1.000,—,—,1.00,1.000,1.000,0.000
solo-tank,35,3,boss,300,200,0.000,0.000,1.000,—,—,1.00,1.000,1.000,0.000
solo-tank,35,4,solo,180,200,1.000,0.000,0.000,0.564,30.0,0.00,0.436,1.000,1.461
solo-tank,35,4,solo,300,200,1.000,0.000,0.000,0.566,30.0,0.00,0.434,1.000,1.463
solo-tank,35,4,pack,180,200,0.000,0.000,1.000,—,—,1.00,1.000,1.000,0.000
solo-tank,35,4,pack,300,200,0.000,0.000,1.000,—,—,1.00,1.000,1.000,0.000
solo-tank,35,4,boss,180,200,0.000,0.000,1.000,—,—,1.00,1.000,1.000,0.000
solo-tank,35,4,boss,300,200,0.000,0.000,1.000,—,—,1.00,1.000,1.000,0.000
solo-tank,35,5,solo,180,200,0.000,0.000,1.000,—,—,1.00,1.000,1.000,0.000
solo-tank,35,5,solo,300,200,0.000,0.000,1.000,—,—,1.00,1.000,1.000,0.000
solo-tank,35,5,pack,180,200,0.000,0.000,1.000,—,—,1.00,1.000,1.000,0.000
solo-tank,35,5,pack,300,200,0.000,0.000,1.000,—,—,1.00,1.000,1.000,0.000
solo-tank,35,5,boss,180,200,0.000,0.000,1.000,—,—,1.00,1.000,1.000,0.000
solo-tank,35,5,boss,300,200,0.000,0.000,1.000,—,—,1.00,1.000,1.000,0.000
solo-tank,35,6,solo,180,200,0.000,0.000,1.000,—,—,1.00,1.000,1.000,0.000
solo-tank,35,6,solo,300,200,0.000,0.000,1.000,—,—,1.00,1.000,1.000,0.000
solo-tank,35,6,pack,180,200,0.000,0.000,1.000,—,—,1.00,1.000,1.000,0.000
solo-tank,35,6,pack,300,200,0.000,0.000,1.000,—,—,1.00,1.000,1.000,0.000
solo-tank,35,6,boss,180,200,0.000,0.000,1.000,—,—,1.00,1.000,1.000,0.000
solo-tank,35,6,boss,300,200,0.000,0.000,1.000,—,—,1.00,1.000,1.000,0.000
solo-tank,35,7,solo,180,200,0.000,0.000,1.000,—,—,1.00,1.000,1.000,0.000
solo-tank,35,7,solo,300,200,0.000,0.000,1.000,—,—,1.00,1.000,1.000,0.000
solo-tank,35,7,pack,180,200,0.000,0.000,1.000,—,—,1.00,1.000,1.000,0.000
solo-tank,35,7,pack,300,200,0.000,0.000,1.000,—,—,1.00,1.000,1.000,0.000
solo-tank,35,7,boss,180,200,0.000,0.000,1.000,—,—,1.00,1.000,1.000,0.000
solo-tank,35,7,boss,300,200,0.000,0.000,1.000,—,—,1.00,1.000,1.000,0.000
solo-tank,35,8,solo,180,200,0.000,0.000,1.000,—,—,1.00,1.000,1.000,0.000
solo-tank,35,8,solo,300,200,0.000,0.000,1.000,—,—,1.00,1.000,1.000,0.000
solo-tank,35,8,pack,180,200,0.000,0.000,1.000,—,—,1.00,1.000,1.000,0.000
solo-tank,35,8,pack,300,200,0.000,0.000,1.000,—,—,1.00,1.000,1.000,0.000
solo-tank,35,8,boss,180,200,0.000,0.000,1.000,—,—,1.00,1.000,1.000,0.000
solo-tank,35,8,boss,300,200,0.000,0.000,1.000,—,—,1.00,1.000,1.000,0.000
solo-tank,50,1,solo,180,200,1.000,0.000,0.000,1.000,0.0,0.00,0.000,—,1.800
solo-tank,50,1,solo,300,200,1.000,0.000,0.000,1.000,0.0,0.00,0.000,—,1.800
solo-tank,50,1,pack,180,200,1.000,0.000,0.000,1.000,12.0,0.00,0.000,1.000,1.800
solo-tank,50,1,pack,300,200,1.000,0.000,0.000,1.000,12.0,0.00,0.000,1.000,1.800
solo-tank,50,1,boss,180,200,1.000,0.000,0.000,1.000,24.0,0.00,0.000,1.000,1.800
solo-tank,50,1,boss,300,200,1.000,0.000,0.000,1.000,24.0,0.00,0.000,1.000,1.800
solo-tank,50,2,solo,180,200,1.000,0.000,0.000,1.000,6.0,0.00,0.000,1.000,1.800
solo-tank,50,2,solo,300,200,1.000,0.000,0.000,1.000,6.0,0.00,0.000,1.000,1.800
solo-tank,50,2,pack,180,200,1.000,0.000,0.000,0.994,30.0,0.00,0.006,1.000,1.797
solo-tank,50,2,pack,300,200,1.000,0.000,0.000,0.993,30.0,0.00,0.007,1.000,1.796
solo-tank,50,2,boss,180,200,1.000,0.000,0.000,1.000,42.0,0.00,0.000,1.000,1.800
solo-tank,50,2,boss,300,200,1.000,0.000,0.000,1.000,42.0,0.00,0.000,1.000,1.800
solo-tank,50,3,solo,180,200,1.000,0.000,0.000,0.996,6.0,0.00,0.004,1.000,1.798
solo-tank,50,3,solo,300,200,1.000,0.000,0.000,0.996,6.0,0.00,0.004,1.000,1.798
solo-tank,50,3,pack,180,200,1.000,0.000,0.000,0.817,30.0,0.00,0.183,1.000,1.690
solo-tank,50,3,pack,300,200,1.000,0.000,0.000,0.821,30.0,0.00,0.179,1.000,1.693
solo-tank,50,3,boss,180,200,1.000,0.000,0.000,0.727,66.0,0.00,0.273,1.000,1.636
solo-tank,50,3,boss,300,200,1.000,0.000,0.000,0.728,66.0,0.00,0.272,1.000,1.637
solo-tank,50,4,solo,180,200,1.000,0.000,0.000,0.891,18.0,0.00,0.109,1.000,1.735
solo-tank,50,4,solo,300,200,1.000,0.000,0.000,0.891,18.0,0.00,0.109,1.000,1.734
solo-tank,50,4,pack,180,200,0.000,0.000,1.000,—,—,1.00,1.000,1.000,0.000
solo-tank,50,4,pack,300,200,0.000,0.000,1.000,—,—,1.00,1.000,1.000,0.000
solo-tank,50,4,boss,180,200,0.000,0.000,1.000,—,—,1.00,1.000,1.000,0.000
solo-tank,50,4,boss,300,200,0.000,0.000,1.000,—,—,1.00,1.000,1.000,0.000
solo-tank,50,5,solo,180,200,0.880,0.000,0.120,0.202,48.0,0.12,0.822,1.000,1.163
solo-tank,50,5,solo,300,200,0.860,0.000,0.140,0.202,48.0,0.14,0.826,1.000,1.136
solo-tank,50,5,pack,180,200,0.000,0.000,1.000,—,—,1.00,1.000,1.000,0.000
solo-tank,50,5,pack,300,200,0.000,0.000,1.000,—,—,1.00,1.000,1.000,0.000
solo-tank,50,5,boss,180,200,0.000,0.000,1.000,—,—,1.00,1.000,1.000,0.000
solo-tank,50,5,boss,300,200,0.000,0.000,1.000,—,—,1.00,1.000,1.000,0.000
solo-tank,50,6,solo,180,200,0.000,0.000,1.000,—,—,1.00,1.000,1.000,0.000
solo-tank,50,6,solo,300,200,0.000,0.000,1.000,—,—,1.00,1.000,1.000,0.000
solo-tank,50,6,pack,180,200,0.000,0.000,1.000,—,—,1.00,1.000,1.000,0.000
solo-tank,50,6,pack,300,200,0.000,0.000,1.000,—,—,1.00,1.000,1.000,0.000
solo-tank,50,6,boss,180,200,0.000,0.000,1.000,—,—,1.00,1.000,1.000,0.000
solo-tank,50,6,boss,300,200,0.000,0.000,1.000,—,—,1.00,1.000,1.000,0.000
solo-tank,50,7,solo,180,200,0.000,0.000,1.000,—,—,1.00,1.000,1.000,0.000
solo-tank,50,7,solo,300,200,0.000,0.000,1.000,—,—,1.00,1.000,1.000,0.000
solo-tank,50,7,pack,180,200,0.000,0.000,1.000,—,—,1.00,1.000,1.000,0.000
solo-tank,50,7,pack,300,200,0.000,0.000,1.000,—,—,1.00,1.000,1.000,0.000
solo-tank,50,7,boss,180,200,0.000,0.000,1.000,—,—,1.00,1.000,1.000,0.000
solo-tank,50,7,boss,300,200,0.000,0.000,1.000,—,—,1.00,1.000,1.000,0.000
solo-tank,50,8,solo,180,200,0.000,0.000,1.000,—,—,1.00,1.000,1.000,0.000
solo-tank,50,8,solo,300,200,0.000,0.000,1.000,—,—,1.00,1.000,1.000,0.000
solo-tank,50,8,pack,180,200,0.000,0.000,1.000,—,—,1.00,1.000,1.000,0.000
solo-tank,50,8,pack,300,200,0.000,0.000,1.000,—,—,1.00,1.000,1.000,0.000
solo-tank,50,8,boss,180,200,0.000,0.000,1.000,—,—,1.00,1.000,1.000,0.000
solo-tank,50,8,boss,300,200,0.000,0.000,1.000,—,—,1.00,1.000,1.000,0.000
solo-dps,1,1,solo,180,200,1.000,0.000,0.000,0.483,8.2,0.00,0.517,—,1.246
solo-dps,1,1,solo,300,200,1.000,0.000,0.000,0.492,8.2,0.00,0.508,—,1.251
solo-dps,1,1,pack,180,200,0.000,0.000,1.000,—,—,1.00,1.000,—,0.000
solo-dps,1,1,pack,300,200,0.000,0.000,1.000,—,—,1.00,1.000,—,0.000
solo-dps,1,1,boss,180,200,0.000,0.000,1.000,—,—,1.00,1.000,—,0.000
solo-dps,1,1,boss,300,200,0.000,0.000,1.000,—,—,1.00,1.000,—,0.000
solo-dps,1,2,solo,180,200,0.005,0.000,0.995,0.024,16.4,0.99,1.000,—,0.005
solo-dps,1,2,solo,300,200,0.000,0.000,1.000,—,—,1.00,1.000,—,0.000
solo-dps,1,2,pack,180,200,0.000,0.000,1.000,—,—,1.00,1.000,—,0.000
solo-dps,1,2,pack,300,200,0.000,0.000,1.000,—,—,1.00,1.000,—,0.000
solo-dps,1,2,boss,180,200,0.000,0.000,1.000,—,—,1.00,1.000,—,0.000
solo-dps,1,2,boss,300,200,0.000,0.000,1.000,—,—,1.00,1.000,—,0.000
solo-dps,1,3,solo,180,200,0.000,0.000,1.000,—,—,1.00,1.000,—,0.000
solo-dps,1,3,solo,300,200,0.000,0.000,1.000,—,—,1.00,1.000,—,0.000
solo-dps,1,3,pack,180,200,0.000,0.000,1.000,—,—,1.00,1.000,—,0.000
solo-dps,1,3,pack,300,200,0.000,0.000,1.000,—,—,1.00,1.000,—,0.000
solo-dps,1,3,boss,180,200,0.000,0.000,1.000,—,—,1.00,1.000,—,0.000
solo-dps,1,3,boss,300,200,0.000,0.000,1.000,—,—,1.00,1.000,—,0.000
solo-dps,1,4,solo,180,200,0.000,0.000,1.000,—,—,1.00,1.000,—,0.000
solo-dps,1,4,solo,300,200,0.000,0.000,1.000,—,—,1.00,1.000,—,0.000
solo-dps,1,4,pack,180,200,0.000,0.000,1.000,—,—,1.00,1.000,—,0.000
solo-dps,1,4,pack,300,200,0.000,0.000,1.000,—,—,1.00,1.000,—,0.000
solo-dps,1,4,boss,180,200,0.000,0.000,1.000,—,—,1.00,1.000,—,0.000
solo-dps,1,4,boss,300,200,0.000,0.000,1.000,—,—,1.00,1.000,—,0.000
solo-dps,1,5,solo,180,200,0.000,0.000,1.000,—,—,1.00,1.000,—,0.000
solo-dps,1,5,solo,300,200,0.000,0.000,1.000,—,—,1.00,1.000,—,0.000
solo-dps,1,5,pack,180,200,0.000,0.000,1.000,—,—,1.00,1.000,—,0.000
solo-dps,1,5,pack,300,200,0.000,0.000,1.000,—,—,1.00,1.000,—,0.000
solo-dps,1,5,boss,180,200,0.000,0.000,1.000,—,—,1.00,1.000,—,0.000
solo-dps,1,5,boss,300,200,0.000,0.000,1.000,—,—,1.00,1.000,—,0.000
solo-dps,1,6,solo,180,200,0.000,0.000,1.000,—,—,1.00,1.000,—,0.000
solo-dps,1,6,solo,300,200,0.000,0.000,1.000,—,—,1.00,1.000,—,0.000
solo-dps,1,6,pack,180,200,0.000,0.000,1.000,—,—,1.00,1.000,—,0.000
solo-dps,1,6,pack,300,200,0.000,0.000,1.000,—,—,1.00,1.000,—,0.000
solo-dps,1,6,boss,180,200,0.000,0.000,1.000,—,—,1.00,1.000,—,0.000
solo-dps,1,6,boss,300,200,0.000,0.000,1.000,—,—,1.00,1.000,—,0.000
solo-dps,1,7,solo,180,200,0.000,0.000,1.000,—,—,1.00,1.000,—,0.000
solo-dps,1,7,solo,300,200,0.000,0.000,1.000,—,—,1.00,1.000,—,0.000
solo-dps,1,7,pack,180,200,0.000,0.000,1.000,—,—,1.00,1.000,—,0.000
solo-dps,1,7,pack,300,200,0.000,0.000,1.000,—,—,1.00,1.000,—,0.000
solo-dps,1,7,boss,180,200,0.000,0.000,1.000,—,—,1.00,1.000,—,0.000
solo-dps,1,7,boss,300,200,0.000,0.000,1.000,—,—,1.00,1.000,—,0.000
solo-dps,1,8,solo,180,200,0.000,0.000,1.000,—,—,1.00,1.000,—,0.000
solo-dps,1,8,solo,300,200,0.000,0.000,1.000,—,—,1.00,1.000,—,0.000
solo-dps,1,8,pack,180,200,0.000,0.000,1.000,—,—,1.00,1.000,—,0.000
solo-dps,1,8,pack,300,200,0.000,0.000,1.000,—,—,1.00,1.000,—,0.000
solo-dps,1,8,boss,180,200,0.000,0.000,1.000,—,—,1.00,1.000,—,0.000
solo-dps,1,8,boss,300,200,0.000,0.000,1.000,—,—,1.00,1.000,—,0.000
solo-dps,5,1,solo,180,200,1.000,0.000,0.000,0.750,4.0,0.00,0.250,—,1.403
solo-dps,5,1,solo,300,200,1.000,0.000,0.000,0.753,4.0,0.00,0.247,—,1.404
solo-dps,5,1,pack,180,200,0.005,0.000,0.995,0.050,14.7,0.99,1.000,—,0.005
solo-dps,5,1,pack,300,200,0.000,0.000,1.000,—,—,1.00,1.000,—,0.000
solo-dps,5,1,boss,180,200,0.000,0.000,1.000,—,—,1.00,1.000,—,0.000
solo-dps,5,1,boss,300,200,0.000,0.000,1.000,—,—,1.00,1.000,—,0.000
solo-dps,5,2,solo,180,200,1.000,0.000,0.000,0.280,8.0,0.00,0.720,—,1.163
solo-dps,5,2,solo,300,200,1.000,0.000,0.000,0.288,8.0,0.00,0.712,—,1.167
solo-dps,5,2,pack,180,200,0.000,0.000,1.000,—,—,1.00,1.000,—,0.000
solo-dps,5,2,pack,300,200,0.000,0.000,1.000,—,—,1.00,1.000,—,0.000
solo-dps,5,2,boss,180,200,0.000,0.000,1.000,—,—,1.00,1.000,—,0.000
solo-dps,5,2,boss,300,200,0.000,0.000,1.000,—,—,1.00,1.000,—,0.000
solo-dps,5,3,solo,180,200,0.000,0.000,1.000,—,—,1.00,1.000,—,0.000
solo-dps,5,3,solo,300,200,0.000,0.000,1.000,—,—,1.00,1.000,—,0.000
solo-dps,5,3,pack,180,200,0.000,0.000,1.000,—,—,1.00,1.000,—,0.000
solo-dps,5,3,pack,300,200,0.000,0.000,1.000,—,—,1.00,1.000,—,0.000
solo-dps,5,3,boss,180,200,0.000,0.000,1.000,—,—,1.00,1.000,—,0.000
solo-dps,5,3,boss,300,200,0.000,0.000,1.000,—,—,1.00,1.000,—,0.000
solo-dps,5,4,solo,180,200,0.000,0.000,1.000,—,—,1.00,1.000,—,0.000
solo-dps,5,4,solo,300,200,0.000,0.000,1.000,—,—,1.00,1.000,—,0.000
solo-dps,5,4,pack,180,200,0.000,0.000,1.000,—,—,1.00,1.000,—,0.000
solo-dps,5,4,pack,300,200,0.000,0.000,1.000,—,—,1.00,1.000,—,0.000
solo-dps,5,4,boss,180,200,0.000,0.000,1.000,—,—,1.00,1.000,—,0.000
solo-dps,5,4,boss,300,200,0.000,0.000,1.000,—,—,1.00,1.000,—,0.000
solo-dps,5,5,solo,180,200,0.000,0.000,1.000,—,—,1.00,1.000,—,0.000
solo-dps,5,5,solo,300,200,0.000,0.000,1.000,—,—,1.00,1.000,—,0.000
solo-dps,5,5,pack,180,200,0.000,0.000,1.000,—,—,1.00,1.000,—,0.000
solo-dps,5,5,pack,300,200,0.000,0.000,1.000,—,—,1.00,1.000,—,0.000
solo-dps,5,5,boss,180,200,0.000,0.000,1.000,—,—,1.00,1.000,—,0.000
solo-dps,5,5,boss,300,200,0.000,0.000,1.000,—,—,1.00,1.000,—,0.000
solo-dps,5,6,solo,180,200,0.000,0.000,1.000,—,—,1.00,1.000,—,0.000
solo-dps,5,6,solo,300,200,0.000,0.000,1.000,—,—,1.00,1.000,—,0.000
solo-dps,5,6,pack,180,200,0.000,0.000,1.000,—,—,1.00,1.000,—,0.000
solo-dps,5,6,pack,300,200,0.000,0.000,1.000,—,—,1.00,1.000,—,0.000
solo-dps,5,6,boss,180,200,0.000,0.000,1.000,—,—,1.00,1.000,—,0.000
solo-dps,5,6,boss,300,200,0.000,0.000,1.000,—,—,1.00,1.000,—,0.000
solo-dps,5,7,solo,180,200,0.000,0.000,1.000,—,—,1.00,1.000,—,0.000
solo-dps,5,7,solo,300,200,0.000,0.000,1.000,—,—,1.00,1.000,—,0.000
solo-dps,5,7,pack,180,200,0.000,0.000,1.000,—,—,1.00,1.000,—,0.000
solo-dps,5,7,pack,300,200,0.000,0.000,1.000,—,—,1.00,1.000,—,0.000
solo-dps,5,7,boss,180,200,0.000,0.000,1.000,—,—,1.00,1.000,—,0.000
solo-dps,5,7,boss,300,200,0.000,0.000,1.000,—,—,1.00,1.000,—,0.000
solo-dps,5,8,solo,180,200,0.000,0.000,1.000,—,—,1.00,1.000,—,0.000
solo-dps,5,8,solo,300,200,0.000,0.000,1.000,—,—,1.00,1.000,—,0.000
solo-dps,5,8,pack,180,200,0.000,0.000,1.000,—,—,1.00,1.000,—,0.000
solo-dps,5,8,pack,300,200,0.000,0.000,1.000,—,—,1.00,1.000,—,0.000
solo-dps,5,8,boss,180,200,0.000,0.000,1.000,—,—,1.00,1.000,—,0.000
solo-dps,5,8,boss,300,200,0.000,0.000,1.000,—,—,1.00,1.000,—,0.000
solo-dps,10,1,solo,180,200,1.000,0.000,0.000,0.899,1.7,0.00,0.101,—,1.508
solo-dps,10,1,solo,300,200,1.000,0.000,0.000,0.902,1.7,0.00,0.098,—,1.509
solo-dps,10,1,pack,180,200,1.000,0.000,0.000,0.392,8.6,0.00,0.608,—,1.244
solo-dps,10,1,pack,300,200,1.000,0.000,0.000,0.399,8.6,0.00,0.601,—,1.248
solo-dps,10,1,boss,180,200,0.290,0.000,0.710,0.154,14.9,0.71,0.955,—,0.325
solo-dps,10,1,boss,300,200,0.310,0.000,0.690,0.146,14.7,0.69,0.955,—,0.346
solo-dps,10,2,solo,180,200,1.000,0.000,0.000,0.631,3.4,0.00,0.369,—,1.368
solo-dps,10,2,solo,300,200,1.000,0.000,0.000,0.633,3.4,0.00,0.367,—,1.369
solo-dps,10,2,pack,180,200,0.000,0.000,1.000,—,—,1.00,1.000,—,0.000
solo-dps,10,2,pack,300,200,0.000,0.000,1.000,—,—,1.00,1.000,—,0.000
solo-dps,10,2,boss,180,200,0.000,0.000,1.000,—,—,1.00,1.000,—,0.000
solo-dps,10,2,boss,300,200,0.000,0.000,1.000,—,—,1.00,1.000,—,0.000
solo-dps,10,3,solo,180,200,0.105,0.000,0.895,0.318,8.4,0.90,0.967,—,0.127
solo-dps,10,3,solo,300,200,0.125,0.000,0.875,0.332,8.6,0.88,0.959,—,0.152
solo-dps,10,3,pack,180,200,0.000,0.000,1.000,—,—,1.00,1.000,—,0.000
solo-dps,10,3,pack,300,200,0.000,0.000,1.000,—,—,1.00,1.000,—,0.000
solo-dps,10,3,boss,180,200,0.000,0.000,1.000,—,—,1.00,1.000,—,0.000
solo-dps,10,3,boss,300,200,0.000,0.000,1.000,—,—,1.00,1.000,—,0.000
solo-dps,10,4,solo,180,200,0.000,0.000,1.000,—,—,1.00,1.000,—,0.000
solo-dps,10,4,solo,300,200,0.000,0.000,1.000,—,—,1.00,1.000,—,0.000
solo-dps,10,4,pack,180,200,0.000,0.000,1.000,—,—,1.00,1.000,—,0.000
solo-dps,10,4,pack,300,200,0.000,0.000,1.000,—,—,1.00,1.000,—,0.000
solo-dps,10,4,boss,180,200,0.000,0.000,1.000,—,—,1.00,1.000,—,0.000
solo-dps,10,4,boss,300,200,0.000,0.000,1.000,—,—,1.00,1.000,—,0.000
solo-dps,10,5,solo,180,200,0.000,0.000,1.000,—,—,1.00,1.000,—,0.000
solo-dps,10,5,solo,300,200,0.000,0.000,1.000,—,—,1.00,1.000,—,0.000
solo-dps,10,5,pack,180,200,0.000,0.000,1.000,—,—,1.00,1.000,—,0.000
solo-dps,10,5,pack,300,200,0.000,0.000,1.000,—,—,1.00,1.000,—,0.000
solo-dps,10,5,boss,180,200,0.000,0.000,1.000,—,—,1.00,1.000,—,0.000
solo-dps,10,5,boss,300,200,0.000,0.000,1.000,—,—,1.00,1.000,—,0.000
solo-dps,10,6,solo,180,200,0.000,0.000,1.000,—,—,1.00,1.000,—,0.000
solo-dps,10,6,solo,300,200,0.000,0.000,1.000,—,—,1.00,1.000,—,0.000
solo-dps,10,6,pack,180,200,0.000,0.000,1.000,—,—,1.00,1.000,—,0.000
solo-dps,10,6,pack,300,200,0.000,0.000,1.000,—,—,1.00,1.000,—,0.000
solo-dps,10,6,boss,180,200,0.000,0.000,1.000,—,—,1.00,1.000,—,0.000
solo-dps,10,6,boss,300,200,0.000,0.000,1.000,—,—,1.00,1.000,—,0.000
solo-dps,10,7,solo,180,200,0.000,0.000,1.000,—,—,1.00,1.000,—,0.000
solo-dps,10,7,solo,300,200,0.000,0.000,1.000,—,—,1.00,1.000,—,0.000
solo-dps,10,7,pack,180,200,0.000,0.000,1.000,—,—,1.00,1.000,—,0.000
solo-dps,10,7,pack,300,200,0.000,0.000,1.000,—,—,1.00,1.000,—,0.000
solo-dps,10,7,boss,180,200,0.000,0.000,1.000,—,—,1.00,1.000,—,0.000
solo-dps,10,7,boss,300,200,0.000,0.000,1.000,—,—,1.00,1.000,—,0.000
solo-dps,10,8,solo,180,200,0.000,0.000,1.000,—,—,1.00,1.000,—,0.000
solo-dps,10,8,solo,300,200,0.000,0.000,1.000,—,—,1.00,1.000,—,0.000
solo-dps,10,8,pack,180,200,0.000,0.000,1.000,—,—,1.00,1.000,—,0.000
solo-dps,10,8,pack,300,200,0.000,0.000,1.000,—,—,1.00,1.000,—,0.000
solo-dps,10,8,boss,180,200,0.000,0.000,1.000,—,—,1.00,1.000,—,0.000
solo-dps,10,8,boss,300,200,0.000,0.000,1.000,—,—,1.00,1.000,—,0.000
solo-dps,20,1,solo,180,200,1.000,0.000,0.000,1.000,0.0,0.00,0.000,—,1.620
solo-dps,20,1,solo,300,200,1.000,0.000,0.000,1.000,0.0,0.00,0.000,—,1.620
solo-dps,20,1,pack,180,200,1.000,0.000,0.000,0.862,2.7,0.00,0.138,—,1.546
solo-dps,20,1,pack,300,200,1.000,0.000,0.000,0.861,2.7,0.00,0.139,—,1.545
solo-dps,20,1,boss,180,200,1.000,0.000,0.000,0.643,8.0,0.00,0.357,—,1.427
solo-dps,20,1,boss,300,200,1.000,0.000,0.000,0.643,8.1,0.00,0.357,—,1.427
solo-dps,20,2,solo,180,200,1.000,0.000,0.000,0.874,1.4,0.00,0.126,—,1.552
solo-dps,20,2,solo,300,200,1.000,0.000,0.000,0.876,1.4,0.00,0.124,—,1.553
solo-dps,20,2,pack,180,200,1.000,0.000,0.000,0.237,6.8,0.00,0.763,—,1.208
solo-dps,20,2,pack,300,200,1.000,0.000,0.000,0.239,6.8,0.00,0.761,—,1.209
solo-dps,20,2,boss,180,200,0.220,0.000,0.780,0.148,13.4,0.78,0.967,—,0.255
solo-dps,20,2,boss,300,200,0.205,0.000,0.795,0.125,13.4,0.80,0.974,—,0.235
solo-dps,20,3,solo,180,200,1.000,0.000,0.000,0.627,3.7,0.00,0.373,—,1.419
solo-dps,20,3,solo,300,200,1.000,0.000,0.000,0.614,3.6,0.00,0.386,—,1.412
solo-dps,20,3,pack,180,200,0.000,0.000,1.000,—,—,1.00,1.000,—,0.000
solo-dps,20,3,pack,300,200,0.000,0.000,1.000,—,—,1.00,1.000,—,0.000
solo-dps,20,3,boss,180,200,0.000,0.000,1.000,—,—,1.00,1.000,—,0.000
solo-dps,20,3,boss,300,200,0.000,0.000,1.000,—,—,1.00,1.000,—,0.000
solo-dps,20,4,solo,180,200,0.110,0.000,0.890,0.159,7.9,0.89,0.983,—,0.128
solo-dps,20,4,solo,300,200,0.085,0.000,0.915,0.208,7.9,0.92,0.982,—,0.101
solo-dps,20,4,pack,180,200,0.000,0.000,1.000,—,—,1.00,1.000,—,0.000
solo-dps,20,4,pack,300,200,0.000,0.000,1.000,—,—,1.00,1.000,—,0.000
solo-dps,20,4,boss,180,200,0.000,0.000,1.000,—,—,1.00,1.000,—,0.000
solo-dps,20,4,boss,300,200,0.000,0.000,1.000,—,—,1.00,1.000,—,0.000
solo-dps,20,5,solo,180,200,0.000,0.000,1.000,—,—,1.00,1.000,—,0.000
solo-dps,20,5,solo,300,200,0.000,0.000,1.000,—,—,1.00,1.000,—,0.000
solo-dps,20,5,pack,180,200,0.000,0.000,1.000,—,—,1.00,1.000,—,0.000
solo-dps,20,5,pack,300,200,0.000,0.000,1.000,—,—,1.00,1.000,—,0.000
solo-dps,20,5,boss,180,200,0.000,0.000,1.000,—,—,1.00,1.000,—,0.000
solo-dps,20,5,boss,300,200,0.000,0.000,1.000,—,—,1.00,1.000,—,0.000
solo-dps,20,6,solo,180,200,0.000,0.000,1.000,—,—,1.00,1.000,—,0.000
solo-dps,20,6,solo,300,200,0.000,0.000,1.000,—,—,1.00,1.000,—,0.000
solo-dps,20,6,pack,180,200,0.000,0.000,1.000,—,—,1.00,1.000,—,0.000
solo-dps,20,6,pack,300,200,0.000,0.000,1.000,—,—,1.00,1.000,—,0.000
solo-dps,20,6,boss,180,200,0.000,0.000,1.000,—,—,1.00,1.000,—,0.000
solo-dps,20,6,boss,300,200,0.000,0.000,1.000,—,—,1.00,1.000,—,0.000
solo-dps,20,7,solo,180,200,0.000,0.000,1.000,—,—,1.00,1.000,—,0.000
solo-dps,20,7,solo,300,200,0.000,0.000,1.000,—,—,1.00,1.000,—,0.000
solo-dps,20,7,pack,180,200,0.000,0.000,1.000,—,—,1.00,1.000,—,0.000
solo-dps,20,7,pack,300,200,0.000,0.000,1.000,—,—,1.00,1.000,—,0.000
solo-dps,20,7,boss,180,200,0.000,0.000,1.000,—,—,1.00,1.000,—,0.000
solo-dps,20,7,boss,300,200,0.000,0.000,1.000,—,—,1.00,1.000,—,0.000
solo-dps,20,8,solo,180,200,0.000,0.000,1.000,—,—,1.00,1.000,—,0.000
solo-dps,20,8,solo,300,200,0.000,0.000,1.000,—,—,1.00,1.000,—,0.000
solo-dps,20,8,pack,180,200,0.000,0.000,1.000,—,—,1.00,1.000,—,0.000
solo-dps,20,8,pack,300,200,0.000,0.000,1.000,—,—,1.00,1.000,—,0.000
solo-dps,20,8,boss,180,200,0.000,0.000,1.000,—,—,1.00,1.000,—,0.000
solo-dps,20,8,boss,300,200,0.000,0.000,1.000,—,—,1.00,1.000,—,0.000
solo-dps,35,1,solo,180,200,1.000,0.000,0.000,1.000,0.0,0.00,0.000,—,1.710
solo-dps,35,1,solo,300,200,1.000,0.000,0.000,1.000,0.0,0.00,0.000,—,1.710
solo-dps,35,1,pack,180,200,1.000,0.000,0.000,0.907,2.3,0.00,0.093,—,1.657
solo-dps,35,1,pack,300,200,1.000,0.000,0.000,0.907,2.3,0.00,0.093,—,1.657
solo-dps,35,1,boss,180,200,1.000,0.000,0.000,0.828,5.1,0.00,0.172,—,1.612
solo-dps,35,1,boss,300,200,1.000,0.000,0.000,0.827,5.0,0.00,0.173,—,1.612
solo-dps,35,2,solo,180,200,1.000,0.000,0.000,0.932,0.9,0.00,0.068,—,1.671
solo-dps,35,2,solo,300,200,1.000,0.000,0.000,0.932,0.9,0.00,0.068,—,1.671
solo-dps,35,2,pack,180,200,1.000,0.000,0.000,0.621,5.0,0.00,0.379,—,1.494
solo-dps,35,2,pack,300,200,1.000,0.000,0.000,0.618,5.0,0.00,0.382,—,1.492
solo-dps,35,2,boss,180,200,1.000,0.000,0.000,0.566,7.7,0.00,0.434,—,1.463
solo-dps,35,2,boss,300,200,1.000,0.000,0.000,0.566,7.7,0.00,0.434,—,1.462
solo-dps,35,3,solo,180,200,1.000,0.000,0.000,0.846,1.8,0.00,0.154,—,1.622
solo-dps,35,3,solo,300,200,1.000,0.000,0.000,0.848,1.8,0.00,0.152,—,1.624
solo-dps,35,3,pack,180,200,0.830,0.000,0.170,0.101,7.6,0.17,0.916,—,0.994
solo-dps,35,3,pack,300,200,0.815,0.000,0.185,0.088,7.6,0.18,0.929,—,0.970
solo-dps,35,3,boss,180,200,0.025,0.000,0.975,0.174,11.7,0.97,0.996,—,0.031
solo-dps,35,3,boss,300,200,0.050,0.000,0.950,0.198,12.2,0.95,0.990,—,0.063
solo-dps,35,4,solo,180,200,1.000,0.000,0.000,0.456,3.9,0.00,0.544,—,1.400
solo-dps,35,4,solo,300,200,1.000,0.000,0.000,0.452,3.9,0.00,0.548,—,1.397
solo-dps,35,4,pack,180,200,0.000,0.000,1.000,—,—,1.00,1.000,—,0.000
solo-dps,35,4,pack,300,200,0.000,0.000,1.000,—,—,1.00,1.000,—,0.000
solo-dps,35,4,boss,180,200,0.000,0.000,1.000,—,—,1.00,1.000,—,0.000
solo-dps,35,4,boss,300,200,0.000,0.000,1.000,—,—,1.00,1.000,—,0.000
solo-dps,35,5,solo,180,200,0.000,0.000,1.000,—,—,1.00,1.000,—,0.000
solo-dps,35,5,solo,300,200,0.000,0.000,1.000,—,—,1.00,1.000,—,0.000
solo-dps,35,5,pack,180,200,0.000,0.000,1.000,—,—,1.00,1.000,—,0.000
solo-dps,35,5,pack,300,200,0.000,0.000,1.000,—,—,1.00,1.000,—,0.000
solo-dps,35,5,boss,180,200,0.000,0.000,1.000,—,—,1.00,1.000,—,0.000
solo-dps,35,5,boss,300,200,0.000,0.000,1.000,—,—,1.00,1.000,—,0.000
solo-dps,35,6,solo,180,200,0.000,0.000,1.000,—,—,1.00,1.000,—,0.000
solo-dps,35,6,solo,300,200,0.000,0.000,1.000,—,—,1.00,1.000,—,0.000
solo-dps,35,6,pack,180,200,0.000,0.000,1.000,—,—,1.00,1.000,—,0.000
solo-dps,35,6,pack,300,200,0.000,0.000,1.000,—,—,1.00,1.000,—,0.000
solo-dps,35,6,boss,180,200,0.000,0.000,1.000,—,—,1.00,1.000,—,0.000
solo-dps,35,6,boss,300,200,0.000,0.000,1.000,—,—,1.00,1.000,—,0.000
solo-dps,35,7,solo,180,200,0.000,0.000,1.000,—,—,1.00,1.000,—,0.000
solo-dps,35,7,solo,300,200,0.000,0.000,1.000,—,—,1.00,1.000,—,0.000
solo-dps,35,7,pack,180,200,0.000,0.000,1.000,—,—,1.00,1.000,—,0.000
solo-dps,35,7,pack,300,200,0.000,0.000,1.000,—,—,1.00,1.000,—,0.000
solo-dps,35,7,boss,180,200,0.000,0.000,1.000,—,—,1.00,1.000,—,0.000
solo-dps,35,7,boss,300,200,0.000,0.000,1.000,—,—,1.00,1.000,—,0.000
solo-dps,35,8,solo,180,200,0.000,0.000,1.000,—,—,1.00,1.000,—,0.000
solo-dps,35,8,solo,300,200,0.000,0.000,1.000,—,—,1.00,1.000,—,0.000
solo-dps,35,8,pack,180,200,0.000,0.000,1.000,—,—,1.00,1.000,—,0.000
solo-dps,35,8,pack,300,200,0.000,0.000,1.000,—,—,1.00,1.000,—,0.000
solo-dps,35,8,boss,180,200,0.000,0.000,1.000,—,—,1.00,1.000,—,0.000
solo-dps,35,8,boss,300,200,0.000,0.000,1.000,—,—,1.00,1.000,—,0.000
solo-dps,50,1,solo,180,200,1.000,0.000,0.000,1.000,0.0,0.00,0.000,—,1.800
solo-dps,50,1,solo,300,200,1.000,0.000,0.000,1.000,0.0,0.00,0.000,—,1.800
solo-dps,50,1,pack,180,200,1.000,0.000,0.000,0.929,2.1,0.00,0.071,—,1.757
solo-dps,50,1,pack,300,200,1.000,0.000,0.000,0.929,2.1,0.00,0.071,—,1.757
solo-dps,50,1,boss,180,200,1.000,0.000,0.000,0.868,3.6,0.00,0.132,—,1.721
solo-dps,50,1,boss,300,200,1.000,0.000,0.000,0.868,3.6,0.00,0.132,—,1.721
solo-dps,50,2,solo,180,200,1.000,0.000,0.000,1.000,0.0,0.00,0.000,—,1.800
solo-dps,50,2,solo,300,200,1.000,0.000,0.000,1.000,0.0,0.00,0.000,—,1.800
solo-dps,50,2,pack,180,200,1.000,0.000,0.000,0.869,2.1,0.00,0.131,—,1.722
solo-dps,50,2,pack,300,200,1.000,0.000,0.000,0.872,2.1,0.00,0.128,—,1.723
solo-dps,50,2,boss,180,200,1.000,0.000,0.000,0.735,5.3,0.00,0.265,—,1.641
solo-dps,50,2,boss,300,200,1.000,0.000,0.000,0.743,5.3,0.00,0.257,—,1.646
solo-dps,50,3,solo,180,200,1.000,0.000,0.000,0.918,0.7,0.00,0.082,—,1.751
solo-dps,50,3,solo,300,200,1.000,0.000,0.000,0.914,0.8,0.00,0.086,—,1.748
solo-dps,50,3,pack,180,200,1.000,0.000,0.000,0.507,4.4,0.00,0.493,—,1.504
solo-dps,50,3,pack,300,200,1.000,0.000,0.000,0.516,4.3,0.00,0.484,—,1.509
solo-dps,50,3,boss,180,200,1.000,0.000,0.000,0.338,8.7,0.00,0.662,—,1.403
solo-dps,50,3,boss,300,200,1.000,0.000,0.000,0.333,8.7,0.00,0.667,—,1.400
solo-dps,50,4,solo,180,200,1.000,0.000,0.000,0.707,2.4,0.00,0.293,—,1.624
solo-dps,50,4,solo,300,200,1.000,0.000,0.000,0.698,2.4,0.00,0.302,—,1.619
solo-dps,50,4,pack,180,200,0.010,0.000,0.990,0.132,7.8,0.99,0.999,—,0.013
solo-dps,50,4,pack,300,200,0.000,0.000,1.000,—,—,1.00,1.000,—,0.000
solo-dps,50,4,boss,180,200,0.000,0.000,1.000,—,—,1.00,1.000,—,0.000
solo-dps,50,4,boss,300,200,0.000,0.000,1.000,—,—,1.00,1.000,—,0.000
solo-dps,50,5,solo,180,200,0.615,0.000,0.385,0.247,5.1,0.39,0.848,—,0.829
solo-dps,50,5,solo,300,200,0.585,0.000,0.415,0.238,5.1,0.41,0.861,—,0.786
solo-dps,50,5,pack,180,200,0.000,0.000,1.000,—,—,1.00,1.000,—,0.000
solo-dps,50,5,pack,300,200,0.000,0.000,1.000,—,—,1.00,1.000,—,0.000
solo-dps,50,5,boss,180,200,0.000,0.000,1.000,—,—,1.00,1.000,—,0.000
solo-dps,50,5,boss,300,200,0.000,0.000,1.000,—,—,1.00,1.000,—,0.000
solo-dps,50,6,solo,180,200,0.000,0.000,1.000,—,—,1.00,1.000,—,0.000
solo-dps,50,6,solo,300,200,0.000,0.000,1.000,—,—,1.00,1.000,—,0.000
solo-dps,50,6,pack,180,200,0.000,0.000,1.000,—,—,1.00,1.000,—,0.000
solo-dps,50,6,pack,300,200,0.000,0.000,1.000,—,—,1.00,1.000,—,0.000
solo-dps,50,6,boss,180,200,0.000,0.000,1.000,—,—,1.00,1.000,—,0.000
solo-dps,50,6,boss,300,200,0.000,0.000,1.000,—,—,1.00,1.000,—,0.000
solo-dps,50,7,solo,180,200,0.000,0.000,1.000,—,—,1.00,1.000,—,0.000
solo-dps,50,7,solo,300,200,0.000,0.000,1.000,—,—,1.00,1.000,—,0.000
solo-dps,50,7,pack,180,200,0.000,0.000,1.000,—,—,1.00,1.000,—,0.000
solo-dps,50,7,pack,300,200,0.000,0.000,1.000,—,—,1.00,1.000,—,0.000
solo-dps,50,7,boss,180,200,0.000,0.000,1.000,—,—,1.00,1.000,—,0.000
solo-dps,50,7,boss,300,200,0.000,0.000,1.000,—,—,1.00,1.000,—,0.000
solo-dps,50,8,solo,180,200,0.000,0.000,1.000,—,—,1.00,1.000,—,0.000
solo-dps,50,8,solo,300,200,0.000,0.000,1.000,—,—,1.00,1.000,—,0.000
solo-dps,50,8,pack,180,200,0.000,0.000,1.000,—,—,1.00,1.000,—,0.000
solo-dps,50,8,pack,300,200,0.000,0.000,1.000,—,—,1.00,1.000,—,0.000
solo-dps,50,8,boss,180,200,0.000,0.000,1.000,—,—,1.00,1.000,—,0.000
solo-dps,50,8,boss,300,200,0.000,0.000,1.000,—,—,1.00,1.000,—,0.000
solo-crit,1,1,solo,180,200,1.000,0.000,0.000,0.507,7.6,0.00,0.493,—,1.259
solo-crit,1,1,solo,300,200,1.000,0.000,0.000,0.512,7.5,0.00,0.488,—,1.261
solo-crit,1,1,pack,180,200,0.000,0.000,1.000,—,—,1.00,1.000,—,0.000
solo-crit,1,1,pack,300,200,0.000,0.000,1.000,—,—,1.00,1.000,—,0.000
solo-crit,1,1,boss,180,200,0.000,0.000,1.000,—,—,1.00,1.000,—,0.000
solo-crit,1,1,boss,300,200,0.000,0.000,1.000,—,—,1.00,1.000,—,0.000
solo-crit,1,2,solo,180,200,0.000,0.000,1.000,—,—,1.00,1.000,—,0.000
solo-crit,1,2,solo,300,200,0.000,0.000,1.000,—,—,1.00,1.000,—,0.000
solo-crit,1,2,pack,180,200,0.000,0.000,1.000,—,—,1.00,1.000,—,0.000
solo-crit,1,2,pack,300,200,0.000,0.000,1.000,—,—,1.00,1.000,—,0.000
solo-crit,1,2,boss,180,200,0.000,0.000,1.000,—,—,1.00,1.000,—,0.000
solo-crit,1,2,boss,300,200,0.000,0.000,1.000,—,—,1.00,1.000,—,0.000
solo-crit,1,3,solo,180,200,0.000,0.000,1.000,—,—,1.00,1.000,—,0.000
solo-crit,1,3,solo,300,200,0.000,0.000,1.000,—,—,1.00,1.000,—,0.000
solo-crit,1,3,pack,180,200,0.000,0.000,1.000,—,—,1.00,1.000,—,0.000
solo-crit,1,3,pack,300,200,0.000,0.000,1.000,—,—,1.00,1.000,—,0.000
solo-crit,1,3,boss,180,200,0.000,0.000,1.000,—,—,1.00,1.000,—,0.000
solo-crit,1,3,boss,300,200,0.000,0.000,1.000,—,—,1.00,1.000,—,0.000
solo-crit,1,4,solo,180,200,0.000,0.000,1.000,—,—,1.00,1.000,—,0.000
solo-crit,1,4,solo,300,200,0.000,0.000,1.000,—,—,1.00,1.000,—,0.000
solo-crit,1,4,pack,180,200,0.000,0.000,1.000,—,—,1.00,1.000,—,0.000
solo-crit,1,4,pack,300,200,0.000,0.000,1.000,—,—,1.00,1.000,—,0.000
solo-crit,1,4,boss,180,200,0.000,0.000,1.000,—,—,1.00,1.000,—,0.000
solo-crit,1,4,boss,300,200,0.000,0.000,1.000,—,—,1.00,1.000,—,0.000
solo-crit,1,5,solo,180,200,0.000,0.000,1.000,—,—,1.00,1.000,—,0.000
solo-crit,1,5,solo,300,200,0.000,0.000,1.000,—,—,1.00,1.000,—,0.000
solo-crit,1,5,pack,180,200,0.000,0.000,1.000,—,—,1.00,1.000,—,0.000
solo-crit,1,5,pack,300,200,0.000,0.000,1.000,—,—,1.00,1.000,—,0.000
solo-crit,1,5,boss,180,200,0.000,0.000,1.000,—,—,1.00,1.000,—,0.000
solo-crit,1,5,boss,300,200,0.000,0.000,1.000,—,—,1.00,1.000,—,0.000
solo-crit,1,6,solo,180,200,0.000,0.000,1.000,—,—,1.00,1.000,—,0.000
solo-crit,1,6,solo,300,200,0.000,0.000,1.000,—,—,1.00,1.000,—,0.000
solo-crit,1,6,pack,180,200,0.000,0.000,1.000,—,—,1.00,1.000,—,0.000
solo-crit,1,6,pack,300,200,0.000,0.000,1.000,—,—,1.00,1.000,—,0.000
solo-crit,1,6,boss,180,200,0.000,0.000,1.000,—,—,1.00,1.000,—,0.000
solo-crit,1,6,boss,300,200,0.000,0.000,1.000,—,—,1.00,1.000,—,0.000
solo-crit,1,7,solo,180,200,0.000,0.000,1.000,—,—,1.00,1.000,—,0.000
solo-crit,1,7,solo,300,200,0.000,0.000,1.000,—,—,1.00,1.000,—,0.000
solo-crit,1,7,pack,180,200,0.000,0.000,1.000,—,—,1.00,1.000,—,0.000
solo-crit,1,7,pack,300,200,0.000,0.000,1.000,—,—,1.00,1.000,—,0.000
solo-crit,1,7,boss,180,200,0.000,0.000,1.000,—,—,1.00,1.000,—,0.000
solo-crit,1,7,boss,300,200,0.000,0.000,1.000,—,—,1.00,1.000,—,0.000
solo-crit,1,8,solo,180,200,0.000,0.000,1.000,—,—,1.00,1.000,—,0.000
solo-crit,1,8,solo,300,200,0.000,0.000,1.000,—,—,1.00,1.000,—,0.000
solo-crit,1,8,pack,180,200,0.000,0.000,1.000,—,—,1.00,1.000,—,0.000
solo-crit,1,8,pack,300,200,0.000,0.000,1.000,—,—,1.00,1.000,—,0.000
solo-crit,1,8,boss,180,200,0.000,0.000,1.000,—,—,1.00,1.000,—,0.000
solo-crit,1,8,boss,300,200,0.000,0.000,1.000,—,—,1.00,1.000,—,0.000
solo-crit,5,1,solo,180,200,1.000,0.000,0.000,0.748,3.4,0.00,0.252,—,1.401
solo-crit,5,1,solo,300,200,1.000,0.000,0.000,0.749,3.3,0.00,0.251,—,1.402
solo-crit,5,1,pack,180,200,0.025,0.000,0.975,0.034,10.7,0.97,0.999,—,0.026
solo-crit,5,1,pack,300,200,0.040,0.000,0.960,0.005,10.8,0.96,1.000,—,0.041
solo-crit,5,1,boss,180,200,0.000,0.000,1.000,—,—,1.00,1.000,—,0.000
solo-crit,5,1,boss,300,200,0.000,0.000,1.000,—,—,1.00,1.000,—,0.000
solo-crit,5,2,solo,180,200,1.000,0.000,0.000,0.238,7.3,0.00,0.762,—,1.141
solo-crit,5,2,solo,300,200,1.000,0.000,0.000,0.235,7.3,0.00,0.765,—,1.140
solo-crit,5,2,pack,180,200,0.000,0.000,1.000,—,—,1.00,1.000,—,0.000
solo-crit,5,2,pack,300,200,0.000,0.000,1.000,—,—,1.00,1.000,—,0.000
solo-crit,5,2,boss,180,200,0.000,0.000,1.000,—,—,1.00,1.000,—,0.000
solo-crit,5,2,boss,300,200,0.000,0.000,1.000,—,—,1.00,1.000,—,0.000
solo-crit,5,3,solo,180,200,0.000,0.000,1.000,—,—,1.00,1.000,—,0.000
solo-crit,5,3,solo,300,200,0.000,0.000,1.000,—,—,1.00,1.000,—,0.000
solo-crit,5,3,pack,180,200,0.000,0.000,1.000,—,—,1.00,1.000,—,0.000
solo-crit,5,3,pack,300,200,0.000,0.000,1.000,—,—,1.00,1.000,—,0.000
solo-crit,5,3,boss,180,200,0.000,0.000,1.000,—,—,1.00,1.000,—,0.000
solo-crit,5,3,boss,300,200,0.000,0.000,1.000,—,—,1.00,1.000,—,0.000
solo-crit,5,4,solo,180,200,0.000,0.000,1.000,—,—,1.00,1.000,—,0.000
solo-crit,5,4,solo,300,200,0.000,0.000,1.000,—,—,1.00,1.000,—,0.000
solo-crit,5,4,pack,180,200,0.000,0.000,1.000,—,—,1.00,1.000,—,0.000
solo-crit,5,4,pack,300,200,0.000,0.000,1.000,—,—,1.00,1.000,—,0.000
solo-crit,5,4,boss,180,200,0.000,0.000,1.000,—,—,1.00,1.000,—,0.000
solo-crit,5,4,boss,300,200,0.000,0.000,1.000,—,—,1.00,1.000,—,0.000
solo-crit,5,5,solo,180,200,0.000,0.000,1.000,—,—,1.00,1.000,—,0.000
solo-crit,5,5,solo,300,200,0.000,0.000,1.000,—,—,1.00,1.000,—,0.000
solo-crit,5,5,pack,180,200,0.000,0.000,1.000,—,—,1.00,1.000,—,0.000
solo-crit,5,5,pack,300,200,0.000,0.000,1.000,—,—,1.00,1.000,—,0.000
solo-crit,5,5,boss,180,200,0.000,0.000,1.000,—,—,1.00,1.000,—,0.000
solo-crit,5,5,boss,300,200,0.000,0.000,1.000,—,—,1.00,1.000,—,0.000
solo-crit,5,6,solo,180,200,0.000,0.000,1.000,—,—,1.00,1.000,—,0.000
solo-crit,5,6,solo,300,200,0.000,0.000,1.000,—,—,1.00,1.000,—,0.000
solo-crit,5,6,pack,180,200,0.000,0.000,1.000,—,—,1.00,1.000,—,0.000
solo-crit,5,6,pack,300,200,0.000,0.000,1.000,—,—,1.00,1.000,—,0.000
solo-crit,5,6,boss,180,200,0.000,0.000,1.000,—,—,1.00,1.000,—,0.000
solo-crit,5,6,boss,300,200,0.000,0.000,1.000,—,—,1.00,1.000,—,0.000
solo-crit,5,7,solo,180,200,0.000,0.000,1.000,—,—,1.00,1.000,—,0.000
solo-crit,5,7,solo,300,200,0.000,0.000,1.000,—,—,1.00,1.000,—,0.000
solo-crit,5,7,pack,180,200,0.000,0.000,1.000,—,—,1.00,1.000,—,0.000
solo-crit,5,7,pack,300,200,0.000,0.000,1.000,—,—,1.00,1.000,—,0.000
solo-crit,5,7,boss,180,200,0.000,0.000,1.000,—,—,1.00,1.000,—,0.000
solo-crit,5,7,boss,300,200,0.000,0.000,1.000,—,—,1.00,1.000,—,0.000
solo-crit,5,8,solo,180,200,0.000,0.000,1.000,—,—,1.00,1.000,—,0.000
solo-crit,5,8,solo,300,200,0.000,0.000,1.000,—,—,1.00,1.000,—,0.000
solo-crit,5,8,pack,180,200,0.000,0.000,1.000,—,—,1.00,1.000,—,0.000
solo-crit,5,8,pack,300,200,0.000,0.000,1.000,—,—,1.00,1.000,—,0.000
solo-crit,5,8,boss,180,200,0.000,0.000,1.000,—,—,1.00,1.000,—,0.000
solo-crit,5,8,boss,300,200,0.000,0.000,1.000,—,—,1.00,1.000,—,0.000
solo-crit,10,1,solo,180,200,1.000,0.000,0.000,0.884,1.5,0.00,0.116,—,1.500
solo-crit,10,1,solo,300,200,1.000,0.000,0.000,0.880,1.5,0.00,0.120,—,1.498
solo-crit,10,1,pack,180,200,1.000,0.000,0.000,0.302,7.4,0.00,0.698,—,1.197
solo-crit,10,1,pack,300,200,1.000,0.000,0.000,0.293,7.4,0.00,0.707,—,1.192
solo-crit,10,1,boss,180,200,1.000,0.000,0.000,0.044,13.8,0.00,0.956,—,1.063
solo-crit,10,1,boss,300,200,1.000,0.000,0.000,0.046,14.0,0.00,0.954,—,1.064
solo-crit,10,2,solo,180,200,1.000,0.000,0.000,0.639,4.0,0.00,0.361,—,1.372
solo-crit,10,2,solo,300,200,1.000,0.000,0.000,0.652,3.9,0.00,0.348,—,1.379
solo-crit,10,2,pack,180,200,0.000,0.000,1.000,—,—,1.00,1.000,—,0.000
solo-crit,10,2,pack,300,200,0.000,0.000,1.000,—,—,1.00,1.000,—,0.000
solo-crit,10,2,boss,180,200,0.000,0.000,1.000,—,—,1.00,1.000,—,0.000
solo-crit,10,2,boss,300,200,0.000,0.000,1.000,—,—,1.00,1.000,—,0.000
solo-crit,10,3,solo,180,200,0.175,0.000,0.825,0.242,6.5,0.82,0.958,—,0.204
solo-crit,10,3,solo,300,200,0.170,0.000,0.830,0.265,6.3,0.83,0.955,—,0.200
solo-crit,10,3,pack,180,200,0.000,0.000,1.000,—,—,1.00,1.000,—,0.000
solo-crit,10,3,pack,300,200,0.000,0.000,1.000,—,—,1.00,1.000,—,0.000
solo-crit,10,3,boss,180,200,0.000,0.000,1.000,—,—,1.00,1.000,—,0.000
solo-crit,10,3,boss,300,200,0.000,0.000,1.000,—,—,1.00,1.000,—,0.000
solo-crit,10,4,solo,180,200,0.000,0.000,1.000,—,—,1.00,1.000,—,0.000
solo-crit,10,4,solo,300,200,0.000,0.000,1.000,—,—,1.00,1.000,—,0.000
solo-crit,10,4,pack,180,200,0.000,0.000,1.000,—,—,1.00,1.000,—,0.000
solo-crit,10,4,pack,300,200,0.000,0.000,1.000,—,—,1.00,1.000,—,0.000
solo-crit,10,4,boss,180,200,0.000,0.000,1.000,—,—,1.00,1.000,—,0.000
solo-crit,10,4,boss,300,200,0.000,0.000,1.000,—,—,1.00,1.000,—,0.000
solo-crit,10,5,solo,180,200,0.000,0.000,1.000,—,—,1.00,1.000,—,0.000
solo-crit,10,5,solo,300,200,0.000,0.000,1.000,—,—,1.00,1.000,—,0.000
solo-crit,10,5,pack,180,200,0.000,0.000,1.000,—,—,1.00,1.000,—,0.000
solo-crit,10,5,pack,300,200,0.000,0.000,1.000,—,—,1.00,1.000,—,0.000
solo-crit,10,5,boss,180,200,0.000,0.000,1.000,—,—,1.00,1.000,—,0.000
solo-crit,10,5,boss,300,200,0.000,0.000,1.000,—,—,1.00,1.000,—,0.000
solo-crit,10,6,solo,180,200,0.000,0.000,1.000,—,—,1.00,1.000,—,0.000
solo-crit,10,6,solo,300,200,0.000,0.000,1.000,—,—,1.00,1.000,—,0.000
solo-crit,10,6,pack,180,200,0.000,0.000,1.000,—,—,1.00,1.000,—,0.000
solo-crit,10,6,pack,300,200,0.000,0.000,1.000,—,—,1.00,1.000,—,0.000
solo-crit,10,6,boss,180,200,0.000,0.000,1.000,—,—,1.00,1.000,—,0.000
solo-crit,10,6,boss,300,200,0.000,0.000,1.000,—,—,1.00,1.000,—,0.000
solo-crit,10,7,solo,180,200,0.000,0.000,1.000,—,—,1.00,1.000,—,0.000
solo-crit,10,7,solo,300,200,0.000,0.000,1.000,—,—,1.00,1.000,—,0.000
solo-crit,10,7,pack,180,200,0.000,0.000,1.000,—,—,1.00,1.000,—,0.000
solo-crit,10,7,pack,300,200,0.000,0.000,1.000,—,—,1.00,1.000,—,0.000
solo-crit,10,7,boss,180,200,0.000,0.000,1.000,—,—,1.00,1.000,—,0.000
solo-crit,10,7,boss,300,200,0.000,0.000,1.000,—,—,1.00,1.000,—,0.000
solo-crit,10,8,solo,180,200,0.000,0.000,1.000,—,—,1.00,1.000,—,0.000
solo-crit,10,8,solo,300,200,0.000,0.000,1.000,—,—,1.00,1.000,—,0.000
solo-crit,10,8,pack,180,200,0.000,0.000,1.000,—,—,1.00,1.000,—,0.000
solo-crit,10,8,pack,300,200,0.000,0.000,1.000,—,—,1.00,1.000,—,0.000
solo-crit,10,8,boss,180,200,0.000,0.000,1.000,—,—,1.00,1.000,—,0.000
solo-crit,10,8,boss,300,200,0.000,0.000,1.000,—,—,1.00,1.000,—,0.000
solo-crit,20,1,solo,180,200,1.000,0.000,0.000,1.000,0.0,0.00,0.000,—,1.620
solo-crit,20,1,solo,300,200,1.000,0.000,0.000,1.000,0.0,0.00,0.000,—,1.620
solo-crit,20,1,pack,180,200,1.000,0.000,0.000,0.819,2.4,0.00,0.181,—,1.522
solo-crit,20,1,pack,300,200,1.000,0.000,0.000,0.819,2.4,0.00,0.181,—,1.522
solo-crit,20,1,boss,180,200,1.000,0.000,0.000,0.558,7.0,0.00,0.442,—,1.381
solo-crit,20,1,boss,300,200,1.000,0.000,0.000,0.551,7.0,0.00,0.449,—,1.377
solo-crit,20,2,solo,180,200,1.000,0.000,0.000,0.836,1.2,0.00,0.164,—,1.531
solo-crit,20,2,solo,300,200,1.000,0.000,0.000,0.834,1.2,0.00,0.166,—,1.531
solo-crit,20,2,pack,180,200,1.000,0.000,0.000,0.175,6.0,0.00,0.825,—,1.175
solo-crit,20,2,pack,300,200,1.000,0.000,0.000,0.174,6.0,0.00,0.826,—,1.174
solo-crit,20,2,boss,180,200,0.105,0.000,0.895,0.145,11.7,0.90,0.985,—,0.122
solo-crit,20,2,boss,300,200,0.075,0.000,0.925,0.134,11.9,0.93,0.990,—,0.086
solo-crit,20,3,solo,180,200,1.000,0.000,0.000,0.438,3.5,0.00,0.562,—,1.317
solo-crit,20,3,solo,300,200,1.000,0.000,0.000,0.432,3.5,0.00,0.568,—,1.313
solo-crit,20,3,pack,180,200,0.000,0.000,1.000,—,—,1.00,1.000,—,0.000
solo-crit,20,3,pack,300,200,0.000,0.000,1.000,—,—,1.00,1.000,—,0.000
solo-crit,20,3,boss,180,200,0.000,0.000,1.000,—,—,1.00,1.000,—,0.000
solo-crit,20,3,boss,300,200,0.000,0.000,1.000,—,—,1.00,1.000,—,0.000
solo-crit,20,4,solo,180,200,0.000,0.000,1.000,—,—,1.00,1.000,—,0.000
solo-crit,20,4,solo,300,200,0.005,0.000,0.995,0.465,8.4,0.99,0.998,—,0.007
solo-crit,20,4,pack,180,200,0.000,0.000,1.000,—,—,1.00,1.000,—,0.000
solo-crit,20,4,pack,300,200,0.000,0.000,1.000,—,—,1.00,1.000,—,0.000
solo-crit,20,4,boss,180,200,0.000,0.000,1.000,—,—,1.00,1.000,—,0.000
solo-crit,20,4,boss,300,200,0.000,0.000,1.000,—,—,1.00,1.000,—,0.000
solo-crit,20,5,solo,180,200,0.000,0.000,1.000,—,—,1.00,1.000,—,0.000
solo-crit,20,5,solo,300,200,0.000,0.000,1.000,—,—,1.00,1.000,—,0.000
solo-crit,20,5,pack,180,200,0.000,0.000,1.000,—,—,1.00,1.000,—,0.000
solo-crit,20,5,pack,300,200,0.000,0.000,1.000,—,—,1.00,1.000,—,0.000
solo-crit,20,5,boss,180,200,0.000,0.000,1.000,—,—,1.00,1.000,—,0.000
solo-crit,20,5,boss,300,200,0.000,0.000,1.000,—,—,1.00,1.000,—,0.000
solo-crit,20,6,solo,180,200,0.000,0.000,1.000,—,—,1.00,1.000,—,0.000
solo-crit,20,6,solo,300,200,0.000,0.000,1.000,—,—,1.00,1.000,—,0.000
solo-crit,20,6,pack,180,200,0.000,0.000,1.000,—,—,1.00,1.000,—,0.000
solo-crit,20,6,pack,300,200,0.000,0.000,1.000,—,—,1.00,1.000,—,0.000
solo-crit,20,6,boss,180,200,0.000,0.000,1.000,—,—,1.00,1.000,—,0.000
solo-crit,20,6,boss,300,200,0.000,0.000,1.000,—,—,1.00,1.000,—,0.000
solo-crit,20,7,solo,180,200,0.000,0.000,1.000,—,—,1.00,1.000,—,0.000
solo-crit,20,7,solo,300,200,0.000,0.000,1.000,—,—,1.00,1.000,—,0.000
solo-crit,20,7,pack,180,200,0.000,0.000,1.000,—,—,1.00,1.000,—,0.000
solo-crit,20,7,pack,300,200,0.000,0.000,1.000,—,—,1.00,1.000,—,0.000
solo-crit,20,7,boss,180,200,0.000,0.000,1.000,—,—,1.00,1.000,—,0.000
solo-crit,20,7,boss,300,200,0.000,0.000,1.000,—,—,1.00,1.000,—,0.000
solo-crit,20,8,solo,180,200,0.000,0.000,1.000,—,—,1.00,1.000,—,0.000
solo-crit,20,8,solo,300,200,0.000,0.000,1.000,—,—,1.00,1.000,—,0.000
solo-crit,20,8,pack,180,200,0.000,0.000,1.000,—,—,1.00,1.000,—,0.000
solo-crit,20,8,pack,300,200,0.000,0.000,1.000,—,—,1.00,1.000,—,0.000
solo-crit,20,8,boss,180,200,0.000,0.000,1.000,—,—,1.00,1.000,—,0.000
solo-crit,20,8,boss,300,200,0.000,0.000,1.000,—,—,1.00,1.000,—,0.000
solo-crit,35,1,solo,180,200,1.000,0.000,0.000,1.000,0.0,0.00,0.000,—,1.710
solo-crit,35,1,solo,300,200,1.000,0.000,0.000,1.000,0.0,0.00,0.000,—,1.710
solo-crit,35,1,pack,180,200,1.000,0.000,0.000,0.867,2.1,0.00,0.133,—,1.634
solo-crit,35,1,pack,300,200,1.000,0.000,0.000,0.868,2.1,0.00,0.132,—,1.635
solo-crit,35,1,boss,180,200,1.000,0.000,0.000,0.756,4.6,0.00,0.244,—,1.571
solo-crit,35,1,boss,300,200,1.000,0.000,0.000,0.757,4.5,0.00,0.243,—,1.571
solo-crit,35,2,solo,180,200,1.000,0.000,0.000,0.913,0.8,0.00,0.087,—,1.660
solo-crit,35,2,solo,300,200,1.000,0.000,0.000,0.907,0.8,0.00,0.093,—,1.657
solo-crit,35,2,pack,180,200,1.000,0.000,0.000,0.475,4.3,0.00,0.525,—,1.411
solo-crit,35,2,pack,300,200,1.000,0.000,0.000,0.470,4.4,0.00,0.530,—,1.408
solo-crit,35,2,boss,180,200,1.000,0.000,0.000,0.387,6.9,0.00,0.613,—,1.361
solo-crit,35,2,boss,300,200,1.000,0.000,0.000,0.391,6.9,0.00,0.609,—,1.363
solo-crit,35,3,solo,180,200,1.000,0.000,0.000,0.784,1.6,0.00,0.216,—,1.587
solo-crit,35,3,solo,300,200,1.000,0.000,0.000,0.784,1.6,0.00,0.216,—,1.587
solo-crit,35,3,pack,180,200,0.035,0.000,0.965,0.119,6.6,0.96,0.996,—,0.042
solo-crit,35,3,pack,300,200,0.010,0.000,0.990,0.119,5.1,0.99,0.999,—,0.012
solo-crit,35,3,boss,180,200,0.005,0.000,0.995,0.018,11.3,0.99,1.000,—,0.006
solo-crit,35,3,boss,300,200,0.000,0.000,1.000,—,—,1.00,1.000,—,0.000
solo-crit,35,4,solo,180,200,1.000,0.000,0.000,0.228,3.4,0.00,0.772,—,1.270
solo-crit,35,4,solo,300,200,1.000,0.000,0.000,0.230,3.4,0.00,0.770,—,1.271
solo-crit,35,4,pack,180,200,0.000,0.000,1.000,—,—,1.00,1.000,—,0.000
solo-crit,35,4,pack,300,200,0.000,0.000,1.000,—,—,1.00,1.000,—,0.000
solo-crit,35,4,boss,180,200,0.000,0.000,1.000,—,—,1.00,1.000,—,0.000
solo-crit,35,4,boss,300,200,0.000,0.000,1.000,—,—,1.00,1.000,—,0.000
solo-crit,35,5,solo,180,200,0.000,0.000,1.000,—,—,1.00,1.000,—,0.000
solo-crit,35,5,solo,300,200,0.000,0.000,1.000,—,—,1.00,1.000,—,0.000
solo-crit,35,5,pack,180,200,0.000,0.000,1.000,—,—,1.00,1.000,—,0.000
solo-crit,35,5,pack,300,200,0.000,0.000,1.000,—,—,1.00,1.000,—,0.000
solo-crit,35,5,boss,180,200,0.000,0.000,1.000,—,—,1.00,1.000,—,0.000
solo-crit,35,5,boss,300,200,0.000,0.000,1.000,—,—,1.00,1.000,—,0.000
solo-crit,35,6,solo,180,200,0.000,0.000,1.000,—,—,1.00,1.000,—,0.000
solo-crit,35,6,solo,300,200,0.000,0.000,1.000,—,—,1.00,1.000,—,0.000
solo-crit,35,6,pack,180,200,0.000,0.000,1.000,—,—,1.00,1.000,—,0.000
solo-crit,35,6,pack,300,200,0.000,0.000,1.000,—,—,1.00,1.000,—,0.000
solo-crit,35,6,boss,180,200,0.000,0.000,1.000,—,—,1.00,1.000,—,0.000
solo-crit,35,6,boss,300,200,0.000,0.000,1.000,—,—,1.00,1.000,—,0.000
solo-crit,35,7,solo,180,200,0.000,0.000,1.000,—,—,1.00,1.000,—,0.000
solo-crit,35,7,solo,300,200,0.000,0.000,1.000,—,—,1.00,1.000,—,0.000
solo-crit,35,7,pack,180,200,0.000,0.000,1.000,—,—,1.00,1.000,—,0.000
solo-crit,35,7,pack,300,200,0.000,0.000,1.000,—,—,1.00,1.000,—,0.000
solo-crit,35,7,boss,180,200,0.000,0.000,1.000,—,—,1.00,1.000,—,0.000
solo-crit,35,7,boss,300,200,0.000,0.000,1.000,—,—,1.00,1.000,—,0.000
solo-crit,35,8,solo,180,200,0.000,0.000,1.000,—,—,1.00,1.000,—,0.000
solo-crit,35,8,solo,300,200,0.000,0.000,1.000,—,—,1.00,1.000,—,0.000
solo-crit,35,8,pack,180,200,0.000,0.000,1.000,—,—,1.00,1.000,—,0.000
solo-crit,35,8,pack,300,200,0.000,0.000,1.000,—,—,1.00,1.000,—,0.000
solo-crit,35,8,boss,180,200,0.000,0.000,1.000,—,—,1.00,1.000,—,0.000
solo-crit,35,8,boss,300,200,0.000,0.000,1.000,—,—,1.00,1.000,—,0.000
solo-crit,50,1,solo,180,200,1.000,0.000,0.000,1.000,0.0,0.00,0.000,—,1.800
solo-crit,50,1,solo,300,200,1.000,0.000,0.000,1.000,0.0,0.00,0.000,—,1.800
solo-crit,50,1,pack,180,200,1.000,0.000,0.000,0.894,1.9,0.00,0.106,—,1.736
solo-crit,50,1,pack,300,200,1.000,0.000,0.000,0.895,1.9,0.00,0.105,—,1.737
solo-crit,50,1,boss,180,200,1.000,0.000,0.000,0.850,3.3,0.00,0.150,—,1.710
solo-crit,50,1,boss,300,200,1.000,0.000,0.000,0.853,3.3,0.00,0.147,—,1.712
solo-crit,50,2,solo,180,200,1.000,0.000,0.000,1.000,0.0,0.00,0.000,—,1.800
solo-crit,50,2,solo,300,200,1.000,0.000,0.000,1.000,0.0,0.00,0.000,—,1.800
solo-crit,50,2,pack,180,200,1.000,0.000,0.000,0.808,1.9,0.00,0.192,—,1.685
solo-crit,50,2,pack,300,200,1.000,0.000,0.000,0.807,1.9,0.00,0.193,—,1.684
solo-crit,50,2,boss,180,200,1.000,0.000,0.000,0.654,4.9,0.00,0.346,—,1.593
solo-crit,50,2,boss,300,200,1.000,0.000,0.000,0.649,4.9,0.00,0.351,—,1.589
solo-crit,50,3,solo,180,200,1.000,0.000,0.000,0.830,1.0,0.00,0.170,—,1.698
solo-crit,50,3,solo,300,200,1.000,0.000,0.000,0.831,1.0,0.00,0.169,—,1.698
solo-crit,50,3,pack,180,200,1.000,0.000,0.000,0.313,4.8,0.00,0.687,—,1.388
solo-crit,50,3,pack,300,200,1.000,0.000,0.000,0.315,4.8,0.00,0.685,—,1.389
solo-crit,50,3,boss,180,200,0.935,0.000,0.065,0.120,8.1,0.07,0.888,—,1.189
solo-crit,50,3,boss,300,200,0.975,0.000,0.025,0.122,8.1,0.03,0.881,—,1.242
solo-crit,50,4,solo,180,200,1.000,0.000,0.000,0.690,2.3,0.00,0.310,—,1.614
solo-crit,50,4,solo,300,200,1.000,0.000,0.000,0.692,2.2,0.00,0.308,—,1.615
solo-crit,50,4,pack,180,200,0.000,0.000,1.000,—,—,1.00,1.000,—,0.000
solo-crit,50,4,pack,300,200,0.000,0.000,1.000,—,—,1.00,1.000,—,0.000
solo-crit,50,4,boss,180,200,0.000,0.000,1.000,—,—,1.00,1.000,—,0.000
solo-crit,50,4,boss,300,200,0.000,0.000,1.000,—,—,1.00,1.000,—,0.000
solo-crit,50,5,solo,180,200,0.040,0.000,0.960,0.436,5.0,0.96,0.983,—,0.058
solo-crit,50,5,solo,300,200,0.035,0.000,0.965,0.436,5.6,0.96,0.985,—,0.051
solo-crit,50,5,pack,180,200,0.000,0.000,1.000,—,—,1.00,1.000,—,0.000
solo-crit,50,5,pack,300,200,0.000,0.000,1.000,—,—,1.00,1.000,—,0.000
solo-crit,50,5,boss,180,200,0.000,0.000,1.000,—,—,1.00,1.000,—,0.000
solo-crit,50,5,boss,300,200,0.000,0.000,1.000,—,—,1.00,1.000,—,0.000
solo-crit,50,6,solo,180,200,0.000,0.000,1.000,—,—,1.00,1.000,—,0.000
solo-crit,50,6,solo,300,200,0.000,0.000,1.000,—,—,1.00,1.000,—,0.000
solo-crit,50,6,pack,180,200,0.000,0.000,1.000,—,—,1.00,1.000,—,0.000
solo-crit,50,6,pack,300,200,0.000,0.000,1.000,—,—,1.00,1.000,—,0.000
solo-crit,50,6,boss,180,200,0.000,0.000,1.000,—,—,1.00,1.000,—,0.000
solo-crit,50,6,boss,300,200,0.000,0.000,1.000,—,—,1.00,1.000,—,0.000
solo-crit,50,7,solo,180,200,0.000,0.000,1.000,—,—,1.00,1.000,—,0.000
solo-crit,50,7,solo,300,200,0.000,0.000,1.000,—,—,1.00,1.000,—,0.000
solo-crit,50,7,pack,180,200,0.000,0.000,1.000,—,—,1.00,1.000,—,0.000
solo-crit,50,7,pack,300,200,0.000,0.000,1.000,—,—,1.00,1.000,—,0.000
solo-crit,50,7,boss,180,200,0.000,0.000,1.000,—,—,1.00,1.000,—,0.000
solo-crit,50,7,boss,300,200,0.000,0.000,1.000,—,—,1.00,1.000,—,0.000
solo-crit,50,8,solo,180,200,0.000,0.000,1.000,—,—,1.00,1.000,—,0.000
solo-crit,50,8,solo,300,200,0.000,0.000,1.000,—,—,1.00,1.000,—,0.000
solo-crit,50,8,pack,180,200,0.000,0.000,1.000,—,—,1.00,1.000,—,0.000
solo-crit,50,8,pack,300,200,0.000,0.000,1.000,—,—,1.00,1.000,—,0.000
solo-crit,50,8,boss,180,200,0.000,0.000,1.000,—,—,1.00,1.000,—,0.000
solo-crit,50,8,boss,300,200,0.000,0.000,1.000,—,—,1.00,1.000,—,0.000
