comp,level,tier,shape,limit,fights,winRate,timeoutRate,wipeRate,avgMarginWin,avgDurationWin,avgDowned,avgHpLostPct,tankTargetPct,expRewardMult
trio-core,1,1,solo,180,500,1.000,0.000,0.000,0.963,2.5,0.00,0.037,1.000,1.487
trio-core,1,1,solo,300,500,1.000,0.000,0.000,0.963,2.5,0.00,0.037,1.000,1.487
trio-core,1,1,pack,180,500,1.000,0.000,0.000,0.998,17.6,0.00,0.002,1.000,1.505
trio-core,1,1,pack,300,500,1.000,0.000,0.000,0.999,17.6,0.00,0.001,1.000,1.505
trio-core,1,1,boss,180,500,1.000,0.000,0.000,0.956,34.9,0.00,0.044,1.000,1.484
trio-core,1,1,boss,300,500,1.000,0.000,0.000,0.956,34.9,0.00,0.044,1.000,1.484
trio-core,1,2,solo,180,500,1.000,0.000,0.000,0.895,5.0,0.00,0.105,1.000,1.453
trio-core,1,2,solo,300,500,1.000,0.000,0.000,0.896,5.1,0.00,0.104,1.000,1.454
trio-core,1,2,pack,180,500,1.000,0.000,0.000,0.865,26.2,0.00,0.135,1.000,1.438
trio-core,1,2,pack,300,500,1.000,0.000,0.000,0.859,26.1,0.00,0.141,1.000,1.435
trio-core,1,2,boss,180,500,1.000,0.000,0.000,0.952,50.4,0.00,0.048,1.000,1.482
trio-core,1,2,boss,300,500,1.000,0.000,0.000,0.956,50.4,0.00,0.044,1.000,1.484
trio-core,1,3,solo,180,500,1.000,0.000,0.000,0.905,9.5,0.00,0.095,1.000,1.458
trio-core,1,3,solo,300,500,1.000,0.000,0.000,0.904,9.5,0.00,0.096,1.000,1.458
trio-core,1,3,pack,180,500,0.000,0.000,1.000,—,—,3.00,1.000,0.430,0.000
trio-core,1,3,pack,300,500,0.002,0.000,0.998,0.459,42.9,3.00,0.999,0.425,0.002
trio-core,1,3,boss,180,500,0.018,0.000,0.982,0.545,73.0,2.96,0.990,0.382,0.023
trio-core,1,3,boss,300,500,0.010,0.000,0.990,0.562,74.2,2.98,0.994,0.377,0.013
trio-core,1,4,solo,180,500,1.000,0.000,0.000,0.833,16.4,0.00,0.167,1.000,1.422
trio-core,1,4,solo,300,500,1.000,0.000,0.000,0.836,16.3,0.00,0.164,1.000,1.424
trio-core,1,4,pack,180,500,0.000,0.000,1.000,—,—,3.00,1.000,0.359,0.000
trio-core,1,4,pack,300,500,0.000,0.000,1.000,—,—,3.00,1.000,0.360,0.000
trio-core,1,4,boss,180,500,0.000,0.000,1.000,—,—,3.00,1.000,0.374,0.000
trio-core,1,4,boss,300,500,0.000,0.000,1.000,—,—,3.00,1.000,0.373,0.000
trio-core,1,5,solo,180,500,0.486,0.000,0.514,0.495,23.9,1.98,0.759,0.555,0.609
trio-core,1,5,solo,300,500,0.534,0.000,0.466,0.489,23.9,1.90,0.739,0.573,0.667
trio-core,1,5,pack,180,500,0.000,0.000,1.000,—,—,3.00,1.000,0.404,0.000
trio-core,1,5,pack,300,500,0.000,0.000,1.000,—,—,3.00,1.000,0.403,0.000
trio-core,1,5,boss,180,500,0.000,0.000,1.000,—,—,3.00,1.000,0.401,0.000
trio-core,1,5,boss,300,500,0.000,0.000,1.000,—,—,3.00,1.000,0.409,0.000
trio-core,1,6,solo,180,500,0.000,0.000,1.000,—,—,3.00,1.000,0.381,0.000
trio-core,1,6,solo,300,500,0.000,0.000,1.000,—,—,3.00,1.000,0.377,0.000
trio-core,1,6,pack,180,500,0.000,0.000,1.000,—,—,3.00,1.000,0.344,0.000
trio-core,1,6,pack,300,500,0.000,0.000,1.000,—,—,3.00,1.000,0.350,0.000
trio-core,1,6,boss,180,500,0.000,0.000,1.000,—,—,3.00,1.000,0.373,0.000
trio-core,1,6,boss,300,500,0.000,0.000,1.000,—,—,3.00,1.000,0.363,0.000
trio-core,1,7,solo,180,500,0.000,0.000,1.000,—,—,3.00,1.000,0.503,0.000
trio-core,1,7,solo,300,500,0.000,0.000,1.000,—,—,3.00,1.000,0.500,0.000
trio-core,1,7,pack,180,500,0.000,0.000,1.000,—,—,3.00,1.000,0.495,0.000
trio-core,1,7,pack,300,500,0.000,0.000,1.000,—,—,3.00,1.000,0.492,0.000
trio-core,1,7,boss,180,500,0.000,0.000,1.000,—,—,3.00,1.000,0.252,0.000
trio-core,1,7,boss,300,500,0.000,0.000,1.000,—,—,3.00,1.000,0.257,0.000
trio-core,1,8,solo,180,500,0.000,0.000,1.000,—,—,3.00,1.000,0.499,0.000
trio-core,1,8,solo,300,500,0.000,0.000,1.000,—,—,3.00,1.000,0.494,0.000
trio-core,1,8,pack,180,500,0.000,0.000,1.000,—,—,3.00,1.000,0.493,0.000
trio-core,1,8,pack,300,500,0.000,0.000,1.000,—,—,3.00,1.000,0.496,0.000
trio-core,1,8,boss,180,500,0.000,0.000,1.000,—,—,3.00,1.000,0.354,0.000
trio-core,1,8,boss,300,500,0.000,0.000,1.000,—,—,3.00,1.000,0.362,0.000
trio-core,5,1,solo,180,500,1.000,0.000,0.000,1.000,0.0,0.00,0.000,—,1.530
trio-core,5,1,solo,300,500,1.000,0.000,0.000,1.000,0.0,0.00,0.000,—,1.530
trio-core,5,1,pack,180,500,1.000,0.000,0.000,0.889,7.5,0.00,0.111,1.000,1.474
trio-core,5,1,pack,300,500,1.000,0.000,0.000,0.890,7.4,0.00,0.110,1.000,1.474
trio-core,5,1,boss,180,500,1.000,0.000,0.000,0.950,15.6,0.00,0.050,1.000,1.505
trio-core,5,1,boss,300,500,1.000,0.000,0.000,0.948,15.7,0.00,0.052,1.000,1.504
trio-core,5,2,solo,180,500,1.000,0.000,0.000,0.967,1.8,0.00,0.033,1.000,1.513
trio-core,5,2,solo,300,500,1.000,0.000,0.000,0.967,1.8,0.00,0.033,1.000,1.513
trio-core,5,2,pack,180,500,1.000,0.000,0.000,0.989,13.3,0.00,0.011,1.000,1.525
trio-core,5,2,pack,300,500,1.000,0.000,0.000,0.992,13.4,0.00,0.008,1.000,1.526
trio-core,5,2,boss,180,500,1.000,0.000,0.000,0.966,26.5,0.00,0.034,1.000,1.513
trio-core,5,2,boss,300,500,1.000,0.000,0.000,0.963,26.7,0.00,0.037,1.000,1.511
trio-core,5,3,solo,180,500,1.000,0.000,0.000,0.897,4.0,0.00,0.103,1.000,1.477
trio-core,5,3,solo,300,500,1.000,0.000,0.000,0.897,4.0,0.00,0.103,1.000,1.478
trio-core,5,3,pack,180,500,1.000,0.000,0.000,1.000,18.0,0.00,0.000,1.000,1.530
trio-core,5,3,pack,300,500,1.000,0.000,0.000,1.000,18.0,0.00,0.000,1.000,1.530
trio-core,5,3,boss,180,500,1.000,0.000,0.000,0.953,39.8,0.00,0.047,1.000,1.506
trio-core,5,3,boss,300,500,1.000,0.000,0.000,0.951,39.6,0.00,0.049,1.000,1.505
trio-core,5,4,solo,180,500,1.000,0.000,0.000,0.936,7.0,0.00,0.064,1.000,1.497
trio-core,5,4,solo,300,500,1.000,0.000,0.000,0.940,7.0,0.00,0.060,1.000,1.499
trio-core,5,4,pack,180,500,0.424,0.000,0.576,0.606,31.3,2.06,0.743,0.482,0.564
trio-core,5,4,pack,300,500,0.446,0.000,0.554,0.609,31.1,2.02,0.729,0.487,0.593
trio-core,5,4,boss,180,500,1.000,0.000,0.000,0.911,56.3,0.00,0.089,1.000,1.485
trio-core,5,4,boss,300,500,1.000,0.000,0.000,0.917,56.3,0.00,0.083,1.000,1.488
trio-core,5,5,solo,180,500,1.000,0.000,0.000,0.910,11.8,0.00,0.090,1.000,1.484
trio-core,5,5,solo,300,500,1.000,0.000,0.000,0.911,11.8,0.00,0.089,1.000,1.485
trio-core,5,5,pack,180,500,0.000,0.000,1.000,—,—,3.00,1.000,0.416,0.000
trio-core,5,5,pack,300,500,0.000,0.000,1.000,—,—,3.00,1.000,0.418,0.000
trio-core,5,5,boss,180,500,0.000,0.000,1.000,—,—,3.00,1.000,0.377,0.000
trio-core,5,5,boss,300,500,0.000,0.000,1.000,—,—,3.00,1.000,0.373,0.000
trio-core,5,6,solo,180,500,1.000,0.000,0.000,0.812,18.8,0.00,0.188,1.000,1.434
trio-core,5,6,solo,300,500,1.000,0.000,0.000,0.810,18.9,0.00,0.190,1.000,1.433
trio-core,5,6,pack,180,500,0.000,0.000,1.000,—,—,3.00,1.000,0.408,0.000
trio-core,5,6,pack,300,500,0.000,0.000,1.000,—,—,3.00,1.000,0.406,0.000
trio-core,5,6,boss,180,500,0.000,0.000,1.000,—,—,3.00,1.000,0.414,0.000
trio-core,5,6,boss,300,500,0.000,0.000,1.000,—,—,3.00,1.000,0.418,0.000
trio-core,5,7,solo,180,500,0.022,0.000,0.978,0.407,28.4,2.97,0.991,0.435,0.027
trio-core,5,7,solo,300,500,0.028,0.000,0.972,0.457,28.2,2.96,0.987,0.427,0.035
trio-core,5,7,pack,180,500,0.000,0.000,1.000,—,—,3.00,1.000,0.485,0.000
trio-core,5,7,pack,300,500,0.000,0.000,1.000,—,—,3.00,1.000,0.485,0.000
trio-core,5,7,boss,180,500,0.000,0.000,1.000,—,—,3.00,1.000,0.410,0.000
trio-core,5,7,boss,300,500,0.000,0.000,1.000,—,—,3.00,1.000,0.412,0.000
trio-core,5,8,solo,180,500,0.000,0.000,1.000,—,—,3.00,1.000,0.504,0.000
trio-core,5,8,solo,300,500,0.000,0.000,1.000,—,—,3.00,1.000,0.506,0.000
trio-core,5,8,pack,180,500,0.000,0.000,1.000,—,—,3.00,1.000,0.489,0.000
trio-core,5,8,pack,300,500,0.000,0.000,1.000,—,—,3.00,1.000,0.489,0.000
trio-core,5,8,boss,180,500,0.000,0.000,1.000,—,—,3.00,1.000,0.283,0.000
trio-core,5,8,boss,300,500,0.000,0.000,1.000,—,—,3.00,1.000,0.290,0.000
trio-core,10,1,solo,180,500,1.000,0.000,0.000,1.000,0.0,0.00,0.000,—,1.560
trio-core,10,1,solo,300,500,1.000,0.000,0.000,1.000,0.0,0.00,0.000,—,1.560
trio-core,10,1,pack,180,500,1.000,0.000,0.000,0.947,4.0,0.00,0.053,1.000,1.532
trio-core,10,1,pack,300,500,1.000,0.000,0.000,0.947,4.0,0.00,0.053,1.000,1.532
trio-core,10,1,boss,180,500,1.000,0.000,0.000,0.929,8.0,0.00,0.071,1.000,1.523
trio-core,10,1,boss,300,500,1.000,0.000,0.000,0.929,8.0,0.00,0.071,1.000,1.523
trio-core,10,2,solo,180,500,1.000,0.000,0.000,1.000,0.0,0.00,0.000,—,1.560
trio-core,10,2,solo,300,500,1.000,0.000,0.000,1.000,0.0,0.00,0.000,—,1.560
trio-core,10,2,pack,180,500,1.000,0.000,0.000,0.891,6.4,0.00,0.109,1.000,1.503
trio-core,10,2,pack,300,500,1.000,0.000,0.000,0.889,6.5,0.00,0.111,1.000,1.502
trio-core,10,2,boss,180,500,1.000,0.000,0.000,0.932,12.6,0.00,0.068,1.000,1.525
trio-core,10,2,boss,300,500,1.000,0.000,0.000,0.933,12.6,0.00,0.067,1.000,1.525
trio-core,10,3,solo,180,500,1.000,0.000,0.000,0.966,1.5,0.00,0.034,1.000,1.542
trio-core,10,3,solo,300,500,1.000,0.000,0.000,0.967,1.5,0.00,0.033,1.000,1.543
trio-core,10,3,pack,180,500,1.000,0.000,0.000,0.969,11.7,0.00,0.031,1.000,1.544
trio-core,10,3,pack,300,500,1.000,0.000,0.000,0.970,11.7,0.00,0.030,1.000,1.544
trio-core,10,3,boss,180,500,1.000,0.000,0.000,0.950,22.7,0.00,0.050,1.000,1.534
trio-core,10,3,boss,300,500,1.000,0.000,0.000,0.951,22.5,0.00,0.049,1.000,1.534
trio-core,10,4,solo,180,500,1.000,0.000,0.000,0.902,3.3,0.00,0.098,1.000,1.509
trio-core,10,4,solo,300,500,1.000,0.000,0.000,0.904,3.3,0.00,0.096,1.000,1.510
trio-core,10,4,pack,180,500,1.000,0.000,0.000,1.000,16.5,0.00,0.000,1.000,1.560
trio-core,10,4,pack,300,500,1.000,0.000,0.000,1.000,16.5,0.00,0.000,1.000,1.560
trio-core,10,4,boss,180,500,1.000,0.000,0.000,0.929,33.6,0.00,0.071,1.000,1.523
trio-core,10,4,boss,300,500,1.000,0.000,0.000,0.930,33.7,0.00,0.070,1.000,1.524
trio-core,10,5,solo,180,500,1.000,0.000,0.000,0.963,5.6,0.00,0.037,1.000,1.541
trio-core,10,5,solo,300,500,1.000,0.000,0.000,0.963,5.6,0.00,0.037,1.000,1.541
trio-core,10,5,pack,180,500,0.776,0.002,0.222,0.907,24.5,0.79,0.295,0.763,1.173
trio-core,10,5,pack,300,500,0.770,0.002,0.228,0.919,24.5,0.79,0.292,0.763,1.169
trio-core,10,5,boss,180,500,1.000,0.000,0.000,0.910,49.1,0.00,0.090,1.000,1.513
trio-core,10,5,boss,300,500,1.000,0.000,0.000,0.914,49.2,0.00,0.086,1.000,1.515
trio-core,10,6,solo,180,500,1.000,0.000,0.000,0.913,10.6,0.00,0.087,1.000,1.515
trio-core,10,6,solo,300,500,1.000,0.000,0.000,0.912,10.6,0.00,0.088,1.000,1.514
trio-core,10,6,pack,180,500,0.000,0.000,1.000,—,—,3.00,1.000,0.411,0.000
trio-core,10,6,pack,300,500,0.000,0.000,1.000,—,—,3.00,1.000,0.413,0.000
trio-core,10,6,boss,180,500,0.056,0.000,0.944,0.881,74.4,2.83,0.951,0.471,0.084
trio-core,10,6,boss,300,500,0.072,0.000,0.928,0.877,74.8,2.78,0.937,0.483,0.108
trio-core,10,7,solo,180,500,1.000,0.000,0.000,0.982,17.6,0.00,0.018,1.000,1.551
trio-core,10,7,solo,300,500,1.000,0.000,0.000,0.983,17.6,0.00,0.017,1.000,1.551
trio-core,10,7,pack,180,500,0.000,0.000,1.000,—,—,3.00,1.000,0.401,0.000
trio-core,10,7,pack,300,500,0.000,0.000,1.000,—,—,3.00,1.000,0.406,0.000
trio-core,10,7,boss,180,500,0.000,0.000,1.000,—,—,3.00,1.000,0.413,0.000
trio-core,10,7,boss,300,500,0.000,0.000,1.000,—,—,3.00,1.000,0.416,0.000
trio-core,10,8,solo,180,500,0.356,0.000,0.644,0.626,26.8,2.16,0.777,0.706,0.486
trio-core,10,8,solo,300,500,0.346,0.000,0.654,0.625,26.7,2.18,0.784,0.708,0.472
trio-core,10,8,pack,180,500,0.000,0.000,1.000,—,—,3.00,1.000,0.473,0.000
trio-core,10,8,pack,300,500,0.000,0.000,1.000,—,—,3.00,1.000,0.480,0.000
trio-core,10,8,boss,180,500,0.000,0.000,1.000,—,—,3.00,1.000,0.414,0.000
trio-core,10,8,boss,300,500,0.000,0.000,1.000,—,—,3.00,1.000,0.410,0.000
trio-core,20,1,solo,180,500,1.000,0.000,0.000,1.000,0.0,0.00,0.000,—,1.620
trio-core,20,1,solo,300,500,1.000,0.000,0.000,1.000,0.0,0.00,0.000,—,1.620
trio-core,20,1,pack,180,500,1.000,0.000,0.000,0.990,1.3,0.00,0.010,1.000,1.615
trio-core,20,1,pack,300,500,1.000,0.000,0.000,0.990,1.3,0.00,0.010,1.000,1.615
trio-core,20,1,boss,180,500,1.000,0.000,0.000,0.971,4.0,0.00,0.029,1.000,1.604
trio-core,20,1,boss,300,500,1.000,0.000,0.000,0.971,4.0,0.00,0.029,1.000,1.604
trio-core,20,2,solo,180,500,1.000,0.000,0.000,1.000,0.0,0.00,0.000,—,1.620
trio-core,20,2,solo,300,500,1.000,0.000,0.000,1.000,0.0,0.00,0.000,—,1.620
trio-core,20,2,pack,180,500,1.000,0.000,0.000,0.961,3.9,0.00,0.039,1.000,1.599
trio-core,20,2,pack,300,500,1.000,0.000,0.000,0.961,3.9,0.00,0.039,1.000,1.599
trio-core,20,2,boss,180,500,1.000,0.000,0.000,0.966,6.0,0.00,0.034,1.000,1.601
trio-core,20,2,boss,300,500,1.000,0.000,0.000,0.965,6.0,0.00,0.035,1.000,1.601
trio-core,20,3,solo,180,500,1.000,0.000,0.000,1.000,0.0,0.00,0.000,—,1.620
trio-core,20,3,solo,300,500,1.000,0.000,0.000,1.000,0.0,0.00,0.000,—,1.620
trio-core,20,3,pack,180,500,1.000,0.000,0.000,0.942,4.0,0.00,0.058,1.000,1.589
trio-core,20,3,pack,300,500,1.000,0.000,0.000,0.943,4.0,0.00,0.057,1.000,1.589
trio-core,20,3,boss,180,500,1.000,0.000,0.000,0.921,8.1,0.00,0.079,1.000,1.577
trio-core,20,3,boss,300,500,1.000,0.000,0.000,0.922,8.1,0.00,0.078,1.000,1.578
trio-core,20,4,solo,180,500,1.000,0.000,0.000,1.000,0.0,0.00,0.000,—,1.620
trio-core,20,4,solo,300,500,1.000,0.000,0.000,1.000,0.0,0.00,0.000,—,1.620
trio-core,20,4,pack,180,500,1.000,0.000,0.000,0.901,6.0,0.00,0.099,1.000,1.566
trio-core,20,4,pack,300,500,1.000,0.000,0.000,0.901,6.0,0.00,0.099,1.000,1.566
trio-core,20,4,boss,180,500,1.000,0.000,0.000,0.986,14.4,0.00,0.014,1.000,1.612
trio-core,20,4,boss,300,500,1.000,0.000,0.000,0.984,14.3,0.00,0.016,1.000,1.612
trio-core,20,5,solo,180,500,1.000,0.000,0.000,0.963,2.5,0.00,0.037,1.000,1.600
trio-core,20,5,solo,300,500,1.000,0.000,0.000,0.963,2.5,0.00,0.037,1.000,1.600
trio-core,20,5,pack,180,500,1.000,0.000,0.000,0.968,12.7,0.00,0.032,1.000,1.603
trio-core,20,5,pack,300,500,1.000,0.000,0.000,0.970,12.7,0.00,0.030,1.000,1.604
trio-core,20,5,boss,180,500,1.000,0.000,0.000,0.947,24.2,0.00,0.053,1.000,1.591
trio-core,20,5,boss,300,500,1.000,0.000,0.000,0.946,24.1,0.00,0.054,1.000,1.591
trio-core,20,6,solo,180,500,1.000,0.000,0.000,0.895,4.0,0.00,0.105,1.000,1.563
trio-core,20,6,solo,300,500,1.000,0.000,0.000,0.896,4.0,0.00,0.104,1.000,1.564
trio-core,20,6,pack,180,500,1.000,0.000,0.000,0.958,19.2,0.00,0.042,1.000,1.597
trio-core,20,6,pack,300,500,1.000,0.000,0.000,0.956,19.2,0.00,0.044,1.000,1.596
trio-core,20,6,boss,180,500,1.000,0.000,0.000,0.966,38.0,0.00,0.034,1.000,1.602
trio-core,20,6,boss,300,500,1.000,0.000,0.000,0.964,37.9,0.00,0.036,1.000,1.601
trio-core,20,7,solo,180,500,1.000,0.000,0.000,0.906,6.8,0.00,0.094,1.000,1.570
trio-core,20,7,solo,300,500,1.000,0.000,0.000,0.910,6.7,0.00,0.090,1.000,1.571
trio-core,20,7,pack,180,500,0.458,0.088,0.454,0.946,29.4,1.58,0.546,0.596,0.729
trio-core,20,7,pack,300,500,0.428,0.140,0.432,0.944,29.4,1.62,0.563,0.431,0.680
trio-core,20,7,boss,180,500,1.000,0.000,0.000,0.891,58.2,0.00,0.109,1.000,1.561
trio-core,20,7,boss,300,500,1.000,0.000,0.000,0.891,58.3,0.00,0.109,1.000,1.561
trio-core,20,8,solo,180,500,1.000,0.000,0.000,0.943,12.9,0.00,0.057,1.000,1.589
trio-core,20,8,solo,300,500,1.000,0.000,0.000,0.944,12.9,0.00,0.056,1.000,1.590
trio-core,20,8,pack,180,500,0.000,0.000,1.000,—,—,3.00,1.000,0.432,0.000
trio-core,20,8,pack,300,500,0.000,0.000,1.000,—,—,3.00,1.000,0.430,0.000
trio-core,20,8,boss,180,500,0.024,0.000,0.976,0.893,92.2,2.93,0.979,0.500,0.037
trio-core,20,8,boss,300,500,0.022,0.000,0.978,0.898,92.4,2.93,0.980,0.491,0.034
trio-core,35,1,solo,180,500,1.000,0.000,0.000,1.000,0.0,0.00,0.000,—,1.710
trio-core,35,1,solo,300,500,1.000,0.000,0.000,1.000,0.0,0.00,0.000,—,1.710
trio-core,35,1,pack,180,500,1.000,0.000,0.000,1.000,0.0,0.00,0.000,—,1.710
trio-core,35,1,pack,300,500,1.000,0.000,0.000,1.000,0.0,0.00,0.000,—,1.710
trio-core,35,1,boss,180,500,1.000,0.000,0.000,0.992,2.3,0.00,0.008,1.000,1.706
trio-core,35,1,boss,300,500,1.000,0.000,0.000,0.993,2.3,0.00,0.007,1.000,1.706
trio-core,35,2,solo,180,500,1.000,0.000,0.000,1.000,0.0,0.00,0.000,—,1.710
trio-core,35,2,solo,300,500,1.000,0.000,0.000,1.000,0.0,0.00,0.000,—,1.710
trio-core,35,2,pack,180,500,1.000,0.000,0.000,0.993,1.1,0.00,0.007,1.000,1.706
trio-core,35,2,pack,300,500,1.000,0.000,0.000,0.993,1.1,0.00,0.007,1.000,1.706
trio-core,35,2,boss,180,500,1.000,0.000,0.000,0.979,3.9,0.00,0.021,1.000,1.698
trio-core,35,2,boss,300,500,1.000,0.000,0.000,0.979,3.9,0.00,0.021,1.000,1.698
trio-core,35,3,solo,180,500,1.000,0.000,0.000,1.000,0.0,0.00,0.000,—,1.710
trio-core,35,3,solo,300,500,1.000,0.000,0.000,1.000,0.0,0.00,0.000,—,1.710
trio-core,35,3,pack,180,500,1.000,0.000,0.000,0.971,3.3,0.00,0.029,1.000,1.693
trio-core,35,3,pack,300,500,1.000,0.000,0.000,0.971,3.3,0.00,0.029,1.000,1.693
trio-core,35,3,boss,180,500,1.000,0.000,0.000,0.971,4.5,0.00,0.029,1.000,1.693
trio-core,35,3,boss,300,500,1.000,0.000,0.000,0.971,4.5,0.00,0.029,1.000,1.693
trio-core,35,4,solo,180,500,1.000,0.000,0.000,1.000,0.0,0.00,0.000,—,1.710
trio-core,35,4,solo,300,500,1.000,0.000,0.000,1.000,0.0,0.00,0.000,—,1.710
trio-core,35,4,pack,180,500,1.000,0.000,0.000,0.959,4.0,0.00,0.041,1.000,1.686
trio-core,35,4,pack,300,500,1.000,0.000,0.000,0.959,4.0,0.00,0.041,1.000,1.686
trio-core,35,4,boss,180,500,1.000,0.000,0.000,0.942,6.8,0.00,0.058,1.000,1.677
trio-core,35,4,boss,300,500,1.000,0.000,0.000,0.943,6.8,0.00,0.057,1.000,1.678
trio-core,35,5,solo,180,500,1.000,0.000,0.000,1.000,0.0,0.00,0.000,—,1.710
trio-core,35,5,solo,300,500,1.000,0.000,0.000,1.000,0.0,0.00,0.000,—,1.710
trio-core,35,5,pack,180,500,1.000,0.000,0.000,0.923,5.6,0.00,0.077,1.000,1.666
trio-core,35,5,pack,300,500,1.000,0.000,0.000,0.922,5.6,0.00,0.078,1.000,1.666
trio-core,35,5,boss,180,500,1.000,0.000,0.000,0.887,11.2,0.00,0.113,1.000,1.645
trio-core,35,5,boss,300,500,1.000,0.000,0.000,0.889,11.2,0.00,0.111,1.000,1.646
trio-core,35,6,solo,180,500,1.000,0.000,0.000,0.972,1.1,0.00,0.028,1.000,1.694
trio-core,35,6,solo,300,500,1.000,0.000,0.000,0.972,1.1,0.00,0.028,1.000,1.694
trio-core,35,6,pack,180,500,1.000,0.000,0.000,0.948,9.3,0.00,0.052,1.000,1.680
trio-core,35,6,pack,300,500,1.000,0.000,0.000,0.951,9.3,0.00,0.049,1.000,1.682
trio-core,35,6,boss,180,500,1.000,0.000,0.000,0.971,18.8,0.00,0.029,1.000,1.693
trio-core,35,6,boss,300,500,1.000,0.000,0.000,0.971,18.7,0.00,0.029,1.000,1.693
trio-core,35,7,solo,180,500,1.000,0.000,0.000,0.925,3.4,0.00,0.075,1.000,1.667
trio-core,35,7,solo,300,500,1.000,0.000,0.000,0.926,3.4,0.00,0.074,1.000,1.668
trio-core,35,7,pack,180,500,1.000,0.000,0.000,0.984,16.2,0.00,0.016,1.000,1.701
trio-core,35,7,pack,300,500,1.000,0.000,0.000,0.982,16.2,0.00,0.018,1.000,1.700
trio-core,35,7,boss,180,500,1.000,0.000,0.000,0.970,31.8,0.00,0.030,1.000,1.693
trio-core,35,7,boss,300,500,1.000,0.000,0.000,0.971,31.9,0.00,0.029,1.000,1.693
trio-core,35,8,solo,180,500,1.000,0.000,0.000,0.930,5.7,0.00,0.070,1.000,1.670
trio-core,35,8,solo,300,500,1.000,0.000,0.000,0.928,5.7,0.00,0.072,1.000,1.669
trio-core,35,8,pack,180,500,1.000,0.000,0.000,0.991,25.4,0.00,0.009,1.000,1.705
trio-core,35,8,pack,300,500,1.000,0.000,0.000,0.991,25.4,0.00,0.009,1.000,1.705
trio-core,35,8,boss,180,500,1.000,0.000,0.000,0.962,49.8,0.00,0.038,1.000,1.688
trio-core,35,8,boss,300,500,1.000,0.000,0.000,0.961,49.8,0.00,0.039,1.000,1.688
trio-core,50,1,solo,180,500,1.000,0.000,0.000,1.000,0.0,0.00,0.000,—,1.800
trio-core,50,1,solo,300,500,1.000,0.000,0.000,1.000,0.0,0.00,0.000,—,1.800
trio-core,50,1,pack,180,500,1.000,0.000,0.000,1.000,0.0,0.00,0.000,—,1.800
trio-core,50,1,pack,300,500,1.000,0.000,0.000,1.000,0.0,0.00,0.000,—,1.800
trio-core,50,1,boss,180,500,1.000,0.000,0.000,0.995,2.0,0.00,0.005,1.000,1.797
trio-core,50,1,boss,300,500,1.000,0.000,0.000,0.996,2.0,0.00,0.004,1.000,1.797
trio-core,50,2,solo,180,500,1.000,0.000,0.000,1.000,0.0,0.00,0.000,—,1.800
trio-core,50,2,solo,300,500,1.000,0.000,0.000,1.000,0.0,0.00,0.000,—,1.800
trio-core,50,2,pack,180,500,1.000,0.000,0.000,1.000,0.0,0.00,0.000,—,1.800
trio-core,50,2,pack,300,500,1.000,0.000,0.000,1.000,0.0,0.00,0.000,—,1.800
trio-core,50,2,boss,180,500,1.000,0.000,0.000,0.994,2.1,0.00,0.006,1.000,1.796
trio-core,50,2,boss,300,500,1.000,0.000,0.000,0.994,2.1,0.00,0.006,1.000,1.796
trio-core,50,3,solo,180,500,1.000,0.000,0.000,1.000,0.0,0.00,0.000,—,1.800
trio-core,50,3,solo,300,500,1.000,0.000,0.000,1.000,0.0,0.00,0.000,—,1.800
trio-core,50,3,pack,180,500,1.000,0.000,0.000,0.994,1.0,0.00,0.006,1.000,1.796
trio-core,50,3,pack,300,500,1.000,0.000,0.000,0.994,1.0,0.00,0.006,1.000,1.796
trio-core,50,3,boss,180,500,1.000,0.000,0.000,0.982,3.8,0.00,0.018,1.000,1.789
trio-core,50,3,boss,300,500,1.000,0.000,0.000,0.983,3.8,0.00,0.017,1.000,1.790
trio-core,50,4,solo,180,500,1.000,0.000,0.000,1.000,0.0,0.00,0.000,—,1.800
trio-core,50,4,solo,300,500,1.000,0.000,0.000,1.000,0.0,0.00,0.000,—,1.800
trio-core,50,4,pack,180,500,1.000,0.000,0.000,0.976,3.0,0.00,0.024,1.000,1.786
trio-core,50,4,pack,300,500,1.000,0.000,0.000,0.976,3.0,0.00,0.024,1.000,1.786
trio-core,50,4,boss,180,500,1.000,0.000,0.000,0.976,4.9,0.00,0.024,1.000,1.786
trio-core,50,4,boss,300,500,1.000,0.000,0.000,0.976,4.9,0.00,0.024,1.000,1.786
trio-core,50,5,solo,180,500,1.000,0.000,0.000,1.000,0.0,0.00,0.000,—,1.800
trio-core,50,5,solo,300,500,1.000,0.000,0.000,1.000,0.0,0.00,0.000,—,1.800
trio-core,50,5,pack,180,500,1.000,0.000,0.000,0.966,4.0,0.00,0.034,1.000,1.780
trio-core,50,5,pack,300,500,1.000,0.000,0.000,0.966,4.0,0.00,0.034,1.000,1.780
trio-core,50,5,boss,180,500,1.000,0.000,0.000,0.952,6.9,0.00,0.048,1.000,1.771
trio-core,50,5,boss,300,500,1.000,0.000,0.000,0.952,6.9,0.00,0.048,1.000,1.771
trio-core,50,6,solo,180,500,1.000,0.000,0.000,1.000,0.0,0.00,0.000,—,1.800
trio-core,50,6,solo,300,500,1.000,0.000,0.000,1.000,0.0,0.00,0.000,—,1.800
trio-core,50,6,pack,180,500,1.000,0.000,0.000,0.936,5.1,0.00,0.064,1.000,1.762
trio-core,50,6,pack,300,500,1.000,0.000,0.000,0.936,5.1,0.00,0.064,1.000,1.761
trio-core,50,6,boss,180,500,1.000,0.000,0.000,0.907,11.2,0.00,0.093,1.000,1.744
trio-core,50,6,boss,300,500,1.000,0.000,0.000,0.908,11.2,0.00,0.092,1.000,1.745
trio-core,50,7,solo,180,500,1.000,0.000,0.000,0.978,1.9,0.00,0.022,1.000,1.787
trio-core,50,7,solo,300,500,1.000,0.000,0.000,0.978,1.9,0.00,0.022,1.000,1.787
trio-core,50,7,pack,180,500,1.000,0.000,0.000,0.925,8.8,0.00,0.075,1.000,1.755
trio-core,50,7,pack,300,500,1.000,0.000,0.000,0.928,8.8,0.00,0.072,1.000,1.757
trio-core,50,7,boss,180,500,1.000,0.000,0.000,0.981,18.5,0.00,0.019,1.000,1.788
trio-core,50,7,boss,300,500,1.000,0.000,0.000,0.980,18.4,0.00,0.020,1.000,1.788
trio-core,50,8,solo,180,500,1.000,0.000,0.000,0.938,3.7,0.00,0.062,1.000,1.763
trio-core,50,8,solo,300,500,1.000,0.000,0.000,0.938,3.8,0.00,0.062,1.000,1.763
trio-core,50,8,pack,180,500,1.000,0.000,0.000,0.999,17.3,0.00,0.001,1.000,1.799
trio-core,50,8,pack,300,500,1.000,0.000,0.000,0.999,17.3,0.00,0.001,1.000,1.799
trio-core,50,8,boss,180,500,1.000,0.000,0.000,0.955,32.8,0.00,0.045,1.000,1.773
trio-core,50,8,boss,300,500,1.000,0.000,0.000,0.956,32.8,0.00,0.044,1.000,1.774
trio-double-dps,1,1,solo,180,500,1.000,0.000,0.000,0.961,2.5,0.00,0.039,1.000,1.486
trio-double-dps,1,1,solo,300,500,1.000,0.000,0.000,0.961,2.5,0.00,0.039,1.000,1.486
trio-double-dps,1,1,pack,180,500,1.000,0.000,0.000,0.756,12.0,0.00,0.244,1.000,1.384
trio-double-dps,1,1,pack,300,500,1.000,0.000,0.000,0.756,11.9,0.00,0.244,1.000,1.384
trio-double-dps,1,1,boss,180,500,1.000,0.000,0.000,0.570,23.7,0.35,0.430,1.000,1.290
trio-double-dps,1,1,boss,300,500,1.000,0.000,0.000,0.570,23.6,0.34,0.430,1.000,1.290
trio-double-dps,1,2,solo,180,500,1.000,0.000,0.000,0.901,4.6,0.00,0.099,1.000,1.456
trio-double-dps,1,2,solo,300,500,1.000,0.000,0.000,0.903,4.5,0.00,0.097,1.000,1.457
trio-double-dps,1,2,pack,180,500,1.000,0.000,0.000,0.332,19.8,1.34,0.668,0.713,1.171
trio-double-dps,1,2,pack,300,500,1.000,0.000,0.000,0.326,20.0,1.34,0.674,0.711,1.168
trio-double-dps,1,2,boss,180,500,0.016,0.000,0.984,0.181,39.0,2.98,0.997,0.538,0.018
trio-double-dps,1,2,boss,300,500,0.020,0.000,0.980,0.217,38.1,2.98,0.996,0.536,0.022
trio-double-dps,1,3,solo,180,500,1.000,0.000,0.000,0.857,6.0,0.00,0.143,1.000,1.434
trio-double-dps,1,3,solo,300,500,1.000,0.000,0.000,0.859,6.0,0.00,0.141,1.000,1.435
trio-double-dps,1,3,pack,180,500,0.000,0.000,1.000,—,—,3.00,1.000,0.454,0.000
trio-double-dps,1,3,pack,300,500,0.000,0.000,1.000,—,—,3.00,1.000,0.453,0.000
trio-double-dps,1,3,boss,180,500,0.000,0.000,1.000,—,—,3.00,1.000,0.531,0.000
trio-double-dps,1,3,boss,300,500,0.000,0.000,1.000,—,—,3.00,1.000,0.528,0.000
trio-double-dps,1,4,solo,180,500,1.000,0.000,0.000,0.593,11.0,0.00,0.407,1.000,1.302
trio-double-dps,1,4,solo,300,500,1.000,0.000,0.000,0.595,11.1,0.00,0.405,1.000,1.303
trio-double-dps,1,4,pack,180,500,0.000,0.000,1.000,—,—,3.00,1.000,0.406,0.000
trio-double-dps,1,4,pack,300,500,0.000,0.000,1.000,—,—,3.00,1.000,0.406,0.000
trio-double-dps,1,4,boss,180,500,0.000,0.000,1.000,—,—,3.00,1.000,0.453,0.000
trio-double-dps,1,4,boss,300,500,0.000,0.000,1.000,—,—,3.00,1.000,0.448,0.000
trio-double-dps,1,5,solo,180,500,0.304,0.000,0.696,0.209,19.6,2.59,0.936,0.472,0.337
trio-double-dps,1,5,solo,300,500,0.336,0.000,0.664,0.208,19.6,2.55,0.930,0.476,0.373
trio-double-dps,1,5,pack,180,500,0.000,0.000,1.000,—,—,3.00,1.000,0.431,0.000
trio-double-dps,1,5,pack,300,500,0.000,0.000,1.000,—,—,3.00,1.000,0.435,0.000
trio-double-dps,1,5,boss,180,500,0.000,0.000,1.000,—,—,3.00,1.000,0.419,0.000
trio-double-dps,1,5,boss,300,500,0.000,0.000,1.000,—,—,3.00,1.000,0.420,0.000
trio-double-dps,1,6,solo,180,500,0.002,0.000,0.998,0.032,33.0,3.00,1.000,0.348,0.002
trio-double-dps,1,6,solo,300,500,0.000,0.000,1.000,—,—,3.00,1.000,0.348,0.000
trio-double-dps,1,6,pack,180,500,0.000,0.000,1.000,—,—,3.00,1.000,0.342,0.000
trio-double-dps,1,6,pack,300,500,0.000,0.000,1.000,—,—,3.00,1.000,0.337,0.000
trio-double-dps,1,6,boss,180,500,0.000,0.000,1.000,—,—,3.00,1.000,0.355,0.000
trio-double-dps,1,6,boss,300,500,0.000,0.000,1.000,—,—,3.00,1.000,0.359,0.000
trio-double-dps,1,7,solo,180,500,0.000,0.000,1.000,—,—,3.00,1.000,0.488,0.000
trio-double-dps,1,7,solo,300,500,0.000,0.000,1.000,—,—,3.00,1.000,0.485,0.000
trio-double-dps,1,7,pack,180,500,0.000,0.000,1.000,—,—,3.00,1.000,0.484,0.000
trio-double-dps,1,7,pack,300,500,0.000,0.000,1.000,—,—,3.00,1.000,0.486,0.000
trio-double-dps,1,7,boss,180,500,0.000,0.000,1.000,—,—,3.00,1.000,0.249,0.000
trio-double-dps,1,7,boss,300,500,0.000,0.000,1.000,—,—,3.00,1.000,0.250,0.000
trio-double-dps,1,8,solo,180,500,0.000,0.000,1.000,—,—,3.00,1.000,0.486,0.000
trio-double-dps,1,8,solo,300,500,0.000,0.000,1.000,—,—,3.00,1.000,0.488,0.000
trio-double-dps,1,8,pack,180,500,0.000,0.000,1.000,—,—,3.00,1.000,0.487,0.000
trio-double-dps,1,8,pack,300,500,0.000,0.000,1.000,—,—,3.00,1.000,0.485,0.000
trio-double-dps,1,8,boss,180,500,0.000,0.000,1.000,—,—,3.00,1.000,0.354,0.000
trio-double-dps,1,8,boss,300,500,0.000,0.000,1.000,—,—,3.00,1.000,0.347,0.000
trio-double-dps,5,1,solo,180,500,1.000,0.000,0.000,1.000,0.0,0.00,0.000,—,1.530
trio-double-dps,5,1,solo,300,500,1.000,0.000,0.000,1.000,0.0,0.00,0.000,—,1.530
trio-double-dps,5,1,pack,180,500,1.000,0.000,0.000,0.907,5.9,0.00,0.093,1.000,1.483
trio-double-dps,5,1,pack,300,500,1.000,0.000,0.000,0.905,5.9,0.00,0.095,1.000,1.482
trio-double-dps,5,1,boss,180,500,1.000,0.000,0.000,0.857,11.8,0.00,0.143,1.000,1.457
trio-double-dps,5,1,boss,300,500,1.000,0.000,0.000,0.856,11.9,0.00,0.144,1.000,1.457
trio-double-dps,5,2,solo,180,500,1.000,0.000,0.000,0.964,1.8,0.00,0.036,1.000,1.512
trio-double-dps,5,2,solo,300,500,1.000,0.000,0.000,0.963,1.9,0.00,0.037,1.000,1.511
trio-double-dps,5,2,pack,180,500,1.000,0.000,0.000,0.780,8.5,0.00,0.220,1.000,1.418
trio-double-dps,5,2,pack,300,500,1.000,0.000,0.000,0.777,8.5,0.00,0.223,1.000,1.416
trio-double-dps,5,2,boss,180,500,1.000,0.000,0.000,0.648,17.3,0.00,0.352,1.000,1.351
trio-double-dps,5,2,boss,300,500,1.000,0.000,0.000,0.651,17.2,0.00,0.349,1.000,1.352
trio-double-dps,5,3,solo,180,500,1.000,0.000,0.000,0.944,2.2,0.00,0.056,1.000,1.501
trio-double-dps,5,3,solo,300,500,1.000,0.000,0.000,0.945,2.2,0.00,0.055,1.000,1.502
trio-double-dps,5,3,pack,180,500,1.000,0.000,0.000,0.577,11.9,0.24,0.423,1.000,1.314
trio-double-dps,5,3,pack,300,500,1.000,0.000,0.000,0.580,11.9,0.23,0.420,1.000,1.316
trio-double-dps,5,3,boss,180,500,1.000,0.000,0.000,0.322,25.7,1.40,0.678,0.741,1.184
trio-double-dps,5,3,boss,300,500,1.000,0.000,0.000,0.320,25.7,1.41,0.680,0.736,1.183
trio-double-dps,5,4,solo,180,500,1.000,0.000,0.000,0.855,5.5,0.00,0.145,1.000,1.456
trio-double-dps,5,4,solo,300,500,1.000,0.000,0.000,0.855,5.5,0.00,0.145,1.000,1.456
trio-double-dps,5,4,pack,180,500,0.108,0.000,0.892,0.175,20.3,2.84,0.981,0.513,0.120
trio-double-dps,5,4,pack,300,500,0.110,0.000,0.890,0.175,20.9,2.85,0.981,0.512,0.122
trio-double-dps,5,4,boss,180,500,0.000,0.000,1.000,—,—,3.00,1.000,0.559,0.000
trio-double-dps,5,4,boss,300,500,0.000,0.000,1.000,—,—,3.00,1.000,0.558,0.000
trio-double-dps,5,5,solo,180,500,1.000,0.000,0.000,0.691,7.4,0.00,0.309,1.000,1.372
trio-double-dps,5,5,solo,300,500,1.000,0.000,0.000,0.695,7.4,0.00,0.305,1.000,1.375
trio-double-dps,5,5,pack,180,500,0.000,0.000,1.000,—,—,3.00,1.000,0.452,0.000
trio-double-dps,5,5,pack,300,500,0.000,0.000,1.000,—,—,3.00,1.000,0.449,0.000
trio-double-dps,5,5,boss,180,500,0.000,0.000,1.000,—,—,3.00,1.000,0.500,0.000
trio-double-dps,5,5,boss,300,500,0.000,0.000,1.000,—,—,3.00,1.000,0.492,0.000
trio-double-dps,5,6,solo,180,500,1.000,0.000,0.000,0.397,12.5,1.12,0.603,0.783,1.223
trio-double-dps,5,6,solo,300,500,1.000,0.000,0.000,0.396,12.4,1.16,0.604,0.776,1.222
trio-double-dps,5,6,pack,180,500,0.000,0.000,1.000,—,—,3.00,1.000,0.434,0.000
trio-double-dps,5,6,pack,300,500,0.000,0.000,1.000,—,—,3.00,1.000,0.430,0.000
trio-double-dps,5,6,boss,180,500,0.000,0.000,1.000,—,—,3.00,1.000,0.462,0.000
trio-double-dps,5,6,boss,300,500,0.000,0.000,1.000,—,—,3.00,1.000,0.455,0.000
trio-double-dps,5,7,solo,180,500,0.006,0.000,0.994,0.013,21.4,2.99,1.000,0.483,0.006
trio-double-dps,5,7,solo,300,500,0.010,0.000,0.990,0.277,20.4,2.99,0.997,0.491,0.012
trio-double-dps,5,7,pack,180,500,0.000,0.000,1.000,—,—,3.00,1.000,0.490,0.000
trio-double-dps,5,7,pack,300,500,0.000,0.000,1.000,—,—,3.00,1.000,0.488,0.000
trio-double-dps,5,7,boss,180,500,0.000,0.000,1.000,—,—,3.00,1.000,0.370,0.000
trio-double-dps,5,7,boss,300,500,0.000,0.000,1.000,—,—,3.00,1.000,0.369,0.000
trio-double-dps,5,8,solo,180,500,0.000,0.000,1.000,—,—,3.00,1.000,0.487,0.000
trio-double-dps,5,8,solo,300,500,0.000,0.000,1.000,—,—,3.00,1.000,0.486,0.000
trio-double-dps,5,8,pack,180,500,0.000,0.000,1.000,—,—,3.00,1.000,0.484,0.000
trio-double-dps,5,8,pack,300,500,0.000,0.000,1.000,—,—,3.00,1.000,0.485,0.000
trio-double-dps,5,8,boss,180,500,0.000,0.000,1.000,—,—,3.00,1.000,0.278,0.000
trio-double-dps,5,8,boss,300,500,0.000,0.000,1.000,—,—,3.00,1.000,0.293,0.000
trio-double-dps,10,1,solo,180,500,1.000,0.000,0.000,1.000,0.0,0.00,0.000,—,1.560
trio-double-dps,10,1,solo,300,500,1.000,0.000,0.000,1.000,0.0,0.00,0.000,—,1.560
trio-double-dps,10,1,pack,180,500,1.000,0.000,0.000,0.941,3.3,0.00,0.059,1.000,1.529
trio-double-dps,10,1,pack,300,500,1.000,0.000,0.000,0.940,3.3,0.00,0.060,1.000,1.529
trio-double-dps,10,1,boss,180,500,1.000,0.000,0.000,0.932,6.3,0.00,0.068,1.000,1.524
trio-double-dps,10,1,boss,300,500,1.000,0.000,0.000,0.932,6.3,0.00,0.068,1.000,1.525
trio-double-dps,10,2,solo,180,500,1.000,0.000,0.000,1.000,0.0,0.00,0.000,—,1.560
trio-double-dps,10,2,solo,300,500,1.000,0.000,0.000,1.000,0.0,0.00,0.000,—,1.560
trio-double-dps,10,2,pack,180,500,1.000,0.000,0.000,0.895,5.2,0.00,0.105,1.000,1.505
trio-double-dps,10,2,pack,300,500,1.000,0.000,0.000,0.894,5.2,0.00,0.106,1.000,1.505
trio-double-dps,10,2,boss,180,500,1.000,0.000,0.000,0.860,9.6,0.00,0.140,1.000,1.487
trio-double-dps,10,2,boss,300,500,1.000,0.000,0.000,0.861,9.5,0.00,0.139,1.000,1.488
trio-double-dps,10,3,solo,180,500,1.000,0.000,0.000,0.965,1.5,0.00,0.035,1.000,1.542
trio-double-dps,10,3,solo,300,500,1.000,0.000,0.000,0.967,1.4,0.00,0.033,1.000,1.543
trio-double-dps,10,3,pack,180,500,1.000,0.000,0.000,0.786,6.9,0.00,0.214,1.000,1.449
trio-double-dps,10,3,pack,300,500,1.000,0.000,0.000,0.780,6.9,0.00,0.220,1.000,1.445
trio-double-dps,10,3,boss,180,500,1.000,0.000,0.000,0.708,13.9,0.00,0.292,1.000,1.408
trio-double-dps,10,3,boss,300,500,1.000,0.000,0.000,0.707,13.9,0.00,0.293,1.000,1.408
trio-double-dps,10,4,solo,180,500,1.000,0.000,0.000,0.947,1.8,0.00,0.053,1.000,1.532
trio-double-dps,10,4,solo,300,500,1.000,0.000,0.000,0.945,1.8,0.00,0.055,1.000,1.531
trio-double-dps,10,4,pack,180,500,1.000,0.000,0.000,0.636,9.9,0.00,0.364,1.000,1.371
trio-double-dps,10,4,pack,300,500,1.000,0.000,0.000,0.636,9.9,0.00,0.364,1.000,1.371
trio-double-dps,10,4,boss,180,500,1.000,0.000,0.000,0.393,20.4,0.99,0.607,0.824,1.245
trio-double-dps,10,4,boss,300,500,1.000,0.000,0.000,0.398,20.5,0.99,0.602,0.830,1.247
trio-double-dps,10,5,solo,180,500,1.000,0.000,0.000,0.850,4.5,0.00,0.150,1.000,1.482
trio-double-dps,10,5,solo,300,500,1.000,0.000,0.000,0.849,4.5,0.00,0.151,1.000,1.482
trio-double-dps,10,5,pack,180,500,0.436,0.000,0.564,0.218,17.0,2.36,0.905,0.561,0.503
trio-double-dps,10,5,pack,300,500,0.388,0.000,0.612,0.224,16.9,2.43,0.913,0.553,0.449
trio-double-dps,10,5,boss,180,500,0.004,0.000,0.996,0.279,30.1,3.00,0.999,0.558,0.005
trio-double-dps,10,5,boss,300,500,0.004,0.000,0.996,0.279,31.9,3.00,0.999,0.563,0.005
trio-double-dps,10,6,solo,180,500,1.000,0.000,0.000,0.698,6.6,0.00,0.302,1.000,1.403
trio-double-dps,10,6,solo,300,500,1.000,0.000,0.000,0.700,6.6,0.00,0.300,1.000,1.404
trio-double-dps,10,6,pack,180,500,0.000,0.000,1.000,—,—,3.00,1.000,0.505,0.000
trio-double-dps,10,6,pack,300,500,0.000,0.000,1.000,—,—,3.00,1.000,0.509,0.000
trio-double-dps,10,6,boss,180,500,0.000,0.000,1.000,—,—,3.00,1.000,0.488,0.000
trio-double-dps,10,6,boss,300,500,0.000,0.000,1.000,—,—,3.00,1.000,0.498,0.000
trio-double-dps,10,7,solo,180,500,1.000,0.000,0.000,0.436,11.0,0.94,0.564,0.871,1.267
trio-double-dps,10,7,solo,300,500,1.000,0.000,0.000,0.439,11.0,0.92,0.561,0.870,1.268
trio-double-dps,10,7,pack,180,500,0.000,0.000,1.000,—,—,3.00,1.000,0.435,0.000
trio-double-dps,10,7,pack,300,500,0.000,0.000,1.000,—,—,3.00,1.000,0.438,0.000
trio-double-dps,10,7,boss,180,500,0.000,0.000,1.000,—,—,3.00,1.000,0.491,0.000
trio-double-dps,10,7,boss,300,500,0.000,0.000,1.000,—,—,3.00,1.000,0.496,0.000
trio-double-dps,10,8,solo,180,500,0.040,0.000,0.960,0.389,18.2,2.94,0.984,0.583,0.050
trio-double-dps,10,8,solo,300,500,0.026,0.000,0.974,0.392,17.8,2.96,0.990,0.589,0.032
trio-double-dps,10,8,pack,180,500,0.000,0.000,1.000,—,—,3.00,1.000,0.572,0.000
trio-double-dps,10,8,pack,300,500,0.000,0.000,1.000,—,—,3.00,1.000,0.581,0.000
trio-double-dps,10,8,boss,180,500,0.000,0.000,1.000,—,—,3.00,1.000,0.382,0.000
trio-double-dps,10,8,boss,300,500,0.000,0.000,1.000,—,—,3.00,1.000,0.383,0.000
trio-double-dps,20,1,solo,180,500,1.000,0.000,0.000,1.000,0.0,0.00,0.000,—,1.620
trio-double-dps,20,1,solo,300,500,1.000,0.000,0.000,1.000,0.0,0.00,0.000,—,1.620
trio-double-dps,20,1,pack,180,500,1.000,0.000,0.000,0.989,1.3,0.00,0.011,1.000,1.614
trio-double-dps,20,1,pack,300,500,1.000,0.000,0.000,0.990,1.3,0.00,0.010,1.000,1.614
trio-double-dps,20,1,boss,180,500,1.000,0.000,0.000,0.984,2.8,0.00,0.016,1.000,1.611
trio-double-dps,20,1,boss,300,500,1.000,0.000,0.000,0.984,2.8,0.00,0.016,1.000,1.611
trio-double-dps,20,2,solo,180,500,1.000,0.000,0.000,1.000,0.0,0.00,0.000,—,1.620
trio-double-dps,20,2,solo,300,500,1.000,0.000,0.000,1.000,0.0,0.00,0.000,—,1.620
trio-double-dps,20,2,pack,180,500,1.000,0.000,0.000,0.971,2.5,0.00,0.029,1.000,1.604
trio-double-dps,20,2,pack,300,500,1.000,0.000,0.000,0.970,2.6,0.00,0.030,1.000,1.604
trio-double-dps,20,2,boss,180,500,1.000,0.000,0.000,0.955,4.2,0.00,0.045,1.000,1.596
trio-double-dps,20,2,boss,300,500,1.000,0.000,0.000,0.956,4.2,0.00,0.044,1.000,1.596
trio-double-dps,20,3,solo,180,500,1.000,0.000,0.000,1.000,0.0,0.00,0.000,—,1.620
trio-double-dps,20,3,solo,300,500,1.000,0.000,0.000,1.000,0.0,0.00,0.000,—,1.620
trio-double-dps,20,3,pack,180,500,1.000,0.000,0.000,0.957,2.8,0.00,0.043,1.000,1.597
trio-double-dps,20,3,pack,300,500,1.000,0.000,0.000,0.958,2.8,0.00,0.042,1.000,1.597
trio-double-dps,20,3,boss,180,500,1.000,0.000,0.000,0.926,6.4,0.00,0.074,1.000,1.580
trio-double-dps,20,3,boss,300,500,1.000,0.000,0.000,0.926,6.4,0.00,0.074,1.000,1.580
trio-double-dps,20,4,solo,180,500,1.000,0.000,0.000,0.975,1.1,0.00,0.025,1.000,1.606
trio-double-dps,20,4,solo,300,500,1.000,0.000,0.000,0.974,1.2,0.00,0.026,1.000,1.606
trio-double-dps,20,4,pack,180,500,1.000,0.000,0.000,0.886,5.2,0.00,0.114,1.000,1.559
trio-double-dps,20,4,pack,300,500,1.000,0.000,0.000,0.887,5.2,0.00,0.113,1.000,1.559
trio-double-dps,20,4,boss,180,500,1.000,0.000,0.000,0.813,10.5,0.00,0.187,1.000,1.519
trio-double-dps,20,4,boss,300,500,1.000,0.000,0.000,0.810,10.4,0.00,0.190,1.000,1.518
trio-double-dps,20,5,solo,180,500,1.000,0.000,0.000,0.959,1.4,0.00,0.041,1.000,1.598
trio-double-dps,20,5,solo,300,500,1.000,0.000,0.000,0.960,1.4,0.00,0.040,1.000,1.598
trio-double-dps,20,5,pack,180,500,1.000,0.000,0.000,0.757,7.5,0.00,0.243,1.000,1.489
trio-double-dps,20,5,pack,300,500,1.000,0.000,0.000,0.759,7.5,0.00,0.241,1.000,1.490
trio-double-dps,20,5,boss,180,500,1.000,0.000,0.000,0.677,14.4,0.00,0.323,1.000,1.445
trio-double-dps,20,5,boss,300,500,1.000,0.000,0.000,0.676,14.4,0.00,0.324,1.000,1.445
trio-double-dps,20,6,solo,180,500,1.000,0.000,0.000,0.941,2.8,0.00,0.059,1.000,1.588
trio-double-dps,20,6,solo,300,500,1.000,0.000,0.000,0.942,2.8,0.00,0.058,1.000,1.589
trio-double-dps,20,6,pack,180,500,1.000,0.000,0.000,0.540,11.4,0.23,0.460,0.989,1.372
trio-double-dps,20,6,pack,300,500,1.000,0.000,0.000,0.542,11.4,0.24,0.458,0.989,1.373
trio-double-dps,20,6,boss,180,500,0.896,0.000,0.104,0.306,23.1,1.49,0.725,0.771,1.116
trio-double-dps,20,6,boss,300,500,0.912,0.000,0.088,0.310,23.2,1.49,0.717,0.777,1.138
trio-double-dps,20,7,solo,180,500,1.000,0.000,0.000,0.842,5.3,0.00,0.158,1.000,1.535
trio-double-dps,20,7,solo,300,500,1.000,0.000,0.000,0.839,5.2,0.00,0.161,1.000,1.533
trio-double-dps,20,7,pack,180,500,0.068,0.000,0.932,0.178,19.7,2.92,0.988,0.592,0.080
trio-double-dps,20,7,pack,300,500,0.068,0.000,0.932,0.177,19.6,2.92,0.988,0.596,0.080
trio-double-dps,20,7,boss,180,500,0.002,0.000,0.998,0.057,38.8,3.00,1.000,0.578,0.002
trio-double-dps,20,7,boss,300,500,0.002,0.000,0.998,0.057,36.1,3.00,1.000,0.574,0.002
trio-double-dps,20,8,solo,180,500,1.000,0.000,0.000,0.667,8.1,0.00,0.333,1.000,1.440
trio-double-dps,20,8,solo,300,500,1.000,0.000,0.000,0.665,8.1,0.00,0.335,1.000,1.439
trio-double-dps,20,8,pack,180,500,0.000,0.000,1.000,—,—,3.00,1.000,0.515,0.000
trio-double-dps,20,8,pack,300,500,0.000,0.000,1.000,—,—,3.00,1.000,0.508,0.000
trio-double-dps,20,8,boss,180,500,0.000,0.000,1.000,—,—,3.00,1.000,0.564,0.000
trio-double-dps,20,8,boss,300,500,0.000,0.000,1.000,—,—,3.00,1.000,0.572,0.000
trio-double-dps,35,1,solo,180,500,1.000,0.000,0.000,1.000,0.0,0.00,0.000,—,1.710
trio-double-dps,35,1,solo,300,500,1.000,0.000,0.000,1.000,0.0,0.00,0.000,—,1.710
trio-double-dps,35,1,pack,180,500,1.000,0.000,0.000,1.000,0.0,0.00,0.000,—,1.710
trio-double-dps,35,1,pack,300,500,1.000,0.000,0.000,1.000,0.0,0.00,0.000,—,1.710
trio-double-dps,35,1,boss,180,500,1.000,0.000,0.000,0.992,2.1,0.00,0.008,1.000,1.705
trio-double-dps,35,1,boss,300,500,1.000,0.000,0.000,0.992,2.1,0.00,0.008,1.000,1.705
trio-double-dps,35,2,solo,180,500,1.000,0.000,0.000,1.000,0.0,0.00,0.000,—,1.710
trio-double-dps,35,2,solo,300,500,1.000,0.000,0.000,1.000,0.0,0.00,0.000,—,1.710
trio-double-dps,35,2,pack,180,500,1.000,0.000,0.000,0.992,1.1,0.00,0.008,1.000,1.705
trio-double-dps,35,2,pack,300,500,1.000,0.000,0.000,0.992,1.1,0.00,0.008,1.000,1.705
trio-double-dps,35,2,boss,180,500,1.000,0.000,0.000,0.988,2.3,0.00,0.012,1.000,1.703
trio-double-dps,35,2,boss,300,500,1.000,0.000,0.000,0.988,2.3,0.00,0.012,1.000,1.703
trio-double-dps,35,3,solo,180,500,1.000,0.000,0.000,1.000,0.0,0.00,0.000,—,1.710
trio-double-dps,35,3,solo,300,500,1.000,0.000,0.000,1.000,0.0,0.00,0.000,—,1.710
trio-double-dps,35,3,pack,180,500,1.000,0.000,0.000,0.978,2.1,0.00,0.022,1.000,1.697
trio-double-dps,35,3,pack,300,500,1.000,0.000,0.000,0.978,2.1,0.00,0.022,1.000,1.697
trio-double-dps,35,3,boss,180,500,1.000,0.000,0.000,0.966,3.4,0.00,0.034,1.000,1.691
trio-double-dps,35,3,boss,300,500,1.000,0.000,0.000,0.967,3.4,0.00,0.033,1.000,1.691
trio-double-dps,35,4,solo,180,500,1.000,0.000,0.000,1.000,0.0,0.00,0.000,—,1.710
trio-double-dps,35,4,solo,300,500,1.000,0.000,0.000,1.000,0.0,0.00,0.000,—,1.710
trio-double-dps,35,4,pack,180,500,1.000,0.000,0.000,0.969,2.3,0.00,0.031,1.000,1.692
trio-double-dps,35,4,pack,300,500,1.000,0.000,0.000,0.969,2.3,0.00,0.031,1.000,1.692
trio-double-dps,35,4,boss,180,500,1.000,0.000,0.000,0.953,5.2,0.00,0.047,1.000,1.683
trio-double-dps,35,4,boss,300,500,1.000,0.000,0.000,0.953,5.2,0.00,0.047,1.000,1.683
trio-double-dps,35,5,solo,180,500,1.000,0.000,0.000,1.000,0.0,0.00,0.000,—,1.710
trio-double-dps,35,5,solo,300,500,1.000,0.000,0.000,1.000,0.0,0.00,0.000,—,1.710
trio-double-dps,35,5,pack,180,500,1.000,0.000,0.000,0.935,3.5,0.00,0.065,1.000,1.673
trio-double-dps,35,5,pack,300,500,1.000,0.000,0.000,0.934,3.5,0.00,0.066,1.000,1.672
trio-double-dps,35,5,boss,180,500,1.000,0.000,0.000,0.892,8.0,0.00,0.108,1.000,1.648
trio-double-dps,35,5,boss,300,500,1.000,0.000,0.000,0.891,8.1,0.00,0.109,1.000,1.648
trio-double-dps,35,6,solo,180,500,1.000,0.000,0.000,0.970,1.2,0.00,0.030,1.000,1.693
trio-double-dps,35,6,solo,300,500,1.000,0.000,0.000,0.969,1.2,0.00,0.031,1.000,1.692
trio-double-dps,35,6,pack,180,500,1.000,0.000,0.000,0.835,6.4,0.00,0.165,1.000,1.616
trio-double-dps,35,6,pack,300,500,1.000,0.000,0.000,0.835,6.3,0.00,0.165,1.000,1.616
trio-double-dps,35,6,boss,180,500,1.000,0.000,0.000,0.801,11.7,0.00,0.199,1.000,1.597
trio-double-dps,35,6,boss,300,500,1.000,0.000,0.000,0.799,11.6,0.00,0.201,1.000,1.595
trio-double-dps,35,7,solo,180,500,1.000,0.000,0.000,0.957,2.3,0.00,0.043,1.000,1.685
trio-double-dps,35,7,solo,300,500,1.000,0.000,0.000,0.958,2.3,0.00,0.042,1.000,1.686
trio-double-dps,35,7,pack,180,500,1.000,0.000,0.000,0.708,9.4,0.00,0.292,1.000,1.543
trio-double-dps,35,7,pack,300,500,1.000,0.000,0.000,0.705,9.5,0.00,0.295,1.000,1.542
trio-double-dps,35,7,boss,180,500,1.000,0.000,0.000,0.561,18.0,0.19,0.439,0.997,1.460
trio-double-dps,35,7,boss,300,500,1.000,0.000,0.000,0.561,18.0,0.18,0.439,0.997,1.460
trio-double-dps,35,8,solo,180,500,1.000,0.000,0.000,0.881,4.5,0.00,0.119,1.000,1.642
trio-double-dps,35,8,solo,300,500,1.000,0.000,0.000,0.880,4.5,0.00,0.120,1.000,1.641
trio-double-dps,35,8,pack,180,500,0.590,0.000,0.410,0.307,15.4,2.01,0.819,0.738,0.776
trio-double-dps,35,8,pack,300,500,0.542,0.000,0.458,0.306,15.4,2.08,0.834,0.734,0.712
trio-double-dps,35,8,boss,180,500,0.058,0.000,0.942,0.168,29.6,2.92,0.990,0.627,0.072
trio-double-dps,35,8,boss,300,500,0.104,0.000,0.896,0.144,30.1,2.87,0.985,0.624,0.127
trio-double-dps,50,1,solo,180,500,1.000,0.000,0.000,1.000,0.0,0.00,0.000,—,1.800
trio-double-dps,50,1,solo,300,500,1.000,0.000,0.000,1.000,0.0,0.00,0.000,—,1.800
trio-double-dps,50,1,pack,180,500,1.000,0.000,0.000,1.000,0.0,0.00,0.000,—,1.800
trio-double-dps,50,1,pack,300,500,1.000,0.000,0.000,1.000,0.0,0.00,0.000,—,1.800
trio-double-dps,50,1,boss,180,500,1.000,0.000,0.000,0.995,1.0,0.00,0.005,1.000,1.797
trio-double-dps,50,1,boss,300,500,1.000,0.000,0.000,0.995,1.0,0.00,0.005,1.000,1.797
trio-double-dps,50,2,solo,180,500,1.000,0.000,0.000,1.000,0.0,0.00,0.000,—,1.800
trio-double-dps,50,2,solo,300,500,1.000,0.000,0.000,1.000,0.0,0.00,0.000,—,1.800
trio-double-dps,50,2,pack,180,500,1.000,0.000,0.000,1.000,0.0,0.00,0.000,—,1.800
trio-double-dps,50,2,pack,300,500,1.000,0.000,0.000,1.000,0.0,0.00,0.000,—,1.800
trio-double-dps,50,2,boss,180,500,1.000,0.000,0.000,0.993,1.9,0.00,0.007,1.000,1.796
trio-double-dps,50,2,boss,300,500,1.000,0.000,0.000,0.993,1.9,0.00,0.007,1.000,1.796
trio-double-dps,50,3,solo,180,500,1.000,0.000,0.000,1.000,0.0,0.00,0.000,—,1.800
trio-double-dps,50,3,solo,300,500,1.000,0.000,0.000,1.000,0.0,0.00,0.000,—,1.800
trio-double-dps,50,3,pack,180,500,1.000,0.000,0.000,0.993,1.0,0.00,0.007,1.000,1.796
trio-double-dps,50,3,pack,300,500,1.000,0.000,0.000,0.993,1.0,0.00,0.007,1.000,1.796
trio-double-dps,50,3,boss,180,500,1.000,0.000,0.000,0.990,2.1,0.00,0.010,1.000,1.794
trio-double-dps,50,3,boss,300,500,1.000,0.000,0.000,0.990,2.1,0.00,0.010,1.000,1.794
trio-double-dps,50,4,solo,180,500,1.000,0.000,0.000,1.000,0.0,0.00,0.000,—,1.800
trio-double-dps,50,4,solo,300,500,1.000,0.000,0.000,1.000,0.0,0.00,0.000,—,1.800
trio-double-dps,50,4,pack,180,500,1.000,0.000,0.000,0.982,2.0,0.00,0.018,1.000,1.789
trio-double-dps,50,4,pack,300,500,1.000,0.000,0.000,0.982,2.0,0.00,0.018,1.000,1.789
trio-double-dps,50,4,boss,180,500,1.000,0.000,0.000,0.972,3.1,0.00,0.028,1.000,1.783
trio-double-dps,50,4,boss,300,500,1.000,0.000,0.000,0.973,3.1,0.00,0.027,1.000,1.784
trio-double-dps,50,5,solo,180,500,1.000,0.000,0.000,1.000,0.0,0.00,0.000,—,1.800
trio-double-dps,50,5,solo,300,500,1.000,0.000,0.000,1.000,0.0,0.00,0.000,—,1.800
trio-double-dps,50,5,pack,180,500,1.000,0.000,0.000,0.974,2.1,0.00,0.026,1.000,1.784
trio-double-dps,50,5,pack,300,500,1.000,0.000,0.000,0.974,2.1,0.00,0.026,1.000,1.784
trio-double-dps,50,5,boss,180,500,1.000,0.000,0.000,0.962,5.1,0.00,0.038,1.000,1.777
trio-double-dps,50,5,boss,300,500,1.000,0.000,0.000,0.961,5.1,0.00,0.039,1.000,1.777
trio-double-dps,50,6,solo,180,500,1.000,0.000,0.000,0.984,0.9,0.00,0.016,1.000,1.790
trio-double-dps,50,6,solo,300,500,1.000,0.000,0.000,0.985,0.9,0.00,0.015,1.000,1.791
trio-double-dps,50,6,pack,180,500,1.000,0.000,0.000,0.929,4.0,0.00,0.071,1.000,1.757
trio-double-dps,50,6,pack,300,500,1.000,0.000,0.000,0.928,4.0,0.00,0.072,1.000,1.757
trio-double-dps,50,6,boss,180,500,1.000,0.000,0.000,0.909,8.1,0.00,0.091,1.000,1.746
trio-double-dps,50,6,boss,300,500,1.000,0.000,0.000,0.910,8.0,0.00,0.090,1.000,1.746
trio-double-dps,50,7,solo,180,500,1.000,0.000,0.000,0.975,1.0,0.00,0.025,1.000,1.785
trio-double-dps,50,7,solo,300,500,1.000,0.000,0.000,0.974,1.0,0.00,0.026,1.000,1.785
trio-double-dps,50,7,pack,180,500,1.000,0.000,0.000,0.858,6.1,0.00,0.142,1.000,1.715
trio-double-dps,50,7,pack,300,500,1.000,0.000,0.000,0.857,6.1,0.00,0.143,1.000,1.714
trio-double-dps,50,7,boss,180,500,1.000,0.000,0.000,0.834,11.8,0.00,0.166,1.000,1.701
trio-double-dps,50,7,boss,300,500,1.000,0.000,0.000,0.833,11.8,0.00,0.167,1.000,1.700
trio-double-dps,50,8,solo,180,500,1.000,0.000,0.000,0.941,2.8,0.00,0.059,1.000,1.765
trio-double-dps,50,8,solo,300,500,1.000,0.000,0.000,0.940,2.8,0.00,0.060,1.000,1.764
trio-double-dps,50,8,pack,180,500,1.000,0.000,0.000,0.699,9.8,0.00,0.301,1.000,1.619
trio-double-dps,50,8,pack,300,500,1.000,0.000,0.000,0.700,9.8,0.00,0.300,1.000,1.620
trio-double-dps,50,8,boss,180,500,1.000,0.000,0.000,0.629,18.5,0.01,0.371,1.000,1.577
trio-double-dps,50,8,boss,300,500,1.000,0.000,0.000,0.626,18.4,0.02,0.374,1.000,1.575
trio-no-tank,1,1,solo,180,500,1.000,0.000,0.000,0.953,2.5,0.00,0.047,—,1.483
trio-no-tank,1,1,solo,300,500,1.000,0.000,0.000,0.953,2.5,0.00,0.047,—,1.482
trio-no-tank,1,1,pack,180,500,1.000,0.000,0.000,0.980,12.6,0.00,0.020,—,1.496
trio-no-tank,1,1,pack,300,500,1.000,0.000,0.000,0.979,12.6,0.00,0.021,—,1.495
trio-no-tank,1,1,boss,180,500,1.000,0.000,0.000,0.969,26.6,0.00,0.031,—,1.491
trio-no-tank,1,1,boss,300,500,1.000,0.000,0.000,0.968,26.7,0.00,0.032,—,1.490
trio-no-tank,1,2,solo,180,500,1.000,0.000,0.000,0.971,4.4,0.00,0.029,—,1.491
trio-no-tank,1,2,solo,300,500,1.000,0.000,0.000,0.974,4.5,0.00,0.026,—,1.493
trio-no-tank,1,2,pack,180,500,0.592,0.230,0.178,0.707,36.7,1.53,0.510,—,0.804
trio-no-tank,1,2,pack,300,500,0.568,0.242,0.190,0.699,37.1,1.58,0.528,—,0.770
trio-no-tank,1,2,boss,180,500,1.000,0.000,0.000,0.736,67.1,0.64,0.264,—,1.373
trio-no-tank,1,2,boss,300,500,1.000,0.000,0.000,0.729,68.3,0.66,0.271,—,1.370
trio-no-tank,1,3,solo,180,500,1.000,0.000,0.000,0.857,7.5,0.00,0.143,—,1.434
trio-no-tank,1,3,solo,300,500,1.000,0.000,0.000,0.857,7.5,0.00,0.143,—,1.434
trio-no-tank,1,3,pack,180,500,0.000,0.000,1.000,—,—,3.00,1.000,—,0.000
trio-no-tank,1,3,pack,300,500,0.000,0.000,1.000,—,—,3.00,1.000,—,0.000
trio-no-tank,1,3,boss,180,500,0.000,0.000,1.000,—,—,3.00,1.000,—,0.000
trio-no-tank,1,3,boss,300,500,0.000,0.000,1.000,—,—,3.00,1.000,—,0.000
trio-no-tank,1,4,solo,180,500,1.000,0.000,0.000,0.772,11.9,0.27,0.228,—,1.392
trio-no-tank,1,4,solo,300,500,1.000,0.000,0.000,0.761,11.9,0.29,0.239,—,1.386
trio-no-tank,1,4,pack,180,500,0.000,0.000,1.000,—,—,3.00,1.000,—,0.000
trio-no-tank,1,4,pack,300,500,0.000,0.000,1.000,—,—,3.00,1.000,—,0.000
trio-no-tank,1,4,boss,180,500,0.000,0.000,1.000,—,—,3.00,1.000,—,0.000
trio-no-tank,1,4,boss,300,500,0.000,0.000,1.000,—,—,3.00,1.000,—,0.000
trio-no-tank,1,5,solo,180,500,0.078,0.000,0.922,0.484,23.3,2.87,0.962,—,0.097
trio-no-tank,1,5,solo,300,500,0.062,0.000,0.938,0.477,24.9,2.90,0.970,—,0.077
trio-no-tank,1,5,pack,180,500,0.000,0.000,1.000,—,—,3.00,1.000,—,0.000
trio-no-tank,1,5,pack,300,500,0.000,0.000,1.000,—,—,3.00,1.000,—,0.000
trio-no-tank,1,5,boss,180,500,0.000,0.000,1.000,—,—,3.00,1.000,—,0.000
trio-no-tank,1,5,boss,300,500,0.000,0.000,1.000,—,—,3.00,1.000,—,0.000
trio-no-tank,1,6,solo,180,500,0.000,0.000,1.000,—,—,3.00,1.000,—,0.000
trio-no-tank,1,6,solo,300,500,0.000,0.000,1.000,—,—,3.00,1.000,—,0.000
trio-no-tank,1,6,pack,180,500,0.000,0.000,1.000,—,—,3.00,1.000,—,0.000
trio-no-tank,1,6,pack,300,500,0.000,0.000,1.000,—,—,3.00,1.000,—,0.000
trio-no-tank,1,6,boss,180,500,0.000,0.000,1.000,—,—,3.00,1.000,—,0.000
trio-no-tank,1,6,boss,300,500,0.000,0.000,1.000,—,—,3.00,1.000,—,0.000
trio-no-tank,1,7,solo,180,500,0.000,0.000,1.000,—,—,3.00,1.000,—,0.000
trio-no-tank,1,7,solo,300,500,0.000,0.000,1.000,—,—,3.00,1.000,—,0.000
trio-no-tank,1,7,pack,180,500,0.000,0.000,1.000,—,—,3.00,1.000,—,0.000
trio-no-tank,1,7,pack,300,500,0.000,0.000,1.000,—,—,3.00,1.000,—,0.000
trio-no-tank,1,7,boss,180,500,0.000,0.000,1.000,—,—,3.00,1.000,—,0.000
trio-no-tank,1,7,boss,300,500,0.000,0.000,1.000,—,—,3.00,1.000,—,0.000
trio-no-tank,1,8,solo,180,500,0.000,0.000,1.000,—,—,3.00,1.000,—,0.000
trio-no-tank,1,8,solo,300,500,0.000,0.000,1.000,—,—,3.00,1.000,—,0.000
trio-no-tank,1,8,pack,180,500,0.000,0.000,1.000,—,—,3.00,1.000,—,0.000
trio-no-tank,1,8,pack,300,500,0.000,0.000,1.000,—,—,3.00,1.000,—,0.000
trio-no-tank,1,8,boss,180,500,0.000,0.000,1.000,—,—,3.00,1.000,—,0.000
trio-no-tank,1,8,boss,300,500,0.000,0.000,1.000,—,—,3.00,1.000,—,0.000
trio-no-tank,5,1,solo,180,500,1.000,0.000,0.000,1.000,0.0,0.00,0.000,—,1.530
trio-no-tank,5,1,solo,300,500,1.000,0.000,0.000,1.000,0.0,0.00,0.000,—,1.530
trio-no-tank,5,1,pack,180,500,1.000,0.000,0.000,0.963,6.2,0.00,0.037,—,1.511
trio-no-tank,5,1,pack,300,500,1.000,0.000,0.000,0.964,6.1,0.00,0.036,—,1.512
trio-no-tank,5,1,boss,180,500,1.000,0.000,0.000,0.942,11.4,0.00,0.058,—,1.500
trio-no-tank,5,1,boss,300,500,1.000,0.000,0.000,0.942,11.4,0.00,0.058,—,1.500
trio-no-tank,5,2,solo,180,500,1.000,0.000,0.000,0.959,1.7,0.00,0.041,—,1.509
trio-no-tank,5,2,solo,300,500,1.000,0.000,0.000,0.960,1.7,0.00,0.040,—,1.510
trio-no-tank,5,2,pack,180,500,1.000,0.000,0.000,0.856,11.3,0.37,0.144,—,1.456
trio-no-tank,5,2,pack,300,500,1.000,0.000,0.000,0.851,11.3,0.40,0.149,—,1.454
trio-no-tank,5,2,boss,180,500,1.000,0.000,0.000,0.960,18.4,0.00,0.040,—,1.509
trio-no-tank,5,2,boss,300,500,1.000,0.000,0.000,0.962,18.5,0.00,0.038,—,1.511
trio-no-tank,5,3,solo,180,500,1.000,0.000,0.000,0.930,2.2,0.00,0.070,—,1.494
trio-no-tank,5,3,solo,300,500,1.000,0.000,0.000,0.929,2.2,0.00,0.071,—,1.494
trio-no-tank,5,3,pack,180,500,1.000,0.000,0.000,0.702,20.2,0.83,0.298,—,1.378
trio-no-tank,5,3,pack,300,500,1.000,0.000,0.000,0.707,20.0,0.81,0.293,—,1.381
trio-no-tank,5,3,boss,180,500,1.000,0.000,0.000,0.782,40.9,0.59,0.218,—,1.419
trio-no-tank,5,3,boss,300,500,1.000,0.000,0.000,0.798,39.9,0.55,0.202,—,1.427
trio-no-tank,5,4,solo,180,500,1.000,0.000,0.000,0.981,4.4,0.00,0.019,—,1.520
trio-no-tank,5,4,solo,300,500,1.000,0.000,0.000,0.981,4.4,0.00,0.019,—,1.520
trio-no-tank,5,4,pack,180,500,0.012,0.002,0.986,0.707,28.4,2.97,0.991,—,0.017
trio-no-tank,5,4,pack,300,500,0.014,0.000,0.986,0.783,24.2,2.97,0.989,—,0.020
trio-no-tank,5,4,boss,180,500,0.010,0.990,0.000,0.790,36.8,1.98,0.810,—,0.014
trio-no-tank,5,4,boss,300,500,0.012,0.988,0.000,0.731,38.9,1.98,0.747,—,0.017
trio-no-tank,5,5,solo,180,500,1.000,0.000,0.000,0.761,8.0,0.05,0.239,—,1.408
trio-no-tank,5,5,solo,300,500,1.000,0.000,0.000,0.761,8.0,0.06,0.239,—,1.408
trio-no-tank,5,5,pack,180,500,0.000,0.000,1.000,—,—,3.00,1.000,—,0.000
trio-no-tank,5,5,pack,300,500,0.000,0.000,1.000,—,—,3.00,1.000,—,0.000
trio-no-tank,5,5,boss,180,500,0.000,0.000,1.000,—,—,3.00,1.000,—,0.000
trio-no-tank,5,5,boss,300,500,0.000,0.000,1.000,—,—,3.00,1.000,—,0.000
trio-no-tank,5,6,solo,180,500,0.912,0.000,0.088,0.752,13.0,0.74,0.314,—,1.280
trio-no-tank,5,6,solo,300,500,0.926,0.000,0.074,0.756,12.9,0.67,0.300,—,1.302
trio-no-tank,5,6,pack,180,500,0.000,0.000,1.000,—,—,3.00,1.000,—,0.000
trio-no-tank,5,6,pack,300,500,0.000,0.000,1.000,—,—,3.00,1.000,—,0.000
trio-no-tank,5,6,boss,180,500,0.000,0.000,1.000,—,—,3.00,1.000,—,0.000
trio-no-tank,5,6,boss,300,500,0.000,0.000,1.000,—,—,3.00,1.000,—,0.000
trio-no-tank,5,7,solo,180,500,0.000,0.000,1.000,—,—,3.00,1.000,—,0.000
trio-no-tank,5,7,solo,300,500,0.002,0.000,0.998,0.406,24.3,3.00,0.999,—,0.002
trio-no-tank,5,7,pack,180,500,0.000,0.000,1.000,—,—,3.00,1.000,—,0.000
trio-no-tank,5,7,pack,300,500,0.000,0.000,1.000,—,—,3.00,1.000,—,0.000
trio-no-tank,5,7,boss,180,500,0.000,0.000,1.000,—,—,3.00,1.000,—,0.000
trio-no-tank,5,7,boss,300,500,0.000,0.000,1.000,—,—,3.00,1.000,—,0.000
trio-no-tank,5,8,solo,180,500,0.000,0.000,1.000,—,—,3.00,1.000,—,0.000
trio-no-tank,5,8,solo,300,500,0.000,0.000,1.000,—,—,3.00,1.000,—,0.000
trio-no-tank,5,8,pack,180,500,0.000,0.000,1.000,—,—,3.00,1.000,—,0.000
trio-no-tank,5,8,pack,300,500,0.000,0.000,1.000,—,—,3.00,1.000,—,0.000
trio-no-tank,5,8,boss,180,500,0.000,0.000,1.000,—,—,3.00,1.000,—,0.000
trio-no-tank,5,8,boss,300,500,0.000,0.000,1.000,—,—,3.00,1.000,—,0.000
trio-no-tank,10,1,solo,180,500,1.000,0.000,0.000,1.000,0.0,0.00,0.000,—,1.560
trio-no-tank,10,1,solo,300,500,1.000,0.000,0.000,1.000,0.0,0.00,0.000,—,1.560
trio-no-tank,10,1,pack,180,500,1.000,0.000,0.000,0.918,3.3,0.00,0.082,—,1.517
trio-no-tank,10,1,pack,300,500,1.000,0.000,0.000,0.918,3.3,0.00,0.082,—,1.517
trio-no-tank,10,1,boss,180,500,1.000,0.000,0.000,0.959,5.4,0.00,0.041,—,1.539
trio-no-tank,10,1,boss,300,500,1.000,0.000,0.000,0.958,5.4,0.00,0.042,—,1.538
trio-no-tank,10,2,solo,180,500,1.000,0.000,0.000,1.000,0.0,0.00,0.000,—,1.560
trio-no-tank,10,2,solo,300,500,1.000,0.000,0.000,1.000,0.0,0.00,0.000,—,1.560
trio-no-tank,10,2,pack,180,500,1.000,0.000,0.000,0.957,4.9,0.00,0.043,—,1.538
trio-no-tank,10,2,pack,300,500,1.000,0.000,0.000,0.958,5.0,0.00,0.042,—,1.538
trio-no-tank,10,2,boss,180,500,1.000,0.000,0.000,0.972,8.5,0.00,0.028,—,1.546
trio-no-tank,10,2,boss,300,500,1.000,0.000,0.000,0.972,8.5,0.00,0.028,—,1.545
trio-no-tank,10,3,solo,180,500,1.000,0.000,0.000,0.950,1.4,0.00,0.050,—,1.534
trio-no-tank,10,3,solo,300,500,1.000,0.000,0.000,0.950,1.4,0.00,0.050,—,1.534
trio-no-tank,10,3,pack,180,500,1.000,0.000,0.000,0.876,7.4,0.00,0.124,—,1.495
trio-no-tank,10,3,pack,300,500,1.000,0.000,0.000,0.872,7.5,0.00,0.128,—,1.494
trio-no-tank,10,3,boss,180,500,1.000,0.000,0.000,0.965,14.9,0.00,0.035,—,1.542
trio-no-tank,10,3,boss,300,500,1.000,0.000,0.000,0.967,14.9,0.00,0.033,—,1.543
trio-no-tank,10,4,solo,180,500,1.000,0.000,0.000,0.922,1.8,0.00,0.078,—,1.520
trio-no-tank,10,4,solo,300,500,1.000,0.000,0.000,0.922,1.8,0.00,0.078,—,1.520
trio-no-tank,10,4,pack,180,500,1.000,0.000,0.000,0.829,11.4,0.11,0.171,—,1.471
trio-no-tank,10,4,pack,300,500,1.000,0.000,0.000,0.823,11.4,0.13,0.177,—,1.468
trio-no-tank,10,4,boss,180,500,1.000,0.000,0.000,0.876,22.1,0.07,0.124,—,1.495
trio-no-tank,10,4,boss,300,500,1.000,0.000,0.000,0.876,22.4,0.10,0.124,—,1.496
trio-no-tank,10,5,solo,180,500,1.000,0.000,0.000,0.793,3.5,0.00,0.207,—,1.452
trio-no-tank,10,5,solo,300,500,1.000,0.000,0.000,0.793,3.5,0.00,0.207,—,1.452
trio-no-tank,10,5,pack,180,500,0.346,0.048,0.606,0.703,18.8,2.10,0.742,—,0.486
trio-no-tank,10,5,pack,300,500,0.386,0.034,0.580,0.706,18.8,2.00,0.717,—,0.543
trio-no-tank,10,5,boss,180,500,0.358,0.642,0.000,0.570,36.1,1.69,0.646,—,0.478
trio-no-tank,10,5,boss,300,500,0.366,0.634,0.000,0.593,35.6,1.65,0.621,—,0.493
trio-no-tank,10,6,solo,180,500,1.000,0.000,0.000,0.782,6.5,0.08,0.218,—,1.447
trio-no-tank,10,6,solo,300,500,1.000,0.000,0.000,0.785,6.5,0.09,0.215,—,1.448
trio-no-tank,10,6,pack,180,500,0.000,0.000,1.000,—,—,3.00,1.000,—,0.000
trio-no-tank,10,6,pack,300,500,0.000,0.000,1.000,—,—,3.00,1.000,—,0.000
trio-no-tank,10,6,boss,180,500,0.000,0.000,1.000,—,—,3.00,1.000,—,0.000
trio-no-tank,10,6,boss,300,500,0.000,0.000,1.000,—,—,3.00,1.000,—,0.000
trio-no-tank,10,7,solo,180,500,0.934,0.000,0.066,0.738,11.0,0.22,0.310,—,1.330
trio-no-tank,10,7,solo,300,500,0.934,0.000,0.066,0.732,11.0,0.23,0.316,—,1.327
trio-no-tank,10,7,pack,180,500,0.000,0.000,1.000,—,—,3.00,1.000,—,0.000
trio-no-tank,10,7,pack,300,500,0.000,0.000,1.000,—,—,3.00,1.000,—,0.000
trio-no-tank,10,7,boss,180,500,0.000,0.000,1.000,—,—,3.00,1.000,—,0.000
trio-no-tank,10,7,boss,300,500,0.000,0.000,1.000,—,—,3.00,1.000,—,0.000
trio-no-tank,10,8,solo,180,500,0.002,0.000,0.998,1.000,16.0,2.99,0.998,—,0.003
trio-no-tank,10,8,solo,300,500,0.002,0.000,0.998,0.729,17.7,3.00,0.999,—,0.003
trio-no-tank,10,8,pack,180,500,0.000,0.000,1.000,—,—,3.00,1.000,—,0.000
trio-no-tank,10,8,pack,300,500,0.000,0.000,1.000,—,—,3.00,1.000,—,0.000
trio-no-tank,10,8,boss,180,500,0.000,0.000,1.000,—,—,3.00,1.000,—,0.000
trio-no-tank,10,8,boss,300,500,0.000,0.000,1.000,—,—,3.00,1.000,—,0.000
trio-no-tank,20,1,solo,180,500,1.000,0.000,0.000,1.000,0.0,0.00,0.000,—,1.620
trio-no-tank,20,1,solo,300,500,1.000,0.000,0.000,1.000,0.0,0.00,0.000,—,1.620
trio-no-tank,20,1,pack,180,500,1.000,0.000,0.000,1.000,0.0,0.00,0.000,—,1.620
trio-no-tank,20,1,pack,300,500,1.000,0.000,0.000,1.000,0.0,0.00,0.000,—,1.620
trio-no-tank,20,1,boss,180,500,1.000,0.000,0.000,0.973,2.8,0.00,0.027,—,1.605
trio-no-tank,20,1,boss,300,500,1.000,0.000,0.000,0.973,2.8,0.00,0.027,—,1.605
trio-no-tank,20,2,solo,180,500,1.000,0.000,0.000,1.000,0.0,0.00,0.000,—,1.620
trio-no-tank,20,2,solo,300,500,1.000,0.000,0.000,1.000,0.0,0.00,0.000,—,1.620
trio-no-tank,20,2,pack,180,500,1.000,0.000,0.000,0.951,2.5,0.00,0.049,—,1.593
trio-no-tank,20,2,pack,300,500,1.000,0.000,0.000,0.951,2.5,0.00,0.049,—,1.593
trio-no-tank,20,2,boss,180,500,1.000,0.000,0.000,0.962,4.0,0.00,0.038,—,1.599
trio-no-tank,20,2,boss,300,500,1.000,0.000,0.000,0.962,4.0,0.00,0.038,—,1.600
trio-no-tank,20,3,solo,180,500,1.000,0.000,0.000,1.000,0.0,0.00,0.000,—,1.620
trio-no-tank,20,3,solo,300,500,1.000,0.000,0.000,1.000,0.0,0.00,0.000,—,1.620
trio-no-tank,20,3,pack,180,500,1.000,0.000,0.000,0.928,2.7,0.00,0.072,—,1.581
trio-no-tank,20,3,pack,300,500,1.000,0.000,0.000,0.928,2.7,0.00,0.072,—,1.581
trio-no-tank,20,3,boss,180,500,1.000,0.000,0.000,0.950,5.6,0.00,0.050,—,1.593
trio-no-tank,20,3,boss,300,500,1.000,0.000,0.000,0.953,5.6,0.00,0.047,—,1.595
trio-no-tank,20,4,solo,180,500,1.000,0.000,0.000,1.000,0.0,0.00,0.000,—,1.620
trio-no-tank,20,4,solo,300,500,1.000,0.000,0.000,1.000,0.0,0.00,0.000,—,1.620
trio-no-tank,20,4,pack,180,500,1.000,0.000,0.000,0.925,4.1,0.00,0.075,—,1.579
trio-no-tank,20,4,pack,300,500,1.000,0.000,0.000,0.924,4.1,0.00,0.076,—,1.579
trio-no-tank,20,4,boss,180,500,1.000,0.000,0.000,0.932,9.7,0.00,0.068,—,1.583
trio-no-tank,20,4,boss,300,500,1.000,0.000,0.000,0.931,9.7,0.00,0.069,—,1.583
trio-no-tank,20,5,solo,180,500,1.000,0.000,0.000,0.931,1.3,0.00,0.069,—,1.583
trio-no-tank,20,5,solo,300,500,1.000,0.000,0.000,0.931,1.3,0.00,0.069,—,1.583
trio-no-tank,20,5,pack,180,500,1.000,0.000,0.000,0.809,7.8,0.11,0.191,—,1.517
trio-no-tank,20,5,pack,300,500,1.000,0.000,0.000,0.811,7.7,0.09,0.189,—,1.518
trio-no-tank,20,5,boss,180,500,1.000,0.000,0.000,0.930,15.5,0.04,0.070,—,1.582
trio-no-tank,20,5,boss,300,500,1.000,0.000,0.000,0.927,15.3,0.02,0.073,—,1.581
trio-no-tank,20,6,solo,180,500,1.000,0.000,0.000,0.902,2.6,0.00,0.098,—,1.567
trio-no-tank,20,6,solo,300,500,1.000,0.000,0.000,0.902,2.7,0.00,0.098,—,1.567
trio-no-tank,20,6,pack,180,500,0.902,0.098,0.000,0.741,12.4,0.39,0.306,—,1.335
trio-no-tank,20,6,pack,300,500,0.898,0.102,0.000,0.741,12.5,0.38,0.306,—,1.329
trio-no-tank,20,6,boss,180,500,0.530,0.470,0.000,0.782,25.5,1.11,0.449,—,0.796
trio-no-tank,20,6,boss,300,500,0.454,0.546,0.000,0.773,26.0,1.27,0.491,—,0.680
trio-no-tank,20,7,solo,180,500,1.000,0.000,0.000,0.920,4.6,0.04,0.080,—,1.577
trio-no-tank,20,7,solo,300,500,1.000,0.000,0.000,0.919,4.6,0.05,0.081,—,1.576
trio-no-tank,20,7,pack,180,500,0.004,0.006,0.990,0.588,22.5,2.99,0.996,—,0.006
trio-no-tank,20,7,pack,300,500,0.008,0.002,0.990,0.696,22.0,2.98,0.994,—,0.012
trio-no-tank,20,7,boss,180,500,0.070,0.904,0.026,0.713,39.0,1.92,0.781,—,0.103
trio-no-tank,20,7,boss,300,500,0.082,0.894,0.024,0.710,40.0,1.90,0.735,—,0.120
trio-no-tank,20,8,solo,180,500,1.000,0.000,0.000,0.769,7.9,0.00,0.231,—,1.496
trio-no-tank,20,8,solo,300,500,1.000,0.000,0.000,0.768,7.8,0.00,0.232,—,1.495
trio-no-tank,20,8,pack,180,500,0.000,0.000,1.000,—,—,3.00,1.000,—,0.000
trio-no-tank,20,8,pack,300,500,0.000,0.000,1.000,—,—,3.00,1.000,—,0.000
trio-no-tank,20,8,boss,180,500,0.000,0.000,1.000,—,—,3.00,1.000,—,0.000
trio-no-tank,20,8,boss,300,500,0.000,0.000,1.000,—,—,3.00,1.000,—,0.000
trio-no-tank,35,1,solo,180,500,1.000,0.000,0.000,1.000,0.0,0.00,0.000,—,1.710
trio-no-tank,35,1,solo,300,500,1.000,0.000,0.000,1.000,0.0,0.00,0.000,—,1.710
trio-no-tank,35,1,pack,180,500,1.000,0.000,0.000,1.000,0.0,0.00,0.000,—,1.710
trio-no-tank,35,1,pack,300,500,1.000,0.000,0.000,1.000,0.0,0.00,0.000,—,1.710
trio-no-tank,35,1,boss,180,500,1.000,0.000,0.000,0.983,1.2,0.00,0.017,—,1.700
trio-no-tank,35,1,boss,300,500,1.000,0.000,0.000,0.983,1.2,0.00,0.017,—,1.701
trio-no-tank,35,2,solo,180,500,1.000,0.000,0.000,1.000,0.0,0.00,0.000,—,1.710
trio-no-tank,35,2,solo,300,500,1.000,0.000,0.000,1.000,0.0,0.00,0.000,—,1.710
trio-no-tank,35,2,pack,180,500,1.000,0.000,0.000,1.000,0.0,0.00,0.000,—,1.710
trio-no-tank,35,2,pack,300,500,1.000,0.000,0.000,1.000,0.0,0.00,0.000,—,1.710
trio-no-tank,35,2,boss,180,500,1.000,0.000,0.000,0.977,2.3,0.00,0.023,—,1.697
trio-no-tank,35,2,boss,300,500,1.000,0.000,0.000,0.977,2.3,0.00,0.023,—,1.697
trio-no-tank,35,3,solo,180,500,1.000,0.000,0.000,1.000,0.0,0.00,0.000,—,1.710
trio-no-tank,35,3,solo,300,500,1.000,0.000,0.000,1.000,0.0,0.00,0.000,—,1.710
trio-no-tank,35,3,pack,180,500,1.000,0.000,0.000,0.958,2.1,0.00,0.042,—,1.686
trio-no-tank,35,3,pack,300,500,1.000,0.000,0.000,0.957,2.1,0.00,0.043,—,1.686
trio-no-tank,35,3,boss,180,500,1.000,0.000,0.000,0.935,3.4,0.00,0.065,—,1.673
trio-no-tank,35,3,boss,300,500,1.000,0.000,0.000,0.935,3.4,0.00,0.065,—,1.673
trio-no-tank,35,4,solo,180,500,1.000,0.000,0.000,1.000,0.0,0.00,0.000,—,1.710
trio-no-tank,35,4,solo,300,500,1.000,0.000,0.000,1.000,0.0,0.00,0.000,—,1.710
trio-no-tank,35,4,pack,180,500,1.000,0.000,0.000,0.939,2.3,0.00,0.061,—,1.675
trio-no-tank,35,4,pack,300,500,1.000,0.000,0.000,0.939,2.3,0.00,0.061,—,1.675
trio-no-tank,35,4,boss,180,500,1.000,0.000,0.000,0.956,4.5,0.00,0.044,—,1.685
trio-no-tank,35,4,boss,300,500,1.000,0.000,0.000,0.957,4.5,0.00,0.043,—,1.685
trio-no-tank,35,5,solo,180,500,1.000,0.000,0.000,1.000,0.0,0.00,0.000,—,1.710
trio-no-tank,35,5,solo,300,500,1.000,0.000,0.000,1.000,0.0,0.00,0.000,—,1.710
trio-no-tank,35,5,pack,180,500,1.000,0.000,0.000,0.871,3.5,0.00,0.129,—,1.637
trio-no-tank,35,5,pack,300,500,1.000,0.000,0.000,0.872,3.5,0.00,0.128,—,1.637
trio-no-tank,35,5,boss,180,500,1.000,0.000,0.000,0.944,7.8,0.00,0.056,—,1.678
trio-no-tank,35,5,boss,300,500,1.000,0.000,0.000,0.943,7.7,0.00,0.057,—,1.678
trio-no-tank,35,6,solo,180,500,1.000,0.000,0.000,0.940,1.1,0.00,0.060,—,1.676
trio-no-tank,35,6,solo,300,500,1.000,0.000,0.000,0.940,1.1,0.00,0.060,—,1.676
trio-no-tank,35,6,pack,180,500,1.000,0.000,0.000,0.846,6.4,0.09,0.154,—,1.622
trio-no-tank,35,6,pack,300,500,1.000,0.000,0.000,0.846,6.5,0.08,0.154,—,1.622
trio-no-tank,35,6,boss,180,500,1.000,0.000,0.000,0.944,12.4,0.05,0.056,—,1.678
trio-no-tank,35,6,boss,300,500,1.000,0.000,0.000,0.940,12.5,0.06,0.060,—,1.676
trio-no-tank,35,7,solo,180,500,1.000,0.000,0.000,0.918,2.2,0.00,0.082,—,1.663
trio-no-tank,35,7,solo,300,500,1.000,0.000,0.000,0.918,2.3,0.00,0.082,—,1.663
trio-no-tank,35,7,pack,180,500,1.000,0.000,0.000,0.833,9.6,0.00,0.167,—,1.615
trio-no-tank,35,7,pack,300,500,1.000,0.000,0.000,0.832,9.7,0.00,0.168,—,1.614
trio-no-tank,35,7,boss,180,500,1.000,0.000,0.000,0.685,21.6,0.84,0.315,—,1.531
trio-no-tank,35,7,boss,300,500,1.000,0.000,0.000,0.693,21.4,0.80,0.307,—,1.535
trio-no-tank,35,8,solo,180,500,1.000,0.000,0.000,0.767,3.5,0.00,0.233,—,1.577
trio-no-tank,35,8,solo,300,500,1.000,0.000,0.000,0.771,3.5,0.00,0.229,—,1.580
trio-no-tank,35,8,pack,180,500,0.010,0.016,0.974,0.688,18.7,2.96,0.988,—,0.015
trio-no-tank,35,8,pack,300,500,0.014,0.010,0.976,0.720,17.9,2.96,0.987,—,0.022
trio-no-tank,35,8,boss,180,500,0.216,0.784,0.000,0.699,32.3,1.71,0.635,—,0.332
trio-no-tank,35,8,boss,300,500,0.168,0.832,0.000,0.743,31.6,1.76,0.648,—,0.263
trio-no-tank,50,1,solo,180,500,1.000,0.000,0.000,1.000,0.0,0.00,0.000,—,1.800
trio-no-tank,50,1,solo,300,500,1.000,0.000,0.000,1.000,0.0,0.00,0.000,—,1.800
trio-no-tank,50,1,pack,180,500,1.000,0.000,0.000,1.000,0.0,0.00,0.000,—,1.800
trio-no-tank,50,1,pack,300,500,1.000,0.000,0.000,1.000,0.0,0.00,0.000,—,1.800
trio-no-tank,50,1,boss,180,500,1.000,0.000,0.000,0.988,1.0,0.00,0.012,—,1.793
trio-no-tank,50,1,boss,300,500,1.000,0.000,0.000,0.988,1.0,0.00,0.012,—,1.793
trio-no-tank,50,2,solo,180,500,1.000,0.000,0.000,1.000,0.0,0.00,0.000,—,1.800
trio-no-tank,50,2,solo,300,500,1.000,0.000,0.000,1.000,0.0,0.00,0.000,—,1.800
trio-no-tank,50,2,pack,180,500,1.000,0.000,0.000,1.000,0.0,0.00,0.000,—,1.800
trio-no-tank,50,2,pack,300,500,1.000,0.000,0.000,1.000,0.0,0.00,0.000,—,1.800
trio-no-tank,50,2,boss,180,500,1.000,0.000,0.000,0.984,1.0,0.00,0.016,—,1.791
trio-no-tank,50,2,boss,300,500,1.000,0.000,0.000,0.984,1.0,0.00,0.016,—,1.790
trio-no-tank,50,3,solo,180,500,1.000,0.000,0.000,1.000,0.0,0.00,0.000,—,1.800
trio-no-tank,50,3,solo,300,500,1.000,0.000,0.000,1.000,0.0,0.00,0.000,—,1.800
trio-no-tank,50,3,pack,180,500,1.000,0.000,0.000,1.000,0.0,0.00,0.000,—,1.800
trio-no-tank,50,3,pack,300,500,1.000,0.000,0.000,1.000,0.0,0.00,0.000,—,1.800
trio-no-tank,50,3,boss,180,500,1.000,0.000,0.000,0.978,2.1,0.00,0.022,—,1.787
trio-no-tank,50,3,boss,300,500,1.000,0.000,0.000,0.977,2.1,0.00,0.023,—,1.786
trio-no-tank,50,4,solo,180,500,1.000,0.000,0.000,1.000,0.0,0.00,0.000,—,1.800
trio-no-tank,50,4,solo,300,500,1.000,0.000,0.000,1.000,0.0,0.00,0.000,—,1.800
trio-no-tank,50,4,pack,180,500,1.000,0.000,0.000,0.960,1.9,0.00,0.040,—,1.776
trio-no-tank,50,4,pack,300,500,1.000,0.000,0.000,0.959,1.9,0.00,0.041,—,1.776
trio-no-tank,50,4,boss,180,500,1.000,0.000,0.000,0.935,3.1,0.00,0.065,—,1.761
trio-no-tank,50,4,boss,300,500,1.000,0.000,0.000,0.934,3.1,0.00,0.066,—,1.760
trio-no-tank,50,5,solo,180,500,1.000,0.000,0.000,1.000,0.0,0.00,0.000,—,1.800
trio-no-tank,50,5,solo,300,500,1.000,0.000,0.000,1.000,0.0,0.00,0.000,—,1.800
trio-no-tank,50,5,pack,180,500,1.000,0.000,0.000,0.941,2.1,0.00,0.059,—,1.764
trio-no-tank,50,5,pack,300,500,1.000,0.000,0.000,0.941,2.1,0.00,0.059,—,1.765
trio-no-tank,50,5,boss,180,500,1.000,0.000,0.000,0.955,4.2,0.00,0.045,—,1.773
trio-no-tank,50,5,boss,300,500,1.000,0.000,0.000,0.952,4.2,0.00,0.048,—,1.771
trio-no-tank,50,6,solo,180,500,1.000,0.000,0.000,1.000,0.0,0.00,0.000,—,1.800
trio-no-tank,50,6,solo,300,500,1.000,0.000,0.000,1.000,0.0,0.00,0.000,—,1.800
trio-no-tank,50,6,pack,180,500,1.000,0.000,0.000,0.872,3.1,0.00,0.128,—,1.723
trio-no-tank,50,6,pack,300,500,1.000,0.000,0.000,0.868,3.1,0.00,0.132,—,1.721
trio-no-tank,50,6,boss,180,500,1.000,0.000,0.000,0.958,7.8,0.00,0.042,—,1.775
trio-no-tank,50,6,boss,300,500,1.000,0.000,0.000,0.959,7.8,0.00,0.041,—,1.775
trio-no-tank,50,7,solo,180,500,1.000,0.000,0.000,0.944,1.0,0.00,0.056,—,1.767
trio-no-tank,50,7,solo,300,500,1.000,0.000,0.000,0.944,1.0,0.00,0.056,—,1.766
trio-no-tank,50,7,pack,180,500,1.000,0.000,0.000,0.868,5.7,0.00,0.132,—,1.721
trio-no-tank,50,7,pack,300,500,1.000,0.000,0.000,0.868,5.7,0.00,0.132,—,1.721
trio-no-tank,50,7,boss,180,500,1.000,0.000,0.000,0.902,11.9,0.20,0.098,—,1.741
trio-no-tank,50,7,boss,300,500,1.000,0.000,0.000,0.901,11.9,0.20,0.099,—,1.741
trio-no-tank,50,8,solo,180,500,1.000,0.000,0.000,0.921,2.1,0.00,0.079,—,1.753
trio-no-tank,50,8,solo,300,500,1.000,0.000,0.000,0.921,2.1,0.00,0.079,—,1.753
trio-no-tank,50,8,pack,180,500,1.000,0.000,0.000,0.834,9.4,0.00,0.166,—,1.700
trio-no-tank,50,8,pack,300,500,1.000,0.000,0.000,0.832,9.3,0.00,0.168,—,1.699
trio-no-tank,50,8,boss,180,500,1.000,0.000,0.000,0.660,22.6,0.93,0.340,—,1.596
trio-no-tank,50,8,boss,300,500,1.000,0.000,0.000,0.656,22.6,0.95,0.344,—,1.594
trio-casters,1,1,solo,180,500,1.000,0.000,0.000,0.881,5.0,0.00,0.119,—,1.446
trio-casters,1,1,solo,300,500,1.000,0.000,0.000,0.881,5.0,0.00,0.119,—,1.446
trio-casters,1,1,pack,180,500,0.000,0.000,1.000,—,—,3.00,1.000,—,0.000
trio-casters,1,1,pack,300,500,0.000,0.000,1.000,—,—,3.00,1.000,—,0.000
trio-casters,1,1,boss,180,500,0.000,1.000,0.000,—,—,2.00,0.677,—,0.000
trio-casters,1,1,boss,300,500,0.000,1.000,0.000,—,—,2.00,0.677,—,0.000
trio-casters,1,2,solo,180,500,1.000,0.000,0.000,0.795,10.0,0.00,0.205,—,1.403
trio-casters,1,2,solo,300,500,1.000,0.000,0.000,0.795,10.0,0.00,0.205,—,1.403
trio-casters,1,2,pack,180,500,0.000,0.000,1.000,—,—,3.00,1.000,—,0.000
trio-casters,1,2,pack,300,500,0.000,0.000,1.000,—,—,3.00,1.000,—,0.000
trio-casters,1,2,boss,180,500,0.000,0.000,1.000,—,—,3.00,1.000,—,0.000
trio-casters,1,2,boss,300,500,0.000,0.000,1.000,—,—,3.00,1.000,—,0.000
trio-casters,1,3,solo,180,500,1.000,0.000,0.000,0.488,20.0,1.00,0.512,—,1.249
trio-casters,1,3,solo,300,500,1.000,0.000,0.000,0.488,20.0,1.00,0.512,—,1.249
trio-casters,1,3,pack,180,500,0.000,0.000,1.000,—,—,3.00,1.000,—,0.000
trio-casters,1,3,pack,300,500,0.000,0.000,1.000,—,—,3.00,1.000,—,0.000
trio-casters,1,3,boss,180,500,0.000,0.000,1.000,—,—,3.00,1.000,—,0.000
trio-casters,1,3,boss,300,500,0.000,0.000,1.000,—,—,3.00,1.000,—,0.000
trio-casters,1,4,solo,180,500,0.000,0.000,1.000,—,—,3.00,1.000,—,0.000
trio-casters,1,4,solo,300,500,0.000,0.000,1.000,—,—,3.00,1.000,—,0.000
trio-casters,1,4,pack,180,500,0.000,0.000,1.000,—,—,3.00,1.000,—,0.000
trio-casters,1,4,pack,300,500,0.000,0.000,1.000,—,—,3.00,1.000,—,0.000
trio-casters,1,4,boss,180,500,0.000,0.000,1.000,—,—,3.00,1.000,—,0.000
trio-casters,1,4,boss,300,500,0.000,0.000,1.000,—,—,3.00,1.000,—,0.000
trio-casters,1,5,solo,180,500,0.000,0.000,1.000,—,—,3.00,1.000,—,0.000
trio-casters,1,5,solo,300,500,0.000,0.000,1.000,—,—,3.00,1.000,—,0.000
trio-casters,1,5,pack,180,500,0.000,0.000,1.000,—,—,3.00,1.000,—,0.000
trio-casters,1,5,pack,300,500,0.000,0.000,1.000,—,—,3.00,1.000,—,0.000
trio-casters,1,5,boss,180,500,0.000,0.000,1.000,—,—,3.00,1.000,—,0.000
trio-casters,1,5,boss,300,500,0.000,0.000,1.000,—,—,3.00,1.000,—,0.000
trio-casters,1,6,solo,180,500,0.000,0.000,1.000,—,—,3.00,1.000,—,0.000
trio-casters,1,6,solo,300,500,0.000,0.000,1.000,—,—,3.00,1.000,—,0.000
trio-casters,1,6,pack,180,500,0.000,0.000,1.000,—,—,3.00,1.000,—,0.000
trio-casters,1,6,pack,300,500,0.000,0.000,1.000,—,—,3.00,1.000,—,0.000
trio-casters,1,6,boss,180,500,0.000,0.000,1.000,—,—,3.00,1.000,—,0.000
trio-casters,1,6,boss,300,500,0.000,0.000,1.000,—,—,3.00,1.000,—,0.000
trio-casters,1,7,solo,180,500,0.000,0.000,1.000,—,—,3.00,1.000,—,0.000
trio-casters,1,7,solo,300,500,0.000,0.000,1.000,—,—,3.00,1.000,—,0.000
trio-casters,1,7,pack,180,500,0.000,0.000,1.000,—,—,3.00,1.000,—,0.000
trio-casters,1,7,pack,300,500,0.000,0.000,1.000,—,—,3.00,1.000,—,0.000
trio-casters,1,7,boss,180,500,0.000,0.000,1.000,—,—,3.00,1.000,—,0.000
trio-casters,1,7,boss,300,500,0.000,0.000,1.000,—,—,3.00,1.000,—,0.000
trio-casters,1,8,solo,180,500,0.000,0.000,1.000,—,—,3.00,1.000,—,0.000
trio-casters,1,8,solo,300,500,0.000,0.000,1.000,—,—,3.00,1.000,—,0.000
trio-casters,1,8,pack,180,500,0.000,0.000,1.000,—,—,3.00,1.000,—,0.000
trio-casters,1,8,pack,300,500,0.000,0.000,1.000,—,—,3.00,1.000,—,0.000
trio-casters,1,8,boss,180,500,0.000,0.000,1.000,—,—,3.00,1.000,—,0.000
trio-casters,1,8,boss,300,500,0.000,0.000,1.000,—,—,3.00,1.000,—,0.000
trio-casters,5,1,solo,180,500,1.000,0.000,0.000,0.954,2.6,0.00,0.046,—,1.506
trio-casters,5,1,solo,300,500,1.000,0.000,0.000,0.954,2.6,0.00,0.046,—,1.506
trio-casters,5,1,pack,180,500,1.000,0.000,0.000,0.917,13.2,0.00,0.083,—,1.488
trio-casters,5,1,pack,300,500,1.000,0.000,0.000,0.917,13.2,0.00,0.083,—,1.488
trio-casters,5,1,boss,180,500,1.000,0.000,0.000,0.930,23.7,0.00,0.070,—,1.494
trio-casters,5,1,boss,300,500,1.000,0.000,0.000,0.930,23.7,0.00,0.070,—,1.494
trio-casters,5,2,solo,180,500,1.000,0.000,0.000,0.868,5.0,0.00,0.132,—,1.463
trio-casters,5,2,solo,300,500,1.000,0.000,0.000,0.868,5.0,0.00,0.132,—,1.463
trio-casters,5,2,pack,180,500,0.000,1.000,0.000,—,—,2.00,0.713,—,0.000
trio-casters,5,2,pack,300,500,0.000,1.000,0.000,—,—,2.00,0.713,—,0.000
trio-casters,5,2,boss,180,500,1.000,0.000,0.000,0.797,34.3,0.00,0.203,—,1.427
trio-casters,5,2,boss,300,500,1.000,0.000,0.000,0.797,34.3,0.00,0.203,—,1.427
trio-casters,5,3,solo,180,500,1.000,0.000,0.000,0.982,5.3,0.00,0.018,—,1.521
trio-casters,5,3,solo,300,500,1.000,0.000,0.000,0.982,5.3,0.00,0.018,—,1.521
trio-casters,5,3,pack,180,500,0.000,0.000,1.000,—,—,3.00,1.000,—,0.000
trio-casters,5,3,pack,300,500,0.000,0.000,1.000,—,—,3.00,1.000,—,0.000
trio-casters,5,3,boss,180,500,0.000,1.000,0.000,—,—,2.00,0.717,—,0.000
trio-casters,5,3,boss,300,500,0.000,1.000,0.000,—,—,2.00,0.717,—,0.000
trio-casters,5,4,solo,180,500,1.000,0.000,0.000,0.717,10.0,1.00,0.283,—,1.386
trio-casters,5,4,solo,300,500,1.000,0.000,0.000,0.717,10.0,1.00,0.283,—,1.386
trio-casters,5,4,pack,180,500,0.000,0.000,1.000,—,—,3.00,1.000,—,0.000
trio-casters,5,4,pack,300,500,0.000,0.000,1.000,—,—,3.00,1.000,—,0.000
trio-casters,5,4,boss,180,500,0.000,0.000,1.000,—,—,3.00,1.000,—,0.000
trio-casters,5,4,boss,300,500,0.000,0.000,1.000,—,—,3.00,1.000,—,0.000
trio-casters,5,5,solo,180,500,0.000,0.000,1.000,—,—,3.00,1.000,—,0.000
trio-casters,5,5,solo,300,500,0.000,0.000,1.000,—,—,3.00,1.000,—,0.000
trio-casters,5,5,pack,180,500,0.000,0.000,1.000,—,—,3.00,1.000,—,0.000
trio-casters,5,5,pack,300,500,0.000,0.000,1.000,—,—,3.00,1.000,—,0.000
trio-casters,5,5,boss,180,500,0.000,0.000,1.000,—,—,3.00,1.000,—,0.000
trio-casters,5,5,boss,300,500,0.000,0.000,1.000,—,—,3.00,1.000,—,0.000
trio-casters,5,6,solo,180,500,0.000,0.000,1.000,—,—,3.00,1.000,—,0.000
trio-casters,5,6,solo,300,500,0.000,0.000,1.000,—,—,3.00,1.000,—,0.000
trio-casters,5,6,pack,180,500,0.000,0.000,1.000,—,—,3.00,1.000,—,0.000
trio-casters,5,6,pack,300,500,0.000,0.000,1.000,—,—,3.00,1.000,—,0.000
trio-casters,5,6,boss,180,500,0.000,0.000,1.000,—,—,3.00,1.000,—,0.000
trio-casters,5,6,boss,300,500,0.000,0.000,1.000,—,—,3.00,1.000,—,0.000
trio-casters,5,7,solo,180,500,0.000,0.000,1.000,—,—,3.00,1.000,—,0.000
trio-casters,5,7,solo,300,500,0.000,0.000,1.000,—,—,3.00,1.000,—,0.000
trio-casters,5,7,pack,180,500,0.000,0.000,1.000,—,—,3.00,1.000,—,0.000
trio-casters,5,7,pack,300,500,0.000,0.000,1.000,—,—,3.00,1.000,—,0.000
trio-casters,5,7,boss,180,500,0.000,0.000,1.000,—,—,3.00,1.000,—,0.000
trio-casters,5,7,boss,300,500,0.000,0.000,1.000,—,—,3.00,1.000,—,0.000
trio-casters,5,8,solo,180,500,0.000,0.000,1.000,—,—,3.00,1.000,—,0.000
trio-casters,5,8,solo,300,500,0.000,0.000,1.000,—,—,3.00,1.000,—,0.000
trio-casters,5,8,pack,180,500,0.000,0.000,1.000,—,—,3.00,1.000,—,0.000
trio-casters,5,8,pack,300,500,0.000,0.000,1.000,—,—,3.00,1.000,—,0.000
trio-casters,5,8,boss,180,500,0.000,0.000,1.000,—,—,3.00,1.000,—,0.000
trio-casters,5,8,boss,300,500,0.000,0.000,1.000,—,—,3.00,1.000,—,0.000
trio-casters,10,1,solo,180,500,1.000,0.000,0.000,1.000,0.0,0.00,0.000,—,1.560
trio-casters,10,1,solo,300,500,1.000,0.000,0.000,1.000,0.0,0.00,0.000,—,1.560
trio-casters,10,1,pack,180,500,1.000,0.000,0.000,1.000,5.8,0.00,0.000,—,1.560
trio-casters,10,1,pack,300,500,1.000,0.000,0.000,1.000,5.8,0.00,0.000,—,1.560
trio-casters,10,1,boss,180,500,1.000,0.000,0.000,1.000,11.7,0.00,0.000,—,1.560
trio-casters,10,1,boss,300,500,1.000,0.000,0.000,1.000,11.7,0.00,0.000,—,1.560
trio-casters,10,2,solo,180,500,1.000,0.000,0.000,1.000,0.0,0.00,0.000,—,1.560
trio-casters,10,2,solo,300,500,1.000,0.000,0.000,1.000,0.0,0.00,0.000,—,1.560
trio-casters,10,2,pack,180,500,1.000,0.000,0.000,0.885,9.7,0.00,0.115,—,1.500
trio-casters,10,2,pack,300,500,1.000,0.000,0.000,0.885,9.7,0.00,0.115,—,1.500
trio-casters,10,2,boss,180,500,1.000,0.000,0.000,0.924,17.5,0.00,0.076,—,1.521
trio-casters,10,2,boss,300,500,1.000,0.000,0.000,0.924,17.5,0.00,0.076,—,1.521
trio-casters,10,3,solo,180,500,1.000,0.000,0.000,0.927,1.9,0.00,0.073,—,1.522
trio-casters,10,3,solo,300,500,1.000,0.000,0.000,0.927,1.9,0.00,0.073,—,1.522
trio-casters,10,3,pack,180,500,0.000,1.000,0.000,—,—,2.00,0.724,—,0.000
trio-casters,10,3,pack,300,500,0.000,1.000,0.000,—,—,2.00,0.724,—,0.000
trio-casters,10,3,boss,180,500,1.000,0.000,0.000,0.963,25.3,0.00,0.037,—,1.541
trio-casters,10,3,boss,300,500,1.000,0.000,0.000,0.963,25.3,0.00,0.037,—,1.541
trio-casters,10,4,solo,180,500,1.000,0.000,0.000,0.800,5.0,0.00,0.200,—,1.456
trio-casters,10,4,solo,300,500,1.000,0.000,0.000,0.800,5.0,0.00,0.200,—,1.456
trio-casters,10,4,pack,180,500,0.000,0.000,1.000,—,—,3.00,1.000,—,0.000
trio-casters,10,4,pack,300,500,0.000,0.000,1.000,—,—,3.00,1.000,—,0.000
trio-casters,10,4,boss,180,500,0.000,1.000,0.000,—,—,2.00,0.727,—,0.000
trio-casters,10,4,boss,300,500,0.000,1.000,0.000,—,—,2.00,0.727,—,0.000
trio-casters,10,5,solo,180,500,1.000,0.000,0.000,0.915,5.8,0.00,0.085,—,1.516
trio-casters,10,5,solo,300,500,1.000,0.000,0.000,0.915,5.8,0.00,0.085,—,1.516
trio-casters,10,5,pack,180,500,0.000,0.000,1.000,—,—,3.00,1.000,—,0.000
trio-casters,10,5,pack,300,500,0.000,0.000,1.000,—,—,3.00,1.000,—,0.000
trio-casters,10,5,boss,180,500,0.000,0.000,1.000,—,—,3.00,1.000,—,0.000
trio-casters,10,5,boss,300,500,0.000,0.000,1.000,—,—,3.00,1.000,—,0.000
trio-casters,10,6,solo,180,500,0.000,0.000,1.000,—,—,3.00,1.000,—,0.000
trio-casters,10,6,solo,300,500,0.000,0.000,1.000,—,—,3.00,1.000,—,0.000
trio-casters,10,6,pack,180,500,0.000,0.000,1.000,—,—,3.00,1.000,—,0.000
trio-casters,10,6,pack,300,500,0.000,0.000,1.000,—,—,3.00,1.000,—,0.000
trio-casters,10,6,boss,180,500,0.000,0.000,1.000,—,—,3.00,1.000,—,0.000
trio-casters,10,6,boss,300,500,0.000,0.000,1.000,—,—,3.00,1.000,—,0.000
trio-casters,10,7,solo,180,500,0.000,0.000,1.000,—,—,3.00,1.000,—,0.000
trio-casters,10,7,solo,300,500,0.000,0.000,1.000,—,—,3.00,1.000,—,0.000
trio-casters,10,7,pack,180,500,0.000,0.000,1.000,—,—,3.00,1.000,—,0.000
trio-casters,10,7,pack,300,500,0.000,0.000,1.000,—,—,3.00,1.000,—,0.000
trio-casters,10,7,boss,180,500,0.000,0.000,1.000,—,—,3.00,1.000,—,0.000
trio-casters,10,7,boss,300,500,0.000,0.000,1.000,—,—,3.00,1.000,—,0.000
trio-casters,10,8,solo,180,500,0.000,0.000,1.000,—,—,3.00,1.000,—,0.000
trio-casters,10,8,solo,300,500,0.000,0.000,1.000,—,—,3.00,1.000,—,0.000
trio-casters,10,8,pack,180,500,0.000,0.000,1.000,—,—,3.00,1.000,—,0.000
trio-casters,10,8,pack,300,500,0.000,0.000,1.000,—,—,3.00,1.000,—,0.000
trio-casters,10,8,boss,180,500,0.000,0.000,1.000,—,—,3.00,1.000,—,0.000
trio-casters,10,8,boss,300,500,0.000,0.000,1.000,—,—,3.00,1.000,—,0.000
trio-casters,20,1,solo,180,500,1.000,0.000,0.000,1.000,0.0,0.00,0.000,—,1.620
trio-casters,20,1,solo,300,500,1.000,0.000,0.000,1.000,0.0,0.00,0.000,—,1.620
trio-casters,20,1,pack,180,500,1.000,0.000,0.000,0.975,1.4,0.00,0.025,—,1.606
trio-casters,20,1,pack,300,500,1.000,0.000,0.000,0.975,1.4,0.00,0.025,—,1.606
trio-casters,20,1,boss,180,500,1.000,0.000,0.000,0.924,5.8,0.00,0.076,—,1.579
trio-casters,20,1,boss,300,500,1.000,0.000,0.000,0.924,5.8,0.00,0.076,—,1.579
trio-casters,20,2,solo,180,500,1.000,0.000,0.000,1.000,0.0,0.00,0.000,—,1.620
trio-casters,20,2,solo,300,500,1.000,0.000,0.000,1.000,0.0,0.00,0.000,—,1.620
trio-casters,20,2,pack,180,500,1.000,0.000,0.000,0.893,4.3,0.00,0.107,—,1.562
trio-casters,20,2,pack,300,500,1.000,0.000,0.000,0.893,4.3,0.00,0.107,—,1.562
trio-casters,20,2,boss,180,500,1.000,0.000,0.000,0.947,8.6,0.00,0.053,—,1.592
trio-casters,20,2,boss,300,500,1.000,0.000,0.000,0.947,8.6,0.00,0.053,—,1.592
trio-casters,20,3,solo,180,500,1.000,0.000,0.000,1.000,0.0,0.00,0.000,—,1.620
trio-casters,20,3,solo,300,500,1.000,0.000,0.000,1.000,0.0,0.00,0.000,—,1.620
trio-casters,20,3,pack,180,500,1.000,0.000,0.000,0.848,5.0,0.00,0.152,—,1.538
trio-casters,20,3,pack,300,500,1.000,0.000,0.000,0.848,5.0,0.00,0.152,—,1.538
trio-casters,20,3,boss,180,500,1.000,0.000,0.000,1.000,11.5,0.00,0.000,—,1.620
trio-casters,20,3,boss,300,500,1.000,0.000,0.000,1.000,11.5,0.00,0.000,—,1.620
trio-casters,20,4,solo,180,500,1.000,0.000,0.000,0.931,1.4,0.00,0.069,—,1.582
trio-casters,20,4,solo,300,500,1.000,0.000,0.000,0.931,1.4,0.00,0.069,—,1.582
trio-casters,20,4,pack,180,500,1.000,0.000,0.000,0.580,25.0,1.00,0.420,—,1.393
trio-casters,20,4,pack,300,500,1.000,0.000,0.000,0.580,25.0,1.00,0.420,—,1.393
trio-casters,20,4,boss,180,500,1.000,0.000,0.000,0.897,17.3,0.00,0.103,—,1.564
trio-casters,20,4,boss,300,500,1.000,0.000,0.000,0.897,17.3,0.00,0.103,—,1.564
trio-casters,20,5,solo,180,500,1.000,0.000,0.000,0.903,2.9,0.00,0.097,—,1.568
trio-casters,20,5,solo,300,500,1.000,0.000,0.000,0.903,2.9,0.00,0.097,—,1.568
trio-casters,20,5,pack,180,500,0.000,0.000,1.000,—,—,3.00,1.000,—,0.000
trio-casters,20,5,pack,300,500,0.000,0.000,1.000,—,—,3.00,1.000,—,0.000
trio-casters,20,5,boss,180,500,0.000,1.000,0.000,—,—,2.00,0.720,—,0.000
trio-casters,20,5,boss,300,500,0.000,1.000,0.000,—,—,2.00,0.720,—,0.000
trio-casters,20,6,solo,180,500,1.000,0.000,0.000,0.726,4.3,0.00,0.274,—,1.472
trio-casters,20,6,solo,300,500,1.000,0.000,0.000,0.726,4.3,0.00,0.274,—,1.472
trio-casters,20,6,pack,180,500,0.000,0.000,1.000,—,—,3.00,1.000,—,0.000
trio-casters,20,6,pack,300,500,0.000,0.000,1.000,—,—,3.00,1.000,—,0.000
trio-casters,20,6,boss,180,500,0.000,0.000,1.000,—,—,3.00,1.000,—,0.000
trio-casters,20,6,boss,300,500,0.000,0.000,1.000,—,—,3.00,1.000,—,0.000
trio-casters,20,7,solo,180,500,0.000,0.000,1.000,—,—,3.00,1.000,—,0.000
trio-casters,20,7,solo,300,500,0.000,0.000,1.000,—,—,3.00,1.000,—,0.000
trio-casters,20,7,pack,180,500,0.000,0.000,1.000,—,—,3.00,1.000,—,0.000
trio-casters,20,7,pack,300,500,0.000,0.000,1.000,—,—,3.00,1.000,—,0.000
trio-casters,20,7,boss,180,500,0.000,0.000,1.000,—,—,3.00,1.000,—,0.000
trio-casters,20,7,boss,300,500,0.000,0.000,1.000,—,—,3.00,1.000,—,0.000
trio-casters,20,8,solo,180,500,0.000,0.000,1.000,—,—,3.00,1.000,—,0.000
trio-casters,20,8,solo,300,500,0.000,0.000,1.000,—,—,3.00,1.000,—,0.000
trio-casters,20,8,pack,180,500,0.000,0.000,1.000,—,—,3.00,1.000,—,0.000
trio-casters,20,8,pack,300,500,0.000,0.000,1.000,—,—,3.00,1.000,—,0.000
trio-casters,20,8,boss,180,500,0.000,0.000,1.000,—,—,3.00,1.000,—,0.000
trio-casters,20,8,boss,300,500,0.000,0.000,1.000,—,—,3.00,1.000,—,0.000
trio-casters,35,1,solo,180,500,1.000,0.000,0.000,1.000,0.0,0.00,0.000,—,1.710
trio-casters,35,1,solo,300,500,1.000,0.000,0.000,1.000,0.0,0.00,0.000,—,1.710
trio-casters,35,1,pack,180,500,1.000,0.000,0.000,0.983,1.2,0.00,0.017,—,1.700
trio-casters,35,1,pack,300,500,1.000,0.000,0.000,0.983,1.2,0.00,0.017,—,1.700
trio-casters,35,1,boss,180,500,1.000,0.000,0.000,0.948,3.5,0.00,0.052,—,1.680
trio-casters,35,1,boss,300,500,1.000,0.000,0.000,0.948,3.5,0.00,0.052,—,1.680
trio-casters,35,2,solo,180,500,1.000,0.000,0.000,1.000,0.0,0.00,0.000,—,1.710
trio-casters,35,2,solo,300,500,1.000,0.000,0.000,1.000,0.0,0.00,0.000,—,1.710
trio-casters,35,2,pack,180,500,1.000,0.000,0.000,0.975,1.2,0.00,0.025,—,1.696
trio-casters,35,2,pack,300,500,1.000,0.000,0.000,0.975,1.2,0.00,0.025,—,1.696
trio-casters,35,2,boss,180,500,1.000,0.000,0.000,0.928,4.7,0.00,0.072,—,1.669
trio-casters,35,2,boss,300,500,1.000,0.000,0.000,0.928,4.7,0.00,0.072,—,1.669
trio-casters,35,3,solo,180,500,1.000,0.000,0.000,1.000,0.0,0.00,0.000,—,1.710
trio-casters,35,3,solo,300,500,1.000,0.000,0.000,1.000,0.0,0.00,0.000,—,1.710
trio-casters,35,3,pack,180,500,1.000,0.000,0.000,0.896,3.5,0.00,0.104,—,1.651
trio-casters,35,3,pack,300,500,1.000,0.000,0.000,0.896,3.5,0.00,0.104,—,1.651
trio-casters,35,3,boss,180,500,1.000,0.000,0.000,1.000,5.9,0.00,0.000,—,1.710
trio-casters,35,3,boss,300,500,1.000,0.000,0.000,1.000,5.9,0.00,0.000,—,1.710
trio-casters,35,4,solo,180,500,1.000,0.000,0.000,1.000,0.0,0.00,0.000,—,1.710
trio-casters,35,4,solo,300,500,1.000,0.000,0.000,1.000,0.0,0.00,0.000,—,1.710
trio-casters,35,4,pack,180,500,1.000,0.000,0.000,0.857,4.7,0.00,0.143,—,1.628
trio-casters,35,4,pack,300,500,1.000,0.000,0.000,0.857,4.7,0.00,0.143,—,1.628
trio-casters,35,4,boss,180,500,1.000,0.000,0.000,0.929,8.2,0.00,0.071,—,1.670
trio-casters,35,4,boss,300,500,1.000,0.000,0.000,0.929,8.2,0.00,0.071,—,1.670
trio-casters,35,5,solo,180,500,1.000,0.000,0.000,1.000,0.0,0.00,0.000,—,1.710
trio-casters,35,5,solo,300,500,1.000,0.000,0.000,1.000,0.0,0.00,0.000,—,1.710
trio-casters,35,5,pack,180,500,1.000,0.000,0.000,0.975,5.9,0.00,0.025,—,1.696
trio-casters,35,5,pack,300,500,1.000,0.000,0.000,0.975,5.9,0.00,0.025,—,1.696
trio-casters,35,5,boss,180,500,1.000,0.000,0.000,1.000,11.7,0.00,0.000,—,1.710
trio-casters,35,5,boss,300,500,1.000,0.000,0.000,1.000,11.7,0.00,0.000,—,1.710
trio-casters,35,6,solo,180,500,1.000,0.000,0.000,0.906,1.2,0.00,0.094,—,1.656
trio-casters,35,6,solo,300,500,1.000,0.000,0.000,0.906,1.2,0.00,0.094,—,1.656
trio-casters,35,6,pack,180,500,0.000,0.000,1.000,—,—,3.00,1.000,—,0.000
trio-casters,35,6,pack,300,500,0.000,0.000,1.000,—,—,3.00,1.000,—,0.000
trio-casters,35,6,boss,180,500,0.000,1.000,0.000,—,—,2.00,0.713,—,0.000
trio-casters,35,6,boss,300,500,0.000,1.000,0.000,—,—,2.00,0.713,—,0.000
trio-casters,35,7,solo,180,500,1.000,0.000,0.000,0.740,3.5,0.00,0.260,—,1.562
trio-casters,35,7,solo,300,500,1.000,0.000,0.000,0.740,3.5,0.00,0.260,—,1.562
trio-casters,35,7,pack,180,500,0.000,0.000,1.000,—,—,3.00,1.000,—,0.000
trio-casters,35,7,pack,300,500,0.000,0.000,1.000,—,—,3.00,1.000,—,0.000
trio-casters,35,7,boss,180,500,0.000,0.000,1.000,—,—,3.00,1.000,—,0.000
trio-casters,35,7,boss,300,500,0.000,0.000,1.000,—,—,3.00,1.000,—,0.000
trio-casters,35,8,solo,180,500,1.000,0.000,0.000,0.343,15.0,2.00,0.657,—,1.335
trio-casters,35,8,solo,300,500,1.000,0.000,0.000,0.343,15.0,2.00,0.657,—,1.335
trio-casters,35,8,pack,180,500,0.000,0.000,1.000,—,—,3.00,1.000,—,0.000
trio-casters,35,8,pack,300,500,0.000,0.000,1.000,—,—,3.00,1.000,—,0.000
trio-casters,35,8,boss,180,500,0.000,0.000,1.000,—,—,3.00,1.000,—,0.000
trio-casters,35,8,boss,300,500,0.000,0.000,1.000,—,—,3.00,1.000,—,0.000
trio-casters,50,1,solo,180,500,1.000,0.000,0.000,1.000,0.0,0.00,0.000,—,1.800
trio-casters,50,1,solo,300,500,1.000,0.000,0.000,1.000,0.0,0.00,0.000,—,1.800
trio-casters,50,1,pack,180,500,1.000,0.000,0.000,0.987,1.1,0.00,0.013,—,1.792
trio-casters,50,1,pack,300,500,1.000,0.000,0.000,0.987,1.1,0.00,0.013,—,1.792
trio-casters,50,1,boss,180,500,1.000,0.000,0.000,0.980,2.1,0.00,0.020,—,1.788
trio-casters,50,1,boss,300,500,1.000,0.000,0.000,0.980,2.1,0.00,0.020,—,1.788
trio-casters,50,2,solo,180,500,1.000,0.000,0.000,1.000,0.0,0.00,0.000,—,1.800
trio-casters,50,2,solo,300,500,1.000,0.000,0.000,1.000,0.0,0.00,0.000,—,1.800
trio-casters,50,2,pack,180,500,1.000,0.000,0.000,0.981,1.1,0.00,0.019,—,1.789
trio-casters,50,2,pack,300,500,1.000,0.000,0.000,0.981,1.1,0.00,0.019,—,1.789
trio-casters,50,2,boss,180,500,1.000,0.000,0.000,0.945,3.2,0.00,0.055,—,1.767
trio-casters,50,2,boss,300,500,1.000,0.000,0.000,0.945,3.2,0.00,0.055,—,1.767
trio-casters,50,3,solo,180,500,1.000,0.000,0.000,1.000,0.0,0.00,0.000,—,1.800
trio-casters,50,3,solo,300,500,1.000,0.000,0.000,1.000,0.0,0.00,0.000,—,1.800
trio-casters,50,3,pack,180,500,1.000,0.000,0.000,0.974,1.1,0.00,0.026,—,1.784
trio-casters,50,3,pack,300,500,1.000,0.000,0.000,0.974,1.1,0.00,0.026,—,1.784
trio-casters,50,3,boss,180,500,1.000,0.000,0.000,0.923,4.2,0.00,0.077,—,1.754
trio-casters,50,3,boss,300,500,1.000,0.000,0.000,0.923,4.2,0.00,0.077,—,1.754
trio-casters,50,4,solo,180,500,1.000,0.000,0.000,1.000,0.0,0.00,0.000,—,1.800
trio-casters,50,4,solo,300,500,1.000,0.000,0.000,1.000,0.0,0.00,0.000,—,1.800
trio-casters,50,4,pack,180,500,1.000,0.000,0.000,0.891,3.2,0.00,0.109,—,1.735
trio-casters,50,4,pack,300,500,1.000,0.000,0.000,0.891,3.2,0.00,0.109,—,1.735
trio-casters,50,4,boss,180,500,1.000,0.000,0.000,1.000,5.3,0.00,0.000,—,1.800
trio-casters,50,4,boss,300,500,1.000,0.000,0.000,1.000,5.3,0.00,0.000,—,1.800
trio-casters,50,5,solo,180,500,1.000,0.000,0.000,1.000,0.0,0.00,0.000,—,1.800
trio-casters,50,5,solo,300,500,1.000,0.000,0.000,1.000,0.0,0.00,0.000,—,1.800
trio-casters,50,5,pack,180,500,1.000,0.000,0.000,0.848,4.2,0.00,0.152,—,1.709
trio-casters,50,5,pack,300,500,1.000,0.000,0.000,0.848,4.2,0.00,0.152,—,1.709
trio-casters,50,5,boss,180,500,1.000,0.000,0.000,0.924,8.4,0.00,0.076,—,1.754
trio-casters,50,5,boss,300,500,1.000,0.000,0.000,0.924,8.4,0.00,0.076,—,1.754
trio-casters,50,6,solo,180,500,1.000,0.000,0.000,1.000,0.0,0.00,0.000,—,1.800
trio-casters,50,6,solo,300,500,1.000,0.000,0.000,1.000,0.0,0.00,0.000,—,1.800
trio-casters,50,6,pack,180,500,1.000,0.000,0.000,0.645,15.0,1.00,0.355,—,1.587
trio-casters,50,6,pack,300,500,1.000,0.000,0.000,0.645,15.0,1.00,0.355,—,1.587
trio-casters,50,6,boss,180,500,1.000,0.000,0.000,1.000,10.5,0.00,0.000,—,1.800
trio-casters,50,6,boss,300,500,1.000,0.000,0.000,1.000,10.5,0.00,0.000,—,1.800
trio-casters,50,7,solo,180,500,1.000,0.000,0.000,0.901,1.1,0.00,0.099,—,1.740
trio-casters,50,7,solo,300,500,1.000,0.000,0.000,0.901,1.1,0.00,0.099,—,1.740
trio-casters,50,7,pack,180,500,0.000,0.000,1.000,—,—,3.00,1.000,—,0.000
trio-casters,50,7,pack,300,500,0.000,0.000,1.000,—,—,3.00,1.000,—,0.000
trio-casters,50,7,boss,180,500,0.000,1.000,0.000,—,—,2.00,0.721,—,0.000
trio-casters,50,7,boss,300,500,0.000,1.000,0.000,—,—,2.00,0.721,—,0.000
trio-casters,50,8,solo,180,500,1.000,0.000,0.000,0.722,3.2,0.00,0.278,—,1.633
trio-casters,50,8,solo,300,500,1.000,0.000,0.000,0.722,3.2,0.00,0.278,—,1.633
trio-casters,50,8,pack,180,500,0.000,0.000,1.000,—,—,3.00,1.000,—,0.000
trio-casters,50,8,pack,300,500,0.000,0.000,1.000,—,—,3.00,1.000,—,0.000
trio-casters,50,8,boss,180,500,0.000,0.000,1.000,—,—,3.00,1.000,—,0.000
trio-casters,50,8,boss,300,500,0.000,0.000,1.000,—,—,3.00,1.000,—,0.000
trio-double-tank,1,1,solo,180,500,1.000,0.000,0.000,0.953,5.0,0.00,0.047,1.000,1.483
trio-double-tank,1,1,solo,300,500,1.000,0.000,0.000,0.954,5.0,0.00,0.046,1.000,1.483
trio-double-tank,1,1,pack,180,500,1.000,0.000,0.000,1.000,30.0,0.00,0.000,1.000,1.506
trio-double-tank,1,1,pack,300,500,1.000,0.000,0.000,1.000,30.0,0.00,0.000,1.000,1.506
trio-double-tank,1,1,boss,180,500,1.000,0.000,0.000,0.989,63.7,0.00,0.011,1.000,1.500
trio-double-tank,1,1,boss,300,500,1.000,0.000,0.000,0.990,63.8,0.00,0.010,1.000,1.501
trio-double-tank,1,2,solo,180,500,1.000,0.000,0.000,0.899,8.1,0.00,0.101,1.000,1.455
trio-double-tank,1,2,solo,300,500,1.000,0.000,0.000,0.899,8.1,0.00,0.101,1.000,1.455
trio-double-tank,1,2,pack,180,500,1.000,0.000,0.000,0.852,60.7,0.36,0.148,1.000,1.432
trio-double-tank,1,2,pack,300,500,1.000,0.000,0.000,0.845,61.8,0.38,0.155,1.000,1.428
trio-double-tank,1,2,boss,180,500,1.000,0.000,0.000,0.940,98.6,0.00,0.060,1.000,1.476
trio-double-tank,1,2,boss,300,500,1.000,0.000,0.000,0.940,98.6,0.00,0.060,1.000,1.476
trio-double-tank,1,3,solo,180,500,1.000,0.000,0.000,0.960,17.4,0.00,0.040,1.000,1.486
trio-double-tank,1,3,solo,300,500,1.000,0.000,0.000,0.957,17.3,0.00,0.043,1.000,1.484
trio-double-tank,1,3,pack,180,500,0.000,0.000,1.000,—,—,3.00,1.000,0.763,0.000
trio-double-tank,1,3,pack,300,500,0.000,0.000,1.000,—,—,3.00,1.000,0.762,0.000
trio-double-tank,1,3,boss,180,500,0.034,0.054,0.912,0.660,158.5,2.85,0.970,0.801,0.045
trio-double-tank,1,3,boss,300,500,0.040,0.000,0.960,0.692,157.7,2.90,0.972,0.797,0.054
trio-double-tank,1,4,solo,180,500,1.000,0.000,0.000,0.887,29.6,0.00,0.113,1.000,1.449
trio-double-tank,1,4,solo,300,500,1.000,0.000,0.000,0.882,29.6,0.00,0.118,1.000,1.447
trio-double-tank,1,4,pack,180,500,0.000,0.000,1.000,—,—,3.00,1.000,0.788,0.000
trio-double-tank,1,4,pack,300,500,0.000,0.000,1.000,—,—,3.00,1.000,0.787,0.000
trio-double-tank,1,4,boss,180,500,0.000,0.000,1.000,—,—,3.00,1.000,0.764,0.000
trio-double-tank,1,4,boss,300,500,0.000,0.000,1.000,—,—,3.00,1.000,0.765,0.000
trio-double-tank,1,5,solo,180,500,0.110,0.000,0.890,0.470,53.6,2.78,0.948,0.819,0.136
trio-double-tank,1,5,solo,300,500,0.112,0.000,0.888,0.482,54.1,2.78,0.946,0.825,0.140
trio-double-tank,1,5,pack,180,500,0.000,0.000,1.000,—,—,3.00,1.000,0.759,0.000
trio-double-tank,1,5,pack,300,500,0.000,0.000,1.000,—,—,3.00,1.000,0.757,0.000
trio-double-tank,1,5,boss,180,500,0.000,0.000,1.000,—,—,3.00,1.000,0.738,0.000
trio-double-tank,1,5,boss,300,500,0.000,0.000,1.000,—,—,3.00,1.000,0.744,0.000
trio-double-tank,1,6,solo,180,500,0.000,0.000,1.000,—,—,3.00,1.000,0.807,0.000
trio-double-tank,1,6,solo,300,500,0.000,0.000,1.000,—,—,3.00,1.000,0.804,0.000
trio-double-tank,1,6,pack,180,500,0.000,0.000,1.000,—,—,3.00,1.000,0.730,0.000
trio-double-tank,1,6,pack,300,500,0.000,0.000,1.000,—,—,3.00,1.000,0.732,0.000
trio-double-tank,1,6,boss,180,500,0.000,0.000,1.000,—,—,3.00,1.000,0.707,0.000
trio-double-tank,1,6,boss,300,500,0.000,0.000,1.000,—,—,3.00,1.000,0.707,0.000
trio-double-tank,1,7,solo,180,500,0.000,0.000,1.000,—,—,3.00,1.000,0.841,0.000
trio-double-tank,1,7,solo,300,500,0.000,0.000,1.000,—,—,3.00,1.000,0.839,0.000
trio-double-tank,1,7,pack,180,500,0.000,0.000,1.000,—,—,3.00,1.000,0.813,0.000
trio-double-tank,1,7,pack,300,500,0.000,0.000,1.000,—,—,3.00,1.000,0.811,0.000
trio-double-tank,1,7,boss,180,500,0.000,0.000,1.000,—,—,3.00,1.000,0.681,0.000
trio-double-tank,1,7,boss,300,500,0.000,0.000,1.000,—,—,3.00,1.000,0.678,0.000
trio-double-tank,1,8,solo,180,500,0.000,0.000,1.000,—,—,3.00,1.000,0.809,0.000
trio-double-tank,1,8,solo,300,500,0.000,0.000,1.000,—,—,3.00,1.000,0.810,0.000
trio-double-tank,1,8,pack,180,500,0.000,0.000,1.000,—,—,3.00,1.000,0.807,0.000
trio-double-tank,1,8,pack,300,500,0.000,0.000,1.000,—,—,3.00,1.000,0.804,0.000
trio-double-tank,1,8,boss,180,500,0.000,0.000,1.000,—,—,3.00,1.000,0.768,0.000
trio-double-tank,1,8,boss,300,500,0.000,0.000,1.000,—,—,3.00,1.000,0.773,0.000
trio-double-tank,5,1,solo,180,500,1.000,0.000,0.000,1.000,0.0,0.00,0.000,—,1.530
trio-double-tank,5,1,solo,300,500,1.000,0.000,0.000,1.000,0.0,0.00,0.000,—,1.530
trio-double-tank,5,1,pack,180,500,1.000,0.000,0.000,0.944,9.0,0.00,0.056,1.000,1.501
trio-double-tank,5,1,pack,300,500,1.000,0.000,0.000,0.946,9.0,0.00,0.054,1.000,1.502
trio-double-tank,5,1,boss,180,500,1.000,0.000,0.000,0.950,19.1,0.00,0.050,1.000,1.504
trio-double-tank,5,1,boss,300,500,1.000,0.000,0.000,0.948,19.0,0.00,0.052,1.000,1.503
trio-double-tank,5,2,solo,180,500,1.000,0.000,0.000,0.986,3.0,0.00,0.014,1.000,1.523
trio-double-tank,5,2,solo,300,500,1.000,0.000,0.000,0.986,3.0,0.00,0.014,1.000,1.523
trio-double-tank,5,2,pack,180,500,1.000,0.000,0.000,1.000,18.0,0.00,0.000,1.000,1.530
trio-double-tank,5,2,pack,300,500,1.000,0.000,0.000,0.999,17.9,0.00,0.001,1.000,1.530
trio-double-tank,5,2,boss,180,500,1.000,0.000,0.000,0.984,37.0,0.00,0.016,1.000,1.522
trio-double-tank,5,2,boss,300,500,1.000,0.000,0.000,0.984,37.0,0.00,0.016,1.000,1.522
trio-double-tank,5,3,solo,180,500,1.000,0.000,0.000,0.932,6.0,0.00,0.068,1.000,1.495
trio-double-tank,5,3,solo,300,500,1.000,0.000,0.000,0.932,6.0,0.00,0.068,1.000,1.496
trio-double-tank,5,3,pack,180,500,1.000,0.000,0.000,0.998,29.9,0.00,0.002,1.000,1.529
trio-double-tank,5,3,pack,300,500,1.000,0.000,0.000,0.998,29.9,0.00,0.002,1.000,1.529
trio-double-tank,5,3,boss,180,500,1.000,0.000,0.000,0.963,59.0,0.00,0.037,1.000,1.511
trio-double-tank,5,3,boss,300,500,1.000,0.000,0.000,0.964,59.0,0.00,0.036,1.000,1.512
trio-double-tank,5,4,solo,180,500,1.000,0.000,0.000,0.986,8.9,0.00,0.014,1.000,1.523
trio-double-tank,5,4,solo,300,500,1.000,0.000,0.000,0.986,8.9,0.00,0.014,1.000,1.523
trio-double-tank,5,4,pack,180,500,0.720,0.070,0.210,0.673,101.4,1.39,0.502,0.915,0.981
trio-double-tank,5,4,pack,300,500,0.718,0.068,0.214,0.656,104.6,1.43,0.515,0.874,0.973
trio-double-tank,5,4,boss,180,500,1.000,0.000,0.000,0.982,88.3,0.00,0.018,1.000,1.521
trio-double-tank,5,4,boss,300,500,1.000,0.000,0.000,0.983,88.4,0.00,0.017,1.000,1.521
trio-double-tank,5,5,solo,180,500,1.000,0.000,0.000,0.997,17.5,0.00,0.003,1.000,1.528
trio-double-tank,5,5,solo,300,500,1.000,0.000,0.000,0.997,17.7,0.00,0.003,1.000,1.529
trio-double-tank,5,5,pack,180,500,0.000,0.000,1.000,—,—,3.00,1.000,0.780,0.000
trio-double-tank,5,5,pack,300,500,0.000,0.000,1.000,—,—,3.00,1.000,0.776,0.000
trio-double-tank,5,5,boss,180,500,0.000,0.000,1.000,—,—,3.00,1.000,0.680,0.000
trio-double-tank,5,5,boss,300,500,0.000,0.000,1.000,—,—,3.00,1.000,0.678,0.000
trio-double-tank,5,6,solo,180,500,1.000,0.000,0.000,0.943,29.7,0.00,0.057,1.000,1.501
trio-double-tank,5,6,solo,300,500,1.000,0.000,0.000,0.944,29.8,0.00,0.056,1.000,1.501
trio-double-tank,5,6,pack,180,500,0.000,0.000,1.000,—,—,3.00,1.000,0.826,0.000
trio-double-tank,5,6,pack,300,500,0.000,0.000,1.000,—,—,3.00,1.000,0.826,0.000
trio-double-tank,5,6,boss,180,500,0.000,0.000,1.000,—,—,3.00,1.000,0.818,0.000
trio-double-tank,5,6,boss,300,500,0.000,0.000,1.000,—,—,3.00,1.000,0.818,0.000
trio-double-tank,5,7,solo,180,500,0.022,0.000,0.978,0.481,51.6,2.96,0.989,0.751,0.028
trio-double-tank,5,7,solo,300,500,0.012,0.000,0.988,0.406,47.3,2.98,0.995,0.747,0.015
trio-double-tank,5,7,pack,180,500,0.000,0.000,1.000,—,—,3.00,1.000,0.754,0.000
trio-double-tank,5,7,pack,300,500,0.000,0.000,1.000,—,—,3.00,1.000,0.753,0.000
trio-double-tank,5,7,boss,180,500,0.000,0.000,1.000,—,—,3.00,1.000,0.727,0.000
trio-double-tank,5,7,boss,300,500,0.000,0.000,1.000,—,—,3.00,1.000,0.727,0.000
trio-double-tank,5,8,solo,180,500,0.000,0.000,1.000,—,—,3.00,1.000,0.845,0.000
trio-double-tank,5,8,solo,300,500,0.000,0.000,1.000,—,—,3.00,1.000,0.844,0.000
trio-double-tank,5,8,pack,180,500,0.000,0.000,1.000,—,—,3.00,1.000,0.813,0.000
trio-double-tank,5,8,pack,300,500,0.000,0.000,1.000,—,—,3.00,1.000,0.816,0.000
trio-double-tank,5,8,boss,180,500,0.000,0.000,1.000,—,—,3.00,1.000,0.684,0.000
trio-double-tank,5,8,boss,300,500,0.000,0.000,1.000,—,—,3.00,1.000,0.684,0.000
trio-double-tank,10,1,solo,180,500,1.000,0.000,0.000,1.000,0.0,0.00,0.000,—,1.560
trio-double-tank,10,1,solo,300,500,1.000,0.000,0.000,1.000,0.0,0.00,0.000,—,1.560
trio-double-tank,10,1,pack,180,500,1.000,0.000,0.000,0.987,4.2,0.00,0.013,1.000,1.553
trio-double-tank,10,1,pack,300,500,1.000,0.000,0.000,0.987,4.2,0.00,0.013,1.000,1.553
trio-double-tank,10,1,boss,180,500,1.000,0.000,0.000,0.993,8.4,0.00,0.007,1.000,1.556
trio-double-tank,10,1,boss,300,500,1.000,0.000,0.000,0.993,8.4,0.00,0.007,1.000,1.556
trio-double-tank,10,2,solo,180,500,1.000,0.000,0.000,1.000,0.0,0.00,0.000,—,1.560
trio-double-tank,10,2,solo,300,500,1.000,0.000,0.000,1.000,0.0,0.00,0.000,—,1.560
trio-double-tank,10,2,pack,180,500,1.000,0.000,0.000,0.944,8.1,0.00,0.056,1.000,1.531
trio-double-tank,10,2,pack,300,500,1.000,0.000,0.000,0.943,8.1,0.00,0.057,1.000,1.531
trio-double-tank,10,2,boss,180,500,1.000,0.000,0.000,0.941,12.6,0.00,0.059,1.000,1.529
trio-double-tank,10,2,boss,300,500,1.000,0.000,0.000,0.942,12.6,0.00,0.058,1.000,1.530
trio-double-tank,10,3,solo,180,500,1.000,0.000,0.000,0.986,2.1,0.00,0.014,1.000,1.553
trio-double-tank,10,3,solo,300,500,1.000,0.000,0.000,0.986,2.1,0.00,0.014,1.000,1.553
trio-double-tank,10,3,pack,180,500,1.000,0.000,0.000,0.998,14.4,0.00,0.002,1.000,1.559
trio-double-tank,10,3,pack,300,500,1.000,0.000,0.000,0.997,14.3,0.00,0.003,1.000,1.558
trio-double-tank,10,3,boss,180,500,1.000,0.000,0.000,0.987,24.1,0.00,0.013,1.000,1.553
trio-double-tank,10,3,boss,300,500,1.000,0.000,0.000,0.986,24.0,0.00,0.014,1.000,1.553
trio-double-tank,10,4,solo,180,500,1.000,0.000,0.000,0.936,4.0,0.00,0.064,1.000,1.527
trio-double-tank,10,4,solo,300,500,1.000,0.000,0.000,0.936,4.0,0.00,0.064,1.000,1.527
trio-double-tank,10,4,pack,180,500,1.000,0.000,0.000,0.977,18.9,0.00,0.023,1.000,1.548
trio-double-tank,10,4,pack,300,500,1.000,0.000,0.000,0.976,18.8,0.00,0.024,1.000,1.548
trio-double-tank,10,4,boss,180,500,1.000,0.000,0.000,0.989,37.0,0.00,0.011,1.000,1.554
trio-double-tank,10,4,boss,300,500,1.000,0.000,0.000,0.987,37.0,0.00,0.013,1.000,1.553
trio-double-tank,10,5,solo,180,500,1.000,0.000,0.000,0.922,6.0,0.00,0.078,1.000,1.519
trio-double-tank,10,5,solo,300,500,1.000,0.000,0.000,0.920,6.0,0.00,0.080,1.000,1.518
trio-double-tank,10,5,pack,180,500,1.000,0.000,0.000,0.976,32.6,0.06,0.024,1.000,1.547
trio-double-tank,10,5,pack,300,500,1.000,0.000,0.000,0.980,31.8,0.05,0.020,1.000,1.549
trio-double-tank,10,5,boss,180,500,1.000,0.000,0.000,0.938,57.9,0.00,0.062,1.000,1.528
trio-double-tank,10,5,boss,300,500,1.000,0.000,0.000,0.938,57.7,0.00,0.062,1.000,1.528
trio-double-tank,10,6,solo,180,500,1.000,0.000,0.000,0.936,11.7,0.00,0.064,1.000,1.527
trio-double-tank,10,6,solo,300,500,1.000,0.000,0.000,0.938,11.7,0.00,0.062,1.000,1.528
trio-double-tank,10,6,pack,180,500,0.002,0.000,0.998,0.627,108.0,3.00,0.999,0.780,0.003
trio-double-tank,10,6,pack,300,500,0.000,0.000,1.000,—,—,3.00,1.000,0.777,0.000
trio-double-tank,10,6,boss,180,500,0.298,0.202,0.500,0.886,86.9,1.70,0.647,0.938,0.447
trio-double-tank,10,6,boss,300,500,0.312,0.172,0.516,0.879,87.3,1.72,0.639,0.947,0.467
trio-double-tank,10,7,solo,180,500,1.000,0.000,0.000,0.921,20.6,0.00,0.079,1.000,1.519
trio-double-tank,10,7,solo,300,500,1.000,0.000,0.000,0.918,20.7,0.00,0.082,1.000,1.517
trio-double-tank,10,7,pack,180,500,0.000,0.000,1.000,—,—,3.00,1.000,0.832,0.000
trio-double-tank,10,7,pack,300,500,0.000,0.000,1.000,—,—,3.00,1.000,0.831,0.000
trio-double-tank,10,7,boss,180,500,0.000,0.000,1.000,—,—,3.00,1.000,0.828,0.000
trio-double-tank,10,7,boss,300,500,0.000,0.000,1.000,—,—,3.00,1.000,0.827,0.000
trio-double-tank,10,8,solo,180,500,0.674,0.000,0.326,0.703,37.8,1.26,0.526,0.914,0.947
trio-double-tank,10,8,solo,300,500,0.704,0.000,0.296,0.700,38.0,1.18,0.507,0.921,0.988
trio-double-tank,10,8,pack,180,500,0.000,0.000,1.000,—,—,3.00,1.000,0.752,0.000
trio-double-tank,10,8,pack,300,500,0.000,0.000,1.000,—,—,3.00,1.000,0.750,0.000
trio-double-tank,10,8,boss,180,500,0.000,0.000,1.000,—,—,3.00,1.000,0.749,0.000
trio-double-tank,10,8,boss,300,500,0.000,0.000,1.000,—,—,3.00,1.000,0.754,0.000
trio-double-tank,20,1,solo,180,500,1.000,0.000,0.000,1.000,0.0,0.00,0.000,—,1.620
trio-double-tank,20,1,solo,300,500,1.000,0.000,0.000,1.000,0.0,0.00,0.000,—,1.620
trio-double-tank,20,1,pack,180,500,1.000,0.000,0.000,1.000,1.5,0.00,0.000,1.000,1.620
trio-double-tank,20,1,pack,300,500,1.000,0.000,0.000,1.000,1.5,0.00,0.000,1.000,1.620
trio-double-tank,20,1,boss,180,500,1.000,0.000,0.000,0.999,4.5,0.00,0.001,1.000,1.620
trio-double-tank,20,1,boss,300,500,1.000,0.000,0.000,0.999,4.5,0.00,0.001,1.000,1.620
trio-double-tank,20,2,solo,180,500,1.000,0.000,0.000,1.000,0.0,0.00,0.000,—,1.620
trio-double-tank,20,2,solo,300,500,1.000,0.000,0.000,1.000,0.0,0.00,0.000,—,1.620
trio-double-tank,20,2,pack,180,500,1.000,0.000,0.000,0.989,4.0,0.00,0.011,1.000,1.614
trio-double-tank,20,2,pack,300,500,1.000,0.000,0.000,0.989,4.0,0.00,0.011,1.000,1.614
trio-double-tank,20,2,boss,180,500,1.000,0.000,0.000,1.000,6.0,0.00,0.000,1.000,1.620
trio-double-tank,20,2,boss,300,500,1.000,0.000,0.000,1.000,6.0,0.00,0.000,1.000,1.620
trio-double-tank,20,3,solo,180,500,1.000,0.000,0.000,1.000,0.0,0.00,0.000,—,1.620
trio-double-tank,20,3,solo,300,500,1.000,0.000,0.000,1.000,0.0,0.00,0.000,—,1.620
trio-double-tank,20,3,pack,180,500,1.000,0.000,0.000,0.991,4.5,0.00,0.009,1.000,1.615
trio-double-tank,20,3,pack,300,500,1.000,0.000,0.000,0.992,4.5,0.00,0.008,1.000,1.616
trio-double-tank,20,3,boss,180,500,1.000,0.000,0.000,0.989,8.1,0.00,0.011,1.000,1.614
trio-double-tank,20,3,boss,300,500,1.000,0.000,0.000,0.990,8.1,0.00,0.010,1.000,1.614
trio-double-tank,20,4,solo,180,500,1.000,0.000,0.000,1.000,0.0,0.00,0.000,—,1.620
trio-double-tank,20,4,solo,300,500,1.000,0.000,0.000,1.000,0.0,0.00,0.000,—,1.620
trio-double-tank,20,4,pack,180,500,1.000,0.000,0.000,0.969,6.0,0.00,0.031,1.000,1.603
trio-double-tank,20,4,pack,300,500,1.000,0.000,0.000,0.968,6.0,0.00,0.032,1.000,1.603
trio-double-tank,20,4,boss,180,500,1.000,0.000,0.000,0.957,13.5,0.00,0.043,1.000,1.597
trio-double-tank,20,4,boss,300,500,1.000,0.000,0.000,0.958,13.5,0.00,0.042,1.000,1.597
trio-double-tank,20,5,solo,180,500,1.000,0.000,0.000,0.983,1.5,0.00,0.017,1.000,1.611
trio-double-tank,20,5,solo,300,500,1.000,0.000,0.000,0.984,1.5,0.00,0.016,1.000,1.612
trio-double-tank,20,5,pack,180,500,1.000,0.000,0.000,0.979,12.1,0.00,0.021,1.000,1.608
trio-double-tank,20,5,pack,300,500,1.000,0.000,0.000,0.980,12.1,0.00,0.020,1.000,1.609
trio-double-tank,20,5,boss,180,500,1.000,0.000,0.000,0.959,22.8,0.00,0.041,1.000,1.598
trio-double-tank,20,5,boss,300,500,1.000,0.000,0.000,0.962,23.0,0.00,0.038,1.000,1.599
trio-double-tank,20,6,solo,180,500,1.000,0.000,0.000,0.943,4.0,0.00,0.057,1.000,1.589
trio-double-tank,20,6,solo,300,500,1.000,0.000,0.000,0.944,4.0,0.00,0.056,1.000,1.590
trio-double-tank,20,6,pack,180,500,1.000,0.000,0.000,0.974,19.4,0.00,0.026,1.000,1.606
trio-double-tank,20,6,pack,300,500,1.000,0.000,0.000,0.973,19.4,0.00,0.027,1.000,1.605
trio-double-tank,20,6,boss,180,500,1.000,0.000,0.000,0.994,39.6,0.00,0.006,1.000,1.617
trio-double-tank,20,6,boss,300,500,1.000,0.000,0.000,0.995,39.6,0.00,0.005,1.000,1.617
trio-double-tank,20,7,solo,180,500,1.000,0.000,0.000,0.956,6.7,0.00,0.044,1.000,1.596
trio-double-tank,20,7,solo,300,500,1.000,0.000,0.000,0.956,6.6,0.00,0.044,1.000,1.596
trio-double-tank,20,7,pack,180,500,0.952,0.000,0.048,0.946,36.8,0.18,0.100,0.985,1.514
trio-double-tank,20,7,pack,300,500,0.944,0.000,0.056,0.943,36.1,0.21,0.110,0.981,1.500
trio-double-tank,20,7,boss,180,500,1.000,0.000,0.000,0.944,59.4,0.00,0.056,1.000,1.590
trio-double-tank,20,7,boss,300,500,1.000,0.000,0.000,0.947,59.3,0.00,0.053,1.000,1.591
trio-double-tank,20,8,solo,180,500,1.000,0.000,0.000,0.984,13.1,0.00,0.016,1.000,1.611
trio-double-tank,20,8,solo,300,500,1.000,0.000,0.000,0.983,13.0,0.00,0.017,1.000,1.611
trio-double-tank,20,8,pack,180,500,0.002,0.000,0.998,0.916,48.0,2.99,0.998,0.778,0.003
trio-double-tank,20,8,pack,300,500,0.002,0.000,0.998,0.916,48.0,2.99,0.998,0.775,0.003
trio-double-tank,20,8,boss,180,500,0.084,0.066,0.850,0.914,95.2,2.62,0.893,0.832,0.132
trio-double-tank,20,8,boss,300,500,0.124,0.062,0.814,0.921,94.9,2.50,0.854,0.860,0.196
trio-double-tank,35,1,solo,180,500,1.000,0.000,0.000,1.000,0.0,0.00,0.000,—,1.710
trio-double-tank,35,1,solo,300,500,1.000,0.000,0.000,1.000,0.0,0.00,0.000,—,1.710
trio-double-tank,35,1,pack,180,500,1.000,0.000,0.000,1.000,0.0,0.00,0.000,—,1.710
trio-double-tank,35,1,pack,300,500,1.000,0.000,0.000,1.000,0.0,0.00,0.000,—,1.710
trio-double-tank,35,1,boss,180,500,1.000,0.000,0.000,1.000,2.4,0.00,0.000,1.000,1.710
trio-double-tank,35,1,boss,300,500,1.000,0.000,0.000,1.000,2.4,0.00,0.000,1.000,1.710
trio-double-tank,35,2,solo,180,500,1.000,0.000,0.000,1.000,0.0,0.00,0.000,—,1.710
trio-double-tank,35,2,solo,300,500,1.000,0.000,0.000,1.000,0.0,0.00,0.000,—,1.710
trio-double-tank,35,2,pack,180,500,1.000,0.000,0.000,1.000,1.2,0.00,0.000,1.000,1.710
trio-double-tank,35,2,pack,300,500,1.000,0.000,0.000,1.000,1.2,0.00,0.000,1.000,1.710
trio-double-tank,35,2,boss,180,500,1.000,0.000,0.000,1.000,3.6,0.00,0.000,1.000,1.710
trio-double-tank,35,2,boss,300,500,1.000,0.000,0.000,1.000,3.6,0.00,0.000,1.000,1.710
trio-double-tank,35,3,solo,180,500,1.000,0.000,0.000,1.000,0.0,0.00,0.000,—,1.710
trio-double-tank,35,3,solo,300,500,1.000,0.000,0.000,1.000,0.0,0.00,0.000,—,1.710
trio-double-tank,35,3,pack,180,500,1.000,0.000,0.000,1.000,3.6,0.00,0.000,1.000,1.710
trio-double-tank,35,3,pack,300,500,1.000,0.000,0.000,1.000,3.6,0.00,0.000,1.000,1.710
trio-double-tank,35,3,boss,180,500,1.000,0.000,0.000,1.000,4.8,0.00,0.000,1.000,1.710
trio-double-tank,35,3,boss,300,500,1.000,0.000,0.000,1.000,4.8,0.00,0.000,1.000,1.710
trio-double-tank,35,4,solo,180,500,1.000,0.000,0.000,1.000,0.0,0.00,0.000,—,1.710
trio-double-tank,35,4,solo,300,500,1.000,0.000,0.000,1.000,0.0,0.00,0.000,—,1.710
trio-double-tank,35,4,pack,180,500,1.000,0.000,0.000,0.998,3.6,0.00,0.002,1.000,1.709
trio-double-tank,35,4,pack,300,500,1.000,0.000,0.000,0.998,3.6,0.00,0.002,1.000,1.709
trio-double-tank,35,4,boss,180,500,1.000,0.000,0.000,1.000,6.0,0.00,0.000,1.000,1.710
trio-double-tank,35,4,boss,300,500,1.000,0.000,0.000,1.000,6.0,0.00,0.000,1.000,1.710
trio-double-tank,35,5,solo,180,500,1.000,0.000,0.000,1.000,0.0,0.00,0.000,—,1.710
trio-double-tank,35,5,solo,300,500,1.000,0.000,0.000,1.000,0.0,0.00,0.000,—,1.710
trio-double-tank,35,5,pack,180,500,1.000,0.000,0.000,0.987,6.0,0.00,0.013,1.000,1.703
trio-double-tank,35,5,pack,300,500,1.000,0.000,0.000,0.987,6.0,0.00,0.013,1.000,1.703
trio-double-tank,35,5,boss,180,500,1.000,0.000,0.000,0.995,10.8,0.00,0.005,1.000,1.707
trio-double-tank,35,5,boss,300,500,1.000,0.000,0.000,0.995,10.8,0.00,0.005,1.000,1.707
trio-double-tank,35,6,solo,180,500,1.000,0.000,0.000,0.990,1.2,0.00,0.010,1.000,1.705
trio-double-tank,35,6,solo,300,500,1.000,0.000,0.000,0.991,1.2,0.00,0.009,1.000,1.705
trio-double-tank,35,6,pack,180,500,1.000,0.000,0.000,0.949,8.1,0.00,0.051,1.000,1.681
trio-double-tank,35,6,pack,300,500,1.000,0.000,0.000,0.947,8.1,0.00,0.053,1.000,1.680
trio-double-tank,35,6,boss,180,500,1.000,0.000,0.000,0.948,16.2,0.00,0.052,1.000,1.680
trio-double-tank,35,6,boss,300,500,1.000,0.000,0.000,0.949,16.2,0.00,0.051,1.000,1.681
trio-double-tank,35,7,solo,180,500,1.000,0.000,0.000,0.976,3.6,0.00,0.024,1.000,1.696
trio-double-tank,35,7,solo,300,500,1.000,0.000,0.000,0.976,3.6,0.00,0.024,1.000,1.696
trio-double-tank,35,7,pack,180,500,1.000,0.000,0.000,0.983,15.3,0.00,0.017,1.000,1.700
trio-double-tank,35,7,pack,300,500,1.000,0.000,0.000,0.984,15.3,0.00,0.016,1.000,1.701
trio-double-tank,35,7,boss,180,500,1.000,0.000,0.000,0.979,28.4,0.00,0.021,1.000,1.698
trio-double-tank,35,7,boss,300,500,1.000,0.000,0.000,0.977,28.3,0.00,0.023,1.000,1.697
trio-double-tank,35,8,solo,180,500,1.000,0.000,0.000,0.967,4.8,0.00,0.033,1.000,1.691
trio-double-tank,35,8,solo,300,500,1.000,0.000,0.000,0.966,4.8,0.00,0.034,1.000,1.691
trio-double-tank,35,8,pack,180,500,1.000,0.000,0.000,0.990,23.9,0.00,0.010,1.000,1.704
trio-double-tank,35,8,pack,300,500,1.000,0.000,0.000,0.990,23.9,0.00,0.010,1.000,1.704
trio-double-tank,35,8,boss,180,500,1.000,0.000,0.000,0.929,47.1,0.00,0.071,1.000,1.669
trio-double-tank,35,8,boss,300,500,1.000,0.000,0.000,0.925,47.0,0.00,0.075,1.000,1.667
trio-double-tank,50,1,solo,180,500,1.000,0.000,0.000,1.000,0.0,0.00,0.000,—,1.800
trio-double-tank,50,1,solo,300,500,1.000,0.000,0.000,1.000,0.0,0.00,0.000,—,1.800
trio-double-tank,50,1,pack,180,500,1.000,0.000,0.000,1.000,0.0,0.00,0.000,—,1.800
trio-double-tank,50,1,pack,300,500,1.000,0.000,0.000,1.000,0.0,0.00,0.000,—,1.800
trio-double-tank,50,1,boss,180,500,1.000,0.000,0.000,1.000,1.1,0.00,0.000,1.000,1.800
trio-double-tank,50,1,boss,300,500,1.000,0.000,0.000,1.000,1.1,0.00,0.000,1.000,1.800
trio-double-tank,50,2,solo,180,500,1.000,0.000,0.000,1.000,0.0,0.00,0.000,—,1.800
trio-double-tank,50,2,solo,300,500,1.000,0.000,0.000,1.000,0.0,0.00,0.000,—,1.800
trio-double-tank,50,2,pack,180,500,1.000,0.000,0.000,1.000,0.0,0.00,0.000,—,1.800
trio-double-tank,50,2,pack,300,500,1.000,0.000,0.000,1.000,0.0,0.00,0.000,—,1.800
trio-double-tank,50,2,boss,180,500,1.000,0.000,0.000,1.000,2.1,0.00,0.000,1.000,1.800
trio-double-tank,50,2,boss,300,500,1.000,0.000,0.000,1.000,2.1,0.00,0.000,1.000,1.800
trio-double-tank,50,3,solo,180,500,1.000,0.000,0.000,1.000,0.0,0.00,0.000,—,1.800
trio-double-tank,50,3,solo,300,500,1.000,0.000,0.000,1.000,0.0,0.00,0.000,—,1.800
trio-double-tank,50,3,pack,180,500,1.000,0.000,0.000,1.000,1.1,0.00,0.000,1.000,1.800
trio-double-tank,50,3,pack,300,500,1.000,0.000,0.000,1.000,1.1,0.00,0.000,1.000,1.800
trio-double-tank,50,3,boss,180,500,1.000,0.000,0.000,1.000,3.2,0.00,0.000,1.000,1.800
trio-double-tank,50,3,boss,300,500,1.000,0.000,0.000,1.000,3.2,0.00,0.000,1.000,1.800
trio-double-tank,50,4,solo,180,500,1.000,0.000,0.000,1.000,0.0,0.00,0.000,—,1.800
trio-double-tank,50,4,solo,300,500,1.000,0.000,0.000,1.000,0.0,0.00,0.000,—,1.800
trio-double-tank,50,4,pack,180,500,1.000,0.000,0.000,1.000,3.2,0.00,0.000,1.000,1.800
trio-double-tank,50,4,pack,300,500,1.000,0.000,0.000,1.000,3.2,0.00,0.000,1.000,1.800
trio-double-tank,50,4,boss,180,500,1.000,0.000,0.000,1.000,4.3,0.00,0.000,1.000,1.800
trio-double-tank,50,4,boss,300,500,1.000,0.000,0.000,1.000,4.3,0.00,0.000,1.000,1.800
trio-double-tank,50,5,solo,180,500,1.000,0.000,0.000,1.000,0.0,0.00,0.000,—,1.800
trio-double-tank,50,5,solo,300,500,1.000,0.000,0.000,1.000,0.0,0.00,0.000,—,1.800
trio-double-tank,50,5,pack,180,500,1.000,0.000,0.000,0.999,3.2,0.00,0.001,1.000,1.800
trio-double-tank,50,5,pack,300,500,1.000,0.000,0.000,0.999,3.2,0.00,0.001,1.000,1.800
trio-double-tank,50,5,boss,180,500,1.000,0.000,0.000,0.997,6.4,0.00,0.003,1.000,1.798
trio-double-tank,50,5,boss,300,500,1.000,0.000,0.000,0.997,6.4,0.00,0.003,1.000,1.798
trio-double-tank,50,6,solo,180,500,1.000,0.000,0.000,1.000,0.0,0.00,0.000,—,1.800
trio-double-tank,50,6,solo,300,500,1.000,0.000,0.000,1.000,0.0,0.00,0.000,—,1.800
trio-double-tank,50,6,pack,180,500,1.000,0.000,0.000,0.998,5.4,0.00,0.002,1.000,1.799
trio-double-tank,50,6,pack,300,500,1.000,0.000,0.000,0.998,5.4,0.00,0.002,1.000,1.799
trio-double-tank,50,6,boss,180,500,1.000,0.000,0.000,0.998,10.7,0.00,0.002,1.000,1.799
trio-double-tank,50,6,boss,300,500,1.000,0.000,0.000,0.998,10.7,0.00,0.002,1.000,1.799
trio-double-tank,50,7,solo,180,500,1.000,0.000,0.000,0.994,1.1,0.00,0.006,1.000,1.796
trio-double-tank,50,7,solo,300,500,1.000,0.000,0.000,0.993,1.1,0.00,0.007,1.000,1.796
trio-double-tank,50,7,pack,180,500,1.000,0.000,0.000,0.976,8.1,0.00,0.024,1.000,1.786
trio-double-tank,50,7,pack,300,500,1.000,0.000,0.000,0.976,8.1,0.00,0.024,1.000,1.786
trio-double-tank,50,7,boss,180,500,1.000,0.000,0.000,0.981,16.1,0.00,0.019,1.000,1.788
trio-double-tank,50,7,boss,300,500,1.000,0.000,0.000,0.981,16.1,0.00,0.019,1.000,1.789
trio-double-tank,50,8,solo,180,500,1.000,0.000,0.000,0.982,3.2,0.00,0.018,1.000,1.789
trio-double-tank,50,8,solo,300,500,1.000,0.000,0.000,0.982,3.2,0.00,0.018,1.000,1.789
trio-double-tank,50,8,pack,180,500,1.000,0.000,0.000,0.966,13.7,0.00,0.034,1.000,1.780
trio-double-tank,50,8,pack,300,500,1.000,0.000,0.000,0.968,13.8,0.00,0.032,1.000,1.781
trio-double-tank,50,8,boss,180,500,1.000,0.000,0.000,0.965,25.6,0.00,0.035,1.000,1.779
trio-double-tank,50,8,boss,300,500,1.000,0.000,0.000,0.963,25.6,0.00,0.037,1.000,1.778
trio-utility,1,1,solo,180,500,1.000,0.000,0.000,0.919,4.3,0.00,0.081,—,1.466
trio-utility,1,1,solo,300,500,1.000,0.000,0.000,0.919,4.3,0.00,0.081,—,1.466
trio-utility,1,1,pack,180,500,1.000,0.000,0.000,0.412,25.7,0.99,0.588,—,1.211
trio-utility,1,1,pack,300,500,1.000,0.000,0.000,0.412,25.7,1.00,0.588,—,1.211
trio-utility,1,1,boss,180,500,0.016,0.000,0.984,0.091,53.0,2.98,0.999,—,0.017
trio-utility,1,1,boss,300,500,0.014,0.000,0.986,0.105,52.0,2.99,0.999,—,0.015
trio-utility,1,2,solo,180,500,1.000,0.000,0.000,0.828,7.5,0.00,0.172,—,1.420
trio-utility,1,2,solo,300,500,1.000,0.000,0.000,0.828,7.5,0.00,0.172,—,1.420
trio-utility,1,2,pack,180,500,0.000,0.000,1.000,—,—,3.00,1.000,—,0.000
trio-utility,1,2,pack,300,500,0.000,0.000,1.000,—,—,3.00,1.000,—,0.000
trio-utility,1,2,boss,180,500,0.000,0.000,1.000,—,—,3.00,1.000,—,0.000
trio-utility,1,2,boss,300,500,0.000,0.000,1.000,—,—,3.00,1.000,—,0.000
trio-utility,1,3,solo,180,500,1.000,0.000,0.000,0.671,11.2,0.00,0.329,—,1.341
trio-utility,1,3,solo,300,500,1.000,0.000,0.000,0.671,11.2,0.00,0.329,—,1.341
trio-utility,1,3,pack,180,500,0.000,0.000,1.000,—,—,3.00,1.000,—,0.000
trio-utility,1,3,pack,300,500,0.000,0.000,1.000,—,—,3.00,1.000,—,0.000
trio-utility,1,3,boss,180,500,0.000,0.000,1.000,—,—,3.00,1.000,—,0.000
trio-utility,1,3,boss,300,500,0.000,0.000,1.000,—,—,3.00,1.000,—,0.000
trio-utility,1,4,solo,180,500,1.000,0.000,0.000,0.184,22.5,1.02,0.816,—,1.096
trio-utility,1,4,solo,300,500,1.000,0.000,0.000,0.183,22.5,1.01,0.817,—,1.096
trio-utility,1,4,pack,180,500,0.000,0.000,1.000,—,—,3.00,1.000,—,0.000
trio-utility,1,4,pack,300,500,0.000,0.000,1.000,—,—,3.00,1.000,—,0.000
trio-utility,1,4,boss,180,500,0.000,0.000,1.000,—,—,3.00,1.000,—,0.000
trio-utility,1,4,boss,300,500,0.000,0.000,1.000,—,—,3.00,1.000,—,0.000
trio-utility,1,5,solo,180,500,0.000,0.000,1.000,—,—,3.00,1.000,—,0.000
trio-utility,1,5,solo,300,500,0.000,0.000,1.000,—,—,3.00,1.000,—,0.000
trio-utility,1,5,pack,180,500,0.000,0.000,1.000,—,—,3.00,1.000,—,0.000
trio-utility,1,5,pack,300,500,0.000,0.000,1.000,—,—,3.00,1.000,—,0.000
trio-utility,1,5,boss,180,500,0.000,0.000,1.000,—,—,3.00,1.000,—,0.000
trio-utility,1,5,boss,300,500,0.000,0.000,1.000,—,—,3.00,1.000,—,0.000
trio-utility,1,6,solo,180,500,0.000,0.000,1.000,—,—,3.00,1.000,—,0.000
trio-utility,1,6,solo,300,500,0.000,0.000,1.000,—,—,3.00,1.000,—,0.000
trio-utility,1,6,pack,180,500,0.000,0.000,1.000,—,—,3.00,1.000,—,0.000
trio-utility,1,6,pack,300,500,0.000,0.000,1.000,—,—,3.00,1.000,—,0.000
trio-utility,1,6,boss,180,500,0.000,0.000,1.000,—,—,3.00,1.000,—,0.000
trio-utility,1,6,boss,300,500,0.000,0.000,1.000,—,—,3.00,1.000,—,0.000
trio-utility,1,7,solo,180,500,0.000,0.000,1.000,—,—,3.00,1.000,—,0.000
trio-utility,1,7,solo,300,500,0.000,0.000,1.000,—,—,3.00,1.000,—,0.000
trio-utility,1,7,pack,180,500,0.000,0.000,1.000,—,—,3.00,1.000,—,0.000
trio-utility,1,7,pack,300,500,0.000,0.000,1.000,—,—,3.00,1.000,—,0.000
trio-utility,1,7,boss,180,500,0.000,0.000,1.000,—,—,3.00,1.000,—,0.000
trio-utility,1,7,boss,300,500,0.000,0.000,1.000,—,—,3.00,1.000,—,0.000
trio-utility,1,8,solo,180,500,0.000,0.000,1.000,—,—,3.00,1.000,—,0.000
trio-utility,1,8,solo,300,500,0.000,0.000,1.000,—,—,3.00,1.000,—,0.000
trio-utility,1,8,pack,180,500,0.000,0.000,1.000,—,—,3.00,1.000,—,0.000
trio-utility,1,8,pack,300,500,0.000,0.000,1.000,—,—,3.00,1.000,—,0.000
trio-utility,1,8,boss,180,500,0.000,0.000,1.000,—,—,3.00,1.000,—,0.000
trio-utility,1,8,boss,300,500,0.000,0.000,1.000,—,—,3.00,1.000,—,0.000
trio-utility,5,1,solo,180,500,1.000,0.000,0.000,0.933,3.2,0.00,0.067,—,1.496
trio-utility,5,1,solo,300,500,1.000,0.000,0.000,0.933,3.2,0.00,0.067,—,1.496
trio-utility,5,1,pack,180,500,1.000,0.000,0.000,0.716,11.4,0.00,0.284,—,1.385
trio-utility,5,1,pack,300,500,1.000,0.000,0.000,0.716,11.4,0.00,0.284,—,1.385
trio-utility,5,1,boss,180,500,1.000,0.000,0.000,0.571,28.9,1.00,0.429,—,1.311
trio-utility,5,1,boss,300,500,1.000,0.000,0.000,0.570,28.9,1.00,0.430,—,1.311
trio-utility,5,2,solo,180,500,1.000,0.000,0.000,0.912,4.3,0.00,0.088,—,1.485
trio-utility,5,2,solo,300,500,1.000,0.000,0.000,0.912,4.3,0.00,0.088,—,1.485
trio-utility,5,2,pack,180,500,1.000,0.000,0.000,0.296,27.4,1.19,0.704,—,1.171
trio-utility,5,2,pack,300,500,1.000,0.000,0.000,0.295,27.5,1.19,0.705,—,1.170
trio-utility,5,2,boss,180,500,0.000,0.000,1.000,—,—,3.00,1.000,—,0.000
trio-utility,5,2,boss,300,500,0.000,0.000,1.000,—,—,3.00,1.000,—,0.000
trio-utility,5,3,solo,180,500,1.000,0.000,0.000,0.804,7.4,0.00,0.196,—,1.430
trio-utility,5,3,solo,300,500,1.000,0.000,0.000,0.804,7.4,0.00,0.196,—,1.430
trio-utility,5,3,pack,180,500,0.000,0.000,1.000,—,—,3.00,1.000,—,0.000
trio-utility,5,3,pack,300,500,0.000,0.000,1.000,—,—,3.00,1.000,—,0.000
trio-utility,5,3,boss,180,500,0.000,0.000,1.000,—,—,3.00,1.000,—,0.000
trio-utility,5,3,boss,300,500,0.000,0.000,1.000,—,—,3.00,1.000,—,0.000
trio-utility,5,4,solo,180,500,1.000,0.000,0.000,0.639,11.2,0.00,0.361,—,1.346
trio-utility,5,4,solo,300,500,1.000,0.000,0.000,0.639,11.2,0.00,0.361,—,1.346
trio-utility,5,4,pack,180,500,0.000,0.000,1.000,—,—,3.00,1.000,—,0.000
trio-utility,5,4,pack,300,500,0.000,0.000,1.000,—,—,3.00,1.000,—,0.000
trio-utility,5,4,boss,180,500,0.000,0.000,1.000,—,—,3.00,1.000,—,0.000
trio-utility,5,4,boss,300,500,0.000,0.000,1.000,—,—,3.00,1.000,—,0.000
trio-utility,5,5,solo,180,500,0.000,0.000,1.000,—,—,3.00,1.000,—,0.000
trio-utility,5,5,solo,300,500,0.008,0.000,0.992,0.019,26.3,2.99,1.000,—,0.008
trio-utility,5,5,pack,180,500,0.000,0.000,1.000,—,—,3.00,1.000,—,0.000
trio-utility,5,5,pack,300,500,0.000,0.000,1.000,—,—,3.00,1.000,—,0.000
trio-utility,5,5,boss,180,500,0.000,0.000,1.000,—,—,3.00,1.000,—,0.000
trio-utility,5,5,boss,300,500,0.000,0.000,1.000,—,—,3.00,1.000,—,0.000
trio-utility,5,6,solo,180,500,0.000,0.000,1.000,—,—,3.00,1.000,—,0.000
trio-utility,5,6,solo,300,500,0.000,0.000,1.000,—,—,3.00,1.000,—,0.000
trio-utility,5,6,pack,180,500,0.000,0.000,1.000,—,—,3.00,1.000,—,0.000
trio-utility,5,6,pack,300,500,0.000,0.000,1.000,—,—,3.00,1.000,—,0.000
trio-utility,5,6,boss,180,500,0.000,0.000,1.000,—,—,3.00,1.000,—,0.000
trio-utility,5,6,boss,300,500,0.000,0.000,1.000,—,—,3.00,1.000,—,0.000
trio-utility,5,7,solo,180,500,0.000,0.000,1.000,—,—,3.00,1.000,—,0.000
trio-utility,5,7,solo,300,500,0.000,0.000,1.000,—,—,3.00,1.000,—,0.000
trio-utility,5,7,pack,180,500,0.000,0.000,1.000,—,—,3.00,1.000,—,0.000
trio-utility,5,7,pack,300,500,0.000,0.000,1.000,—,—,3.00,1.000,—,0.000
trio-utility,5,7,boss,180,500,0.000,0.000,1.000,—,—,3.00,1.000,—,0.000
trio-utility,5,7,boss,300,500,0.000,0.000,1.000,—,—,3.00,1.000,—,0.000
trio-utility,5,8,solo,180,500,0.000,0.000,1.000,—,—,3.00,1.000,—,0.000
trio-utility,5,8,solo,300,500,0.000,0.000,1.000,—,—,3.00,1.000,—,0.000
trio-utility,5,8,pack,180,500,0.000,0.000,1.000,—,—,3.00,1.000,—,0.000
trio-utility,5,8,pack,300,500,0.000,0.000,1.000,—,—,3.00,1.000,—,0.000
trio-utility,5,8,boss,180,500,0.000,0.000,1.000,—,—,3.00,1.000,—,0.000
trio-utility,5,8,boss,300,500,0.000,0.000,1.000,—,—,3.00,1.000,—,0.000
trio-utility,10,1,solo,180,500,1.000,0.000,0.000,0.974,1.3,0.00,0.026,—,1.547
trio-utility,10,1,solo,300,500,1.000,0.000,0.000,0.974,1.3,0.00,0.026,—,1.547
trio-utility,10,1,pack,180,500,1.000,0.000,0.000,0.859,8.6,0.00,0.141,—,1.487
trio-utility,10,1,pack,300,500,1.000,0.000,0.000,0.859,8.6,0.00,0.141,—,1.487
trio-utility,10,1,boss,180,500,1.000,0.000,0.000,0.780,17.0,0.00,0.220,—,1.446
trio-utility,10,1,boss,300,500,1.000,0.000,0.000,0.780,17.0,0.00,0.220,—,1.446
trio-utility,10,2,solo,180,500,1.000,0.000,0.000,0.925,3.7,0.00,0.075,—,1.521
trio-utility,10,2,solo,300,500,1.000,0.000,0.000,0.924,3.7,0.00,0.076,—,1.521
trio-utility,10,2,pack,180,500,1.000,0.000,0.000,0.644,12.6,0.00,0.356,—,1.375
trio-utility,10,2,pack,300,500,1.000,0.000,0.000,0.642,12.7,0.00,0.358,—,1.374
trio-utility,10,2,boss,180,500,1.000,0.000,0.000,0.232,44.8,2.00,0.768,—,1.160
trio-utility,10,2,boss,300,500,1.000,0.000,0.000,0.232,44.8,2.00,0.768,—,1.160
trio-utility,10,3,solo,180,500,1.000,0.000,0.000,0.900,4.3,0.00,0.100,—,1.508
trio-utility,10,3,solo,300,500,1.000,0.000,0.000,0.900,4.3,0.00,0.100,—,1.508
trio-utility,10,3,pack,180,500,1.000,0.000,0.000,0.147,34.7,2.00,0.853,—,1.117
trio-utility,10,3,pack,300,500,1.000,0.000,0.000,0.146,34.8,2.00,0.854,—,1.116
trio-utility,10,3,boss,180,500,0.000,0.000,1.000,—,—,3.00,1.000,—,0.000
trio-utility,10,3,boss,300,500,0.000,0.000,1.000,—,—,3.00,1.000,—,0.000
trio-utility,10,4,solo,180,500,1.000,0.000,0.000,0.786,7.7,0.00,0.214,—,1.449
trio-utility,10,4,solo,300,500,1.000,0.000,0.000,0.786,7.7,0.00,0.214,—,1.449
trio-utility,10,4,pack,180,500,0.000,0.000,1.000,—,—,3.00,1.000,—,0.000
trio-utility,10,4,pack,300,500,0.000,0.000,1.000,—,—,3.00,1.000,—,0.000
trio-utility,10,4,boss,180,500,0.000,0.000,1.000,—,—,3.00,1.000,—,0.000
trio-utility,10,4,boss,300,500,0.000,0.000,1.000,—,—,3.00,1.000,—,0.000
trio-utility,10,5,solo,180,500,1.000,0.000,0.000,0.536,14.6,1.00,0.464,—,1.319
trio-utility,10,5,solo,300,500,1.000,0.000,0.000,0.536,14.6,1.00,0.464,—,1.319
trio-utility,10,5,pack,180,500,0.000,0.000,1.000,—,—,3.00,1.000,—,0.000
trio-utility,10,5,pack,300,500,0.000,0.000,1.000,—,—,3.00,1.000,—,0.000
trio-utility,10,5,boss,180,500,0.000,0.000,1.000,—,—,3.00,1.000,—,0.000
trio-utility,10,5,boss,300,500,0.000,0.000,1.000,—,—,3.00,1.000,—,0.000
trio-utility,10,6,solo,180,500,0.000,0.000,1.000,—,—,3.00,1.000,—,0.000
trio-utility,10,6,solo,300,500,0.000,0.000,1.000,—,—,3.00,1.000,—,0.000
trio-utility,10,6,pack,180,500,0.000,0.000,1.000,—,—,3.00,1.000,—,0.000
trio-utility,10,6,pack,300,500,0.000,0.000,1.000,—,—,3.00,1.000,—,0.000
trio-utility,10,6,boss,180,500,0.000,0.000,1.000,—,—,3.00,1.000,—,0.000
trio-utility,10,6,boss,300,500,0.000,0.000,1.000,—,—,3.00,1.000,—,0.000
trio-utility,10,7,solo,180,500,0.000,0.000,1.000,—,—,3.00,1.000,—,0.000
trio-utility,10,7,solo,300,500,0.000,0.000,1.000,—,—,3.00,1.000,—,0.000
trio-utility,10,7,pack,180,500,0.000,0.000,1.000,—,—,3.00,1.000,—,0.000
trio-utility,10,7,pack,300,500,0.000,0.000,1.000,—,—,3.00,1.000,—,0.000
trio-utility,10,7,boss,180,500,0.000,0.000,1.000,—,—,3.00,1.000,—,0.000
trio-utility,10,7,boss,300,500,0.000,0.000,1.000,—,—,3.00,1.000,—,0.000
trio-utility,10,8,solo,180,500,0.000,0.000,1.000,—,—,3.00,1.000,—,0.000
trio-utility,10,8,solo,300,500,0.000,0.000,1.000,—,—,3.00,1.000,—,0.000
trio-utility,10,8,pack,180,500,0.000,0.000,1.000,—,—,3.00,1.000,—,0.000
trio-utility,10,8,pack,300,500,0.000,0.000,1.000,—,—,3.00,1.000,—,0.000
trio-utility,10,8,boss,180,500,0.000,0.000,1.000,—,—,3.00,1.000,—,0.000
trio-utility,10,8,boss,300,500,0.000,0.000,1.000,—,—,3.00,1.000,—,0.000
trio-utility,20,1,solo,180,500,1.000,0.000,0.000,1.000,0.0,0.00,0.000,—,1.620
trio-utility,20,1,solo,300,500,1.000,0.000,0.000,1.000,0.0,0.00,0.000,—,1.620
trio-utility,20,1,pack,180,500,1.000,0.000,0.000,0.934,4.3,0.00,0.066,—,1.584
trio-utility,20,1,pack,300,500,1.000,0.000,0.000,0.934,4.3,0.00,0.066,—,1.584
trio-utility,20,1,boss,180,500,1.000,0.000,0.000,0.931,8.5,0.00,0.069,—,1.583
trio-utility,20,1,boss,300,500,1.000,0.000,0.000,0.931,8.5,0.00,0.069,—,1.583
trio-utility,20,2,solo,180,500,1.000,0.000,0.000,0.977,1.0,0.00,0.023,—,1.608
trio-utility,20,2,solo,300,500,1.000,0.000,0.000,0.977,1.0,0.00,0.023,—,1.608
trio-utility,20,2,pack,180,500,1.000,0.000,0.000,0.856,7.1,0.00,0.144,—,1.542
trio-utility,20,2,pack,300,500,1.000,0.000,0.000,0.856,7.1,0.00,0.144,—,1.542
trio-utility,20,2,boss,180,500,1.000,0.000,0.000,0.809,12.9,0.00,0.191,—,1.517
trio-utility,20,2,boss,300,500,1.000,0.000,0.000,0.809,12.9,0.00,0.191,—,1.517
trio-utility,20,3,solo,180,500,1.000,0.000,0.000,0.967,2.1,0.00,0.033,—,1.602
trio-utility,20,3,solo,300,500,1.000,0.000,0.000,0.967,2.1,0.00,0.033,—,1.602
trio-utility,20,3,pack,180,500,1.000,0.000,0.000,0.796,8.6,0.00,0.204,—,1.510
trio-utility,20,3,pack,300,500,1.000,0.000,0.000,0.796,8.6,0.00,0.204,—,1.510
trio-utility,20,3,boss,180,500,1.000,0.000,0.000,0.674,17.6,0.00,0.326,—,1.444
trio-utility,20,3,boss,300,500,1.000,0.000,0.000,0.674,17.6,0.00,0.326,—,1.444
trio-utility,20,4,solo,180,500,1.000,0.000,0.000,0.900,3.8,0.00,0.100,—,1.566
trio-utility,20,4,solo,300,500,1.000,0.000,0.000,0.900,3.8,0.00,0.100,—,1.566
trio-utility,20,4,pack,180,500,1.000,0.000,0.000,0.428,21.1,1.00,0.572,—,1.311
trio-utility,20,4,pack,300,500,1.000,0.000,0.000,0.428,21.1,1.00,0.572,—,1.311
trio-utility,20,4,boss,180,500,0.000,0.000,1.000,—,—,3.00,1.000,—,0.000
trio-utility,20,4,boss,300,500,0.000,0.000,1.000,—,—,3.00,1.000,—,0.000
trio-utility,20,5,solo,180,500,1.000,0.000,0.000,0.867,5.1,0.00,0.133,—,1.548
trio-utility,20,5,solo,300,500,1.000,0.000,0.000,0.867,5.1,0.00,0.133,—,1.548
trio-utility,20,5,pack,180,500,0.000,0.000,1.000,—,—,3.00,1.000,—,0.000
trio-utility,20,5,pack,300,500,0.000,0.000,1.000,—,—,3.00,1.000,—,0.000
trio-utility,20,5,boss,180,500,0.000,0.000,1.000,—,—,3.00,1.000,—,0.000
trio-utility,20,5,boss,300,500,0.000,0.000,1.000,—,—,3.00,1.000,—,0.000
trio-utility,20,6,solo,180,500,1.000,0.000,0.000,0.704,8.2,0.00,0.296,—,1.460
trio-utility,20,6,solo,300,500,1.000,0.000,0.000,0.704,8.2,0.00,0.296,—,1.460
trio-utility,20,6,pack,180,500,0.000,0.000,1.000,—,—,3.00,1.000,—,0.000
trio-utility,20,6,pack,300,500,0.000,0.000,1.000,—,—,3.00,1.000,—,0.000
trio-utility,20,6,boss,180,500,0.000,0.000,1.000,—,—,3.00,1.000,—,0.000
trio-utility,20,6,boss,300,500,0.000,0.000,1.000,—,—,3.00,1.000,—,0.000
trio-utility,20,7,solo,180,500,0.000,0.000,1.000,—,—,3.00,1.000,—,0.000
trio-utility,20,7,solo,300,500,0.004,0.000,0.996,0.111,21.4,3.00,1.000,—,0.005
trio-utility,20,7,pack,180,500,0.000,0.000,1.000,—,—,3.00,1.000,—,0.000
trio-utility,20,7,pack,300,500,0.000,0.000,1.000,—,—,3.00,1.000,—,0.000
trio-utility,20,7,boss,180,500,0.000,0.000,1.000,—,—,3.00,1.000,—,0.000
trio-utility,20,7,boss,300,500,0.000,0.000,1.000,—,—,3.00,1.000,—,0.000
trio-utility,20,8,solo,180,500,0.000,0.000,1.000,—,—,3.00,1.000,—,0.000
trio-utility,20,8,solo,300,500,0.000,0.000,1.000,—,—,3.00,1.000,—,0.000
trio-utility,20,8,pack,180,500,0.000,0.000,1.000,—,—,3.00,1.000,—,0.000
trio-utility,20,8,pack,300,500,0.000,0.000,1.000,—,—,3.00,1.000,—,0.000
trio-utility,20,8,boss,180,500,0.000,0.000,1.000,—,—,3.00,1.000,—,0.000
trio-utility,20,8,boss,300,500,0.000,0.000,1.000,—,—,3.00,1.000,—,0.000
trio-utility,35,1,solo,180,500,1.000,0.000,0.000,1.000,0.0,0.00,0.000,—,1.710
trio-utility,35,1,solo,300,500,1.000,0.000,0.000,1.000,0.0,0.00,0.000,—,1.710
trio-utility,35,1,pack,180,500,1.000,0.000,0.000,0.980,2.7,0.00,0.020,—,1.699
trio-utility,35,1,pack,300,500,1.000,0.000,0.000,0.980,2.7,0.00,0.020,—,1.699
trio-utility,35,1,boss,180,500,1.000,0.000,0.000,0.969,4.5,0.00,0.031,—,1.692
trio-utility,35,1,boss,300,500,1.000,0.000,0.000,0.969,4.5,0.00,0.031,—,1.692
trio-utility,35,2,solo,180,500,1.000,0.000,0.000,1.000,0.0,0.00,0.000,—,1.710
trio-utility,35,2,solo,300,500,1.000,0.000,0.000,1.000,0.0,0.00,0.000,—,1.710
trio-utility,35,2,pack,180,500,1.000,0.000,0.000,0.955,4.3,0.00,0.045,—,1.685
trio-utility,35,2,pack,300,500,1.000,0.000,0.000,0.955,4.3,0.00,0.045,—,1.685
trio-utility,35,2,boss,180,500,1.000,0.000,0.000,0.928,7.2,0.00,0.072,—,1.669
trio-utility,35,2,boss,300,500,1.000,0.000,0.000,0.928,7.2,0.00,0.072,—,1.669
trio-utility,35,3,solo,180,500,1.000,0.000,0.000,1.000,0.0,0.00,0.000,—,1.710
trio-utility,35,3,solo,300,500,1.000,0.000,0.000,1.000,0.0,0.00,0.000,—,1.710
trio-utility,35,3,pack,180,500,1.000,0.000,0.000,0.908,4.5,0.00,0.092,—,1.658
trio-utility,35,3,pack,300,500,1.000,0.000,0.000,0.908,4.5,0.00,0.092,—,1.658
trio-utility,35,3,boss,180,500,1.000,0.000,0.000,0.849,10.8,0.00,0.151,—,1.624
trio-utility,35,3,boss,300,500,1.000,0.000,0.000,0.849,10.8,0.00,0.151,—,1.624
trio-utility,35,4,solo,180,500,1.000,0.000,0.000,0.972,1.8,0.00,0.028,—,1.694
trio-utility,35,4,solo,300,500,1.000,0.000,0.000,0.972,1.8,0.00,0.028,—,1.694
trio-utility,35,4,pack,180,500,1.000,0.000,0.000,0.808,8.1,0.00,0.192,—,1.601
trio-utility,35,4,pack,300,500,1.000,0.000,0.000,0.808,8.1,0.00,0.192,—,1.601
trio-utility,35,4,boss,180,500,1.000,0.000,0.000,0.731,14.9,0.00,0.269,—,1.557
trio-utility,35,4,boss,300,500,1.000,0.000,0.000,0.731,14.9,0.00,0.269,—,1.557
trio-utility,35,5,solo,180,500,1.000,0.000,0.000,0.961,2.7,0.00,0.039,—,1.688
trio-utility,35,5,solo,300,500,1.000,0.000,0.000,0.961,2.7,0.00,0.039,—,1.688
trio-utility,35,5,pack,180,500,1.000,0.000,0.000,0.630,10.0,0.00,0.370,—,1.499
trio-utility,35,5,pack,300,500,1.000,0.000,0.000,0.630,10.0,0.00,0.370,—,1.499
trio-utility,35,5,boss,180,500,0.130,0.000,0.870,0.075,46.8,2.87,0.990,—,0.154
trio-utility,35,5,boss,300,500,0.152,0.000,0.848,0.075,46.8,2.84,0.989,—,0.180
trio-utility,35,6,solo,180,500,1.000,0.000,0.000,0.874,4.3,0.00,0.126,—,1.638
trio-utility,35,6,solo,300,500,1.000,0.000,0.000,0.874,4.3,0.00,0.126,—,1.638
trio-utility,35,6,pack,180,500,0.000,0.000,1.000,—,—,3.00,1.000,—,0.000
trio-utility,35,6,pack,300,500,0.000,0.000,1.000,—,—,3.00,1.000,—,0.000
trio-utility,35,6,boss,180,500,0.000,0.000,1.000,—,—,3.00,1.000,—,0.000
trio-utility,35,6,boss,300,500,0.000,0.000,1.000,—,—,3.00,1.000,—,0.000
trio-utility,35,7,solo,180,500,1.000,0.000,0.000,0.722,6.3,0.00,0.278,—,1.551
trio-utility,35,7,solo,300,500,1.000,0.000,0.000,0.722,6.3,0.00,0.278,—,1.551
trio-utility,35,7,pack,180,500,0.000,0.000,1.000,—,—,3.00,1.000,—,0.000
trio-utility,35,7,pack,300,500,0.000,0.000,1.000,—,—,3.00,1.000,—,0.000
trio-utility,35,7,boss,180,500,0.000,0.000,1.000,—,—,3.00,1.000,—,0.000
trio-utility,35,7,boss,300,500,0.000,0.000,1.000,—,—,3.00,1.000,—,0.000
trio-utility,35,8,solo,180,500,1.000,0.000,0.000,0.611,11.3,1.00,0.389,—,1.488
trio-utility,35,8,solo,300,500,1.000,0.000,0.000,0.611,11.3,1.00,0.389,—,1.488
trio-utility,35,8,pack,180,500,0.000,0.000,1.000,—,—,3.00,1.000,—,0.000
trio-utility,35,8,pack,300,500,0.000,0.000,1.000,—,—,3.00,1.000,—,0.000
trio-utility,35,8,boss,180,500,0.000,0.000,1.000,—,—,3.00,1.000,—,0.000
trio-utility,35,8,boss,300,500,0.000,0.000,1.000,—,—,3.00,1.000,—,0.000
trio-utility,50,1,solo,180,500,1.000,0.000,0.000,1.000,0.0,0.00,0.000,—,1.800
trio-utility,50,1,solo,300,500,1.000,0.000,0.000,1.000,0.0,0.00,0.000,—,1.800
trio-utility,50,1,pack,180,500,1.000,0.000,0.000,0.986,2.5,0.00,0.014,—,1.792
trio-utility,50,1,pack,300,500,1.000,0.000,0.000,0.986,2.5,0.00,0.014,—,1.792
trio-utility,50,1,boss,180,500,1.000,0.000,0.000,0.974,3.7,0.00,0.026,—,1.784
trio-utility,50,1,boss,300,500,1.000,0.000,0.000,0.974,3.7,0.00,0.026,—,1.784
trio-utility,50,2,solo,180,500,1.000,0.000,0.000,1.000,0.0,0.00,0.000,—,1.800
trio-utility,50,2,solo,300,500,1.000,0.000,0.000,1.000,0.0,0.00,0.000,—,1.800
trio-utility,50,2,pack,180,500,1.000,0.000,0.000,0.980,2.5,0.00,0.020,—,1.788
trio-utility,50,2,pack,300,500,1.000,0.000,0.000,0.980,2.5,0.00,0.020,—,1.788
trio-utility,50,2,boss,180,500,1.000,0.000,0.000,0.967,4.3,0.00,0.033,—,1.780
trio-utility,50,2,boss,300,500,1.000,0.000,0.000,0.967,4.3,0.00,0.033,—,1.780
trio-utility,50,3,solo,180,500,1.000,0.000,0.000,1.000,0.0,0.00,0.000,—,1.800
trio-utility,50,3,solo,300,500,1.000,0.000,0.000,1.000,0.0,0.00,0.000,—,1.800
trio-utility,50,3,pack,180,500,1.000,0.000,0.000,0.951,4.3,0.00,0.049,—,1.771
trio-utility,50,3,pack,300,500,1.000,0.000,0.000,0.951,4.3,0.00,0.049,—,1.771
trio-utility,50,3,boss,180,500,1.000,0.000,0.000,0.923,6.8,0.00,0.077,—,1.754
trio-utility,50,3,boss,300,500,1.000,0.000,0.000,0.923,6.8,0.00,0.077,—,1.754
trio-utility,50,4,solo,180,500,1.000,0.000,0.000,0.982,0.8,0.00,0.018,—,1.789
trio-utility,50,4,solo,300,500,1.000,0.000,0.000,0.981,0.8,0.00,0.019,—,1.789
trio-utility,50,4,pack,180,500,1.000,0.000,0.000,0.890,5.9,0.00,0.110,—,1.734
trio-utility,50,4,pack,300,500,1.000,0.000,0.000,0.890,5.9,0.00,0.110,—,1.734
trio-utility,50,4,boss,180,500,1.000,0.000,0.000,0.840,10.9,0.00,0.160,—,1.704
trio-utility,50,4,boss,300,500,1.000,0.000,0.000,0.840,11.0,0.00,0.160,—,1.704
trio-utility,50,5,solo,180,500,1.000,0.000,0.000,0.973,1.7,0.00,0.027,—,1.784
trio-utility,50,5,solo,300,500,1.000,0.000,0.000,0.973,1.6,0.00,0.027,—,1.784
trio-utility,50,5,pack,180,500,1.000,0.000,0.000,0.806,7.7,0.00,0.194,—,1.684
trio-utility,50,5,pack,300,500,1.000,0.000,0.000,0.806,7.7,0.00,0.194,—,1.684
trio-utility,50,5,boss,180,500,1.000,0.000,0.000,0.714,14.5,0.00,0.286,—,1.628
trio-utility,50,5,boss,300,500,1.000,0.000,0.000,0.714,14.5,0.00,0.286,—,1.628
trio-utility,50,6,solo,180,500,1.000,0.000,0.000,0.909,3.3,0.00,0.091,—,1.745
trio-utility,50,6,solo,300,500,1.000,0.000,0.000,0.908,3.4,0.00,0.092,—,1.745
trio-utility,50,6,pack,180,500,1.000,0.000,0.000,0.536,16.5,0.95,0.464,—,1.522
trio-utility,50,6,pack,300,500,1.000,0.000,0.000,0.538,16.5,0.95,0.462,—,1.523
trio-utility,50,6,boss,180,500,0.032,0.000,0.968,0.071,47.1,2.97,0.998,—,0.040
trio-utility,50,6,boss,300,500,0.024,0.000,0.976,0.073,47.1,2.98,0.998,—,0.030
trio-utility,50,7,solo,180,500,1.000,0.000,0.000,0.872,4.3,0.00,0.128,—,1.723
trio-utility,50,7,solo,300,500,1.000,0.000,0.000,0.872,4.3,0.00,0.128,—,1.723
trio-utility,50,7,pack,180,500,0.000,0.000,1.000,—,—,3.00,1.000,—,0.000
trio-utility,50,7,pack,300,500,0.000,0.000,1.000,—,—,3.00,1.000,—,0.000
trio-utility,50,7,boss,180,500,0.000,0.000,1.000,—,—,3.00,1.000,—,0.000
trio-utility,50,7,boss,300,500,0.000,0.000,1.000,—,—,3.00,1.000,—,0.000
trio-utility,50,8,solo,180,500,1.000,0.000,0.000,0.720,6.7,0.00,0.280,—,1.632
trio-utility,50,8,solo,300,500,1.000,0.000,0.000,0.720,6.7,0.00,0.280,—,1.632
trio-utility,50,8,pack,180,500,0.000,0.000,1.000,—,—,3.00,1.000,—,0.000
trio-utility,50,8,pack,300,500,0.000,0.000,1.000,—,—,3.00,1.000,—,0.000
trio-utility,50,8,boss,180,500,0.000,0.000,1.000,—,—,3.00,1.000,—,0.000
trio-utility,50,8,boss,300,500,0.000,0.000,1.000,—,—,3.00,1.000,—,0.000
trio-gatherers,1,1,solo,180,500,1.000,0.000,0.000,0.922,6.0,0.00,0.078,—,1.467
trio-gatherers,1,1,solo,300,500,1.000,0.000,0.000,0.922,6.0,0.00,0.078,—,1.467
trio-gatherers,1,1,pack,180,500,0.430,0.000,0.570,0.278,36.8,2.49,0.881,—,0.492
trio-gatherers,1,1,pack,300,500,0.420,0.000,0.580,0.286,36.5,2.49,0.880,—,0.482
trio-gatherers,1,1,boss,180,500,0.000,0.000,1.000,—,—,3.00,1.000,—,0.000
trio-gatherers,1,1,boss,300,500,0.002,0.000,0.998,0.316,52.5,3.00,0.999,—,0.002
trio-gatherers,1,2,solo,180,500,1.000,0.000,0.000,0.846,9.0,0.00,0.154,—,1.429
trio-gatherers,1,2,solo,300,500,1.000,0.000,0.000,0.846,9.0,0.00,0.154,—,1.429
trio-gatherers,1,2,pack,180,500,0.000,0.000,1.000,—,—,3.00,1.000,—,0.000
trio-gatherers,1,2,pack,300,500,0.000,0.000,1.000,—,—,3.00,1.000,—,0.000
trio-gatherers,1,2,boss,180,500,0.000,0.000,1.000,—,—,3.00,1.000,—,0.000
trio-gatherers,1,2,boss,300,500,0.000,0.000,1.000,—,—,3.00,1.000,—,0.000
trio-gatherers,1,3,solo,180,500,1.000,0.000,0.000,0.596,16.4,0.74,0.404,—,1.303
trio-gatherers,1,3,solo,300,500,1.000,0.000,0.000,0.595,16.5,0.75,0.405,—,1.303
trio-gatherers,1,3,pack,180,500,0.000,0.000,1.000,—,—,3.00,1.000,—,0.000
trio-gatherers,1,3,pack,300,500,0.000,0.000,1.000,—,—,3.00,1.000,—,0.000
trio-gatherers,1,3,boss,180,500,0.000,0.000,1.000,—,—,3.00,1.000,—,0.000
trio-gatherers,1,3,boss,300,500,0.000,0.000,1.000,—,—,3.00,1.000,—,0.000
trio-gatherers,1,4,solo,180,500,0.030,0.000,0.970,0.326,26.1,2.97,0.990,—,0.035
trio-gatherers,1,4,solo,300,500,0.026,0.000,0.974,0.339,25.9,2.97,0.991,—,0.031
trio-gatherers,1,4,pack,180,500,0.000,0.000,1.000,—,—,3.00,1.000,—,0.000
trio-gatherers,1,4,pack,300,500,0.000,0.000,1.000,—,—,3.00,1.000,—,0.000
trio-gatherers,1,4,boss,180,500,0.000,0.000,1.000,—,—,3.00,1.000,—,0.000
trio-gatherers,1,4,boss,300,500,0.000,0.000,1.000,—,—,3.00,1.000,—,0.000
trio-gatherers,1,5,solo,180,500,0.000,0.000,1.000,—,—,3.00,1.000,—,0.000
trio-gatherers,1,5,solo,300,500,0.000,0.000,1.000,—,—,3.00,1.000,—,0.000
trio-gatherers,1,5,pack,180,500,0.000,0.000,1.000,—,—,3.00,1.000,—,0.000
trio-gatherers,1,5,pack,300,500,0.000,0.000,1.000,—,—,3.00,1.000,—,0.000
trio-gatherers,1,5,boss,180,500,0.000,0.000,1.000,—,—,3.00,1.000,—,0.000
trio-gatherers,1,5,boss,300,500,0.000,0.000,1.000,—,—,3.00,1.000,—,0.000
trio-gatherers,1,6,solo,180,500,0.000,0.000,1.000,—,—,3.00,1.000,—,0.000
trio-gatherers,1,6,solo,300,500,0.000,0.000,1.000,—,—,3.00,1.000,—,0.000
trio-gatherers,1,6,pack,180,500,0.000,0.000,1.000,—,—,3.00,1.000,—,0.000
trio-gatherers,1,6,pack,300,500,0.000,0.000,1.000,—,—,3.00,1.000,—,0.000
trio-gatherers,1,6,boss,180,500,0.000,0.000,1.000,—,—,3.00,1.000,—,0.000
trio-gatherers,1,6,boss,300,500,0.000,0.000,1.000,—,—,3.00,1.000,—,0.000
trio-gatherers,1,7,solo,180,500,0.000,0.000,1.000,—,—,3.00,1.000,—,0.000
trio-gatherers,1,7,solo,300,500,0.000,0.000,1.000,—,—,3.00,1.000,—,0.000
trio-gatherers,1,7,pack,180,500,0.000,0.000,1.000,—,—,3.00,1.000,—,0.000
trio-gatherers,1,7,pack,300,500,0.000,0.000,1.000,—,—,3.00,1.000,—,0.000
trio-gatherers,1,7,boss,180,500,0.000,0.000,1.000,—,—,3.00,1.000,—,0.000
trio-gatherers,1,7,boss,300,500,0.000,0.000,1.000,—,—,3.00,1.000,—,0.000
trio-gatherers,1,8,solo,180,500,0.000,0.000,1.000,—,—,3.00,1.000,—,0.000
trio-gatherers,1,8,solo,300,500,0.000,0.000,1.000,—,—,3.00,1.000,—,0.000
trio-gatherers,1,8,pack,180,500,0.000,0.000,1.000,—,—,3.00,1.000,—,0.000
trio-gatherers,1,8,pack,300,500,0.000,0.000,1.000,—,—,3.00,1.000,—,0.000
trio-gatherers,1,8,boss,180,500,0.000,0.000,1.000,—,—,3.00,1.000,—,0.000
trio-gatherers,1,8,boss,300,500,0.000,0.000,1.000,—,—,3.00,1.000,—,0.000
trio-gatherers,5,1,solo,180,500,1.000,0.000,0.000,0.971,2.5,0.00,0.029,—,1.515
trio-gatherers,5,1,solo,300,500,1.000,0.000,0.000,0.971,2.5,0.00,0.029,—,1.515
trio-gatherers,5,1,pack,180,500,1.000,0.000,0.000,0.729,12.6,0.00,0.271,—,1.392
trio-gatherers,5,1,pack,300,500,1.000,0.000,0.000,0.728,12.6,0.00,0.272,—,1.391
trio-gatherers,5,1,boss,180,500,1.000,0.000,0.000,0.454,34.2,0.96,0.546,—,1.252
trio-gatherers,5,1,boss,300,500,1.000,0.000,0.000,0.449,34.4,0.98,0.551,—,1.249
trio-gatherers,5,2,solo,180,500,1.000,0.000,0.000,0.917,5.1,0.00,0.083,—,1.488
trio-gatherers,5,2,solo,300,500,1.000,0.000,0.000,0.917,5.1,0.00,0.083,—,1.488
trio-gatherers,5,2,pack,180,500,1.000,0.000,0.000,0.139,36.7,1.53,0.861,—,1.091
trio-gatherers,5,2,pack,300,500,1.000,0.000,0.000,0.145,36.5,1.50,0.855,—,1.094
trio-gatherers,5,2,boss,180,500,0.000,0.000,1.000,—,—,3.00,1.000,—,0.000
trio-gatherers,5,2,boss,300,500,0.000,0.000,1.000,—,—,3.00,1.000,—,0.000
trio-gatherers,5,3,solo,180,500,1.000,0.000,0.000,0.816,6.7,0.00,0.184,—,1.436
trio-gatherers,5,3,solo,300,500,1.000,0.000,0.000,0.814,6.7,0.00,0.186,—,1.435
trio-gatherers,5,3,pack,180,500,0.000,0.000,1.000,—,—,3.00,1.000,—,0.000
trio-gatherers,5,3,pack,300,500,0.000,0.000,1.000,—,—,3.00,1.000,—,0.000
trio-gatherers,5,3,boss,180,500,0.000,0.000,1.000,—,—,3.00,1.000,—,0.000
trio-gatherers,5,3,boss,300,500,0.000,0.000,1.000,—,—,3.00,1.000,—,0.000
trio-gatherers,5,4,solo,180,500,1.000,0.000,0.000,0.645,12.5,0.73,0.355,—,1.349
trio-gatherers,5,4,solo,300,500,1.000,0.000,0.000,0.639,12.5,0.76,0.361,—,1.346
trio-gatherers,5,4,pack,180,500,0.000,0.000,1.000,—,—,3.00,1.000,—,0.000
trio-gatherers,5,4,pack,300,500,0.000,0.000,1.000,—,—,3.00,1.000,—,0.000
trio-gatherers,5,4,boss,180,500,0.000,0.000,1.000,—,—,3.00,1.000,—,0.000
trio-gatherers,5,4,boss,300,500,0.000,0.000,1.000,—,—,3.00,1.000,—,0.000
trio-gatherers,5,5,solo,180,500,0.192,0.000,0.808,0.097,27.1,2.77,0.981,—,0.205
trio-gatherers,5,5,solo,300,500,0.202,0.000,0.798,0.079,27.4,2.77,0.984,—,0.214
trio-gatherers,5,5,pack,180,500,0.000,0.000,1.000,—,—,3.00,1.000,—,0.000
trio-gatherers,5,5,pack,300,500,0.000,0.000,1.000,—,—,3.00,1.000,—,0.000
trio-gatherers,5,5,boss,180,500,0.000,0.000,1.000,—,—,3.00,1.000,—,0.000
trio-gatherers,5,5,boss,300,500,0.000,0.000,1.000,—,—,3.00,1.000,—,0.000
trio-gatherers,5,6,solo,180,500,0.000,0.000,1.000,—,—,3.00,1.000,—,0.000
trio-gatherers,5,6,solo,300,500,0.000,0.000,1.000,—,—,3.00,1.000,—,0.000
trio-gatherers,5,6,pack,180,500,0.000,0.000,1.000,—,—,3.00,1.000,—,0.000
trio-gatherers,5,6,pack,300,500,0.000,0.000,1.000,—,—,3.00,1.000,—,0.000
trio-gatherers,5,6,boss,180,500,0.000,0.000,1.000,—,—,3.00,1.000,—,0.000
trio-gatherers,5,6,boss,300,500,0.000,0.000,1.000,—,—,3.00,1.000,—,0.000
trio-gatherers,5,7,solo,180,500,0.000,0.000,1.000,—,—,3.00,1.000,—,0.000
trio-gatherers,5,7,solo,300,500,0.000,0.000,1.000,—,—,3.00,1.000,—,0.000
trio-gatherers,5,7,pack,180,500,0.000,0.000,1.000,—,—,3.00,1.000,—,0.000
trio-gatherers,5,7,pack,300,500,0.000,0.000,1.000,—,—,3.00,1.000,—,0.000
trio-gatherers,5,7,boss,180,500,0.000,0.000,1.000,—,—,3.00,1.000,—,0.000
trio-gatherers,5,7,boss,300,500,0.000,0.000,1.000,—,—,3.00,1.000,—,0.000
trio-gatherers,5,8,solo,180,500,0.000,0.000,1.000,—,—,3.00,1.000,—,0.000
trio-gatherers,5,8,solo,300,500,0.000,0.000,1.000,—,—,3.00,1.000,—,0.000
trio-gatherers,5,8,pack,180,500,0.000,0.000,1.000,—,—,3.00,1.000,—,0.000
trio-gatherers,5,8,pack,300,500,0.000,0.000,1.000,—,—,3.00,1.000,—,0.000
trio-gatherers,5,8,boss,180,500,0.000,0.000,1.000,—,—,3.00,1.000,—,0.000
trio-gatherers,5,8,boss,300,500,0.000,0.000,1.000,—,—,3.00,1.000,—,0.000
trio-gatherers,10,1,solo,180,500,1.000,0.000,0.000,0.977,1.8,0.00,0.023,—,1.548
trio-gatherers,10,1,solo,300,500,1.000,0.000,0.000,0.977,1.8,0.00,0.023,—,1.548
trio-gatherers,10,1,pack,180,500,1.000,0.000,0.000,0.858,7.7,0.00,0.142,—,1.486
trio-gatherers,10,1,pack,300,500,1.000,0.000,0.000,0.858,7.7,0.00,0.142,—,1.486
trio-gatherers,10,1,boss,180,500,1.000,0.000,0.000,0.777,16.0,0.00,0.223,—,1.444
trio-gatherers,10,1,boss,300,500,1.000,0.000,0.000,0.778,16.0,0.00,0.222,—,1.445
trio-gatherers,10,2,solo,180,500,1.000,0.000,0.000,0.966,1.9,0.00,0.034,—,1.542
trio-gatherers,10,2,solo,300,500,1.000,0.000,0.000,0.966,1.9,0.00,0.034,—,1.542
trio-gatherers,10,2,pack,180,500,1.000,0.000,0.000,0.763,10.6,0.00,0.237,—,1.437
trio-gatherers,10,2,pack,300,500,1.000,0.000,0.000,0.763,10.6,0.00,0.237,—,1.437
trio-gatherers,10,2,boss,180,500,1.000,0.000,0.000,0.220,45.7,1.67,0.780,—,1.154
trio-gatherers,10,2,boss,300,500,1.000,0.000,0.000,0.228,45.3,1.64,0.772,—,1.158
trio-gatherers,10,3,solo,180,500,1.000,0.000,0.000,0.905,5.3,0.00,0.095,—,1.511
trio-gatherers,10,3,solo,300,500,1.000,0.000,0.000,0.907,5.3,0.00,0.093,—,1.512
trio-gatherers,10,3,pack,180,500,0.016,0.000,0.984,0.344,30.0,2.98,0.994,—,0.020
trio-gatherers,10,3,pack,300,500,0.010,0.000,0.990,0.341,30.0,2.99,0.997,—,0.012
trio-gatherers,10,3,boss,180,500,0.000,0.000,1.000,—,—,3.00,1.000,—,0.000
trio-gatherers,10,3,boss,300,500,0.000,0.000,1.000,—,—,3.00,1.000,—,0.000
trio-gatherers,10,4,solo,180,500,1.000,0.000,0.000,0.801,7.1,0.00,0.199,—,1.457
trio-gatherers,10,4,solo,300,500,1.000,0.000,0.000,0.800,7.1,0.00,0.200,—,1.456
trio-gatherers,10,4,pack,180,500,0.000,0.000,1.000,—,—,3.00,1.000,—,0.000
trio-gatherers,10,4,pack,300,500,0.000,0.000,1.000,—,—,3.00,1.000,—,0.000
trio-gatherers,10,4,boss,180,500,0.000,0.000,1.000,—,—,3.00,1.000,—,0.000
trio-gatherers,10,4,boss,300,500,0.000,0.000,1.000,—,—,3.00,1.000,—,0.000
trio-gatherers,10,5,solo,180,500,1.000,0.000,0.000,0.446,16.8,0.96,0.554,—,1.272
trio-gatherers,10,5,solo,300,500,1.000,0.000,0.000,0.438,17.0,0.98,0.562,—,1.268
trio-gatherers,10,5,pack,180,500,0.000,0.000,1.000,—,—,3.00,1.000,—,0.000
trio-gatherers,10,5,pack,300,500,0.000,0.000,1.000,—,—,3.00,1.000,—,0.000
trio-gatherers,10,5,boss,180,500,0.000,0.000,1.000,—,—,3.00,1.000,—,0.000
trio-gatherers,10,5,boss,300,500,0.000,0.000,1.000,—,—,3.00,1.000,—,0.000
trio-gatherers,10,6,solo,180,500,0.022,0.000,0.978,0.168,29.0,2.98,0.996,—,0.025
trio-gatherers,10,6,solo,300,500,0.020,0.000,0.980,0.215,27.8,2.98,0.996,—,0.023
trio-gatherers,10,6,pack,180,500,0.000,0.000,1.000,—,—,3.00,1.000,—,0.000
trio-gatherers,10,6,pack,300,500,0.000,0.000,1.000,—,—,3.00,1.000,—,0.000
trio-gatherers,10,6,boss,180,500,0.000,0.000,1.000,—,—,3.00,1.000,—,0.000
trio-gatherers,10,6,boss,300,500,0.000,0.000,1.000,—,—,3.00,1.000,—,0.000
trio-gatherers,10,7,solo,180,500,0.000,0.000,1.000,—,—,3.00,1.000,—,0.000
trio-gatherers,10,7,solo,300,500,0.000,0.000,1.000,—,—,3.00,1.000,—,0.000
trio-gatherers,10,7,pack,180,500,0.000,0.000,1.000,—,—,3.00,1.000,—,0.000
trio-gatherers,10,7,pack,300,500,0.000,0.000,1.000,—,—,3.00,1.000,—,0.000
trio-gatherers,10,7,boss,180,500,0.000,0.000,1.000,—,—,3.00,1.000,—,0.000
trio-gatherers,10,7,boss,300,500,0.000,0.000,1.000,—,—,3.00,1.000,—,0.000
trio-gatherers,10,8,solo,180,500,0.000,0.000,1.000,—,—,3.00,1.000,—,0.000
trio-gatherers,10,8,solo,300,500,0.000,0.000,1.000,—,—,3.00,1.000,—,0.000
trio-gatherers,10,8,pack,180,500,0.000,0.000,1.000,—,—,3.00,1.000,—,0.000
trio-gatherers,10,8,pack,300,500,0.000,0.000,1.000,—,—,3.00,1.000,—,0.000
trio-gatherers,10,8,boss,180,500,0.000,0.000,1.000,—,—,3.00,1.000,—,0.000
trio-gatherers,10,8,boss,300,500,0.000,0.000,1.000,—,—,3.00,1.000,—,0.000
trio-gatherers,20,1,solo,180,500,1.000,0.000,0.000,1.000,0.0,0.00,0.000,—,1.620
trio-gatherers,20,1,solo,300,500,1.000,0.000,0.000,1.000,0.0,0.00,0.000,—,1.620
trio-gatherers,20,1,pack,180,500,1.000,0.000,0.000,0.951,4.2,0.00,0.049,—,1.594
trio-gatherers,20,1,pack,300,500,1.000,0.000,0.000,0.951,4.2,0.00,0.049,—,1.594
trio-gatherers,20,1,boss,180,500,1.000,0.000,0.000,0.930,8.3,0.00,0.070,—,1.582
trio-gatherers,20,1,boss,300,500,1.000,0.000,0.000,0.930,8.3,0.00,0.070,—,1.582
trio-gatherers,20,2,solo,180,500,1.000,0.000,0.000,0.976,1.4,0.00,0.024,—,1.607
trio-gatherers,20,2,solo,300,500,1.000,0.000,0.000,0.976,1.4,0.00,0.024,—,1.607
trio-gatherers,20,2,pack,180,500,1.000,0.000,0.000,0.879,6.0,0.00,0.121,—,1.555
trio-gatherers,20,2,pack,300,500,1.000,0.000,0.000,0.879,6.0,0.00,0.121,—,1.555
trio-gatherers,20,2,boss,180,500,1.000,0.000,0.000,0.810,12.5,0.00,0.190,—,1.517
trio-gatherers,20,2,boss,300,500,1.000,0.000,0.000,0.810,12.5,0.00,0.190,—,1.518
trio-gatherers,20,3,solo,180,500,1.000,0.000,0.000,0.966,1.4,0.00,0.034,—,1.601
trio-gatherers,20,3,solo,300,500,1.000,0.000,0.000,0.966,1.4,0.00,0.034,—,1.602
trio-gatherers,20,3,pack,180,500,1.000,0.000,0.000,0.795,8.3,0.00,0.205,—,1.509
trio-gatherers,20,3,pack,300,500,1.000,0.000,0.000,0.793,8.3,0.00,0.207,—,1.508
trio-gatherers,20,3,boss,180,500,1.000,0.000,0.000,0.510,24.8,0.93,0.490,—,1.356
trio-gatherers,20,3,boss,300,500,1.000,0.000,0.000,0.524,24.4,0.91,0.476,—,1.363
trio-gatherers,20,4,solo,180,500,1.000,0.000,0.000,0.906,4.2,0.00,0.094,—,1.569
trio-gatherers,20,4,solo,300,500,1.000,0.000,0.000,0.906,4.2,0.00,0.094,—,1.569
trio-gatherers,20,4,pack,180,500,0.362,0.000,0.638,0.329,28.5,2.56,0.881,—,0.455
trio-gatherers,20,4,pack,300,500,0.362,0.000,0.638,0.330,28.4,2.55,0.880,—,0.456
trio-gatherers,20,4,boss,180,500,0.006,0.000,0.994,0.150,47.0,2.99,0.999,—,0.007
trio-gatherers,20,4,boss,300,500,0.008,0.000,0.992,0.014,54.0,2.99,1.000,—,0.009
trio-gatherers,20,5,solo,180,500,1.000,0.000,0.000,0.869,5.8,0.00,0.131,—,1.549
trio-gatherers,20,5,solo,300,500,1.000,0.000,0.000,0.871,5.8,0.00,0.129,—,1.550
trio-gatherers,20,5,pack,180,500,0.000,0.000,1.000,—,—,3.00,1.000,—,0.000
trio-gatherers,20,5,pack,300,500,0.000,0.000,1.000,—,—,3.00,1.000,—,0.000
trio-gatherers,20,5,boss,180,500,0.000,0.000,1.000,—,—,3.00,1.000,—,0.000
trio-gatherers,20,5,boss,300,500,0.000,0.000,1.000,—,—,3.00,1.000,—,0.000
trio-gatherers,20,6,solo,180,500,1.000,0.000,0.000,0.544,12.4,0.97,0.456,—,1.374
trio-gatherers,20,6,solo,300,500,1.000,0.000,0.000,0.545,12.3,0.96,0.455,—,1.374
trio-gatherers,20,6,pack,180,500,0.000,0.000,1.000,—,—,3.00,1.000,—,0.000
trio-gatherers,20,6,pack,300,500,0.000,0.000,1.000,—,—,3.00,1.000,—,0.000
trio-gatherers,20,6,boss,180,500,0.000,0.000,1.000,—,—,3.00,1.000,—,0.000
trio-gatherers,20,6,boss,300,500,0.000,0.000,1.000,—,—,3.00,1.000,—,0.000
trio-gatherers,20,7,solo,180,500,0.184,0.000,0.816,0.103,28.8,2.80,0.981,—,0.209
trio-gatherers,20,7,solo,300,500,0.156,0.000,0.844,0.163,27.4,2.81,0.975,—,0.182
trio-gatherers,20,7,pack,180,500,0.000,0.000,1.000,—,—,3.00,1.000,—,0.000
trio-gatherers,20,7,pack,300,500,0.000,0.000,1.000,—,—,3.00,1.000,—,0.000
trio-gatherers,20,7,boss,180,500,0.000,0.000,1.000,—,—,3.00,1.000,—,0.000
trio-gatherers,20,7,boss,300,500,0.000,0.000,1.000,—,—,3.00,1.000,—,0.000
trio-gatherers,20,8,solo,180,500,0.000,0.000,1.000,—,—,3.00,1.000,—,0.000
trio-gatherers,20,8,solo,300,500,0.000,0.000,1.000,—,—,3.00,1.000,—,0.000
trio-gatherers,20,8,pack,180,500,0.000,0.000,1.000,—,—,3.00,1.000,—,0.000
trio-gatherers,20,8,pack,300,500,0.000,0.000,1.000,—,—,3.00,1.000,—,0.000
trio-gatherers,20,8,boss,180,500,0.000,0.000,1.000,—,—,3.00,1.000,—,0.000
trio-gatherers,20,8,boss,300,500,0.000,0.000,1.000,—,—,3.00,1.000,—,0.000
trio-gatherers,35,1,solo,180,500,1.000,0.000,0.000,1.000,0.0,0.00,0.000,—,1.710
trio-gatherers,35,1,solo,300,500,1.000,0.000,0.000,1.000,0.0,0.00,0.000,—,1.710
trio-gatherers,35,1,pack,180,500,1.000,0.000,0.000,0.977,2.3,0.00,0.023,—,1.697
trio-gatherers,35,1,pack,300,500,1.000,0.000,0.000,0.977,2.3,0.00,0.023,—,1.697
trio-gatherers,35,1,boss,180,500,1.000,0.000,0.000,0.967,5.8,0.00,0.033,—,1.691
trio-gatherers,35,1,boss,300,500,1.000,0.000,0.000,0.968,5.8,0.00,0.032,—,1.691
trio-gatherers,35,2,solo,180,500,1.000,0.000,0.000,1.000,0.0,0.00,0.000,—,1.710
trio-gatherers,35,2,solo,300,500,1.000,0.000,0.000,1.000,0.0,0.00,0.000,—,1.710
trio-gatherers,35,2,pack,180,500,1.000,0.000,0.000,0.950,3.5,0.00,0.050,—,1.682
trio-gatherers,35,2,pack,300,500,1.000,0.000,0.000,0.950,3.5,0.00,0.050,—,1.682
trio-gatherers,35,2,boss,180,500,1.000,0.000,0.000,0.929,6.9,0.00,0.071,—,1.670
trio-gatherers,35,2,boss,300,500,1.000,0.000,0.000,0.929,6.9,0.00,0.071,—,1.669
trio-gatherers,35,3,solo,180,500,1.000,0.000,0.000,0.976,1.2,0.00,0.024,—,1.696
trio-gatherers,35,3,solo,300,500,1.000,0.000,0.000,0.976,1.2,0.00,0.024,—,1.696
trio-gatherers,35,3,pack,180,500,1.000,0.000,0.000,0.883,5.8,0.00,0.117,—,1.643
trio-gatherers,35,3,pack,300,500,1.000,0.000,0.000,0.881,5.8,0.00,0.119,—,1.642
trio-gatherers,35,3,boss,180,500,1.000,0.000,0.000,0.848,11.6,0.00,0.152,—,1.624
trio-gatherers,35,3,boss,300,500,1.000,0.000,0.000,0.849,11.6,0.00,0.151,—,1.624
trio-gatherers,35,4,solo,180,500,1.000,0.000,0.000,0.967,1.2,0.00,0.033,—,1.691
trio-gatherers,35,4,solo,300,500,1.000,0.000,0.000,0.967,1.2,0.00,0.033,—,1.691
trio-gatherers,35,4,pack,180,500,1.000,0.000,0.000,0.803,6.9,0.00,0.197,—,1.598
trio-gatherers,35,4,pack,300,500,1.000,0.000,0.000,0.802,6.9,0.00,0.198,—,1.597
trio-gatherers,35,4,boss,180,500,1.000,0.000,0.000,0.718,16.9,0.69,0.282,—,1.549
trio-gatherers,35,4,boss,300,500,1.000,0.000,0.000,0.719,16.8,0.62,0.281,—,1.550
trio-gatherers,35,5,solo,180,500,1.000,0.000,0.000,0.910,3.5,0.00,0.090,—,1.659
trio-gatherers,35,5,solo,300,500,1.000,0.000,0.000,0.909,3.5,0.00,0.091,—,1.658
trio-gatherers,35,5,pack,180,500,1.000,0.000,0.000,0.172,38.0,1.66,0.828,—,1.238
trio-gatherers,35,5,pack,300,500,1.000,0.000,0.000,0.181,37.3,1.63,0.819,—,1.243
trio-gatherers,35,5,boss,180,500,0.042,0.000,0.958,0.270,40.5,2.95,0.989,—,0.054
trio-gatherers,35,5,boss,300,500,0.050,0.000,0.950,0.237,41.5,2.95,0.988,—,0.064
trio-gatherers,35,6,solo,180,500,1.000,0.000,0.000,0.870,5.8,0.00,0.130,—,1.636
trio-gatherers,35,6,solo,300,500,1.000,0.000,0.000,0.870,5.8,0.00,0.130,—,1.636
trio-gatherers,35,6,pack,180,500,0.000,0.000,1.000,—,—,3.00,1.000,—,0.000
trio-gatherers,35,6,pack,300,500,0.000,0.000,1.000,—,—,3.00,1.000,—,0.000
trio-gatherers,35,6,boss,180,500,0.000,0.000,1.000,—,—,3.00,1.000,—,0.000
trio-gatherers,35,6,boss,300,500,0.000,0.000,1.000,—,—,3.00,1.000,—,0.000
trio-gatherers,35,7,solo,180,500,1.000,0.000,0.000,0.652,11.1,0.80,0.348,—,1.512
trio-gatherers,35,7,solo,300,500,1.000,0.000,0.000,0.655,11.0,0.79,0.345,—,1.513
trio-gatherers,35,7,pack,180,500,0.000,0.000,1.000,—,—,3.00,1.000,—,0.000
trio-gatherers,35,7,pack,300,500,0.000,0.000,1.000,—,—,3.00,1.000,—,0.000
trio-gatherers,35,7,boss,180,500,0.000,0.000,1.000,—,—,3.00,1.000,—,0.000
trio-gatherers,35,7,boss,300,500,0.000,0.000,1.000,—,—,3.00,1.000,—,0.000
trio-gatherers,35,8,solo,180,500,0.206,0.000,0.794,0.364,22.2,2.75,0.925,—,0.278
trio-gatherers,35,8,solo,300,500,0.208,0.000,0.792,0.343,22.8,2.76,0.929,—,0.278
trio-gatherers,35,8,pack,180,500,0.000,0.000,1.000,—,—,3.00,1.000,—,0.000
trio-gatherers,35,8,pack,300,500,0.000,0.000,1.000,—,—,3.00,1.000,—,0.000
trio-gatherers,35,8,boss,180,500,0.000,0.000,1.000,—,—,3.00,1.000,—,0.000
trio-gatherers,35,8,boss,300,500,0.000,0.000,1.000,—,—,3.00,1.000,—,0.000
trio-gatherers,50,1,solo,180,500,1.000,0.000,0.000,1.000,0.0,0.00,0.000,—,1.800
trio-gatherers,50,1,solo,300,500,1.000,0.000,0.000,1.000,0.0,0.00,0.000,—,1.800
trio-gatherers,50,1,pack,180,500,1.000,0.000,0.000,0.983,2.1,0.00,0.017,—,1.790
trio-gatherers,50,1,pack,300,500,1.000,0.000,0.000,0.982,2.1,0.00,0.018,—,1.789
trio-gatherers,50,1,boss,180,500,1.000,0.000,0.000,0.974,4.2,0.00,0.026,—,1.784
trio-gatherers,50,1,boss,300,500,1.000,0.000,0.000,0.975,4.2,0.00,0.025,—,1.785
trio-gatherers,50,2,solo,180,500,1.000,0.000,0.000,1.000,0.0,0.00,0.000,—,1.800
trio-gatherers,50,2,solo,300,500,1.000,0.000,0.000,1.000,0.0,0.00,0.000,—,1.800
trio-gatherers,50,2,pack,180,500,1.000,0.000,0.000,0.974,2.1,0.00,0.026,—,1.785
trio-gatherers,50,2,pack,300,500,1.000,0.000,0.000,0.975,2.1,0.00,0.025,—,1.785
trio-gatherers,50,2,boss,180,500,1.000,0.000,0.000,0.964,5.2,0.00,0.036,—,1.778
trio-gatherers,50,2,boss,300,500,1.000,0.000,0.000,0.964,5.2,0.00,0.036,—,1.778
trio-gatherers,50,3,solo,180,500,1.000,0.000,0.000,1.000,0.0,0.00,0.000,—,1.800
trio-gatherers,50,3,solo,300,500,1.000,0.000,0.000,1.000,0.0,0.00,0.000,—,1.800
trio-gatherers,50,3,pack,180,500,1.000,0.000,0.000,0.946,4.2,0.00,0.054,—,1.768
trio-gatherers,50,3,pack,300,500,1.000,0.000,0.000,0.946,4.2,0.00,0.054,—,1.768
trio-gatherers,50,3,boss,180,500,1.000,0.000,0.000,0.922,6.4,0.00,0.078,—,1.753
trio-gatherers,50,3,boss,300,500,1.000,0.000,0.000,0.922,6.4,0.00,0.078,—,1.753
trio-gatherers,50,4,solo,180,500,1.000,0.000,0.000,0.975,1.0,0.00,0.025,—,1.785
trio-gatherers,50,4,solo,300,500,1.000,0.000,0.000,0.975,1.0,0.00,0.025,—,1.785
trio-gatherers,50,4,pack,180,500,1.000,0.000,0.000,0.874,5.2,0.00,0.126,—,1.724
trio-gatherers,50,4,pack,300,500,1.000,0.000,0.000,0.875,5.2,0.00,0.125,—,1.725
trio-gatherers,50,4,boss,180,500,1.000,0.000,0.000,0.836,10.6,0.00,0.164,—,1.702
trio-gatherers,50,4,boss,300,500,1.000,0.000,0.000,0.834,10.6,0.00,0.166,—,1.701
trio-gatherers,50,5,solo,180,500,1.000,0.000,0.000,0.965,2.1,0.00,0.035,—,1.779
trio-gatherers,50,5,solo,300,500,1.000,0.000,0.000,0.965,2.1,0.00,0.035,—,1.779
trio-gatherers,50,5,pack,180,500,1.000,0.000,0.000,0.788,7.4,0.00,0.212,—,1.673
trio-gatherers,50,5,pack,300,500,1.000,0.000,0.000,0.790,7.4,0.00,0.210,—,1.674
trio-gatherers,50,5,boss,180,500,1.000,0.000,0.000,0.636,18.8,0.93,0.364,—,1.582
trio-gatherers,50,5,boss,300,500,1.000,0.000,0.000,0.640,18.7,0.92,0.360,—,1.584
trio-gatherers,50,6,solo,180,500,1.000,0.000,0.000,0.900,3.2,0.00,0.100,—,1.740
trio-gatherers,50,6,solo,300,500,1.000,0.000,0.000,0.899,3.2,0.00,0.101,—,1.740
trio-gatherers,50,6,pack,180,500,0.336,0.000,0.664,0.270,32.8,2.65,0.909,—,0.458
trio-gatherers,50,6,pack,300,500,0.368,0.000,0.632,0.279,32.4,2.60,0.897,—,0.503
trio-gatherers,50,6,boss,180,500,0.004,0.000,0.996,0.335,36.0,3.00,0.999,—,0.006
trio-gatherers,50,6,boss,300,500,0.000,0.000,1.000,—,—,3.00,1.000,—,0.000
trio-gatherers,50,7,solo,180,500,1.000,0.000,0.000,0.863,5.3,0.00,0.137,—,1.718
trio-gatherers,50,7,solo,300,500,1.000,0.000,0.000,0.861,5.3,0.00,0.139,—,1.717
trio-gatherers,50,7,pack,180,500,0.000,0.000,1.000,—,—,3.00,1.000,—,0.000
trio-gatherers,50,7,pack,300,500,0.000,0.000,1.000,—,—,3.00,1.000,—,0.000
trio-gatherers,50,7,boss,180,500,0.000,0.000,1.000,—,—,3.00,1.000,—,0.000
trio-gatherers,50,7,boss,300,500,0.000,0.000,1.000,—,—,3.00,1.000,—,0.000
trio-gatherers,50,8,solo,180,500,1.000,0.000,0.000,0.563,11.8,0.79,0.437,—,1.538
trio-gatherers,50,8,solo,300,500,1.000,0.000,0.000,0.565,11.8,0.78,0.435,—,1.539
trio-gatherers,50,8,pack,180,500,0.000,0.000,1.000,—,—,3.00,1.000,—,0.000
trio-gatherers,50,8,pack,300,500,0.000,0.000,1.000,—,—,3.00,1.000,—,0.000
trio-gatherers,50,8,boss,180,500,0.000,0.000,1.000,—,—,3.00,1.000,—,0.000
trio-gatherers,50,8,boss,300,500,0.000,0.000,1.000,—,—,3.00,1.000,—,0.000
duo-tank-heal,1,1,solo,180,500,1.000,0.000,0.000,0.874,8.1,0.00,0.126,1.000,1.443
duo-tank-heal,1,1,solo,300,500,1.000,0.000,0.000,0.873,8.1,0.00,0.127,1.000,1.442
duo-tank-heal,1,1,pack,180,500,1.000,0.000,0.000,0.991,76.7,0.00,0.009,1.000,1.501
duo-tank-heal,1,1,pack,300,500,1.000,0.000,0.000,0.992,76.9,0.00,0.008,1.000,1.502
duo-tank-heal,1,1,boss,180,500,1.000,0.000,0.000,0.993,142.1,0.00,0.007,1.000,1.502
duo-tank-heal,1,1,boss,300,500,1.000,0.000,0.000,0.995,142.8,0.00,0.005,1.000,1.503
duo-tank-heal,1,2,solo,180,500,1.000,0.000,0.000,0.961,22.2,0.00,0.039,1.000,1.487
duo-tank-heal,1,2,solo,300,500,1.000,0.000,0.000,0.964,21.7,0.00,0.036,1.000,1.488
duo-tank-heal,1,2,pack,180,500,0.000,0.000,1.000,—,—,2.00,1.000,0.536,0.000
duo-tank-heal,1,2,pack,300,500,0.000,0.000,1.000,—,—,2.00,1.000,0.533,0.000
duo-tank-heal,1,2,boss,180,500,0.000,1.000,0.000,—,—,0.36,0.352,0.739,0.000
duo-tank-heal,1,2,boss,300,500,0.662,0.338,0.000,0.931,219.0,0.34,0.281,0.664,0.974
duo-tank-heal,1,3,solo,180,500,1.000,0.000,0.000,0.939,46.1,0.00,0.061,1.000,1.475
duo-tank-heal,1,3,solo,300,500,1.000,0.000,0.000,0.938,45.7,0.00,0.062,1.000,1.475
duo-tank-heal,1,3,pack,180,500,0.000,0.000,1.000,—,—,2.00,1.000,0.551,0.000
duo-tank-heal,1,3,pack,300,500,0.000,0.000,1.000,—,—,2.00,1.000,0.550,0.000
duo-tank-heal,1,3,boss,180,500,0.000,0.000,1.000,—,—,2.00,1.000,0.595,0.000
duo-tank-heal,1,3,boss,300,500,0.000,0.000,1.000,—,—,2.00,1.000,0.595,0.000
duo-tank-heal,1,4,solo,180,500,0.994,0.000,0.006,0.674,70.9,0.11,0.330,0.994,1.334
duo-tank-heal,1,4,solo,300,500,0.990,0.000,0.010,0.672,71.0,0.10,0.335,0.993,1.328
duo-tank-heal,1,4,pack,180,500,0.000,0.000,1.000,—,—,2.00,1.000,0.552,0.000
duo-tank-heal,1,4,pack,300,500,0.000,0.000,1.000,—,—,2.00,1.000,0.549,0.000
duo-tank-heal,1,4,boss,180,500,0.000,0.000,1.000,—,—,2.00,1.000,0.482,0.000
duo-tank-heal,1,4,boss,300,500,0.000,0.000,1.000,—,—,2.00,1.000,0.481,0.000
duo-tank-heal,1,5,solo,180,500,0.000,0.000,1.000,—,—,2.00,1.000,0.626,0.000
duo-tank-heal,1,5,solo,300,500,0.000,0.000,1.000,—,—,2.00,1.000,0.628,0.000
duo-tank-heal,1,5,pack,180,500,0.000,0.000,1.000,—,—,2.00,1.000,0.622,0.000
duo-tank-heal,1,5,pack,300,500,0.000,0.000,1.000,—,—,2.00,1.000,0.620,0.000
duo-tank-heal,1,5,boss,180,500,0.000,0.000,1.000,—,—,2.00,1.000,0.593,0.000
duo-tank-heal,1,5,boss,300,500,0.000,0.000,1.000,—,—,2.00,1.000,0.594,0.000
duo-tank-heal,1,6,solo,180,500,0.000,0.000,1.000,—,—,2.00,1.000,0.558,0.000
duo-tank-heal,1,6,solo,300,500,0.000,0.000,1.000,—,—,2.00,1.000,0.564,0.000
duo-tank-heal,1,6,pack,180,500,0.000,0.000,1.000,—,—,2.00,1.000,0.531,0.000
duo-tank-heal,1,6,pack,300,500,0.000,0.000,1.000,—,—,2.00,1.000,0.528,0.000
duo-tank-heal,1,6,boss,180,500,0.000,0.000,1.000,—,—,2.00,1.000,0.553,0.000
duo-tank-heal,1,6,boss,300,500,0.000,0.000,1.000,—,—,2.00,1.000,0.559,0.000
duo-tank-heal,1,7,solo,180,500,0.000,0.000,1.000,—,—,2.00,1.000,0.675,0.000
duo-tank-heal,1,7,solo,300,500,0.000,0.000,1.000,—,—,2.00,1.000,0.675,0.000
duo-tank-heal,1,7,pack,180,500,0.000,0.000,1.000,—,—,2.00,1.000,0.677,0.000
duo-tank-heal,1,7,pack,300,500,0.000,0.000,1.000,—,—,2.00,1.000,0.677,0.000
duo-tank-heal,1,7,boss,180,500,0.000,0.000,1.000,—,—,2.00,1.000,0.367,0.000
duo-tank-heal,1,7,boss,300,500,0.000,0.000,1.000,—,—,2.00,1.000,0.371,0.000
duo-tank-heal,1,8,solo,180,500,0.000,0.000,1.000,—,—,2.00,1.000,0.673,0.000
duo-tank-heal,1,8,solo,300,500,0.000,0.000,1.000,—,—,2.00,1.000,0.672,0.000
duo-tank-heal,1,8,pack,180,500,0.000,0.000,1.000,—,—,2.00,1.000,0.673,0.000
duo-tank-heal,1,8,pack,300,500,0.000,0.000,1.000,—,—,2.00,1.000,0.674,0.000
duo-tank-heal,1,8,boss,180,500,0.000,0.000,1.000,—,—,2.00,1.000,0.540,0.000
duo-tank-heal,1,8,boss,300,500,0.000,0.000,1.000,—,—,2.00,1.000,0.550,0.000
duo-tank-heal,5,1,solo,180,500,1.000,0.000,0.000,0.933,4.0,0.00,0.067,1.000,1.496
duo-tank-heal,5,1,solo,300,500,1.000,0.000,0.000,0.933,4.0,0.00,0.067,1.000,1.496
duo-tank-heal,5,1,pack,180,500,1.000,0.000,0.000,0.997,40.8,0.00,0.003,1.000,1.528
duo-tank-heal,5,1,pack,300,500,1.000,0.000,0.000,0.996,40.7,0.00,0.004,1.000,1.528
duo-tank-heal,5,1,boss,180,500,1.000,0.000,0.000,0.978,81.5,0.00,0.022,1.000,1.519
duo-tank-heal,5,1,boss,300,500,1.000,0.000,0.000,0.980,81.5,0.00,0.020,1.000,1.520
duo-tank-heal,5,2,solo,180,500,1.000,0.000,0.000,0.919,6.0,0.00,0.081,1.000,1.488
duo-tank-heal,5,2,solo,300,500,1.000,0.000,0.000,0.919,6.0,0.00,0.081,1.000,1.489
duo-tank-heal,5,2,pack,180,500,1.000,0.000,0.000,0.964,70.0,0.00,0.036,1.000,1.512
duo-tank-heal,5,2,pack,300,500,1.000,0.000,0.000,0.965,70.1,0.00,0.035,1.000,1.512
duo-tank-heal,5,2,boss,180,500,1.000,0.000,0.000,0.990,128.5,0.00,0.010,1.000,1.525
duo-tank-heal,5,2,boss,300,500,1.000,0.000,0.000,0.991,128.7,0.00,0.009,1.000,1.525
duo-tank-heal,5,3,solo,180,500,1.000,0.000,0.000,0.979,17.2,0.00,0.021,1.000,1.519
duo-tank-heal,5,3,solo,300,500,1.000,0.000,0.000,0.978,17.2,0.00,0.022,1.000,1.519
duo-tank-heal,5,3,pack,180,500,0.566,0.212,0.222,0.946,94.6,0.66,0.421,0.632,0.850
duo-tank-heal,5,3,pack,300,500,0.480,0.260,0.260,0.948,94.2,0.78,0.475,0.434,0.722
duo-tank-heal,5,3,boss,180,500,0.158,0.842,0.000,0.981,173.8,0.00,0.086,1.000,0.240
duo-tank-heal,5,3,boss,300,500,1.000,0.000,0.000,0.983,194.9,0.00,0.017,1.000,1.521
duo-tank-heal,5,4,solo,180,500,1.000,0.000,0.000,0.990,36.8,0.00,0.010,1.000,1.525
duo-tank-heal,5,4,solo,300,500,1.000,0.000,0.000,0.992,36.6,0.00,0.008,1.000,1.526
duo-tank-heal,5,4,pack,180,500,0.000,0.000,1.000,—,—,2.00,1.000,0.567,0.000
duo-tank-heal,5,4,pack,300,500,0.000,0.000,1.000,—,—,2.00,1.000,0.579,0.000
duo-tank-heal,5,4,boss,180,500,0.000,0.002,0.998,—,—,2.00,0.998,0.593,0.000
duo-tank-heal,5,4,boss,300,500,0.002,0.000,0.998,1.000,288.0,2.00,0.998,0.598,0.003
duo-tank-heal,5,5,solo,180,500,1.000,0.000,0.000,0.994,63.0,0.00,0.006,1.000,1.527
duo-tank-heal,5,5,solo,300,500,1.000,0.000,0.000,0.992,63.0,0.00,0.008,1.000,1.526
duo-tank-heal,5,5,pack,180,500,0.000,0.000,1.000,—,—,2.00,1.000,0.506,0.000
duo-tank-heal,5,5,pack,300,500,0.000,0.000,1.000,—,—,2.00,1.000,0.509,0.000
duo-tank-heal,5,5,boss,180,500,0.000,0.000,1.000,—,—,2.00,1.000,0.504,0.000
duo-tank-heal,5,5,boss,300,500,0.000,0.000,1.000,—,—,2.00,1.000,0.509,0.000
duo-tank-heal,5,6,solo,180,500,0.240,0.000,0.760,0.795,100.5,1.56,0.809,0.871,0.342
duo-tank-heal,5,6,solo,300,500,0.228,0.000,0.772,0.760,99.9,1.60,0.827,0.868,0.321
duo-tank-heal,5,6,pack,180,500,0.000,0.000,1.000,—,—,2.00,1.000,0.626,0.000
duo-tank-heal,5,6,pack,300,500,0.000,0.000,1.000,—,—,2.00,1.000,0.628,0.000
duo-tank-heal,5,6,boss,180,500,0.000,0.000,1.000,—,—,2.00,1.000,0.556,0.000
duo-tank-heal,5,6,boss,300,500,0.000,0.000,1.000,—,—,2.00,1.000,0.557,0.000
duo-tank-heal,5,7,solo,180,500,0.000,0.000,1.000,—,—,2.00,1.000,0.591,0.000
duo-tank-heal,5,7,solo,300,500,0.000,0.000,1.000,—,—,2.00,1.000,0.587,0.000
duo-tank-heal,5,7,pack,180,500,0.000,0.000,1.000,—,—,2.00,1.000,0.609,0.000
duo-tank-heal,5,7,pack,300,500,0.000,0.000,1.000,—,—,2.00,1.000,0.609,0.000
duo-tank-heal,5,7,boss,180,500,0.000,0.000,1.000,—,—,2.00,1.000,0.567,0.000
duo-tank-heal,5,7,boss,300,500,0.000,0.000,1.000,—,—,2.00,1.000,0.571,0.000
duo-tank-heal,5,8,solo,180,500,0.000,0.000,1.000,—,—,2.00,1.000,0.682,0.000
duo-tank-heal,5,8,solo,300,500,0.000,0.000,1.000,—,—,2.00,1.000,0.680,0.000
duo-tank-heal,5,8,pack,180,500,0.000,0.000,1.000,—,—,2.00,1.000,0.674,0.000
duo-tank-heal,5,8,pack,300,500,0.000,0.000,1.000,—,—,2.00,1.000,0.675,0.000
duo-tank-heal,5,8,boss,180,500,0.000,0.000,1.000,—,—,2.00,1.000,0.377,0.000
duo-tank-heal,5,8,boss,300,500,0.000,0.000,1.000,—,—,2.00,1.000,0.392,0.000
duo-tank-heal,10,1,solo,180,500,1.000,0.000,0.000,1.000,0.0,0.00,0.000,—,1.560
duo-tank-heal,10,1,solo,300,500,1.000,0.000,0.000,1.000,0.0,0.00,0.000,—,1.560
duo-tank-heal,10,1,pack,180,500,1.000,0.000,0.000,0.885,12.0,0.00,0.115,1.000,1.500
duo-tank-heal,10,1,pack,300,500,1.000,0.000,0.000,0.886,12.0,0.00,0.114,1.000,1.501
duo-tank-heal,10,1,boss,180,500,1.000,0.000,0.000,0.965,37.4,0.00,0.035,1.000,1.542
duo-tank-heal,10,1,boss,300,500,1.000,0.000,0.000,0.964,36.9,0.00,0.036,1.000,1.541
duo-tank-heal,10,2,solo,180,500,1.000,0.000,0.000,0.935,4.0,0.00,0.065,1.000,1.526
duo-tank-heal,10,2,solo,300,500,1.000,0.000,0.000,0.936,4.0,0.00,0.064,1.000,1.526
duo-tank-heal,10,2,pack,180,500,1.000,0.000,0.000,0.995,40.3,0.00,0.005,1.000,1.557
duo-tank-heal,10,2,pack,300,500,1.000,0.000,0.000,0.995,40.5,0.00,0.005,1.000,1.557
duo-tank-heal,10,2,boss,180,500,1.000,0.000,0.000,0.986,79.4,0.00,0.014,1.000,1.553
duo-tank-heal,10,2,boss,300,500,1.000,0.000,0.000,0.987,79.8,0.00,0.013,1.000,1.553
duo-tank-heal,10,3,solo,180,500,1.000,0.000,0.000,0.921,6.0,0.00,0.079,1.000,1.519
duo-tank-heal,10,3,solo,300,500,1.000,0.000,0.000,0.919,6.0,0.00,0.081,1.000,1.518
duo-tank-heal,10,3,pack,180,500,1.000,0.000,0.000,0.965,70.3,0.00,0.035,1.000,1.542
duo-tank-heal,10,3,pack,300,500,1.000,0.000,0.000,0.963,70.2,0.00,0.037,1.000,1.541
duo-tank-heal,10,3,boss,180,500,1.000,0.000,0.000,0.991,127.0,0.00,0.009,1.000,1.555
duo-tank-heal,10,3,boss,300,500,1.000,0.000,0.000,0.993,127.3,0.00,0.007,1.000,1.556
duo-tank-heal,10,4,solo,180,500,1.000,0.000,0.000,0.980,16.3,0.00,0.020,1.000,1.549
duo-tank-heal,10,4,solo,300,500,1.000,0.000,0.000,0.980,16.3,0.00,0.020,1.000,1.549
duo-tank-heal,10,4,pack,180,500,1.000,0.000,0.000,0.946,94.5,0.00,0.054,1.000,1.532
duo-tank-heal,10,4,pack,300,500,1.000,0.000,0.000,0.944,93.9,0.00,0.056,1.000,1.531
duo-tank-heal,10,4,boss,180,500,0.418,0.582,0.000,0.992,174.8,0.00,0.059,1.000,0.650
duo-tank-heal,10,4,boss,300,500,1.000,0.000,0.000,0.960,185.7,0.00,0.040,1.000,1.539
duo-tank-heal,10,5,solo,180,500,1.000,0.000,0.000,0.989,35.6,0.00,0.011,1.000,1.554
duo-tank-heal,10,5,solo,300,500,1.000,0.000,0.000,0.991,36.1,0.00,0.009,1.000,1.555
duo-tank-heal,10,5,pack,180,500,0.000,0.000,1.000,—,—,2.00,1.000,0.553,0.000
duo-tank-heal,10,5,pack,300,500,0.000,0.000,1.000,—,—,2.00,1.000,0.560,0.000
duo-tank-heal,10,5,boss,180,500,0.000,0.488,0.512,—,—,1.03,0.588,0.904,0.000
duo-tank-heal,10,5,boss,300,500,0.440,0.018,0.542,0.942,280.0,1.10,0.581,0.902,0.673
duo-tank-heal,10,6,solo,180,500,1.000,0.000,0.000,0.992,62.7,0.00,0.008,1.000,1.556
duo-tank-heal,10,6,solo,300,500,1.000,0.000,0.000,0.991,62.6,0.00,0.009,1.000,1.555
duo-tank-heal,10,6,pack,180,500,0.000,0.000,1.000,—,—,2.00,1.000,0.524,0.000
duo-tank-heal,10,6,pack,300,500,0.000,0.000,1.000,—,—,2.00,1.000,0.523,0.000
duo-tank-heal,10,6,boss,180,500,0.000,0.000,1.000,—,—,2.00,1.000,0.513,0.000
duo-tank-heal,10,6,boss,300,500,0.000,0.000,1.000,—,—,2.00,1.000,0.513,0.000
duo-tank-heal,10,7,solo,180,500,1.000,0.000,0.000,0.968,101.0,0.00,0.032,1.000,1.544
duo-tank-heal,10,7,solo,300,500,1.000,0.000,0.000,0.966,100.8,0.00,0.034,1.000,1.542
duo-tank-heal,10,7,pack,180,500,0.000,0.000,1.000,—,—,2.00,1.000,0.635,0.000
duo-tank-heal,10,7,pack,300,500,0.000,0.000,1.000,—,—,2.00,1.000,0.635,0.000
duo-tank-heal,10,7,boss,180,500,0.000,0.000,1.000,—,—,2.00,1.000,0.553,0.000
duo-tank-heal,10,7,boss,300,500,0.000,0.000,1.000,—,—,2.00,1.000,0.552,0.000
duo-tank-heal,10,8,solo,180,500,0.000,0.000,1.000,—,—,2.00,1.000,0.638,0.000
duo-tank-heal,10,8,solo,300,500,0.000,0.000,1.000,—,—,2.00,1.000,0.633,0.000
duo-tank-heal,10,8,pack,180,500,0.000,0.000,1.000,—,—,2.00,1.000,0.611,0.000
duo-tank-heal,10,8,pack,300,500,0.000,0.000,1.000,—,—,2.00,1.000,0.611,0.000
duo-tank-heal,10,8,boss,180,500,0.000,0.000,1.000,—,—,2.00,1.000,0.590,0.000
duo-tank-heal,10,8,boss,300,500,0.000,0.000,1.000,—,—,2.00,1.000,0.585,0.000
duo-tank-heal,20,1,solo,180,500,1.000,0.000,0.000,1.000,0.0,0.00,0.000,—,1.620
duo-tank-heal,20,1,solo,300,500,1.000,0.000,0.000,1.000,0.0,0.00,0.000,—,1.620
duo-tank-heal,20,1,pack,180,500,1.000,0.000,0.000,0.947,8.1,0.00,0.053,1.000,1.591
duo-tank-heal,20,1,pack,300,500,1.000,0.000,0.000,0.947,8.1,0.00,0.053,1.000,1.591
duo-tank-heal,20,1,boss,180,500,1.000,0.000,0.000,0.923,12.1,0.00,0.077,1.000,1.579
duo-tank-heal,20,1,boss,300,500,1.000,0.000,0.000,0.924,12.1,0.00,0.076,1.000,1.579
duo-tank-heal,20,2,solo,180,500,1.000,0.000,0.000,1.000,0.0,0.00,0.000,—,1.620
duo-tank-heal,20,2,solo,300,500,1.000,0.000,0.000,1.000,0.0,0.00,0.000,—,1.620
duo-tank-heal,20,2,pack,180,500,1.000,0.000,0.000,0.912,12.0,0.00,0.088,1.000,1.573
duo-tank-heal,20,2,pack,300,500,1.000,0.000,0.000,0.912,12.0,0.00,0.088,1.000,1.572
duo-tank-heal,20,2,boss,180,500,1.000,0.000,0.000,0.871,18.0,0.00,0.129,1.000,1.551
duo-tank-heal,20,2,boss,300,500,1.000,0.000,0.000,0.870,18.0,0.00,0.130,1.000,1.550
duo-tank-heal,20,3,solo,180,500,1.000,0.000,0.000,0.952,4.0,0.00,0.048,1.000,1.594
duo-tank-heal,20,3,solo,300,500,1.000,0.000,0.000,0.952,4.0,0.00,0.048,1.000,1.594
duo-tank-heal,20,3,pack,180,500,1.000,0.000,0.000,0.989,34.3,0.00,0.011,1.000,1.614
duo-tank-heal,20,3,pack,300,500,1.000,0.000,0.000,0.990,34.1,0.00,0.010,1.000,1.614
duo-tank-heal,20,3,boss,180,500,1.000,0.000,0.000,0.968,50.2,0.00,0.032,1.000,1.603
duo-tank-heal,20,3,boss,300,500,1.000,0.000,0.000,0.967,49.6,0.00,0.033,1.000,1.602
duo-tank-heal,20,4,solo,180,500,1.000,0.000,0.000,0.933,4.0,0.00,0.067,1.000,1.584
duo-tank-heal,20,4,solo,300,500,1.000,0.000,0.000,0.934,4.0,0.00,0.066,1.000,1.584
duo-tank-heal,20,4,pack,180,500,1.000,0.000,0.000,0.975,57.5,0.00,0.025,1.000,1.606
duo-tank-heal,20,4,pack,300,500,1.000,0.000,0.000,0.974,57.3,0.00,0.026,1.000,1.606
duo-tank-heal,20,4,boss,180,500,1.000,0.000,0.000,0.981,102.2,0.00,0.019,1.000,1.610
duo-tank-heal,20,4,boss,300,500,1.000,0.000,0.000,0.981,103.2,0.00,0.019,1.000,1.609
duo-tank-heal,20,5,solo,180,500,1.000,0.000,0.000,0.868,8.1,0.00,0.132,1.000,1.548
duo-tank-heal,20,5,solo,300,500,1.000,0.000,0.000,0.868,8.1,0.00,0.132,1.000,1.549
duo-tank-heal,20,5,pack,180,500,1.000,0.000,0.000,0.990,87.4,0.00,0.010,1.000,1.614
duo-tank-heal,20,5,pack,300,500,1.000,0.000,0.000,0.990,87.2,0.00,0.010,1.000,1.614
duo-tank-heal,20,5,boss,180,500,1.000,0.000,0.000,0.994,164.6,0.00,0.006,1.000,1.616
duo-tank-heal,20,5,boss,300,500,1.000,0.000,0.000,0.992,163.9,0.00,0.008,1.000,1.616
duo-tank-heal,20,6,solo,180,500,1.000,0.000,0.000,0.907,20.6,0.00,0.093,1.000,1.570
duo-tank-heal,20,6,solo,300,500,1.000,0.000,0.000,0.909,20.9,0.00,0.091,1.000,1.571
duo-tank-heal,20,6,pack,180,500,1.000,0.000,0.000,0.990,128.5,0.00,0.010,1.000,1.614
duo-tank-heal,20,6,pack,300,500,1.000,0.000,0.000,0.990,128.6,0.00,0.010,1.000,1.615
duo-tank-heal,20,6,boss,180,500,0.002,0.998,0.000,0.890,180.0,0.00,0.101,1.000,0.003
duo-tank-heal,20,6,boss,300,500,1.000,0.000,0.000,0.933,250.0,0.00,0.067,1.000,1.584
duo-tank-heal,20,7,solo,180,500,1.000,0.000,0.000,0.915,49.0,0.00,0.085,1.000,1.574
duo-tank-heal,20,7,solo,300,500,1.000,0.000,0.000,0.918,50.7,0.00,0.082,1.000,1.576
duo-tank-heal,20,7,pack,180,500,0.000,0.000,1.000,—,—,2.00,1.000,0.627,0.000
duo-tank-heal,20,7,pack,300,500,0.000,0.000,1.000,—,—,2.00,1.000,0.629,0.000
duo-tank-heal,20,7,boss,180,500,0.000,0.202,0.798,—,—,1.60,0.829,0.801,0.000
duo-tank-heal,20,7,boss,300,500,0.000,0.202,0.798,—,—,1.60,0.825,0.845,0.000
duo-tank-heal,20,8,solo,180,500,1.000,0.000,0.000,0.883,87.1,0.00,0.117,1.000,1.557
duo-tank-heal,20,8,solo,300,500,1.000,0.000,0.000,0.884,87.9,0.00,0.116,1.000,1.557
duo-tank-heal,20,8,pack,180,500,0.000,0.000,1.000,—,—,2.00,1.000,0.592,0.000
duo-tank-heal,20,8,pack,300,500,0.000,0.000,1.000,—,—,2.00,1.000,0.592,0.000
duo-tank-heal,20,8,boss,180,500,0.000,0.000,1.000,—,—,2.00,1.000,0.564,0.000
duo-tank-heal,20,8,boss,300,500,0.000,0.000,1.000,—,—,2.00,1.000,0.559,0.000
duo-tank-heal,35,1,solo,180,500,1.000,0.000,0.000,1.000,0.0,0.00,0.000,—,1.710
duo-tank-heal,35,1,solo,300,500,1.000,0.000,0.000,1.000,0.0,0.00,0.000,—,1.710
duo-tank-heal,35,1,pack,180,500,1.000,0.000,0.000,0.987,4.0,0.00,0.013,1.000,1.703
duo-tank-heal,35,1,pack,300,500,1.000,0.000,0.000,0.988,4.0,0.00,0.012,1.000,1.703
duo-tank-heal,35,1,boss,180,500,1.000,0.000,0.000,0.977,8.1,0.00,0.023,1.000,1.697
duo-tank-heal,35,1,boss,300,500,1.000,0.000,0.000,0.976,8.1,0.00,0.024,1.000,1.696
duo-tank-heal,35,2,solo,180,500,1.000,0.000,0.000,1.000,0.0,0.00,0.000,—,1.710
duo-tank-heal,35,2,solo,300,500,1.000,0.000,0.000,1.000,0.0,0.00,0.000,—,1.710
duo-tank-heal,35,2,pack,180,500,1.000,0.000,0.000,0.961,8.1,0.00,0.039,1.000,1.688
duo-tank-heal,35,2,pack,300,500,1.000,0.000,0.000,0.960,8.1,0.00,0.040,1.000,1.687
duo-tank-heal,35,2,boss,180,500,1.000,0.000,0.000,0.945,12.1,0.00,0.055,1.000,1.679
duo-tank-heal,35,2,boss,300,500,1.000,0.000,0.000,0.944,12.1,0.00,0.056,1.000,1.678
duo-tank-heal,35,3,solo,180,500,1.000,0.000,0.000,1.000,0.0,0.00,0.000,—,1.710
duo-tank-heal,35,3,solo,300,500,1.000,0.000,0.000,1.000,0.0,0.00,0.000,—,1.710
duo-tank-heal,35,3,pack,180,500,1.000,0.000,0.000,0.934,12.0,0.00,0.066,1.000,1.673
duo-tank-heal,35,3,pack,300,500,1.000,0.000,0.000,0.935,12.0,0.00,0.065,1.000,1.673
duo-tank-heal,35,3,boss,180,500,1.000,0.000,0.000,0.901,16.2,0.00,0.099,1.000,1.653
duo-tank-heal,35,3,boss,300,500,1.000,0.000,0.000,0.900,16.2,0.00,0.100,1.000,1.653
duo-tank-heal,35,4,solo,180,500,1.000,0.000,0.000,1.000,0.0,0.00,0.000,—,1.710
duo-tank-heal,35,4,solo,300,500,1.000,0.000,0.000,1.000,0.0,0.00,0.000,—,1.710
duo-tank-heal,35,4,pack,180,500,1.000,0.000,0.000,0.906,12.0,0.00,0.094,1.000,1.656
duo-tank-heal,35,4,pack,300,500,1.000,0.000,0.000,0.906,12.0,0.00,0.094,1.000,1.657
duo-tank-heal,35,4,boss,180,500,1.000,0.000,0.000,0.924,31.7,0.00,0.076,1.000,1.667
duo-tank-heal,35,4,boss,300,500,1.000,0.000,0.000,0.916,31.0,0.00,0.084,1.000,1.662
duo-tank-heal,35,5,solo,180,500,1.000,0.000,0.000,0.951,4.0,0.00,0.049,1.000,1.682
duo-tank-heal,35,5,solo,300,500,1.000,0.000,0.000,0.952,4.0,0.00,0.048,1.000,1.683
duo-tank-heal,35,5,pack,180,500,1.000,0.000,0.000,0.985,46.3,0.00,0.015,1.000,1.701
duo-tank-heal,35,5,pack,300,500,1.000,0.000,0.000,0.984,45.5,0.00,0.016,1.000,1.701
duo-tank-heal,35,5,boss,180,500,1.000,0.000,0.000,0.960,84.1,0.00,0.040,1.000,1.687
duo-tank-heal,35,5,boss,300,500,1.000,0.000,0.000,0.961,84.9,0.00,0.039,1.000,1.688
duo-tank-heal,35,6,solo,180,500,1.000,0.000,0.000,0.937,6.0,0.00,0.063,1.000,1.674
duo-tank-heal,35,6,solo,300,500,1.000,0.000,0.000,0.938,6.0,0.00,0.062,1.000,1.675
duo-tank-heal,35,6,pack,180,500,1.000,0.000,0.000,0.994,74.9,0.00,0.006,1.000,1.707
duo-tank-heal,35,6,pack,300,500,1.000,0.000,0.000,0.993,74.6,0.00,0.007,1.000,1.706
duo-tank-heal,35,6,boss,180,500,1.000,0.000,0.000,0.986,140.6,0.00,0.014,1.000,1.702
duo-tank-heal,35,6,boss,300,500,1.000,0.000,0.000,0.982,138.7,0.00,0.018,1.000,1.700
duo-tank-heal,35,7,solo,180,500,1.000,0.000,0.000,0.893,9.7,0.00,0.107,1.000,1.649
duo-tank-heal,35,7,solo,300,500,1.000,0.000,0.000,0.892,9.5,0.00,0.108,1.000,1.648
duo-tank-heal,35,7,pack,180,500,1.000,0.000,0.000,0.986,121.7,0.00,0.014,1.000,1.702
duo-tank-heal,35,7,pack,300,500,1.000,0.000,0.000,0.987,121.8,0.00,0.013,1.000,1.703
duo-tank-heal,35,7,boss,180,500,0.008,0.992,0.000,0.945,165.5,0.00,0.073,1.000,0.013
duo-tank-heal,35,7,boss,300,500,1.000,0.000,0.000,0.991,240.9,0.00,0.009,1.000,1.705
duo-tank-heal,35,8,solo,180,500,1.000,0.000,0.000,0.995,40.9,0.00,0.005,1.000,1.707
duo-tank-heal,35,8,solo,300,500,1.000,0.000,0.000,0.996,41.1,0.00,0.004,1.000,1.708
duo-tank-heal,35,8,pack,180,500,0.172,0.826,0.002,0.970,171.4,0.00,0.062,1.000,0.291
duo-tank-heal,35,8,pack,300,500,0.996,0.000,0.004,0.948,192.8,0.01,0.056,1.000,1.674
duo-tank-heal,35,8,boss,180,500,0.000,1.000,0.000,—,—,0.00,0.099,1.000,0.000
duo-tank-heal,35,8,boss,300,500,0.002,0.998,0.000,1.000,294.0,0.00,0.106,1.000,0.003
duo-tank-heal,50,1,solo,180,500,1.000,0.000,0.000,1.000,0.0,0.00,0.000,—,1.800
duo-tank-heal,50,1,solo,300,500,1.000,0.000,0.000,1.000,0.0,0.00,0.000,—,1.800
duo-tank-heal,50,1,pack,180,500,1.000,0.000,0.000,0.993,4.0,0.00,0.007,1.000,1.796
duo-tank-heal,50,1,pack,300,500,1.000,0.000,0.000,0.993,4.0,0.00,0.007,1.000,1.796
duo-tank-heal,50,1,boss,180,500,1.000,0.000,0.000,0.987,8.1,0.00,0.013,1.000,1.792
duo-tank-heal,50,1,boss,300,500,1.000,0.000,0.000,0.987,8.1,0.00,0.013,1.000,1.792
duo-tank-heal,50,2,solo,180,500,1.000,0.000,0.000,1.000,0.0,0.00,0.000,—,1.800
duo-tank-heal,50,2,solo,300,500,1.000,0.000,0.000,1.000,0.0,0.00,0.000,—,1.800
duo-tank-heal,50,2,pack,180,500,1.000,0.000,0.000,0.989,4.0,0.00,0.011,1.000,1.794
duo-tank-heal,50,2,pack,300,500,1.000,0.000,0.000,0.989,4.0,0.00,0.011,1.000,1.794
duo-tank-heal,50,2,boss,180,500,1.000,0.000,0.000,0.980,8.1,0.00,0.020,1.000,1.788
duo-tank-heal,50,2,boss,300,500,1.000,0.000,0.000,0.980,8.1,0.00,0.020,1.000,1.788
duo-tank-heal,50,3,solo,180,500,1.000,0.000,0.000,1.000,0.0,0.00,0.000,—,1.800
duo-tank-heal,50,3,solo,300,500,1.000,0.000,0.000,1.000,0.0,0.00,0.000,—,1.800
duo-tank-heal,50,3,pack,180,500,1.000,0.000,0.000,0.967,8.1,0.00,0.033,1.000,1.780
duo-tank-heal,50,3,pack,300,500,1.000,0.000,0.000,0.967,8.1,0.00,0.033,1.000,1.780
duo-tank-heal,50,3,boss,180,500,1.000,0.000,0.000,0.954,12.1,0.00,0.046,1.000,1.772
duo-tank-heal,50,3,boss,300,500,1.000,0.000,0.000,0.953,12.1,0.00,0.047,1.000,1.772
duo-tank-heal,50,4,solo,180,500,1.000,0.000,0.000,1.000,0.0,0.00,0.000,—,1.800
duo-tank-heal,50,4,solo,300,500,1.000,0.000,0.000,1.000,0.0,0.00,0.000,—,1.800
duo-tank-heal,50,4,pack,180,500,1.000,0.000,0.000,0.947,12.0,0.00,0.053,1.000,1.768
duo-tank-heal,50,4,pack,300,500,1.000,0.000,0.000,0.947,12.0,0.00,0.053,1.000,1.768
duo-tank-heal,50,4,boss,180,500,1.000,0.000,0.000,0.917,16.2,0.00,0.083,1.000,1.750
duo-tank-heal,50,4,boss,300,500,1.000,0.000,0.000,0.917,16.2,0.00,0.083,1.000,1.750
duo-tank-heal,50,5,solo,180,500,1.000,0.000,0.000,1.000,0.0,0.00,0.000,—,1.800
duo-tank-heal,50,5,solo,300,500,1.000,0.000,0.000,1.000,0.0,0.00,0.000,—,1.800
duo-tank-heal,50,5,pack,180,500,1.000,0.000,0.000,0.922,12.0,0.00,0.078,1.000,1.753
duo-tank-heal,50,5,pack,300,500,1.000,0.000,0.000,0.922,12.0,0.00,0.078,1.000,1.753
duo-tank-heal,50,5,boss,180,500,1.000,0.000,0.000,0.863,25.3,0.00,0.137,1.000,1.718
duo-tank-heal,50,5,boss,300,500,1.000,0.000,0.000,0.863,25.3,0.00,0.137,1.000,1.718
duo-tank-heal,50,6,solo,180,500,1.000,0.000,0.000,0.961,4.0,0.00,0.039,1.000,1.776
duo-tank-heal,50,6,solo,300,500,1.000,0.000,0.000,0.961,4.0,0.00,0.039,1.000,1.776
duo-tank-heal,50,6,pack,180,500,1.000,0.000,0.000,0.985,39.3,0.00,0.015,1.000,1.791
duo-tank-heal,50,6,pack,300,500,1.000,0.000,0.000,0.984,39.2,0.00,0.016,1.000,1.790
duo-tank-heal,50,6,boss,180,500,1.000,0.000,0.000,0.974,82.7,0.00,0.026,1.000,1.784
duo-tank-heal,50,6,boss,300,500,1.000,0.000,0.000,0.975,83.8,0.00,0.025,1.000,1.785
duo-tank-heal,50,7,solo,180,500,1.000,0.000,0.000,0.947,6.0,0.00,0.053,1.000,1.768
duo-tank-heal,50,7,solo,300,500,1.000,0.000,0.000,0.948,6.0,0.00,0.052,1.000,1.769
duo-tank-heal,50,7,pack,180,500,1.000,0.000,0.000,0.995,80.5,0.00,0.005,1.000,1.797
duo-tank-heal,50,7,pack,300,500,1.000,0.000,0.000,0.995,79.5,0.00,0.005,1.000,1.797
duo-tank-heal,50,7,boss,180,500,0.994,0.006,0.000,0.984,145.8,0.00,0.016,1.000,1.780
duo-tank-heal,50,7,boss,300,500,1.000,0.000,0.000,0.983,144.0,0.00,0.017,1.000,1.790
duo-tank-heal,50,8,solo,180,500,1.000,0.000,0.000,0.863,12.6,0.00,0.137,1.000,1.718
duo-tank-heal,50,8,solo,300,500,1.000,0.000,0.000,0.861,12.7,0.00,0.139,1.000,1.717
duo-tank-heal,50,8,pack,180,500,1.000,0.000,0.000,0.991,139.8,0.00,0.009,1.000,1.794
duo-tank-heal,50,8,pack,300,500,1.000,0.000,0.000,0.987,138.8,0.00,0.013,1.000,1.792
duo-tank-heal,50,8,boss,180,500,0.008,0.992,0.000,0.938,176.4,0.00,0.064,1.000,0.014
duo-tank-heal,50,8,boss,300,500,1.000,0.000,0.000,0.987,260.9,0.00,0.013,1.000,1.792
solo-tank,1,1,solo,180,500,1.000,0.000,0.000,0.599,20.0,0.00,0.401,1.000,1.305
solo-tank,1,1,solo,300,500,1.000,0.000,0.000,0.597,20.0,0.00,0.403,1.000,1.304
solo-tank,1,1,pack,180,500,0.000,0.000,1.000,—,—,1.00,1.000,1.000,0.000
solo-tank,1,1,pack,300,500,0.000,0.000,1.000,—,—,1.00,1.000,1.000,0.000
solo-tank,1,1,boss,180,500,0.000,0.000,1.000,—,—,1.00,1.000,1.000,0.000
solo-tank,1,1,boss,300,500,0.000,0.000,1.000,—,—,1.00,1.000,1.000,0.000
solo-tank,1,2,solo,180,500,0.678,0.000,0.322,0.140,30.0,0.32,0.905,1.000,0.728
solo-tank,1,2,solo,300,500,0.696,0.000,0.304,0.144,30.0,0.30,0.900,1.000,0.749
solo-tank,1,2,pack,180,500,0.000,0.000,1.000,—,—,1.00,1.000,1.000,0.000
solo-tank,1,2,pack,300,500,0.000,0.000,1.000,—,—,1.00,1.000,1.000,0.000
solo-tank,1,2,boss,180,500,0.000,0.000,1.000,—,—,1.00,1.000,1.000,0.000
solo-tank,1,2,boss,300,500,0.000,0.000,1.000,—,—,1.00,1.000,1.000,0.000
solo-tank,1,3,solo,180,500,0.000,0.000,1.000,—,—,1.00,1.000,1.000,0.000
solo-tank,1,3,solo,300,500,0.000,0.000,1.000,—,—,1.00,1.000,1.000,0.000
solo-tank,1,3,pack,180,500,0.000,0.000,1.000,—,—,1.00,1.000,1.000,0.000
solo-tank,1,3,pack,300,500,0.000,0.000,1.000,—,—,1.00,1.000,1.000,0.000
solo-tank,1,3,boss,180,500,0.000,0.000,1.000,—,—,1.00,1.000,1.000,0.000
solo-tank,1,3,boss,300,500,0.000,0.000,1.000,—,—,1.00,1.000,1.000,0.000
solo-tank,1,4,solo,180,500,0.000,0.000,1.000,—,—,1.00,1.000,1.000,0.000
solo-tank,1,4,solo,300,500,0.000,0.000,1.000,—,—,1.00,1.000,1.000,0.000
solo-tank,1,4,pack,180,500,0.000,0.000,1.000,—,—,1.00,1.000,1.000,0.000
solo-tank,1,4,pack,300,500,0.000,0.000,1.000,—,—,1.00,1.000,1.000,0.000
solo-tank,1,4,boss,180,500,0.000,0.000,1.000,—,—,1.00,1.000,1.000,0.000
solo-tank,1,4,boss,300,500,0.000,0.000,1.000,—,—,1.00,1.000,1.000,0.000
solo-tank,1,5,solo,180,500,0.000,0.000,1.000,—,—,1.00,1.000,1.000,0.000
solo-tank,1,5,solo,300,500,0.000,0.000,1.000,—,—,1.00,1.000,1.000,0.000
solo-tank,1,5,pack,180,500,0.000,0.000,1.000,—,—,1.00,1.000,1.000,0.000
solo-tank,1,5,pack,300,500,0.000,0.000,1.000,—,—,1.00,1.000,1.000,0.000
solo-tank,1,5,boss,180,500,0.000,0.000,1.000,—,—,1.00,1.000,1.000,0.000
solo-tank,1,5,boss,300,500,0.000,0.000,1.000,—,—,1.00,1.000,1.000,0.000
solo-tank,1,6,solo,180,500,0.000,0.000,1.000,—,—,1.00,1.000,1.000,0.000
solo-tank,1,6,solo,300,500,0.000,0.000,1.000,—,—,1.00,1.000,1.000,0.000
solo-tank,1,6,pack,180,500,0.000,0.000,1.000,—,—,1.00,1.000,1.000,0.000
solo-tank,1,6,pack,300,500,0.000,0.000,1.000,—,—,1.00,1.000,1.000,0.000
solo-tank,1,6,boss,180,500,0.000,0.000,1.000,—,—,1.00,1.000,1.000,0.000
solo-tank,1,6,boss,300,500,0.000,0.000,1.000,—,—,1.00,1.000,1.000,0.000
solo-tank,1,7,solo,180,500,0.000,0.000,1.000,—,—,1.00,1.000,1.000,0.000
solo-tank,1,7,solo,300,500,0.000,0.000,1.000,—,—,1.00,1.000,1.000,0.000
solo-tank,1,7,pack,180,500,0.000,0.000,1.000,—,—,1.00,1.000,1.000,0.000
solo-tank,1,7,pack,300,500,0.000,0.000,1.000,—,—,1.00,1.000,1.000,0.000
solo-tank,1,7,boss,180,500,0.000,0.000,1.000,—,—,1.00,1.000,1.000,0.000
solo-tank,1,7,boss,300,500,0.000,0.000,1.000,—,—,1.00,1.000,1.000,0.000
solo-tank,1,8,solo,180,500,0.000,0.000,1.000,—,—,1.00,1.000,1.000,0.000
solo-tank,1,8,solo,300,500,0.000,0.000,1.000,—,—,1.00,1.000,1.000,0.000
solo-tank,1,8,pack,180,500,0.000,0.000,1.000,—,—,1.00,1.000,1.000,0.000
solo-tank,1,8,pack,300,500,0.000,0.000,1.000,—,—,1.00,1.000,1.000,0.000
solo-tank,1,8,boss,180,500,0.000,0.000,1.000,—,—,1.00,1.000,1.000,0.000
solo-tank,1,8,boss,300,500,0.000,0.000,1.000,—,—,1.00,1.000,1.000,0.000
solo-tank,5,1,solo,180,500,1.000,0.000,0.000,0.973,6.0,0.00,0.027,1.000,1.516
solo-tank,5,1,solo,300,500,1.000,0.000,0.000,0.972,6.0,0.00,0.028,1.000,1.516
solo-tank,5,1,pack,180,500,1.000,0.000,0.000,0.518,24.0,0.00,0.482,1.000,1.284
solo-tank,5,1,pack,300,500,1.000,0.000,0.000,0.521,24.0,0.00,0.479,1.000,1.286
solo-tank,5,1,boss,180,500,1.000,0.000,0.000,0.222,48.0,0.00,0.778,1.000,1.133
solo-tank,5,1,boss,300,500,1.000,0.000,0.000,0.218,48.0,0.00,0.782,1.000,1.131
solo-tank,5,2,solo,180,500,1.000,0.000,0.000,0.895,9.0,0.00,0.105,1.000,1.477
solo-tank,5,2,solo,300,500,1.000,0.000,0.000,0.895,9.0,0.00,0.105,1.000,1.477
solo-tank,5,2,pack,180,500,0.022,0.000,0.978,0.112,33.0,0.98,0.998,1.000,0.024
solo-tank,5,2,pack,300,500,0.046,0.000,0.954,0.071,33.0,0.95,0.997,1.000,0.049
solo-tank,5,2,boss,180,500,0.000,0.000,1.000,—,—,1.00,1.000,1.000,0.000
solo-tank,5,2,boss,300,500,0.000,0.000,1.000,—,—,1.00,1.000,1.000,0.000
solo-tank,5,3,solo,180,500,1.000,0.000,0.000,0.661,15.0,0.00,0.339,1.000,1.357
solo-tank,5,3,solo,300,500,1.000,0.000,0.000,0.663,15.0,0.00,0.337,1.000,1.358
solo-tank,5,3,pack,180,500,0.000,0.000,1.000,—,—,1.00,1.000,1.000,0.000
solo-tank,5,3,pack,300,500,0.000,0.000,1.000,—,—,1.00,1.000,1.000,0.000
solo-tank,5,3,boss,180,500,0.000,0.000,1.000,—,—,1.00,1.000,1.000,0.000
solo-tank,5,3,boss,300,500,0.000,0.000,1.000,—,—,1.00,1.000,1.000,0.000
solo-tank,5,4,solo,180,500,1.000,0.000,0.000,0.236,21.0,0.00,0.764,1.000,1.140
solo-tank,5,4,solo,300,500,1.000,0.000,0.000,0.240,21.0,0.00,0.760,1.000,1.143
solo-tank,5,4,pack,180,500,0.000,0.000,1.000,—,—,1.00,1.000,1.000,0.000
solo-tank,5,4,pack,300,500,0.000,0.000,1.000,—,—,1.00,1.000,1.000,0.000
solo-tank,5,4,boss,180,500,0.000,0.000,1.000,—,—,1.00,1.000,1.000,0.000
solo-tank,5,4,boss,300,500,0.000,0.000,1.000,—,—,1.00,1.000,1.000,0.000
solo-tank,5,5,solo,180,500,0.000,0.000,1.000,—,—,1.00,1.000,1.000,0.000
solo-tank,5,5,solo,300,500,0.000,0.000,1.000,—,—,1.00,1.000,1.000,0.000
solo-tank,5,5,pack,180,500,0.000,0.000,1.000,—,—,1.00,1.000,1.000,0.000
solo-tank,5,5,pack,300,500,0.000,0.000,1.000,—,—,1.00,1.000,1.000,0.000
solo-tank,5,5,boss,180,500,0.000,0.000,1.000,—,—,1.00,1.000,1.000,0.000
solo-tank,5,5,boss,300,500,0.000,0.000,1.000,—,—,1.00,1.000,1.000,0.000
solo-tank,5,6,solo,180,500,0.000,0.000,1.000,—,—,1.00,1.000,1.000,0.000
solo-tank,5,6,solo,300,500,0.000,0.000,1.000,—,—,1.00,1.000,1.000,0.000
solo-tank,5,6,pack,180,500,0.000,0.000,1.000,—,—,1.00,1.000,1.000,0.000
solo-tank,5,6,pack,300,500,0.000,0.000,1.000,—,—,1.00,1.000,1.000,0.000
solo-tank,5,6,boss,180,500,0.000,0.000,1.000,—,—,1.00,1.000,1.000,0.000
solo-tank,5,6,boss,300,500,0.000,0.000,1.000,—,—,1.00,1.000,1.000,0.000
solo-tank,5,7,solo,180,500,0.000,0.000,1.000,—,—,1.00,1.000,1.000,0.000
solo-tank,5,7,solo,300,500,0.000,0.000,1.000,—,—,1.00,1.000,1.000,0.000
solo-tank,5,7,pack,180,500,0.000,0.000,1.000,—,—,1.00,1.000,1.000,0.000
solo-tank,5,7,pack,300,500,0.000,0.000,1.000,—,—,1.00,1.000,1.000,0.000
solo-tank,5,7,boss,180,500,0.000,0.000,1.000,—,—,1.00,1.000,1.000,0.000
solo-tank,5,7,boss,300,500,0.000,0.000,1.000,—,—,1.00,1.000,1.000,0.000
solo-tank,5,8,solo,180,500,0.000,0.000,1.000,—,—,1.00,1.000,1.000,0.000
solo-tank,5,8,solo,300,500,0.000,0.000,1.000,—,—,1.00,1.000,1.000,0.000
solo-tank,5,8,pack,180,500,0.000,0.000,1.000,—,—,1.00,1.000,1.000,0.000
solo-tank,5,8,pack,300,500,0.000,0.000,1.000,—,—,1.00,1.000,1.000,0.000
solo-tank,5,8,boss,180,500,0.000,0.000,1.000,—,—,1.00,1.000,1.000,0.000
solo-tank,5,8,boss,300,500,0.000,0.000,1.000,—,—,1.00,1.000,1.000,0.000
solo-tank,10,1,solo,180,500,1.000,0.000,0.000,0.997,2.1,0.00,0.003,1.000,1.559
solo-tank,10,1,solo,300,500,1.000,0.000,0.000,0.997,2.1,0.00,0.003,1.000,1.559
solo-tank,10,1,pack,180,500,1.000,0.000,0.000,0.896,10.5,0.00,0.104,1.000,1.506
solo-tank,10,1,pack,300,500,1.000,0.000,0.000,0.896,10.5,0.00,0.104,1.000,1.506
solo-tank,10,1,boss,180,500,1.000,0.000,0.000,0.926,18.9,0.00,0.074,1.000,1.522
solo-tank,10,1,boss,300,500,1.000,0.000,0.000,0.927,18.9,0.00,0.073,1.000,1.522
solo-tank,10,2,solo,180,500,1.000,0.000,0.000,0.968,4.2,0.00,0.032,1.000,1.544
solo-tank,10,2,solo,300,500,1.000,0.000,0.000,0.968,4.2,0.00,0.032,1.000,1.543
solo-tank,10,2,pack,180,500,1.000,0.000,0.000,0.672,16.8,0.00,0.328,1.000,1.390
solo-tank,10,2,pack,300,500,1.000,0.000,0.000,0.672,16.8,0.00,0.328,1.000,1.390
solo-tank,10,2,boss,180,500,1.000,0.000,0.000,0.733,25.2,0.00,0.267,1.000,1.421
solo-tank,10,2,boss,300,500,1.000,0.000,0.000,0.725,25.2,0.00,0.275,1.000,1.417
solo-tank,10,3,solo,180,500,1.000,0.000,0.000,0.926,4.2,0.00,0.074,1.000,1.521
solo-tank,10,3,solo,300,500,1.000,0.000,0.000,0.926,4.2,0.00,0.074,1.000,1.521
solo-tank,10,3,pack,180,500,1.000,0.000,0.000,0.410,16.8,0.00,0.590,1.000,1.253
solo-tank,10,3,pack,300,500,1.000,0.000,0.000,0.413,16.8,0.00,0.587,1.000,1.255
solo-tank,10,3,boss,180,500,0.558,0.000,0.442,0.160,37.8,0.44,0.911,1.000,0.627
solo-tank,10,3,boss,300,500,0.538,0.000,0.462,0.158,37.8,0.46,0.915,1.000,0.604
solo-tank,10,4,solo,180,500,1.000,0.000,0.000,0.846,8.4,0.00,0.154,1.000,1.480
solo-tank,10,4,solo,300,500,1.000,0.000,0.000,0.845,8.4,0.00,0.155,1.000,1.480
solo-tank,10,4,pack,180,500,0.000,0.000,1.000,—,—,1.00,1.000,1.000,0.000
solo-tank,10,4,pack,300,500,0.000,0.000,1.000,—,—,1.00,1.000,1.000,0.000
solo-tank,10,4,boss,180,500,0.000,0.000,1.000,—,—,1.00,1.000,1.000,0.000
solo-tank,10,4,boss,300,500,0.000,0.000,1.000,—,—,1.00,1.000,1.000,0.000
solo-tank,10,5,solo,180,500,1.000,0.000,0.000,0.512,12.6,0.00,0.488,1.000,1.306
solo-tank,10,5,solo,300,500,1.000,0.000,0.000,0.512,12.6,0.00,0.488,1.000,1.306
solo-tank,10,5,pack,180,500,0.000,0.000,1.000,—,—,1.00,1.000,1.000,0.000
solo-tank,10,5,pack,300,500,0.000,0.000,1.000,—,—,1.00,1.000,1.000,0.000
solo-tank,10,5,boss,180,500,0.000,0.000,1.000,—,—,1.00,1.000,1.000,0.000
solo-tank,10,5,boss,300,500,0.000,0.000,1.000,—,—,1.00,1.000,1.000,0.000
solo-tank,10,6,solo,180,500,0.262,0.000,0.738,0.151,18.9,0.74,0.961,1.000,0.293
solo-tank,10,6,solo,300,500,0.238,0.000,0.762,0.146,18.9,0.76,0.965,1.000,0.266
solo-tank,10,6,pack,180,500,0.000,0.000,1.000,—,—,1.00,1.000,1.000,0.000
solo-tank,10,6,pack,300,500,0.000,0.000,1.000,—,—,1.00,1.000,1.000,0.000
solo-tank,10,6,boss,180,500,0.000,0.000,1.000,—,—,1.00,1.000,1.000,0.000
solo-tank,10,6,boss,300,500,0.000,0.000,1.000,—,—,1.00,1.000,1.000,0.000
solo-tank,10,7,solo,180,500,0.000,0.000,1.000,—,—,1.00,1.000,1.000,0.000
solo-tank,10,7,solo,300,500,0.000,0.000,1.000,—,—,1.00,1.000,1.000,0.000
solo-tank,10,7,pack,180,500,0.000,0.000,1.000,—,—,1.00,1.000,1.000,0.000
solo-tank,10,7,pack,300,500,0.000,0.000,1.000,—,—,1.00,1.000,1.000,0.000
solo-tank,10,7,boss,180,500,0.000,0.000,1.000,—,—,1.00,1.000,1.000,0.000
solo-tank,10,7,boss,300,500,0.000,0.000,1.000,—,—,1.00,1.000,1.000,0.000
solo-tank,10,8,solo,180,500,0.000,0.000,1.000,—,—,1.00,1.000,1.000,0.000
solo-tank,10,8,solo,300,500,0.000,0.000,1.000,—,—,1.00,1.000,1.000,0.000
solo-tank,10,8,pack,180,500,0.000,0.000,1.000,—,—,1.00,1.000,1.000,0.000
solo-tank,10,8,pack,300,500,0.000,0.000,1.000,—,—,1.00,1.000,1.000,0.000
solo-tank,10,8,boss,180,500,0.000,0.000,1.000,—,—,1.00,1.000,1.000,0.000
solo-tank,10,8,boss,300,500,0.000,0.000,1.000,—,—,1.00,1.000,1.000,0.000
solo-tank,20,1,solo,180,500,1.000,0.000,0.000,1.000,0.0,0.00,0.000,—,1.620
solo-tank,20,1,solo,300,500,1.000,0.000,0.000,1.000,0.0,0.00,0.000,—,1.620
solo-tank,20,1,pack,180,500,1.000,0.000,0.000,1.000,3.0,0.00,0.000,1.000,1.620
solo-tank,20,1,pack,300,500,1.000,0.000,0.000,1.000,3.0,0.00,0.000,1.000,1.620
solo-tank,20,1,boss,180,500,1.000,0.000,0.000,1.000,9.0,0.00,0.000,1.000,1.620
solo-tank,20,1,boss,300,500,1.000,0.000,0.000,1.000,9.0,0.00,0.000,1.000,1.620
solo-tank,20,2,solo,180,500,1.000,0.000,0.000,1.000,1.5,0.00,0.000,1.000,1.620
solo-tank,20,2,solo,300,500,1.000,0.000,0.000,1.000,1.5,0.00,0.000,1.000,1.620
solo-tank,20,2,pack,180,500,1.000,0.000,0.000,0.991,7.5,0.00,0.009,1.000,1.615
solo-tank,20,2,pack,300,500,1.000,0.000,0.000,0.991,7.5,0.00,0.009,1.000,1.615
solo-tank,20,2,boss,180,500,1.000,0.000,0.000,1.000,12.0,0.00,0.000,1.000,1.620
solo-tank,20,2,boss,300,500,1.000,0.000,0.000,1.000,12.0,0.00,0.000,1.000,1.620
solo-tank,20,3,solo,180,500,1.000,0.000,0.000,0.990,1.5,0.00,0.010,1.000,1.615
solo-tank,20,3,solo,300,500,1.000,0.000,0.000,0.990,1.5,0.00,0.010,1.000,1.615
solo-tank,20,3,pack,180,500,1.000,0.000,0.000,0.929,7.5,0.00,0.071,1.000,1.581
solo-tank,20,3,pack,300,500,1.000,0.000,0.000,0.931,7.5,0.00,0.069,1.000,1.583
solo-tank,20,3,boss,180,500,1.000,0.000,0.000,0.990,15.0,0.00,0.010,1.000,1.615
solo-tank,20,3,boss,300,500,1.000,0.000,0.000,0.990,15.0,0.00,0.010,1.000,1.614
solo-tank,20,4,solo,180,500,1.000,0.000,0.000,1.000,3.0,0.00,0.000,1.000,1.620
solo-tank,20,4,solo,300,500,1.000,0.000,0.000,1.000,3.0,0.00,0.000,1.000,1.620
solo-tank,20,4,pack,180,500,1.000,0.000,0.000,0.830,12.0,0.00,0.170,1.000,1.528
solo-tank,20,4,pack,300,500,1.000,0.000,0.000,0.834,12.0,0.00,0.166,1.000,1.530
solo-tank,20,4,boss,180,500,1.000,0.000,0.000,0.776,24.0,0.00,0.224,1.000,1.499
solo-tank,20,4,boss,300,500,1.000,0.000,0.000,0.780,24.0,0.00,0.220,1.000,1.501
solo-tank,20,5,solo,180,500,1.000,0.000,0.000,0.938,4.5,0.00,0.062,1.000,1.586
solo-tank,20,5,solo,300,500,1.000,0.000,0.000,0.937,4.5,0.00,0.063,1.000,1.586
solo-tank,20,5,pack,180,500,1.000,0.000,0.000,0.447,16.5,0.00,0.553,1.000,1.321
solo-tank,20,5,pack,300,500,1.000,0.000,0.000,0.450,16.5,0.00,0.550,1.000,1.323
solo-tank,20,5,boss,180,500,0.980,0.000,0.020,0.337,33.0,0.02,0.669,1.000,1.237
solo-tank,20,5,boss,300,500,0.974,0.000,0.026,0.327,33.0,0.03,0.681,1.000,1.224
solo-tank,20,6,solo,180,500,1.000,0.000,0.000,0.842,7.5,0.00,0.158,1.000,1.534
solo-tank,20,6,solo,300,500,1.000,0.000,0.000,0.838,7.5,0.00,0.162,1.000,1.532
solo-tank,20,6,pack,180,500,0.012,0.000,0.988,0.109,25.5,0.99,0.999,1.000,0.014
solo-tank,20,6,pack,300,500,0.004,0.000,0.996,0.086,25.5,1.00,1.000,1.000,0.005
solo-tank,20,6,boss,180,500,0.000,0.000,1.000,—,—,1.00,1.000,1.000,0.000
solo-tank,20,6,boss,300,500,0.000,0.000,1.000,—,—,1.00,1.000,1.000,0.000
solo-tank,20,7,solo,180,500,1.000,0.000,0.000,0.658,12.0,0.00,0.342,1.000,1.435
solo-tank,20,7,solo,300,500,1.000,0.000,0.000,0.663,12.0,0.00,0.337,1.000,1.438
solo-tank,20,7,pack,180,500,0.000,0.000,1.000,—,—,1.00,1.000,1.000,0.000
solo-tank,20,7,pack,300,500,0.000,0.000,1.000,—,—,1.00,1.000,1.000,0.000
solo-tank,20,7,boss,180,500,0.000,0.000,1.000,—,—,1.00,1.000,1.000,0.000
solo-tank,20,7,boss,300,500,0.000,0.000,1.000,—,—,1.00,1.000,1.000,0.000
solo-tank,20,8,solo,180,500,0.298,0.000,0.702,0.191,19.5,0.70,0.943,1.000,0.353
solo-tank,20,8,solo,300,500,0.300,0.000,0.700,0.192,19.5,0.70,0.942,1.000,0.355
solo-tank,20,8,pack,180,500,0.000,0.000,1.000,—,—,1.00,1.000,1.000,0.000
solo-tank,20,8,pack,300,500,0.000,0.000,1.000,—,—,1.00,1.000,1.000,0.000
solo-tank,20,8,boss,180,500,0.000,0.000,1.000,—,—,1.00,1.000,1.000,0.000
solo-tank,20,8,boss,300,500,0.000,0.000,1.000,—,—,1.00,1.000,1.000,0.000
solo-tank,35,1,solo,180,500,1.000,0.000,0.000,1.000,0.0,0.00,0.000,—,1.710
solo-tank,35,1,solo,300,500,1.000,0.000,0.000,1.000,0.0,0.00,0.000,—,1.710
solo-tank,35,1,pack,180,500,1.000,0.000,0.000,1.000,2.4,0.00,0.000,1.000,1.710
solo-tank,35,1,pack,300,500,1.000,0.000,0.000,1.000,2.4,0.00,0.000,1.000,1.710
solo-tank,35,1,boss,180,500,1.000,0.000,0.000,1.000,4.8,0.00,0.000,1.000,1.710
solo-tank,35,1,boss,300,500,1.000,0.000,0.000,1.000,4.8,0.00,0.000,1.000,1.710
solo-tank,35,2,solo,180,500,1.000,0.000,0.000,1.000,0.0,0.00,0.000,—,1.710
solo-tank,35,2,solo,300,500,1.000,0.000,0.000,1.000,0.0,0.00,0.000,—,1.710
solo-tank,35,2,pack,180,500,1.000,0.000,0.000,1.000,2.4,0.00,0.000,1.000,1.710
solo-tank,35,2,pack,300,500,1.000,0.000,0.000,1.000,2.4,0.00,0.000,1.000,1.710
solo-tank,35,2,boss,180,500,1.000,0.000,0.000,1.000,6.0,0.00,0.000,1.000,1.710
solo-tank,35,2,boss,300,500,1.000,0.000,0.000,1.000,6.0,0.00,0.000,1.000,1.710
solo-tank,35,3,solo,180,500,1.000,0.000,0.000,1.000,1.2,0.00,0.000,1.000,1.710
solo-tank,35,3,solo,300,500,1.000,0.000,0.000,1.000,1.2,0.00,0.000,1.000,1.710
solo-tank,35,3,pack,180,500,1.000,0.000,0.000,1.000,6.0,0.00,0.000,1.000,1.710
solo-tank,35,3,pack,300,500,1.000,0.000,0.000,1.000,6.0,0.00,0.000,1.000,1.710
solo-tank,35,3,boss,180,500,1.000,0.000,0.000,1.000,8.4,0.00,0.000,1.000,1.710
solo-tank,35,3,boss,300,500,1.000,0.000,0.000,1.000,8.4,0.00,0.000,1.000,1.710
solo-tank,35,4,solo,180,500,1.000,0.000,0.000,0.997,1.2,0.00,0.003,1.000,1.708
solo-tank,35,4,solo,300,500,1.000,0.000,0.000,0.996,1.2,0.00,0.004,1.000,1.708
solo-tank,35,4,pack,180,500,1.000,0.000,0.000,0.997,6.0,0.00,0.003,1.000,1.708
solo-tank,35,4,pack,300,500,1.000,0.000,0.000,0.997,6.0,0.00,0.003,1.000,1.708
solo-tank,35,4,boss,180,500,1.000,0.000,0.000,1.000,10.8,0.00,0.000,1.000,1.710
solo-tank,35,4,boss,300,500,1.000,0.000,0.000,1.000,10.8,0.00,0.000,1.000,1.710
solo-tank,35,5,solo,180,500,1.000,0.000,0.000,1.000,2.4,0.00,0.000,1.000,1.710
solo-tank,35,5,solo,300,500,1.000,0.000,0.000,1.000,2.4,0.00,0.000,1.000,1.710
solo-tank,35,5,pack,180,500,1.000,0.000,0.000,0.968,9.6,0.00,0.032,1.000,1.691
solo-tank,35,5,pack,300,500,1.000,0.000,0.000,0.966,9.6,0.00,0.034,1.000,1.690
solo-tank,35,5,boss,180,500,1.000,0.000,0.000,0.960,15.6,0.00,0.040,1.000,1.687
solo-tank,35,5,boss,300,500,1.000,0.000,0.000,0.961,15.6,0.00,0.039,1.000,1.688
solo-tank,35,6,solo,180,500,1.000,0.000,0.000,0.969,3.6,0.00,0.031,1.000,1.692
solo-tank,35,6,solo,300,500,1.000,0.000,0.000,0.969,3.6,0.00,0.031,1.000,1.692
solo-tank,35,6,pack,180,500,1.000,0.000,0.000,0.800,13.2,0.00,0.200,1.000,1.596
solo-tank,35,6,pack,300,500,1.000,0.000,0.000,0.800,13.2,0.00,0.200,1.000,1.596
solo-tank,35,6,boss,180,500,1.000,0.000,0.000,0.797,25.2,0.00,0.203,1.000,1.594
solo-tank,35,6,boss,300,500,1.000,0.000,0.000,0.796,25.2,0.00,0.204,1.000,1.594
solo-tank,35,7,solo,180,500,1.000,0.000,0.000,0.984,6.0,0.00,0.016,1.000,1.701
solo-tank,35,7,solo,300,500,1.000,0.000,0.000,0.985,6.0,0.00,0.015,1.000,1.701
solo-tank,35,7,pack,180,500,1.000,0.000,0.000,0.481,20.4,0.00,0.519,1.000,1.414
solo-tank,35,7,pack,300,500,1.000,0.000,0.000,0.478,20.4,0.00,0.522,1.000,1.412
solo-tank,35,7,boss,180,500,0.980,0.000,0.020,0.359,38.4,0.02,0.648,1.000,1.318
solo-tank,35,7,boss,300,500,0.974,0.000,0.026,0.376,38.4,0.03,0.634,1.000,1.319
solo-tank,35,8,solo,180,500,1.000,0.000,0.000,0.828,9.6,0.00,0.172,1.000,1.612
solo-tank,35,8,solo,300,500,1.000,0.000,0.000,0.816,9.6,0.00,0.184,1.000,1.605
solo-tank,35,8,pack,180,500,0.002,0.000,0.998,0.161,31.2,1.00,1.000,1.000,0.002
solo-tank,35,8,pack,300,500,0.002,0.000,0.998,0.161,31.2,1.00,1.000,1.000,0.002
solo-tank,35,8,boss,180,500,0.000,0.000,1.000,—,—,1.00,1.000,1.000,0.000
solo-tank,35,8,boss,300,500,0.000,0.000,1.000,—,—,1.00,1.000,1.000,0.000
solo-tank,50,1,solo,180,500,1.000,0.000,0.000,1.000,0.0,0.00,0.000,—,1.800
solo-tank,50,1,solo,300,500,1.000,0.000,0.000,1.000,0.0,0.00,0.000,—,1.800
solo-tank,50,1,pack,180,500,1.000,0.000,0.000,1.000,2.1,0.00,0.000,1.000,1.800
solo-tank,50,1,pack,300,500,1.000,0.000,0.000,1.000,2.1,0.00,0.000,1.000,1.800
solo-tank,50,1,boss,180,500,1.000,0.000,0.000,1.000,3.2,0.00,0.000,1.000,1.800
solo-tank,50,1,boss,300,500,1.000,0.000,0.000,1.000,3.2,0.00,0.000,1.000,1.800
solo-tank,50,2,solo,180,500,1.000,0.000,0.000,1.000,0.0,0.00,0.000,—,1.800
solo-tank,50,2,solo,300,500,1.000,0.000,0.000,1.000,0.0,0.00,0.000,—,1.800
solo-tank,50,2,pack,180,500,1.000,0.000,0.000,1.000,2.1,0.00,0.000,1.000,1.800
solo-tank,50,2,pack,300,500,1.000,0.000,0.000,1.000,2.1,0.00,0.000,1.000,1.800
solo-tank,50,2,boss,180,500,1.000,0.000,0.000,1.000,4.3,0.00,0.000,1.000,1.800
solo-tank,50,2,boss,300,500,1.000,0.000,0.000,1.000,4.3,0.00,0.000,1.000,1.800
solo-tank,50,3,solo,180,500,1.000,0.000,0.000,1.000,0.0,0.00,0.000,—,1.800
solo-tank,50,3,solo,300,500,1.000,0.000,0.000,1.000,0.0,0.00,0.000,—,1.800
solo-tank,50,3,pack,180,500,1.000,0.000,0.000,1.000,2.1,0.00,0.000,1.000,1.800
solo-tank,50,3,pack,300,500,1.000,0.000,0.000,1.000,2.1,0.00,0.000,1.000,1.800
solo-tank,50,3,boss,180,500,1.000,0.000,0.000,1.000,5.4,0.00,0.000,1.000,1.800
solo-tank,50,3,boss,300,500,1.000,0.000,0.000,1.000,5.4,0.00,0.000,1.000,1.800
solo-tank,50,4,solo,180,500,1.000,0.000,0.000,1.000,1.1,0.00,0.000,1.000,1.800
solo-tank,50,4,solo,300,500,1.000,0.000,0.000,1.000,1.1,0.00,0.000,1.000,1.800
solo-tank,50,4,pack,180,500,1.000,0.000,0.000,1.000,5.4,0.00,0.000,1.000,1.800
solo-tank,50,4,pack,300,500,1.000,0.000,0.000,1.000,5.4,0.00,0.000,1.000,1.800
solo-tank,50,4,boss,180,500,1.000,0.000,0.000,1.000,7.5,0.00,0.000,1.000,1.800
solo-tank,50,4,boss,300,500,1.000,0.000,0.000,1.000,7.5,0.00,0.000,1.000,1.800
solo-tank,50,5,solo,180,500,1.000,0.000,0.000,0.998,1.1,0.00,0.002,1.000,1.799
solo-tank,50,5,solo,300,500,1.000,0.000,0.000,0.998,1.1,0.00,0.002,1.000,1.799
solo-tank,50,5,pack,180,500,1.000,0.000,0.000,1.000,5.4,0.00,0.000,1.000,1.800
solo-tank,50,5,pack,300,500,1.000,0.000,0.000,0.999,5.4,0.00,0.001,1.000,1.799
solo-tank,50,5,boss,180,500,1.000,0.000,0.000,1.000,10.7,0.00,0.000,1.000,1.800
solo-tank,50,5,boss,300,500,1.000,0.000,0.000,1.000,10.7,0.00,0.000,1.000,1.800
solo-tank,50,6,solo,180,500,1.000,0.000,0.000,1.000,2.1,0.00,0.000,1.000,1.800
solo-tank,50,6,solo,300,500,1.000,0.000,0.000,1.000,2.1,0.00,0.000,1.000,1.800
solo-tank,50,6,pack,180,500,1.000,0.000,0.000,0.998,8.6,0.00,0.002,1.000,1.799
solo-tank,50,6,pack,300,500,1.000,0.000,0.000,0.998,8.6,0.00,0.002,1.000,1.799
solo-tank,50,6,boss,180,500,1.000,0.000,0.000,1.000,15.0,0.00,0.000,1.000,1.800
solo-tank,50,6,boss,300,500,1.000,0.000,0.000,1.000,15.0,0.00,0.000,1.000,1.800
solo-tank,50,7,solo,180,500,1.000,0.000,0.000,0.981,3.2,0.00,0.019,1.000,1.789
solo-tank,50,7,solo,300,500,1.000,0.000,0.000,0.981,3.2,0.00,0.019,1.000,1.788
solo-tank,50,7,pack,180,500,1.000,0.000,0.000,0.923,11.8,0.00,0.077,1.000,1.754
solo-tank,50,7,pack,300,500,1.000,0.000,0.000,0.926,11.8,0.00,0.074,1.000,1.755
solo-tank,50,7,boss,180,500,1.000,0.000,0.000,0.930,24.6,0.00,0.070,1.000,1.758
solo-tank,50,7,boss,300,500,1.000,0.000,0.000,0.931,24.6,0.00,0.069,1.000,1.759
solo-tank,50,8,solo,180,500,1.000,0.000,0.000,0.994,5.4,0.00,0.006,1.000,1.797
solo-tank,50,8,solo,300,500,1.000,0.000,0.000,0.994,5.4,0.00,0.006,1.000,1.796
solo-tank,50,8,pack,180,500,1.000,0.000,0.000,0.683,18.2,0.00,0.317,1.000,1.610
solo-tank,50,8,pack,300,500,1.000,0.000,0.000,0.696,18.2,0.00,0.304,1.000,1.618
solo-tank,50,8,boss,180,500,1.000,0.000,0.000,0.674,37.5,0.00,0.326,1.000,1.604
solo-tank,50,8,boss,300,500,1.000,0.000,0.000,0.668,37.5,0.00,0.332,1.000,1.601
solo-dps,1,1,solo,180,500,1.000,0.000,0.000,0.553,7.0,0.00,0.447,—,1.281
solo-dps,1,1,solo,300,500,1.000,0.000,0.000,0.551,7.1,0.00,0.449,—,1.281
solo-dps,1,1,pack,180,500,0.000,0.000,1.000,—,—,1.00,1.000,—,0.000
solo-dps,1,1,pack,300,500,0.000,0.000,1.000,—,—,1.00,1.000,—,0.000
solo-dps,1,1,boss,180,500,0.000,0.000,1.000,—,—,1.00,1.000,—,0.000
solo-dps,1,1,boss,300,500,0.000,0.000,1.000,—,—,1.00,1.000,—,0.000
solo-dps,1,2,solo,180,500,0.372,0.000,0.628,0.285,9.8,0.63,0.894,—,0.427
solo-dps,1,2,solo,300,500,0.356,0.000,0.644,0.279,9.8,0.64,0.901,—,0.407
solo-dps,1,2,pack,180,500,0.000,0.000,1.000,—,—,1.00,1.000,—,0.000
solo-dps,1,2,pack,300,500,0.000,0.000,1.000,—,—,1.00,1.000,—,0.000
solo-dps,1,2,boss,180,500,0.000,0.000,1.000,—,—,1.00,1.000,—,0.000
solo-dps,1,2,boss,300,500,0.000,0.000,1.000,—,—,1.00,1.000,—,0.000
solo-dps,1,3,solo,180,500,0.002,0.000,0.998,0.290,15.2,1.00,0.999,—,0.002
solo-dps,1,3,solo,300,500,0.002,0.000,0.998,0.290,15.2,1.00,0.999,—,0.002
solo-dps,1,3,pack,180,500,0.000,0.000,1.000,—,—,1.00,1.000,—,0.000
solo-dps,1,3,pack,300,500,0.000,0.000,1.000,—,—,1.00,1.000,—,0.000
solo-dps,1,3,boss,180,500,0.000,0.000,1.000,—,—,1.00,1.000,—,0.000
solo-dps,1,3,boss,300,500,0.000,0.000,1.000,—,—,1.00,1.000,—,0.000
solo-dps,1,4,solo,180,500,0.000,0.000,1.000,—,—,1.00,1.000,—,0.000
solo-dps,1,4,solo,300,500,0.000,0.000,1.000,—,—,1.00,1.000,—,0.000
solo-dps,1,4,pack,180,500,0.000,0.000,1.000,—,—,1.00,1.000,—,0.000
solo-dps,1,4,pack,300,500,0.000,0.000,1.000,—,—,1.00,1.000,—,0.000
solo-dps,1,4,boss,180,500,0.000,0.000,1.000,—,—,1.00,1.000,—,0.000
solo-dps,1,4,boss,300,500,0.000,0.000,1.000,—,—,1.00,1.000,—,0.000
solo-dps,1,5,solo,180,500,0.000,0.000,1.000,—,—,1.00,1.000,—,0.000
solo-dps,1,5,solo,300,500,0.000,0.000,1.000,—,—,1.00,1.000,—,0.000
solo-dps,1,5,pack,180,500,0.000,0.000,1.000,—,—,1.00,1.000,—,0.000
solo-dps,1,5,pack,300,500,0.000,0.000,1.000,—,—,1.00,1.000,—,0.000
solo-dps,1,5,boss,180,500,0.000,0.000,1.000,—,—,1.00,1.000,—,0.000
solo-dps,1,5,boss,300,500,0.000,0.000,1.000,—,—,1.00,1.000,—,0.000
solo-dps,1,6,solo,180,500,0.000,0.000,1.000,—,—,1.00,1.000,—,0.000
solo-dps,1,6,solo,300,500,0.000,0.000,1.000,—,—,1.00,1.000,—,0.000
solo-dps,1,6,pack,180,500,0.000,0.000,1.000,—,—,1.00,1.000,—,0.000
solo-dps,1,6,pack,300,500,0.000,0.000,1.000,—,—,1.00,1.000,—,0.000
solo-dps,1,6,boss,180,500,0.000,0.000,1.000,—,—,1.00,1.000,—,0.000
solo-dps,1,6,boss,300,500,0.000,0.000,1.000,—,—,1.00,1.000,—,0.000
solo-dps,1,7,solo,180,500,0.000,0.000,1.000,—,—,1.00,1.000,—,0.000
solo-dps,1,7,solo,300,500,0.000,0.000,1.000,—,—,1.00,1.000,—,0.000
solo-dps,1,7,pack,180,500,0.000,0.000,1.000,—,—,1.00,1.000,—,0.000
solo-dps,1,7,pack,300,500,0.000,0.000,1.000,—,—,1.00,1.000,—,0.000
solo-dps,1,7,boss,180,500,0.000,0.000,1.000,—,—,1.00,1.000,—,0.000
solo-dps,1,7,boss,300,500,0.000,0.000,1.000,—,—,1.00,1.000,—,0.000
solo-dps,1,8,solo,180,500,0.000,0.000,1.000,—,—,1.00,1.000,—,0.000
solo-dps,1,8,solo,300,500,0.000,0.000,1.000,—,—,1.00,1.000,—,0.000
solo-dps,1,8,pack,180,500,0.000,0.000,1.000,—,—,1.00,1.000,—,0.000
solo-dps,1,8,pack,300,500,0.000,0.000,1.000,—,—,1.00,1.000,—,0.000
solo-dps,1,8,boss,180,500,0.000,0.000,1.000,—,—,1.00,1.000,—,0.000
solo-dps,1,8,boss,300,500,0.000,0.000,1.000,—,—,1.00,1.000,—,0.000
solo-dps,5,1,solo,180,500,1.000,0.000,0.000,0.770,3.7,0.00,0.230,—,1.413
solo-dps,5,1,solo,300,500,1.000,0.000,0.000,0.775,3.7,0.00,0.225,—,1.416
solo-dps,5,1,pack,180,500,0.134,0.000,0.866,0.086,13.5,0.87,0.989,—,0.143
solo-dps,5,1,pack,300,500,0.108,0.000,0.892,0.090,13.6,0.89,0.990,—,0.115
solo-dps,5,1,boss,180,500,0.014,0.000,0.986,0.050,24.0,0.99,0.999,—,0.015
solo-dps,5,1,boss,300,500,0.020,0.000,0.980,0.050,23.8,0.98,0.999,—,0.021
solo-dps,5,2,solo,180,500,1.000,0.000,0.000,0.655,5.6,0.00,0.345,—,1.354
solo-dps,5,2,solo,300,500,1.000,0.000,0.000,0.664,5.6,0.00,0.336,—,1.359
solo-dps,5,2,pack,180,500,0.000,0.000,1.000,—,—,1.00,1.000,—,0.000
solo-dps,5,2,pack,300,500,0.000,0.000,1.000,—,—,1.00,1.000,—,0.000
solo-dps,5,2,boss,180,500,0.000,0.000,1.000,—,—,1.00,1.000,—,0.000
solo-dps,5,2,boss,300,500,0.000,0.000,1.000,—,—,1.00,1.000,—,0.000
solo-dps,5,3,solo,180,500,1.000,0.000,0.000,0.269,7.9,0.00,0.731,—,1.157
solo-dps,5,3,solo,300,500,1.000,0.000,0.000,0.278,7.9,0.00,0.722,—,1.162
solo-dps,5,3,pack,180,500,0.000,0.000,1.000,—,—,1.00,1.000,—,0.000
solo-dps,5,3,pack,300,500,0.000,0.000,1.000,—,—,1.00,1.000,—,0.000
solo-dps,5,3,boss,180,500,0.000,0.000,1.000,—,—,1.00,1.000,—,0.000
solo-dps,5,3,boss,300,500,0.000,0.000,1.000,—,—,1.00,1.000,—,0.000
solo-dps,5,4,solo,180,500,0.110,0.000,0.890,0.245,11.9,0.89,0.973,—,0.126
solo-dps,5,4,solo,300,500,0.104,0.000,0.896,0.262,11.8,0.90,0.973,—,0.120
solo-dps,5,4,pack,180,500,0.000,0.000,1.000,—,—,1.00,1.000,—,0.000
solo-dps,5,4,pack,300,500,0.000,0.000,1.000,—,—,1.00,1.000,—,0.000
solo-dps,5,4,boss,180,500,0.000,0.000,1.000,—,—,1.00,1.000,—,0.000
solo-dps,5,4,boss,300,500,0.000,0.000,1.000,—,—,1.00,1.000,—,0.000
solo-dps,5,5,solo,180,500,0.002,0.000,0.998,0.454,18.0,1.00,0.999,—,0.003
solo-dps,5,5,solo,300,500,0.000,0.000,1.000,—,—,1.00,1.000,—,0.000
solo-dps,5,5,pack,180,500,0.000,0.000,1.000,—,—,1.00,1.000,—,0.000
solo-dps,5,5,pack,300,500,0.000,0.000,1.000,—,—,1.00,1.000,—,0.000
solo-dps,5,5,boss,180,500,0.000,0.000,1.000,—,—,1.00,1.000,—,0.000
solo-dps,5,5,boss,300,500,0.000,0.000,1.000,—,—,1.00,1.000,—,0.000
solo-dps,5,6,solo,180,500,0.000,0.000,1.000,—,—,1.00,1.000,—,0.000
solo-dps,5,6,solo,300,500,0.000,0.000,1.000,—,—,1.00,1.000,—,0.000
solo-dps,5,6,pack,180,500,0.000,0.000,1.000,—,—,1.00,1.000,—,0.000
solo-dps,5,6,pack,300,500,0.000,0.000,1.000,—,—,1.00,1.000,—,0.000
solo-dps,5,6,boss,180,500,0.000,0.000,1.000,—,—,1.00,1.000,—,0.000
solo-dps,5,6,boss,300,500,0.000,0.000,1.000,—,—,1.00,1.000,—,0.000
solo-dps,5,7,solo,180,500,0.000,0.000,1.000,—,—,1.00,1.000,—,0.000
solo-dps,5,7,solo,300,500,0.000,0.000,1.000,—,—,1.00,1.000,—,0.000
solo-dps,5,7,pack,180,500,0.000,0.000,1.000,—,—,1.00,1.000,—,0.000
solo-dps,5,7,pack,300,500,0.000,0.000,1.000,—,—,1.00,1.000,—,0.000
solo-dps,5,7,boss,180,500,0.000,0.000,1.000,—,—,1.00,1.000,—,0.000
solo-dps,5,7,boss,300,500,0.000,0.000,1.000,—,—,1.00,1.000,—,0.000
solo-dps,5,8,solo,180,500,0.000,0.000,1.000,—,—,1.00,1.000,—,0.000
solo-dps,5,8,solo,300,500,0.000,0.000,1.000,—,—,1.00,1.000,—,0.000
solo-dps,5,8,pack,180,500,0.000,0.000,1.000,—,—,1.00,1.000,—,0.000
solo-dps,5,8,pack,300,500,0.000,0.000,1.000,—,—,1.00,1.000,—,0.000
solo-dps,5,8,boss,180,500,0.000,0.000,1.000,—,—,1.00,1.000,—,0.000
solo-dps,5,8,boss,300,500,0.000,0.000,1.000,—,—,1.00,1.000,—,0.000
solo-dps,10,1,solo,180,500,1.000,0.000,0.000,0.906,1.7,0.00,0.094,—,1.511
solo-dps,10,1,solo,300,500,1.000,0.000,0.000,0.909,1.7,0.00,0.091,—,1.512
solo-dps,10,1,pack,180,500,1.000,0.000,0.000,0.440,8.3,0.00,0.560,—,1.269
solo-dps,10,1,pack,300,500,1.000,0.000,0.000,0.445,8.3,0.00,0.555,—,1.271
solo-dps,10,1,boss,180,500,1.000,0.000,0.000,0.250,14.8,0.00,0.750,—,1.170
solo-dps,10,1,boss,300,500,1.000,0.000,0.000,0.238,14.8,0.00,0.762,—,1.164
solo-dps,10,2,solo,180,500,1.000,0.000,0.000,0.766,3.0,0.00,0.234,—,1.438
solo-dps,10,2,solo,300,500,1.000,0.000,0.000,0.763,3.0,0.00,0.237,—,1.437
solo-dps,10,2,pack,180,500,0.160,0.000,0.840,0.094,11.8,0.84,0.985,—,0.174
solo-dps,10,2,pack,300,500,0.192,0.000,0.808,0.086,12.1,0.81,0.983,—,0.208
solo-dps,10,2,boss,180,500,0.056,0.000,0.944,0.122,19.6,0.94,0.993,—,0.062
solo-dps,10,2,boss,300,500,0.032,0.000,0.968,0.168,19.4,0.97,0.995,—,0.036
solo-dps,10,3,solo,180,500,1.000,0.000,0.000,0.635,4.7,0.00,0.365,—,1.370
solo-dps,10,3,solo,300,500,1.000,0.000,0.000,0.634,4.7,0.00,0.366,—,1.369
solo-dps,10,3,pack,180,500,0.000,0.000,1.000,—,—,1.00,1.000,—,0.000
solo-dps,10,3,pack,300,500,0.002,0.000,0.998,0.086,16.6,1.00,1.000,—,0.002
solo-dps,10,3,boss,180,500,0.000,0.000,1.000,—,—,1.00,1.000,—,0.000
solo-dps,10,3,boss,300,500,0.000,0.000,1.000,—,—,1.00,1.000,—,0.000
solo-dps,10,4,solo,180,500,1.000,0.000,0.000,0.250,6.6,0.00,0.750,—,1.170
solo-dps,10,4,solo,300,500,1.000,0.000,0.000,0.252,6.6,0.00,0.748,—,1.171
solo-dps,10,4,pack,180,500,0.000,0.000,1.000,—,—,1.00,1.000,—,0.000
solo-dps,10,4,pack,300,500,0.000,0.000,1.000,—,—,1.00,1.000,—,0.000
solo-dps,10,4,boss,180,500,0.000,0.000,1.000,—,—,1.00,1.000,—,0.000
solo-dps,10,4,boss,300,500,0.000,0.000,1.000,—,—,1.00,1.000,—,0.000
solo-dps,10,5,solo,180,500,0.186,0.000,0.814,0.176,9.6,0.81,0.967,—,0.210
solo-dps,10,5,solo,300,500,0.192,0.000,0.808,0.197,9.7,0.81,0.962,—,0.219
solo-dps,10,5,pack,180,500,0.000,0.000,1.000,—,—,1.00,1.000,—,0.000
solo-dps,10,5,pack,300,500,0.000,0.000,1.000,—,—,1.00,1.000,—,0.000
solo-dps,10,5,boss,180,500,0.000,0.000,1.000,—,—,1.00,1.000,—,0.000
solo-dps,10,5,boss,300,500,0.000,0.000,1.000,—,—,1.00,1.000,—,0.000
solo-dps,10,6,solo,180,500,0.008,0.000,0.992,0.381,15.0,0.99,0.997,—,0.010
solo-dps,10,6,solo,300,500,0.006,0.000,0.994,0.587,14.4,0.99,0.996,—,0.008
solo-dps,10,6,pack,180,500,0.000,0.000,1.000,—,—,1.00,1.000,—,0.000
solo-dps,10,6,pack,300,500,0.000,0.000,1.000,—,—,1.00,1.000,—,0.000
solo-dps,10,6,boss,180,500,0.000,0.000,1.000,—,—,1.00,1.000,—,0.000
solo-dps,10,6,boss,300,500,0.000,0.000,1.000,—,—,1.00,1.000,—,0.000
solo-dps,10,7,solo,180,500,0.000,0.000,1.000,—,—,1.00,1.000,—,0.000
solo-dps,10,7,solo,300,500,0.000,0.000,1.000,—,—,1.00,1.000,—,0.000
solo-dps,10,7,pack,180,500,0.000,0.000,1.000,—,—,1.00,1.000,—,0.000
solo-dps,10,7,pack,300,500,0.000,0.000,1.000,—,—,1.00,1.000,—,0.000
solo-dps,10,7,boss,180,500,0.000,0.000,1.000,—,—,1.00,1.000,—,0.000
solo-dps,10,7,boss,300,500,0.000,0.000,1.000,—,—,1.00,1.000,—,0.000
solo-dps,10,8,solo,180,500,0.000,0.000,1.000,—,—,1.00,1.000,—,0.000
solo-dps,10,8,solo,300,500,0.000,0.000,1.000,—,—,1.00,1.000,—,0.000
solo-dps,10,8,pack,180,500,0.000,0.000,1.000,—,—,1.00,1.000,—,0.000
solo-dps,10,8,pack,300,500,0.000,0.000,1.000,—,—,1.00,1.000,—,0.000
solo-dps,10,8,boss,180,500,0.000,0.000,1.000,—,—,1.00,1.000,—,0.000
solo-dps,10,8,boss,300,500,0.000,0.000,1.000,—,—,1.00,1.000,—,0.000
solo-dps,20,1,solo,180,500,1.000,0.000,0.000,1.000,0.0,0.00,0.000,—,1.620
solo-dps,20,1,solo,300,500,1.000,0.000,0.000,1.000,0.0,0.00,0.000,—,1.620
solo-dps,20,1,pack,180,500,1.000,0.000,0.000,0.875,2.7,0.00,0.125,—,1.553
solo-dps,20,1,pack,300,500,1.000,0.000,0.000,0.877,2.7,0.00,0.123,—,1.554
solo-dps,20,1,boss,180,500,1.000,0.000,0.000,0.682,8.0,0.00,0.318,—,1.448
solo-dps,20,1,boss,300,500,1.000,0.000,0.000,0.683,8.0,0.00,0.317,—,1.449
solo-dps,20,2,solo,180,500,1.000,0.000,0.000,0.920,1.2,0.00,0.080,—,1.577
solo-dps,20,2,solo,300,500,1.000,0.000,0.000,0.920,1.2,0.00,0.080,—,1.577
solo-dps,20,2,pack,180,500,1.000,0.000,0.000,0.520,6.4,0.00,0.480,—,1.361
solo-dps,20,2,pack,300,500,1.000,0.000,0.000,0.511,6.4,0.00,0.489,—,1.356
solo-dps,20,2,boss,180,500,1.000,0.000,0.000,0.428,10.6,0.00,0.572,—,1.311
solo-dps,20,2,boss,300,500,1.000,0.000,0.000,0.424,10.6,0.00,0.576,—,1.309
solo-dps,20,3,solo,180,500,1.000,0.000,0.000,0.875,1.3,0.00,0.125,—,1.552
solo-dps,20,3,solo,300,500,1.000,0.000,0.000,0.872,1.3,0.00,0.128,—,1.551
solo-dps,20,3,pack,180,500,1.000,0.000,0.000,0.276,6.7,0.00,0.724,—,1.229
solo-dps,20,3,pack,300,500,1.000,0.000,0.000,0.265,6.7,0.00,0.735,—,1.223
solo-dps,20,3,boss,180,500,0.452,0.000,0.548,0.214,14.5,0.55,0.903,—,0.540
solo-dps,20,3,boss,300,500,0.462,0.000,0.538,0.238,14.5,0.54,0.890,—,0.558
solo-dps,20,4,solo,180,500,1.000,0.000,0.000,0.833,2.7,0.00,0.167,—,1.530
solo-dps,20,4,solo,300,500,1.000,0.000,0.000,0.838,2.7,0.00,0.162,—,1.533
solo-dps,20,4,pack,180,500,0.126,0.000,0.874,0.168,10.7,0.87,0.979,—,0.147
solo-dps,20,4,pack,300,500,0.132,0.000,0.868,0.158,10.7,0.87,0.979,—,0.154
solo-dps,20,4,boss,180,500,0.002,0.000,0.998,0.018,22.8,1.00,1.000,—,0.002
solo-dps,20,4,boss,300,500,0.004,0.000,0.996,0.096,22.8,1.00,1.000,—,0.005
solo-dps,20,5,solo,180,500,1.000,0.000,0.000,0.536,5.0,0.00,0.464,—,1.370
solo-dps,20,5,solo,300,500,1.000,0.000,0.000,0.531,4.9,0.00,0.469,—,1.367
solo-dps,20,5,pack,180,500,0.000,0.000,1.000,—,—,1.00,1.000,—,0.000
solo-dps,20,5,pack,300,500,0.002,0.000,0.998,0.373,16.1,1.00,0.999,—,0.003
solo-dps,20,5,boss,180,500,0.000,0.000,1.000,—,—,1.00,1.000,—,0.000
solo-dps,20,5,boss,300,500,0.000,0.000,1.000,—,—,1.00,1.000,—,0.000
solo-dps,20,6,solo,180,500,0.594,0.000,0.406,0.257,7.5,0.41,0.847,—,0.724
solo-dps,20,6,solo,300,500,0.594,0.000,0.406,0.227,7.6,0.41,0.865,—,0.714
solo-dps,20,6,pack,180,500,0.000,0.000,1.000,—,—,1.00,1.000,—,0.000
solo-dps,20,6,pack,300,500,0.000,0.000,1.000,—,—,1.00,1.000,—,0.000
solo-dps,20,6,boss,180,500,0.000,0.000,1.000,—,—,1.00,1.000,—,0.000
solo-dps,20,6,boss,300,500,0.000,0.000,1.000,—,—,1.00,1.000,—,0.000
solo-dps,20,7,solo,180,500,0.042,0.000,0.958,0.415,10.8,0.96,0.983,—,0.055
solo-dps,20,7,solo,300,500,0.040,0.000,0.960,0.417,11.3,0.96,0.983,—,0.052
solo-dps,20,7,pack,180,500,0.000,0.000,1.000,—,—,1.00,1.000,—,0.000
solo-dps,20,7,pack,300,500,0.000,0.000,1.000,—,—,1.00,1.000,—,0.000
solo-dps,20,7,boss,180,500,0.000,0.000,1.000,—,—,1.00,1.000,—,0.000
solo-dps,20,7,boss,300,500,0.000,0.000,1.000,—,—,1.00,1.000,—,0.000
solo-dps,20,8,solo,180,500,0.002,0.000,0.998,0.141,17.4,1.00,1.000,—,0.002
solo-dps,20,8,solo,300,500,0.000,0.000,1.000,—,—,1.00,1.000,—,0.000
solo-dps,20,8,pack,180,500,0.000,0.000,1.000,—,—,1.00,1.000,—,0.000
solo-dps,20,8,pack,300,500,0.000,0.000,1.000,—,—,1.00,1.000,—,0.000
solo-dps,20,8,boss,180,500,0.000,0.000,1.000,—,—,1.00,1.000,—,0.000
solo-dps,20,8,boss,300,500,0.000,0.000,1.000,—,—,1.00,1.000,—,0.000
solo-dps,35,1,solo,180,500,1.000,0.000,0.000,1.000,0.0,0.00,0.000,—,1.710
solo-dps,35,1,solo,300,500,1.000,0.000,0.000,1.000,0.0,0.00,0.000,—,1.710
solo-dps,35,1,pack,180,500,1.000,0.000,0.000,0.913,2.3,0.00,0.087,—,1.660
solo-dps,35,1,pack,300,500,1.000,0.000,0.000,0.913,2.3,0.00,0.087,—,1.660
solo-dps,35,1,boss,180,500,1.000,0.000,0.000,0.841,5.5,0.00,0.159,—,1.620
solo-dps,35,1,boss,300,500,1.000,0.000,0.000,0.841,5.5,0.00,0.159,—,1.619
solo-dps,35,2,solo,180,500,1.000,0.000,0.000,1.000,0.0,0.00,0.000,—,1.710
solo-dps,35,2,solo,300,500,1.000,0.000,0.000,1.000,0.0,0.00,0.000,—,1.710
solo-dps,35,2,pack,180,500,1.000,0.000,0.000,0.881,2.3,0.00,0.119,—,1.642
solo-dps,35,2,pack,300,500,1.000,0.000,0.000,0.876,2.3,0.00,0.124,—,1.639
solo-dps,35,2,boss,180,500,1.000,0.000,0.000,0.710,6.5,0.00,0.290,—,1.544
solo-dps,35,2,boss,300,500,1.000,0.000,0.000,0.714,6.5,0.00,0.286,—,1.547
solo-dps,35,3,solo,180,500,1.000,0.000,0.000,0.918,1.0,0.00,0.082,—,1.663
solo-dps,35,3,solo,300,500,1.000,0.000,0.000,0.922,1.0,0.00,0.078,—,1.666
solo-dps,35,3,pack,180,500,1.000,0.000,0.000,0.582,5.5,0.00,0.418,—,1.472
solo-dps,35,3,pack,300,500,1.000,0.000,0.000,0.593,5.4,0.00,0.407,—,1.478
solo-dps,35,3,boss,180,500,1.000,0.000,0.000,0.492,8.7,0.00,0.508,—,1.420
solo-dps,35,3,boss,300,500,1.000,0.000,0.000,0.489,8.7,0.00,0.511,—,1.419
solo-dps,35,4,solo,180,500,1.000,0.000,0.000,0.877,1.1,0.00,0.123,—,1.640
solo-dps,35,4,solo,300,500,1.000,0.000,0.000,0.880,1.1,0.00,0.120,—,1.642
solo-dps,35,4,pack,180,500,1.000,0.000,0.000,0.407,5.7,0.00,0.593,—,1.372
solo-dps,35,4,pack,300,500,1.000,0.000,0.000,0.409,5.7,0.00,0.591,—,1.373
solo-dps,35,4,boss,180,500,0.636,0.000,0.364,0.266,11.8,0.36,0.831,—,0.821
solo-dps,35,4,boss,300,500,0.604,0.000,0.396,0.274,11.8,0.40,0.834,—,0.783
solo-dps,35,5,solo,180,500,1.000,0.000,0.000,0.837,2.3,0.00,0.163,—,1.617
solo-dps,35,5,solo,300,500,1.000,0.000,0.000,0.835,2.3,0.00,0.165,—,1.616
solo-dps,35,5,pack,180,500,0.270,0.000,0.730,0.198,9.1,0.73,0.947,—,0.338
solo-dps,35,5,pack,300,500,0.260,0.000,0.740,0.216,9.1,0.74,0.944,—,0.328
solo-dps,35,5,boss,180,500,0.016,0.000,0.984,0.145,17.8,0.98,0.998,—,0.020
solo-dps,35,5,boss,300,500,0.016,0.000,0.984,0.126,18.2,0.98,0.998,—,0.019
solo-dps,35,6,solo,180,500,1.000,0.000,0.000,0.545,3.4,0.00,0.455,—,1.451
solo-dps,35,6,solo,300,500,1.000,0.000,0.000,0.535,3.4,0.00,0.465,—,1.445
solo-dps,35,6,pack,180,500,0.010,0.000,0.990,0.129,12.1,0.99,0.999,—,0.012
solo-dps,35,6,pack,300,500,0.000,0.000,1.000,—,—,1.00,1.000,—,0.000
solo-dps,35,6,boss,180,500,0.000,0.000,1.000,—,—,1.00,1.000,—,0.000
solo-dps,35,6,boss,300,500,0.000,0.000,1.000,—,—,1.00,1.000,—,0.000
solo-dps,35,7,solo,180,500,0.742,0.000,0.258,0.329,6.2,0.26,0.756,—,0.985
solo-dps,35,7,solo,300,500,0.770,0.000,0.230,0.331,6.2,0.23,0.745,—,1.023
solo-dps,35,7,pack,180,500,0.000,0.000,1.000,—,—,1.00,1.000,—,0.000
solo-dps,35,7,pack,300,500,0.000,0.000,1.000,—,—,1.00,1.000,—,0.000
solo-dps,35,7,boss,180,500,0.000,0.000,1.000,—,—,1.00,1.000,—,0.000
solo-dps,35,7,boss,300,500,0.000,0.000,1.000,—,—,1.00,1.000,—,0.000
solo-dps,35,8,solo,180,500,0.058,0.000,0.942,0.460,9.3,0.94,0.973,—,0.081
solo-dps,35,8,solo,300,500,0.040,0.000,0.960,0.397,9.2,0.96,0.984,—,0.055
solo-dps,35,8,pack,180,500,0.000,0.000,1.000,—,—,1.00,1.000,—,0.000
solo-dps,35,8,pack,300,500,0.000,0.000,1.000,—,—,1.00,1.000,—,0.000
solo-dps,35,8,boss,180,500,0.000,0.000,1.000,—,—,1.00,1.000,—,0.000
solo-dps,35,8,boss,300,500,0.000,0.000,1.000,—,—,1.00,1.000,—,0.000
solo-dps,50,1,solo,180,500,1.000,0.000,0.000,1.000,0.0,0.00,0.000,—,1.800
solo-dps,50,1,solo,300,500,1.000,0.000,0.000,1.000,0.0,0.00,0.000,—,1.800
solo-dps,50,1,pack,180,500,1.000,0.000,0.000,0.934,2.1,0.00,0.066,—,1.760
solo-dps,50,1,pack,300,500,1.000,0.000,0.000,0.935,2.1,0.00,0.065,—,1.761
solo-dps,50,1,boss,180,500,1.000,0.000,0.000,0.879,4.0,0.00,0.121,—,1.727
solo-dps,50,1,boss,300,500,1.000,0.000,0.000,0.876,4.0,0.00,0.124,—,1.725
solo-dps,50,2,solo,180,500,1.000,0.000,0.000,1.000,0.0,0.00,0.000,—,1.800
solo-dps,50,2,solo,300,500,1.000,0.000,0.000,1.000,0.0,0.00,0.000,—,1.800
solo-dps,50,2,pack,180,500,1.000,0.000,0.000,0.906,2.1,0.00,0.094,—,1.744
solo-dps,50,2,pack,300,500,1.000,0.000,0.000,0.908,2.1,0.00,0.092,—,1.745
solo-dps,50,2,boss,180,500,1.000,0.000,0.000,0.835,5.0,0.00,0.165,—,1.701
solo-dps,50,2,boss,300,500,1.000,0.000,0.000,0.832,5.0,0.00,0.168,—,1.699
solo-dps,50,3,solo,180,500,1.000,0.000,0.000,1.000,0.0,0.00,0.000,—,1.800
solo-dps,50,3,solo,300,500,1.000,0.000,0.000,1.000,0.0,0.00,0.000,—,1.800
solo-dps,50,3,pack,180,500,1.000,0.000,0.000,0.870,2.1,0.00,0.130,—,1.722
solo-dps,50,3,pack,300,500,1.000,0.000,0.000,0.867,2.1,0.00,0.133,—,1.720
solo-dps,50,3,boss,180,500,1.000,0.000,0.000,0.674,6.2,0.00,0.326,—,1.605
solo-dps,50,3,boss,300,500,1.000,0.000,0.000,0.669,6.2,0.00,0.331,—,1.601
solo-dps,50,4,solo,180,500,1.000,0.000,0.000,0.914,0.9,0.00,0.086,—,1.749
solo-dps,50,4,solo,300,500,1.000,0.000,0.000,0.912,1.0,0.00,0.088,—,1.747
solo-dps,50,4,pack,180,500,1.000,0.000,0.000,0.575,4.9,0.00,0.425,—,1.545
solo-dps,50,4,pack,300,500,1.000,0.000,0.000,0.556,4.9,0.00,0.444,—,1.534
solo-dps,50,4,boss,180,500,1.000,0.000,0.000,0.534,8.2,0.00,0.466,—,1.521
solo-dps,50,4,boss,300,500,1.000,0.000,0.000,0.538,8.2,0.00,0.462,—,1.523
solo-dps,50,5,solo,180,500,1.000,0.000,0.000,0.867,1.0,0.00,0.133,—,1.720
solo-dps,50,5,solo,300,500,1.000,0.000,0.000,0.873,1.0,0.00,0.127,—,1.724
solo-dps,50,5,pack,180,500,1.000,0.000,0.000,0.379,5.2,0.00,0.621,—,1.427
solo-dps,50,5,pack,300,500,1.000,0.000,0.000,0.368,5.2,0.00,0.632,—,1.421
solo-dps,50,5,boss,180,500,0.686,0.000,0.314,0.263,11.2,0.31,0.820,—,0.931
solo-dps,50,5,boss,300,500,0.698,0.000,0.302,0.271,11.3,0.30,0.811,—,0.951
solo-dps,50,6,solo,180,500,1.000,0.000,0.000,0.819,2.1,0.00,0.181,—,1.692
solo-dps,50,6,solo,300,500,1.000,0.000,0.000,0.821,2.1,0.00,0.179,—,1.693
solo-dps,50,6,pack,180,500,0.468,0.000,0.532,0.158,8.3,0.53,0.926,—,0.606
solo-dps,50,6,pack,300,500,0.466,0.000,0.534,0.164,8.3,0.53,0.923,—,0.605
solo-dps,50,6,boss,180,500,0.002,0.000,0.998,0.477,16.6,1.00,0.999,—,0.003
solo-dps,50,6,boss,300,500,0.006,0.000,0.994,0.175,17.3,0.99,0.999,—,0.008
solo-dps,50,7,solo,180,500,1.000,0.000,0.000,0.523,3.8,0.00,0.477,—,1.514
solo-dps,50,7,solo,300,500,1.000,0.000,0.000,0.494,3.8,0.00,0.506,—,1.496
solo-dps,50,7,pack,180,500,0.000,0.000,1.000,—,—,1.00,1.000,—,0.000
solo-dps,50,7,pack,300,500,0.002,0.000,0.998,0.005,13.5,1.00,1.000,—,0.002
solo-dps,50,7,boss,180,500,0.000,0.000,1.000,—,—,1.00,1.000,—,0.000
solo-dps,50,7,boss,300,500,0.000,0.000,1.000,—,—,1.00,1.000,—,0.000
solo-dps,50,8,solo,180,500,0.606,0.000,0.394,0.223,6.1,0.39,0.865,—,0.808
solo-dps,50,8,solo,300,500,0.576,0.000,0.424,0.218,6.1,0.42,0.874,—,0.767
solo-dps,50,8,pack,180,500,0.000,0.000,1.000,—,—,1.00,1.000,—,0.000
solo-dps,50,8,pack,300,500,0.000,0.000,1.000,—,—,1.00,1.000,—,0.000
solo-dps,50,8,boss,180,500,0.000,0.000,1.000,—,—,1.00,1.000,—,0.000
solo-dps,50,8,boss,300,500,0.000,0.000,1.000,—,—,1.00,1.000,—,0.000
solo-crit,1,1,solo,180,500,1.000,0.000,0.000,0.534,7.6,0.00,0.466,—,1.272
solo-crit,1,1,solo,300,500,1.000,0.000,0.000,0.531,7.5,0.00,0.469,—,1.271
solo-crit,1,1,pack,180,500,0.000,0.000,1.000,—,—,1.00,1.000,—,0.000
solo-crit,1,1,pack,300,500,0.000,0.000,1.000,—,—,1.00,1.000,—,0.000
solo-crit,1,1,boss,180,500,0.000,0.000,1.000,—,—,1.00,1.000,—,0.000
solo-crit,1,1,boss,300,500,0.000,0.000,1.000,—,—,1.00,1.000,—,0.000
solo-crit,1,2,solo,180,500,0.324,0.000,0.676,0.089,12.1,0.68,0.971,—,0.340
solo-crit,1,2,solo,300,500,0.310,0.000,0.690,0.096,12.1,0.69,0.970,—,0.326
solo-crit,1,2,pack,180,500,0.000,0.000,1.000,—,—,1.00,1.000,—,0.000
solo-crit,1,2,pack,300,500,0.000,0.000,1.000,—,—,1.00,1.000,—,0.000
solo-crit,1,2,boss,180,500,0.000,0.000,1.000,—,—,1.00,1.000,—,0.000
solo-crit,1,2,boss,300,500,0.000,0.000,1.000,—,—,1.00,1.000,—,0.000
solo-crit,1,3,solo,180,500,0.006,0.000,0.994,0.001,17.7,0.99,1.000,—,0.006
solo-crit,1,3,solo,300,500,0.000,0.000,1.000,—,—,1.00,1.000,—,0.000
solo-crit,1,3,pack,180,500,0.000,0.000,1.000,—,—,1.00,1.000,—,0.000
solo-crit,1,3,pack,300,500,0.000,0.000,1.000,—,—,1.00,1.000,—,0.000
solo-crit,1,3,boss,180,500,0.000,0.000,1.000,—,—,1.00,1.000,—,0.000
solo-crit,1,3,boss,300,500,0.000,0.000,1.000,—,—,1.00,1.000,—,0.000
solo-crit,1,4,solo,180,500,0.000,0.000,1.000,—,—,1.00,1.000,—,0.000
solo-crit,1,4,solo,300,500,0.000,0.000,1.000,—,—,1.00,1.000,—,0.000
solo-crit,1,4,pack,180,500,0.000,0.000,1.000,—,—,1.00,1.000,—,0.000
solo-crit,1,4,pack,300,500,0.000,0.000,1.000,—,—,1.00,1.000,—,0.000
solo-crit,1,4,boss,180,500,0.000,0.000,1.000,—,—,1.00,1.000,—,0.000
solo-crit,1,4,boss,300,500,0.000,0.000,1.000,—,—,1.00,1.000,—,0.000
solo-crit,1,5,solo,180,500,0.000,0.000,1.000,—,—,1.00,1.000,—,0.000
solo-crit,1,5,solo,300,500,0.000,0.000,1.000,—,—,1.00,1.000,—,0.000
solo-crit,1,5,pack,180,500,0.000,0.000,1.000,—,—,1.00,1.000,—,0.000
solo-crit,1,5,pack,300,500,0.000,0.000,1.000,—,—,1.00,1.000,—,0.000
solo-crit,1,5,boss,180,500,0.000,0.000,1.000,—,—,1.00,1.000,—,0.000
solo-crit,1,5,boss,300,500,0.000,0.000,1.000,—,—,1.00,1.000,—,0.000
solo-crit,1,6,solo,180,500,0.000,0.000,1.000,—,—,1.00,1.000,—,0.000
solo-crit,1,6,solo,300,500,0.000,0.000,1.000,—,—,1.00,1.000,—,0.000
solo-crit,1,6,pack,180,500,0.000,0.000,1.000,—,—,1.00,1.000,—,0.000
solo-crit,1,6,pack,300,500,0.000,0.000,1.000,—,—,1.00,1.000,—,0.000
solo-crit,1,6,boss,180,500,0.000,0.000,1.000,—,—,1.00,1.000,—,0.000
solo-crit,1,6,boss,300,500,0.000,0.000,1.000,—,—,1.00,1.000,—,0.000
solo-crit,1,7,solo,180,500,0.000,0.000,1.000,—,—,1.00,1.000,—,0.000
solo-crit,1,7,solo,300,500,0.000,0.000,1.000,—,—,1.00,1.000,—,0.000
solo-crit,1,7,pack,180,500,0.000,0.000,1.000,—,—,1.00,1.000,—,0.000
solo-crit,1,7,pack,300,500,0.000,0.000,1.000,—,—,1.00,1.000,—,0.000
solo-crit,1,7,boss,180,500,0.000,0.000,1.000,—,—,1.00,1.000,—,0.000
solo-crit,1,7,boss,300,500,0.000,0.000,1.000,—,—,1.00,1.000,—,0.000
solo-crit,1,8,solo,180,500,0.000,0.000,1.000,—,—,1.00,1.000,—,0.000
solo-crit,1,8,solo,300,500,0.000,0.000,1.000,—,—,1.00,1.000,—,0.000
solo-crit,1,8,pack,180,500,0.000,0.000,1.000,—,—,1.00,1.000,—,0.000
solo-crit,1,8,pack,300,500,0.000,0.000,1.000,—,—,1.00,1.000,—,0.000
solo-crit,1,8,boss,180,500,0.000,0.000,1.000,—,—,1.00,1.000,—,0.000
solo-crit,1,8,boss,300,500,0.000,0.000,1.000,—,—,1.00,1.000,—,0.000
solo-crit,5,1,solo,180,500,1.000,0.000,0.000,0.804,3.0,0.00,0.196,—,1.430
solo-crit,5,1,solo,300,500,1.000,0.000,0.000,0.799,3.0,0.00,0.201,—,1.428
solo-crit,5,1,pack,180,500,0.562,0.000,0.438,0.090,12.0,0.44,0.950,—,0.599
solo-crit,5,1,pack,300,500,0.582,0.000,0.418,0.100,12.0,0.42,0.942,—,0.623
solo-crit,5,1,boss,180,500,0.054,0.000,0.946,0.147,19.9,0.95,0.992,—,0.059
solo-crit,5,1,boss,300,500,0.048,0.000,0.952,0.201,20.1,0.95,0.990,—,0.054
solo-crit,5,2,solo,180,500,1.000,0.000,0.000,0.680,3.4,0.00,0.320,—,1.367
solo-crit,5,2,solo,300,500,1.000,0.000,0.000,0.686,3.4,0.00,0.314,—,1.370
solo-crit,5,2,pack,180,500,0.002,0.000,0.998,0.122,13.7,1.00,1.000,—,0.002
solo-crit,5,2,pack,300,500,0.006,0.000,0.994,0.122,13.7,0.99,0.999,—,0.006
solo-crit,5,2,boss,180,500,0.000,0.000,1.000,—,—,1.00,1.000,—,0.000
solo-crit,5,2,boss,300,500,0.000,0.000,1.000,—,—,1.00,1.000,—,0.000
solo-crit,5,3,solo,180,500,1.000,0.000,0.000,0.411,6.2,0.00,0.589,—,1.229
solo-crit,5,3,solo,300,500,1.000,0.000,0.000,0.422,6.1,0.00,0.578,—,1.235
solo-crit,5,3,pack,180,500,0.000,0.000,1.000,—,—,1.00,1.000,—,0.000
solo-crit,5,3,pack,300,500,0.000,0.000,1.000,—,—,1.00,1.000,—,0.000
solo-crit,5,3,boss,180,500,0.000,0.000,1.000,—,—,1.00,1.000,—,0.000
solo-crit,5,3,boss,300,500,0.000,0.000,1.000,—,—,1.00,1.000,—,0.000
solo-crit,5,4,solo,180,500,0.154,0.000,0.846,0.385,8.9,0.85,0.941,—,0.187
solo-crit,5,4,solo,300,500,0.132,0.000,0.868,0.349,8.8,0.87,0.954,—,0.158
solo-crit,5,4,pack,180,500,0.000,0.000,1.000,—,—,1.00,1.000,—,0.000
solo-crit,5,4,pack,300,500,0.000,0.000,1.000,—,—,1.00,1.000,—,0.000
solo-crit,5,4,boss,180,500,0.000,0.000,1.000,—,—,1.00,1.000,—,0.000
solo-crit,5,4,boss,300,500,0.000,0.000,1.000,—,—,1.00,1.000,—,0.000
solo-crit,5,5,solo,180,500,0.004,0.000,0.996,0.050,12.9,1.00,1.000,—,0.004
solo-crit,5,5,solo,300,500,0.008,0.000,0.992,0.050,13.3,0.99,1.000,—,0.008
solo-crit,5,5,pack,180,500,0.000,0.000,1.000,—,—,1.00,1.000,—,0.000
solo-crit,5,5,pack,300,500,0.000,0.000,1.000,—,—,1.00,1.000,—,0.000
solo-crit,5,5,boss,180,500,0.000,0.000,1.000,—,—,1.00,1.000,—,0.000
solo-crit,5,5,boss,300,500,0.000,0.000,1.000,—,—,1.00,1.000,—,0.000
solo-crit,5,6,solo,180,500,0.000,0.000,1.000,—,—,1.00,1.000,—,0.000
solo-crit,5,6,solo,300,500,0.000,0.000,1.000,—,—,1.00,1.000,—,0.000
solo-crit,5,6,pack,180,500,0.000,0.000,1.000,—,—,1.00,1.000,—,0.000
solo-crit,5,6,pack,300,500,0.000,0.000,1.000,—,—,1.00,1.000,—,0.000
solo-crit,5,6,boss,180,500,0.000,0.000,1.000,—,—,1.00,1.000,—,0.000
solo-crit,5,6,boss,300,500,0.000,0.000,1.000,—,—,1.00,1.000,—,0.000
solo-crit,5,7,solo,180,500,0.000,0.000,1.000,—,—,1.00,1.000,—,0.000
solo-crit,5,7,solo,300,500,0.000,0.000,1.000,—,—,1.00,1.000,—,0.000
solo-crit,5,7,pack,180,500,0.000,0.000,1.000,—,—,1.00,1.000,—,0.000
solo-crit,5,7,pack,300,500,0.000,0.000,1.000,—,—,1.00,1.000,—,0.000
solo-crit,5,7,boss,180,500,0.000,0.000,1.000,—,—,1.00,1.000,—,0.000
solo-crit,5,7,boss,300,500,0.000,0.000,1.000,—,—,1.00,1.000,—,0.000
solo-crit,5,8,solo,180,500,0.000,0.000,1.000,—,—,1.00,1.000,—,0.000
solo-crit,5,8,solo,300,500,0.000,0.000,1.000,—,—,1.00,1.000,—,0.000
solo-crit,5,8,pack,180,500,0.000,0.000,1.000,—,—,1.00,1.000,—,0.000
solo-crit,5,8,pack,300,500,0.000,0.000,1.000,—,—,1.00,1.000,—,0.000
solo-crit,5,8,boss,180,500,0.000,0.000,1.000,—,—,1.00,1.000,—,0.000
solo-crit,5,8,boss,300,500,0.000,0.000,1.000,—,—,1.00,1.000,—,0.000
solo-crit,10,1,solo,180,500,1.000,0.000,0.000,0.934,1.1,0.00,0.066,—,1.526
solo-crit,10,1,solo,300,500,1.000,0.000,0.000,0.933,1.1,0.00,0.067,—,1.525
solo-crit,10,1,pack,180,500,1.000,0.000,0.000,0.595,6.1,0.00,0.405,—,1.349
solo-crit,10,1,pack,300,500,1.000,0.000,0.000,0.590,6.1,0.00,0.410,—,1.347
solo-crit,10,1,boss,180,500,1.000,0.000,0.000,0.468,10.6,0.00,0.532,—,1.283
solo-crit,10,1,boss,300,500,1.000,0.000,0.000,0.475,10.6,0.00,0.525,—,1.287
solo-crit,10,2,solo,180,500,1.000,0.000,0.000,0.885,1.4,0.00,0.115,—,1.500
solo-crit,10,2,solo,300,500,1.000,0.000,0.000,0.890,1.4,0.00,0.110,—,1.503
solo-crit,10,2,pack,180,500,1.000,0.000,0.000,0.322,6.8,0.00,0.678,—,1.207
solo-crit,10,2,pack,300,500,1.000,0.000,0.000,0.328,6.8,0.00,0.672,—,1.210
solo-crit,10,2,boss,180,500,0.616,0.000,0.384,0.179,13.6,0.38,0.890,—,0.698
solo-crit,10,2,boss,300,500,0.632,0.000,0.368,0.196,13.7,0.37,0.876,—,0.722
solo-crit,10,3,solo,180,500,1.000,0.000,0.000,0.845,2.7,0.00,0.155,—,1.479
solo-crit,10,3,solo,300,500,1.000,0.000,0.000,0.838,2.7,0.00,0.162,—,1.476
solo-crit,10,3,pack,180,500,0.124,0.000,0.876,0.100,10.7,0.88,0.988,—,0.135
solo-crit,10,3,pack,300,500,0.098,0.000,0.902,0.103,10.6,0.90,0.990,—,0.107
solo-crit,10,3,boss,180,500,0.004,0.000,0.996,0.115,20.5,1.00,1.000,—,0.004
solo-crit,10,3,boss,300,500,0.006,0.000,0.994,0.094,21.4,0.99,0.999,—,0.007
solo-crit,10,4,solo,180,500,1.000,0.000,0.000,0.583,4.0,0.00,0.417,—,1.343
solo-crit,10,4,solo,300,500,1.000,0.000,0.000,0.579,4.0,0.00,0.421,—,1.341
solo-crit,10,4,pack,180,500,0.000,0.000,1.000,—,—,1.00,1.000,—,0.000
solo-crit,10,4,pack,300,500,0.000,0.000,1.000,—,—,1.00,1.000,—,0.000
solo-crit,10,4,boss,180,500,0.000,0.000,1.000,—,—,1.00,1.000,—,0.000
solo-crit,10,4,boss,300,500,0.000,0.000,1.000,—,—,1.00,1.000,—,0.000
solo-crit,10,5,solo,180,500,0.518,0.000,0.482,0.356,6.3,0.48,0.816,—,0.635
solo-crit,10,5,solo,300,500,0.508,0.000,0.492,0.348,6.2,0.49,0.823,—,0.620
solo-crit,10,5,pack,180,500,0.000,0.000,1.000,—,—,1.00,1.000,—,0.000
solo-crit,10,5,pack,300,500,0.000,0.000,1.000,—,—,1.00,1.000,—,0.000
solo-crit,10,5,boss,180,500,0.000,0.000,1.000,—,—,1.00,1.000,—,0.000
solo-crit,10,5,boss,300,500,0.000,0.000,1.000,—,—,1.00,1.000,—,0.000
solo-crit,10,6,solo,180,500,0.022,0.000,0.978,0.491,10.4,0.98,0.989,—,0.028
solo-crit,10,6,solo,300,500,0.010,0.000,0.990,0.491,9.0,0.99,0.995,—,0.013
solo-crit,10,6,pack,180,500,0.000,0.000,1.000,—,—,1.00,1.000,—,0.000
solo-crit,10,6,pack,300,500,0.000,0.000,1.000,—,—,1.00,1.000,—,0.000
solo-crit,10,6,boss,180,500,0.000,0.000,1.000,—,—,1.00,1.000,—,0.000
solo-crit,10,6,boss,300,500,0.000,0.000,1.000,—,—,1.00,1.000,—,0.000
solo-crit,10,7,solo,180,500,0.000,0.000,1.000,—,—,1.00,1.000,—,0.000
solo-crit,10,7,solo,300,500,0.004,0.000,0.996,0.295,15.0,1.00,0.999,—,0.005
solo-crit,10,7,pack,180,500,0.000,0.000,1.000,—,—,1.00,1.000,—,0.000
solo-crit,10,7,pack,300,500,0.000,0.000,1.000,—,—,1.00,1.000,—,0.000
solo-crit,10,7,boss,180,500,0.000,0.000,1.000,—,—,1.00,1.000,—,0.000
solo-crit,10,7,boss,300,500,0.000,0.000,1.000,—,—,1.00,1.000,—,0.000
solo-crit,10,8,solo,180,500,0.000,0.000,1.000,—,—,1.00,1.000,—,0.000
solo-crit,10,8,solo,300,500,0.000,0.000,1.000,—,—,1.00,1.000,—,0.000
solo-crit,10,8,pack,180,500,0.000,0.000,1.000,—,—,1.00,1.000,—,0.000
solo-crit,10,8,pack,300,500,0.000,0.000,1.000,—,—,1.00,1.000,—,0.000
solo-crit,10,8,boss,180,500,0.000,0.000,1.000,—,—,1.00,1.000,—,0.000
solo-crit,10,8,boss,300,500,0.000,0.000,1.000,—,—,1.00,1.000,—,0.000
solo-crit,20,1,solo,180,500,1.000,0.000,0.000,1.000,0.0,0.00,0.000,—,1.620
solo-crit,20,1,solo,300,500,1.000,0.000,0.000,1.000,0.0,0.00,0.000,—,1.620
solo-crit,20,1,pack,180,500,1.000,0.000,0.000,0.905,2.2,0.00,0.095,—,1.569
solo-crit,20,1,pack,300,500,1.000,0.000,0.000,0.903,2.2,0.00,0.097,—,1.568
solo-crit,20,1,boss,180,500,1.000,0.000,0.000,0.821,5.3,0.00,0.179,—,1.523
solo-crit,20,1,boss,300,500,1.000,0.000,0.000,0.824,5.3,0.00,0.176,—,1.525
solo-crit,20,2,solo,180,500,1.000,0.000,0.000,0.954,0.8,0.00,0.046,—,1.595
solo-crit,20,2,solo,300,500,1.000,0.000,0.000,0.955,0.8,0.00,0.045,—,1.596
solo-crit,20,2,pack,180,500,1.000,0.000,0.000,0.720,4.6,0.00,0.280,—,1.469
solo-crit,20,2,pack,300,500,1.000,0.000,0.000,0.710,4.6,0.00,0.290,—,1.463
solo-crit,20,2,boss,180,500,1.000,0.000,0.000,0.665,6.8,0.00,0.335,—,1.439
solo-crit,20,2,boss,300,500,1.000,0.000,0.000,0.665,6.8,0.00,0.335,—,1.439
solo-crit,20,3,solo,180,500,1.000,0.000,0.000,0.902,1.1,0.00,0.098,—,1.567
solo-crit,20,3,solo,300,500,1.000,0.000,0.000,0.907,1.1,0.00,0.093,—,1.570
solo-crit,20,3,pack,180,500,1.000,0.000,0.000,0.516,5.5,0.00,0.484,—,1.359
solo-crit,20,3,pack,300,500,1.000,0.000,0.000,0.529,5.5,0.00,0.471,—,1.366
solo-crit,20,3,boss,180,500,1.000,0.000,0.000,0.477,9.2,0.00,0.523,—,1.338
solo-crit,20,3,boss,300,500,1.000,0.000,0.000,0.462,9.2,0.00,0.538,—,1.329
solo-crit,20,4,solo,180,500,1.000,0.000,0.000,0.867,1.7,0.00,0.133,—,1.548
solo-crit,20,4,solo,300,500,1.000,0.000,0.000,0.871,1.7,0.00,0.129,—,1.550
solo-crit,20,4,pack,180,500,0.832,0.000,0.168,0.266,7.2,0.17,0.779,—,1.018
solo-crit,20,4,pack,300,500,0.850,0.000,0.150,0.270,7.3,0.15,0.771,—,1.042
solo-crit,20,4,boss,180,500,0.384,0.000,0.616,0.218,12.5,0.62,0.916,—,0.460
solo-crit,20,4,boss,300,500,0.372,0.000,0.628,0.231,12.6,0.63,0.914,—,0.448
solo-crit,20,5,solo,180,500,1.000,0.000,0.000,0.746,2.6,0.00,0.254,—,1.483
solo-crit,20,5,solo,300,500,1.000,0.000,0.000,0.746,2.6,0.00,0.254,—,1.483
solo-crit,20,5,pack,180,500,0.176,0.000,0.824,0.142,9.5,0.82,0.975,—,0.204
solo-crit,20,5,pack,300,500,0.196,0.000,0.804,0.106,9.4,0.80,0.979,—,0.223
solo-crit,20,5,boss,180,500,0.008,0.000,0.992,0.103,18.2,0.99,0.999,—,0.009
solo-crit,20,5,boss,300,500,0.006,0.000,0.994,0.355,19.2,0.99,0.998,—,0.008
solo-crit,20,6,solo,180,500,1.000,0.000,0.000,0.487,4.1,0.00,0.513,—,1.343
solo-crit,20,6,solo,300,500,1.000,0.000,0.000,0.488,4.0,0.00,0.512,—,1.344
solo-crit,20,6,pack,180,500,0.000,0.000,1.000,—,—,1.00,1.000,—,0.000
solo-crit,20,6,pack,300,500,0.000,0.000,1.000,—,—,1.00,1.000,—,0.000
solo-crit,20,6,boss,180,500,0.000,0.000,1.000,—,—,1.00,1.000,—,0.000
solo-crit,20,6,boss,300,500,0.000,0.000,1.000,—,—,1.00,1.000,—,0.000
solo-crit,20,7,solo,180,500,0.616,0.000,0.384,0.218,7.0,0.38,0.866,—,0.738
solo-crit,20,7,solo,300,500,0.602,0.000,0.398,0.210,7.0,0.40,0.874,—,0.718
solo-crit,20,7,pack,180,500,0.000,0.000,1.000,—,—,1.00,1.000,—,0.000
solo-crit,20,7,pack,300,500,0.000,0.000,1.000,—,—,1.00,1.000,—,0.000
solo-crit,20,7,boss,180,500,0.000,0.000,1.000,—,—,1.00,1.000,—,0.000
solo-crit,20,7,boss,300,500,0.000,0.000,1.000,—,—,1.00,1.000,—,0.000
solo-crit,20,8,solo,180,500,0.036,0.000,0.964,0.372,10.7,0.96,0.987,—,0.046
solo-crit,20,8,solo,300,500,0.050,0.000,0.950,0.362,10.7,0.95,0.982,—,0.064
solo-crit,20,8,pack,180,500,0.000,0.000,1.000,—,—,1.00,1.000,—,0.000
solo-crit,20,8,pack,300,500,0.000,0.000,1.000,—,—,1.00,1.000,—,0.000
solo-crit,20,8,boss,180,500,0.000,0.000,1.000,—,—,1.00,1.000,—,0.000
solo-crit,20,8,boss,300,500,0.000,0.000,1.000,—,—,1.00,1.000,—,0.000
solo-crit,35,1,solo,180,500,1.000,0.000,0.000,1.000,0.0,0.00,0.000,—,1.710
solo-crit,35,1,solo,300,500,1.000,0.000,0.000,1.000,0.0,0.00,0.000,—,1.710
solo-crit,35,1,pack,180,500,1.000,0.000,0.000,0.936,1.9,0.00,0.064,—,1.674
solo-crit,35,1,pack,300,500,1.000,0.000,0.000,0.935,1.9,0.00,0.065,—,1.673
solo-crit,35,1,boss,180,500,1.000,0.000,0.000,0.914,3.2,0.00,0.086,—,1.661
solo-crit,35,1,boss,300,500,1.000,0.000,0.000,0.916,3.2,0.00,0.084,—,1.662
solo-crit,35,2,solo,180,500,1.000,0.000,0.000,1.000,0.0,0.00,0.000,—,1.710
solo-crit,35,2,solo,300,500,1.000,0.000,0.000,1.000,0.0,0.00,0.000,—,1.710
solo-crit,35,2,pack,180,500,1.000,0.000,0.000,0.909,1.9,0.00,0.091,—,1.658
solo-crit,35,2,pack,300,500,1.000,0.000,0.000,0.911,1.9,0.00,0.089,—,1.659
solo-crit,35,2,boss,180,500,1.000,0.000,0.000,0.830,4.1,0.00,0.170,—,1.613
solo-crit,35,2,boss,300,500,1.000,0.000,0.000,0.834,4.1,0.00,0.166,—,1.615
solo-crit,35,3,solo,180,500,1.000,0.000,0.000,1.000,0.0,0.00,0.000,—,1.710
solo-crit,35,3,solo,300,500,1.000,0.000,0.000,1.000,0.0,0.00,0.000,—,1.710
solo-crit,35,3,pack,180,500,1.000,0.000,0.000,0.874,1.9,0.00,0.126,—,1.638
solo-crit,35,3,pack,300,500,1.000,0.000,0.000,0.873,1.9,0.00,0.127,—,1.638
solo-crit,35,3,boss,180,500,1.000,0.000,0.000,0.771,5.3,0.00,0.229,—,1.579
solo-crit,35,3,boss,300,500,1.000,0.000,0.000,0.774,5.3,0.00,0.226,—,1.581
solo-crit,35,4,solo,180,500,1.000,0.000,0.000,0.944,0.6,0.00,0.056,—,1.678
solo-crit,35,4,solo,300,500,1.000,0.000,0.000,0.950,0.6,0.00,0.050,—,1.682
solo-crit,35,4,pack,180,500,1.000,0.000,0.000,0.714,3.7,0.00,0.286,—,1.547
solo-crit,35,4,pack,300,500,1.000,0.000,0.000,0.722,3.6,0.00,0.278,—,1.551
solo-crit,35,4,boss,180,500,1.000,0.000,0.000,0.561,6.9,0.00,0.439,—,1.460
solo-crit,35,4,boss,300,500,1.000,0.000,0.000,0.557,6.8,0.00,0.443,—,1.457
solo-crit,35,5,solo,180,500,1.000,0.000,0.000,0.878,1.3,0.00,0.122,—,1.641
solo-crit,35,5,solo,300,500,1.000,0.000,0.000,0.878,1.3,0.00,0.122,—,1.641
solo-crit,35,5,pack,180,500,1.000,0.000,0.000,0.402,5.8,0.00,0.598,—,1.369
solo-crit,35,5,pack,300,500,1.000,0.000,0.000,0.415,5.8,0.00,0.585,—,1.377
solo-crit,35,5,boss,180,500,0.828,0.000,0.172,0.283,9.5,0.17,0.765,—,1.078
solo-crit,35,5,boss,300,500,0.812,0.000,0.188,0.285,9.6,0.19,0.769,—,1.058
solo-crit,35,6,solo,180,500,1.000,0.000,0.000,0.829,2.1,0.00,0.171,—,1.613
solo-crit,35,6,solo,300,500,1.000,0.000,0.000,0.825,2.1,0.00,0.175,—,1.610
solo-crit,35,6,pack,180,500,0.428,0.000,0.572,0.192,8.2,0.57,0.918,—,0.535
solo-crit,35,6,pack,300,500,0.456,0.000,0.544,0.180,8.2,0.54,0.918,—,0.567
solo-crit,35,6,boss,180,500,0.046,0.000,0.954,0.212,14.3,0.95,0.990,—,0.058
solo-crit,35,6,boss,300,500,0.052,0.000,0.948,0.217,14.4,0.95,0.989,—,0.066
solo-crit,35,7,solo,180,500,1.000,0.000,0.000,0.641,3.3,0.00,0.359,—,1.505
solo-crit,35,7,solo,300,500,1.000,0.000,0.000,0.654,3.3,0.00,0.346,—,1.513
solo-crit,35,7,pack,180,500,0.010,0.000,0.990,0.043,11.2,0.99,1.000,—,0.012
solo-crit,35,7,pack,300,500,0.006,0.000,0.994,0.043,11.0,0.99,1.000,—,0.007
solo-crit,35,7,boss,180,500,0.000,0.000,1.000,—,—,1.00,1.000,—,0.000
solo-crit,35,7,boss,300,500,0.000,0.000,1.000,—,—,1.00,1.000,—,0.000
solo-crit,35,8,solo,180,500,0.990,0.000,0.010,0.335,5.3,0.01,0.668,—,1.318
solo-crit,35,8,solo,300,500,0.994,0.000,0.006,0.335,5.2,0.01,0.667,—,1.323
solo-crit,35,8,pack,180,500,0.000,0.000,1.000,—,—,1.00,1.000,—,0.000
solo-crit,35,8,pack,300,500,0.000,0.000,1.000,—,—,1.00,1.000,—,0.000
solo-crit,35,8,boss,180,500,0.000,0.000,1.000,—,—,1.00,1.000,—,0.000
solo-crit,35,8,boss,300,500,0.000,0.000,1.000,—,—,1.00,1.000,—,0.000
solo-crit,50,1,solo,180,500,1.000,0.000,0.000,1.000,0.0,0.00,0.000,—,1.800
solo-crit,50,1,solo,300,500,1.000,0.000,0.000,1.000,0.0,0.00,0.000,—,1.800
solo-crit,50,1,pack,180,500,1.000,0.000,0.000,0.951,1.8,0.00,0.049,—,1.770
solo-crit,50,1,pack,300,500,1.000,0.000,0.000,0.952,1.8,0.00,0.048,—,1.771
solo-crit,50,1,boss,180,500,1.000,0.000,0.000,0.950,2.7,0.00,0.050,—,1.770
solo-crit,50,1,boss,300,500,1.000,0.000,0.000,0.948,2.7,0.00,0.052,—,1.769
solo-crit,50,2,solo,180,500,1.000,0.000,0.000,1.000,0.0,0.00,0.000,—,1.800
solo-crit,50,2,solo,300,500,1.000,0.000,0.000,1.000,0.0,0.00,0.000,—,1.800
solo-crit,50,2,pack,180,500,1.000,0.000,0.000,0.931,1.8,0.00,0.069,—,1.759
solo-crit,50,2,pack,300,500,1.000,0.000,0.000,0.933,1.8,0.00,0.067,—,1.760
solo-crit,50,2,boss,180,500,1.000,0.000,0.000,0.914,2.9,0.00,0.086,—,1.749
solo-crit,50,2,boss,300,500,1.000,0.000,0.000,0.920,2.9,0.00,0.080,—,1.752
solo-crit,50,3,solo,180,500,1.000,0.000,0.000,1.000,0.0,0.00,0.000,—,1.800
solo-crit,50,3,solo,300,500,1.000,0.000,0.000,1.000,0.0,0.00,0.000,—,1.800
solo-crit,50,3,pack,180,500,1.000,0.000,0.000,0.905,1.8,0.00,0.095,—,1.743
solo-crit,50,3,pack,300,500,1.000,0.000,0.000,0.902,1.8,0.00,0.098,—,1.741
solo-crit,50,3,boss,180,500,1.000,0.000,0.000,0.826,3.7,0.00,0.174,—,1.696
solo-crit,50,3,boss,300,500,1.000,0.000,0.000,0.829,3.7,0.00,0.171,—,1.697
solo-crit,50,4,solo,180,500,1.000,0.000,0.000,0.968,0.4,0.00,0.032,—,1.781
solo-crit,50,4,solo,300,500,1.000,0.000,0.000,0.970,0.4,0.00,0.030,—,1.782
solo-crit,50,4,pack,180,500,1.000,0.000,0.000,0.811,3.0,0.00,0.189,—,1.686
solo-crit,50,4,pack,300,500,1.000,0.000,0.000,0.824,2.9,0.00,0.176,—,1.694
solo-crit,50,4,boss,180,500,1.000,0.000,0.000,0.758,5.1,0.00,0.242,—,1.655
solo-crit,50,4,boss,300,500,1.000,0.000,0.000,0.757,5.1,0.00,0.243,—,1.654
solo-crit,50,5,solo,180,500,1.000,0.000,0.000,0.959,0.4,0.00,0.041,—,1.775
solo-crit,50,5,solo,300,500,1.000,0.000,0.000,0.959,0.4,0.00,0.041,—,1.775
solo-crit,50,5,pack,180,500,1.000,0.000,0.000,0.744,2.9,0.00,0.256,—,1.646
solo-crit,50,5,pack,300,500,1.000,0.000,0.000,0.746,3.0,0.00,0.254,—,1.648
solo-crit,50,5,boss,180,500,1.000,0.000,0.000,0.536,6.5,0.00,0.464,—,1.522
solo-crit,50,5,boss,300,500,1.000,0.000,0.000,0.542,6.5,0.00,0.458,—,1.525
solo-crit,50,6,solo,180,500,1.000,0.000,0.000,0.870,1.0,0.00,0.130,—,1.722
solo-crit,50,6,solo,300,500,1.000,0.000,0.000,0.869,1.1,0.00,0.131,—,1.721
solo-crit,50,6,pack,180,500,0.976,0.000,0.024,0.445,5.0,0.02,0.566,—,1.432
solo-crit,50,6,pack,300,500,0.984,0.000,0.016,0.433,5.0,0.02,0.574,—,1.437
solo-crit,50,6,boss,180,500,0.762,0.000,0.238,0.283,8.9,0.24,0.785,—,1.044
solo-crit,50,6,boss,300,500,0.772,0.000,0.228,0.278,8.9,0.23,0.786,—,1.055
solo-crit,50,7,solo,180,500,1.000,0.000,0.000,0.819,1.9,0.00,0.181,—,1.692
solo-crit,50,7,solo,300,500,1.000,0.000,0.000,0.819,1.9,0.00,0.181,—,1.692
solo-crit,50,7,pack,180,500,0.472,0.000,0.528,0.146,7.5,0.53,0.931,—,0.608
solo-crit,50,7,pack,300,500,0.448,0.000,0.552,0.134,7.4,0.55,0.940,—,0.574
solo-crit,50,7,boss,180,500,0.080,0.000,0.920,0.176,13.5,0.92,0.986,—,0.104
solo-crit,50,7,boss,300,500,0.086,0.000,0.914,0.246,13.4,0.91,0.979,—,0.116
solo-crit,50,8,solo,180,500,1.000,0.000,0.000,0.597,3.2,0.00,0.403,—,1.558
solo-crit,50,8,solo,300,500,1.000,0.000,0.000,0.596,3.3,0.00,0.404,—,1.558
solo-crit,50,8,pack,180,500,0.002,0.000,0.998,0.328,11.8,1.00,0.999,—,0.003
solo-crit,50,8,pack,300,500,0.002,0.000,0.998,0.328,10.0,1.00,0.999,—,0.003
solo-crit,50,8,boss,180,500,0.000,0.000,1.000,—,—,1.00,1.000,—,0.000
solo-crit,50,8,boss,300,500,0.000,0.000,1.000,—,—,1.00,1.000,—,0.000
