comp,level,tier,shape,limit,fights,winRate,timeoutRate,wipeRate,avgMarginWin,avgDurationWin,avgDowned,avgHpLostPct,tankTargetPct,expRewardMult
trio-core,1,1,solo,180,200,1.000,0.000,0.000,0.941,3.4,0.00,0.059,1.000,1.477
trio-core,1,1,solo,300,200,1.000,0.000,0.000,0.942,3.4,0.00,0.058,1.000,1.477
trio-core,1,1,pack,180,200,1.000,0.000,0.000,0.972,20.0,0.00,0.028,1.000,1.492
trio-core,1,1,pack,300,200,1.000,0.000,0.000,0.972,19.9,0.00,0.028,1.000,1.492
trio-core,1,1,boss,180,200,1.000,0.000,0.000,0.977,39.0,0.00,0.023,1.000,1.495
trio-core,1,1,boss,300,200,1.000,0.000,0.000,0.978,39.5,0.00,0.022,1.000,1.495
trio-core,1,2,solo,180,200,1.000,0.000,0.000,0.952,9.8,0.00,0.048,1.000,1.482
trio-core,1,2,solo,300,200,1.000,0.000,0.000,0.950,9.8,0.00,0.050,1.000,1.481
trio-core,1,2,pack,180,200,0.000,0.015,0.985,—,—,2.98,0.996,0.382,0.000
trio-core,1,2,pack,300,200,0.000,0.000,1.000,—,—,3.00,1.000,0.393,0.000
trio-core,1,2,boss,180,200,0.425,0.000,0.575,0.766,74.2,1.82,0.675,0.660,0.590
trio-core,1,2,boss,300,200,0.340,0.000,0.660,0.713,74.2,2.12,0.758,0.604,0.463
trio-core,1,3,solo,180,200,0.990,0.000,0.010,0.618,21.7,0.29,0.388,0.935,1.301
trio-core,1,3,solo,300,200,0.980,0.000,0.020,0.635,22.0,0.34,0.378,0.940,1.296
trio-core,1,3,pack,180,200,0.000,0.000,1.000,—,—,3.00,1.000,0.431,0.000
trio-core,1,3,pack,300,200,0.000,0.000,1.000,—,—,3.00,1.000,0.429,0.000
trio-core,1,3,boss,180,200,0.000,0.000,1.000,—,—,3.00,1.000,0.368,0.000
trio-core,1,3,boss,300,200,0.000,0.000,1.000,—,—,3.00,1.000,0.367,0.000
trio-core,1,4,solo,180,200,0.000,0.000,1.000,—,—,3.00,1.000,0.402,0.000
trio-core,1,4,solo,300,200,0.000,0.000,1.000,—,—,3.00,1.000,0.403,0.000
trio-core,1,4,pack,180,200,0.000,0.000,1.000,—,—,3.00,1.000,0.387,0.000
trio-core,1,4,pack,300,200,0.000,0.000,1.000,—,—,3.00,1.000,0.389,0.000
trio-core,1,4,boss,180,200,0.000,0.000,1.000,—,—,3.00,1.000,0.371,0.000
trio-core,1,4,boss,300,200,0.000,0.000,1.000,—,—,3.00,1.000,0.363,0.000
trio-core,1,5,solo,180,200,0.000,0.000,1.000,—,—,3.00,1.000,0.457,0.000
trio-core,1,5,solo,300,200,0.000,0.000,1.000,—,—,3.00,1.000,0.442,0.000
trio-core,1,5,pack,180,200,0.000,0.000,1.000,—,—,3.00,1.000,0.449,0.000
trio-core,1,5,pack,300,200,0.000,0.000,1.000,—,—,3.00,1.000,0.450,0.000
trio-core,1,5,boss,180,200,0.000,0.000,1.000,—,—,3.00,1.000,0.301,0.000
trio-core,1,5,boss,300,200,0.000,0.000,1.000,—,—,3.00,1.000,0.303,0.000
trio-core,1,6,solo,180,200,0.000,0.000,1.000,—,—,3.00,1.000,0.347,0.000
trio-core,1,6,solo,300,200,0.000,0.000,1.000,—,—,3.00,1.000,0.338,0.000
trio-core,1,6,pack,180,200,0.000,0.000,1.000,—,—,3.00,1.000,0.337,0.000
trio-core,1,6,pack,300,200,0.000,0.000,1.000,—,—,3.00,1.000,0.342,0.000
trio-core,1,6,boss,180,200,0.000,0.000,1.000,—,—,3.00,1.000,0.330,0.000
trio-core,1,6,boss,300,200,0.000,0.000,1.000,—,—,3.00,1.000,0.333,0.000
trio-core,1,7,solo,180,200,0.000,0.000,1.000,—,—,3.00,1.000,0.332,0.000
trio-core,1,7,solo,300,200,0.000,0.000,1.000,—,—,3.00,1.000,0.330,0.000
trio-core,1,7,pack,180,200,0.000,0.000,1.000,—,—,3.00,1.000,0.331,0.000
trio-core,1,7,pack,300,200,0.000,0.000,1.000,—,—,3.00,1.000,0.332,0.000
trio-core,1,7,boss,180,200,0.000,0.000,1.000,—,—,3.00,1.000,0.328,0.000
trio-core,1,7,boss,300,200,0.000,0.000,1.000,—,—,3.00,1.000,0.330,0.000
trio-core,1,8,solo,180,200,0.000,0.000,1.000,—,—,3.00,1.000,0.334,0.000
trio-core,1,8,solo,300,200,0.000,0.000,1.000,—,—,3.00,1.000,0.329,0.000
trio-core,1,8,pack,180,200,0.000,0.000,1.000,—,—,3.00,1.000,0.328,0.000
trio-core,1,8,pack,300,200,0.000,0.000,1.000,—,—,3.00,1.000,0.333,0.000
trio-core,1,8,boss,180,200,0.000,0.000,1.000,—,—,3.00,1.000,0.330,0.000
trio-core,1,8,boss,300,200,0.000,0.000,1.000,—,—,3.00,1.000,0.330,0.000
trio-core,5,1,solo,180,200,1.000,0.000,0.000,0.999,0.1,0.00,0.001,1.000,1.529
trio-core,5,1,solo,300,200,1.000,0.000,0.000,0.999,0.1,0.00,0.001,1.000,1.530
trio-core,5,1,pack,180,200,1.000,0.000,0.000,0.930,8.1,0.00,0.070,1.000,1.494
trio-core,5,1,pack,300,200,1.000,0.000,0.000,0.913,8.1,0.00,0.087,1.000,1.486
trio-core,5,1,boss,180,200,1.000,0.000,0.000,0.971,19.1,0.00,0.029,1.000,1.515
trio-core,5,1,boss,300,200,1.000,0.000,0.000,0.973,19.0,0.00,0.027,1.000,1.516
trio-core,5,2,solo,180,200,1.000,0.000,0.000,0.904,4.0,0.00,0.096,1.000,1.481
trio-core,5,2,solo,300,200,1.000,0.000,0.000,0.902,4.0,0.00,0.098,1.000,1.480
trio-core,5,2,pack,180,200,1.000,0.000,0.000,0.961,19.3,0.00,0.039,1.000,1.510
trio-core,5,2,pack,300,200,1.000,0.000,0.000,0.961,19.1,0.00,0.039,1.000,1.510
trio-core,5,2,boss,180,200,1.000,0.000,0.000,0.947,37.3,0.00,0.053,1.000,1.503
trio-core,5,2,boss,300,200,1.000,0.000,0.000,0.951,38.1,0.00,0.049,1.000,1.505
trio-core,5,3,solo,180,200,1.000,0.000,0.000,0.943,10.2,0.00,0.057,1.000,1.501
trio-core,5,3,solo,300,200,1.000,0.000,0.000,0.932,10.4,0.00,0.068,1.000,1.496
trio-core,5,3,pack,180,200,0.000,0.000,1.000,—,—,3.00,1.000,0.419,0.000
trio-core,5,3,pack,300,200,0.000,0.000,1.000,—,—,3.00,1.000,0.419,0.000
trio-core,5,3,boss,180,200,0.010,0.000,0.990,0.779,67.7,2.97,0.992,0.404,0.014
trio-core,5,3,boss,300,200,0.030,0.000,0.970,0.789,72.5,2.91,0.976,0.426,0.043
trio-core,5,4,solo,180,200,0.520,0.000,0.480,0.538,22.6,1.77,0.720,0.650,0.673
trio-core,5,4,solo,300,200,0.485,0.000,0.515,0.557,22.4,1.83,0.730,0.651,0.633
trio-core,5,4,pack,180,200,0.000,0.000,1.000,—,—,3.00,1.000,0.404,0.000
trio-core,5,4,pack,300,200,0.000,0.000,1.000,—,—,3.00,1.000,0.404,0.000
trio-core,5,4,boss,180,200,0.000,0.000,1.000,—,—,3.00,1.000,0.439,0.000
trio-core,5,4,boss,300,200,0.000,0.000,1.000,—,—,3.00,1.000,0.440,0.000
trio-core,5,5,solo,180,200,0.000,0.000,1.000,—,—,3.00,1.000,0.484,0.000
trio-core,5,5,solo,300,200,0.000,0.000,1.000,—,—,3.00,1.000,0.484,0.000
trio-core,5,5,pack,180,200,0.000,0.000,1.000,—,—,3.00,1.000,0.486,0.000
trio-core,5,5,pack,300,200,0.000,0.000,1.000,—,—,3.00,1.000,0.485,0.000
trio-core,5,5,boss,180,200,0.000,0.000,1.000,—,—,3.00,1.000,0.330,0.000
trio-core,5,5,boss,300,200,0.000,0.000,1.000,—,—,3.00,1.000,0.325,0.000
trio-core,5,6,solo,180,200,0.000,0.000,1.000,—,—,3.00,1.000,0.345,0.000
trio-core,5,6,solo,300,200,0.000,0.000,1.000,—,—,3.00,1.000,0.347,0.000
trio-core,5,6,pack,180,200,0.000,0.000,1.000,—,—,3.00,1.000,0.338,0.000
trio-core,5,6,pack,300,200,0.000,0.000,1.000,—,—,3.00,1.000,0.341,0.000
trio-core,5,6,boss,180,200,0.000,0.000,1.000,—,—,3.00,1.000,0.341,0.000
trio-core,5,6,boss,300,200,0.000,0.000,1.000,—,—,3.00,1.000,0.342,0.000
trio-core,5,7,solo,180,200,0.000,0.000,1.000,—,—,3.00,1.000,0.330,0.000
trio-core,5,7,solo,300,200,0.000,0.000,1.000,—,—,3.00,1.000,0.333,0.000
trio-core,5,7,pack,180,200,0.000,0.000,1.000,—,—,3.00,1.000,0.327,0.000
trio-core,5,7,pack,300,200,0.000,0.000,1.000,—,—,3.00,1.000,0.326,0.000
trio-core,5,7,boss,180,200,0.000,0.000,1.000,—,—,3.00,1.000,0.330,0.000
trio-core,5,7,boss,300,200,0.000,0.000,1.000,—,—,3.00,1.000,0.331,0.000
trio-core,5,8,solo,180,200,0.000,0.000,1.000,—,—,3.00,1.000,0.330,0.000
trio-core,5,8,solo,300,200,0.000,0.000,1.000,—,—,3.00,1.000,0.332,0.000
trio-core,5,8,pack,180,200,0.000,0.000,1.000,—,—,3.00,1.000,0.332,0.000
trio-core,5,8,pack,300,200,0.000,0.000,1.000,—,—,3.00,1.000,0.331,0.000
trio-core,5,8,boss,180,200,0.000,0.000,1.000,—,—,3.00,1.000,0.331,0.000
trio-core,5,8,boss,300,200,0.000,0.000,1.000,—,—,3.00,1.000,0.331,0.000
trio-core,10,1,solo,180,200,1.000,0.000,0.000,1.000,0.0,0.00,0.000,—,1.560
trio-core,10,1,solo,300,200,1.000,0.000,0.000,1.000,0.0,0.00,0.000,—,1.560
trio-core,10,1,pack,180,200,1.000,0.000,0.000,0.944,4.1,0.00,0.056,1.000,1.531
trio-core,10,1,pack,300,200,1.000,0.000,0.000,0.942,4.2,0.00,0.058,1.000,1.530
trio-core,10,1,boss,180,200,1.000,0.000,0.000,0.918,8.8,0.00,0.082,1.000,1.517
trio-core,10,1,boss,300,200,1.000,0.000,0.000,0.917,8.9,0.00,0.083,1.000,1.517
trio-core,10,2,solo,180,200,1.000,0.000,0.000,0.972,1.4,0.00,0.028,1.000,1.545
trio-core,10,2,solo,300,200,1.000,0.000,0.000,0.972,1.4,0.00,0.028,1.000,1.545
trio-core,10,2,pack,180,200,1.000,0.000,0.000,0.969,10.9,0.00,0.031,1.000,1.544
trio-core,10,2,pack,300,200,1.000,0.000,0.000,0.967,11.1,0.00,0.033,1.000,1.543
trio-core,10,2,boss,180,200,1.000,0.000,0.000,0.968,21.8,0.00,0.032,1.000,1.543
trio-core,10,2,boss,300,200,1.000,0.000,0.000,0.971,21.8,0.00,0.029,1.000,1.545
trio-core,10,3,solo,180,200,1.000,0.000,0.000,0.932,4.9,0.00,0.068,1.000,1.525
trio-core,10,3,solo,300,200,1.000,0.000,0.000,0.932,4.9,0.00,0.068,1.000,1.525
trio-core,10,3,pack,180,200,1.000,0.000,0.000,0.942,21.9,0.04,0.058,0.993,1.530
trio-core,10,3,pack,300,200,1.000,0.000,0.000,0.952,21.9,0.03,0.048,0.994,1.535
trio-core,10,3,boss,180,200,1.000,0.000,0.000,0.932,43.4,0.00,0.068,1.000,1.525
trio-core,10,3,boss,300,200,1.000,0.000,0.000,0.926,43.2,0.00,0.074,1.000,1.522
trio-core,10,4,solo,180,200,1.000,0.000,0.000,0.916,12.7,0.00,0.084,1.000,1.516
trio-core,10,4,solo,300,200,1.000,0.000,0.000,0.907,12.6,0.00,0.093,1.000,1.512
trio-core,10,4,pack,180,200,0.000,0.000,1.000,—,—,3.00,1.000,0.433,0.000
trio-core,10,4,pack,300,200,0.000,0.000,1.000,—,—,3.00,1.000,0.427,0.000
trio-core,10,4,boss,180,200,0.000,0.000,1.000,—,—,3.00,1.000,0.404,0.000
trio-core,10,4,boss,300,200,0.000,0.000,1.000,—,—,3.00,1.000,0.400,0.000
trio-core,10,5,solo,180,200,0.035,0.000,0.965,0.499,26.9,2.92,0.983,0.547,0.045
trio-core,10,5,solo,300,200,0.030,0.000,0.970,0.627,29.4,2.92,0.981,0.542,0.041
trio-core,10,5,pack,180,200,0.000,0.000,1.000,—,—,3.00,1.000,0.463,0.000
trio-core,10,5,pack,300,200,0.000,0.000,1.000,—,—,3.00,1.000,0.456,0.000
trio-core,10,5,boss,180,200,0.000,0.000,1.000,—,—,3.00,1.000,0.427,0.000
trio-core,10,5,boss,300,200,0.000,0.000,1.000,—,—,3.00,1.000,0.425,0.000
trio-core,10,6,solo,180,200,0.000,0.000,1.000,—,—,3.00,1.000,0.499,0.000
trio-core,10,6,solo,300,200,0.000,0.000,1.000,—,—,3.00,1.000,0.501,0.000
trio-core,10,6,pack,180,200,0.000,0.000,1.000,—,—,3.00,1.000,0.502,0.000
trio-core,10,6,pack,300,200,0.000,0.000,1.000,—,—,3.00,1.000,0.497,0.000
trio-core,10,6,boss,180,200,0.000,0.000,1.000,—,—,3.00,1.000,0.336,0.000
trio-core,10,6,boss,300,200,0.000,0.000,1.000,—,—,3.00,1.000,0.323,0.000
trio-core,10,7,solo,180,200,0.000,0.000,1.000,—,—,3.00,1.000,0.352,0.000
trio-core,10,7,solo,300,200,0.000,0.000,1.000,—,—,3.00,1.000,0.360,0.000
trio-core,10,7,pack,180,200,0.000,0.000,1.000,—,—,3.00,1.000,0.351,0.000
trio-core,10,7,pack,300,200,0.000,0.000,1.000,—,—,3.00,1.000,0.357,0.000
trio-core,10,7,boss,180,200,0.000,0.000,1.000,—,—,3.00,1.000,0.328,0.000
trio-core,10,7,boss,300,200,0.000,0.000,1.000,—,—,3.00,1.000,0.332,0.000
trio-core,10,8,solo,180,200,0.000,0.000,1.000,—,—,3.00,1.000,0.326,0.000
trio-core,10,8,solo,300,200,0.000,0.000,1.000,—,—,3.00,1.000,0.336,0.000
trio-core,10,8,pack,180,200,0.000,0.000,1.000,—,—,3.00,1.000,0.333,0.000
trio-core,10,8,pack,300,200,0.000,0.000,1.000,—,—,3.00,1.000,0.331,0.000
trio-core,10,8,boss,180,200,0.000,0.000,1.000,—,—,3.00,1.000,0.332,0.000
trio-core,10,8,boss,300,200,0.000,0.000,1.000,—,—,3.00,1.000,0.338,0.000
trio-core,20,1,solo,180,200,1.000,0.000,0.000,1.000,0.0,0.00,0.000,—,1.620
trio-core,20,1,solo,300,200,1.000,0.000,0.000,1.000,0.0,0.00,0.000,—,1.620
trio-core,20,1,pack,180,200,1.000,0.000,0.000,0.974,3.4,0.00,0.026,1.000,1.606
trio-core,20,1,pack,300,200,1.000,0.000,0.000,0.974,3.4,0.00,0.026,1.000,1.606
trio-core,20,1,boss,180,200,1.000,0.000,0.000,0.969,4.7,0.00,0.031,1.000,1.603
trio-core,20,1,boss,300,200,1.000,0.000,0.000,0.969,4.8,0.00,0.031,1.000,1.603
trio-core,20,2,solo,180,200,1.000,0.000,0.000,1.000,0.0,0.00,0.000,—,1.620
trio-core,20,2,solo,300,200,1.000,0.000,0.000,1.000,0.0,0.00,0.000,—,1.620
trio-core,20,2,pack,180,200,1.000,0.000,0.000,0.943,4.5,0.00,0.057,1.000,1.589
trio-core,20,2,pack,300,200,1.000,0.000,0.000,0.943,4.5,0.00,0.057,1.000,1.589
trio-core,20,2,boss,180,200,1.000,0.000,0.000,0.916,8.4,0.00,0.084,1.000,1.575
trio-core,20,2,boss,300,200,1.000,0.000,0.000,0.916,8.4,0.00,0.084,1.000,1.575
trio-core,20,3,solo,180,200,1.000,0.000,0.000,0.968,1.5,0.00,0.032,1.000,1.603
trio-core,20,3,solo,300,200,1.000,0.000,0.000,0.968,1.5,0.00,0.032,1.000,1.603
trio-core,20,3,pack,180,200,1.000,0.000,0.000,0.970,10.5,0.00,0.030,1.000,1.604
trio-core,20,3,pack,300,200,1.000,0.000,0.000,0.971,10.3,0.00,0.029,1.000,1.604
trio-core,20,3,boss,180,200,1.000,0.000,0.000,0.976,20.1,0.00,0.024,1.000,1.607
trio-core,20,3,boss,300,200,1.000,0.000,0.000,0.972,20.3,0.00,0.028,1.000,1.605
trio-core,20,4,solo,180,200,1.000,0.000,0.000,0.923,5.0,0.00,0.077,1.000,1.579
trio-core,20,4,solo,300,200,1.000,0.000,0.000,0.922,4.9,0.00,0.078,1.000,1.578
trio-core,20,4,pack,180,200,1.000,0.000,0.000,0.954,21.6,0.01,0.046,0.998,1.595
trio-core,20,4,pack,300,200,1.000,0.000,0.000,0.953,21.7,0.01,0.047,0.998,1.595
trio-core,20,4,boss,180,200,1.000,0.000,0.000,0.944,43.1,0.00,0.056,1.000,1.590
trio-core,20,4,boss,300,200,1.000,0.000,0.000,0.942,42.7,0.00,0.058,1.000,1.589
trio-core,20,5,solo,180,200,1.000,0.000,0.000,0.961,13.5,0.00,0.039,1.000,1.599
trio-core,20,5,solo,300,200,1.000,0.000,0.000,0.967,13.4,0.00,0.033,1.000,1.602
trio-core,20,5,pack,180,200,0.000,0.000,1.000,—,—,3.00,1.000,0.470,0.000
trio-core,20,5,pack,300,200,0.000,0.000,1.000,—,—,3.00,1.000,0.476,0.000
trio-core,20,5,boss,180,200,0.000,0.000,1.000,—,—,3.00,1.000,0.502,0.000
trio-core,20,5,boss,300,200,0.000,0.000,1.000,—,—,3.00,1.000,0.502,0.000
trio-core,20,6,solo,180,200,0.045,0.000,0.955,0.595,34.4,2.90,0.973,0.674,0.063
trio-core,20,6,solo,300,200,0.050,0.000,0.950,0.531,29.6,2.90,0.973,0.666,0.068
trio-core,20,6,pack,180,200,0.000,0.000,1.000,—,—,3.00,1.000,0.542,0.000
trio-core,20,6,pack,300,200,0.000,0.000,1.000,—,—,3.00,1.000,0.542,0.000
trio-core,20,6,boss,180,200,0.000,0.000,1.000,—,—,3.00,1.000,0.459,0.000
trio-core,20,6,boss,300,200,0.000,0.000,1.000,—,—,3.00,1.000,0.450,0.000
trio-core,20,7,solo,180,200,0.000,0.000,1.000,—,—,3.00,1.000,0.499,0.000
trio-core,20,7,solo,300,200,0.000,0.000,1.000,—,—,3.00,1.000,0.504,0.000
trio-core,20,7,pack,180,200,0.000,0.000,1.000,—,—,3.00,1.000,0.503,0.000
trio-core,20,7,pack,300,200,0.000,0.000,1.000,—,—,3.00,1.000,0.502,0.000
trio-core,20,7,boss,180,200,0.000,0.000,1.000,—,—,3.00,1.000,0.382,0.000
trio-core,20,7,boss,300,200,0.000,0.000,1.000,—,—,3.00,1.000,0.387,0.000
trio-core,20,8,solo,180,200,0.000,0.000,1.000,—,—,3.00,1.000,0.381,0.000
trio-core,20,8,solo,300,200,0.000,0.000,1.000,—,—,3.00,1.000,0.376,0.000
trio-core,20,8,pack,180,200,0.000,0.000,1.000,—,—,3.00,1.000,0.369,0.000
trio-core,20,8,pack,300,200,0.000,0.000,1.000,—,—,3.00,1.000,0.361,0.000
trio-core,20,8,boss,180,200,0.000,0.000,1.000,—,—,3.00,1.000,0.357,0.000
trio-core,20,8,boss,300,200,0.000,0.000,1.000,—,—,3.00,1.000,0.351,0.000
trio-core,35,1,solo,180,200,1.000,0.000,0.000,1.000,0.0,0.00,0.000,—,1.710
trio-core,35,1,solo,300,200,1.000,0.000,0.000,1.000,0.0,0.00,0.000,—,1.710
trio-core,35,1,pack,180,200,1.000,0.000,0.000,1.000,0.0,0.00,0.000,—,1.710
trio-core,35,1,pack,300,200,1.000,0.000,0.000,1.000,0.0,0.00,0.000,—,1.710
trio-core,35,1,boss,180,200,1.000,0.000,0.000,0.987,2.9,0.00,0.013,1.000,1.703
trio-core,35,1,boss,300,200,1.000,0.000,0.000,0.987,2.9,0.00,0.013,1.000,1.703
trio-core,35,2,solo,180,200,1.000,0.000,0.000,1.000,0.0,0.00,0.000,—,1.710
trio-core,35,2,solo,300,200,1.000,0.000,0.000,1.000,0.0,0.00,0.000,—,1.710
trio-core,35,2,pack,180,200,1.000,0.000,0.000,0.972,3.2,0.00,0.028,1.000,1.694
trio-core,35,2,pack,300,200,1.000,0.000,0.000,0.971,3.2,0.00,0.029,1.000,1.694
trio-core,35,2,boss,180,200,1.000,0.000,0.000,0.971,4.8,0.00,0.029,1.000,1.693
trio-core,35,2,boss,300,200,1.000,0.000,0.000,0.970,4.9,0.00,0.030,1.000,1.693
trio-core,35,3,solo,180,200,1.000,0.000,0.000,1.000,0.0,0.00,0.000,—,1.710
trio-core,35,3,solo,300,200,1.000,0.000,0.000,1.000,0.0,0.00,0.000,—,1.710
trio-core,35,3,pack,180,200,1.000,0.000,0.000,0.938,4.9,0.00,0.062,1.000,1.675
trio-core,35,3,pack,300,200,1.000,0.000,0.000,0.938,4.9,0.00,0.062,1.000,1.675
trio-core,35,3,boss,180,200,1.000,0.000,0.000,0.902,9.4,0.00,0.098,1.000,1.654
trio-core,35,3,boss,300,200,1.000,0.000,0.000,0.901,9.3,0.00,0.099,1.000,1.653
trio-core,35,4,solo,180,200,1.000,0.000,0.000,0.966,2.1,0.00,0.034,1.000,1.691
trio-core,35,4,solo,300,200,1.000,0.000,0.000,0.965,2.1,0.00,0.035,1.000,1.690
trio-core,35,4,pack,180,200,1.000,0.000,0.000,0.973,11.2,0.00,0.027,1.000,1.695
trio-core,35,4,pack,300,200,1.000,0.000,0.000,0.969,11.0,0.00,0.031,1.000,1.692
trio-core,35,4,boss,180,200,1.000,0.000,0.000,0.965,21.2,0.00,0.035,1.000,1.690
trio-core,35,4,boss,300,200,1.000,0.000,0.000,0.963,21.4,0.00,0.037,1.000,1.689
trio-core,35,5,solo,180,200,1.000,0.000,0.000,0.918,5.8,0.00,0.082,1.000,1.663
trio-core,35,5,solo,300,200,1.000,0.000,0.000,0.921,5.7,0.00,0.079,1.000,1.665
trio-core,35,5,pack,180,200,0.995,0.005,0.000,0.953,24.5,0.01,0.051,0.983,1.675
trio-core,35,5,pack,300,200,0.995,0.005,0.000,0.949,24.2,0.01,0.055,0.971,1.672
trio-core,35,5,boss,180,200,1.000,0.000,0.000,0.935,47.8,0.00,0.065,1.000,1.673
trio-core,35,5,boss,300,200,1.000,0.000,0.000,0.937,47.5,0.00,0.063,1.000,1.674
trio-core,35,6,solo,180,200,1.000,0.000,0.000,0.952,16.9,0.00,0.048,1.000,1.682
trio-core,35,6,solo,300,200,1.000,0.000,0.000,0.949,16.9,0.00,0.051,1.000,1.681
trio-core,35,6,pack,180,200,0.000,0.000,1.000,—,—,3.00,1.000,0.509,0.000
trio-core,35,6,pack,300,200,0.000,0.000,1.000,—,—,3.00,1.000,0.508,0.000
trio-core,35,6,boss,180,200,0.000,0.000,1.000,—,—,3.00,1.000,0.543,0.000
trio-core,35,6,boss,300,200,0.000,0.000,1.000,—,—,3.00,1.000,0.541,0.000
trio-core,35,7,solo,180,200,0.090,0.000,0.910,0.687,45.1,2.77,0.938,0.773,0.138
trio-core,35,7,solo,300,200,0.125,0.000,0.875,0.677,44.7,2.67,0.915,0.776,0.191
trio-core,35,7,pack,180,200,0.000,0.000,1.000,—,—,3.00,1.000,0.587,0.000
trio-core,35,7,pack,300,200,0.000,0.000,1.000,—,—,3.00,1.000,0.582,0.000
trio-core,35,7,boss,180,200,0.000,0.000,1.000,—,—,3.00,1.000,0.470,0.000
trio-core,35,7,boss,300,200,0.000,0.000,1.000,—,—,3.00,1.000,0.474,0.000
trio-core,35,8,solo,180,200,0.000,0.000,1.000,—,—,3.00,1.000,0.511,0.000
trio-core,35,8,solo,300,200,0.000,0.000,1.000,—,—,3.00,1.000,0.501,0.000
trio-core,35,8,pack,180,200,0.000,0.000,1.000,—,—,3.00,1.000,0.498,0.000
trio-core,35,8,pack,300,200,0.000,0.000,1.000,—,—,3.00,1.000,0.502,0.000
trio-core,35,8,boss,180,200,0.000,0.000,1.000,—,—,3.00,1.000,0.468,0.000
trio-core,35,8,boss,300,200,0.000,0.000,1.000,—,—,3.00,1.000,0.463,0.000
trio-core,50,1,solo,180,200,1.000,0.000,0.000,1.000,0.0,0.00,0.000,—,1.800
trio-core,50,1,solo,300,200,1.000,0.000,0.000,1.000,0.0,0.00,0.000,—,1.800
trio-core,50,1,pack,180,200,1.000,0.000,0.000,1.000,0.0,0.00,0.000,—,1.800
trio-core,50,1,pack,300,200,1.000,0.000,0.000,1.000,0.0,0.00,0.000,—,1.800
trio-core,50,1,boss,180,200,1.000,0.000,0.000,0.995,1.8,0.00,0.005,1.000,1.797
trio-core,50,1,boss,300,200,1.000,0.000,0.000,0.995,1.8,0.00,0.005,1.000,1.797
trio-core,50,2,solo,180,200,1.000,0.000,0.000,1.000,0.0,0.00,0.000,—,1.800
trio-core,50,2,solo,300,200,1.000,0.000,0.000,1.000,0.0,0.00,0.000,—,1.800
trio-core,50,2,pack,180,200,1.000,0.000,0.000,0.994,1.0,0.00,0.006,1.000,1.797
trio-core,50,2,pack,300,200,1.000,0.000,0.000,0.994,1.1,0.00,0.006,1.000,1.796
trio-core,50,2,boss,180,200,1.000,0.000,0.000,0.983,3.5,0.00,0.017,1.000,1.790
trio-core,50,2,boss,300,200,1.000,0.000,0.000,0.983,3.5,0.00,0.017,1.000,1.790
trio-core,50,3,solo,180,200,1.000,0.000,0.000,1.000,0.0,0.00,0.000,—,1.800
trio-core,50,3,solo,300,200,1.000,0.000,0.000,1.000,0.0,0.00,0.000,—,1.800
trio-core,50,3,pack,180,200,1.000,0.000,0.000,0.967,3.0,0.00,0.033,1.000,1.780
trio-core,50,3,pack,300,200,1.000,0.000,0.000,0.969,3.0,0.00,0.031,1.000,1.781
trio-core,50,3,boss,180,200,1.000,0.000,0.000,0.964,5.8,0.00,0.036,1.000,1.779
trio-core,50,3,boss,300,200,1.000,0.000,0.000,0.963,5.8,0.00,0.037,1.000,1.778
trio-core,50,4,solo,180,200,1.000,0.000,0.000,0.985,0.8,0.00,0.015,1.000,1.791
trio-core,50,4,solo,300,200,1.000,0.000,0.000,0.985,0.8,0.00,0.015,1.000,1.791
trio-core,50,4,pack,180,200,1.000,0.000,0.000,0.894,6.3,0.00,0.106,1.000,1.737
trio-core,50,4,pack,300,200,1.000,0.000,0.000,0.899,6.2,0.00,0.101,1.000,1.740
trio-core,50,4,boss,180,200,1.000,0.000,0.000,0.965,13.7,0.00,0.035,1.000,1.779
trio-core,50,4,boss,300,200,1.000,0.000,0.000,0.952,13.6,0.00,0.048,1.000,1.771
trio-core,50,5,solo,180,200,1.000,0.000,0.000,0.932,3.6,0.00,0.068,1.000,1.759
trio-core,50,5,solo,300,200,1.000,0.000,0.000,0.931,3.6,0.00,0.069,1.000,1.759
trio-core,50,5,pack,180,200,1.000,0.000,0.000,0.991,15.5,0.00,0.009,1.000,1.795
trio-core,50,5,pack,300,200,1.000,0.000,0.000,0.991,15.5,0.00,0.009,1.000,1.795
trio-core,50,5,boss,180,200,1.000,0.000,0.000,0.966,30.3,0.00,0.034,1.000,1.780
trio-core,50,5,boss,300,200,1.000,0.000,0.000,0.961,29.9,0.00,0.039,1.000,1.777
trio-core,50,6,solo,180,200,1.000,0.000,0.000,0.931,9.7,0.00,0.069,1.000,1.759
trio-core,50,6,solo,300,200,1.000,0.000,0.000,0.937,9.7,0.00,0.063,1.000,1.762
trio-core,50,6,pack,180,200,0.590,0.000,0.410,0.944,35.7,1.23,0.443,0.901,1.042
trio-core,50,6,pack,300,200,0.550,0.000,0.450,0.945,35.8,1.35,0.480,0.890,0.972
trio-core,50,6,boss,180,200,0.920,0.000,0.080,0.955,70.0,0.24,0.122,0.990,1.631
trio-core,50,6,boss,300,200,0.935,0.000,0.065,0.943,70.4,0.20,0.118,0.990,1.651
trio-core,50,7,solo,180,200,1.000,0.000,0.000,0.910,28.5,0.00,0.090,1.000,1.746
trio-core,50,7,solo,300,200,1.000,0.000,0.000,0.915,28.4,0.00,0.085,1.000,1.749
trio-core,50,7,pack,180,200,0.000,0.000,1.000,—,—,3.00,1.000,0.594,0.000
trio-core,50,7,pack,300,200,0.000,0.000,1.000,—,—,3.00,1.000,0.601,0.000
trio-core,50,7,boss,180,200,0.000,0.000,1.000,—,—,3.00,1.000,0.562,0.000
trio-core,50,7,boss,300,200,0.000,0.000,1.000,—,—,3.00,1.000,0.562,0.000
trio-core,50,8,solo,180,200,0.000,0.000,1.000,—,—,3.00,1.000,0.650,0.000
trio-core,50,8,solo,300,200,0.005,0.000,0.995,0.324,73.5,3.00,0.998,0.667,0.007
trio-core,50,8,pack,180,200,0.000,0.000,1.000,—,—,3.00,1.000,0.574,0.000
trio-core,50,8,pack,300,200,0.000,0.000,1.000,—,—,3.00,1.000,0.576,0.000
trio-core,50,8,boss,180,200,0.000,0.000,1.000,—,—,3.00,1.000,0.579,0.000
trio-core,50,8,boss,300,200,0.000,0.000,1.000,—,—,3.00,1.000,0.576,0.000
trio-double-dps,1,1,solo,180,200,1.000,0.000,0.000,0.959,2.8,0.00,0.041,1.000,1.485
trio-double-dps,1,1,solo,300,200,1.000,0.000,0.000,0.960,2.8,0.00,0.040,1.000,1.486
trio-double-dps,1,1,pack,180,200,1.000,0.000,0.000,0.711,12.8,0.00,0.289,1.000,1.361
trio-double-dps,1,1,pack,300,200,1.000,0.000,0.000,0.719,12.5,0.00,0.281,1.000,1.365
trio-double-dps,1,1,boss,180,200,1.000,0.000,0.000,0.495,25.2,0.74,0.505,0.917,1.253
trio-double-dps,1,1,boss,300,200,1.000,0.000,0.000,0.496,25.5,0.73,0.504,0.922,1.253
trio-double-dps,1,2,solo,180,200,1.000,0.000,0.000,0.852,6.4,0.00,0.148,1.000,1.432
trio-double-dps,1,2,solo,300,200,1.000,0.000,0.000,0.857,6.3,0.00,0.143,1.000,1.434
trio-double-dps,1,2,pack,180,200,0.000,0.000,1.000,—,—,3.00,1.000,0.454,0.000
trio-double-dps,1,2,pack,300,200,0.005,0.000,0.995,0.052,30.0,3.00,1.000,0.455,0.005
trio-double-dps,1,2,boss,180,200,0.000,0.000,1.000,—,—,3.00,1.000,0.504,0.000
trio-double-dps,1,2,boss,300,200,0.000,0.000,1.000,—,—,3.00,1.000,0.508,0.000
trio-double-dps,1,3,solo,180,200,0.995,0.000,0.005,0.382,15.3,1.21,0.620,0.777,1.190
trio-double-dps,1,3,solo,300,200,0.995,0.000,0.005,0.377,15.4,1.23,0.625,0.765,1.187
trio-double-dps,1,3,pack,180,200,0.000,0.000,1.000,—,—,3.00,1.000,0.486,0.000
trio-double-dps,1,3,pack,300,200,0.000,0.000,1.000,—,—,3.00,1.000,0.486,0.000
trio-double-dps,1,3,boss,180,200,0.000,0.000,1.000,—,—,3.00,1.000,0.456,0.000
trio-double-dps,1,3,boss,300,200,0.000,0.000,1.000,—,—,3.00,1.000,0.458,0.000
trio-double-dps,1,4,solo,180,200,0.000,0.000,1.000,—,—,3.00,1.000,0.419,0.000
trio-double-dps,1,4,solo,300,200,0.000,0.000,1.000,—,—,3.00,1.000,0.426,0.000
trio-double-dps,1,4,pack,180,200,0.000,0.000,1.000,—,—,3.00,1.000,0.397,0.000
trio-double-dps,1,4,pack,300,200,0.000,0.000,1.000,—,—,3.00,1.000,0.399,0.000
trio-double-dps,1,4,boss,180,200,0.000,0.000,1.000,—,—,3.00,1.000,0.342,0.000
trio-double-dps,1,4,boss,300,200,0.000,0.000,1.000,—,—,3.00,1.000,0.351,0.000
trio-double-dps,1,5,solo,180,200,0.000,0.000,1.000,—,—,3.00,1.000,0.437,0.000
trio-double-dps,1,5,solo,300,200,0.000,0.000,1.000,—,—,3.00,1.000,0.448,0.000
trio-double-dps,1,5,pack,180,200,0.000,0.000,1.000,—,—,3.00,1.000,0.439,0.000
trio-double-dps,1,5,pack,300,200,0.000,0.000,1.000,—,—,3.00,1.000,0.448,0.000
trio-double-dps,1,5,boss,180,200,0.000,0.000,1.000,—,—,3.00,1.000,0.342,0.000
trio-double-dps,1,5,boss,300,200,0.000,0.000,1.000,—,—,3.00,1.000,0.331,0.000
trio-double-dps,1,6,solo,180,200,0.000,0.000,1.000,—,—,3.00,1.000,0.341,0.000
trio-double-dps,1,6,solo,300,200,0.000,0.000,1.000,—,—,3.00,1.000,0.331,0.000
trio-double-dps,1,6,pack,180,200,0.000,0.000,1.000,—,—,3.00,1.000,0.336,0.000
trio-double-dps,1,6,pack,300,200,0.000,0.000,1.000,—,—,3.00,1.000,0.342,0.000
trio-double-dps,1,6,boss,180,200,0.000,0.000,1.000,—,—,3.00,1.000,0.326,0.000
trio-double-dps,1,6,boss,300,200,0.000,0.000,1.000,—,—,3.00,1.000,0.329,0.000
trio-double-dps,1,7,solo,180,200,0.000,0.000,1.000,—,—,3.00,1.000,0.335,0.000
trio-double-dps,1,7,solo,300,200,0.000,0.000,1.000,—,—,3.00,1.000,0.326,0.000
trio-double-dps,1,7,pack,180,200,0.000,0.000,1.000,—,—,3.00,1.000,0.327,0.000
trio-double-dps,1,7,pack,300,200,0.000,0.000,1.000,—,—,3.00,1.000,0.327,0.000
trio-double-dps,1,7,boss,180,200,0.000,0.000,1.000,—,—,3.00,1.000,0.326,0.000
trio-double-dps,1,7,boss,300,200,0.000,0.000,1.000,—,—,3.00,1.000,0.329,0.000
trio-double-dps,1,8,solo,180,200,0.000,0.000,1.000,—,—,3.00,1.000,0.329,0.000
trio-double-dps,1,8,solo,300,200,0.000,0.000,1.000,—,—,3.00,1.000,0.328,0.000
trio-double-dps,1,8,pack,180,200,0.000,0.000,1.000,—,—,3.00,1.000,0.327,0.000
trio-double-dps,1,8,pack,300,200,0.000,0.000,1.000,—,—,3.00,1.000,0.325,0.000
trio-double-dps,1,8,boss,180,200,0.000,0.000,1.000,—,—,3.00,1.000,0.335,0.000
trio-double-dps,1,8,boss,300,200,0.000,0.000,1.000,—,—,3.00,1.000,0.327,0.000
trio-double-dps,5,1,solo,180,200,1.000,0.000,0.000,1.000,0.0,0.00,0.000,—,1.530
trio-double-dps,5,1,solo,300,200,1.000,0.000,0.000,1.000,0.0,0.00,0.000,—,1.530
trio-double-dps,5,1,pack,180,200,1.000,0.000,0.000,0.880,6.2,0.00,0.120,1.000,1.469
trio-double-dps,5,1,pack,300,200,1.000,0.000,0.000,0.880,6.2,0.00,0.120,1.000,1.469
trio-double-dps,5,1,boss,180,200,1.000,0.000,0.000,0.818,12.3,0.00,0.182,1.000,1.437
trio-double-dps,5,1,boss,300,200,1.000,0.000,0.000,0.820,12.2,0.00,0.180,1.000,1.438
trio-double-dps,5,2,solo,180,200,1.000,0.000,0.000,0.945,2.3,0.00,0.055,1.000,1.502
trio-double-dps,5,2,solo,300,200,1.000,0.000,0.000,0.942,2.4,0.00,0.058,1.000,1.500
trio-double-dps,5,2,pack,180,200,1.000,0.000,0.000,0.594,11.6,0.09,0.406,0.999,1.323
trio-double-dps,5,2,pack,300,200,1.000,0.000,0.000,0.588,11.8,0.11,0.412,0.996,1.320
trio-double-dps,5,2,boss,180,200,1.000,0.000,0.000,0.359,23.5,1.19,0.641,0.788,1.203
trio-double-dps,5,2,boss,300,200,0.990,0.000,0.010,0.377,23.1,1.16,0.626,0.801,1.200
trio-double-dps,5,3,solo,180,200,1.000,0.000,0.000,0.747,6.3,0.00,0.253,1.000,1.401
trio-double-dps,5,3,solo,300,200,1.000,0.000,0.000,0.752,6.3,0.00,0.248,1.000,1.404
trio-double-dps,5,3,pack,180,200,0.000,0.000,1.000,—,—,3.00,1.000,0.462,0.000
trio-double-dps,5,3,pack,300,200,0.000,0.000,1.000,—,—,3.00,1.000,0.466,0.000
trio-double-dps,5,3,boss,180,200,0.000,0.000,1.000,—,—,3.00,1.000,0.534,0.000
trio-double-dps,5,3,boss,300,200,0.000,0.000,1.000,—,—,3.00,1.000,0.535,0.000
trio-double-dps,5,4,solo,180,200,0.735,0.000,0.265,0.208,15.1,2.02,0.847,0.544,0.828
trio-double-dps,5,4,solo,300,200,0.705,0.000,0.295,0.225,15.2,2.00,0.841,0.549,0.800
trio-double-dps,5,4,pack,180,200,0.000,0.000,1.000,—,—,3.00,1.000,0.442,0.000
trio-double-dps,5,4,pack,300,200,0.000,0.000,1.000,—,—,3.00,1.000,0.441,0.000
trio-double-dps,5,4,boss,180,200,0.000,0.000,1.000,—,—,3.00,1.000,0.494,0.000
trio-double-dps,5,4,boss,300,200,0.000,0.000,1.000,—,—,3.00,1.000,0.479,0.000
trio-double-dps,5,5,solo,180,200,0.000,0.000,1.000,—,—,3.00,1.000,0.500,0.000
trio-double-dps,5,5,solo,300,200,0.000,0.000,1.000,—,—,3.00,1.000,0.499,0.000
trio-double-dps,5,5,pack,180,200,0.000,0.000,1.000,—,—,3.00,1.000,0.499,0.000
trio-double-dps,5,5,pack,300,200,0.000,0.000,1.000,—,—,3.00,1.000,0.503,0.000
trio-double-dps,5,5,boss,180,200,0.000,0.000,1.000,—,—,3.00,1.000,0.330,0.000
trio-double-dps,5,5,boss,300,200,0.000,0.000,1.000,—,—,3.00,1.000,0.322,0.000
trio-double-dps,5,6,solo,180,200,0.000,0.000,1.000,—,—,3.00,1.000,0.350,0.000
trio-double-dps,5,6,solo,300,200,0.000,0.000,1.000,—,—,3.00,1.000,0.347,0.000
trio-double-dps,5,6,pack,180,200,0.000,0.000,1.000,—,—,3.00,1.000,0.354,0.000
trio-double-dps,5,6,pack,300,200,0.000,0.000,1.000,—,—,3.00,1.000,0.340,0.000
trio-double-dps,5,6,boss,180,200,0.000,0.000,1.000,—,—,3.00,1.000,0.346,0.000
trio-double-dps,5,6,boss,300,200,0.000,0.000,1.000,—,—,3.00,1.000,0.347,0.000
trio-double-dps,5,7,solo,180,200,0.000,0.000,1.000,—,—,3.00,1.000,0.325,0.000
trio-double-dps,5,7,solo,300,200,0.000,0.000,1.000,—,—,3.00,1.000,0.330,0.000
trio-double-dps,5,7,pack,180,200,0.000,0.000,1.000,—,—,3.00,1.000,0.323,0.000
trio-double-dps,5,7,pack,300,200,0.000,0.000,1.000,—,—,3.00,1.000,0.327,0.000
trio-double-dps,5,7,boss,180,200,0.000,0.000,1.000,—,—,3.00,1.000,0.332,0.000
trio-double-dps,5,7,boss,300,200,0.000,0.000,1.000,—,—,3.00,1.000,0.327,0.000
trio-double-dps,5,8,solo,180,200,0.000,0.000,1.000,—,—,3.00,1.000,0.330,0.000
trio-double-dps,5,8,solo,300,200,0.000,0.000,1.000,—,—,3.00,1.000,0.324,0.000
trio-double-dps,5,8,pack,180,200,0.000,0.000,1.000,—,—,3.00,1.000,0.329,0.000
trio-double-dps,5,8,pack,300,200,0.000,0.000,1.000,—,—,3.00,1.000,0.327,0.000
trio-double-dps,5,8,boss,180,200,0.000,0.000,1.000,—,—,3.00,1.000,0.328,0.000
trio-double-dps,5,8,boss,300,200,0.000,0.000,1.000,—,—,3.00,1.000,0.327,0.000
trio-double-dps,10,1,solo,180,200,1.000,0.000,0.000,1.000,0.0,0.00,0.000,—,1.560
trio-double-dps,10,1,solo,300,200,1.000,0.000,0.000,1.000,0.0,0.00,0.000,—,1.560
trio-double-dps,10,1,pack,180,200,1.000,0.000,0.000,0.942,3.3,0.00,0.058,1.000,1.530
trio-double-dps,10,1,pack,300,200,1.000,0.000,0.000,0.941,3.4,0.00,0.059,1.000,1.529
trio-double-dps,10,1,boss,180,200,1.000,0.000,0.000,0.935,6.2,0.00,0.065,1.000,1.526
trio-double-dps,10,1,boss,300,200,1.000,0.000,0.000,0.935,6.1,0.00,0.065,1.000,1.526
trio-double-dps,10,2,solo,180,200,1.000,0.000,0.000,0.979,1.0,0.00,0.021,1.000,1.549
trio-double-dps,10,2,solo,300,200,1.000,0.000,0.000,0.979,0.9,0.00,0.021,1.000,1.549
trio-double-dps,10,2,pack,180,200,1.000,0.000,0.000,0.824,6.3,0.00,0.176,1.000,1.469
trio-double-dps,10,2,pack,300,200,1.000,0.000,0.000,0.833,6.2,0.00,0.167,1.000,1.473
trio-double-dps,10,2,boss,180,200,1.000,0.000,0.000,0.746,12.8,0.00,0.254,1.000,1.428
trio-double-dps,10,2,boss,300,200,1.000,0.000,0.000,0.742,12.8,0.00,0.258,1.000,1.426
trio-double-dps,10,3,solo,180,200,1.000,0.000,0.000,0.874,3.2,0.00,0.126,1.000,1.494
trio-double-dps,10,3,solo,300,200,1.000,0.000,0.000,0.874,3.3,0.00,0.126,1.000,1.494
trio-double-dps,10,3,pack,180,200,1.000,0.000,0.000,0.385,12.9,1.04,0.615,0.813,1.240
trio-double-dps,10,3,pack,300,200,1.000,0.000,0.000,0.374,12.8,1.05,0.626,0.803,1.235
trio-double-dps,10,3,boss,180,200,0.260,0.000,0.740,0.129,26.0,2.65,0.966,0.570,0.288
trio-double-dps,10,3,boss,300,200,0.295,0.000,0.705,0.160,25.3,2.56,0.953,0.586,0.331
trio-double-dps,10,4,solo,180,200,1.000,0.000,0.000,0.667,7.3,0.00,0.333,1.000,1.387
trio-double-dps,10,4,solo,300,200,1.000,0.000,0.000,0.666,7.3,0.00,0.334,1.000,1.386
trio-double-dps,10,4,pack,180,200,0.000,0.000,1.000,—,—,3.00,1.000,0.515,0.000
trio-double-dps,10,4,pack,300,200,0.000,0.000,1.000,—,—,3.00,1.000,0.514,0.000
trio-double-dps,10,4,boss,180,200,0.000,0.000,1.000,—,—,3.00,1.000,0.508,0.000
trio-double-dps,10,4,boss,300,200,0.000,0.000,1.000,—,—,3.00,1.000,0.496,0.000
trio-double-dps,10,5,solo,180,200,0.030,0.000,0.970,0.057,17.0,2.96,0.998,0.532,0.032
trio-double-dps,10,5,solo,300,200,0.030,0.000,0.970,0.138,17.4,2.96,0.996,0.520,0.033
trio-double-dps,10,5,pack,180,200,0.000,0.000,1.000,—,—,3.00,1.000,0.522,0.000
trio-double-dps,10,5,pack,300,200,0.000,0.000,1.000,—,—,3.00,1.000,0.516,0.000
trio-double-dps,10,5,boss,180,200,0.000,0.000,1.000,—,—,3.00,1.000,0.387,0.000
trio-double-dps,10,5,boss,300,200,0.000,0.000,1.000,—,—,3.00,1.000,0.397,0.000
trio-double-dps,10,6,solo,180,200,0.000,0.000,1.000,—,—,3.00,1.000,0.496,0.000
trio-double-dps,10,6,solo,300,200,0.000,0.000,1.000,—,—,3.00,1.000,0.498,0.000
trio-double-dps,10,6,pack,180,200,0.000,0.000,1.000,—,—,3.00,1.000,0.501,0.000
trio-double-dps,10,6,pack,300,200,0.000,0.000,1.000,—,—,3.00,1.000,0.500,0.000
trio-double-dps,10,6,boss,180,200,0.000,0.000,1.000,—,—,3.00,1.000,0.362,0.000
trio-double-dps,10,6,boss,300,200,0.000,0.000,1.000,—,—,3.00,1.000,0.358,0.000
trio-double-dps,10,7,solo,180,200,0.000,0.000,1.000,—,—,3.00,1.000,0.351,0.000
trio-double-dps,10,7,solo,300,200,0.000,0.000,1.000,—,—,3.00,1.000,0.350,0.000
trio-double-dps,10,7,pack,180,200,0.000,0.000,1.000,—,—,3.00,1.000,0.353,0.000
trio-double-dps,10,7,pack,300,200,0.000,0.000,1.000,—,—,3.00,1.000,0.360,0.000
trio-double-dps,10,7,boss,180,200,0.000,0.000,1.000,—,—,3.00,1.000,0.329,0.000
trio-double-dps,10,7,boss,300,200,0.000,0.000,1.000,—,—,3.00,1.000,0.333,0.000
trio-double-dps,10,8,solo,180,200,0.000,0.000,1.000,—,—,3.00,1.000,0.327,0.000
trio-double-dps,10,8,solo,300,200,0.000,0.000,1.000,—,—,3.00,1.000,0.327,0.000
trio-double-dps,10,8,pack,180,200,0.000,0.000,1.000,—,—,3.00,1.000,0.327,0.000
trio-double-dps,10,8,pack,300,200,0.000,0.000,1.000,—,—,3.00,1.000,0.327,0.000
trio-double-dps,10,8,boss,180,200,0.000,0.000,1.000,—,—,3.00,1.000,0.329,0.000
trio-double-dps,10,8,boss,300,200,0.000,0.000,1.000,—,—,3.00,1.000,0.329,0.000
trio-double-dps,20,1,solo,180,200,1.000,0.000,0.000,1.000,0.0,0.00,0.000,—,1.620
trio-double-dps,20,1,solo,300,200,1.000,0.000,0.000,1.000,0.0,0.00,0.000,—,1.620
trio-double-dps,20,1,pack,180,200,1.000,0.000,0.000,0.986,1.7,0.00,0.014,1.000,1.612
trio-double-dps,20,1,pack,300,200,1.000,0.000,0.000,0.986,1.6,0.00,0.014,1.000,1.613
trio-double-dps,20,1,boss,180,200,1.000,0.000,0.000,0.980,3.0,0.00,0.020,1.000,1.609
trio-double-dps,20,1,boss,300,200,1.000,0.000,0.000,0.980,3.0,0.00,0.020,1.000,1.609
trio-double-dps,20,2,solo,180,200,1.000,0.000,0.000,1.000,0.0,0.00,0.000,—,1.620
trio-double-dps,20,2,solo,300,200,1.000,0.000,0.000,1.000,0.0,0.00,0.000,—,1.620
trio-double-dps,20,2,pack,180,200,1.000,0.000,0.000,0.959,2.8,0.00,0.041,1.000,1.598
trio-double-dps,20,2,pack,300,200,1.000,0.000,0.000,0.960,2.7,0.00,0.040,1.000,1.598
trio-double-dps,20,2,boss,180,200,1.000,0.000,0.000,0.941,5.5,0.00,0.059,1.000,1.588
trio-double-dps,20,2,boss,300,200,1.000,0.000,0.000,0.940,5.6,0.00,0.060,1.000,1.588
trio-double-dps,20,3,solo,180,200,1.000,0.000,0.000,0.968,1.2,0.00,0.032,1.000,1.603
trio-double-dps,20,3,solo,300,200,1.000,0.000,0.000,0.968,1.2,0.00,0.032,1.000,1.603
trio-double-dps,20,3,pack,180,200,1.000,0.000,0.000,0.840,5.8,0.00,0.160,1.000,1.534
trio-double-dps,20,3,pack,300,200,1.000,0.000,0.000,0.845,5.7,0.00,0.155,1.000,1.537
trio-double-dps,20,3,boss,180,200,1.000,0.000,0.000,0.757,11.3,0.00,0.243,1.000,1.489
trio-double-dps,20,3,boss,300,200,1.000,0.000,0.000,0.754,11.4,0.00,0.246,1.000,1.487
trio-double-dps,20,4,solo,180,200,1.000,0.000,0.000,0.917,3.1,0.00,0.083,1.000,1.575
trio-double-dps,20,4,solo,300,200,1.000,0.000,0.000,0.915,3.1,0.00,0.085,1.000,1.574
trio-double-dps,20,4,pack,180,200,1.000,0.000,0.000,0.447,12.1,0.76,0.553,0.914,1.321
trio-double-dps,20,4,pack,300,200,1.000,0.000,0.000,0.440,12.1,0.81,0.560,0.912,1.318
trio-double-dps,20,4,boss,180,200,0.310,0.000,0.690,0.216,23.1,2.57,0.933,0.637,0.371
trio-double-dps,20,4,boss,300,200,0.270,0.000,0.730,0.199,23.4,2.65,0.946,0.631,0.321
trio-double-dps,20,5,solo,180,200,1.000,0.000,0.000,0.661,7.4,0.01,0.339,1.000,1.437
trio-double-dps,20,5,solo,300,200,1.000,0.000,0.000,0.655,7.5,0.01,0.345,1.000,1.433
trio-double-dps,20,5,pack,180,200,0.000,0.000,1.000,—,—,3.00,1.000,0.527,0.000
trio-double-dps,20,5,pack,300,200,0.000,0.000,1.000,—,—,3.00,1.000,0.531,0.000
trio-double-dps,20,5,boss,180,200,0.000,0.000,1.000,—,—,3.00,1.000,0.566,0.000
trio-double-dps,20,5,boss,300,200,0.000,0.000,1.000,—,—,3.00,1.000,0.556,0.000
trio-double-dps,20,6,solo,180,200,0.000,0.000,1.000,—,—,3.00,1.000,0.582,0.000
trio-double-dps,20,6,solo,300,200,0.005,0.000,0.995,0.259,19.4,3.00,0.999,0.582,0.006
trio-double-dps,20,6,pack,180,200,0.000,0.000,1.000,—,—,3.00,1.000,0.585,0.000
trio-double-dps,20,6,pack,300,200,0.000,0.000,1.000,—,—,3.00,1.000,0.589,0.000
trio-double-dps,20,6,boss,180,200,0.000,0.000,1.000,—,—,3.00,1.000,0.443,0.000
trio-double-dps,20,6,boss,300,200,0.000,0.000,1.000,—,—,3.00,1.000,0.443,0.000
trio-double-dps,20,7,solo,180,200,0.000,0.000,1.000,—,—,3.00,1.000,0.493,0.000
trio-double-dps,20,7,solo,300,200,0.000,0.000,1.000,—,—,3.00,1.000,0.492,0.000
trio-double-dps,20,7,pack,180,200,0.000,0.000,1.000,—,—,3.00,1.000,0.499,0.000
trio-double-dps,20,7,pack,300,200,0.000,0.000,1.000,—,—,3.00,1.000,0.498,0.000
trio-double-dps,20,7,boss,180,200,0.000,0.000,1.000,—,—,3.00,1.000,0.376,0.000
trio-double-dps,20,7,boss,300,200,0.000,0.000,1.000,—,—,3.00,1.000,0.373,0.000
trio-double-dps,20,8,solo,180,200,0.000,0.000,1.000,—,—,3.00,1.000,0.359,0.000
trio-double-dps,20,8,solo,300,200,0.000,0.000,1.000,—,—,3.00,1.000,0.370,0.000
trio-double-dps,20,8,pack,180,200,0.000,0.000,1.000,—,—,3.00,1.000,0.366,0.000
trio-double-dps,20,8,pack,300,200,0.000,0.000,1.000,—,—,3.00,1.000,0.371,0.000
trio-double-dps,20,8,boss,180,200,0.000,0.000,1.000,—,—,3.00,1.000,0.327,0.000
trio-double-dps,20,8,boss,300,200,0.000,0.000,1.000,—,—,3.00,1.000,0.333,0.000
trio-double-dps,35,1,solo,180,200,1.000,0.000,0.000,1.000,0.0,0.00,0.000,—,1.710
trio-double-dps,35,1,solo,300,200,1.000,0.000,0.000,1.000,0.0,0.00,0.000,—,1.710
trio-double-dps,35,1,pack,180,200,1.000,0.000,0.000,1.000,0.0,0.00,0.000,—,1.710
trio-double-dps,35,1,pack,300,200,1.000,0.000,0.000,1.000,0.0,0.00,0.000,—,1.710
trio-double-dps,35,1,boss,180,200,1.000,0.000,0.000,0.991,1.4,0.00,0.009,1.000,1.705
trio-double-dps,35,1,boss,300,200,1.000,0.000,0.000,0.991,1.5,0.00,0.009,1.000,1.705
trio-double-dps,35,2,solo,180,200,1.000,0.000,0.000,1.000,0.0,0.00,0.000,—,1.710
trio-double-dps,35,2,solo,300,200,1.000,0.000,0.000,1.000,0.0,0.00,0.000,—,1.710
trio-double-dps,35,2,pack,180,200,1.000,0.000,0.000,0.982,1.7,0.00,0.018,1.000,1.700
trio-double-dps,35,2,pack,300,200,1.000,0.000,0.000,0.982,1.7,0.00,0.018,1.000,1.700
trio-double-dps,35,2,boss,180,200,1.000,0.000,0.000,0.976,2.8,0.00,0.024,1.000,1.696
trio-double-dps,35,2,boss,300,200,1.000,0.000,0.000,0.976,2.8,0.00,0.024,1.000,1.696
trio-double-dps,35,3,solo,180,200,1.000,0.000,0.000,1.000,0.0,0.00,0.000,—,1.710
trio-double-dps,35,3,solo,300,200,1.000,0.000,0.000,1.000,0.0,0.00,0.000,—,1.710
trio-double-dps,35,3,pack,180,200,1.000,0.000,0.000,0.948,3.0,0.00,0.052,1.000,1.680
trio-double-dps,35,3,pack,300,200,1.000,0.000,0.000,0.949,3.0,0.00,0.051,1.000,1.681
trio-double-dps,35,3,boss,180,200,1.000,0.000,0.000,0.940,5.6,0.00,0.060,1.000,1.676
trio-double-dps,35,3,boss,300,200,1.000,0.000,0.000,0.940,5.6,0.00,0.060,1.000,1.676
trio-double-dps,35,4,solo,180,200,1.000,0.000,0.000,0.966,1.2,0.00,0.034,1.000,1.691
trio-double-dps,35,4,solo,300,200,1.000,0.000,0.000,0.965,1.1,0.00,0.035,1.000,1.690
trio-double-dps,35,4,pack,180,200,1.000,0.000,0.000,0.826,5.9,0.00,0.174,1.000,1.611
trio-double-dps,35,4,pack,300,200,1.000,0.000,0.000,0.825,5.8,0.00,0.175,1.000,1.610
trio-double-dps,35,4,boss,180,200,1.000,0.000,0.000,0.763,11.4,0.00,0.237,1.000,1.575
trio-double-dps,35,4,boss,300,200,1.000,0.000,0.000,0.762,11.3,0.00,0.238,1.000,1.574
trio-double-dps,35,5,solo,180,200,1.000,0.000,0.000,0.878,3.5,0.00,0.122,1.000,1.641
trio-double-dps,35,5,solo,300,200,1.000,0.000,0.000,0.879,3.6,0.00,0.121,1.000,1.641
trio-double-dps,35,5,pack,180,200,0.860,0.000,0.140,0.342,13.1,1.41,0.706,0.807,1.148
trio-double-dps,35,5,pack,300,200,0.860,0.000,0.140,0.337,13.3,1.44,0.710,0.810,1.146
trio-double-dps,35,5,boss,180,200,0.095,0.000,0.905,0.172,24.7,2.88,0.984,0.639,0.118
trio-double-dps,35,5,boss,300,200,0.075,0.000,0.925,0.188,23.6,2.89,0.986,0.639,0.094
trio-double-dps,35,6,solo,180,200,1.000,0.000,0.000,0.584,9.3,0.29,0.416,1.000,1.473
trio-double-dps,35,6,solo,300,200,1.000,0.000,0.000,0.590,9.3,0.30,0.410,1.000,1.476
trio-double-dps,35,6,pack,180,200,0.000,0.000,1.000,—,—,3.00,1.000,0.555,0.000
trio-double-dps,35,6,pack,300,200,0.000,0.000,1.000,—,—,3.00,1.000,0.552,0.000
trio-double-dps,35,6,boss,180,200,0.000,0.000,1.000,—,—,3.00,1.000,0.577,0.000
trio-double-dps,35,6,boss,300,200,0.000,0.000,1.000,—,—,3.00,1.000,0.579,0.000
trio-double-dps,35,7,solo,180,200,0.000,0.000,1.000,—,—,3.00,1.000,0.582,0.000
trio-double-dps,35,7,solo,300,200,0.000,0.000,1.000,—,—,3.00,1.000,0.585,0.000
trio-double-dps,35,7,pack,180,200,0.000,0.000,1.000,—,—,3.00,1.000,0.575,0.000
trio-double-dps,35,7,pack,300,200,0.000,0.000,1.000,—,—,3.00,1.000,0.579,0.000
trio-double-dps,35,7,boss,180,200,0.000,0.000,1.000,—,—,3.00,1.000,0.564,0.000
trio-double-dps,35,7,boss,300,200,0.000,0.000,1.000,—,—,3.00,1.000,0.561,0.000
trio-double-dps,35,8,solo,180,200,0.000,0.000,1.000,—,—,3.00,1.000,0.502,0.000
trio-double-dps,35,8,solo,300,200,0.000,0.000,1.000,—,—,3.00,1.000,0.492,0.000
trio-double-dps,35,8,pack,180,200,0.000,0.000,1.000,—,—,3.00,1.000,0.495,0.000
trio-double-dps,35,8,pack,300,200,0.000,0.000,1.000,—,—,3.00,1.000,0.498,0.000
trio-double-dps,35,8,boss,180,200,0.000,0.000,1.000,—,—,3.00,1.000,0.394,0.000
trio-double-dps,35,8,boss,300,200,0.000,0.000,1.000,—,—,3.00,1.000,0.405,0.000
trio-double-dps,50,1,solo,180,200,1.000,0.000,0.000,1.000,0.0,0.00,0.000,—,1.800
trio-double-dps,50,1,solo,300,200,1.000,0.000,0.000,1.000,0.0,0.00,0.000,—,1.800
trio-double-dps,50,1,pack,180,200,1.000,0.000,0.000,1.000,0.0,0.00,0.000,—,1.800
trio-double-dps,50,1,pack,300,200,1.000,0.000,0.000,1.000,0.0,0.00,0.000,—,1.800
trio-double-dps,50,1,boss,180,200,1.000,0.000,0.000,0.995,1.0,0.00,0.005,1.000,1.797
trio-double-dps,50,1,boss,300,200,1.000,0.000,0.000,0.995,1.0,0.00,0.005,1.000,1.797
trio-double-dps,50,2,solo,180,200,1.000,0.000,0.000,1.000,0.0,0.00,0.000,—,1.800
trio-double-dps,50,2,solo,300,200,1.000,0.000,0.000,1.000,0.0,0.00,0.000,—,1.800
trio-double-dps,50,2,pack,180,200,1.000,0.000,0.000,0.997,0.4,0.00,0.003,1.000,1.798
trio-double-dps,50,2,pack,300,200,1.000,0.000,0.000,0.997,0.4,0.00,0.003,1.000,1.798
trio-double-dps,50,2,boss,180,200,1.000,0.000,0.000,0.990,1.9,0.00,0.010,1.000,1.794
trio-double-dps,50,2,boss,300,200,1.000,0.000,0.000,0.990,1.9,0.00,0.010,1.000,1.794
trio-double-dps,50,3,solo,180,200,1.000,0.000,0.000,1.000,0.0,0.00,0.000,—,1.800
trio-double-dps,50,3,solo,300,200,1.000,0.000,0.000,1.000,0.0,0.00,0.000,—,1.800
trio-double-dps,50,3,pack,180,200,1.000,0.000,0.000,0.979,1.7,0.00,0.021,1.000,1.787
trio-double-dps,50,3,pack,300,200,1.000,0.000,0.000,0.978,1.8,0.00,0.022,1.000,1.787
trio-double-dps,50,3,boss,180,200,1.000,0.000,0.000,0.965,3.3,0.00,0.035,1.000,1.779
trio-double-dps,50,3,boss,300,200,1.000,0.000,0.000,0.964,3.4,0.00,0.036,1.000,1.779
trio-double-dps,50,4,solo,180,200,1.000,0.000,0.000,0.992,0.4,0.00,0.008,1.000,1.795
trio-double-dps,50,4,solo,300,200,1.000,0.000,0.000,0.992,0.4,0.00,0.008,1.000,1.795
trio-double-dps,50,4,pack,180,200,1.000,0.000,0.000,0.929,3.6,0.00,0.071,1.000,1.757
trio-double-dps,50,4,pack,300,200,1.000,0.000,0.000,0.931,3.6,0.00,0.069,1.000,1.758
trio-double-dps,50,4,boss,180,200,1.000,0.000,0.000,0.895,7.1,0.00,0.105,1.000,1.737
trio-double-dps,50,4,boss,300,200,1.000,0.000,0.000,0.897,7.0,0.00,0.103,1.000,1.738
trio-double-dps,50,5,solo,180,200,1.000,0.000,0.000,0.961,2.0,0.00,0.039,1.000,1.776
trio-double-dps,50,5,solo,300,200,1.000,0.000,0.000,0.960,2.0,0.00,0.040,1.000,1.776
trio-double-dps,50,5,pack,180,200,1.000,0.000,0.000,0.767,7.8,0.00,0.233,1.000,1.660
trio-double-dps,50,5,pack,300,200,1.000,0.000,0.000,0.764,7.8,0.00,0.236,1.000,1.658
trio-double-dps,50,5,boss,180,200,1.000,0.000,0.000,0.658,15.3,0.01,0.342,1.000,1.595
trio-double-dps,50,5,boss,300,200,1.000,0.000,0.000,0.661,15.3,0.01,0.339,1.000,1.596
trio-double-dps,50,6,solo,180,200,1.000,0.000,0.000,0.841,5.7,0.00,0.159,1.000,1.705
trio-double-dps,50,6,solo,300,200,1.000,0.000,0.000,0.841,5.6,0.00,0.159,1.000,1.705
trio-double-dps,50,6,pack,180,200,0.005,0.000,0.995,0.257,18.8,3.00,0.999,0.645,0.007
trio-double-dps,50,6,pack,300,200,0.010,0.000,0.990,0.058,20.9,2.99,0.999,0.644,0.012
trio-double-dps,50,6,boss,180,200,0.000,0.000,1.000,—,—,3.00,1.000,0.717,0.000
trio-double-dps,50,6,boss,300,200,0.000,0.000,1.000,—,—,3.00,1.000,0.713,0.000
trio-double-dps,50,7,solo,180,200,0.340,0.000,0.660,0.423,15.0,2.42,0.856,0.741,0.494
trio-double-dps,50,7,solo,300,200,0.375,0.000,0.625,0.411,15.3,2.38,0.846,0.750,0.542
trio-double-dps,50,7,pack,180,200,0.000,0.000,1.000,—,—,3.00,1.000,0.684,0.000
trio-double-dps,50,7,pack,300,200,0.000,0.000,1.000,—,—,3.00,1.000,0.681,0.000
trio-double-dps,50,7,boss,180,200,0.000,0.000,1.000,—,—,3.00,1.000,0.564,0.000
trio-double-dps,50,7,boss,300,200,0.000,0.000,1.000,—,—,3.00,1.000,0.561,0.000
trio-double-dps,50,8,solo,180,200,0.000,0.000,1.000,—,—,3.00,1.000,0.573,0.000
trio-double-dps,50,8,solo,300,200,0.000,0.000,1.000,—,—,3.00,1.000,0.572,0.000
trio-double-dps,50,8,pack,180,200,0.000,0.000,1.000,—,—,3.00,1.000,0.573,0.000
trio-double-dps,50,8,pack,300,200,0.000,0.000,1.000,—,—,3.00,1.000,0.573,0.000
trio-double-dps,50,8,boss,180,200,0.000,0.000,1.000,—,—,3.00,1.000,0.552,0.000
trio-double-dps,50,8,boss,300,200,0.000,0.000,1.000,—,—,3.00,1.000,0.539,0.000
trio-no-tank,1,1,solo,180,200,1.000,0.000,0.000,0.950,2.8,0.00,0.050,—,1.481
trio-no-tank,1,1,solo,300,200,1.000,0.000,0.000,0.949,2.8,0.00,0.051,—,1.480
trio-no-tank,1,1,pack,180,200,1.000,0.000,0.000,0.973,14.5,0.00,0.027,—,1.492
trio-no-tank,1,1,pack,300,200,1.000,0.000,0.000,0.974,14.5,0.00,0.026,—,1.493
trio-no-tank,1,1,boss,180,200,1.000,0.000,0.000,0.958,29.0,0.00,0.042,—,1.485
trio-no-tank,1,1,boss,300,200,1.000,0.000,0.000,0.954,29.1,0.00,0.046,—,1.483
trio-no-tank,1,2,solo,180,200,1.000,0.000,0.000,0.969,7.1,0.00,0.031,—,1.491
trio-no-tank,1,2,solo,300,200,1.000,0.000,0.000,0.971,7.2,0.00,0.029,—,1.492
trio-no-tank,1,2,pack,180,200,0.000,0.000,1.000,—,—,3.00,1.000,—,0.000
trio-no-tank,1,2,pack,300,200,0.000,0.000,1.000,—,—,3.00,1.000,—,0.000
trio-no-tank,1,2,boss,180,200,0.000,0.000,1.000,—,—,3.00,1.000,—,0.000
trio-no-tank,1,2,boss,300,200,0.000,0.000,1.000,—,—,3.00,1.000,—,0.000
trio-no-tank,1,3,solo,180,200,0.220,0.000,0.780,0.590,19.8,2.58,0.870,—,0.286
trio-no-tank,1,3,solo,300,200,0.180,0.000,0.820,0.590,19.8,2.64,0.894,—,0.234
trio-no-tank,1,3,pack,180,200,0.000,0.000,1.000,—,—,3.00,1.000,—,0.000
trio-no-tank,1,3,pack,300,200,0.000,0.000,1.000,—,—,3.00,1.000,—,0.000
trio-no-tank,1,3,boss,180,200,0.000,0.000,1.000,—,—,3.00,1.000,—,0.000
trio-no-tank,1,3,boss,300,200,0.000,0.000,1.000,—,—,3.00,1.000,—,0.000
trio-no-tank,1,4,solo,180,200,0.000,0.000,1.000,—,—,3.00,1.000,—,0.000
trio-no-tank,1,4,solo,300,200,0.000,0.000,1.000,—,—,3.00,1.000,—,0.000
trio-no-tank,1,4,pack,180,200,0.000,0.000,1.000,—,—,3.00,1.000,—,0.000
trio-no-tank,1,4,pack,300,200,0.000,0.000,1.000,—,—,3.00,1.000,—,0.000
trio-no-tank,1,4,boss,180,200,0.000,0.000,1.000,—,—,3.00,1.000,—,0.000
trio-no-tank,1,4,boss,300,200,0.000,0.000,1.000,—,—,3.00,1.000,—,0.000
trio-no-tank,1,5,solo,180,200,0.000,0.000,1.000,—,—,3.00,1.000,—,0.000
trio-no-tank,1,5,solo,300,200,0.000,0.000,1.000,—,—,3.00,1.000,—,0.000
trio-no-tank,1,5,pack,180,200,0.000,0.000,1.000,—,—,3.00,1.000,—,0.000
trio-no-tank,1,5,pack,300,200,0.000,0.000,1.000,—,—,3.00,1.000,—,0.000
trio-no-tank,1,5,boss,180,200,0.000,0.000,1.000,—,—,3.00,1.000,—,0.000
trio-no-tank,1,5,boss,300,200,0.000,0.000,1.000,—,—,3.00,1.000,—,0.000
trio-no-tank,1,6,solo,180,200,0.000,0.000,1.000,—,—,3.00,1.000,—,0.000
trio-no-tank,1,6,solo,300,200,0.000,0.000,1.000,—,—,3.00,1.000,—,0.000
trio-no-tank,1,6,pack,180,200,0.000,0.000,1.000,—,—,3.00,1.000,—,0.000
trio-no-tank,1,6,pack,300,200,0.000,0.000,1.000,—,—,3.00,1.000,—,0.000
trio-no-tank,1,6,boss,180,200,0.000,0.000,1.000,—,—,3.00,1.000,—,0.000
trio-no-tank,1,6,boss,300,200,0.000,0.000,1.000,—,—,3.00,1.000,—,0.000
trio-no-tank,1,7,solo,180,200,0.000,0.000,1.000,—,—,3.00,1.000,—,0.000
trio-no-tank,1,7,solo,300,200,0.000,0.000,1.000,—,—,3.00,1.000,—,0.000
trio-no-tank,1,7,pack,180,200,0.000,0.000,1.000,—,—,3.00,1.000,—,0.000
trio-no-tank,1,7,pack,300,200,0.000,0.000,1.000,—,—,3.00,1.000,—,0.000
trio-no-tank,1,7,boss,180,200,0.000,0.000,1.000,—,—,3.00,1.000,—,0.000
trio-no-tank,1,7,boss,300,200,0.000,0.000,1.000,—,—,3.00,1.000,—,0.000
trio-no-tank,1,8,solo,180,200,0.000,0.000,1.000,—,—,3.00,1.000,—,0.000
trio-no-tank,1,8,solo,300,200,0.000,0.000,1.000,—,—,3.00,1.000,—,0.000
trio-no-tank,1,8,pack,180,200,0.000,0.000,1.000,—,—,3.00,1.000,—,0.000
trio-no-tank,1,8,pack,300,200,0.000,0.000,1.000,—,—,3.00,1.000,—,0.000
trio-no-tank,1,8,boss,180,200,0.000,0.000,1.000,—,—,3.00,1.000,—,0.000
trio-no-tank,1,8,boss,300,200,0.000,0.000,1.000,—,—,3.00,1.000,—,0.000
trio-no-tank,5,1,solo,180,200,1.000,0.000,0.000,1.000,0.0,0.00,0.000,—,1.530
trio-no-tank,5,1,solo,300,200,1.000,0.000,0.000,1.000,0.0,0.00,0.000,—,1.530
trio-no-tank,5,1,pack,180,200,1.000,0.000,0.000,0.958,6.4,0.00,0.042,—,1.508
trio-no-tank,5,1,pack,300,200,1.000,0.000,0.000,0.955,6.4,0.00,0.045,—,1.507
trio-no-tank,5,1,boss,180,200,1.000,0.000,0.000,0.980,12.8,0.00,0.020,—,1.520
trio-no-tank,5,1,boss,300,200,1.000,0.000,0.000,0.978,12.8,0.00,0.022,—,1.519
trio-no-tank,5,2,solo,180,200,1.000,0.000,0.000,0.931,2.3,0.00,0.069,—,1.495
trio-no-tank,5,2,solo,300,200,1.000,0.000,0.000,0.934,2.3,0.00,0.066,—,1.496
trio-no-tank,5,2,pack,180,200,0.975,0.025,0.000,0.671,20.2,0.90,0.338,—,1.328
trio-no-tank,5,2,pack,300,200,0.980,0.020,0.000,0.673,19.9,0.89,0.334,—,1.336
trio-no-tank,5,2,boss,180,200,1.000,0.000,0.000,0.886,25.4,0.01,0.114,—,1.472
trio-no-tank,5,2,boss,300,200,1.000,0.000,0.000,0.897,25.4,0.01,0.103,—,1.478
trio-no-tank,5,3,solo,180,200,1.000,0.000,0.000,0.833,6.8,0.00,0.167,—,1.445
trio-no-tank,5,3,solo,300,200,1.000,0.000,0.000,0.832,6.7,0.00,0.168,—,1.445
trio-no-tank,5,3,pack,180,200,0.000,0.000,1.000,—,—,3.00,1.000,—,0.000
trio-no-tank,5,3,pack,300,200,0.000,0.000,1.000,—,—,3.00,1.000,—,0.000
trio-no-tank,5,3,boss,180,200,0.000,0.000,1.000,—,—,3.00,1.000,—,0.000
trio-no-tank,5,3,boss,300,200,0.000,0.000,1.000,—,—,3.00,1.000,—,0.000
trio-no-tank,5,4,solo,180,200,0.180,0.000,0.820,0.510,18.8,2.66,0.908,—,0.230
trio-no-tank,5,4,solo,300,200,0.200,0.000,0.800,0.535,18.6,2.62,0.893,—,0.259
trio-no-tank,5,4,pack,180,200,0.000,0.000,1.000,—,—,3.00,1.000,—,0.000
trio-no-tank,5,4,pack,300,200,0.000,0.000,1.000,—,—,3.00,1.000,—,0.000
trio-no-tank,5,4,boss,180,200,0.000,0.000,1.000,—,—,3.00,1.000,—,0.000
trio-no-tank,5,4,boss,300,200,0.000,0.000,1.000,—,—,3.00,1.000,—,0.000
trio-no-tank,5,5,solo,180,200,0.000,0.000,1.000,—,—,3.00,1.000,—,0.000
trio-no-tank,5,5,solo,300,200,0.000,0.000,1.000,—,—,3.00,1.000,—,0.000
trio-no-tank,5,5,pack,180,200,0.000,0.000,1.000,—,—,3.00,1.000,—,0.000
trio-no-tank,5,5,pack,300,200,0.000,0.000,1.000,—,—,3.00,1.000,—,0.000
trio-no-tank,5,5,boss,180,200,0.000,0.000,1.000,—,—,3.00,1.000,—,0.000
trio-no-tank,5,5,boss,300,200,0.000,0.000,1.000,—,—,3.00,1.000,—,0.000
trio-no-tank,5,6,solo,180,200,0.000,0.000,1.000,—,—,3.00,1.000,—,0.000
trio-no-tank,5,6,solo,300,200,0.000,0.000,1.000,—,—,3.00,1.000,—,0.000
trio-no-tank,5,6,pack,180,200,0.000,0.000,1.000,—,—,3.00,1.000,—,0.000
trio-no-tank,5,6,pack,300,200,0.000,0.000,1.000,—,—,3.00,1.000,—,0.000
trio-no-tank,5,6,boss,180,200,0.000,0.000,1.000,—,—,3.00,1.000,—,0.000
trio-no-tank,5,6,boss,300,200,0.000,0.000,1.000,—,—,3.00,1.000,—,0.000
trio-no-tank,5,7,solo,180,200,0.000,0.000,1.000,—,—,3.00,1.000,—,0.000
trio-no-tank,5,7,solo,300,200,0.000,0.000,1.000,—,—,3.00,1.000,—,0.000
trio-no-tank,5,7,pack,180,200,0.000,0.000,1.000,—,—,3.00,1.000,—,0.000
trio-no-tank,5,7,pack,300,200,0.000,0.000,1.000,—,—,3.00,1.000,—,0.000
trio-no-tank,5,7,boss,180,200,0.000,0.000,1.000,—,—,3.00,1.000,—,0.000
trio-no-tank,5,7,boss,300,200,0.000,0.000,1.000,—,—,3.00,1.000,—,0.000
trio-no-tank,5,8,solo,180,200,0.000,0.000,1.000,—,—,3.00,1.000,—,0.000
trio-no-tank,5,8,solo,300,200,0.000,0.000,1.000,—,—,3.00,1.000,—,0.000
trio-no-tank,5,8,pack,180,200,0.000,0.000,1.000,—,—,3.00,1.000,—,0.000
trio-no-tank,5,8,pack,300,200,0.000,0.000,1.000,—,—,3.00,1.000,—,0.000
trio-no-tank,5,8,boss,180,200,0.000,0.000,1.000,—,—,3.00,1.000,—,0.000
trio-no-tank,5,8,boss,300,200,0.000,0.000,1.000,—,—,3.00,1.000,—,0.000
trio-no-tank,10,1,solo,180,200,1.000,0.000,0.000,1.000,0.0,0.00,0.000,—,1.560
trio-no-tank,10,1,solo,300,200,1.000,0.000,0.000,1.000,0.0,0.00,0.000,—,1.560
trio-no-tank,10,1,pack,180,200,1.000,0.000,0.000,0.913,3.3,0.00,0.087,—,1.515
trio-no-tank,10,1,pack,300,200,1.000,0.000,0.000,0.915,3.3,0.00,0.085,—,1.516
trio-no-tank,10,1,boss,180,200,1.000,0.000,0.000,0.932,6.4,0.00,0.068,—,1.525
trio-no-tank,10,1,boss,300,200,1.000,0.000,0.000,0.931,6.3,0.00,0.069,—,1.524
trio-no-tank,10,2,solo,180,200,1.000,0.000,0.000,0.970,0.9,0.00,0.030,—,1.544
trio-no-tank,10,2,solo,300,200,1.000,0.000,0.000,0.970,0.9,0.00,0.030,—,1.545
trio-no-tank,10,2,pack,180,200,1.000,0.000,0.000,0.944,6.6,0.01,0.056,—,1.531
trio-no-tank,10,2,pack,300,200,1.000,0.000,0.000,0.942,6.7,0.01,0.058,—,1.530
trio-no-tank,10,2,boss,180,200,1.000,0.000,0.000,0.951,13.9,0.00,0.049,—,1.534
trio-no-tank,10,2,boss,300,200,1.000,0.000,0.000,0.949,13.7,0.00,0.051,—,1.534
trio-no-tank,10,3,solo,180,200,1.000,0.000,0.000,0.823,3.2,0.00,0.177,—,1.468
trio-no-tank,10,3,solo,300,200,1.000,0.000,0.000,0.822,3.2,0.00,0.178,—,1.468
trio-no-tank,10,3,pack,180,200,0.135,0.160,0.705,0.647,22.3,2.56,0.865,—,0.186
trio-no-tank,10,3,pack,300,200,0.165,0.185,0.650,0.650,21.1,2.47,0.838,—,0.227
trio-no-tank,10,3,boss,180,200,0.560,0.440,0.000,0.590,46.4,1.39,0.565,—,0.754
trio-no-tank,10,3,boss,300,200,0.570,0.430,0.000,0.589,48.7,1.41,0.594,—,0.768
trio-no-tank,10,4,solo,180,200,0.940,0.035,0.025,0.605,9.8,0.91,0.424,—,1.273
trio-no-tank,10,4,solo,300,200,0.930,0.025,0.045,0.635,9.6,0.89,0.406,—,1.274
trio-no-tank,10,4,pack,180,200,0.000,0.000,1.000,—,—,3.00,1.000,—,0.000
trio-no-tank,10,4,pack,300,200,0.000,0.000,1.000,—,—,3.00,1.000,—,0.000
trio-no-tank,10,4,boss,180,200,0.000,0.000,1.000,—,—,3.00,1.000,—,0.000
trio-no-tank,10,4,boss,300,200,0.000,0.000,1.000,—,—,3.00,1.000,—,0.000
trio-no-tank,10,5,solo,180,200,0.000,0.000,1.000,—,—,3.00,1.000,—,0.000
trio-no-tank,10,5,solo,300,200,0.000,0.000,1.000,—,—,3.00,1.000,—,0.000
trio-no-tank,10,5,pack,180,200,0.000,0.000,1.000,—,—,3.00,1.000,—,0.000
trio-no-tank,10,5,pack,300,200,0.000,0.000,1.000,—,—,3.00,1.000,—,0.000
trio-no-tank,10,5,boss,180,200,0.000,0.000,1.000,—,—,3.00,1.000,—,0.000
trio-no-tank,10,5,boss,300,200,0.000,0.000,1.000,—,—,3.00,1.000,—,0.000
trio-no-tank,10,6,solo,180,200,0.000,0.000,1.000,—,—,3.00,1.000,—,0.000
trio-no-tank,10,6,solo,300,200,0.000,0.000,1.000,—,—,3.00,1.000,—,0.000
trio-no-tank,10,6,pack,180,200,0.000,0.000,1.000,—,—,3.00,1.000,—,0.000
trio-no-tank,10,6,pack,300,200,0.000,0.000,1.000,—,—,3.00,1.000,—,0.000
trio-no-tank,10,6,boss,180,200,0.000,0.000,1.000,—,—,3.00,1.000,—,0.000
trio-no-tank,10,6,boss,300,200,0.000,0.000,1.000,—,—,3.00,1.000,—,0.000
trio-no-tank,10,7,solo,180,200,0.000,0.000,1.000,—,—,3.00,1.000,—,0.000
trio-no-tank,10,7,solo,300,200,0.000,0.000,1.000,—,—,3.00,1.000,—,0.000
trio-no-tank,10,7,pack,180,200,0.000,0.000,1.000,—,—,3.00,1.000,—,0.000
trio-no-tank,10,7,pack,300,200,0.000,0.000,1.000,—,—,3.00,1.000,—,0.000
trio-no-tank,10,7,boss,180,200,0.000,0.000,1.000,—,—,3.00,1.000,—,0.000
trio-no-tank,10,7,boss,300,200,0.000,0.000,1.000,—,—,3.00,1.000,—,0.000
trio-no-tank,10,8,solo,180,200,0.000,0.000,1.000,—,—,3.00,1.000,—,0.000
trio-no-tank,10,8,solo,300,200,0.000,0.000,1.000,—,—,3.00,1.000,—,0.000
trio-no-tank,10,8,pack,180,200,0.000,0.000,1.000,—,—,3.00,1.000,—,0.000
trio-no-tank,10,8,pack,300,200,0.000,0.000,1.000,—,—,3.00,1.000,—,0.000
trio-no-tank,10,8,boss,180,200,0.000,0.000,1.000,—,—,3.00,1.000,—,0.000
trio-no-tank,10,8,boss,300,200,0.000,0.000,1.000,—,—,3.00,1.000,—,0.000
trio-no-tank,20,1,solo,180,200,1.000,0.000,0.000,1.000,0.0,0.00,0.000,—,1.620
trio-no-tank,20,1,solo,300,200,1.000,0.000,0.000,1.000,0.0,0.00,0.000,—,1.620
trio-no-tank,20,1,pack,180,200,1.000,0.000,0.000,0.978,1.4,0.00,0.022,—,1.608
trio-no-tank,20,1,pack,300,200,1.000,0.000,0.000,0.977,1.4,0.00,0.023,—,1.608
trio-no-tank,20,1,boss,180,200,1.000,0.000,0.000,0.961,3.1,0.00,0.039,—,1.599
trio-no-tank,20,1,boss,300,200,1.000,0.000,0.000,0.961,3.2,0.00,0.039,—,1.599
trio-no-tank,20,2,solo,180,200,1.000,0.000,0.000,1.000,0.0,0.00,0.000,—,1.620
trio-no-tank,20,2,solo,300,200,1.000,0.000,0.000,1.000,0.0,0.00,0.000,—,1.620
trio-no-tank,20,2,pack,180,200,1.000,0.000,0.000,0.930,2.8,0.00,0.070,—,1.582
trio-no-tank,20,2,pack,300,200,1.000,0.000,0.000,0.930,2.7,0.00,0.070,—,1.582
trio-no-tank,20,2,boss,180,200,1.000,0.000,0.000,0.970,5.6,0.00,0.030,—,1.604
trio-no-tank,20,2,boss,300,200,1.000,0.000,0.000,0.969,5.7,0.00,0.031,—,1.603
trio-no-tank,20,3,solo,180,200,1.000,0.000,0.000,0.942,1.2,0.00,0.058,—,1.589
trio-no-tank,20,3,solo,300,200,1.000,0.000,0.000,0.943,1.2,0.00,0.057,—,1.589
trio-no-tank,20,3,pack,180,200,1.000,0.000,0.000,0.819,6.7,0.43,0.181,—,1.522
trio-no-tank,20,3,pack,300,200,1.000,0.000,0.000,0.842,6.5,0.33,0.158,—,1.535
trio-no-tank,20,3,boss,180,200,1.000,0.000,0.000,0.946,12.0,0.00,0.054,—,1.591
trio-no-tank,20,3,boss,300,200,1.000,0.000,0.000,0.947,12.0,0.01,0.053,—,1.592
trio-no-tank,20,4,solo,180,200,1.000,0.000,0.000,0.897,3.0,0.00,0.103,—,1.564
trio-no-tank,20,4,solo,300,200,1.000,0.000,0.000,0.895,3.0,0.00,0.105,—,1.563
trio-no-tank,20,4,pack,180,200,0.060,0.110,0.830,0.701,15.0,2.75,0.927,—,0.088
trio-no-tank,20,4,pack,300,200,0.115,0.150,0.735,0.691,14.7,2.56,0.879,—,0.167
trio-no-tank,20,4,boss,180,200,0.060,0.560,0.380,0.652,26.4,2.30,0.837,—,0.086
trio-no-tank,20,4,boss,300,200,0.020,0.625,0.355,0.626,25.9,2.33,0.897,—,0.028
trio-no-tank,20,5,solo,180,200,0.975,0.000,0.025,0.681,8.5,0.34,0.336,—,1.412
trio-no-tank,20,5,solo,300,200,0.995,0.000,0.005,0.696,8.4,0.32,0.308,—,1.448
trio-no-tank,20,5,pack,180,200,0.000,0.000,1.000,—,—,3.00,1.000,—,0.000
trio-no-tank,20,5,pack,300,200,0.000,0.000,1.000,—,—,3.00,1.000,—,0.000
trio-no-tank,20,5,boss,180,200,0.000,0.000,1.000,—,—,3.00,1.000,—,0.000
trio-no-tank,20,5,boss,300,200,0.000,0.000,1.000,—,—,3.00,1.000,—,0.000
trio-no-tank,20,6,solo,180,200,0.000,0.000,1.000,—,—,3.00,1.000,—,0.000
trio-no-tank,20,6,solo,300,200,0.000,0.000,1.000,—,—,3.00,1.000,—,0.000
trio-no-tank,20,6,pack,180,200,0.000,0.000,1.000,—,—,3.00,1.000,—,0.000
trio-no-tank,20,6,pack,300,200,0.000,0.000,1.000,—,—,3.00,1.000,—,0.000
trio-no-tank,20,6,boss,180,200,0.000,0.000,1.000,—,—,3.00,1.000,—,0.000
trio-no-tank,20,6,boss,300,200,0.000,0.000,1.000,—,—,3.00,1.000,—,0.000
trio-no-tank,20,7,solo,180,200,0.000,0.000,1.000,—,—,3.00,1.000,—,0.000
trio-no-tank,20,7,solo,300,200,0.000,0.000,1.000,—,—,3.00,1.000,—,0.000
trio-no-tank,20,7,pack,180,200,0.000,0.000,1.000,—,—,3.00,1.000,—,0.000
trio-no-tank,20,7,pack,300,200,0.000,0.000,1.000,—,—,3.00,1.000,—,0.000
trio-no-tank,20,7,boss,180,200,0.000,0.000,1.000,—,—,3.00,1.000,—,0.000
trio-no-tank,20,7,boss,300,200,0.000,0.000,1.000,—,—,3.00,1.000,—,0.000
trio-no-tank,20,8,solo,180,200,0.000,0.000,1.000,—,—,3.00,1.000,—,0.000
trio-no-tank,20,8,solo,300,200,0.000,0.000,1.000,—,—,3.00,1.000,—,0.000
trio-no-tank,20,8,pack,180,200,0.000,0.000,1.000,—,—,3.00,1.000,—,0.000
trio-no-tank,20,8,pack,300,200,0.000,0.000,1.000,—,—,3.00,1.000,—,0.000
trio-no-tank,20,8,boss,180,200,0.000,0.000,1.000,—,—,3.00,1.000,—,0.000
trio-no-tank,20,8,boss,300,200,0.000,0.000,1.000,—,—,3.00,1.000,—,0.000
trio-no-tank,35,1,solo,180,200,1.000,0.000,0.000,1.000,0.0,0.00,0.000,—,1.710
trio-no-tank,35,1,solo,300,200,1.000,0.000,0.000,1.000,0.0,0.00,0.000,—,1.710
trio-no-tank,35,1,pack,180,200,1.000,0.000,0.000,1.000,0.0,0.00,0.000,—,1.710
trio-no-tank,35,1,pack,300,200,1.000,0.000,0.000,1.000,0.0,0.00,0.000,—,1.710
trio-no-tank,35,1,boss,180,200,1.000,0.000,0.000,0.979,1.7,0.00,0.021,—,1.698
trio-no-tank,35,1,boss,300,200,1.000,0.000,0.000,0.980,1.7,0.00,0.020,—,1.698
trio-no-tank,35,2,solo,180,200,1.000,0.000,0.000,1.000,0.0,0.00,0.000,—,1.710
trio-no-tank,35,2,solo,300,200,1.000,0.000,0.000,1.000,0.0,0.00,0.000,—,1.710
trio-no-tank,35,2,pack,180,200,1.000,0.000,0.000,0.959,1.7,0.00,0.041,—,1.686
trio-no-tank,35,2,pack,300,200,1.000,0.000,0.000,0.959,1.7,0.00,0.041,—,1.687
trio-no-tank,35,2,boss,180,200,1.000,0.000,0.000,0.939,3.0,0.00,0.061,—,1.675
trio-no-tank,35,2,boss,300,200,1.000,0.000,0.000,0.940,3.0,0.00,0.060,—,1.676
trio-no-tank,35,3,solo,180,200,1.000,0.000,0.000,1.000,0.0,0.00,0.000,—,1.710
trio-no-tank,35,3,solo,300,200,1.000,0.000,0.000,1.000,0.0,0.00,0.000,—,1.710
trio-no-tank,35,3,pack,180,200,1.000,0.000,0.000,0.885,2.9,0.00,0.115,—,1.644
trio-no-tank,35,3,pack,300,200,1.000,0.000,0.000,0.888,2.9,0.00,0.112,—,1.646
trio-no-tank,35,3,boss,180,200,1.000,0.000,0.000,0.966,5.3,0.00,0.034,—,1.691
trio-no-tank,35,3,boss,300,200,1.000,0.000,0.000,0.958,5.3,0.00,0.042,—,1.686
trio-no-tank,35,4,solo,180,200,1.000,0.000,0.000,0.918,1.1,0.00,0.082,—,1.663
trio-no-tank,35,4,solo,300,200,1.000,0.000,0.000,0.919,1.1,0.00,0.081,—,1.664
trio-no-tank,35,4,pack,180,200,1.000,0.000,0.000,0.663,7.8,0.76,0.337,—,1.518
trio-no-tank,35,4,pack,300,200,1.000,0.000,0.000,0.662,7.8,0.72,0.338,—,1.517
trio-no-tank,35,4,boss,180,200,1.000,0.000,0.000,0.767,16.0,0.46,0.233,—,1.577
trio-no-tank,35,4,boss,300,200,1.000,0.000,0.000,0.764,15.7,0.45,0.236,—,1.576
trio-no-tank,35,5,solo,180,200,1.000,0.000,0.000,0.743,3.5,0.17,0.257,—,1.563
trio-no-tank,35,5,solo,300,200,1.000,0.000,0.000,0.746,3.5,0.18,0.254,—,1.565
trio-no-tank,35,5,pack,180,200,0.000,0.000,1.000,—,—,3.00,1.000,—,0.000
trio-no-tank,35,5,pack,300,200,0.000,0.000,1.000,—,—,3.00,1.000,—,0.000
trio-no-tank,35,5,boss,180,200,0.015,0.000,0.985,0.678,28.9,2.96,0.990,—,0.023
trio-no-tank,35,5,boss,300,200,0.020,0.000,0.980,0.576,26.4,2.95,0.988,—,0.029
trio-no-tank,35,6,solo,180,200,0.630,0.000,0.370,0.539,9.7,1.25,0.660,—,0.912
trio-no-tank,35,6,solo,300,200,0.690,0.000,0.310,0.534,9.9,1.20,0.631,—,0.997
trio-no-tank,35,6,pack,180,200,0.000,0.000,1.000,—,—,3.00,1.000,—,0.000
trio-no-tank,35,6,pack,300,200,0.000,0.000,1.000,—,—,3.00,1.000,—,0.000
trio-no-tank,35,6,boss,180,200,0.000,0.000,1.000,—,—,3.00,1.000,—,0.000
trio-no-tank,35,6,boss,300,200,0.000,0.000,1.000,—,—,3.00,1.000,—,0.000
trio-no-tank,35,7,solo,180,200,0.000,0.000,1.000,—,—,3.00,1.000,—,0.000
trio-no-tank,35,7,solo,300,200,0.000,0.000,1.000,—,—,3.00,1.000,—,0.000
trio-no-tank,35,7,pack,180,200,0.000,0.000,1.000,—,—,3.00,1.000,—,0.000
trio-no-tank,35,7,pack,300,200,0.000,0.000,1.000,—,—,3.00,1.000,—,0.000
trio-no-tank,35,7,boss,180,200,0.000,0.000,1.000,—,—,3.00,1.000,—,0.000
trio-no-tank,35,7,boss,300,200,0.000,0.000,1.000,—,—,3.00,1.000,—,0.000
trio-no-tank,35,8,solo,180,200,0.000,0.000,1.000,—,—,3.00,1.000,—,0.000
trio-no-tank,35,8,solo,300,200,0.000,0.000,1.000,—,—,3.00,1.000,—,0.000
trio-no-tank,35,8,pack,180,200,0.000,0.000,1.000,—,—,3.00,1.000,—,0.000
trio-no-tank,35,8,pack,300,200,0.000,0.000,1.000,—,—,3.00,1.000,—,0.000
trio-no-tank,35,8,boss,180,200,0.000,0.000,1.000,—,—,3.00,1.000,—,0.000
trio-no-tank,35,8,boss,300,200,0.000,0.000,1.000,—,—,3.00,1.000,—,0.000
trio-no-tank,50,1,solo,180,200,1.000,0.000,0.000,1.000,0.0,0.00,0.000,—,1.800
trio-no-tank,50,1,solo,300,200,1.000,0.000,0.000,1.000,0.0,0.00,0.000,—,1.800
trio-no-tank,50,1,pack,180,200,1.000,0.000,0.000,1.000,0.0,0.00,0.000,—,1.800
trio-no-tank,50,1,pack,300,200,1.000,0.000,0.000,1.000,0.0,0.00,0.000,—,1.800
trio-no-tank,50,1,boss,180,200,1.000,0.000,0.000,0.984,1.0,0.00,0.016,—,1.790
trio-no-tank,50,1,boss,300,200,1.000,0.000,0.000,0.984,1.0,0.00,0.016,—,1.790
trio-no-tank,50,2,solo,180,200,1.000,0.000,0.000,1.000,0.0,0.00,0.000,—,1.800
trio-no-tank,50,2,solo,300,200,1.000,0.000,0.000,1.000,0.0,0.00,0.000,—,1.800
trio-no-tank,50,2,pack,180,200,1.000,0.000,0.000,0.987,0.7,0.00,0.013,—,1.792
trio-no-tank,50,2,pack,300,200,1.000,0.000,0.000,0.988,0.7,0.00,0.012,—,1.793
trio-no-tank,50,2,boss,180,200,1.000,0.000,0.000,0.972,2.0,0.00,0.028,—,1.783
trio-no-tank,50,2,boss,300,200,1.000,0.000,0.000,0.971,2.1,0.00,0.029,—,1.783
trio-no-tank,50,3,solo,180,200,1.000,0.000,0.000,1.000,0.0,0.00,0.000,—,1.800
trio-no-tank,50,3,solo,300,200,1.000,0.000,0.000,1.000,0.0,0.00,0.000,—,1.800
trio-no-tank,50,3,pack,180,200,1.000,0.000,0.000,0.943,1.6,0.00,0.057,—,1.766
trio-no-tank,50,3,pack,300,200,1.000,0.000,0.000,0.941,1.6,0.00,0.059,—,1.765
trio-no-tank,50,3,boss,180,200,1.000,0.000,0.000,0.923,3.5,0.00,0.077,—,1.754
trio-no-tank,50,3,boss,300,200,1.000,0.000,0.000,0.929,3.5,0.00,0.071,—,1.758
trio-no-tank,50,4,solo,180,200,1.000,0.000,0.000,0.983,0.3,0.00,0.017,—,1.790
trio-no-tank,50,4,solo,300,200,1.000,0.000,0.000,0.984,0.3,0.00,0.016,—,1.791
trio-no-tank,50,4,pack,180,200,1.000,0.000,0.000,0.864,3.4,0.00,0.136,—,1.718
trio-no-tank,50,4,pack,300,200,1.000,0.000,0.000,0.870,3.5,0.01,0.130,—,1.722
trio-no-tank,50,4,boss,180,200,1.000,0.000,0.000,0.915,7.4,0.00,0.085,—,1.749
trio-no-tank,50,4,boss,300,200,1.000,0.000,0.000,0.920,7.4,0.00,0.080,—,1.752
trio-no-tank,50,5,solo,180,200,1.000,0.000,0.000,0.887,1.9,0.00,0.113,—,1.732
trio-no-tank,50,5,solo,300,200,1.000,0.000,0.000,0.888,1.9,0.00,0.112,—,1.733
trio-no-tank,50,5,pack,180,200,0.590,0.085,0.325,0.691,11.4,1.55,0.568,—,0.952
trio-no-tank,50,5,pack,300,200,0.600,0.105,0.295,0.706,11.3,1.50,0.546,—,0.974
trio-no-tank,50,5,boss,180,200,0.305,0.695,0.000,0.600,19.6,1.69,0.655,—,0.476
trio-no-tank,50,5,boss,300,200,0.325,0.675,0.000,0.592,19.4,1.67,0.669,—,0.506
trio-no-tank,50,6,solo,180,200,1.000,0.000,0.000,0.690,6.0,0.34,0.310,—,1.614
trio-no-tank,50,6,solo,300,200,1.000,0.000,0.000,0.688,6.1,0.40,0.312,—,1.613
trio-no-tank,50,6,pack,180,200,0.000,0.000,1.000,—,—,3.00,1.000,—,0.000
trio-no-tank,50,6,pack,300,200,0.000,0.000,1.000,—,—,3.00,1.000,—,0.000
trio-no-tank,50,6,boss,180,200,0.000,0.000,1.000,—,—,3.00,1.000,—,0.000
trio-no-tank,50,6,boss,300,200,0.000,0.000,1.000,—,—,3.00,1.000,—,0.000
trio-no-tank,50,7,solo,180,200,0.000,0.000,1.000,—,—,3.00,1.000,—,0.000
trio-no-tank,50,7,solo,300,200,0.000,0.000,1.000,—,—,3.00,1.000,—,0.000
trio-no-tank,50,7,pack,180,200,0.000,0.000,1.000,—,—,3.00,1.000,—,0.000
trio-no-tank,50,7,pack,300,200,0.000,0.000,1.000,—,—,3.00,1.000,—,0.000
trio-no-tank,50,7,boss,180,200,0.000,0.000,1.000,—,—,3.00,1.000,—,0.000
trio-no-tank,50,7,boss,300,200,0.000,0.000,1.000,—,—,3.00,1.000,—,0.000
trio-no-tank,50,8,solo,180,200,0.000,0.000,1.000,—,—,3.00,1.000,—,0.000
trio-no-tank,50,8,solo,300,200,0.000,0.000,1.000,—,—,3.00,1.000,—,0.000
trio-no-tank,50,8,pack,180,200,0.000,0.000,1.000,—,—,3.00,1.000,—,0.000
trio-no-tank,50,8,pack,300,200,0.000,0.000,1.000,—,—,3.00,1.000,—,0.000
trio-no-tank,50,8,boss,180,200,0.000,0.000,1.000,—,—,3.00,1.000,—,0.000
trio-no-tank,50,8,boss,300,200,0.000,0.000,1.000,—,—,3.00,1.000,—,0.000
trio-casters,1,1,solo,180,200,1.000,0.000,0.000,0.905,4.5,0.00,0.095,—,1.458
trio-casters,1,1,solo,300,200,1.000,0.000,0.000,0.905,4.5,0.00,0.095,—,1.458
trio-casters,1,1,pack,180,200,0.985,0.000,0.015,0.665,30.2,0.65,0.345,—,1.318
trio-casters,1,1,pack,300,200,0.995,0.005,0.000,0.658,30.4,0.63,0.343,—,1.328
trio-casters,1,1,boss,180,200,0.905,0.095,0.000,0.685,47.2,0.51,0.353,—,1.220
trio-casters,1,1,boss,300,200,0.935,0.065,0.000,0.712,46.7,0.34,0.316,—,1.273
trio-casters,1,2,solo,180,200,1.000,0.000,0.000,0.765,10.6,0.00,0.235,—,1.388
trio-casters,1,2,solo,300,200,1.000,0.000,0.000,0.768,10.6,0.00,0.232,—,1.390
trio-casters,1,2,pack,180,200,0.000,0.000,1.000,—,—,3.00,1.000,—,0.000
trio-casters,1,2,pack,300,200,0.000,0.000,1.000,—,—,3.00,1.000,—,0.000
trio-casters,1,2,boss,180,200,0.000,0.000,1.000,—,—,3.00,1.000,—,0.000
trio-casters,1,2,boss,300,200,0.000,0.000,1.000,—,—,3.00,1.000,—,0.000
trio-casters,1,3,solo,180,200,0.010,0.000,0.990,0.374,25.2,2.98,0.996,—,0.012
trio-casters,1,3,solo,300,200,0.000,0.000,1.000,—,—,3.00,1.000,—,0.000
trio-casters,1,3,pack,180,200,0.000,0.000,1.000,—,—,3.00,1.000,—,0.000
trio-casters,1,3,pack,300,200,0.000,0.000,1.000,—,—,3.00,1.000,—,0.000
trio-casters,1,3,boss,180,200,0.000,0.000,1.000,—,—,3.00,1.000,—,0.000
trio-casters,1,3,boss,300,200,0.000,0.000,1.000,—,—,3.00,1.000,—,0.000
trio-casters,1,4,solo,180,200,0.000,0.000,1.000,—,—,3.00,1.000,—,0.000
trio-casters,1,4,solo,300,200,0.000,0.000,1.000,—,—,3.00,1.000,—,0.000
trio-casters,1,4,pack,180,200,0.000,0.000,1.000,—,—,3.00,1.000,—,0.000
trio-casters,1,4,pack,300,200,0.000,0.000,1.000,—,—,3.00,1.000,—,0.000
trio-casters,1,4,boss,180,200,0.000,0.000,1.000,—,—,3.00,1.000,—,0.000
trio-casters,1,4,boss,300,200,0.000,0.000,1.000,—,—,3.00,1.000,—,0.000
trio-casters,1,5,solo,180,200,0.000,0.000,1.000,—,—,3.00,1.000,—,0.000
trio-casters,1,5,solo,300,200,0.000,0.000,1.000,—,—,3.00,1.000,—,0.000
trio-casters,1,5,pack,180,200,0.000,0.000,1.000,—,—,3.00,1.000,—,0.000
trio-casters,1,5,pack,300,200,0.000,0.000,1.000,—,—,3.00,1.000,—,0.000
trio-casters,1,5,boss,180,200,0.000,0.000,1.000,—,—,3.00,1.000,—,0.000
trio-casters,1,5,boss,300,200,0.000,0.000,1.000,—,—,3.00,1.000,—,0.000
trio-casters,1,6,solo,180,200,0.000,0.000,1.000,—,—,3.00,1.000,—,0.000
trio-casters,1,6,solo,300,200,0.000,0.000,1.000,—,—,3.00,1.000,—,0.000
trio-casters,1,6,pack,180,200,0.000,0.000,1.000,—,—,3.00,1.000,—,0.000
trio-casters,1,6,pack,300,200,0.000,0.000,1.000,—,—,3.00,1.000,—,0.000
trio-casters,1,6,boss,180,200,0.000,0.000,1.000,—,—,3.00,1.000,—,0.000
trio-casters,1,6,boss,300,200,0.000,0.000,1.000,—,—,3.00,1.000,—,0.000
trio-casters,1,7,solo,180,200,0.000,0.000,1.000,—,—,3.00,1.000,—,0.000
trio-casters,1,7,solo,300,200,0.000,0.000,1.000,—,—,3.00,1.000,—,0.000
trio-casters,1,7,pack,180,200,0.000,0.000,1.000,—,—,3.00,1.000,—,0.000
trio-casters,1,7,pack,300,200,0.000,0.000,1.000,—,—,3.00,1.000,—,0.000
trio-casters,1,7,boss,180,200,0.000,0.000,1.000,—,—,3.00,1.000,—,0.000
trio-casters,1,7,boss,300,200,0.000,0.000,1.000,—,—,3.00,1.000,—,0.000
trio-casters,1,8,solo,180,200,0.000,0.000,1.000,—,—,3.00,1.000,—,0.000
trio-casters,1,8,solo,300,200,0.000,0.000,1.000,—,—,3.00,1.000,—,0.000
trio-casters,1,8,pack,180,200,0.000,0.000,1.000,—,—,3.00,1.000,—,0.000
trio-casters,1,8,pack,300,200,0.000,0.000,1.000,—,—,3.00,1.000,—,0.000
trio-casters,1,8,boss,180,200,0.000,0.000,1.000,—,—,3.00,1.000,—,0.000
trio-casters,1,8,boss,300,200,0.000,0.000,1.000,—,—,3.00,1.000,—,0.000
trio-casters,5,1,solo,180,200,1.000,0.000,0.000,1.000,0.0,0.00,0.000,—,1.530
trio-casters,5,1,solo,300,200,1.000,0.000,0.000,0.999,0.0,0.00,0.001,—,1.530
trio-casters,5,1,pack,180,200,1.000,0.000,0.000,0.888,8.9,0.00,0.112,—,1.473
trio-casters,5,1,pack,300,200,1.000,0.000,0.000,0.876,9.0,0.00,0.124,—,1.467
trio-casters,5,1,boss,180,200,1.000,0.000,0.000,0.891,17.8,0.00,0.109,—,1.474
trio-casters,5,1,boss,300,200,1.000,0.000,0.000,0.886,18.1,0.00,0.114,—,1.472
trio-casters,5,2,solo,180,200,1.000,0.000,0.000,0.873,4.6,0.00,0.127,—,1.465
trio-casters,5,2,solo,300,200,1.000,0.000,0.000,0.870,4.7,0.00,0.130,—,1.463
trio-casters,5,2,pack,180,200,0.475,0.100,0.425,0.574,34.9,1.94,0.699,—,0.624
trio-casters,5,2,pack,300,200,0.510,0.075,0.415,0.583,34.5,1.90,0.681,—,0.672
trio-casters,5,2,boss,180,200,0.510,0.490,0.000,0.575,54.3,1.23,0.585,—,0.670
trio-casters,5,2,boss,300,200,0.495,0.505,0.000,0.583,48.4,1.25,0.586,—,0.652
trio-casters,5,3,solo,180,200,1.000,0.000,0.000,0.717,9.1,0.29,0.283,—,1.386
trio-casters,5,3,solo,300,200,1.000,0.000,0.000,0.710,9.3,0.30,0.290,—,1.382
trio-casters,5,3,pack,180,200,0.000,0.000,1.000,—,—,3.00,1.000,—,0.000
trio-casters,5,3,pack,300,200,0.000,0.000,1.000,—,—,3.00,1.000,—,0.000
trio-casters,5,3,boss,180,200,0.000,0.000,1.000,—,—,3.00,1.000,—,0.000
trio-casters,5,3,boss,300,200,0.000,0.000,1.000,—,—,3.00,1.000,—,0.000
trio-casters,5,4,solo,180,200,0.000,0.000,1.000,—,—,3.00,1.000,—,0.000
trio-casters,5,4,solo,300,200,0.000,0.000,1.000,—,—,3.00,1.000,—,0.000
trio-casters,5,4,pack,180,200,0.000,0.000,1.000,—,—,3.00,1.000,—,0.000
trio-casters,5,4,pack,300,200,0.000,0.000,1.000,—,—,3.00,1.000,—,0.000
trio-casters,5,4,boss,180,200,0.000,0.000,1.000,—,—,3.00,1.000,—,0.000
trio-casters,5,4,boss,300,200,0.000,0.000,1.000,—,—,3.00,1.000,—,0.000
trio-casters,5,5,solo,180,200,0.000,0.000,1.000,—,—,3.00,1.000,—,0.000
trio-casters,5,5,solo,300,200,0.000,0.000,1.000,—,—,3.00,1.000,—,0.000
trio-casters,5,5,pack,180,200,0.000,0.000,1.000,—,—,3.00,1.000,—,0.000
trio-casters,5,5,pack,300,200,0.000,0.000,1.000,—,—,3.00,1.000,—,0.000
trio-casters,5,5,boss,180,200,0.000,0.000,1.000,—,—,3.00,1.000,—,0.000
trio-casters,5,5,boss,300,200,0.000,0.000,1.000,—,—,3.00,1.000,—,0.000
trio-casters,5,6,solo,180,200,0.000,0.000,1.000,—,—,3.00,1.000,—,0.000
trio-casters,5,6,solo,300,200,0.000,0.000,1.000,—,—,3.00,1.000,—,0.000
trio-casters,5,6,pack,180,200,0.000,0.000,1.000,—,—,3.00,1.000,—,0.000
trio-casters,5,6,pack,300,200,0.000,0.000,1.000,—,—,3.00,1.000,—,0.000
trio-casters,5,6,boss,180,200,0.000,0.000,1.000,—,—,3.00,1.000,—,0.000
trio-casters,5,6,boss,300,200,0.000,0.000,1.000,—,—,3.00,1.000,—,0.000
trio-casters,5,7,solo,180,200,0.000,0.000,1.000,—,—,3.00,1.000,—,0.000
trio-casters,5,7,solo,300,200,0.000,0.000,1.000,—,—,3.00,1.000,—,0.000
trio-casters,5,7,pack,180,200,0.000,0.000,1.000,—,—,3.00,1.000,—,0.000
trio-casters,5,7,pack,300,200,0.000,0.000,1.000,—,—,3.00,1.000,—,0.000
trio-casters,5,7,boss,180,200,0.000,0.000,1.000,—,—,3.00,1.000,—,0.000
trio-casters,5,7,boss,300,200,0.000,0.000,1.000,—,—,3.00,1.000,—,0.000
trio-casters,5,8,solo,180,200,0.000,0.000,1.000,—,—,3.00,1.000,—,0.000
trio-casters,5,8,solo,300,200,0.000,0.000,1.000,—,—,3.00,1.000,—,0.000
trio-casters,5,8,pack,180,200,0.000,0.000,1.000,—,—,3.00,1.000,—,0.000
trio-casters,5,8,pack,300,200,0.000,0.000,1.000,—,—,3.00,1.000,—,0.000
trio-casters,5,8,boss,180,200,0.000,0.000,1.000,—,—,3.00,1.000,—,0.000
trio-casters,5,8,boss,300,200,0.000,0.000,1.000,—,—,3.00,1.000,—,0.000
trio-casters,10,1,solo,180,200,1.000,0.000,0.000,1.000,0.0,0.00,0.000,—,1.560
trio-casters,10,1,solo,300,200,1.000,0.000,0.000,1.000,0.0,0.00,0.000,—,1.560
trio-casters,10,1,pack,180,200,1.000,0.000,0.000,0.916,5.3,0.00,0.084,—,1.516
trio-casters,10,1,pack,300,200,1.000,0.000,0.000,0.922,5.4,0.00,0.078,—,1.520
trio-casters,10,1,boss,180,200,1.000,0.000,0.000,0.856,9.9,0.00,0.144,—,1.485
trio-casters,10,1,boss,300,200,1.000,0.000,0.000,0.862,9.9,0.00,0.138,—,1.488
trio-casters,10,2,solo,180,200,1.000,0.000,0.000,0.965,1.2,0.00,0.035,—,1.542
trio-casters,10,2,solo,300,200,1.000,0.000,0.000,0.961,1.3,0.00,0.039,—,1.540
trio-casters,10,2,pack,180,200,1.000,0.000,0.000,0.806,9.8,0.01,0.194,—,1.459
trio-casters,10,2,pack,300,200,1.000,0.000,0.000,0.796,10.8,0.06,0.204,—,1.454
trio-casters,10,2,boss,180,200,1.000,0.000,0.000,0.867,17.7,0.00,0.133,—,1.491
trio-casters,10,2,boss,300,200,1.000,0.000,0.000,0.867,17.9,0.00,0.133,—,1.491
trio-casters,10,3,solo,180,200,1.000,0.000,0.000,0.799,4.4,0.00,0.201,—,1.455
trio-casters,10,3,solo,300,200,1.000,0.000,0.000,0.799,4.4,0.00,0.201,—,1.456
trio-casters,10,3,pack,180,200,0.000,0.000,1.000,—,—,3.00,1.000,—,0.000
trio-casters,10,3,pack,300,200,0.000,0.000,1.000,—,—,3.00,1.000,—,0.000
trio-casters,10,3,boss,180,200,0.005,0.140,0.855,0.359,50.0,2.85,0.968,—,0.006
trio-casters,10,3,boss,300,200,0.000,0.160,0.840,—,—,2.84,0.966,—,0.000
trio-casters,10,4,solo,180,200,0.470,0.000,0.530,0.540,11.2,2.00,0.746,—,0.621
trio-casters,10,4,solo,300,200,0.465,0.000,0.535,0.539,11.2,2.02,0.749,—,0.614
trio-casters,10,4,pack,180,200,0.000,0.000,1.000,—,—,3.00,1.000,—,0.000
trio-casters,10,4,pack,300,200,0.000,0.000,1.000,—,—,3.00,1.000,—,0.000
trio-casters,10,4,boss,180,200,0.000,0.000,1.000,—,—,3.00,1.000,—,0.000
trio-casters,10,4,boss,300,200,0.000,0.000,1.000,—,—,3.00,1.000,—,0.000
trio-casters,10,5,solo,180,200,0.000,0.000,1.000,—,—,3.00,1.000,—,0.000
trio-casters,10,5,solo,300,200,0.000,0.000,1.000,—,—,3.00,1.000,—,0.000
trio-casters,10,5,pack,180,200,0.000,0.000,1.000,—,—,3.00,1.000,—,0.000
trio-casters,10,5,pack,300,200,0.000,0.000,1.000,—,—,3.00,1.000,—,0.000
trio-casters,10,5,boss,180,200,0.000,0.000,1.000,—,—,3.00,1.000,—,0.000
trio-casters,10,5,boss,300,200,0.000,0.000,1.000,—,—,3.00,1.000,—,0.000
trio-casters,10,6,solo,180,200,0.000,0.000,1.000,—,—,3.00,1.000,—,0.000
trio-casters,10,6,solo,300,200,0.000,0.000,1.000,—,—,3.00,1.000,—,0.000
trio-casters,10,6,pack,180,200,0.000,0.000,1.000,—,—,3.00,1.000,—,0.000
trio-casters,10,6,pack,300,200,0.000,0.000,1.000,—,—,3.00,1.000,—,0.000
trio-casters,10,6,boss,180,200,0.000,0.000,1.000,—,—,3.00,1.000,—,0.000
trio-casters,10,6,boss,300,200,0.000,0.000,1.000,—,—,3.00,1.000,—,0.000
trio-casters,10,7,solo,180,200,0.000,0.000,1.000,—,—,3.00,1.000,—,0.000
trio-casters,10,7,solo,300,200,0.000,0.000,1.000,—,—,3.00,1.000,—,0.000
trio-casters,10,7,pack,180,200,0.000,0.000,1.000,—,—,3.00,1.000,—,0.000
trio-casters,10,7,pack,300,200,0.000,0.000,1.000,—,—,3.00,1.000,—,0.000
trio-casters,10,7,boss,180,200,0.000,0.000,1.000,—,—,3.00,1.000,—,0.000
trio-casters,10,7,boss,300,200,0.000,0.000,1.000,—,—,3.00,1.000,—,0.000
trio-casters,10,8,solo,180,200,0.000,0.000,1.000,—,—,3.00,1.000,—,0.000
trio-casters,10,8,solo,300,200,0.000,0.000,1.000,—,—,3.00,1.000,—,0.000
trio-casters,10,8,pack,180,200,0.000,0.000,1.000,—,—,3.00,1.000,—,0.000
trio-casters,10,8,pack,300,200,0.000,0.000,1.000,—,—,3.00,1.000,—,0.000
trio-casters,10,8,boss,180,200,0.000,0.000,1.000,—,—,3.00,1.000,—,0.000
trio-casters,10,8,boss,300,200,0.000,0.000,1.000,—,—,3.00,1.000,—,0.000
trio-casters,20,1,solo,180,200,1.000,0.000,0.000,1.000,0.0,0.00,0.000,—,1.620
trio-casters,20,1,solo,300,200,1.000,0.000,0.000,1.000,0.0,0.00,0.000,—,1.620
trio-casters,20,1,pack,180,200,1.000,0.000,0.000,0.978,1.4,0.00,0.022,—,1.608
trio-casters,20,1,pack,300,200,1.000,0.000,0.000,0.978,1.4,0.00,0.022,—,1.608
trio-casters,20,1,boss,180,200,1.000,0.000,0.000,0.934,5.0,0.00,0.066,—,1.585
trio-casters,20,1,boss,300,200,1.000,0.000,0.000,0.935,5.0,0.00,0.065,—,1.585
trio-casters,20,2,solo,180,200,1.000,0.000,0.000,1.000,0.0,0.00,0.000,—,1.620
trio-casters,20,2,solo,300,200,1.000,0.000,0.000,1.000,0.0,0.00,0.000,—,1.620
trio-casters,20,2,pack,180,200,1.000,0.000,0.000,0.880,4.8,0.00,0.120,—,1.555
trio-casters,20,2,pack,300,200,1.000,0.000,0.000,0.880,4.8,0.00,0.120,—,1.555
trio-casters,20,2,boss,180,200,1.000,0.000,0.000,0.860,8.8,0.00,0.140,—,1.544
trio-casters,20,2,boss,300,200,1.000,0.000,0.000,0.868,8.7,0.00,0.132,—,1.548
trio-casters,20,3,solo,180,200,1.000,0.000,0.000,0.937,1.2,0.00,0.063,—,1.586
trio-casters,20,3,solo,300,200,1.000,0.000,0.000,0.937,1.2,0.00,0.063,—,1.586
trio-casters,20,3,pack,180,200,0.910,0.090,0.000,0.697,15.9,0.63,0.341,—,1.325
trio-casters,20,3,pack,300,200,0.880,0.120,0.000,0.700,15.6,0.67,0.351,—,1.283
trio-casters,20,3,boss,180,200,1.000,0.000,0.000,0.781,21.7,0.24,0.219,—,1.502
trio-casters,20,3,boss,300,200,1.000,0.000,0.000,0.751,23.4,0.34,0.249,—,1.486
trio-casters,20,4,solo,180,200,1.000,0.000,0.000,0.769,3.9,0.02,0.231,—,1.495
trio-casters,20,4,solo,300,200,1.000,0.000,0.000,0.768,4.0,0.02,0.232,—,1.495
trio-casters,20,4,pack,180,200,0.000,0.005,0.995,—,—,3.00,0.999,—,0.000
trio-casters,20,4,pack,300,200,0.000,0.000,1.000,—,—,3.00,1.000,—,0.000
trio-casters,20,4,boss,180,200,0.000,0.000,1.000,—,—,3.00,1.000,—,0.000
trio-casters,20,4,boss,300,200,0.000,0.000,1.000,—,—,3.00,1.000,—,0.000
trio-casters,20,5,solo,180,200,0.410,0.000,0.590,0.535,8.0,1.82,0.780,—,0.561
trio-casters,20,5,solo,300,200,0.495,0.000,0.505,0.538,7.9,1.58,0.733,—,0.679
trio-casters,20,5,pack,180,200,0.000,0.000,1.000,—,—,3.00,1.000,—,0.000
trio-casters,20,5,pack,300,200,0.000,0.000,1.000,—,—,3.00,1.000,—,0.000
trio-casters,20,5,boss,180,200,0.000,0.000,1.000,—,—,3.00,1.000,—,0.000
trio-casters,20,5,boss,300,200,0.000,0.000,1.000,—,—,3.00,1.000,—,0.000
trio-casters,20,6,solo,180,200,0.000,0.000,1.000,—,—,3.00,1.000,—,0.000
trio-casters,20,6,solo,300,200,0.000,0.000,1.000,—,—,3.00,1.000,—,0.000
trio-casters,20,6,pack,180,200,0.000,0.000,1.000,—,—,3.00,1.000,—,0.000
trio-casters,20,6,pack,300,200,0.000,0.000,1.000,—,—,3.00,1.000,—,0.000
trio-casters,20,6,boss,180,200,0.000,0.000,1.000,—,—,3.00,1.000,—,0.000
trio-casters,20,6,boss,300,200,0.000,0.000,1.000,—,—,3.00,1.000,—,0.000
trio-casters,20,7,solo,180,200,0.000,0.000,1.000,—,—,3.00,1.000,—,0.000
trio-casters,20,7,solo,300,200,0.000,0.000,1.000,—,—,3.00,1.000,—,0.000
trio-casters,20,7,pack,180,200,0.000,0.000,1.000,—,—,3.00,1.000,—,0.000
trio-casters,20,7,pack,300,200,0.000,0.000,1.000,—,—,3.00,1.000,—,0.000
trio-casters,20,7,boss,180,200,0.000,0.000,1.000,—,—,3.00,1.000,—,0.000
trio-casters,20,7,boss,300,200,0.000,0.000,1.000,—,—,3.00,1.000,—,0.000
trio-casters,20,8,solo,180,200,0.000,0.000,1.000,—,—,3.00,1.000,—,0.000
trio-casters,20,8,solo,300,200,0.000,0.000,1.000,—,—,3.00,1.000,—,0.000
trio-casters,20,8,pack,180,200,0.000,0.000,1.000,—,—,3.00,1.000,—,0.000
trio-casters,20,8,pack,300,200,0.000,0.000,1.000,—,—,3.00,1.000,—,0.000
trio-casters,20,8,boss,180,200,0.000,0.000,1.000,—,—,3.00,1.000,—,0.000
trio-casters,20,8,boss,300,200,0.000,0.000,1.000,—,—,3.00,1.000,—,0.000
trio-casters,35,1,solo,180,200,1.000,0.000,0.000,1.000,0.0,0.00,0.000,—,1.710
trio-casters,35,1,solo,300,200,1.000,0.000,0.000,1.000,0.0,0.00,0.000,—,1.710
trio-casters,35,1,pack,180,200,1.000,0.000,0.000,0.985,1.1,0.00,0.015,—,1.701
trio-casters,35,1,pack,300,200,1.000,0.000,0.000,0.985,1.1,0.00,0.015,—,1.701
trio-casters,35,1,boss,180,200,1.000,0.000,0.000,0.959,3.1,0.00,0.041,—,1.687
trio-casters,35,1,boss,300,200,1.000,0.000,0.000,0.958,3.2,0.00,0.042,—,1.686
trio-casters,35,2,solo,180,200,1.000,0.000,0.000,1.000,0.0,0.00,0.000,—,1.710
trio-casters,35,2,solo,300,200,1.000,0.000,0.000,1.000,0.0,0.00,0.000,—,1.710
trio-casters,35,2,pack,180,200,1.000,0.000,0.000,0.971,1.2,0.00,0.029,—,1.693
trio-casters,35,2,pack,300,200,1.000,0.000,0.000,0.971,1.3,0.00,0.029,—,1.693
trio-casters,35,2,boss,180,200,1.000,0.000,0.000,0.918,4.9,0.00,0.082,—,1.663
trio-casters,35,2,boss,300,200,1.000,0.000,0.000,0.918,4.9,0.00,0.082,—,1.663
trio-casters,35,3,solo,180,200,1.000,0.000,0.000,1.000,0.0,0.00,0.000,—,1.710
trio-casters,35,3,solo,300,200,1.000,0.000,0.000,1.000,0.0,0.00,0.000,—,1.710
trio-casters,35,3,pack,180,200,1.000,0.000,0.000,0.849,4.5,0.00,0.151,—,1.624
trio-casters,35,3,pack,300,200,1.000,0.000,0.000,0.849,4.5,0.00,0.151,—,1.624
trio-casters,35,3,boss,180,200,1.000,0.000,0.000,0.834,8.0,0.00,0.166,—,1.616
trio-casters,35,3,boss,300,200,1.000,0.000,0.000,0.828,8.1,0.00,0.172,—,1.612
trio-casters,35,4,solo,180,200,1.000,0.000,0.000,0.910,1.2,0.00,0.090,—,1.659
trio-casters,35,4,solo,300,200,1.000,0.000,0.000,0.910,1.2,0.00,0.090,—,1.658
trio-casters,35,4,pack,180,200,0.505,0.065,0.430,0.687,10.5,1.74,0.636,—,0.773
trio-casters,35,4,pack,300,200,0.450,0.080,0.470,0.688,10.1,1.82,0.670,—,0.690
trio-casters,35,4,boss,180,200,1.000,0.000,0.000,0.499,57.9,0.96,0.501,—,1.424
trio-casters,35,4,boss,300,200,1.000,0.000,0.000,0.489,59.1,0.97,0.511,—,1.419
trio-casters,35,5,solo,180,200,1.000,0.000,0.000,0.667,5.0,0.55,0.333,—,1.520
trio-casters,35,5,solo,300,200,1.000,0.000,0.000,0.668,4.9,0.50,0.332,—,1.520
trio-casters,35,5,pack,180,200,0.000,0.000,1.000,—,—,3.00,1.000,—,0.000
trio-casters,35,5,pack,300,200,0.000,0.000,1.000,—,—,3.00,1.000,—,0.000
trio-casters,35,5,boss,180,200,0.000,0.000,1.000,—,—,3.00,1.000,—,0.000
trio-casters,35,5,boss,300,200,0.000,0.000,1.000,—,—,3.00,1.000,—,0.000
trio-casters,35,6,solo,180,200,0.000,0.000,1.000,—,—,3.00,1.000,—,0.000
trio-casters,35,6,solo,300,200,0.000,0.000,1.000,—,—,3.00,1.000,—,0.000
trio-casters,35,6,pack,180,200,0.000,0.000,1.000,—,—,3.00,1.000,—,0.000
trio-casters,35,6,pack,300,200,0.000,0.000,1.000,—,—,3.00,1.000,—,0.000
trio-casters,35,6,boss,180,200,0.000,0.000,1.000,—,—,3.00,1.000,—,0.000
trio-casters,35,6,boss,300,200,0.000,0.000,1.000,—,—,3.00,1.000,—,0.000
trio-casters,35,7,solo,180,200,0.000,0.000,1.000,—,—,3.00,1.000,—,0.000
trio-casters,35,7,solo,300,200,0.000,0.000,1.000,—,—,3.00,1.000,—,0.000
trio-casters,35,7,pack,180,200,0.000,0.000,1.000,—,—,3.00,1.000,—,0.000
trio-casters,35,7,pack,300,200,0.000,0.000,1.000,—,—,3.00,1.000,—,0.000
trio-casters,35,7,boss,180,200,0.000,0.000,1.000,—,—,3.00,1.000,—,0.000
trio-casters,35,7,boss,300,200,0.000,0.000,1.000,—,—,3.00,1.000,—,0.000
trio-casters,35,8,solo,180,200,0.000,0.000,1.000,—,—,3.00,1.000,—,0.000
trio-casters,35,8,solo,300,200,0.000,0.000,1.000,—,—,3.00,1.000,—,0.000
trio-casters,35,8,pack,180,200,0.000,0.000,1.000,—,—,3.00,1.000,—,0.000
trio-casters,35,8,pack,300,200,0.000,0.000,1.000,—,—,3.00,1.000,—,0.000
trio-casters,35,8,boss,180,200,0.000,0.000,1.000,—,—,3.00,1.000,—,0.000
trio-casters,35,8,boss,300,200,0.000,0.000,1.000,—,—,3.00,1.000,—,0.000
trio-casters,50,1,solo,180,200,1.000,0.000,0.000,1.000,0.0,0.00,0.000,—,1.800
trio-casters,50,1,solo,300,200,1.000,0.000,0.000,1.000,0.0,0.00,0.000,—,1.800
trio-casters,50,1,pack,180,200,1.000,0.000,0.000,0.988,1.0,0.00,0.012,—,1.793
trio-casters,50,1,pack,300,200,1.000,0.000,0.000,0.988,1.0,0.00,0.012,—,1.793
trio-casters,50,1,boss,180,200,1.000,0.000,0.000,0.982,2.0,0.00,0.018,—,1.789
trio-casters,50,1,boss,300,200,1.000,0.000,0.000,0.982,2.0,0.00,0.018,—,1.789
trio-casters,50,2,solo,180,200,1.000,0.000,0.000,1.000,0.0,0.00,0.000,—,1.800
trio-casters,50,2,solo,300,200,1.000,0.000,0.000,1.000,0.0,0.00,0.000,—,1.800
trio-casters,50,2,pack,180,200,1.000,0.000,0.000,0.978,1.0,0.00,0.022,—,1.787
trio-casters,50,2,pack,300,200,1.000,0.000,0.000,0.978,1.0,0.00,0.022,—,1.787
trio-casters,50,2,boss,180,200,1.000,0.000,0.000,0.936,3.4,0.00,0.064,—,1.762
trio-casters,50,2,boss,300,200,1.000,0.000,0.000,0.936,3.5,0.00,0.064,—,1.762
trio-casters,50,3,solo,180,200,1.000,0.000,0.000,1.000,0.0,0.00,0.000,—,1.800
trio-casters,50,3,solo,300,200,1.000,0.000,0.000,1.000,0.0,0.00,0.000,—,1.800
trio-casters,50,3,pack,180,200,1.000,0.000,0.000,0.892,3.0,0.00,0.108,—,1.735
trio-casters,50,3,pack,300,200,1.000,0.000,0.000,0.891,3.0,0.00,0.109,—,1.734
trio-casters,50,3,boss,180,200,1.000,0.000,0.000,0.922,5.2,0.00,0.078,—,1.753
trio-casters,50,3,boss,300,200,1.000,0.000,0.000,0.929,5.2,0.00,0.071,—,1.757
trio-casters,50,4,solo,180,200,1.000,0.000,0.000,0.994,0.1,0.00,0.006,—,1.796
trio-casters,50,4,solo,300,200,1.000,0.000,0.000,0.992,0.1,0.00,0.008,—,1.795
trio-casters,50,4,pack,180,200,1.000,0.000,0.000,0.804,6.4,0.10,0.196,—,1.683
trio-casters,50,4,pack,300,200,1.000,0.000,0.000,0.810,6.5,0.10,0.190,—,1.686
trio-casters,50,4,boss,180,200,1.000,0.000,0.000,0.798,9.7,0.00,0.202,—,1.679
trio-casters,50,4,boss,300,200,1.000,0.000,0.000,0.801,9.8,0.01,0.199,—,1.681
trio-casters,50,5,solo,180,200,1.000,0.000,0.000,0.867,2.0,0.00,0.133,—,1.720
trio-casters,50,5,solo,300,200,1.000,0.000,0.000,0.868,2.0,0.00,0.132,—,1.721
trio-casters,50,5,pack,180,200,0.245,0.300,0.455,0.491,24.1,2.21,0.815,—,0.366
trio-casters,50,5,pack,300,200,0.220,0.270,0.510,0.507,25.0,2.29,0.830,—,0.331
trio-casters,50,5,boss,180,200,0.005,0.000,0.995,0.455,90.0,2.99,0.998,—,0.007
trio-casters,50,5,boss,300,200,0.005,0.000,0.995,0.342,70.0,2.99,0.998,—,0.007
trio-casters,50,6,solo,180,200,0.055,0.000,0.945,0.659,5.5,2.85,0.964,—,0.088
trio-casters,50,6,solo,300,200,0.045,0.000,0.955,0.645,5.0,2.87,0.971,—,0.071
trio-casters,50,6,pack,180,200,0.000,0.000,1.000,—,—,3.00,1.000,—,0.000
trio-casters,50,6,pack,300,200,0.000,0.000,1.000,—,—,3.00,1.000,—,0.000
trio-casters,50,6,boss,180,200,0.000,0.000,1.000,—,—,3.00,1.000,—,0.000
trio-casters,50,6,boss,300,200,0.000,0.000,1.000,—,—,3.00,1.000,—,0.000
trio-casters,50,7,solo,180,200,0.000,0.000,1.000,—,—,3.00,1.000,—,0.000
trio-casters,50,7,solo,300,200,0.000,0.000,1.000,—,—,3.00,1.000,—,0.000
trio-casters,50,7,pack,180,200,0.000,0.000,1.000,—,—,3.00,1.000,—,0.000
trio-casters,50,7,pack,300,200,0.000,0.000,1.000,—,—,3.00,1.000,—,0.000
trio-casters,50,7,boss,180,200,0.000,0.000,1.000,—,—,3.00,1.000,—,0.000
trio-casters,50,7,boss,300,200,0.000,0.000,1.000,—,—,3.00,1.000,—,0.000
trio-casters,50,8,solo,180,200,0.000,0.000,1.000,—,—,3.00,1.000,—,0.000
trio-casters,50,8,solo,300,200,0.000,0.000,1.000,—,—,3.00,1.000,—,0.000
trio-casters,50,8,pack,180,200,0.000,0.000,1.000,—,—,3.00,1.000,—,0.000
trio-casters,50,8,pack,300,200,0.000,0.000,1.000,—,—,3.00,1.000,—,0.000
trio-casters,50,8,boss,180,200,0.000,0.000,1.000,—,—,3.00,1.000,—,0.000
trio-casters,50,8,boss,300,200,0.000,0.000,1.000,—,—,3.00,1.000,—,0.000
trio-double-tank,1,1,solo,180,200,1.000,0.000,0.000,0.950,6.0,0.00,0.050,1.000,1.481
trio-double-tank,1,1,solo,300,200,1.000,0.000,0.000,0.952,6.0,0.00,0.048,1.000,1.482
trio-double-tank,1,1,pack,180,200,1.000,0.000,0.000,0.991,39.8,0.00,0.009,1.000,1.502
trio-double-tank,1,1,pack,300,200,1.000,0.000,0.000,0.990,39.3,0.00,0.010,1.000,1.501
trio-double-tank,1,1,boss,180,200,1.000,0.000,0.000,0.998,77.0,0.00,0.002,1.000,1.505
trio-double-tank,1,1,boss,300,200,1.000,0.000,0.000,0.998,77.0,0.00,0.002,1.000,1.505
trio-double-tank,1,2,solo,180,200,1.000,0.000,0.000,0.931,17.8,0.00,0.069,1.000,1.471
trio-double-tank,1,2,solo,300,200,1.000,0.000,0.000,0.932,18.1,0.00,0.068,1.000,1.472
trio-double-tank,1,2,pack,180,200,0.000,0.000,1.000,—,—,3.00,1.000,0.753,0.000
trio-double-tank,1,2,pack,300,200,0.000,0.000,1.000,—,—,3.00,1.000,0.759,0.000
trio-double-tank,1,2,boss,180,200,0.180,0.365,0.455,0.930,155.1,1.79,0.668,0.921,0.265
trio-double-tank,1,2,boss,300,200,0.315,0.130,0.555,0.786,194.1,1.91,0.691,0.917,0.441
trio-double-tank,1,3,solo,180,200,0.900,0.000,0.100,0.628,46.2,0.80,0.435,0.975,1.187
trio-double-tank,1,3,solo,300,200,0.900,0.000,0.100,0.618,46.0,0.82,0.444,0.977,1.183
trio-double-tank,1,3,pack,180,200,0.000,0.000,1.000,—,—,3.00,1.000,0.761,0.000
trio-double-tank,1,3,pack,300,200,0.000,0.000,1.000,—,—,3.00,1.000,0.762,0.000
trio-double-tank,1,3,boss,180,200,0.000,0.000,1.000,—,—,3.00,1.000,0.782,0.000
trio-double-tank,1,3,boss,300,200,0.000,0.000,1.000,—,—,3.00,1.000,0.781,0.000
trio-double-tank,1,4,solo,180,200,0.000,0.000,1.000,—,—,3.00,1.000,0.748,0.000
trio-double-tank,1,4,solo,300,200,0.000,0.000,1.000,—,—,3.00,1.000,0.750,0.000
trio-double-tank,1,4,pack,180,200,0.000,0.000,1.000,—,—,3.00,1.000,0.696,0.000
trio-double-tank,1,4,pack,300,200,0.000,0.000,1.000,—,—,3.00,1.000,0.698,0.000
trio-double-tank,1,4,boss,180,200,0.000,0.000,1.000,—,—,3.00,1.000,0.686,0.000
trio-double-tank,1,4,boss,300,200,0.000,0.000,1.000,—,—,3.00,1.000,0.682,0.000
trio-double-tank,1,5,solo,180,200,0.000,0.000,1.000,—,—,3.00,1.000,0.788,0.000
trio-double-tank,1,5,solo,300,200,0.000,0.000,1.000,—,—,3.00,1.000,0.781,0.000
trio-double-tank,1,5,pack,180,200,0.000,0.000,1.000,—,—,3.00,1.000,0.781,0.000
trio-double-tank,1,5,pack,300,200,0.000,0.000,1.000,—,—,3.00,1.000,0.780,0.000
trio-double-tank,1,5,boss,180,200,0.000,0.000,1.000,—,—,3.00,1.000,0.744,0.000
trio-double-tank,1,5,boss,300,200,0.000,0.000,1.000,—,—,3.00,1.000,0.741,0.000
trio-double-tank,1,6,solo,180,200,0.000,0.000,1.000,—,—,3.00,1.000,0.682,0.000
trio-double-tank,1,6,solo,300,200,0.000,0.000,1.000,—,—,3.00,1.000,0.681,0.000
trio-double-tank,1,6,pack,180,200,0.000,0.000,1.000,—,—,3.00,1.000,0.673,0.000
trio-double-tank,1,6,pack,300,200,0.000,0.000,1.000,—,—,3.00,1.000,0.682,0.000
trio-double-tank,1,6,boss,180,200,0.000,0.000,1.000,—,—,3.00,1.000,0.679,0.000
trio-double-tank,1,6,boss,300,200,0.000,0.000,1.000,—,—,3.00,1.000,0.677,0.000
trio-double-tank,1,7,solo,180,200,0.000,0.000,1.000,—,—,3.00,1.000,0.671,0.000
trio-double-tank,1,7,solo,300,200,0.000,0.000,1.000,—,—,3.00,1.000,0.669,0.000
trio-double-tank,1,7,pack,180,200,0.000,0.000,1.000,—,—,3.00,1.000,0.671,0.000
trio-double-tank,1,7,pack,300,200,0.000,0.000,1.000,—,—,3.00,1.000,0.672,0.000
trio-double-tank,1,7,boss,180,200,0.000,0.000,1.000,—,—,3.00,1.000,0.675,0.000
trio-double-tank,1,7,boss,300,200,0.000,0.000,1.000,—,—,3.00,1.000,0.672,0.000
trio-double-tank,1,8,solo,180,200,0.000,0.000,1.000,—,—,3.00,1.000,0.669,0.000
trio-double-tank,1,8,solo,300,200,0.000,0.000,1.000,—,—,3.00,1.000,0.668,0.000
trio-double-tank,1,8,pack,180,200,0.000,0.000,1.000,—,—,3.00,1.000,0.671,0.000
trio-double-tank,1,8,pack,300,200,0.000,0.000,1.000,—,—,3.00,1.000,0.668,0.000
trio-double-tank,1,8,boss,180,200,0.000,0.000,1.000,—,—,3.00,1.000,0.669,0.000
trio-double-tank,1,8,boss,300,200,0.000,0.000,1.000,—,—,3.00,1.000,0.669,0.000
trio-double-tank,5,1,solo,180,200,1.000,0.000,0.000,0.980,1.9,0.00,0.020,1.000,1.520
trio-double-tank,5,1,solo,300,200,1.000,0.000,0.000,0.981,1.7,0.00,0.019,1.000,1.520
trio-double-tank,5,1,pack,180,200,1.000,0.000,0.000,0.956,18.4,0.00,0.044,1.000,1.507
trio-double-tank,5,1,pack,300,200,1.000,0.000,0.000,0.950,17.7,0.00,0.050,1.000,1.504
trio-double-tank,5,1,boss,180,200,1.000,0.000,0.000,0.983,43.8,0.00,0.017,1.000,1.521
trio-double-tank,5,1,boss,300,200,1.000,0.000,0.000,0.986,43.4,0.00,0.014,1.000,1.523
trio-double-tank,5,2,solo,180,200,1.000,0.000,0.000,0.934,6.2,0.00,0.066,1.000,1.496
trio-double-tank,5,2,solo,300,200,1.000,0.000,0.000,0.933,6.5,0.00,0.067,1.000,1.496
trio-double-tank,5,2,pack,180,200,1.000,0.000,0.000,0.978,47.9,0.01,0.022,1.000,1.519
trio-double-tank,5,2,pack,300,200,1.000,0.000,0.000,0.979,47.5,0.01,0.021,1.000,1.519
trio-double-tank,5,2,boss,180,200,1.000,0.000,0.000,0.992,92.9,0.00,0.008,1.000,1.526
trio-double-tank,5,2,boss,300,200,1.000,0.000,0.000,0.990,92.2,0.00,0.010,1.000,1.525
trio-double-tank,5,3,solo,180,200,1.000,0.000,0.000,0.942,23.8,0.00,0.058,1.000,1.501
trio-double-tank,5,3,solo,300,200,1.000,0.000,0.000,0.941,23.6,0.00,0.059,1.000,1.500
trio-double-tank,5,3,pack,180,200,0.000,0.000,1.000,—,—,3.00,1.000,0.761,0.000
trio-double-tank,5,3,pack,300,200,0.000,0.000,1.000,—,—,3.00,1.000,0.764,0.000
trio-double-tank,5,3,boss,180,200,0.000,0.085,0.915,—,—,2.83,0.958,0.816,0.000
trio-double-tank,5,3,boss,300,200,0.015,0.035,0.950,0.940,182.0,2.88,0.971,0.806,0.022
trio-double-tank,5,4,solo,180,200,0.320,0.000,0.680,0.544,60.0,2.33,0.826,0.876,0.415
trio-double-tank,5,4,solo,300,200,0.215,0.000,0.785,0.574,59.4,2.52,0.877,0.858,0.282
trio-double-tank,5,4,pack,180,200,0.000,0.000,1.000,—,—,3.00,1.000,0.753,0.000
trio-double-tank,5,4,pack,300,200,0.000,0.000,1.000,—,—,3.00,1.000,0.751,0.000
trio-double-tank,5,4,boss,180,200,0.000,0.000,1.000,—,—,3.00,1.000,0.753,0.000
trio-double-tank,5,4,boss,300,200,0.000,0.000,1.000,—,—,3.00,1.000,0.750,0.000
trio-double-tank,5,5,solo,180,200,0.000,0.000,1.000,—,—,3.00,1.000,0.811,0.000
trio-double-tank,5,5,solo,300,200,0.000,0.000,1.000,—,—,3.00,1.000,0.812,0.000
trio-double-tank,5,5,pack,180,200,0.000,0.000,1.000,—,—,3.00,1.000,0.788,0.000
trio-double-tank,5,5,pack,300,200,0.000,0.000,1.000,—,—,3.00,1.000,0.784,0.000
trio-double-tank,5,5,boss,180,200,0.000,0.000,1.000,—,—,3.00,1.000,0.677,0.000
trio-double-tank,5,5,boss,300,200,0.000,0.000,1.000,—,—,3.00,1.000,0.676,0.000
trio-double-tank,5,6,solo,180,200,0.000,0.000,1.000,—,—,3.00,1.000,0.686,0.000
trio-double-tank,5,6,solo,300,200,0.000,0.000,1.000,—,—,3.00,1.000,0.689,0.000
trio-double-tank,5,6,pack,180,200,0.000,0.000,1.000,—,—,3.00,1.000,0.690,0.000
trio-double-tank,5,6,pack,300,200,0.000,0.000,1.000,—,—,3.00,1.000,0.682,0.000
trio-double-tank,5,6,boss,180,200,0.000,0.000,1.000,—,—,3.00,1.000,0.759,0.000
trio-double-tank,5,6,boss,300,200,0.000,0.000,1.000,—,—,3.00,1.000,0.757,0.000
trio-double-tank,5,7,solo,180,200,0.000,0.000,1.000,—,—,3.00,1.000,0.671,0.000
trio-double-tank,5,7,solo,300,200,0.000,0.000,1.000,—,—,3.00,1.000,0.674,0.000
trio-double-tank,5,7,pack,180,200,0.000,0.000,1.000,—,—,3.00,1.000,0.673,0.000
trio-double-tank,5,7,pack,300,200,0.000,0.000,1.000,—,—,3.00,1.000,0.673,0.000
trio-double-tank,5,7,boss,180,200,0.000,0.000,1.000,—,—,3.00,1.000,0.678,0.000
trio-double-tank,5,7,boss,300,200,0.000,0.000,1.000,—,—,3.00,1.000,0.677,0.000
trio-double-tank,5,8,solo,180,200,0.000,0.000,1.000,—,—,3.00,1.000,0.671,0.000
trio-double-tank,5,8,solo,300,200,0.000,0.000,1.000,—,—,3.00,1.000,0.669,0.000
trio-double-tank,5,8,pack,180,200,0.000,0.000,1.000,—,—,3.00,1.000,0.668,0.000
trio-double-tank,5,8,pack,300,200,0.000,0.000,1.000,—,—,3.00,1.000,0.670,0.000
trio-double-tank,5,8,boss,180,200,0.000,0.000,1.000,—,—,3.00,1.000,0.668,0.000
trio-double-tank,5,8,boss,300,200,0.000,0.000,1.000,—,—,3.00,1.000,0.671,0.000
trio-double-tank,10,1,solo,180,200,1.000,0.000,0.000,1.000,0.0,0.00,0.000,—,1.560
trio-double-tank,10,1,solo,300,200,1.000,0.000,0.000,1.000,0.0,0.00,0.000,—,1.560
trio-double-tank,10,1,pack,180,200,1.000,0.000,0.000,0.944,8.8,0.00,0.056,1.000,1.531
trio-double-tank,10,1,pack,300,200,1.000,0.000,0.000,0.943,8.8,0.00,0.057,1.000,1.531
trio-double-tank,10,1,boss,180,200,1.000,0.000,0.000,0.924,18.1,0.00,0.076,1.000,1.521
trio-double-tank,10,1,boss,300,200,1.000,0.000,0.000,0.927,18.1,0.00,0.073,1.000,1.522
trio-double-tank,10,2,solo,180,200,1.000,0.000,0.000,0.944,4.1,0.00,0.056,1.000,1.531
trio-double-tank,10,2,solo,300,200,1.000,0.000,0.000,0.945,4.1,0.00,0.055,1.000,1.531
trio-double-tank,10,2,pack,180,200,1.000,0.000,0.000,0.996,28.6,0.00,0.004,1.000,1.558
trio-double-tank,10,2,pack,300,200,1.000,0.000,0.000,0.996,28.5,0.00,0.004,1.000,1.558
trio-double-tank,10,2,boss,180,200,1.000,0.000,0.000,0.995,56.4,0.00,0.005,1.000,1.557
trio-double-tank,10,2,boss,300,200,1.000,0.000,0.000,0.992,56.0,0.00,0.008,1.000,1.556
trio-double-tank,10,3,solo,180,200,1.000,0.000,0.000,0.931,10.9,0.00,0.069,1.000,1.524
trio-double-tank,10,3,solo,300,200,1.000,0.000,0.000,0.930,11.0,0.00,0.070,1.000,1.524
trio-double-tank,10,3,pack,180,200,1.000,0.000,0.000,0.862,72.8,0.35,0.138,1.000,1.488
trio-double-tank,10,3,pack,300,200,1.000,0.000,0.000,0.862,71.0,0.34,0.138,1.000,1.488
trio-double-tank,10,3,boss,180,200,1.000,0.000,0.000,0.965,113.8,0.00,0.035,1.000,1.542
trio-double-tank,10,3,boss,300,200,1.000,0.000,0.000,0.966,115.0,0.00,0.034,1.000,1.542
trio-double-tank,10,4,solo,180,200,1.000,0.000,0.000,0.946,33.1,0.00,0.054,1.000,1.532
trio-double-tank,10,4,solo,300,200,1.000,0.000,0.000,0.946,33.6,0.00,0.054,1.000,1.532
trio-double-tank,10,4,pack,180,200,0.000,0.000,1.000,—,—,3.00,1.000,0.782,0.000
trio-double-tank,10,4,pack,300,200,0.000,0.000,1.000,—,—,3.00,1.000,0.781,0.000
trio-double-tank,10,4,boss,180,200,0.000,0.000,1.000,—,—,3.00,1.000,0.797,0.000
trio-double-tank,10,4,boss,300,200,0.000,0.000,1.000,—,—,3.00,1.000,0.798,0.000
trio-double-tank,10,5,solo,180,200,0.000,0.000,1.000,—,—,3.00,1.000,0.808,0.000
trio-double-tank,10,5,solo,300,200,0.000,0.000,1.000,—,—,3.00,1.000,0.810,0.000
trio-double-tank,10,5,pack,180,200,0.000,0.000,1.000,—,—,3.00,1.000,0.745,0.000
trio-double-tank,10,5,pack,300,200,0.000,0.000,1.000,—,—,3.00,1.000,0.746,0.000
trio-double-tank,10,5,boss,180,200,0.000,0.000,1.000,—,—,3.00,1.000,0.750,0.000
trio-double-tank,10,5,boss,300,200,0.000,0.000,1.000,—,—,3.00,1.000,0.754,0.000
trio-double-tank,10,6,solo,180,200,0.000,0.000,1.000,—,—,3.00,1.000,0.814,0.000
trio-double-tank,10,6,solo,300,200,0.000,0.000,1.000,—,—,3.00,1.000,0.813,0.000
trio-double-tank,10,6,pack,180,200,0.000,0.000,1.000,—,—,3.00,1.000,0.804,0.000
trio-double-tank,10,6,pack,300,200,0.000,0.000,1.000,—,—,3.00,1.000,0.805,0.000
trio-double-tank,10,6,boss,180,200,0.000,0.000,1.000,—,—,3.00,1.000,0.750,0.000
trio-double-tank,10,6,boss,300,200,0.000,0.000,1.000,—,—,3.00,1.000,0.748,0.000
trio-double-tank,10,7,solo,180,200,0.000,0.000,1.000,—,—,3.00,1.000,0.689,0.000
trio-double-tank,10,7,solo,300,200,0.000,0.000,1.000,—,—,3.00,1.000,0.692,0.000
trio-double-tank,10,7,pack,180,200,0.000,0.000,1.000,—,—,3.00,1.000,0.686,0.000
trio-double-tank,10,7,pack,300,200,0.000,0.000,1.000,—,—,3.00,1.000,0.688,0.000
trio-double-tank,10,7,boss,180,200,0.000,0.000,1.000,—,—,3.00,1.000,0.700,0.000
trio-double-tank,10,7,boss,300,200,0.000,0.000,1.000,—,—,3.00,1.000,0.696,0.000
trio-double-tank,10,8,solo,180,200,0.000,0.000,1.000,—,—,3.00,1.000,0.668,0.000
trio-double-tank,10,8,solo,300,200,0.000,0.000,1.000,—,—,3.00,1.000,0.671,0.000
trio-double-tank,10,8,pack,180,200,0.000,0.000,1.000,—,—,3.00,1.000,0.674,0.000
trio-double-tank,10,8,pack,300,200,0.000,0.000,1.000,—,—,3.00,1.000,0.668,0.000
trio-double-tank,10,8,boss,180,200,0.000,0.000,1.000,—,—,3.00,1.000,0.677,0.000
trio-double-tank,10,8,boss,300,200,0.000,0.000,1.000,—,—,3.00,1.000,0.680,0.000
trio-double-tank,20,1,solo,180,200,1.000,0.000,0.000,1.000,0.0,0.00,0.000,—,1.620
trio-double-tank,20,1,solo,300,200,1.000,0.000,0.000,1.000,0.0,0.00,0.000,—,1.620
trio-double-tank,20,1,pack,180,200,1.000,0.000,0.000,0.983,6.0,0.00,0.017,1.000,1.611
trio-double-tank,20,1,pack,300,200,1.000,0.000,0.000,0.982,6.0,0.00,0.018,1.000,1.610
trio-double-tank,20,1,boss,180,200,1.000,0.000,0.000,0.973,12.0,0.00,0.027,1.000,1.606
trio-double-tank,20,1,boss,300,200,1.000,0.000,0.000,0.971,12.0,0.00,0.029,1.000,1.605
trio-double-tank,20,2,solo,180,200,1.000,0.000,0.000,1.000,0.0,0.00,0.000,—,1.620
trio-double-tank,20,2,solo,300,200,1.000,0.000,0.000,1.000,0.0,0.00,0.000,—,1.620
trio-double-tank,20,2,pack,180,200,1.000,0.000,0.000,0.937,11.7,0.00,0.063,1.000,1.586
trio-double-tank,20,2,pack,300,200,1.000,0.000,0.000,0.937,11.6,0.00,0.063,1.000,1.586
trio-double-tank,20,2,boss,180,200,1.000,0.000,0.000,0.939,21.1,0.00,0.061,1.000,1.587
trio-double-tank,20,2,boss,300,200,1.000,0.000,0.000,0.942,21.7,0.00,0.058,1.000,1.589
trio-double-tank,20,3,solo,180,200,1.000,0.000,0.000,0.947,4.9,0.00,0.053,1.000,1.592
trio-double-tank,20,3,solo,300,200,1.000,0.000,0.000,0.946,5.2,0.00,0.054,1.000,1.591
trio-double-tank,20,3,pack,180,200,1.000,0.000,0.000,0.984,34.6,0.00,0.016,1.000,1.611
trio-double-tank,20,3,pack,300,200,1.000,0.000,0.000,0.985,33.8,0.00,0.015,1.000,1.612
trio-double-tank,20,3,boss,180,200,1.000,0.000,0.000,0.997,66.7,0.00,0.003,1.000,1.618
trio-double-tank,20,3,boss,300,200,1.000,0.000,0.000,0.998,66.9,0.00,0.002,1.000,1.619
trio-double-tank,20,4,solo,180,200,1.000,0.000,0.000,0.954,15.2,0.00,0.046,1.000,1.595
trio-double-tank,20,4,solo,300,200,1.000,0.000,0.000,0.948,15.1,0.00,0.052,1.000,1.592
trio-double-tank,20,4,pack,180,200,1.000,0.000,0.000,0.805,99.9,0.50,0.195,1.000,1.515
trio-double-tank,20,4,pack,300,200,1.000,0.000,0.000,0.826,96.1,0.44,0.174,1.000,1.526
trio-double-tank,20,4,boss,180,200,0.985,0.015,0.000,0.973,143.4,0.01,0.033,1.000,1.581
trio-double-tank,20,4,boss,300,200,1.000,0.000,0.000,0.969,143.5,0.00,0.031,1.000,1.603
trio-double-tank,20,5,solo,180,200,1.000,0.000,0.000,0.958,46.3,0.00,0.042,1.000,1.597
trio-double-tank,20,5,solo,300,200,1.000,0.000,0.000,0.951,45.8,0.00,0.049,1.000,1.594
trio-double-tank,20,5,pack,180,200,0.000,0.000,1.000,—,—,3.00,1.000,0.851,0.000
trio-double-tank,20,5,pack,300,200,0.000,0.000,1.000,—,—,3.00,1.000,0.850,0.000
trio-double-tank,20,5,boss,180,200,0.000,0.000,1.000,—,—,3.00,1.000,0.822,0.000
trio-double-tank,20,5,boss,300,200,0.000,0.000,1.000,—,—,3.00,1.000,0.814,0.000
trio-double-tank,20,6,solo,180,200,0.010,0.000,0.990,0.573,111.1,2.98,0.994,0.904,0.014
trio-double-tank,20,6,solo,300,200,0.000,0.000,1.000,—,—,3.00,1.000,0.899,0.000
trio-double-tank,20,6,pack,180,200,0.000,0.000,1.000,—,—,3.00,1.000,0.799,0.000
trio-double-tank,20,6,pack,300,200,0.000,0.000,1.000,—,—,3.00,1.000,0.795,0.000
trio-double-tank,20,6,boss,180,200,0.000,0.000,1.000,—,—,3.00,1.000,0.752,0.000
trio-double-tank,20,6,boss,300,200,0.000,0.000,1.000,—,—,3.00,1.000,0.756,0.000
trio-double-tank,20,7,solo,180,200,0.000,0.000,1.000,—,—,3.00,1.000,0.821,0.000
trio-double-tank,20,7,solo,300,200,0.000,0.000,1.000,—,—,3.00,1.000,0.820,0.000
trio-double-tank,20,7,pack,180,200,0.000,0.000,1.000,—,—,3.00,1.000,0.806,0.000
trio-double-tank,20,7,pack,300,200,0.000,0.000,1.000,—,—,3.00,1.000,0.808,0.000
trio-double-tank,20,7,boss,180,200,0.000,0.000,1.000,—,—,3.00,1.000,0.779,0.000
trio-double-tank,20,7,boss,300,200,0.000,0.000,1.000,—,—,3.00,1.000,0.781,0.000
trio-double-tank,20,8,solo,180,200,0.000,0.000,1.000,—,—,3.00,1.000,0.703,0.000
trio-double-tank,20,8,solo,300,200,0.000,0.000,1.000,—,—,3.00,1.000,0.716,0.000
trio-double-tank,20,8,pack,180,200,0.000,0.000,1.000,—,—,3.00,1.000,0.708,0.000
trio-double-tank,20,8,pack,300,200,0.000,0.000,1.000,—,—,3.00,1.000,0.708,0.000
trio-double-tank,20,8,boss,180,200,0.000,0.000,1.000,—,—,3.00,1.000,0.704,0.000
trio-double-tank,20,8,boss,300,200,0.000,0.000,1.000,—,—,3.00,1.000,0.707,0.000
trio-double-tank,35,1,solo,180,200,1.000,0.000,0.000,1.000,0.0,0.00,0.000,—,1.710
trio-double-tank,35,1,solo,300,200,1.000,0.000,0.000,1.000,0.0,0.00,0.000,—,1.710
trio-double-tank,35,1,pack,180,200,1.000,0.000,0.000,1.000,0.0,0.00,0.000,—,1.710
trio-double-tank,35,1,pack,300,200,1.000,0.000,0.000,1.000,0.0,0.00,0.000,—,1.710
trio-double-tank,35,1,boss,180,200,1.000,0.000,0.000,0.996,6.6,0.00,0.004,1.000,1.708
trio-double-tank,35,1,boss,300,200,1.000,0.000,0.000,0.997,6.4,0.00,0.003,1.000,1.708
trio-double-tank,35,2,solo,180,200,1.000,0.000,0.000,1.000,0.0,0.00,0.000,—,1.710
trio-double-tank,35,2,solo,300,200,1.000,0.000,0.000,1.000,0.0,0.00,0.000,—,1.710
trio-double-tank,35,2,pack,180,200,1.000,0.000,0.000,0.985,6.0,0.00,0.015,1.000,1.701
trio-double-tank,35,2,pack,300,200,1.000,0.000,0.000,0.984,6.0,0.00,0.016,1.000,1.701
trio-double-tank,35,2,boss,180,200,1.000,0.000,0.000,0.982,12.2,0.00,0.018,1.000,1.700
trio-double-tank,35,2,boss,300,200,1.000,0.000,0.000,0.980,12.1,0.00,0.020,1.000,1.699
trio-double-tank,35,3,solo,180,200,1.000,0.000,0.000,0.999,0.1,0.00,0.001,1.000,1.710
trio-double-tank,35,3,solo,300,200,1.000,0.000,0.000,1.000,0.0,0.00,0.000,1.000,1.710
trio-double-tank,35,3,pack,180,200,1.000,0.000,0.000,0.951,12.0,0.00,0.049,1.000,1.682
trio-double-tank,35,3,pack,300,200,1.000,0.000,0.000,0.949,12.0,0.00,0.051,1.000,1.681
trio-double-tank,35,3,boss,180,200,1.000,0.000,0.000,0.940,28.5,0.00,0.060,1.000,1.676
trio-double-tank,35,3,boss,300,200,1.000,0.000,0.000,0.943,28.9,0.00,0.057,1.000,1.678
trio-double-tank,35,4,solo,180,200,1.000,0.000,0.000,0.956,6.0,0.00,0.044,1.000,1.685
trio-double-tank,35,4,solo,300,200,1.000,0.000,0.000,0.958,6.0,0.00,0.042,1.000,1.686
trio-double-tank,35,4,pack,180,200,1.000,0.000,0.000,0.992,42.3,0.00,0.008,1.000,1.706
trio-double-tank,35,4,pack,300,200,1.000,0.000,0.000,0.992,42.2,0.00,0.008,1.000,1.706
trio-double-tank,35,4,boss,180,200,1.000,0.000,0.000,0.997,88.2,0.00,0.003,1.000,1.708
trio-double-tank,35,4,boss,300,200,1.000,0.000,0.000,0.996,88.9,0.00,0.004,1.000,1.707
trio-double-tank,35,5,solo,180,200,1.000,0.000,0.000,0.966,20.1,0.00,0.034,1.000,1.690
trio-double-tank,35,5,solo,300,200,1.000,0.000,0.000,0.965,20.4,0.00,0.035,1.000,1.690
trio-double-tank,35,5,pack,180,200,0.935,0.050,0.015,0.938,107.1,0.20,0.095,0.998,1.566
trio-double-tank,35,5,pack,300,200,1.000,0.000,0.000,0.925,109.1,0.14,0.075,1.000,1.668
trio-double-tank,35,5,boss,180,200,0.295,0.705,0.000,0.999,174.7,0.00,0.050,1.000,0.504
trio-double-tank,35,5,boss,300,200,1.000,0.000,0.000,0.985,193.0,0.00,0.015,1.000,1.702
trio-double-tank,35,6,solo,180,200,1.000,0.000,0.000,0.991,68.1,0.00,0.009,1.000,1.705
trio-double-tank,35,6,solo,300,200,1.000,0.000,0.000,0.992,67.9,0.00,0.008,1.000,1.705
trio-double-tank,35,6,pack,180,200,0.000,0.000,1.000,—,—,3.00,1.000,0.855,0.000
trio-double-tank,35,6,pack,300,200,0.000,0.000,1.000,—,—,3.00,1.000,0.857,0.000
trio-double-tank,35,6,boss,180,200,0.000,0.000,1.000,—,—,3.00,1.000,0.864,0.000
trio-double-tank,35,6,boss,300,200,0.000,0.000,1.000,—,—,3.00,1.000,0.860,0.000
trio-double-tank,35,7,solo,180,200,0.010,0.010,0.980,0.623,165.5,2.95,0.985,0.954,0.015
trio-double-tank,35,7,solo,300,200,0.040,0.000,0.960,0.620,188.1,2.91,0.975,0.955,0.060
trio-double-tank,35,7,pack,180,200,0.000,0.000,1.000,—,—,3.00,1.000,0.864,0.000
trio-double-tank,35,7,pack,300,200,0.000,0.000,1.000,—,—,3.00,1.000,0.865,0.000
trio-double-tank,35,7,boss,180,200,0.000,0.000,1.000,—,—,3.00,1.000,0.789,0.000
trio-double-tank,35,7,boss,300,200,0.000,0.000,1.000,—,—,3.00,1.000,0.783,0.000
trio-double-tank,35,8,solo,180,200,0.000,0.000,1.000,—,—,3.00,1.000,0.826,0.000
trio-double-tank,35,8,solo,300,200,0.000,0.000,1.000,—,—,3.00,1.000,0.825,0.000
trio-double-tank,35,8,pack,180,200,0.000,0.000,1.000,—,—,3.00,1.000,0.807,0.000
trio-double-tank,35,8,pack,300,200,0.000,0.000,1.000,—,—,3.00,1.000,0.805,0.000
trio-double-tank,35,8,boss,180,200,0.000,0.000,1.000,—,—,3.00,1.000,0.781,0.000
trio-double-tank,35,8,boss,300,200,0.000,0.000,1.000,—,—,3.00,1.000,0.787,0.000
trio-double-tank,50,1,solo,180,200,1.000,0.000,0.000,1.000,0.0,0.00,0.000,—,1.800
trio-double-tank,50,1,solo,300,200,1.000,0.000,0.000,1.000,0.0,0.00,0.000,—,1.800
trio-double-tank,50,1,pack,180,200,1.000,0.000,0.000,1.000,0.0,0.00,0.000,—,1.800
trio-double-tank,50,1,pack,300,200,1.000,0.000,0.000,1.000,0.0,0.00,0.000,—,1.800
trio-double-tank,50,1,boss,180,200,1.000,0.000,0.000,0.994,6.0,0.00,0.006,1.000,1.796
trio-double-tank,50,1,boss,300,200,1.000,0.000,0.000,0.994,6.0,0.00,0.006,1.000,1.796
trio-double-tank,50,2,solo,180,200,1.000,0.000,0.000,1.000,0.0,0.00,0.000,—,1.800
trio-double-tank,50,2,solo,300,200,1.000,0.000,0.000,1.000,0.0,0.00,0.000,—,1.800
trio-double-tank,50,2,pack,180,200,1.000,0.000,0.000,0.992,4.8,0.00,0.008,1.000,1.795
trio-double-tank,50,2,pack,300,200,1.000,0.000,0.000,0.992,4.6,0.00,0.008,1.000,1.795
trio-double-tank,50,2,boss,180,200,1.000,0.000,0.000,0.987,10.0,0.00,0.013,1.000,1.792
trio-double-tank,50,2,boss,300,200,1.000,0.000,0.000,0.986,10.1,0.00,0.014,1.000,1.791
trio-double-tank,50,3,solo,180,200,1.000,0.000,0.000,1.000,0.0,0.00,0.000,—,1.800
trio-double-tank,50,3,solo,300,200,1.000,0.000,0.000,1.000,0.0,0.00,0.000,—,1.800
trio-double-tank,50,3,pack,180,200,1.000,0.000,0.000,0.973,8.3,0.00,0.027,1.000,1.784
trio-double-tank,50,3,pack,300,200,1.000,0.000,0.000,0.973,8.5,0.00,0.027,1.000,1.784
trio-double-tank,50,3,boss,180,200,1.000,0.000,0.000,0.957,17.4,0.00,0.043,1.000,1.774
trio-double-tank,50,3,boss,300,200,1.000,0.000,0.000,0.958,17.3,0.00,0.042,1.000,1.775
trio-double-tank,50,4,solo,180,200,1.000,0.000,0.000,0.967,4.1,0.00,0.033,1.000,1.780
trio-double-tank,50,4,solo,300,200,1.000,0.000,0.000,0.967,4.2,0.00,0.033,1.000,1.780
trio-double-tank,50,4,pack,180,200,1.000,0.000,0.000,0.957,23.7,0.00,0.043,1.000,1.774
trio-double-tank,50,4,pack,300,200,1.000,0.000,0.000,0.966,24.4,0.00,0.034,1.000,1.780
trio-double-tank,50,4,boss,180,200,1.000,0.000,0.000,0.992,56.2,0.00,0.008,1.000,1.795
trio-double-tank,50,4,boss,300,200,1.000,0.000,0.000,0.992,57.0,0.00,0.008,1.000,1.795
trio-double-tank,50,5,solo,180,200,1.000,0.000,0.000,0.916,10.3,0.00,0.084,1.000,1.750
trio-double-tank,50,5,solo,300,200,1.000,0.000,0.000,0.920,10.1,0.00,0.080,1.000,1.752
trio-double-tank,50,5,pack,180,200,1.000,0.000,0.000,0.995,69.6,0.00,0.005,1.000,1.797
trio-double-tank,50,5,pack,300,200,1.000,0.000,0.000,0.996,70.3,0.00,0.004,1.000,1.798
trio-double-tank,50,5,boss,180,200,1.000,0.000,0.000,0.984,134.4,0.00,0.016,1.000,1.790
trio-double-tank,50,5,boss,300,200,1.000,0.000,0.000,0.980,135.0,0.00,0.020,1.000,1.788
trio-double-tank,50,6,solo,180,200,1.000,0.000,0.000,0.975,42.5,0.00,0.025,1.000,1.785
trio-double-tank,50,6,solo,300,200,1.000,0.000,0.000,0.975,42.1,0.00,0.025,1.000,1.785
trio-double-tank,50,6,pack,180,200,0.120,0.175,0.705,0.995,164.5,2.28,0.780,0.973,0.216
trio-double-tank,50,6,pack,300,200,0.275,0.040,0.685,0.828,212.9,2.21,0.750,0.977,0.467
trio-double-tank,50,6,boss,180,200,0.000,0.990,0.010,—,—,0.24,0.171,1.000,0.000
trio-double-tank,50,6,boss,300,200,0.135,0.850,0.015,0.998,288.9,0.32,0.190,1.000,0.243
trio-double-tank,50,7,solo,180,200,1.000,0.000,0.000,0.962,130.2,0.00,0.038,1.000,1.777
trio-double-tank,50,7,solo,300,200,1.000,0.000,0.000,0.960,130.1,0.00,0.040,1.000,1.776
trio-double-tank,50,7,pack,180,200,0.000,0.000,1.000,—,—,3.00,1.000,0.864,0.000
trio-double-tank,50,7,pack,300,200,0.000,0.000,1.000,—,—,3.00,1.000,0.867,0.000
trio-double-tank,50,7,boss,180,200,0.000,0.000,1.000,—,—,3.00,1.000,0.886,0.000
trio-double-tank,50,7,boss,300,200,0.000,0.000,1.000,—,—,3.00,1.000,0.882,0.000
trio-double-tank,50,8,solo,180,200,0.000,0.000,1.000,—,—,3.00,1.000,0.914,0.000
trio-double-tank,50,8,solo,300,200,0.000,0.000,1.000,—,—,3.00,1.000,0.917,0.000
trio-double-tank,50,8,pack,180,200,0.000,0.000,1.000,—,—,3.00,1.000,0.849,0.000
trio-double-tank,50,8,pack,300,200,0.000,0.000,1.000,—,—,3.00,1.000,0.848,0.000
trio-double-tank,50,8,boss,180,200,0.000,0.000,1.000,—,—,3.00,1.000,0.846,0.000
trio-double-tank,50,8,boss,300,200,0.000,0.000,1.000,—,—,3.00,1.000,0.850,0.000
trio-utility,1,1,solo,180,200,1.000,0.000,0.000,0.921,4.9,0.00,0.079,—,1.466
trio-utility,1,1,solo,300,200,1.000,0.000,0.000,0.920,4.9,0.00,0.080,—,1.466
trio-utility,1,1,pack,180,200,0.745,0.000,0.255,0.239,35.9,1.73,0.822,—,0.837
trio-utility,1,1,pack,300,200,0.810,0.000,0.190,0.243,35.2,1.58,0.803,—,0.912
trio-utility,1,1,boss,180,200,0.000,0.000,1.000,—,—,3.00,1.000,—,0.000
trio-utility,1,1,boss,300,200,0.010,0.000,0.990,0.037,60.0,2.99,1.000,—,0.010
trio-utility,1,2,solo,180,200,1.000,0.000,0.000,0.656,12.8,0.69,0.344,—,1.333
trio-utility,1,2,solo,300,200,1.000,0.000,0.000,0.654,13.1,0.74,0.346,—,1.332
trio-utility,1,2,pack,180,200,0.000,0.000,1.000,—,—,3.00,1.000,—,0.000
trio-utility,1,2,pack,300,200,0.000,0.000,1.000,—,—,3.00,1.000,—,0.000
trio-utility,1,2,boss,180,200,0.000,0.000,1.000,—,—,3.00,1.000,—,0.000
trio-utility,1,2,boss,300,200,0.000,0.000,1.000,—,—,3.00,1.000,—,0.000
trio-utility,1,3,solo,180,200,0.000,0.000,1.000,—,—,3.00,1.000,—,0.000
trio-utility,1,3,solo,300,200,0.000,0.000,1.000,—,—,3.00,1.000,—,0.000
trio-utility,1,3,pack,180,200,0.000,0.000,1.000,—,—,3.00,1.000,—,0.000
trio-utility,1,3,pack,300,200,0.000,0.000,1.000,—,—,3.00,1.000,—,0.000
trio-utility,1,3,boss,180,200,0.000,0.000,1.000,—,—,3.00,1.000,—,0.000
trio-utility,1,3,boss,300,200,0.000,0.000,1.000,—,—,3.00,1.000,—,0.000
trio-utility,1,4,solo,180,200,0.000,0.000,1.000,—,—,3.00,1.000,—,0.000
trio-utility,1,4,solo,300,200,0.000,0.000,1.000,—,—,3.00,1.000,—,0.000
trio-utility,1,4,pack,180,200,0.000,0.000,1.000,—,—,3.00,1.000,—,0.000
trio-utility,1,4,pack,300,200,0.000,0.000,1.000,—,—,3.00,1.000,—,0.000
trio-utility,1,4,boss,180,200,0.000,0.000,1.000,—,—,3.00,1.000,—,0.000
trio-utility,1,4,boss,300,200,0.000,0.000,1.000,—,—,3.00,1.000,—,0.000
trio-utility,1,5,solo,180,200,0.000,0.000,1.000,—,—,3.00,1.000,—,0.000
trio-utility,1,5,solo,300,200,0.000,0.000,1.000,—,—,3.00,1.000,—,0.000
trio-utility,1,5,pack,180,200,0.000,0.000,1.000,—,—,3.00,1.000,—,0.000
trio-utility,1,5,pack,300,200,0.000,0.000,1.000,—,—,3.00,1.000,—,0.000
trio-utility,1,5,boss,180,200,0.000,0.000,1.000,—,—,3.00,1.000,—,0.000
trio-utility,1,5,boss,300,200,0.000,0.000,1.000,—,—,3.00,1.000,—,0.000
trio-utility,1,6,solo,180,200,0.000,0.000,1.000,—,—,3.00,1.000,—,0.000
trio-utility,1,6,solo,300,200,0.000,0.000,1.000,—,—,3.00,1.000,—,0.000
trio-utility,1,6,pack,180,200,0.000,0.000,1.000,—,—,3.00,1.000,—,0.000
trio-utility,1,6,pack,300,200,0.000,0.000,1.000,—,—,3.00,1.000,—,0.000
trio-utility,1,6,boss,180,200,0.000,0.000,1.000,—,—,3.00,1.000,—,0.000
trio-utility,1,6,boss,300,200,0.000,0.000,1.000,—,—,3.00,1.000,—,0.000
trio-utility,1,7,solo,180,200,0.000,0.000,1.000,—,—,3.00,1.000,—,0.000
trio-utility,1,7,solo,300,200,0.000,0.000,1.000,—,—,3.00,1.000,—,0.000
trio-utility,1,7,pack,180,200,0.000,0.000,1.000,—,—,3.00,1.000,—,0.000
trio-utility,1,7,pack,300,200,0.000,0.000,1.000,—,—,3.00,1.000,—,0.000
trio-utility,1,7,boss,180,200,0.000,0.000,1.000,—,—,3.00,1.000,—,0.000
trio-utility,1,7,boss,300,200,0.000,0.000,1.000,—,—,3.00,1.000,—,0.000
trio-utility,1,8,solo,180,200,0.000,0.000,1.000,—,—,3.00,1.000,—,0.000
trio-utility,1,8,solo,300,200,0.000,0.000,1.000,—,—,3.00,1.000,—,0.000
trio-utility,1,8,pack,180,200,0.000,0.000,1.000,—,—,3.00,1.000,—,0.000
trio-utility,1,8,pack,300,200,0.000,0.000,1.000,—,—,3.00,1.000,—,0.000
trio-utility,1,8,boss,180,200,0.000,0.000,1.000,—,—,3.00,1.000,—,0.000
trio-utility,1,8,boss,300,200,0.000,0.000,1.000,—,—,3.00,1.000,—,0.000
trio-utility,5,1,solo,180,200,1.000,0.000,0.000,0.934,3.6,0.00,0.066,—,1.496
trio-utility,5,1,solo,300,200,1.000,0.000,0.000,0.933,3.5,0.00,0.067,—,1.496
trio-utility,5,1,pack,180,200,1.000,0.000,0.000,0.680,14.0,0.11,0.320,—,1.367
trio-utility,5,1,pack,300,200,1.000,0.000,0.000,0.680,13.9,0.09,0.320,—,1.367
trio-utility,5,1,boss,180,200,0.980,0.000,0.020,0.452,36.8,1.20,0.557,—,1.226
trio-utility,5,1,boss,300,200,0.995,0.000,0.005,0.452,36.7,1.19,0.550,—,1.244
trio-utility,5,2,solo,180,200,1.000,0.000,0.000,0.830,7.2,0.00,0.170,—,1.444
trio-utility,5,2,solo,300,200,1.000,0.000,0.000,0.831,7.1,0.00,0.169,—,1.444
trio-utility,5,2,pack,180,200,0.000,0.000,1.000,—,—,3.00,1.000,—,0.000
trio-utility,5,2,pack,300,200,0.000,0.000,1.000,—,—,3.00,1.000,—,0.000
trio-utility,5,2,boss,180,200,0.000,0.000,1.000,—,—,3.00,1.000,—,0.000
trio-utility,5,2,boss,300,200,0.000,0.000,1.000,—,—,3.00,1.000,—,0.000
trio-utility,5,3,solo,180,200,0.665,0.000,0.335,0.191,25.0,2.19,0.873,—,0.743
trio-utility,5,3,solo,300,200,0.680,0.000,0.320,0.205,24.5,2.17,0.861,—,0.765
trio-utility,5,3,pack,180,200,0.000,0.000,1.000,—,—,3.00,1.000,—,0.000
trio-utility,5,3,pack,300,200,0.000,0.000,1.000,—,—,3.00,1.000,—,0.000
trio-utility,5,3,boss,180,200,0.000,0.000,1.000,—,—,3.00,1.000,—,0.000
trio-utility,5,3,boss,300,200,0.000,0.000,1.000,—,—,3.00,1.000,—,0.000
trio-utility,5,4,solo,180,200,0.000,0.000,1.000,—,—,3.00,1.000,—,0.000
trio-utility,5,4,solo,300,200,0.000,0.000,1.000,—,—,3.00,1.000,—,0.000
trio-utility,5,4,pack,180,200,0.000,0.000,1.000,—,—,3.00,1.000,—,0.000
trio-utility,5,4,pack,300,200,0.000,0.000,1.000,—,—,3.00,1.000,—,0.000
trio-utility,5,4,boss,180,200,0.000,0.000,1.000,—,—,3.00,1.000,—,0.000
trio-utility,5,4,boss,300,200,0.000,0.000,1.000,—,—,3.00,1.000,—,0.000
trio-utility,5,5,solo,180,200,0.000,0.000,1.000,—,—,3.00,1.000,—,0.000
trio-utility,5,5,solo,300,200,0.000,0.000,1.000,—,—,3.00,1.000,—,0.000
trio-utility,5,5,pack,180,200,0.000,0.000,1.000,—,—,3.00,1.000,—,0.000
trio-utility,5,5,pack,300,200,0.000,0.000,1.000,—,—,3.00,1.000,—,0.000
trio-utility,5,5,boss,180,200,0.000,0.000,1.000,—,—,3.00,1.000,—,0.000
trio-utility,5,5,boss,300,200,0.000,0.000,1.000,—,—,3.00,1.000,—,0.000
trio-utility,5,6,solo,180,200,0.000,0.000,1.000,—,—,3.00,1.000,—,0.000
trio-utility,5,6,solo,300,200,0.000,0.000,1.000,—,—,3.00,1.000,—,0.000
trio-utility,5,6,pack,180,200,0.000,0.000,1.000,—,—,3.00,1.000,—,0.000
trio-utility,5,6,pack,300,200,0.000,0.000,1.000,—,—,3.00,1.000,—,0.000
trio-utility,5,6,boss,180,200,0.000,0.000,1.000,—,—,3.00,1.000,—,0.000
trio-utility,5,6,boss,300,200,0.000,0.000,1.000,—,—,3.00,1.000,—,0.000
trio-utility,5,7,solo,180,200,0.000,0.000,1.000,—,—,3.00,1.000,—,0.000
trio-utility,5,7,solo,300,200,0.000,0.000,1.000,—,—,3.00,1.000,—,0.000
trio-utility,5,7,pack,180,200,0.000,0.000,1.000,—,—,3.00,1.000,—,0.000
trio-utility,5,7,pack,300,200,0.000,0.000,1.000,—,—,3.00,1.000,—,0.000
trio-utility,5,7,boss,180,200,0.000,0.000,1.000,—,—,3.00,1.000,—,0.000
trio-utility,5,7,boss,300,200,0.000,0.000,1.000,—,—,3.00,1.000,—,0.000
trio-utility,5,8,solo,180,200,0.000,0.000,1.000,—,—,3.00,1.000,—,0.000
trio-utility,5,8,solo,300,200,0.000,0.000,1.000,—,—,3.00,1.000,—,0.000
trio-utility,5,8,pack,180,200,0.000,0.000,1.000,—,—,3.00,1.000,—,0.000
trio-utility,5,8,pack,300,200,0.000,0.000,1.000,—,—,3.00,1.000,—,0.000
trio-utility,5,8,boss,180,200,0.000,0.000,1.000,—,—,3.00,1.000,—,0.000
trio-utility,5,8,boss,300,200,0.000,0.000,1.000,—,—,3.00,1.000,—,0.000
trio-utility,10,1,solo,180,200,1.000,0.000,0.000,0.975,1.7,0.00,0.025,—,1.547
trio-utility,10,1,solo,300,200,1.000,0.000,0.000,0.974,1.7,0.00,0.026,—,1.547
trio-utility,10,1,pack,180,200,1.000,0.000,0.000,0.848,9.1,0.00,0.152,—,1.481
trio-utility,10,1,pack,300,200,1.000,0.000,0.000,0.848,9.1,0.00,0.152,—,1.481
trio-utility,10,1,boss,180,200,1.000,0.000,0.000,0.762,18.1,0.01,0.238,—,1.436
trio-utility,10,1,boss,300,200,1.000,0.000,0.000,0.765,18.1,0.00,0.235,—,1.438
trio-utility,10,2,solo,180,200,1.000,0.000,0.000,0.907,4.7,0.00,0.093,—,1.512
trio-utility,10,2,solo,300,200,1.000,0.000,0.000,0.909,4.7,0.00,0.091,—,1.512
trio-utility,10,2,pack,180,200,0.945,0.000,0.055,0.242,37.3,1.96,0.771,—,1.102
trio-utility,10,2,pack,300,200,0.940,0.000,0.060,0.237,37.6,1.95,0.778,—,1.093
trio-utility,10,2,boss,180,200,0.000,0.000,1.000,—,—,3.00,1.000,—,0.000
trio-utility,10,2,boss,300,200,0.000,0.000,1.000,—,—,3.00,1.000,—,0.000
trio-utility,10,3,solo,180,200,1.000,0.000,0.000,0.666,10.3,0.16,0.334,—,1.386
trio-utility,10,3,solo,300,200,1.000,0.000,0.000,0.668,10.4,0.16,0.332,—,1.387
trio-utility,10,3,pack,180,200,0.000,0.000,1.000,—,—,3.00,1.000,—,0.000
trio-utility,10,3,pack,300,200,0.000,0.000,1.000,—,—,3.00,1.000,—,0.000
trio-utility,10,3,boss,180,200,0.000,0.000,1.000,—,—,3.00,1.000,—,0.000
trio-utility,10,3,boss,300,200,0.000,0.000,1.000,—,—,3.00,1.000,—,0.000
trio-utility,10,4,solo,180,200,0.000,0.000,1.000,—,—,3.00,1.000,—,0.000
trio-utility,10,4,solo,300,200,0.000,0.000,1.000,—,—,3.00,1.000,—,0.000
trio-utility,10,4,pack,180,200,0.000,0.000,1.000,—,—,3.00,1.000,—,0.000
trio-utility,10,4,pack,300,200,0.000,0.000,1.000,—,—,3.00,1.000,—,0.000
trio-utility,10,4,boss,180,200,0.000,0.000,1.000,—,—,3.00,1.000,—,0.000
trio-utility,10,4,boss,300,200,0.000,0.000,1.000,—,—,3.00,1.000,—,0.000
trio-utility,10,5,solo,180,200,0.000,0.000,1.000,—,—,3.00,1.000,—,0.000
trio-utility,10,5,solo,300,200,0.000,0.000,1.000,—,—,3.00,1.000,—,0.000
trio-utility,10,5,pack,180,200,0.000,0.000,1.000,—,—,3.00,1.000,—,0.000
trio-utility,10,5,pack,300,200,0.000,0.000,1.000,—,—,3.00,1.000,—,0.000
trio-utility,10,5,boss,180,200,0.000,0.000,1.000,—,—,3.00,1.000,—,0.000
trio-utility,10,5,boss,300,200,0.000,0.000,1.000,—,—,3.00,1.000,—,0.000
trio-utility,10,6,solo,180,200,0.000,0.000,1.000,—,—,3.00,1.000,—,0.000
trio-utility,10,6,solo,300,200,0.000,0.000,1.000,—,—,3.00,1.000,—,0.000
trio-utility,10,6,pack,180,200,0.000,0.000,1.000,—,—,3.00,1.000,—,0.000
trio-utility,10,6,pack,300,200,0.000,0.000,1.000,—,—,3.00,1.000,—,0.000
trio-utility,10,6,boss,180,200,0.000,0.000,1.000,—,—,3.00,1.000,—,0.000
trio-utility,10,6,boss,300,200,0.000,0.000,1.000,—,—,3.00,1.000,—,0.000
trio-utility,10,7,solo,180,200,0.000,0.000,1.000,—,—,3.00,1.000,—,0.000
trio-utility,10,7,solo,300,200,0.000,0.000,1.000,—,—,3.00,1.000,—,0.000
trio-utility,10,7,pack,180,200,0.000,0.000,1.000,—,—,3.00,1.000,—,0.000
trio-utility,10,7,pack,300,200,0.000,0.000,1.000,—,—,3.00,1.000,—,0.000
trio-utility,10,7,boss,180,200,0.000,0.000,1.000,—,—,3.00,1.000,—,0.000
trio-utility,10,7,boss,300,200,0.000,0.000,1.000,—,—,3.00,1.000,—,0.000
trio-utility,10,8,solo,180,200,0.000,0.000,1.000,—,—,3.00,1.000,—,0.000
trio-utility,10,8,solo,300,200,0.000,0.000,1.000,—,—,3.00,1.000,—,0.000
trio-utility,10,8,pack,180,200,0.000,0.000,1.000,—,—,3.00,1.000,—,0.000
trio-utility,10,8,pack,300,200,0.000,0.000,1.000,—,—,3.00,1.000,—,0.000
trio-utility,10,8,boss,180,200,0.000,0.000,1.000,—,—,3.00,1.000,—,0.000
trio-utility,10,8,boss,300,200,0.000,0.000,1.000,—,—,3.00,1.000,—,0.000
trio-utility,20,1,solo,180,200,1.000,0.000,0.000,1.000,0.0,0.00,0.000,—,1.620
trio-utility,20,1,solo,300,200,1.000,0.000,0.000,1.000,0.0,0.00,0.000,—,1.620
trio-utility,20,1,pack,180,200,1.000,0.000,0.000,0.934,4.6,0.00,0.066,—,1.584
trio-utility,20,1,pack,300,200,1.000,0.000,0.000,0.934,4.6,0.00,0.066,—,1.584
trio-utility,20,1,boss,180,200,1.000,0.000,0.000,0.912,9.0,0.00,0.088,—,1.573
trio-utility,20,1,boss,300,200,1.000,0.000,0.000,0.913,9.0,0.00,0.087,—,1.573
trio-utility,20,2,solo,180,200,1.000,0.000,0.000,0.968,1.8,0.00,0.032,—,1.603
trio-utility,20,2,solo,300,200,1.000,0.000,0.000,0.969,1.7,0.00,0.031,—,1.603
trio-utility,20,2,pack,180,200,1.000,0.000,0.000,0.793,8.7,0.00,0.207,—,1.508
trio-utility,20,2,pack,300,200,1.000,0.000,0.000,0.794,8.8,0.00,0.206,—,1.509
trio-utility,20,2,boss,180,200,1.000,0.000,0.000,0.688,17.7,0.24,0.312,—,1.451
trio-utility,20,2,boss,300,200,1.000,0.000,0.000,0.683,18.0,0.28,0.317,—,1.449
trio-utility,20,3,solo,180,200,1.000,0.000,0.000,0.885,4.4,0.00,0.115,—,1.558
trio-utility,20,3,solo,300,200,1.000,0.000,0.000,0.885,4.4,0.00,0.115,—,1.558
trio-utility,20,3,pack,180,200,0.065,0.000,0.935,0.141,38.4,2.92,0.991,—,0.075
trio-utility,20,3,pack,300,200,0.040,0.000,0.960,0.135,41.3,2.94,0.995,—,0.046
trio-utility,20,3,boss,180,200,0.000,0.000,1.000,—,—,3.00,1.000,—,0.000
trio-utility,20,3,boss,300,200,0.000,0.000,1.000,—,—,3.00,1.000,—,0.000
trio-utility,20,4,solo,180,200,1.000,0.000,0.000,0.557,13.2,0.85,0.443,—,1.381
trio-utility,20,4,solo,300,200,1.000,0.000,0.000,0.553,13.4,0.90,0.447,—,1.379
trio-utility,20,4,pack,180,200,0.000,0.000,1.000,—,—,3.00,1.000,—,0.000
trio-utility,20,4,pack,300,200,0.000,0.000,1.000,—,—,3.00,1.000,—,0.000
trio-utility,20,4,boss,180,200,0.000,0.000,1.000,—,—,3.00,1.000,—,0.000
trio-utility,20,4,boss,300,200,0.000,0.000,1.000,—,—,3.00,1.000,—,0.000
trio-utility,20,5,solo,180,200,0.000,0.000,1.000,—,—,3.00,1.000,—,0.000
trio-utility,20,5,solo,300,200,0.000,0.000,1.000,—,—,3.00,1.000,—,0.000
trio-utility,20,5,pack,180,200,0.000,0.000,1.000,—,—,3.00,1.000,—,0.000
trio-utility,20,5,pack,300,200,0.000,0.000,1.000,—,—,3.00,1.000,—,0.000
trio-utility,20,5,boss,180,200,0.000,0.000,1.000,—,—,3.00,1.000,—,0.000
trio-utility,20,5,boss,300,200,0.000,0.000,1.000,—,—,3.00,1.000,—,0.000
trio-utility,20,6,solo,180,200,0.000,0.000,1.000,—,—,3.00,1.000,—,0.000
trio-utility,20,6,solo,300,200,0.000,0.000,1.000,—,—,3.00,1.000,—,0.000
trio-utility,20,6,pack,180,200,0.000,0.000,1.000,—,—,3.00,1.000,—,0.000
trio-utility,20,6,pack,300,200,0.000,0.000,1.000,—,—,3.00,1.000,—,0.000
trio-utility,20,6,boss,180,200,0.000,0.000,1.000,—,—,3.00,1.000,—,0.000
trio-utility,20,6,boss,300,200,0.000,0.000,1.000,—,—,3.00,1.000,—,0.000
trio-utility,20,7,solo,180,200,0.000,0.000,1.000,—,—,3.00,1.000,—,0.000
trio-utility,20,7,solo,300,200,0.000,0.000,1.000,—,—,3.00,1.000,—,0.000
trio-utility,20,7,pack,180,200,0.000,0.000,1.000,—,—,3.00,1.000,—,0.000
trio-utility,20,7,pack,300,200,0.000,0.000,1.000,—,—,3.00,1.000,—,0.000
trio-utility,20,7,boss,180,200,0.000,0.000,1.000,—,—,3.00,1.000,—,0.000
trio-utility,20,7,boss,300,200,0.000,0.000,1.000,—,—,3.00,1.000,—,0.000
trio-utility,20,8,solo,180,200,0.000,0.000,1.000,—,—,3.00,1.000,—,0.000
trio-utility,20,8,solo,300,200,0.000,0.000,1.000,—,—,3.00,1.000,—,0.000
trio-utility,20,8,pack,180,200,0.000,0.000,1.000,—,—,3.00,1.000,—,0.000
trio-utility,20,8,pack,300,200,0.000,0.000,1.000,—,—,3.00,1.000,—,0.000
trio-utility,20,8,boss,180,200,0.000,0.000,1.000,—,—,3.00,1.000,—,0.000
trio-utility,20,8,boss,300,200,0.000,0.000,1.000,—,—,3.00,1.000,—,0.000
trio-utility,35,1,solo,180,200,1.000,0.000,0.000,1.000,0.0,0.00,0.000,—,1.710
trio-utility,35,1,solo,300,200,1.000,0.000,0.000,1.000,0.0,0.00,0.000,—,1.710
trio-utility,35,1,pack,180,200,1.000,0.000,0.000,0.980,2.6,0.00,0.020,—,1.699
trio-utility,35,1,pack,300,200,1.000,0.000,0.000,0.980,2.6,0.00,0.020,—,1.699
trio-utility,35,1,boss,180,200,1.000,0.000,0.000,0.969,4.6,0.00,0.031,—,1.692
trio-utility,35,1,boss,300,200,1.000,0.000,0.000,0.968,4.5,0.00,0.032,—,1.692
trio-utility,35,2,solo,180,200,1.000,0.000,0.000,0.999,0.1,0.00,0.001,—,1.709
trio-utility,35,2,solo,300,200,1.000,0.000,0.000,0.998,0.1,0.00,0.002,—,1.709
trio-utility,35,2,pack,180,200,1.000,0.000,0.000,0.939,4.4,0.00,0.061,—,1.675
trio-utility,35,2,pack,300,200,1.000,0.000,0.000,0.938,4.4,0.00,0.062,—,1.675
trio-utility,35,2,boss,180,200,1.000,0.000,0.000,0.876,9.6,0.00,0.124,—,1.639
trio-utility,35,2,boss,300,200,1.000,0.000,0.000,0.875,9.6,0.00,0.125,—,1.639
trio-utility,35,3,solo,180,200,1.000,0.000,0.000,0.963,2.1,0.00,0.037,—,1.689
trio-utility,35,3,solo,300,200,1.000,0.000,0.000,0.963,2.1,0.00,0.037,—,1.689
trio-utility,35,3,pack,180,200,1.000,0.000,0.000,0.754,9.1,0.06,0.246,—,1.570
trio-utility,35,3,pack,300,200,1.000,0.000,0.000,0.755,9.0,0.04,0.245,—,1.571
trio-utility,35,3,boss,180,200,0.830,0.000,0.170,0.420,34.3,1.55,0.652,—,1.145
trio-utility,35,3,boss,300,200,0.785,0.000,0.215,0.400,36.4,1.68,0.686,—,1.074
trio-utility,35,4,solo,180,200,1.000,0.000,0.000,0.864,4.5,0.00,0.136,—,1.633
trio-utility,35,4,solo,300,200,1.000,0.000,0.000,0.857,4.4,0.00,0.143,—,1.629
trio-utility,35,4,pack,180,200,0.000,0.000,1.000,—,—,3.00,1.000,—,0.000
trio-utility,35,4,pack,300,200,0.000,0.000,1.000,—,—,3.00,1.000,—,0.000
trio-utility,35,4,boss,180,200,0.000,0.000,1.000,—,—,3.00,1.000,—,0.000
trio-utility,35,4,boss,300,200,0.000,0.000,1.000,—,—,3.00,1.000,—,0.000
trio-utility,35,5,solo,180,200,0.765,0.000,0.235,0.428,16.7,1.58,0.673,—,1.059
trio-utility,35,5,solo,300,200,0.660,0.000,0.340,0.414,17.1,1.81,0.727,—,0.908
trio-utility,35,5,pack,180,200,0.000,0.000,1.000,—,—,3.00,1.000,—,0.000
trio-utility,35,5,pack,300,200,0.000,0.000,1.000,—,—,3.00,1.000,—,0.000
trio-utility,35,5,boss,180,200,0.000,0.000,1.000,—,—,3.00,1.000,—,0.000
trio-utility,35,5,boss,300,200,0.000,0.000,1.000,—,—,3.00,1.000,—,0.000
trio-utility,35,6,solo,180,200,0.000,0.000,1.000,—,—,3.00,1.000,—,0.000
trio-utility,35,6,solo,300,200,0.000,0.000,1.000,—,—,3.00,1.000,—,0.000
trio-utility,35,6,pack,180,200,0.000,0.000,1.000,—,—,3.00,1.000,—,0.000
trio-utility,35,6,pack,300,200,0.000,0.000,1.000,—,—,3.00,1.000,—,0.000
trio-utility,35,6,boss,180,200,0.000,0.000,1.000,—,—,3.00,1.000,—,0.000
trio-utility,35,6,boss,300,200,0.000,0.000,1.000,—,—,3.00,1.000,—,0.000
trio-utility,35,7,solo,180,200,0.000,0.000,1.000,—,—,3.00,1.000,—,0.000
trio-utility,35,7,solo,300,200,0.000,0.000,1.000,—,—,3.00,1.000,—,0.000
trio-utility,35,7,pack,180,200,0.000,0.000,1.000,—,—,3.00,1.000,—,0.000
trio-utility,35,7,pack,300,200,0.000,0.000,1.000,—,—,3.00,1.000,—,0.000
trio-utility,35,7,boss,180,200,0.000,0.000,1.000,—,—,3.00,1.000,—,0.000
trio-utility,35,7,boss,300,200,0.000,0.000,1.000,—,—,3.00,1.000,—,0.000
trio-utility,35,8,solo,180,200,0.000,0.000,1.000,—,—,3.00,1.000,—,0.000
trio-utility,35,8,solo,300,200,0.000,0.000,1.000,—,—,3.00,1.000,—,0.000
trio-utility,35,8,pack,180,200,0.000,0.000,1.000,—,—,3.00,1.000,—,0.000
trio-utility,35,8,pack,300,200,0.000,0.000,1.000,—,—,3.00,1.000,—,0.000
trio-utility,35,8,boss,180,200,0.000,0.000,1.000,—,—,3.00,1.000,—,0.000
trio-utility,35,8,boss,300,200,0.000,0.000,1.000,—,—,3.00,1.000,—,0.000
trio-utility,50,1,solo,180,200,1.000,0.000,0.000,1.000,0.0,0.00,0.000,—,1.800
trio-utility,50,1,solo,300,200,1.000,0.000,0.000,1.000,0.0,0.00,0.000,—,1.800
trio-utility,50,1,pack,180,200,1.000,0.000,0.000,0.989,2.0,0.00,0.011,—,1.794
trio-utility,50,1,pack,300,200,1.000,0.000,0.000,0.989,2.0,0.00,0.011,—,1.793
trio-utility,50,1,boss,180,200,1.000,0.000,0.000,0.974,3.9,0.00,0.026,—,1.785
trio-utility,50,1,boss,300,200,1.000,0.000,0.000,0.974,3.8,0.00,0.026,—,1.784
trio-utility,50,2,solo,180,200,1.000,0.000,0.000,1.000,0.0,0.00,0.000,—,1.800
trio-utility,50,2,solo,300,200,1.000,0.000,0.000,1.000,0.0,0.00,0.000,—,1.800
trio-utility,50,2,pack,180,200,1.000,0.000,0.000,0.956,3.4,0.00,0.044,—,1.774
trio-utility,50,2,pack,300,200,1.000,0.000,0.000,0.957,3.4,0.00,0.043,—,1.774
trio-utility,50,2,boss,180,200,1.000,0.000,0.000,0.948,6.1,0.00,0.052,—,1.769
trio-utility,50,2,boss,300,200,1.000,0.000,0.000,0.950,6.0,0.00,0.050,—,1.770
trio-utility,50,3,solo,180,200,1.000,0.000,0.000,0.976,0.8,0.00,0.024,—,1.786
trio-utility,50,3,solo,300,200,1.000,0.000,0.000,0.975,0.8,0.00,0.025,—,1.785
trio-utility,50,3,pack,180,200,1.000,0.000,0.000,0.861,6.0,0.00,0.139,—,1.717
trio-utility,50,3,pack,300,200,1.000,0.000,0.000,0.858,6.0,0.00,0.142,—,1.715
trio-utility,50,3,boss,180,200,1.000,0.000,0.000,0.759,13.0,0.07,0.241,—,1.656
trio-utility,50,3,boss,300,200,1.000,0.000,0.000,0.766,12.8,0.07,0.234,—,1.660
trio-utility,50,4,solo,180,200,1.000,0.000,0.000,0.907,3.3,0.00,0.093,—,1.744
trio-utility,50,4,solo,300,200,1.000,0.000,0.000,0.905,3.3,0.00,0.095,—,1.743
trio-utility,50,4,pack,180,200,0.985,0.000,0.015,0.462,25.8,1.05,0.544,—,1.455
trio-utility,50,4,pack,300,200,0.995,0.000,0.005,0.442,27.1,1.09,0.560,—,1.458
trio-utility,50,4,boss,180,200,0.420,0.000,0.580,0.233,49.7,2.38,0.902,—,0.563
trio-utility,50,4,boss,300,200,0.415,0.000,0.585,0.232,51.1,2.37,0.904,—,0.556
trio-utility,50,5,solo,180,200,1.000,0.000,0.000,0.770,6.5,0.17,0.230,—,1.662
trio-utility,50,5,solo,300,200,1.000,0.000,0.000,0.775,6.5,0.21,0.225,—,1.665
trio-utility,50,5,pack,180,200,0.000,0.000,1.000,—,—,3.00,1.000,—,0.000
trio-utility,50,5,pack,300,200,0.000,0.000,1.000,—,—,3.00,1.000,—,0.000
trio-utility,50,5,boss,180,200,0.000,0.000,1.000,—,—,3.00,1.000,—,0.000
trio-utility,50,5,boss,300,200,0.000,0.000,1.000,—,—,3.00,1.000,—,0.000
trio-utility,50,6,solo,180,200,0.000,0.000,1.000,—,—,3.00,1.000,—,0.000
trio-utility,50,6,solo,300,200,0.000,0.000,1.000,—,—,3.00,1.000,—,0.000
trio-utility,50,6,pack,180,200,0.000,0.000,1.000,—,—,3.00,1.000,—,0.000
trio-utility,50,6,pack,300,200,0.000,0.000,1.000,—,—,3.00,1.000,—,0.000
trio-utility,50,6,boss,180,200,0.000,0.000,1.000,—,—,3.00,1.000,—,0.000
trio-utility,50,6,boss,300,200,0.000,0.000,1.000,—,—,3.00,1.000,—,0.000
trio-utility,50,7,solo,180,200,0.000,0.000,1.000,—,—,3.00,1.000,—,0.000
trio-utility,50,7,solo,300,200,0.000,0.000,1.000,—,—,3.00,1.000,—,0.000
trio-utility,50,7,pack,180,200,0.000,0.000,1.000,—,—,3.00,1.000,—,0.000
trio-utility,50,7,pack,300,200,0.000,0.000,1.000,—,—,3.00,1.000,—,0.000
trio-utility,50,7,boss,180,200,0.000,0.000,1.000,—,—,3.00,1.000,—,0.000
trio-utility,50,7,boss,300,200,0.000,0.000,1.000,—,—,3.00,1.000,—,0.000
trio-utility,50,8,solo,180,200,0.000,0.000,1.000,—,—,3.00,1.000,—,0.000
trio-utility,50,8,solo,300,200,0.000,0.000,1.000,—,—,3.00,1.000,—,0.000
trio-utility,50,8,pack,180,200,0.000,0.000,1.000,—,—,3.00,1.000,—,0.000
trio-utility,50,8,pack,300,200,0.000,0.000,1.000,—,—,3.00,1.000,—,0.000
trio-utility,50,8,boss,180,200,0.000,0.000,1.000,—,—,3.00,1.000,—,0.000
trio-utility,50,8,boss,300,200,0.000,0.000,1.000,—,—,3.00,1.000,—,0.000
trio-gatherers,1,1,solo,180,200,1.000,0.000,0.000,0.930,5.8,0.00,0.070,—,1.471
trio-gatherers,1,1,solo,300,200,1.000,0.000,0.000,0.929,5.7,0.00,0.071,—,1.470
trio-gatherers,1,1,pack,180,200,0.975,0.000,0.025,0.438,26.4,0.49,0.573,—,1.193
trio-gatherers,1,1,pack,300,200,0.995,0.000,0.005,0.416,28.0,0.54,0.587,—,1.207
trio-gatherers,1,1,boss,180,200,0.200,0.000,0.800,0.163,54.0,2.73,0.967,—,0.217
trio-gatherers,1,1,boss,300,200,0.195,0.000,0.805,0.145,54.9,2.75,0.972,—,0.210
trio-gatherers,1,2,solo,180,200,1.000,0.000,0.000,0.717,12.3,0.17,0.283,—,1.364
trio-gatherers,1,2,solo,300,200,1.000,0.000,0.000,0.715,12.3,0.20,0.285,—,1.363
trio-gatherers,1,2,pack,180,200,0.000,0.000,1.000,—,—,3.00,1.000,—,0.000
trio-gatherers,1,2,pack,300,200,0.000,0.000,1.000,—,—,3.00,1.000,—,0.000
trio-gatherers,1,2,boss,180,200,0.000,0.000,1.000,—,—,3.00,1.000,—,0.000
trio-gatherers,1,2,boss,300,200,0.000,0.000,1.000,—,—,3.00,1.000,—,0.000
trio-gatherers,1,3,solo,180,200,0.000,0.000,1.000,—,—,3.00,1.000,—,0.000
trio-gatherers,1,3,solo,300,200,0.005,0.000,0.995,0.094,30.0,2.99,1.000,—,0.005
trio-gatherers,1,3,pack,180,200,0.000,0.000,1.000,—,—,3.00,1.000,—,0.000
trio-gatherers,1,3,pack,300,200,0.000,0.000,1.000,—,—,3.00,1.000,—,0.000
trio-gatherers,1,3,boss,180,200,0.000,0.000,1.000,—,—,3.00,1.000,—,0.000
trio-gatherers,1,3,boss,300,200,0.000,0.000,1.000,—,—,3.00,1.000,—,0.000
trio-gatherers,1,4,solo,180,200,0.000,0.000,1.000,—,—,3.00,1.000,—,0.000
trio-gatherers,1,4,solo,300,200,0.000,0.000,1.000,—,—,3.00,1.000,—,0.000
trio-gatherers,1,4,pack,180,200,0.000,0.000,1.000,—,—,3.00,1.000,—,0.000
trio-gatherers,1,4,pack,300,200,0.000,0.000,1.000,—,—,3.00,1.000,—,0.000
trio-gatherers,1,4,boss,180,200,0.000,0.000,1.000,—,—,3.00,1.000,—,0.000
trio-gatherers,1,4,boss,300,200,0.000,0.000,1.000,—,—,3.00,1.000,—,0.000
trio-gatherers,1,5,solo,180,200,0.000,0.000,1.000,—,—,3.00,1.000,—,0.000
trio-gatherers,1,5,solo,300,200,0.000,0.000,1.000,—,—,3.00,1.000,—,0.000
trio-gatherers,1,5,pack,180,200,0.000,0.000,1.000,—,—,3.00,1.000,—,0.000
trio-gatherers,1,5,pack,300,200,0.000,0.000,1.000,—,—,3.00,1.000,—,0.000
trio-gatherers,1,5,boss,180,200,0.000,0.000,1.000,—,—,3.00,1.000,—,0.000
trio-gatherers,1,5,boss,300,200,0.000,0.000,1.000,—,—,3.00,1.000,—,0.000
trio-gatherers,1,6,solo,180,200,0.000,0.000,1.000,—,—,3.00,1.000,—,0.000
trio-gatherers,1,6,solo,300,200,0.000,0.000,1.000,—,—,3.00,1.000,—,0.000
trio-gatherers,1,6,pack,180,200,0.000,0.000,1.000,—,—,3.00,1.000,—,0.000
trio-gatherers,1,6,pack,300,200,0.000,0.000,1.000,—,—,3.00,1.000,—,0.000
trio-gatherers,1,6,boss,180,200,0.000,0.000,1.000,—,—,3.00,1.000,—,0.000
trio-gatherers,1,6,boss,300,200,0.000,0.000,1.000,—,—,3.00,1.000,—,0.000
trio-gatherers,1,7,solo,180,200,0.000,0.000,1.000,—,—,3.00,1.000,—,0.000
trio-gatherers,1,7,solo,300,200,0.000,0.000,1.000,—,—,3.00,1.000,—,0.000
trio-gatherers,1,7,pack,180,200,0.000,0.000,1.000,—,—,3.00,1.000,—,0.000
trio-gatherers,1,7,pack,300,200,0.000,0.000,1.000,—,—,3.00,1.000,—,0.000
trio-gatherers,1,7,boss,180,200,0.000,0.000,1.000,—,—,3.00,1.000,—,0.000
trio-gatherers,1,7,boss,300,200,0.000,0.000,1.000,—,—,3.00,1.000,—,0.000
trio-gatherers,1,8,solo,180,200,0.000,0.000,1.000,—,—,3.00,1.000,—,0.000
trio-gatherers,1,8,solo,300,200,0.000,0.000,1.000,—,—,3.00,1.000,—,0.000
trio-gatherers,1,8,pack,180,200,0.000,0.000,1.000,—,—,3.00,1.000,—,0.000
trio-gatherers,1,8,pack,300,200,0.000,0.000,1.000,—,—,3.00,1.000,—,0.000
trio-gatherers,1,8,boss,180,200,0.000,0.000,1.000,—,—,3.00,1.000,—,0.000
trio-gatherers,1,8,boss,300,200,0.000,0.000,1.000,—,—,3.00,1.000,—,0.000
trio-gatherers,5,1,solo,180,200,1.000,0.000,0.000,0.973,2.4,0.00,0.027,—,1.516
trio-gatherers,5,1,solo,300,200,1.000,0.000,0.000,0.972,2.4,0.00,0.028,—,1.516
trio-gatherers,5,1,pack,180,200,1.000,0.000,0.000,0.801,11.0,0.00,0.199,—,1.428
trio-gatherers,5,1,pack,300,200,1.000,0.000,0.000,0.798,10.9,0.00,0.202,—,1.427
trio-gatherers,5,1,boss,180,200,1.000,0.000,0.000,0.640,24.9,0.84,0.360,—,1.346
trio-gatherers,5,1,boss,300,200,1.000,0.000,0.000,0.633,24.7,0.86,0.367,—,1.343
trio-gatherers,5,2,solo,180,200,1.000,0.000,0.000,0.895,5.5,0.00,0.105,—,1.476
trio-gatherers,5,2,solo,300,200,1.000,0.000,0.000,0.894,5.5,0.00,0.106,—,1.476
trio-gatherers,5,2,pack,180,200,0.010,0.000,0.990,0.167,36.0,2.99,0.998,—,0.011
trio-gatherers,5,2,pack,300,200,0.020,0.000,0.980,0.135,39.0,2.98,0.997,—,0.022
trio-gatherers,5,2,boss,180,200,0.000,0.000,1.000,—,—,3.00,1.000,—,0.000
trio-gatherers,5,2,boss,300,200,0.000,0.000,1.000,—,—,3.00,1.000,—,0.000
trio-gatherers,5,3,solo,180,200,1.000,0.000,0.000,0.482,16.4,1.02,0.518,—,1.266
trio-gatherers,5,3,solo,300,200,1.000,0.000,0.000,0.473,16.5,1.03,0.527,—,1.261
trio-gatherers,5,3,pack,180,200,0.000,0.000,1.000,—,—,3.00,1.000,—,0.000
trio-gatherers,5,3,pack,300,200,0.000,0.000,1.000,—,—,3.00,1.000,—,0.000
trio-gatherers,5,3,boss,180,200,0.000,0.000,1.000,—,—,3.00,1.000,—,0.000
trio-gatherers,5,3,boss,300,200,0.000,0.000,1.000,—,—,3.00,1.000,—,0.000
trio-gatherers,5,4,solo,180,200,0.000,0.000,1.000,—,—,3.00,1.000,—,0.000
trio-gatherers,5,4,solo,300,200,0.000,0.000,1.000,—,—,3.00,1.000,—,0.000
trio-gatherers,5,4,pack,180,200,0.000,0.000,1.000,—,—,3.00,1.000,—,0.000
trio-gatherers,5,4,pack,300,200,0.000,0.000,1.000,—,—,3.00,1.000,—,0.000
trio-gatherers,5,4,boss,180,200,0.000,0.000,1.000,—,—,3.00,1.000,—,0.000
trio-gatherers,5,4,boss,300,200,0.000,0.000,1.000,—,—,3.00,1.000,—,0.000
trio-gatherers,5,5,solo,180,200,0.000,0.000,1.000,—,—,3.00,1.000,—,0.000
trio-gatherers,5,5,solo,300,200,0.000,0.000,1.000,—,—,3.00,1.000,—,0.000
trio-gatherers,5,5,pack,180,200,0.000,0.000,1.000,—,—,3.00,1.000,—,0.000
trio-gatherers,5,5,pack,300,200,0.000,0.000,1.000,—,—,3.00,1.000,—,0.000
trio-gatherers,5,5,boss,180,200,0.000,0.000,1.000,—,—,3.00,1.000,—,0.000
trio-gatherers,5,5,boss,300,200,0.000,0.000,1.000,—,—,3.00,1.000,—,0.000
trio-gatherers,5,6,solo,180,200,0.000,0.000,1.000,—,—,3.00,1.000,—,0.000
trio-gatherers,5,6,solo,300,200,0.000,0.000,1.000,—,—,3.00,1.000,—,0.000
trio-gatherers,5,6,pack,180,200,0.000,0.000,1.000,—,—,3.00,1.000,—,0.000
trio-gatherers,5,6,pack,300,200,0.000,0.000,1.000,—,—,3.00,1.000,—,0.000
trio-gatherers,5,6,boss,180,200,0.000,0.000,1.000,—,—,3.00,1.000,—,0.000
trio-gatherers,5,6,boss,300,200,0.000,0.000,1.000,—,—,3.00,1.000,—,0.000
trio-gatherers,5,7,solo,180,200,0.000,0.000,1.000,—,—,3.00,1.000,—,0.000
trio-gatherers,5,7,solo,300,200,0.000,0.000,1.000,—,—,3.00,1.000,—,0.000
trio-gatherers,5,7,pack,180,200,0.000,0.000,1.000,—,—,3.00,1.000,—,0.000
trio-gatherers,5,7,pack,300,200,0.000,0.000,1.000,—,—,3.00,1.000,—,0.000
trio-gatherers,5,7,boss,180,200,0.000,0.000,1.000,—,—,3.00,1.000,—,0.000
trio-gatherers,5,7,boss,300,200,0.000,0.000,1.000,—,—,3.00,1.000,—,0.000
trio-gatherers,5,8,solo,180,200,0.000,0.000,1.000,—,—,3.00,1.000,—,0.000
trio-gatherers,5,8,solo,300,200,0.000,0.000,1.000,—,—,3.00,1.000,—,0.000
trio-gatherers,5,8,pack,180,200,0.000,0.000,1.000,—,—,3.00,1.000,—,0.000
trio-gatherers,5,8,pack,300,200,0.000,0.000,1.000,—,—,3.00,1.000,—,0.000
trio-gatherers,5,8,boss,180,200,0.000,0.000,1.000,—,—,3.00,1.000,—,0.000
trio-gatherers,5,8,boss,300,200,0.000,0.000,1.000,—,—,3.00,1.000,—,0.000
trio-gatherers,10,1,solo,180,200,1.000,0.000,0.000,0.999,0.1,0.00,0.001,—,1.559
trio-gatherers,10,1,solo,300,200,1.000,0.000,0.000,0.999,0.1,0.00,0.001,—,1.560
trio-gatherers,10,1,pack,180,200,1.000,0.000,0.000,0.912,5.8,0.00,0.088,—,1.514
trio-gatherers,10,1,pack,300,200,1.000,0.000,0.000,0.912,5.8,0.00,0.088,—,1.514
trio-gatherers,10,1,boss,180,200,1.000,0.000,0.000,0.845,12.2,0.00,0.155,—,1.479
trio-gatherers,10,1,boss,300,200,1.000,0.000,0.000,0.842,12.3,0.00,0.158,—,1.478
trio-gatherers,10,2,solo,180,200,1.000,0.000,0.000,0.941,2.6,0.00,0.059,—,1.529
trio-gatherers,10,2,solo,300,200,1.000,0.000,0.000,0.942,2.6,0.00,0.058,—,1.530
trio-gatherers,10,2,pack,180,200,1.000,0.000,0.000,0.655,14.2,0.82,0.345,—,1.381
trio-gatherers,10,2,pack,300,200,1.000,0.000,0.000,0.657,14.2,0.80,0.343,—,1.382
trio-gatherers,10,2,boss,180,200,0.670,0.000,0.330,0.309,36.6,2.04,0.793,—,0.805
trio-gatherers,10,2,boss,300,200,0.635,0.000,0.365,0.339,35.6,2.01,0.785,—,0.772
trio-gatherers,10,3,solo,180,200,1.000,0.000,0.000,0.838,6.2,0.00,0.162,—,1.476
trio-gatherers,10,3,solo,300,200,1.000,0.000,0.000,0.839,6.2,0.00,0.161,—,1.476
trio-gatherers,10,3,pack,180,200,0.000,0.000,1.000,—,—,3.00,1.000,—,0.000
trio-gatherers,10,3,pack,300,200,0.000,0.000,1.000,—,—,3.00,1.000,—,0.000
trio-gatherers,10,3,boss,180,200,0.000,0.000,1.000,—,—,3.00,1.000,—,0.000
trio-gatherers,10,3,boss,300,200,0.000,0.000,1.000,—,—,3.00,1.000,—,0.000
trio-gatherers,10,4,solo,180,200,0.090,0.000,0.910,0.338,20.4,2.87,0.970,—,0.109
trio-gatherers,10,4,solo,300,200,0.080,0.000,0.920,0.285,21.7,2.88,0.977,—,0.095
trio-gatherers,10,4,pack,180,200,0.000,0.000,1.000,—,—,3.00,1.000,—,0.000
trio-gatherers,10,4,pack,300,200,0.000,0.000,1.000,—,—,3.00,1.000,—,0.000
trio-gatherers,10,4,boss,180,200,0.000,0.000,1.000,—,—,3.00,1.000,—,0.000
trio-gatherers,10,4,boss,300,200,0.000,0.000,1.000,—,—,3.00,1.000,—,0.000
trio-gatherers,10,5,solo,180,200,0.000,0.000,1.000,—,—,3.00,1.000,—,0.000
trio-gatherers,10,5,solo,300,200,0.000,0.000,1.000,—,—,3.00,1.000,—,0.000
trio-gatherers,10,5,pack,180,200,0.000,0.000,1.000,—,—,3.00,1.000,—,0.000
trio-gatherers,10,5,pack,300,200,0.000,0.000,1.000,—,—,3.00,1.000,—,0.000
trio-gatherers,10,5,boss,180,200,0.000,0.000,1.000,—,—,3.00,1.000,—,0.000
trio-gatherers,10,5,boss,300,200,0.000,0.000,1.000,—,—,3.00,1.000,—,0.000
trio-gatherers,10,6,solo,180,200,0.000,0.000,1.000,—,—,3.00,1.000,—,0.000
trio-gatherers,10,6,solo,300,200,0.000,0.000,1.000,—,—,3.00,1.000,—,0.000
trio-gatherers,10,6,pack,180,200,0.000,0.000,1.000,—,—,3.00,1.000,—,0.000
trio-gatherers,10,6,pack,300,200,0.000,0.000,1.000,—,—,3.00,1.000,—,0.000
trio-gatherers,10,6,boss,180,200,0.000,0.000,1.000,—,—,3.00,1.000,—,0.000
trio-gatherers,10,6,boss,300,200,0.000,0.000,1.000,—,—,3.00,1.000,—,0.000
trio-gatherers,10,7,solo,180,200,0.000,0.000,1.000,—,—,3.00,1.000,—,0.000
trio-gatherers,10,7,solo,300,200,0.000,0.000,1.000,—,—,3.00,1.000,—,0.000
trio-gatherers,10,7,pack,180,200,0.000,0.000,1.000,—,—,3.00,1.000,—,0.000
trio-gatherers,10,7,pack,300,200,0.000,0.000,1.000,—,—,3.00,1.000,—,0.000
trio-gatherers,10,7,boss,180,200,0.000,0.000,1.000,—,—,3.00,1.000,—,0.000
trio-gatherers,10,7,boss,300,200,0.000,0.000,1.000,—,—,3.00,1.000,—,0.000
trio-gatherers,10,8,solo,180,200,0.000,0.000,1.000,—,—,3.00,1.000,—,0.000
trio-gatherers,10,8,solo,300,200,0.000,0.000,1.000,—,—,3.00,1.000,—,0.000
trio-gatherers,10,8,pack,180,200,0.000,0.000,1.000,—,—,3.00,1.000,—,0.000
trio-gatherers,10,8,pack,300,200,0.000,0.000,1.000,—,—,3.00,1.000,—,0.000
trio-gatherers,10,8,boss,180,200,0.000,0.000,1.000,—,—,3.00,1.000,—,0.000
trio-gatherers,10,8,boss,300,200,0.000,0.000,1.000,—,—,3.00,1.000,—,0.000
trio-gatherers,20,1,solo,180,200,1.000,0.000,0.000,1.000,0.0,0.00,0.000,—,1.620
trio-gatherers,20,1,solo,300,200,1.000,0.000,0.000,1.000,0.0,0.00,0.000,—,1.620
trio-gatherers,20,1,pack,180,200,1.000,0.000,0.000,0.970,2.8,0.00,0.030,—,1.604
trio-gatherers,20,1,pack,300,200,1.000,0.000,0.000,0.969,2.8,0.00,0.031,—,1.603
trio-gatherers,20,1,boss,180,200,1.000,0.000,0.000,0.956,5.7,0.00,0.044,—,1.596
trio-gatherers,20,1,boss,300,200,1.000,0.000,0.000,0.956,5.7,0.00,0.044,—,1.596
trio-gatherers,20,2,solo,180,200,1.000,0.000,0.000,0.978,1.0,0.00,0.022,—,1.608
trio-gatherers,20,2,solo,300,200,1.000,0.000,0.000,0.979,1.0,0.00,0.021,—,1.609
trio-gatherers,20,2,pack,180,200,1.000,0.000,0.000,0.889,5.6,0.00,0.111,—,1.560
trio-gatherers,20,2,pack,300,200,1.000,0.000,0.000,0.893,5.6,0.00,0.107,—,1.562
trio-gatherers,20,2,boss,180,200,1.000,0.000,0.000,0.812,11.4,0.00,0.188,—,1.519
trio-gatherers,20,2,boss,300,200,1.000,0.000,0.000,0.813,11.4,0.00,0.187,—,1.519
trio-gatherers,20,3,solo,180,200,1.000,0.000,0.000,0.950,2.8,0.00,0.050,—,1.593
trio-gatherers,20,3,solo,300,200,1.000,0.000,0.000,0.949,2.8,0.00,0.051,—,1.592
trio-gatherers,20,3,pack,180,200,1.000,0.000,0.000,0.564,15.6,1.04,0.436,—,1.384
trio-gatherers,20,3,pack,300,200,1.000,0.000,0.000,0.552,16.0,1.05,0.448,—,1.378
trio-gatherers,20,3,boss,180,200,0.050,0.000,0.950,0.277,35.0,2.94,0.986,—,0.061
trio-gatherers,20,3,boss,300,200,0.070,0.000,0.930,0.324,33.0,2.90,0.977,—,0.088
trio-gatherers,20,4,solo,180,200,1.000,0.000,0.000,0.776,6.5,0.21,0.224,—,1.499
trio-gatherers,20,4,solo,300,200,1.000,0.000,0.000,0.779,6.5,0.20,0.221,—,1.501
trio-gatherers,20,4,pack,180,200,0.000,0.000,1.000,—,—,3.00,1.000,—,0.000
trio-gatherers,20,4,pack,300,200,0.000,0.000,1.000,—,—,3.00,1.000,—,0.000
trio-gatherers,20,4,boss,180,200,0.000,0.000,1.000,—,—,3.00,1.000,—,0.000
trio-gatherers,20,4,boss,300,200,0.000,0.000,1.000,—,—,3.00,1.000,—,0.000
trio-gatherers,20,5,solo,180,200,0.000,0.000,1.000,—,—,3.00,1.000,—,0.000
trio-gatherers,20,5,solo,300,200,0.000,0.000,1.000,—,—,3.00,1.000,—,0.000
trio-gatherers,20,5,pack,180,200,0.000,0.000,1.000,—,—,3.00,1.000,—,0.000
trio-gatherers,20,5,pack,300,200,0.000,0.000,1.000,—,—,3.00,1.000,—,0.000
trio-gatherers,20,5,boss,180,200,0.000,0.000,1.000,—,—,3.00,1.000,—,0.000
trio-gatherers,20,5,boss,300,200,0.000,0.000,1.000,—,—,3.00,1.000,—,0.000
trio-gatherers,20,6,solo,180,200,0.000,0.000,1.000,—,—,3.00,1.000,—,0.000
trio-gatherers,20,6,solo,300,200,0.000,0.000,1.000,—,—,3.00,1.000,—,0.000
trio-gatherers,20,6,pack,180,200,0.000,0.000,1.000,—,—,3.00,1.000,—,0.000
trio-gatherers,20,6,pack,300,200,0.000,0.000,1.000,—,—,3.00,1.000,—,0.000
trio-gatherers,20,6,boss,180,200,0.000,0.000,1.000,—,—,3.00,1.000,—,0.000
trio-gatherers,20,6,boss,300,200,0.000,0.000,1.000,—,—,3.00,1.000,—,0.000
trio-gatherers,20,7,solo,180,200,0.000,0.000,1.000,—,—,3.00,1.000,—,0.000
trio-gatherers,20,7,solo,300,200,0.000,0.000,1.000,—,—,3.00,1.000,—,0.000
trio-gatherers,20,7,pack,180,200,0.000,0.000,1.000,—,—,3.00,1.000,—,0.000
trio-gatherers,20,7,pack,300,200,0.000,0.000,1.000,—,—,3.00,1.000,—,0.000
trio-gatherers,20,7,boss,180,200,0.000,0.000,1.000,—,—,3.00,1.000,—,0.000
trio-gatherers,20,7,boss,300,200,0.000,0.000,1.000,—,—,3.00,1.000,—,0.000
trio-gatherers,20,8,solo,180,200,0.000,0.000,1.000,—,—,3.00,1.000,—,0.000
trio-gatherers,20,8,solo,300,200,0.000,0.000,1.000,—,—,3.00,1.000,—,0.000
trio-gatherers,20,8,pack,180,200,0.000,0.000,1.000,—,—,3.00,1.000,—,0.000
trio-gatherers,20,8,pack,300,200,0.000,0.000,1.000,—,—,3.00,1.000,—,0.000
trio-gatherers,20,8,boss,180,200,0.000,0.000,1.000,—,—,3.00,1.000,—,0.000
trio-gatherers,20,8,boss,300,200,0.000,0.000,1.000,—,—,3.00,1.000,—,0.000
trio-gatherers,35,1,solo,180,200,1.000,0.000,0.000,1.000,0.0,0.00,0.000,—,1.710
trio-gatherers,35,1,solo,300,200,1.000,0.000,0.000,1.000,0.0,0.00,0.000,—,1.710
trio-gatherers,35,1,pack,180,200,1.000,0.000,0.000,0.982,2.0,0.00,0.018,—,1.700
trio-gatherers,35,1,pack,300,200,1.000,0.000,0.000,0.982,2.1,0.00,0.018,—,1.699
trio-gatherers,35,1,boss,180,200,1.000,0.000,0.000,0.975,3.0,0.00,0.025,—,1.696
trio-gatherers,35,1,boss,300,200,1.000,0.000,0.000,0.976,3.0,0.00,0.024,—,1.696
trio-gatherers,35,2,solo,180,200,1.000,0.000,0.000,1.000,0.0,0.00,0.000,—,1.710
trio-gatherers,35,2,solo,300,200,1.000,0.000,0.000,1.000,0.0,0.00,0.000,—,1.710
trio-gatherers,35,2,pack,180,200,1.000,0.000,0.000,0.951,2.9,0.00,0.049,—,1.682
trio-gatherers,35,2,pack,300,200,1.000,0.000,0.000,0.953,2.8,0.00,0.047,—,1.683
trio-gatherers,35,2,boss,180,200,1.000,0.000,0.000,0.943,5.7,0.00,0.057,—,1.677
trio-gatherers,35,2,boss,300,200,1.000,0.000,0.000,0.944,5.7,0.00,0.056,—,1.678
trio-gatherers,35,3,solo,180,200,1.000,0.000,0.000,0.963,1.2,0.00,0.037,—,1.689
trio-gatherers,35,3,solo,300,200,1.000,0.000,0.000,0.965,1.2,0.00,0.035,—,1.690
trio-gatherers,35,3,pack,180,200,1.000,0.000,0.000,0.820,5.9,0.00,0.180,—,1.608
trio-gatherers,35,3,pack,300,200,1.000,0.000,0.000,0.821,5.9,0.00,0.179,—,1.608
trio-gatherers,35,3,boss,180,200,1.000,0.000,0.000,0.763,11.2,0.04,0.237,—,1.575
trio-gatherers,35,3,boss,300,200,1.000,0.000,0.000,0.761,11.3,0.04,0.239,—,1.574
trio-gatherers,35,4,solo,180,200,1.000,0.000,0.000,0.887,3.2,0.00,0.113,—,1.645
trio-gatherers,35,4,solo,300,200,1.000,0.000,0.000,0.886,3.3,0.00,0.114,—,1.645
trio-gatherers,35,4,pack,180,200,0.100,0.000,0.900,0.279,30.3,2.85,0.972,—,0.130
trio-gatherers,35,4,pack,300,200,0.145,0.000,0.855,0.290,28.2,2.77,0.958,—,0.189
trio-gatherers,35,4,boss,180,200,0.000,0.000,1.000,—,—,3.00,1.000,—,0.000
trio-gatherers,35,4,boss,300,200,0.000,0.000,1.000,—,—,3.00,1.000,—,0.000
trio-gatherers,35,5,solo,180,200,1.000,0.000,0.000,0.656,8.9,0.92,0.344,—,1.514
trio-gatherers,35,5,solo,300,200,1.000,0.000,0.000,0.656,8.8,0.88,0.344,—,1.514
trio-gatherers,35,5,pack,180,200,0.000,0.000,1.000,—,—,3.00,1.000,—,0.000
trio-gatherers,35,5,pack,300,200,0.000,0.000,1.000,—,—,3.00,1.000,—,0.000
trio-gatherers,35,5,boss,180,200,0.000,0.000,1.000,—,—,3.00,1.000,—,0.000
trio-gatherers,35,5,boss,300,200,0.000,0.000,1.000,—,—,3.00,1.000,—,0.000
trio-gatherers,35,6,solo,180,200,0.000,0.000,1.000,—,—,3.00,1.000,—,0.000
trio-gatherers,35,6,solo,300,200,0.000,0.000,1.000,—,—,3.00,1.000,—,0.000
trio-gatherers,35,6,pack,180,200,0.000,0.000,1.000,—,—,3.00,1.000,—,0.000
trio-gatherers,35,6,pack,300,200,0.000,0.000,1.000,—,—,3.00,1.000,—,0.000
trio-gatherers,35,6,boss,180,200,0.000,0.000,1.000,—,—,3.00,1.000,—,0.000
trio-gatherers,35,6,boss,300,200,0.000,0.000,1.000,—,—,3.00,1.000,—,0.000
trio-gatherers,35,7,solo,180,200,0.000,0.000,1.000,—,—,3.00,1.000,—,0.000
trio-gatherers,35,7,solo,300,200,0.000,0.000,1.000,—,—,3.00,1.000,—,0.000
trio-gatherers,35,7,pack,180,200,0.000,0.000,1.000,—,—,3.00,1.000,—,0.000
trio-gatherers,35,7,pack,300,200,0.000,0.000,1.000,—,—,3.00,1.000,—,0.000
trio-gatherers,35,7,boss,180,200,0.000,0.000,1.000,—,—,3.00,1.000,—,0.000
trio-gatherers,35,7,boss,300,200,0.000,0.000,1.000,—,—,3.00,1.000,—,0.000
trio-gatherers,35,8,solo,180,200,0.000,0.000,1.000,—,—,3.00,1.000,—,0.000
trio-gatherers,35,8,solo,300,200,0.000,0.000,1.000,—,—,3.00,1.000,—,0.000
trio-gatherers,35,8,pack,180,200,0.000,0.000,1.000,—,—,3.00,1.000,—,0.000
trio-gatherers,35,8,pack,300,200,0.000,0.000,1.000,—,—,3.00,1.000,—,0.000
trio-gatherers,35,8,boss,180,200,0.000,0.000,1.000,—,—,3.00,1.000,—,0.000
trio-gatherers,35,8,boss,300,200,0.000,0.000,1.000,—,—,3.00,1.000,—,0.000
trio-gatherers,50,1,solo,180,200,1.000,0.000,0.000,1.000,0.0,0.00,0.000,—,1.800
trio-gatherers,50,1,solo,300,200,1.000,0.000,0.000,1.000,0.0,0.00,0.000,—,1.800
trio-gatherers,50,1,pack,180,200,1.000,0.000,0.000,0.998,0.3,0.00,0.002,—,1.799
trio-gatherers,50,1,pack,300,200,1.000,0.000,0.000,0.998,0.3,0.00,0.002,—,1.799
trio-gatherers,50,1,boss,180,200,1.000,0.000,0.000,0.988,2.1,0.00,0.012,—,1.793
trio-gatherers,50,1,boss,300,200,1.000,0.000,0.000,0.988,2.1,0.00,0.012,—,1.793
trio-gatherers,50,2,solo,180,200,1.000,0.000,0.000,1.000,0.0,0.00,0.000,—,1.800
trio-gatherers,50,2,solo,300,200,1.000,0.000,0.000,1.000,0.0,0.00,0.000,—,1.800
trio-gatherers,50,2,pack,180,200,1.000,0.000,0.000,0.969,2.1,0.00,0.031,—,1.782
trio-gatherers,50,2,pack,300,200,1.000,0.000,0.000,0.970,2.1,0.00,0.030,—,1.782
trio-gatherers,50,2,boss,180,200,1.000,0.000,0.000,0.956,3.7,0.00,0.044,—,1.774
trio-gatherers,50,2,boss,300,200,1.000,0.000,0.000,0.957,3.7,0.00,0.043,—,1.774
trio-gatherers,50,3,solo,180,200,1.000,0.000,0.000,0.989,0.4,0.00,0.011,—,1.794
trio-gatherers,50,3,solo,300,200,1.000,0.000,0.000,0.990,0.4,0.00,0.010,—,1.794
trio-gatherers,50,3,pack,180,200,1.000,0.000,0.000,0.915,3.5,0.00,0.085,—,1.749
trio-gatherers,50,3,pack,300,200,1.000,0.000,0.000,0.915,3.5,0.00,0.085,—,1.749
trio-gatherers,50,3,boss,180,200,1.000,0.000,0.000,0.863,7.7,0.00,0.137,—,1.718
trio-gatherers,50,3,boss,300,200,1.000,0.000,0.000,0.864,7.7,0.00,0.136,—,1.718
trio-gatherers,50,4,solo,180,200,1.000,0.000,0.000,0.951,2.0,0.00,0.049,—,1.770
trio-gatherers,50,4,solo,300,200,1.000,0.000,0.000,0.950,2.0,0.00,0.050,—,1.770
trio-gatherers,50,4,pack,180,200,1.000,0.000,0.000,0.688,9.3,0.69,0.312,—,1.613
trio-gatherers,50,4,pack,300,200,1.000,0.000,0.000,0.694,9.0,0.56,0.306,—,1.617
trio-gatherers,50,4,boss,180,200,0.895,0.000,0.105,0.413,25.1,1.48,0.630,—,1.296
trio-gatherers,50,4,boss,300,200,0.900,0.000,0.100,0.433,24.0,1.43,0.611,—,1.314
trio-gatherers,50,5,solo,180,200,1.000,0.000,0.000,0.824,5.0,0.00,0.176,—,1.694
trio-gatherers,50,5,solo,300,200,1.000,0.000,0.000,0.825,5.1,0.00,0.175,—,1.695
trio-gatherers,50,5,pack,180,200,0.000,0.000,1.000,—,—,3.00,1.000,—,0.000
trio-gatherers,50,5,pack,300,200,0.000,0.000,1.000,—,—,3.00,1.000,—,0.000
trio-gatherers,50,5,boss,180,200,0.000,0.000,1.000,—,—,3.00,1.000,—,0.000
trio-gatherers,50,5,boss,300,200,0.000,0.000,1.000,—,—,3.00,1.000,—,0.000
trio-gatherers,50,6,solo,180,200,0.005,0.000,0.995,0.068,30.0,3.00,1.000,—,0.006
trio-gatherers,50,6,solo,300,200,0.005,0.000,0.995,0.424,14.8,2.99,0.998,—,0.007
trio-gatherers,50,6,pack,180,200,0.000,0.000,1.000,—,—,3.00,1.000,—,0.000
trio-gatherers,50,6,pack,300,200,0.000,0.000,1.000,—,—,3.00,1.000,—,0.000
trio-gatherers,50,6,boss,180,200,0.000,0.000,1.000,—,—,3.00,1.000,—,0.000
trio-gatherers,50,6,boss,300,200,0.000,0.000,1.000,—,—,3.00,1.000,—,0.000
trio-gatherers,50,7,solo,180,200,0.000,0.000,1.000,—,—,3.00,1.000,—,0.000
trio-gatherers,50,7,solo,300,200,0.000,0.000,1.000,—,—,3.00,1.000,—,0.000
trio-gatherers,50,7,pack,180,200,0.000,0.000,1.000,—,—,3.00,1.000,—,0.000
trio-gatherers,50,7,pack,300,200,0.000,0.000,1.000,—,—,3.00,1.000,—,0.000
trio-gatherers,50,7,boss,180,200,0.000,0.000,1.000,—,—,3.00,1.000,—,0.000
trio-gatherers,50,7,boss,300,200,0.000,0.000,1.000,—,—,3.00,1.000,—,0.000
trio-gatherers,50,8,solo,180,200,0.000,0.000,1.000,—,—,3.00,1.000,—,0.000
trio-gatherers,50,8,solo,300,200,0.000,0.000,1.000,—,—,3.00,1.000,—,0.000
trio-gatherers,50,8,pack,180,200,0.000,0.000,1.000,—,—,3.00,1.000,—,0.000
trio-gatherers,50,8,pack,300,200,0.000,0.000,1.000,—,—,3.00,1.000,—,0.000
trio-gatherers,50,8,boss,180,200,0.000,0.000,1.000,—,—,3.00,1.000,—,0.000
trio-gatherers,50,8,boss,300,200,0.000,0.000,1.000,—,—,3.00,1.000,—,0.000
duo-tank-heal,1,1,solo,180,200,1.000,0.000,0.000,0.862,8.8,0.00,0.138,1.000,1.437
duo-tank-heal,1,1,solo,300,200,1.000,0.000,0.000,0.867,8.6,0.00,0.133,1.000,1.439
duo-tank-heal,1,1,pack,180,200,1.000,0.000,0.000,0.997,78.4,0.00,0.003,1.000,1.505
duo-tank-heal,1,1,pack,300,200,1.000,0.000,0.000,0.996,77.9,0.00,0.004,1.000,1.504
duo-tank-heal,1,1,boss,180,200,0.990,0.010,0.000,0.977,149.7,0.00,0.024,1.000,1.479
duo-tank-heal,1,1,boss,300,200,1.000,0.000,0.000,0.978,148.7,0.00,0.022,1.000,1.495
duo-tank-heal,1,2,solo,180,200,1.000,0.000,0.000,0.960,40.3,0.00,0.040,1.000,1.486
duo-tank-heal,1,2,solo,300,200,1.000,0.000,0.000,0.958,39.9,0.00,0.042,1.000,1.485
duo-tank-heal,1,2,pack,180,200,0.000,0.000,1.000,—,—,2.00,1.000,0.594,0.000
duo-tank-heal,1,2,pack,300,200,0.000,0.000,1.000,—,—,2.00,1.000,0.590,0.000
duo-tank-heal,1,2,boss,180,200,0.000,0.000,1.000,—,—,2.00,1.000,0.614,0.000
duo-tank-heal,1,2,boss,300,200,0.000,0.000,1.000,—,—,2.00,1.000,0.607,0.000
duo-tank-heal,1,3,solo,180,200,0.005,0.000,0.995,0.425,81.6,2.00,0.998,0.646,0.006
duo-tank-heal,1,3,solo,300,200,0.005,0.000,0.995,0.693,78.0,1.99,0.997,0.629,0.007
duo-tank-heal,1,3,pack,180,200,0.000,0.000,1.000,—,—,2.00,1.000,0.510,0.000
duo-tank-heal,1,3,pack,300,200,0.000,0.000,1.000,—,—,2.00,1.000,0.507,0.000
duo-tank-heal,1,3,boss,180,200,0.000,0.000,1.000,—,—,2.00,1.000,0.504,0.000
duo-tank-heal,1,3,boss,300,200,0.000,0.000,1.000,—,—,2.00,1.000,0.504,0.000
duo-tank-heal,1,4,solo,180,200,0.000,0.000,1.000,—,—,2.00,1.000,0.542,0.000
duo-tank-heal,1,4,solo,300,200,0.000,0.000,1.000,—,—,2.00,1.000,0.538,0.000
duo-tank-heal,1,4,pack,180,200,0.000,0.000,1.000,—,—,2.00,1.000,0.522,0.000
duo-tank-heal,1,4,pack,300,200,0.000,0.000,1.000,—,—,2.00,1.000,0.528,0.000
duo-tank-heal,1,4,boss,180,200,0.000,0.000,1.000,—,—,2.00,1.000,0.533,0.000
duo-tank-heal,1,4,boss,300,200,0.000,0.000,1.000,—,—,2.00,1.000,0.527,0.000
duo-tank-heal,1,5,solo,180,200,0.000,0.000,1.000,—,—,2.00,1.000,0.623,0.000
duo-tank-heal,1,5,solo,300,200,0.000,0.000,1.000,—,—,2.00,1.000,0.633,0.000
duo-tank-heal,1,5,pack,180,200,0.000,0.000,1.000,—,—,2.00,1.000,0.630,0.000
duo-tank-heal,1,5,pack,300,200,0.000,0.000,1.000,—,—,2.00,1.000,0.630,0.000
duo-tank-heal,1,5,boss,180,200,0.000,0.000,1.000,—,—,2.00,1.000,0.425,0.000
duo-tank-heal,1,5,boss,300,200,0.000,0.000,1.000,—,—,2.00,1.000,0.421,0.000
duo-tank-heal,1,6,solo,180,200,0.000,0.000,1.000,—,—,2.00,1.000,0.505,0.000
duo-tank-heal,1,6,solo,300,200,0.000,0.000,1.000,—,—,2.00,1.000,0.518,0.000
duo-tank-heal,1,6,pack,180,200,0.000,0.000,1.000,—,—,2.00,1.000,0.520,0.000
duo-tank-heal,1,6,pack,300,200,0.000,0.000,1.000,—,—,2.00,1.000,0.519,0.000
duo-tank-heal,1,6,boss,180,200,0.000,0.000,1.000,—,—,2.00,1.000,0.502,0.000
duo-tank-heal,1,6,boss,300,200,0.000,0.000,1.000,—,—,2.00,1.000,0.505,0.000
duo-tank-heal,1,7,solo,180,200,0.000,0.000,1.000,—,—,2.00,1.000,0.506,0.000
duo-tank-heal,1,7,solo,300,200,0.000,0.000,1.000,—,—,2.00,1.000,0.504,0.000
duo-tank-heal,1,7,pack,180,200,0.000,0.000,1.000,—,—,2.00,1.000,0.500,0.000
duo-tank-heal,1,7,pack,300,200,0.000,0.000,1.000,—,—,2.00,1.000,0.501,0.000
duo-tank-heal,1,7,boss,180,200,0.000,0.000,1.000,—,—,2.00,1.000,0.502,0.000
duo-tank-heal,1,7,boss,300,200,0.000,0.000,1.000,—,—,2.00,1.000,0.502,0.000
duo-tank-heal,1,8,solo,180,200,0.000,0.000,1.000,—,—,2.00,1.000,0.505,0.000
duo-tank-heal,1,8,solo,300,200,0.000,0.000,1.000,—,—,2.00,1.000,0.501,0.000
duo-tank-heal,1,8,pack,180,200,0.000,0.000,1.000,—,—,2.00,1.000,0.502,0.000
duo-tank-heal,1,8,pack,300,200,0.000,0.000,1.000,—,—,2.00,1.000,0.501,0.000
duo-tank-heal,1,8,boss,180,200,0.000,0.000,1.000,—,—,2.00,1.000,0.502,0.000
duo-tank-heal,1,8,boss,300,200,0.000,0.000,1.000,—,—,2.00,1.000,0.501,0.000
duo-tank-heal,5,1,solo,180,200,1.000,0.000,0.000,0.934,4.6,0.00,0.066,1.000,1.496
duo-tank-heal,5,1,solo,300,200,1.000,0.000,0.000,0.935,4.7,0.00,0.065,1.000,1.497
duo-tank-heal,5,1,pack,180,200,1.000,0.000,0.000,0.992,47.4,0.00,0.008,1.000,1.526
duo-tank-heal,5,1,pack,300,200,1.000,0.000,0.000,0.994,47.3,0.00,0.006,1.000,1.527
duo-tank-heal,5,1,boss,180,200,1.000,0.000,0.000,0.990,91.6,0.00,0.010,1.000,1.525
duo-tank-heal,5,1,boss,300,200,1.000,0.000,0.000,0.988,93.4,0.00,0.012,1.000,1.524
duo-tank-heal,5,2,solo,180,200,1.000,0.000,0.000,0.938,15.0,0.00,0.062,1.000,1.498
duo-tank-heal,5,2,solo,300,200,1.000,0.000,0.000,0.926,14.7,0.00,0.074,1.000,1.492
duo-tank-heal,5,2,pack,180,200,0.500,0.240,0.260,0.995,90.3,0.76,0.439,0.537,0.764
duo-tank-heal,5,2,pack,300,200,0.525,0.250,0.225,0.992,89.6,0.70,0.435,0.417,0.801
duo-tank-heal,5,2,boss,180,200,0.575,0.425,0.000,0.994,169.4,0.00,0.043,1.000,0.878
duo-tank-heal,5,2,boss,300,200,1.000,0.000,0.000,0.989,183.4,0.00,0.011,1.000,1.525
duo-tank-heal,5,3,solo,180,200,1.000,0.000,0.000,0.962,51.4,0.00,0.038,1.000,1.511
duo-tank-heal,5,3,solo,300,200,1.000,0.000,0.000,0.962,51.7,0.00,0.038,1.000,1.511
duo-tank-heal,5,3,pack,180,200,0.000,0.000,1.000,—,—,2.00,1.000,0.576,0.000
duo-tank-heal,5,3,pack,300,200,0.000,0.000,1.000,—,—,2.00,1.000,0.574,0.000
duo-tank-heal,5,3,boss,180,200,0.000,0.000,1.000,—,—,2.00,1.000,0.563,0.000
duo-tank-heal,5,3,boss,300,200,0.000,0.000,1.000,—,—,2.00,1.000,0.560,0.000
duo-tank-heal,5,4,solo,180,200,0.000,0.000,1.000,—,—,2.00,1.000,0.640,0.000
duo-tank-heal,5,4,solo,300,200,0.000,0.000,1.000,—,—,2.00,1.000,0.637,0.000
duo-tank-heal,5,4,pack,180,200,0.000,0.000,1.000,—,—,2.00,1.000,0.616,0.000
duo-tank-heal,5,4,pack,300,200,0.000,0.000,1.000,—,—,2.00,1.000,0.612,0.000
duo-tank-heal,5,4,boss,180,200,0.000,0.000,1.000,—,—,2.00,1.000,0.599,0.000
duo-tank-heal,5,4,boss,300,200,0.000,0.000,1.000,—,—,2.00,1.000,0.597,0.000
duo-tank-heal,5,5,solo,180,200,0.000,0.000,1.000,—,—,2.00,1.000,0.646,0.000
duo-tank-heal,5,5,solo,300,200,0.000,0.000,1.000,—,—,2.00,1.000,0.637,0.000
duo-tank-heal,5,5,pack,180,200,0.000,0.000,1.000,—,—,2.00,1.000,0.636,0.000
duo-tank-heal,5,5,pack,300,200,0.000,0.000,1.000,—,—,2.00,1.000,0.632,0.000
duo-tank-heal,5,5,boss,180,200,0.000,0.000,1.000,—,—,2.00,1.000,0.426,0.000
duo-tank-heal,5,5,boss,300,200,0.000,0.000,1.000,—,—,2.00,1.000,0.437,0.000
duo-tank-heal,5,6,solo,180,200,0.000,0.000,1.000,—,—,2.00,1.000,0.523,0.000
duo-tank-heal,5,6,solo,300,200,0.000,0.000,1.000,—,—,2.00,1.000,0.518,0.000
duo-tank-heal,5,6,pack,180,200,0.000,0.000,1.000,—,—,2.00,1.000,0.516,0.000
duo-tank-heal,5,6,pack,300,200,0.000,0.000,1.000,—,—,2.00,1.000,0.524,0.000
duo-tank-heal,5,6,boss,180,200,0.000,0.000,1.000,—,—,2.00,1.000,0.523,0.000
duo-tank-heal,5,6,boss,300,200,0.000,0.000,1.000,—,—,2.00,1.000,0.520,0.000
duo-tank-heal,5,7,solo,180,200,0.000,0.000,1.000,—,—,2.00,1.000,0.504,0.000
duo-tank-heal,5,7,solo,300,200,0.000,0.000,1.000,—,—,2.00,1.000,0.500,0.000
duo-tank-heal,5,7,pack,180,200,0.000,0.000,1.000,—,—,2.00,1.000,0.506,0.000
duo-tank-heal,5,7,pack,300,200,0.000,0.000,1.000,—,—,2.00,1.000,0.505,0.000
duo-tank-heal,5,7,boss,180,200,0.000,0.000,1.000,—,—,2.00,1.000,0.502,0.000
duo-tank-heal,5,7,boss,300,200,0.000,0.000,1.000,—,—,2.00,1.000,0.501,0.000
duo-tank-heal,5,8,solo,180,200,0.000,0.000,1.000,—,—,2.00,1.000,0.502,0.000
duo-tank-heal,5,8,solo,300,200,0.000,0.000,1.000,—,—,2.00,1.000,0.501,0.000
duo-tank-heal,5,8,pack,180,200,0.000,0.000,1.000,—,—,2.00,1.000,0.500,0.000
duo-tank-heal,5,8,pack,300,200,0.000,0.000,1.000,—,—,2.00,1.000,0.500,0.000
duo-tank-heal,5,8,boss,180,200,0.000,0.000,1.000,—,—,2.00,1.000,0.505,0.000
duo-tank-heal,5,8,boss,300,200,0.000,0.000,1.000,—,—,2.00,1.000,0.502,0.000
duo-tank-heal,10,1,solo,180,200,1.000,0.000,0.000,0.980,1.7,0.00,0.020,1.000,1.550
duo-tank-heal,10,1,solo,300,200,1.000,0.000,0.000,0.982,1.5,0.00,0.018,1.000,1.551
duo-tank-heal,10,1,pack,180,200,1.000,0.000,0.000,0.911,16.7,0.00,0.089,1.000,1.514
duo-tank-heal,10,1,pack,300,200,1.000,0.000,0.000,0.913,17.5,0.00,0.087,1.000,1.515
duo-tank-heal,10,1,boss,180,200,1.000,0.000,0.000,0.986,44.9,0.00,0.014,1.000,1.553
duo-tank-heal,10,1,boss,300,200,1.000,0.000,0.000,0.985,45.2,0.00,0.015,1.000,1.552
duo-tank-heal,10,2,solo,180,200,1.000,0.000,0.000,0.918,6.2,0.00,0.082,1.000,1.517
duo-tank-heal,10,2,solo,300,200,1.000,0.000,0.000,0.918,6.1,0.00,0.082,1.000,1.517
duo-tank-heal,10,2,pack,180,200,1.000,0.000,0.000,0.998,62.9,0.00,0.002,1.000,1.559
duo-tank-heal,10,2,pack,300,200,1.000,0.000,0.000,0.998,62.8,0.00,0.002,1.000,1.559
duo-tank-heal,10,2,boss,180,200,1.000,0.000,0.000,0.971,122.1,0.00,0.029,1.000,1.545
duo-tank-heal,10,2,boss,300,200,1.000,0.000,0.000,0.975,122.6,0.00,0.025,1.000,1.547
duo-tank-heal,10,3,solo,180,200,1.000,0.000,0.000,0.961,28.4,0.00,0.039,1.000,1.540
duo-tank-heal,10,3,solo,300,200,1.000,0.000,0.000,0.965,28.2,0.00,0.035,1.000,1.542
duo-tank-heal,10,3,pack,180,200,0.000,0.000,1.000,—,—,2.00,1.000,0.585,0.000
duo-tank-heal,10,3,pack,300,200,0.005,0.000,0.995,0.934,114.0,1.99,0.995,0.585,0.008
duo-tank-heal,10,3,boss,180,200,0.000,0.825,0.175,—,—,0.39,0.297,0.949,0.000
duo-tank-heal,10,3,boss,300,200,0.800,0.020,0.180,0.952,237.1,0.38,0.235,0.958,1.228
duo-tank-heal,10,4,solo,180,200,1.000,0.000,0.000,0.971,74.5,0.00,0.029,1.000,1.545
duo-tank-heal,10,4,solo,300,200,1.000,0.000,0.000,0.983,73.1,0.00,0.017,1.000,1.551
duo-tank-heal,10,4,pack,180,200,0.000,0.000,1.000,—,—,2.00,1.000,0.531,0.000
duo-tank-heal,10,4,pack,300,200,0.000,0.000,1.000,—,—,2.00,1.000,0.529,0.000
duo-tank-heal,10,4,boss,180,200,0.000,0.000,1.000,—,—,2.00,1.000,0.520,0.000
duo-tank-heal,10,4,boss,300,200,0.000,0.000,1.000,—,—,2.00,1.000,0.507,0.000
duo-tank-heal,10,5,solo,180,200,0.000,0.000,1.000,—,—,2.00,1.000,0.607,0.000
duo-tank-heal,10,5,solo,300,200,0.000,0.000,1.000,—,—,2.00,1.000,0.611,0.000
duo-tank-heal,10,5,pack,180,200,0.000,0.000,1.000,—,—,2.00,1.000,0.575,0.000
duo-tank-heal,10,5,pack,300,200,0.000,0.000,1.000,—,—,2.00,1.000,0.581,0.000
duo-tank-heal,10,5,boss,180,200,0.000,0.000,1.000,—,—,2.00,1.000,0.572,0.000
duo-tank-heal,10,5,boss,300,200,0.000,0.000,1.000,—,—,2.00,1.000,0.583,0.000
duo-tank-heal,10,6,solo,180,200,0.000,0.000,1.000,—,—,2.00,1.000,0.668,0.000
duo-tank-heal,10,6,solo,300,200,0.000,0.000,1.000,—,—,2.00,1.000,0.673,0.000
duo-tank-heal,10,6,pack,180,200,0.000,0.000,1.000,—,—,2.00,1.000,0.669,0.000
duo-tank-heal,10,6,pack,300,200,0.000,0.000,1.000,—,—,2.00,1.000,0.671,0.000
duo-tank-heal,10,6,boss,180,200,0.000,0.000,1.000,—,—,2.00,1.000,0.456,0.000
duo-tank-heal,10,6,boss,300,200,0.000,0.000,1.000,—,—,2.00,1.000,0.463,0.000
duo-tank-heal,10,7,solo,180,200,0.000,0.000,1.000,—,—,2.00,1.000,0.532,0.000
duo-tank-heal,10,7,solo,300,200,0.000,0.000,1.000,—,—,2.00,1.000,0.531,0.000
duo-tank-heal,10,7,pack,180,200,0.000,0.000,1.000,—,—,2.00,1.000,0.526,0.000
duo-tank-heal,10,7,pack,300,200,0.000,0.000,1.000,—,—,2.00,1.000,0.535,0.000
duo-tank-heal,10,7,boss,180,200,0.000,0.000,1.000,—,—,2.00,1.000,0.505,0.000
duo-tank-heal,10,7,boss,300,200,0.000,0.000,1.000,—,—,2.00,1.000,0.509,0.000
duo-tank-heal,10,8,solo,180,200,0.000,0.000,1.000,—,—,2.00,1.000,0.502,0.000
duo-tank-heal,10,8,solo,300,200,0.000,0.000,1.000,—,—,2.00,1.000,0.500,0.000
duo-tank-heal,10,8,pack,180,200,0.000,0.000,1.000,—,—,2.00,1.000,0.500,0.000
duo-tank-heal,10,8,pack,300,200,0.000,0.000,1.000,—,—,2.00,1.000,0.502,0.000
duo-tank-heal,10,8,boss,180,200,0.000,0.000,1.000,—,—,2.00,1.000,0.502,0.000
duo-tank-heal,10,8,boss,300,200,0.000,0.000,1.000,—,—,2.00,1.000,0.510,0.000
duo-tank-heal,20,1,solo,180,200,1.000,0.000,0.000,1.000,0.0,0.00,0.000,—,1.620
duo-tank-heal,20,1,solo,300,200,1.000,0.000,0.000,1.000,0.0,0.00,0.000,—,1.620
duo-tank-heal,20,1,pack,180,200,1.000,0.000,0.000,0.934,11.8,0.00,0.066,1.000,1.585
duo-tank-heal,20,1,pack,300,200,1.000,0.000,0.000,0.935,12.0,0.00,0.065,1.000,1.585
duo-tank-heal,20,1,boss,180,200,1.000,0.000,0.000,0.898,17.2,0.00,0.102,1.000,1.565
duo-tank-heal,20,1,boss,300,200,1.000,0.000,0.000,0.897,17.1,0.00,0.103,1.000,1.565
duo-tank-heal,20,2,solo,180,200,1.000,0.000,0.000,0.959,3.4,0.00,0.041,1.000,1.598
duo-tank-heal,20,2,solo,300,200,1.000,0.000,0.000,0.960,3.3,0.00,0.040,1.000,1.598
duo-tank-heal,20,2,pack,180,200,1.000,0.000,0.000,0.980,29.1,0.00,0.020,1.000,1.609
duo-tank-heal,20,2,pack,300,200,1.000,0.000,0.000,0.971,28.3,0.00,0.029,1.000,1.604
duo-tank-heal,20,2,boss,180,200,1.000,0.000,0.000,0.989,52.8,0.00,0.011,1.000,1.614
duo-tank-heal,20,2,boss,300,200,1.000,0.000,0.000,0.989,52.6,0.00,0.011,1.000,1.614
duo-tank-heal,20,3,solo,180,200,1.000,0.000,0.000,0.895,7.1,0.00,0.105,1.000,1.563
duo-tank-heal,20,3,solo,300,200,1.000,0.000,0.000,0.894,7.2,0.00,0.106,1.000,1.563
duo-tank-heal,20,3,pack,180,200,1.000,0.000,0.000,0.996,73.2,0.00,0.004,1.000,1.618
duo-tank-heal,20,3,pack,300,200,1.000,0.000,0.000,0.998,73.7,0.00,0.002,1.000,1.619
duo-tank-heal,20,3,boss,180,200,1.000,0.000,0.000,0.971,142.0,0.00,0.029,1.000,1.604
duo-tank-heal,20,3,boss,300,200,1.000,0.000,0.000,0.973,140.1,0.00,0.027,1.000,1.605
duo-tank-heal,20,4,solo,180,200,1.000,0.000,0.000,0.962,35.7,0.00,0.038,1.000,1.600
duo-tank-heal,20,4,solo,300,200,1.000,0.000,0.000,0.967,35.4,0.00,0.033,1.000,1.602
duo-tank-heal,20,4,pack,180,200,0.010,0.000,0.990,1.000,144.0,1.98,0.990,0.742,0.016
duo-tank-heal,20,4,pack,300,200,0.035,0.000,0.965,0.984,148.3,1.93,0.966,0.759,0.056
duo-tank-heal,20,4,boss,180,200,0.000,0.770,0.230,—,—,0.46,0.319,0.972,0.000
duo-tank-heal,20,4,boss,300,200,0.540,0.255,0.205,0.997,281.1,0.41,0.237,0.983,0.874
duo-tank-heal,20,5,solo,180,200,1.000,0.000,0.000,0.956,97.4,0.00,0.044,1.000,1.596
duo-tank-heal,20,5,solo,300,200,1.000,0.000,0.000,0.951,98.1,0.00,0.049,1.000,1.594
duo-tank-heal,20,5,pack,180,200,0.000,0.000,1.000,—,—,2.00,1.000,0.650,0.000
duo-tank-heal,20,5,pack,300,200,0.000,0.000,1.000,—,—,2.00,1.000,0.653,0.000
duo-tank-heal,20,5,boss,180,200,0.000,0.000,1.000,—,—,2.00,1.000,0.567,0.000
duo-tank-heal,20,5,boss,300,200,0.000,0.000,1.000,—,—,2.00,1.000,0.574,0.000
duo-tank-heal,20,6,solo,180,200,0.000,0.000,1.000,—,—,2.00,1.000,0.779,0.000
duo-tank-heal,20,6,solo,300,200,0.000,0.000,1.000,—,—,2.00,1.000,0.772,0.000
duo-tank-heal,20,6,pack,180,200,0.000,0.000,1.000,—,—,2.00,1.000,0.653,0.000
duo-tank-heal,20,6,pack,300,200,0.000,0.000,1.000,—,—,2.00,1.000,0.666,0.000
duo-tank-heal,20,6,boss,180,200,0.000,0.000,1.000,—,—,2.00,1.000,0.616,0.000
duo-tank-heal,20,6,boss,300,200,0.000,0.000,1.000,—,—,2.00,1.000,0.613,0.000
duo-tank-heal,20,7,solo,180,200,0.000,0.000,1.000,—,—,2.00,1.000,0.673,0.000
duo-tank-heal,20,7,solo,300,200,0.000,0.000,1.000,—,—,2.00,1.000,0.677,0.000
duo-tank-heal,20,7,pack,180,200,0.000,0.000,1.000,—,—,2.00,1.000,0.672,0.000
duo-tank-heal,20,7,pack,300,200,0.000,0.000,1.000,—,—,2.00,1.000,0.672,0.000
duo-tank-heal,20,7,boss,180,200,0.000,0.000,1.000,—,—,2.00,1.000,0.564,0.000
duo-tank-heal,20,7,boss,300,200,0.000,0.000,1.000,—,—,2.00,1.000,0.563,0.000
duo-tank-heal,20,8,solo,180,200,0.000,0.000,1.000,—,—,2.00,1.000,0.549,0.000
duo-tank-heal,20,8,solo,300,200,0.000,0.000,1.000,—,—,2.00,1.000,0.552,0.000
duo-tank-heal,20,8,pack,180,200,0.000,0.000,1.000,—,—,2.00,1.000,0.538,0.000
duo-tank-heal,20,8,pack,300,200,0.000,0.000,1.000,—,—,2.00,1.000,0.544,0.000
duo-tank-heal,20,8,boss,180,200,0.000,0.000,1.000,—,—,2.00,1.000,0.524,0.000
duo-tank-heal,20,8,boss,300,200,0.000,0.000,1.000,—,—,2.00,1.000,0.527,0.000
duo-tank-heal,35,1,solo,180,200,1.000,0.000,0.000,1.000,0.0,0.00,0.000,—,1.710
duo-tank-heal,35,1,solo,300,200,1.000,0.000,0.000,1.000,0.0,0.00,0.000,—,1.710
duo-tank-heal,35,1,pack,180,200,1.000,0.000,0.000,0.986,4.1,0.00,0.014,1.000,1.702
duo-tank-heal,35,1,pack,300,200,1.000,0.000,0.000,0.986,4.1,0.00,0.014,1.000,1.702
duo-tank-heal,35,1,boss,180,200,1.000,0.000,0.000,0.963,12.1,0.00,0.037,1.000,1.689
duo-tank-heal,35,1,boss,300,200,1.000,0.000,0.000,0.964,12.1,0.00,0.036,1.000,1.689
duo-tank-heal,35,2,solo,180,200,1.000,0.000,0.000,1.000,0.0,0.00,0.000,—,1.710
duo-tank-heal,35,2,solo,300,200,1.000,0.000,0.000,1.000,0.0,0.00,0.000,—,1.710
duo-tank-heal,35,2,pack,180,200,1.000,0.000,0.000,0.931,12.0,0.00,0.069,1.000,1.671
duo-tank-heal,35,2,pack,300,200,1.000,0.000,0.000,0.930,12.0,0.00,0.070,1.000,1.670
duo-tank-heal,35,2,boss,180,200,1.000,0.000,0.000,0.892,19.2,0.00,0.108,1.000,1.648
duo-tank-heal,35,2,boss,300,200,1.000,0.000,0.000,0.894,19.1,0.00,0.106,1.000,1.649
duo-tank-heal,35,3,solo,180,200,1.000,0.000,0.000,0.953,4.1,0.00,0.047,1.000,1.683
duo-tank-heal,35,3,solo,300,200,1.000,0.000,0.000,0.953,4.1,0.00,0.047,1.000,1.683
duo-tank-heal,35,3,pack,180,200,1.000,0.000,0.000,0.989,36.3,0.00,0.011,1.000,1.704
duo-tank-heal,35,3,pack,300,200,1.000,0.000,0.000,0.988,36.8,0.00,0.012,1.000,1.703
duo-tank-heal,35,3,boss,180,200,1.000,0.000,0.000,0.995,74.6,0.00,0.005,1.000,1.707
duo-tank-heal,35,3,boss,300,200,1.000,0.000,0.000,0.994,75.6,0.00,0.006,1.000,1.706
duo-tank-heal,35,4,solo,180,200,1.000,0.000,0.000,0.868,9.1,0.00,0.132,1.000,1.635
duo-tank-heal,35,4,solo,300,200,1.000,0.000,0.000,0.869,9.2,0.00,0.131,1.000,1.636
duo-tank-heal,35,4,pack,180,200,1.000,0.000,0.000,0.992,92.9,0.00,0.008,1.000,1.705
duo-tank-heal,35,4,pack,300,200,1.000,0.000,0.000,0.993,94.3,0.00,0.007,1.000,1.706
duo-tank-heal,35,4,boss,180,200,0.530,0.470,0.000,0.999,170.2,0.00,0.031,1.000,0.906
duo-tank-heal,35,4,boss,300,200,1.000,0.000,0.000,0.991,180.9,0.00,0.009,1.000,1.705
duo-tank-heal,35,5,solo,180,200,1.000,0.000,0.000,0.982,50.5,0.00,0.018,1.000,1.699
duo-tank-heal,35,5,solo,300,200,1.000,0.000,0.000,0.972,49.0,0.00,0.028,1.000,1.694
duo-tank-heal,35,5,pack,180,200,0.015,0.145,0.840,1.000,176.0,1.68,0.850,0.929,0.026
duo-tank-heal,35,5,pack,300,200,0.210,0.000,0.790,0.986,196.9,1.58,0.793,0.943,0.357
duo-tank-heal,35,5,boss,180,200,0.000,0.745,0.255,—,—,0.51,0.343,0.980,0.000
duo-tank-heal,35,5,boss,300,200,0.000,0.825,0.175,—,—,0.35,0.270,0.991,0.000
duo-tank-heal,35,6,solo,180,200,1.000,0.000,0.000,0.943,143.5,0.00,0.057,1.000,1.678
duo-tank-heal,35,6,solo,300,200,1.000,0.000,0.000,0.947,143.9,0.00,0.053,1.000,1.680
duo-tank-heal,35,6,pack,180,200,0.000,0.000,1.000,—,—,2.00,1.000,0.653,0.000
duo-tank-heal,35,6,pack,300,200,0.000,0.000,1.000,—,—,2.00,1.000,0.666,0.000
duo-tank-heal,35,6,boss,180,200,0.000,0.000,1.000,—,—,2.00,1.000,0.648,0.000
duo-tank-heal,35,6,boss,300,200,0.000,0.000,1.000,—,—,2.00,1.000,0.642,0.000
duo-tank-heal,35,7,solo,180,200,0.000,0.000,1.000,—,—,2.00,1.000,0.881,0.000
duo-tank-heal,35,7,solo,300,200,0.000,0.000,1.000,—,—,2.00,1.000,0.890,0.000
duo-tank-heal,35,7,pack,180,200,0.000,0.000,1.000,—,—,2.00,1.000,0.738,0.000
duo-tank-heal,35,7,pack,300,200,0.000,0.000,1.000,—,—,2.00,1.000,0.740,0.000
duo-tank-heal,35,7,boss,180,200,0.000,0.000,1.000,—,—,2.00,1.000,0.632,0.000
duo-tank-heal,35,7,boss,300,200,0.000,0.000,1.000,—,—,2.00,1.000,0.608,0.000
duo-tank-heal,35,8,solo,180,200,0.000,0.000,1.000,—,—,2.00,1.000,0.677,0.000
duo-tank-heal,35,8,solo,300,200,0.000,0.000,1.000,—,—,2.00,1.000,0.674,0.000
duo-tank-heal,35,8,pack,180,200,0.000,0.000,1.000,—,—,2.00,1.000,0.674,0.000
duo-tank-heal,35,8,pack,300,200,0.000,0.000,1.000,—,—,2.00,1.000,0.670,0.000
duo-tank-heal,35,8,boss,180,200,0.000,0.000,1.000,—,—,2.00,1.000,0.643,0.000
duo-tank-heal,35,8,boss,300,200,0.000,0.000,1.000,—,—,2.00,1.000,0.658,0.000
duo-tank-heal,50,1,solo,180,200,1.000,0.000,0.000,1.000,0.0,0.00,0.000,—,1.800
duo-tank-heal,50,1,solo,300,200,1.000,0.000,0.000,1.000,0.0,0.00,0.000,—,1.800
duo-tank-heal,50,1,pack,180,200,1.000,0.000,0.000,0.991,4.1,0.00,0.009,1.000,1.795
duo-tank-heal,50,1,pack,300,200,1.000,0.000,0.000,0.991,4.1,0.00,0.009,1.000,1.795
duo-tank-heal,50,1,boss,180,200,1.000,0.000,0.000,0.984,8.8,0.00,0.016,1.000,1.790
duo-tank-heal,50,1,boss,300,200,1.000,0.000,0.000,0.984,8.8,0.00,0.016,1.000,1.791
duo-tank-heal,50,2,solo,180,200,1.000,0.000,0.000,1.000,0.0,0.00,0.000,—,1.800
duo-tank-heal,50,2,solo,300,200,1.000,0.000,0.000,1.000,0.0,0.00,0.000,—,1.800
duo-tank-heal,50,2,pack,180,200,1.000,0.000,0.000,0.973,7.3,0.00,0.027,1.000,1.784
duo-tank-heal,50,2,pack,300,200,1.000,0.000,0.000,0.971,7.3,0.00,0.029,1.000,1.783
duo-tank-heal,50,2,boss,180,200,1.000,0.000,0.000,0.944,14.3,0.00,0.056,1.000,1.766
duo-tank-heal,50,2,boss,300,200,1.000,0.000,0.000,0.944,14.3,0.00,0.056,1.000,1.766
duo-tank-heal,50,3,solo,180,200,1.000,0.000,0.000,0.992,1.1,0.00,0.008,1.000,1.795
duo-tank-heal,50,3,solo,300,200,1.000,0.000,0.000,0.993,0.9,0.00,0.007,1.000,1.796
duo-tank-heal,50,3,pack,180,200,1.000,0.000,0.000,0.909,12.8,0.00,0.091,1.000,1.745
duo-tank-heal,50,3,pack,300,200,1.000,0.000,0.000,0.911,12.9,0.00,0.089,1.000,1.747
duo-tank-heal,50,3,boss,180,200,1.000,0.000,0.000,0.912,27.5,0.00,0.088,1.000,1.747
duo-tank-heal,50,3,boss,300,200,1.000,0.000,0.000,0.903,27.5,0.00,0.097,1.000,1.742
duo-tank-heal,50,4,solo,180,200,1.000,0.000,0.000,0.951,6.0,0.00,0.049,1.000,1.771
duo-tank-heal,50,4,solo,300,200,1.000,0.000,0.000,0.952,6.0,0.00,0.048,1.000,1.771
duo-tank-heal,50,4,pack,180,200,1.000,0.000,0.000,0.998,61.3,0.00,0.002,1.000,1.799
duo-tank-heal,50,4,pack,300,200,1.000,0.000,0.000,0.997,60.9,0.00,0.003,1.000,1.798
duo-tank-heal,50,4,boss,180,200,1.000,0.000,0.000,0.984,123.9,0.00,0.016,1.000,1.790
duo-tank-heal,50,4,boss,300,200,1.000,0.000,0.000,0.981,125.2,0.00,0.019,1.000,1.789
duo-tank-heal,50,5,solo,180,200,1.000,0.000,0.000,0.957,21.8,0.00,0.043,1.000,1.774
duo-tank-heal,50,5,solo,300,200,1.000,0.000,0.000,0.960,21.1,0.00,0.040,1.000,1.776
duo-tank-heal,50,5,pack,180,200,1.000,0.000,0.000,0.978,145.1,0.00,0.022,1.000,1.787
duo-tank-heal,50,5,pack,300,200,1.000,0.000,0.000,0.980,147.7,0.00,0.020,1.000,1.788
duo-tank-heal,50,5,boss,180,200,0.000,1.000,0.000,—,—,0.00,0.072,1.000,0.000
duo-tank-heal,50,5,boss,300,200,0.765,0.235,0.000,0.989,274.5,0.00,0.025,1.000,1.372
duo-tank-heal,50,6,solo,180,200,1.000,0.000,0.000,0.982,93.2,0.00,0.018,1.000,1.789
duo-tank-heal,50,6,solo,300,200,1.000,0.000,0.000,0.981,93.6,0.00,0.019,1.000,1.788
duo-tank-heal,50,6,pack,180,200,0.000,0.010,0.990,—,—,1.98,0.992,0.890,0.000
duo-tank-heal,50,6,pack,300,200,0.000,0.000,1.000,—,—,2.00,1.000,0.877,0.000
duo-tank-heal,50,6,boss,180,200,0.000,0.195,0.805,—,—,1.61,0.827,0.939,0.000
duo-tank-heal,50,6,boss,300,200,0.000,0.235,0.765,—,—,1.53,0.797,0.955,0.000
duo-tank-heal,50,7,solo,180,200,0.000,1.000,0.000,—,—,0.00,0.145,1.000,0.000
duo-tank-heal,50,7,solo,300,200,0.880,0.120,0.000,0.961,263.2,0.00,0.054,1.000,1.564
duo-tank-heal,50,7,pack,180,200,0.000,0.000,1.000,—,—,2.00,1.000,0.699,0.000
duo-tank-heal,50,7,pack,300,200,0.000,0.000,1.000,—,—,2.00,1.000,0.697,0.000
duo-tank-heal,50,7,boss,180,200,0.000,0.000,1.000,—,—,2.00,1.000,0.694,0.000
duo-tank-heal,50,7,boss,300,200,0.000,0.000,1.000,—,—,2.00,1.000,0.694,0.000
duo-tank-heal,50,8,solo,180,200,0.000,0.000,1.000,—,—,2.00,1.000,0.797,0.000
duo-tank-heal,50,8,solo,300,200,0.000,0.000,1.000,—,—,2.00,1.000,0.790,0.000
duo-tank-heal,50,8,pack,180,200,0.000,0.000,1.000,—,—,2.00,1.000,0.733,0.000
duo-tank-heal,50,8,pack,300,200,0.000,0.000,1.000,—,—,2.00,1.000,0.732,0.000
duo-tank-heal,50,8,boss,180,200,0.000,0.000,1.000,—,—,2.00,1.000,0.738,0.000
duo-tank-heal,50,8,boss,300,200,0.000,0.000,1.000,—,—,2.00,1.000,0.737,0.000
solo-tank,1,1,solo,180,200,1.000,0.000,0.000,0.437,28.5,0.00,0.563,1.000,1.223
solo-tank,1,1,solo,300,200,1.000,0.000,0.000,0.447,28.4,0.00,0.553,1.000,1.228
solo-tank,1,1,pack,180,200,0.000,0.000,1.000,—,—,1.00,1.000,1.000,0.000
solo-tank,1,1,pack,300,200,0.000,0.000,1.000,—,—,1.00,1.000,1.000,0.000
solo-tank,1,1,boss,180,200,0.000,0.000,1.000,—,—,1.00,1.000,1.000,0.000
solo-tank,1,1,boss,300,200,0.000,0.000,1.000,—,—,1.00,1.000,1.000,0.000
solo-tank,1,2,solo,180,200,0.000,0.000,1.000,—,—,1.00,1.000,1.000,0.000
solo-tank,1,2,solo,300,200,0.000,0.000,1.000,—,—,1.00,1.000,1.000,0.000
solo-tank,1,2,pack,180,200,0.000,0.000,1.000,—,—,1.00,1.000,1.000,0.000
solo-tank,1,2,pack,300,200,0.000,0.000,1.000,—,—,1.00,1.000,1.000,0.000
solo-tank,1,2,boss,180,200,0.000,0.000,1.000,—,—,1.00,1.000,1.000,0.000
solo-tank,1,2,boss,300,200,0.000,0.000,1.000,—,—,1.00,1.000,1.000,0.000
solo-tank,1,3,solo,180,200,0.000,0.000,1.000,—,—,1.00,1.000,1.000,0.000
solo-tank,1,3,solo,300,200,0.000,0.000,1.000,—,—,1.00,1.000,1.000,0.000
solo-tank,1,3,pack,180,200,0.000,0.000,1.000,—,—,1.00,1.000,1.000,0.000
solo-tank,1,3,pack,300,200,0.000,0.000,1.000,—,—,1.00,1.000,1.000,0.000
solo-tank,1,3,boss,180,200,0.000,0.000,1.000,—,—,1.00,1.000,1.000,0.000
solo-tank,1,3,boss,300,200,0.000,0.000,1.000,—,—,1.00,1.000,1.000,0.000
solo-tank,1,4,solo,180,200,0.000,0.000,1.000,—,—,1.00,1.000,1.000,0.000
solo-tank,1,4,solo,300,200,0.000,0.000,1.000,—,—,1.00,1.000,1.000,0.000
solo-tank,1,4,pack,180,200,0.000,0.000,1.000,—,—,1.00,1.000,1.000,0.000
solo-tank,1,4,pack,300,200,0.000,0.000,1.000,—,—,1.00,1.000,1.000,0.000
solo-tank,1,4,boss,180,200,0.000,0.000,1.000,—,—,1.00,1.000,1.000,0.000
solo-tank,1,4,boss,300,200,0.000,0.000,1.000,—,—,1.00,1.000,1.000,0.000
solo-tank,1,5,solo,180,200,0.000,0.000,1.000,—,—,1.00,1.000,1.000,0.000
solo-tank,1,5,solo,300,200,0.000,0.000,1.000,—,—,1.00,1.000,1.000,0.000
solo-tank,1,5,pack,180,200,0.000,0.000,1.000,—,—,1.00,1.000,1.000,0.000
solo-tank,1,5,pack,300,200,0.000,0.000,1.000,—,—,1.00,1.000,1.000,0.000
solo-tank,1,5,boss,180,200,0.000,0.000,1.000,—,—,1.00,1.000,1.000,0.000
solo-tank,1,5,boss,300,200,0.000,0.000,1.000,—,—,1.00,1.000,1.000,0.000
solo-tank,1,6,solo,180,200,0.000,0.000,1.000,—,—,1.00,1.000,1.000,0.000
solo-tank,1,6,solo,300,200,0.000,0.000,1.000,—,—,1.00,1.000,1.000,0.000
solo-tank,1,6,pack,180,200,0.000,0.000,1.000,—,—,1.00,1.000,1.000,0.000
solo-tank,1,6,pack,300,200,0.000,0.000,1.000,—,—,1.00,1.000,1.000,0.000
solo-tank,1,6,boss,180,200,0.000,0.000,1.000,—,—,1.00,1.000,1.000,0.000
solo-tank,1,6,boss,300,200,0.000,0.000,1.000,—,—,1.00,1.000,1.000,0.000
solo-tank,1,7,solo,180,200,0.000,0.000,1.000,—,—,1.00,1.000,1.000,0.000
solo-tank,1,7,solo,300,200,0.000,0.000,1.000,—,—,1.00,1.000,1.000,0.000
solo-tank,1,7,pack,180,200,0.000,0.000,1.000,—,—,1.00,1.000,1.000,0.000
solo-tank,1,7,pack,300,200,0.000,0.000,1.000,—,—,1.00,1.000,1.000,0.000
solo-tank,1,7,boss,180,200,0.000,0.000,1.000,—,—,1.00,1.000,1.000,0.000
solo-tank,1,7,boss,300,200,0.000,0.000,1.000,—,—,1.00,1.000,1.000,0.000
solo-tank,1,8,solo,180,200,0.000,0.000,1.000,—,—,1.00,1.000,1.000,0.000
solo-tank,1,8,solo,300,200,0.000,0.000,1.000,—,—,1.00,1.000,1.000,0.000
solo-tank,1,8,pack,180,200,0.000,0.000,1.000,—,—,1.00,1.000,1.000,0.000
solo-tank,1,8,pack,300,200,0.000,0.000,1.000,—,—,1.00,1.000,1.000,0.000
solo-tank,1,8,boss,180,200,0.000,0.000,1.000,—,—,1.00,1.000,1.000,0.000
solo-tank,1,8,boss,300,200,0.000,0.000,1.000,—,—,1.00,1.000,1.000,0.000
solo-tank,5,1,solo,180,200,1.000,0.000,0.000,0.824,15.5,0.00,0.176,1.000,1.440
solo-tank,5,1,solo,300,200,1.000,0.000,0.000,0.821,16.0,0.00,0.179,1.000,1.439
solo-tank,5,1,pack,180,200,0.000,0.000,1.000,—,—,1.00,1.000,1.000,0.000
solo-tank,5,1,pack,300,200,0.000,0.000,1.000,—,—,1.00,1.000,1.000,0.000
solo-tank,5,1,boss,180,200,0.000,0.000,1.000,—,—,1.00,1.000,1.000,0.000
solo-tank,5,1,boss,300,200,0.000,0.000,1.000,—,—,1.00,1.000,1.000,0.000
solo-tank,5,2,solo,180,200,0.685,0.000,0.315,0.186,31.1,0.32,0.873,1.000,0.764
solo-tank,5,2,solo,300,200,0.725,0.000,0.275,0.190,31.7,0.28,0.863,1.000,0.810
solo-tank,5,2,pack,180,200,0.000,0.000,1.000,—,—,1.00,1.000,1.000,0.000
solo-tank,5,2,pack,300,200,0.000,0.000,1.000,—,—,1.00,1.000,1.000,0.000
solo-tank,5,2,boss,180,200,0.000,0.000,1.000,—,—,1.00,1.000,1.000,0.000
solo-tank,5,2,boss,300,200,0.000,0.000,1.000,—,—,1.00,1.000,1.000,0.000
solo-tank,5,3,solo,180,200,0.000,0.000,1.000,—,—,1.00,1.000,1.000,0.000
solo-tank,5,3,solo,300,200,0.000,0.000,1.000,—,—,1.00,1.000,1.000,0.000
solo-tank,5,3,pack,180,200,0.000,0.000,1.000,—,—,1.00,1.000,1.000,0.000
solo-tank,5,3,pack,300,200,0.000,0.000,1.000,—,—,1.00,1.000,1.000,0.000
solo-tank,5,3,boss,180,200,0.000,0.000,1.000,—,—,1.00,1.000,1.000,0.000
solo-tank,5,3,boss,300,200,0.000,0.000,1.000,—,—,1.00,1.000,1.000,0.000
solo-tank,5,4,solo,180,200,0.000,0.000,1.000,—,—,1.00,1.000,1.000,0.000
solo-tank,5,4,solo,300,200,0.000,0.000,1.000,—,—,1.00,1.000,1.000,0.000
solo-tank,5,4,pack,180,200,0.000,0.000,1.000,—,—,1.00,1.000,1.000,0.000
solo-tank,5,4,pack,300,200,0.000,0.000,1.000,—,—,1.00,1.000,1.000,0.000
solo-tank,5,4,boss,180,200,0.000,0.000,1.000,—,—,1.00,1.000,1.000,0.000
solo-tank,5,4,boss,300,200,0.000,0.000,1.000,—,—,1.00,1.000,1.000,0.000
solo-tank,5,5,solo,180,200,0.000,0.000,1.000,—,—,1.00,1.000,1.000,0.000
solo-tank,5,5,solo,300,200,0.000,0.000,1.000,—,—,1.00,1.000,1.000,0.000
solo-tank,5,5,pack,180,200,0.000,0.000,1.000,—,—,1.00,1.000,1.000,0.000
solo-tank,5,5,pack,300,200,0.000,0.000,1.000,—,—,1.00,1.000,1.000,0.000
solo-tank,5,5,boss,180,200,0.000,0.000,1.000,—,—,1.00,1.000,1.000,0.000
solo-tank,5,5,boss,300,200,0.000,0.000,1.000,—,—,1.00,1.000,1.000,0.000
solo-tank,5,6,solo,180,200,0.000,0.000,1.000,—,—,1.00,1.000,1.000,0.000
solo-tank,5,6,solo,300,200,0.000,0.000,1.000,—,—,1.00,1.000,1.000,0.000
solo-tank,5,6,pack,180,200,0.000,0.000,1.000,—,—,1.00,1.000,1.000,0.000
solo-tank,5,6,pack,300,200,0.000,0.000,1.000,—,—,1.00,1.000,1.000,0.000
solo-tank,5,6,boss,180,200,0.000,0.000,1.000,—,—,1.00,1.000,1.000,0.000
solo-tank,5,6,boss,300,200,0.000,0.000,1.000,—,—,1.00,1.000,1.000,0.000
solo-tank,5,7,solo,180,200,0.000,0.000,1.000,—,—,1.00,1.000,1.000,0.000
solo-tank,5,7,solo,300,200,0.000,0.000,1.000,—,—,1.00,1.000,1.000,0.000
solo-tank,5,7,pack,180,200,0.000,0.000,1.000,—,—,1.00,1.000,1.000,0.000
solo-tank,5,7,pack,300,200,0.000,0.000,1.000,—,—,1.00,1.000,1.000,0.000
solo-tank,5,7,boss,180,200,0.000,0.000,1.000,—,—,1.00,1.000,1.000,0.000
solo-tank,5,7,boss,300,200,0.000,0.000,1.000,—,—,1.00,1.000,1.000,0.000
solo-tank,5,8,solo,180,200,0.000,0.000,1.000,—,—,1.00,1.000,1.000,0.000
solo-tank,5,8,solo,300,200,0.000,0.000,1.000,—,—,1.00,1.000,1.000,0.000
solo-tank,5,8,pack,180,200,0.000,0.000,1.000,—,—,1.00,1.000,1.000,0.000
solo-tank,5,8,pack,300,200,0.000,0.000,1.000,—,—,1.00,1.000,1.000,0.000
solo-tank,5,8,boss,180,200,0.000,0.000,1.000,—,—,1.00,1.000,1.000,0.000
solo-tank,5,8,boss,300,200,0.000,0.000,1.000,—,—,1.00,1.000,1.000,0.000
solo-tank,10,1,solo,180,200,1.000,0.000,0.000,0.960,7.6,0.00,0.040,1.000,1.539
solo-tank,10,1,solo,300,200,1.000,0.000,0.000,0.961,7.3,0.00,0.039,1.000,1.540
solo-tank,10,1,pack,180,200,1.000,0.000,0.000,0.484,34.1,0.00,0.516,1.000,1.292
solo-tank,10,1,pack,300,200,1.000,0.000,0.000,0.479,33.9,0.00,0.521,1.000,1.289
solo-tank,10,1,boss,180,200,0.830,0.000,0.170,0.212,64.0,0.17,0.824,1.000,0.955
solo-tank,10,1,boss,300,200,0.845,0.000,0.155,0.224,63.6,0.15,0.811,1.000,0.977
solo-tank,10,2,solo,180,200,1.000,0.000,0.000,0.705,18.0,0.00,0.295,1.000,1.406
solo-tank,10,2,solo,300,200,1.000,0.000,0.000,0.711,17.9,0.00,0.289,1.000,1.410
solo-tank,10,2,pack,180,200,0.000,0.000,1.000,—,—,1.00,1.000,1.000,0.000
solo-tank,10,2,pack,300,200,0.000,0.000,1.000,—,—,1.00,1.000,1.000,0.000
solo-tank,10,2,boss,180,200,0.000,0.000,1.000,—,—,1.00,1.000,1.000,0.000
solo-tank,10,2,boss,300,200,0.000,0.000,1.000,—,—,1.00,1.000,1.000,0.000
solo-tank,10,3,solo,180,200,0.050,0.000,0.950,0.185,32.4,0.95,0.991,1.000,0.057
solo-tank,10,3,solo,300,200,0.050,0.000,0.950,0.139,32.4,0.95,0.993,1.000,0.056
solo-tank,10,3,pack,180,200,0.000,0.000,1.000,—,—,1.00,1.000,1.000,0.000
solo-tank,10,3,pack,300,200,0.000,0.000,1.000,—,—,1.00,1.000,1.000,0.000
solo-tank,10,3,boss,180,200,0.000,0.000,1.000,—,—,1.00,1.000,1.000,0.000
solo-tank,10,3,boss,300,200,0.000,0.000,1.000,—,—,1.00,1.000,1.000,0.000
solo-tank,10,4,solo,180,200,0.000,0.000,1.000,—,—,1.00,1.000,1.000,0.000
solo-tank,10,4,solo,300,200,0.000,0.000,1.000,—,—,1.00,1.000,1.000,0.000
solo-tank,10,4,pack,180,200,0.000,0.000,1.000,—,—,1.00,1.000,1.000,0.000
solo-tank,10,4,pack,300,200,0.000,0.000,1.000,—,—,1.00,1.000,1.000,0.000
solo-tank,10,4,boss,180,200,0.000,0.000,1.000,—,—,1.00,1.000,1.000,0.000
solo-tank,10,4,boss,300,200,0.000,0.000,1.000,—,—,1.00,1.000,1.000,0.000
solo-tank,10,5,solo,180,200,0.000,0.000,1.000,—,—,1.00,1.000,1.000,0.000
solo-tank,10,5,solo,300,200,0.000,0.000,1.000,—,—,1.00,1.000,1.000,0.000
solo-tank,10,5,pack,180,200,0.000,0.000,1.000,—,—,1.00,1.000,1.000,0.000
solo-tank,10,5,pack,300,200,0.000,0.000,1.000,—,—,1.00,1.000,1.000,0.000
solo-tank,10,5,boss,180,200,0.000,0.000,1.000,—,—,1.00,1.000,1.000,0.000
solo-tank,10,5,boss,300,200,0.000,0.000,1.000,—,—,1.00,1.000,1.000,0.000
solo-tank,10,6,solo,180,200,0.000,0.000,1.000,—,—,1.00,1.000,1.000,0.000
solo-tank,10,6,solo,300,200,0.000,0.000,1.000,—,—,1.00,1.000,1.000,0.000
solo-tank,10,6,pack,180,200,0.000,0.000,1.000,—,—,1.00,1.000,1.000,0.000
solo-tank,10,6,pack,300,200,0.000,0.000,1.000,—,—,1.00,1.000,1.000,0.000
solo-tank,10,6,boss,180,200,0.000,0.000,1.000,—,—,1.00,1.000,1.000,0.000
solo-tank,10,6,boss,300,200,0.000,0.000,1.000,—,—,1.00,1.000,1.000,0.000
solo-tank,10,7,solo,180,200,0.000,0.000,1.000,—,—,1.00,1.000,1.000,0.000
solo-tank,10,7,solo,300,200,0.000,0.000,1.000,—,—,1.00,1.000,1.000,0.000
solo-tank,10,7,pack,180,200,0.000,0.000,1.000,—,—,1.00,1.000,1.000,0.000
solo-tank,10,7,pack,300,200,0.000,0.000,1.000,—,—,1.00,1.000,1.000,0.000
solo-tank,10,7,boss,180,200,0.000,0.000,1.000,—,—,1.00,1.000,1.000,0.000
solo-tank,10,7,boss,300,200,0.000,0.000,1.000,—,—,1.00,1.000,1.000,0.000
solo-tank,10,8,solo,180,200,0.000,0.000,1.000,—,—,1.00,1.000,1.000,0.000
solo-tank,10,8,solo,300,200,0.000,0.000,1.000,—,—,1.00,1.000,1.000,0.000
solo-tank,10,8,pack,180,200,0.000,0.000,1.000,—,—,1.00,1.000,1.000,0.000
solo-tank,10,8,pack,300,200,0.000,0.000,1.000,—,—,1.00,1.000,1.000,0.000
solo-tank,10,8,boss,180,200,0.000,0.000,1.000,—,—,1.00,1.000,1.000,0.000
solo-tank,10,8,boss,300,200,0.000,0.000,1.000,—,—,1.00,1.000,1.000,0.000
solo-tank,20,1,solo,180,200,1.000,0.000,0.000,0.999,5.8,0.00,0.001,1.000,1.619
solo-tank,20,1,solo,300,200,1.000,0.000,0.000,0.998,5.7,0.00,0.002,1.000,1.619
solo-tank,20,1,pack,180,200,1.000,0.000,0.000,0.858,28.8,0.00,0.142,1.000,1.544
solo-tank,20,1,pack,300,200,1.000,0.000,0.000,0.855,29.3,0.00,0.145,1.000,1.542
solo-tank,20,1,boss,180,200,1.000,0.000,0.000,0.841,43.8,0.00,0.159,1.000,1.534
solo-tank,20,1,boss,300,200,1.000,0.000,0.000,0.847,43.9,0.00,0.153,1.000,1.537
solo-tank,20,2,solo,180,200,1.000,0.000,0.000,0.938,10.9,0.00,0.062,1.000,1.587
solo-tank,20,2,solo,300,200,1.000,0.000,0.000,0.941,10.8,0.00,0.059,1.000,1.588
solo-tank,20,2,pack,180,200,0.970,0.000,0.030,0.273,44.2,0.03,0.736,1.000,1.190
solo-tank,20,2,pack,300,200,0.955,0.000,0.045,0.275,44.1,0.04,0.737,1.000,1.173
solo-tank,20,2,boss,180,200,0.535,0.000,0.465,0.169,72.2,0.47,0.910,1.000,0.627
solo-tank,20,2,boss,300,200,0.560,0.000,0.440,0.184,72.2,0.44,0.897,1.000,0.661
solo-tank,20,3,solo,180,200,1.000,0.000,0.000,0.640,22.0,0.00,0.360,1.000,1.426
solo-tank,20,3,solo,300,200,1.000,0.000,0.000,0.648,21.7,0.00,0.352,1.000,1.430
solo-tank,20,3,pack,180,200,0.000,0.000,1.000,—,—,1.00,1.000,1.000,0.000
solo-tank,20,3,pack,300,200,0.000,0.000,1.000,—,—,1.00,1.000,1.000,0.000
solo-tank,20,3,boss,180,200,0.000,0.000,1.000,—,—,1.00,1.000,1.000,0.000
solo-tank,20,3,boss,300,200,0.000,0.000,1.000,—,—,1.00,1.000,1.000,0.000
solo-tank,20,4,solo,180,200,0.000,0.000,1.000,—,—,1.00,1.000,1.000,0.000
solo-tank,20,4,solo,300,200,0.000,0.000,1.000,—,—,1.00,1.000,1.000,0.000
solo-tank,20,4,pack,180,200,0.000,0.000,1.000,—,—,1.00,1.000,1.000,0.000
solo-tank,20,4,pack,300,200,0.000,0.000,1.000,—,—,1.00,1.000,1.000,0.000
solo-tank,20,4,boss,180,200,0.000,0.000,1.000,—,—,1.00,1.000,1.000,0.000
solo-tank,20,4,boss,300,200,0.000,0.000,1.000,—,—,1.00,1.000,1.000,0.000
solo-tank,20,5,solo,180,200,0.000,0.000,1.000,—,—,1.00,1.000,1.000,0.000
solo-tank,20,5,solo,300,200,0.000,0.000,1.000,—,—,1.00,1.000,1.000,0.000
solo-tank,20,5,pack,180,200,0.000,0.000,1.000,—,—,1.00,1.000,1.000,0.000
solo-tank,20,5,pack,300,200,0.000,0.000,1.000,—,—,1.00,1.000,1.000,0.000
solo-tank,20,5,boss,180,200,0.000,0.000,1.000,—,—,1.00,1.000,1.000,0.000
solo-tank,20,5,boss,300,200,0.000,0.000,1.000,—,—,1.00,1.000,1.000,0.000
solo-tank,20,6,solo,180,200,0.000,0.000,1.000,—,—,1.00,1.000,1.000,0.000
solo-tank,20,6,solo,300,200,0.000,0.000,1.000,—,—,1.00,1.000,1.000,0.000
solo-tank,20,6,pack,180,200,0.000,0.000,1.000,—,—,1.00,1.000,1.000,0.000
solo-tank,20,6,pack,300,200,0.000,0.000,1.000,—,—,1.00,1.000,1.000,0.000
solo-tank,20,6,boss,180,200,0.000,0.000,1.000,—,—,1.00,1.000,1.000,0.000
solo-tank,20,6,boss,300,200,0.000,0.000,1.000,—,—,1.00,1.000,1.000,0.000
solo-tank,20,7,solo,180,200,0.000,0.000,1.000,—,—,1.00,1.000,1.000,0.000
solo-tank,20,7,solo,300,200,0.000,0.000,1.000,—,—,1.00,1.000,1.000,0.000
solo-tank,20,7,pack,180,200,0.000,0.000,1.000,—,—,1.00,1.000,1.000,0.000
solo-tank,20,7,pack,300,200,0.000,0.000,1.000,—,—,1.00,1.000,1.000,0.000
solo-tank,20,7,boss,180,200,0.000,0.000,1.000,—,—,1.00,1.000,1.000,0.000
solo-tank,20,7,boss,300,200,0.000,0.000,1.000,—,—,1.00,1.000,1.000,0.000
solo-tank,20,8,solo,180,200,0.000,0.000,1.000,—,—,1.00,1.000,1.000,0.000
solo-tank,20,8,solo,300,200,0.000,0.000,1.000,—,—,1.00,1.000,1.000,0.000
solo-tank,20,8,pack,180,200,0.000,0.000,1.000,—,—,1.00,1.000,1.000,0.000
solo-tank,20,8,pack,300,200,0.000,0.000,1.000,—,—,1.00,1.000,1.000,0.000
solo-tank,20,8,boss,180,200,0.000,0.000,1.000,—,—,1.00,1.000,1.000,0.000
solo-tank,20,8,boss,300,200,0.000,0.000,1.000,—,—,1.00,1.000,1.000,0.000
solo-tank,35,1,solo,180,200,1.000,0.000,0.000,1.000,0.0,0.00,0.000,—,1.710
solo-tank,35,1,solo,300,200,1.000,0.000,0.000,1.000,0.0,0.00,0.000,—,1.710
solo-tank,35,1,pack,180,200,1.000,0.000,0.000,1.000,12.0,0.00,0.000,1.000,1.710
solo-tank,35,1,pack,300,200,1.000,0.000,0.000,1.000,12.0,0.00,0.000,1.000,1.710
solo-tank,35,1,boss,180,200,1.000,0.000,0.000,1.000,31.3,0.00,0.000,1.000,1.710
solo-tank,35,1,boss,300,200,1.000,0.000,0.000,1.000,31.6,0.00,0.000,1.000,1.710
solo-tank,35,2,solo,180,200,1.000,0.000,0.000,0.999,6.0,0.00,0.001,1.000,1.709
solo-tank,35,2,solo,300,200,1.000,0.000,0.000,0.999,6.0,0.00,0.001,1.000,1.709
solo-tank,35,2,pack,180,200,1.000,0.000,0.000,0.856,30.0,0.00,0.144,1.000,1.628
solo-tank,35,2,pack,300,200,1.000,0.000,0.000,0.855,30.0,0.00,0.145,1.000,1.627
solo-tank,35,2,boss,180,200,1.000,0.000,0.000,0.843,51.6,0.00,0.157,1.000,1.620
solo-tank,35,2,boss,300,200,1.000,0.000,0.000,0.853,51.1,0.00,0.147,1.000,1.626
solo-tank,35,3,solo,180,200,1.000,0.000,0.000,0.941,12.8,0.00,0.059,1.000,1.676
solo-tank,35,3,solo,300,200,1.000,0.000,0.000,0.940,12.8,0.00,0.060,1.000,1.676
solo-tank,35,3,pack,180,200,0.960,0.000,0.040,0.256,50.5,0.04,0.754,1.000,1.235
solo-tank,35,3,pack,300,200,0.965,0.000,0.035,0.254,49.4,0.04,0.755,1.000,1.240
solo-tank,35,3,boss,180,200,0.135,0.000,0.865,0.146,87.8,0.86,0.980,1.000,0.165
solo-tank,35,3,boss,300,200,0.120,0.000,0.880,0.106,89.5,0.88,0.987,1.000,0.144
solo-tank,35,4,solo,180,200,1.000,0.000,0.000,0.581,29.3,0.00,0.419,1.000,1.471
solo-tank,35,4,solo,300,200,1.000,0.000,0.000,0.585,29.6,0.00,0.415,1.000,1.473
solo-tank,35,4,pack,180,200,0.000,0.000,1.000,—,—,1.00,1.000,1.000,0.000
solo-tank,35,4,pack,300,200,0.000,0.000,1.000,—,—,1.00,1.000,1.000,0.000
solo-tank,35,4,boss,180,200,0.000,0.000,1.000,—,—,1.00,1.000,1.000,0.000
solo-tank,35,4,boss,300,200,0.000,0.000,1.000,—,—,1.00,1.000,1.000,0.000
solo-tank,35,5,solo,180,200,0.000,0.000,1.000,—,—,1.00,1.000,1.000,0.000
solo-tank,35,5,solo,300,200,0.000,0.000,1.000,—,—,1.00,1.000,1.000,0.000
solo-tank,35,5,pack,180,200,0.000,0.000,1.000,—,—,1.00,1.000,1.000,0.000
solo-tank,35,5,pack,300,200,0.000,0.000,1.000,—,—,1.00,1.000,1.000,0.000
solo-tank,35,5,boss,180,200,0.000,0.000,1.000,—,—,1.00,1.000,1.000,0.000
solo-tank,35,5,boss,300,200,0.000,0.000,1.000,—,—,1.00,1.000,1.000,0.000
solo-tank,35,6,solo,180,200,0.000,0.000,1.000,—,—,1.00,1.000,1.000,0.000
solo-tank,35,6,solo,300,200,0.000,0.000,1.000,—,—,1.00,1.000,1.000,0.000
solo-tank,35,6,pack,180,200,0.000,0.000,1.000,—,—,1.00,1.000,1.000,0.000
solo-tank,35,6,pack,300,200,0.000,0.000,1.000,—,—,1.00,1.000,1.000,0.000
solo-tank,35,6,boss,180,200,0.000,0.000,1.000,—,—,1.00,1.000,1.000,0.000
solo-tank,35,6,boss,300,200,0.000,0.000,1.000,—,—,1.00,1.000,1.000,0.000
solo-tank,35,7,solo,180,200,0.000,0.000,1.000,—,—,1.00,1.000,1.000,0.000
solo-tank,35,7,solo,300,200,0.000,0.000,1.000,—,—,1.00,1.000,1.000,0.000
solo-tank,35,7,pack,180,200,0.000,0.000,1.000,—,—,1.00,1.000,1.000,0.000
solo-tank,35,7,pack,300,200,0.000,0.000,1.000,—,—,1.00,1.000,1.000,0.000
solo-tank,35,7,boss,180,200,0.000,0.000,1.000,—,—,1.00,1.000,1.000,0.000
solo-tank,35,7,boss,300,200,0.000,0.000,1.000,—,—,1.00,1.000,1.000,0.000
solo-tank,35,8,solo,180,200,0.000,0.000,1.000,—,—,1.00,1.000,1.000,0.000
solo-tank,35,8,solo,300,200,0.000,0.000,1.000,—,—,1.00,1.000,1.000,0.000
solo-tank,35,8,pack,180,200,0.000,0.000,1.000,—,—,1.00,1.000,1.000,0.000
solo-tank,35,8,pack,300,200,0.000,0.000,1.000,—,—,1.00,1.000,1.000,0.000
solo-tank,35,8,boss,180,200,0.000,0.000,1.000,—,—,1.00,1.000,1.000,0.000
solo-tank,35,8,boss,300,200,0.000,0.000,1.000,—,—,1.00,1.000,1.000,0.000
solo-tank,50,1,solo,180,200,1.000,0.000,0.000,1.000,0.0,0.00,0.000,—,1.800
solo-tank,50,1,solo,300,200,1.000,0.000,0.000,1.000,0.0,0.00,0.000,—,1.800
solo-tank,50,1,pack,180,200,1.000,0.000,0.000,1.000,12.0,0.00,0.000,1.000,1.800
solo-tank,50,1,pack,300,200,1.000,0.000,0.000,1.000,12.0,0.00,0.000,1.000,1.800
solo-tank,50,1,boss,180,200,1.000,0.000,0.000,1.000,25.3,0.00,0.000,1.000,1.800
solo-tank,50,1,boss,300,200,1.000,0.000,0.000,1.000,25.1,0.00,0.000,1.000,1.800
solo-tank,50,2,solo,180,200,1.000,0.000,0.000,1.000,3.5,0.00,0.000,1.000,1.800
solo-tank,50,2,solo,300,200,1.000,0.000,0.000,1.000,3.6,0.00,0.000,1.000,1.800
solo-tank,50,2,pack,180,200,1.000,0.000,0.000,0.997,24.3,0.00,0.003,1.000,1.798
solo-tank,50,2,pack,300,200,1.000,0.000,0.000,0.997,22.9,0.00,0.003,1.000,1.798
solo-tank,50,2,boss,180,200,1.000,0.000,0.000,0.999,40.4,0.00,0.001,1.000,1.799
solo-tank,50,2,boss,300,200,1.000,0.000,0.000,0.999,39.9,0.00,0.001,1.000,1.799
solo-tank,50,3,solo,180,200,1.000,0.000,0.000,0.995,8.6,0.00,0.005,1.000,1.797
solo-tank,50,3,solo,300,200,1.000,0.000,0.000,0.995,9.0,0.00,0.005,1.000,1.797
solo-tank,50,3,pack,180,200,1.000,0.000,0.000,0.779,38.3,0.00,0.221,1.000,1.668
solo-tank,50,3,pack,300,200,1.000,0.000,0.000,0.794,37.8,0.00,0.206,1.000,1.676
solo-tank,50,3,boss,180,200,1.000,0.000,0.000,0.713,68.2,0.00,0.287,1.000,1.628
solo-tank,50,3,boss,300,200,1.000,0.000,0.000,0.712,68.5,0.00,0.288,1.000,1.627
solo-tank,50,4,solo,180,200,1.000,0.000,0.000,0.873,20.6,0.00,0.127,1.000,1.724
solo-tank,50,4,solo,300,200,1.000,0.000,0.000,0.875,21.1,0.00,0.125,1.000,1.725
solo-tank,50,4,pack,180,200,0.005,0.000,0.995,0.111,66.0,0.99,0.999,1.000,0.006
solo-tank,50,4,pack,300,200,0.005,0.000,0.995,0.070,66.0,0.99,1.000,1.000,0.006
solo-tank,50,4,boss,180,200,0.000,0.000,1.000,—,—,1.00,1.000,1.000,0.000
solo-tank,50,4,boss,300,200,0.000,0.000,1.000,—,—,1.00,1.000,1.000,0.000
solo-tank,50,5,solo,180,200,0.820,0.000,0.180,0.223,47.1,0.18,0.817,1.000,1.094
solo-tank,50,5,solo,300,200,0.835,0.000,0.165,0.247,47.1,0.17,0.793,1.000,1.126
solo-tank,50,5,pack,180,200,0.000,0.000,1.000,—,—,1.00,1.000,1.000,0.000
solo-tank,50,5,pack,300,200,0.000,0.000,1.000,—,—,1.00,1.000,1.000,0.000
solo-tank,50,5,boss,180,200,0.000,0.000,1.000,—,—,1.00,1.000,1.000,0.000
solo-tank,50,5,boss,300,200,0.000,0.000,1.000,—,—,1.00,1.000,1.000,0.000
solo-tank,50,6,solo,180,200,0.000,0.000,1.000,—,—,1.00,1.000,1.000,0.000
solo-tank,50,6,solo,300,200,0.000,0.000,1.000,—,—,1.00,1.000,1.000,0.000
solo-tank,50,6,pack,180,200,0.000,0.000,1.000,—,—,1.00,1.000,1.000,0.000
solo-tank,50,6,pack,300,200,0.000,0.000,1.000,—,—,1.00,1.000,1.000,0.000
solo-tank,50,6,boss,180,200,0.000,0.000,1.000,—,—,1.00,1.000,1.000,0.000
solo-tank,50,6,boss,300,200,0.000,0.000,1.000,—,—,1.00,1.000,1.000,0.000
solo-tank,50,7,solo,180,200,0.000,0.000,1.000,—,—,1.00,1.000,1.000,0.000
solo-tank,50,7,solo,300,200,0.000,0.000,1.000,—,—,1.00,1.000,1.000,0.000
solo-tank,50,7,pack,180,200,0.000,0.000,1.000,—,—,1.00,1.000,1.000,0.000
solo-tank,50,7,pack,300,200,0.000,0.000,1.000,—,—,1.00,1.000,1.000,0.000
solo-tank,50,7,boss,180,200,0.000,0.000,1.000,—,—,1.00,1.000,1.000,0.000
solo-tank,50,7,boss,300,200,0.000,0.000,1.000,—,—,1.00,1.000,1.000,0.000
solo-tank,50,8,solo,180,200,0.000,0.000,1.000,—,—,1.00,1.000,1.000,0.000
solo-tank,50,8,solo,300,200,0.000,0.000,1.000,—,—,1.00,1.000,1.000,0.000
solo-tank,50,8,pack,180,200,0.000,0.000,1.000,—,—,1.00,1.000,1.000,0.000
solo-tank,50,8,pack,300,200,0.000,0.000,1.000,—,—,1.00,1.000,1.000,0.000
solo-tank,50,8,boss,180,200,0.000,0.000,1.000,—,—,1.00,1.000,1.000,0.000
solo-tank,50,8,boss,300,200,0.000,0.000,1.000,—,—,1.00,1.000,1.000,0.000
solo-dps,1,1,solo,180,200,1.000,0.000,0.000,0.479,8.4,0.00,0.521,—,1.245
solo-dps,1,1,solo,300,200,1.000,0.000,0.000,0.491,8.2,0.00,0.509,—,1.250
solo-dps,1,1,pack,180,200,0.000,0.000,1.000,—,—,1.00,1.000,—,0.000
solo-dps,1,1,pack,300,200,0.000,0.000,1.000,—,—,1.00,1.000,—,0.000
solo-dps,1,1,boss,180,200,0.000,0.000,1.000,—,—,1.00,1.000,—,0.000
solo-dps,1,1,boss,300,200,0.000,0.000,1.000,—,—,1.00,1.000,—,0.000
solo-dps,1,2,solo,180,200,0.000,0.000,1.000,—,—,1.00,1.000,—,0.000
solo-dps,1,2,solo,300,200,0.000,0.000,1.000,—,—,1.00,1.000,—,0.000
solo-dps,1,2,pack,180,200,0.000,0.000,1.000,—,—,1.00,1.000,—,0.000
solo-dps,1,2,pack,300,200,0.000,0.000,1.000,—,—,1.00,1.000,—,0.000
solo-dps,1,2,boss,180,200,0.000,0.000,1.000,—,—,1.00,1.000,—,0.000
solo-dps,1,2,boss,300,200,0.000,0.000,1.000,—,—,1.00,1.000,—,0.000
solo-dps,1,3,solo,180,200,0.000,0.000,1.000,—,—,1.00,1.000,—,0.000
solo-dps,1,3,solo,300,200,0.000,0.000,1.000,—,—,1.00,1.000,—,0.000
solo-dps,1,3,pack,180,200,0.000,0.000,1.000,—,—,1.00,1.000,—,0.000
solo-dps,1,3,pack,300,200,0.000,0.000,1.000,—,—,1.00,1.000,—,0.000
solo-dps,1,3,boss,180,200,0.000,0.000,1.000,—,—,1.00,1.000,—,0.000
solo-dps,1,3,boss,300,200,0.000,0.000,1.000,—,—,1.00,1.000,—,0.000
solo-dps,1,4,solo,180,200,0.000,0.000,1.000,—,—,1.00,1.000,—,0.000
solo-dps,1,4,solo,300,200,0.000,0.000,1.000,—,—,1.00,1.000,—,0.000
solo-dps,1,4,pack,180,200,0.000,0.000,1.000,—,—,1.00,1.000,—,0.000
solo-dps,1,4,pack,300,200,0.000,0.000,1.000,—,—,1.00,1.000,—,0.000
solo-dps,1,4,boss,180,200,0.000,0.000,1.000,—,—,1.00,1.000,—,0.000
solo-dps,1,4,boss,300,200,0.000,0.000,1.000,—,—,1.00,1.000,—,0.000
solo-dps,1,5,solo,180,200,0.000,0.000,1.000,—,—,1.00,1.000,—,0.000
solo-dps,1,5,solo,300,200,0.000,0.000,1.000,—,—,1.00,1.000,—,0.000
solo-dps,1,5,pack,180,200,0.000,0.000,1.000,—,—,1.00,1.000,—,0.000
solo-dps,1,5,pack,300,200,0.000,0.000,1.000,—,—,1.00,1.000,—,0.000
solo-dps,1,5,boss,180,200,0.000,0.000,1.000,—,—,1.00,1.000,—,0.000
solo-dps,1,5,boss,300,200,0.000,0.000,1.000,—,—,1.00,1.000,—,0.000
solo-dps,1,6,solo,180,200,0.000,0.000,1.000,—,—,1.00,1.000,—,0.000
solo-dps,1,6,solo,300,200,0.000,0.000,1.000,—,—,1.00,1.000,—,0.000
solo-dps,1,6,pack,180,200,0.000,0.000,1.000,—,—,1.00,1.000,—,0.000
solo-dps,1,6,pack,300,200,0.000,0.000,1.000,—,—,1.00,1.000,—,0.000
solo-dps,1,6,boss,180,200,0.000,0.000,1.000,—,—,1.00,1.000,—,0.000
solo-dps,1,6,boss,300,200,0.000,0.000,1.000,—,—,1.00,1.000,—,0.000
solo-dps,1,7,solo,180,200,0.000,0.000,1.000,—,—,1.00,1.000,—,0.000
solo-dps,1,7,solo,300,200,0.000,0.000,1.000,—,—,1.00,1.000,—,0.000
solo-dps,1,7,pack,180,200,0.000,0.000,1.000,—,—,1.00,1.000,—,0.000
solo-dps,1,7,pack,300,200,0.000,0.000,1.000,—,—,1.00,1.000,—,0.000
solo-dps,1,7,boss,180,200,0.000,0.000,1.000,—,—,1.00,1.000,—,0.000
solo-dps,1,7,boss,300,200,0.000,0.000,1.000,—,—,1.00,1.000,—,0.000
solo-dps,1,8,solo,180,200,0.000,0.000,1.000,—,—,1.00,1.000,—,0.000
solo-dps,1,8,solo,300,200,0.000,0.000,1.000,—,—,1.00,1.000,—,0.000
solo-dps,1,8,pack,180,200,0.000,0.000,1.000,—,—,1.00,1.000,—,0.000
solo-dps,1,8,pack,300,200,0.000,0.000,1.000,—,—,1.00,1.000,—,0.000
solo-dps,1,8,boss,180,200,0.000,0.000,1.000,—,—,1.00,1.000,—,0.000
solo-dps,1,8,boss,300,200,0.000,0.000,1.000,—,—,1.00,1.000,—,0.000
solo-dps,5,1,solo,180,200,1.000,0.000,0.000,0.753,4.0,0.00,0.247,—,1.404
solo-dps,5,1,solo,300,200,1.000,0.000,0.000,0.763,3.8,0.00,0.237,—,1.409
solo-dps,5,1,pack,180,200,0.015,0.000,0.985,0.065,13.3,0.98,0.999,—,0.016
solo-dps,5,1,pack,300,200,0.015,0.000,0.985,0.071,14.7,0.98,0.999,—,0.016
solo-dps,5,1,boss,180,200,0.000,0.000,1.000,—,—,1.00,1.000,—,0.000
solo-dps,5,1,boss,300,200,0.000,0.000,1.000,—,—,1.00,1.000,—,0.000
solo-dps,5,2,solo,180,200,0.970,0.000,0.030,0.280,7.6,0.03,0.728,—,1.128
solo-dps,5,2,solo,300,200,0.985,0.000,0.015,0.281,7.6,0.01,0.723,—,1.146
solo-dps,5,2,pack,180,200,0.000,0.000,1.000,—,—,1.00,1.000,—,0.000
solo-dps,5,2,pack,300,200,0.000,0.000,1.000,—,—,1.00,1.000,—,0.000
solo-dps,5,2,boss,180,200,0.000,0.000,1.000,—,—,1.00,1.000,—,0.000
solo-dps,5,2,boss,300,200,0.000,0.000,1.000,—,—,1.00,1.000,—,0.000
solo-dps,5,3,solo,180,200,0.000,0.000,1.000,—,—,1.00,1.000,—,0.000
solo-dps,5,3,solo,300,200,0.000,0.000,1.000,—,—,1.00,1.000,—,0.000
solo-dps,5,3,pack,180,200,0.000,0.000,1.000,—,—,1.00,1.000,—,0.000
solo-dps,5,3,pack,300,200,0.000,0.000,1.000,—,—,1.00,1.000,—,0.000
solo-dps,5,3,boss,180,200,0.000,0.000,1.000,—,—,1.00,1.000,—,0.000
solo-dps,5,3,boss,300,200,0.000,0.000,1.000,—,—,1.00,1.000,—,0.000
solo-dps,5,4,solo,180,200,0.000,0.000,1.000,—,—,1.00,1.000,—,0.000
solo-dps,5,4,solo,300,200,0.000,0.000,1.000,—,—,1.00,1.000,—,0.000
solo-dps,5,4,pack,180,200,0.000,0.000,1.000,—,—,1.00,1.000,—,0.000
solo-dps,5,4,pack,300,200,0.000,0.000,1.000,—,—,1.00,1.000,—,0.000
solo-dps,5,4,boss,180,200,0.000,0.000,1.000,—,—,1.00,1.000,—,0.000
solo-dps,5,4,boss,300,200,0.000,0.000,1.000,—,—,1.00,1.000,—,0.000
solo-dps,5,5,solo,180,200,0.000,0.000,1.000,—,—,1.00,1.000,—,0.000
solo-dps,5,5,solo,300,200,0.000,0.000,1.000,—,—,1.00,1.000,—,0.000
solo-dps,5,5,pack,180,200,0.000,0.000,1.000,—,—,1.00,1.000,—,0.000
solo-dps,5,5,pack,300,200,0.000,0.000,1.000,—,—,1.00,1.000,—,0.000
solo-dps,5,5,boss,180,200,0.000,0.000,1.000,—,—,1.00,1.000,—,0.000
solo-dps,5,5,boss,300,200,0.000,0.000,1.000,—,—,1.00,1.000,—,0.000
solo-dps,5,6,solo,180,200,0.000,0.000,1.000,—,—,1.00,1.000,—,0.000
solo-dps,5,6,solo,300,200,0.000,0.000,1.000,—,—,1.00,1.000,—,0.000
solo-dps,5,6,pack,180,200,0.000,0.000,1.000,—,—,1.00,1.000,—,0.000
solo-dps,5,6,pack,300,200,0.000,0.000,1.000,—,—,1.00,1.000,—,0.000
solo-dps,5,6,boss,180,200,0.000,0.000,1.000,—,—,1.00,1.000,—,0.000
solo-dps,5,6,boss,300,200,0.000,0.000,1.000,—,—,1.00,1.000,—,0.000
solo-dps,5,7,solo,180,200,0.000,0.000,1.000,—,—,1.00,1.000,—,0.000
solo-dps,5,7,solo,300,200,0.000,0.000,1.000,—,—,1.00,1.000,—,0.000
solo-dps,5,7,pack,180,200,0.000,0.000,1.000,—,—,1.00,1.000,—,0.000
solo-dps,5,7,pack,300,200,0.000,0.000,1.000,—,—,1.00,1.000,—,0.000
solo-dps,5,7,boss,180,200,0.000,0.000,1.000,—,—,1.00,1.000,—,0.000
solo-dps,5,7,boss,300,200,0.000,0.000,1.000,—,—,1.00,1.000,—,0.000
solo-dps,5,8,solo,180,200,0.000,0.000,1.000,—,—,1.00,1.000,—,0.000
solo-dps,5,8,solo,300,200,0.000,0.000,1.000,—,—,1.00,1.000,—,0.000
solo-dps,5,8,pack,180,200,0.000,0.000,1.000,—,—,1.00,1.000,—,0.000
solo-dps,5,8,pack,300,200,0.000,0.000,1.000,—,—,1.00,1.000,—,0.000
solo-dps,5,8,boss,180,200,0.000,0.000,1.000,—,—,1.00,1.000,—,0.000
solo-dps,5,8,boss,300,200,0.000,0.000,1.000,—,—,1.00,1.000,—,0.000
solo-dps,10,1,solo,180,200,1.000,0.000,0.000,0.902,1.7,0.00,0.098,—,1.509
solo-dps,10,1,solo,300,200,1.000,0.000,0.000,0.903,1.6,0.00,0.097,—,1.510
solo-dps,10,1,pack,180,200,1.000,0.000,0.000,0.407,8.4,0.00,0.593,—,1.251
solo-dps,10,1,pack,300,200,1.000,0.000,0.000,0.409,8.4,0.00,0.591,—,1.252
solo-dps,10,1,boss,180,200,0.650,0.000,0.350,0.157,15.1,0.35,0.898,—,0.729
solo-dps,10,1,boss,300,200,0.645,0.000,0.355,0.118,15.2,0.35,0.924,—,0.710
solo-dps,10,2,solo,180,200,1.000,0.000,0.000,0.634,3.9,0.00,0.366,—,1.370
solo-dps,10,2,solo,300,200,1.000,0.000,0.000,0.633,4.0,0.00,0.367,—,1.369
solo-dps,10,2,pack,180,200,0.000,0.000,1.000,—,—,1.00,1.000,—,0.000
solo-dps,10,2,pack,300,200,0.000,0.000,1.000,—,—,1.00,1.000,—,0.000
solo-dps,10,2,boss,180,200,0.000,0.000,1.000,—,—,1.00,1.000,—,0.000
solo-dps,10,2,boss,300,200,0.000,0.000,1.000,—,—,1.00,1.000,—,0.000
solo-dps,10,3,solo,180,200,0.355,0.000,0.645,0.123,8.0,0.65,0.956,—,0.392
solo-dps,10,3,solo,300,200,0.460,0.000,0.540,0.136,8.1,0.54,0.937,—,0.511
solo-dps,10,3,pack,180,200,0.000,0.000,1.000,—,—,1.00,1.000,—,0.000
solo-dps,10,3,pack,300,200,0.000,0.000,1.000,—,—,1.00,1.000,—,0.000
solo-dps,10,3,boss,180,200,0.000,0.000,1.000,—,—,1.00,1.000,—,0.000
solo-dps,10,3,boss,300,200,0.000,0.000,1.000,—,—,1.00,1.000,—,0.000
solo-dps,10,4,solo,180,200,0.000,0.000,1.000,—,—,1.00,1.000,—,0.000
solo-dps,10,4,solo,300,200,0.000,0.000,1.000,—,—,1.00,1.000,—,0.000
solo-dps,10,4,pack,180,200,0.000,0.000,1.000,—,—,1.00,1.000,—,0.000
solo-dps,10,4,pack,300,200,0.000,0.000,1.000,—,—,1.00,1.000,—,0.000
solo-dps,10,4,boss,180,200,0.000,0.000,1.000,—,—,1.00,1.000,—,0.000
solo-dps,10,4,boss,300,200,0.000,0.000,1.000,—,—,1.00,1.000,—,0.000
solo-dps,10,5,solo,180,200,0.000,0.000,1.000,—,—,1.00,1.000,—,0.000
solo-dps,10,5,solo,300,200,0.000,0.000,1.000,—,—,1.00,1.000,—,0.000
solo-dps,10,5,pack,180,200,0.000,0.000,1.000,—,—,1.00,1.000,—,0.000
solo-dps,10,5,pack,300,200,0.000,0.000,1.000,—,—,1.00,1.000,—,0.000
solo-dps,10,5,boss,180,200,0.000,0.000,1.000,—,—,1.00,1.000,—,0.000
solo-dps,10,5,boss,300,200,0.000,0.000,1.000,—,—,1.00,1.000,—,0.000
solo-dps,10,6,solo,180,200,0.000,0.000,1.000,—,—,1.00,1.000,—,0.000
solo-dps,10,6,solo,300,200,0.000,0.000,1.000,—,—,1.00,1.000,—,0.000
solo-dps,10,6,pack,180,200,0.000,0.000,1.000,—,—,1.00,1.000,—,0.000
solo-dps,10,6,pack,300,200,0.000,0.000,1.000,—,—,1.00,1.000,—,0.000
solo-dps,10,6,boss,180,200,0.000,0.000,1.000,—,—,1.00,1.000,—,0.000
solo-dps,10,6,boss,300,200,0.000,0.000,1.000,—,—,1.00,1.000,—,0.000
solo-dps,10,7,solo,180,200,0.000,0.000,1.000,—,—,1.00,1.000,—,0.000
solo-dps,10,7,solo,300,200,0.000,0.000,1.000,—,—,1.00,1.000,—,0.000
solo-dps,10,7,pack,180,200,0.000,0.000,1.000,—,—,1.00,1.000,—,0.000
solo-dps,10,7,pack,300,200,0.000,0.000,1.000,—,—,1.00,1.000,—,0.000
solo-dps,10,7,boss,180,200,0.000,0.000,1.000,—,—,1.00,1.000,—,0.000
solo-dps,10,7,boss,300,200,0.000,0.000,1.000,—,—,1.00,1.000,—,0.000
solo-dps,10,8,solo,180,200,0.000,0.000,1.000,—,—,1.00,1.000,—,0.000
solo-dps,10,8,solo,300,200,0.000,0.000,1.000,—,—,1.00,1.000,—,0.000
solo-dps,10,8,pack,180,200,0.000,0.000,1.000,—,—,1.00,1.000,—,0.000
solo-dps,10,8,pack,300,200,0.000,0.000,1.000,—,—,1.00,1.000,—,0.000
solo-dps,10,8,boss,180,200,0.000,0.000,1.000,—,—,1.00,1.000,—,0.000
solo-dps,10,8,boss,300,200,0.000,0.000,1.000,—,—,1.00,1.000,—,0.000
solo-dps,20,1,solo,180,200,1.000,0.000,0.000,0.977,0.5,0.00,0.023,—,1.608
solo-dps,20,1,solo,300,200,1.000,0.000,0.000,0.982,0.4,0.00,0.018,—,1.610
solo-dps,20,1,pack,180,200,1.000,0.000,0.000,0.812,3.9,0.00,0.188,—,1.518
solo-dps,20,1,pack,300,200,1.000,0.000,0.000,0.811,4.0,0.00,0.189,—,1.518
solo-dps,20,1,boss,180,200,1.000,0.000,0.000,0.617,8.3,0.00,0.383,—,1.413
solo-dps,20,1,boss,300,200,1.000,0.000,0.000,0.622,8.3,0.00,0.378,—,1.416
solo-dps,20,2,solo,180,200,1.000,0.000,0.000,0.872,1.6,0.00,0.128,—,1.551
solo-dps,20,2,solo,300,200,1.000,0.000,0.000,0.876,1.5,0.00,0.124,—,1.553
solo-dps,20,2,pack,180,200,1.000,0.000,0.000,0.241,7.3,0.00,0.759,—,1.210
solo-dps,20,2,pack,300,200,0.985,0.000,0.015,0.243,7.3,0.01,0.761,—,1.193
solo-dps,20,2,boss,180,200,0.515,0.000,0.485,0.110,13.2,0.48,0.943,—,0.587
solo-dps,20,2,boss,300,200,0.415,0.000,0.585,0.099,13.3,0.58,0.959,—,0.470
solo-dps,20,3,solo,180,200,1.000,0.000,0.000,0.618,3.7,0.00,0.382,—,1.414
solo-dps,20,3,solo,300,200,1.000,0.000,0.000,0.597,3.8,0.00,0.403,—,1.402
solo-dps,20,3,pack,180,200,0.000,0.000,1.000,—,—,1.00,1.000,—,0.000
solo-dps,20,3,pack,300,200,0.000,0.000,1.000,—,—,1.00,1.000,—,0.000
solo-dps,20,3,boss,180,200,0.000,0.000,1.000,—,—,1.00,1.000,—,0.000
solo-dps,20,3,boss,300,200,0.000,0.000,1.000,—,—,1.00,1.000,—,0.000
solo-dps,20,4,solo,180,200,0.080,0.000,0.920,0.159,7.4,0.92,0.987,—,0.093
solo-dps,20,4,solo,300,200,0.060,0.000,0.940,0.184,7.3,0.94,0.989,—,0.071
solo-dps,20,4,pack,180,200,0.000,0.000,1.000,—,—,1.00,1.000,—,0.000
solo-dps,20,4,pack,300,200,0.000,0.000,1.000,—,—,1.00,1.000,—,0.000
solo-dps,20,4,boss,180,200,0.000,0.000,1.000,—,—,1.00,1.000,—,0.000
solo-dps,20,4,boss,300,200,0.000,0.000,1.000,—,—,1.00,1.000,—,0.000
solo-dps,20,5,solo,180,200,0.000,0.000,1.000,—,—,1.00,1.000,—,0.000
solo-dps,20,5,solo,300,200,0.000,0.000,1.000,—,—,1.00,1.000,—,0.000
solo-dps,20,5,pack,180,200,0.000,0.000,1.000,—,—,1.00,1.000,—,0.000
solo-dps,20,5,pack,300,200,0.000,0.000,1.000,—,—,1.00,1.000,—,0.000
solo-dps,20,5,boss,180,200,0.000,0.000,1.000,—,—,1.00,1.000,—,0.000
solo-dps,20,5,boss,300,200,0.000,0.000,1.000,—,—,1.00,1.000,—,0.000
solo-dps,20,6,solo,180,200,0.000,0.000,1.000,—,—,1.00,1.000,—,0.000
solo-dps,20,6,solo,300,200,0.000,0.000,1.000,—,—,1.00,1.000,—,0.000
solo-dps,20,6,pack,180,200,0.000,0.000,1.000,—,—,1.00,1.000,—,0.000
solo-dps,20,6,pack,300,200,0.000,0.000,1.000,—,—,1.00,1.000,—,0.000
solo-dps,20,6,boss,180,200,0.000,0.000,1.000,—,—,1.00,1.000,—,0.000
solo-dps,20,6,boss,300,200,0.000,0.000,1.000,—,—,1.00,1.000,—,0.000
solo-dps,20,7,solo,180,200,0.000,0.000,1.000,—,—,1.00,1.000,—,0.000
solo-dps,20,7,solo,300,200,0.000,0.000,1.000,—,—,1.00,1.000,—,0.000
solo-dps,20,7,pack,180,200,0.000,0.000,1.000,—,—,1.00,1.000,—,0.000
solo-dps,20,7,pack,300,200,0.000,0.000,1.000,—,—,1.00,1.000,—,0.000
solo-dps,20,7,boss,180,200,0.000,0.000,1.000,—,—,1.00,1.000,—,0.000
solo-dps,20,7,boss,300,200,0.000,0.000,1.000,—,—,1.00,1.000,—,0.000
solo-dps,20,8,solo,180,200,0.000,0.000,1.000,—,—,1.00,1.000,—,0.000
solo-dps,20,8,solo,300,200,0.000,0.000,1.000,—,—,1.00,1.000,—,0.000
solo-dps,20,8,pack,180,200,0.000,0.000,1.000,—,—,1.00,1.000,—,0.000
solo-dps,20,8,pack,300,200,0.000,0.000,1.000,—,—,1.00,1.000,—,0.000
solo-dps,20,8,boss,180,200,0.000,0.000,1.000,—,—,1.00,1.000,—,0.000
solo-dps,20,8,boss,300,200,0.000,0.000,1.000,—,—,1.00,1.000,—,0.000
solo-dps,35,1,solo,180,200,1.000,0.000,0.000,1.000,0.0,0.00,0.000,—,1.710
solo-dps,35,1,solo,300,200,1.000,0.000,0.000,1.000,0.0,0.00,0.000,—,1.710
solo-dps,35,1,pack,180,200,1.000,0.000,0.000,0.905,2.3,0.00,0.095,—,1.656
solo-dps,35,1,pack,300,200,1.000,0.000,0.000,0.906,2.3,0.00,0.094,—,1.657
solo-dps,35,1,boss,180,200,1.000,0.000,0.000,0.828,4.9,0.00,0.172,—,1.612
solo-dps,35,1,boss,300,200,1.000,0.000,0.000,0.824,4.9,0.00,0.176,—,1.610
solo-dps,35,2,solo,180,200,1.000,0.000,0.000,0.940,0.8,0.00,0.060,—,1.676
solo-dps,35,2,solo,300,200,1.000,0.000,0.000,0.931,0.9,0.00,0.069,—,1.671
solo-dps,35,2,pack,180,200,1.000,0.000,0.000,0.640,4.9,0.00,0.360,—,1.505
solo-dps,35,2,pack,300,200,1.000,0.000,0.000,0.632,4.8,0.00,0.368,—,1.500
solo-dps,35,2,boss,180,200,1.000,0.000,0.000,0.558,7.6,0.00,0.442,—,1.458
solo-dps,35,2,boss,300,200,1.000,0.000,0.000,0.562,7.6,0.00,0.438,—,1.460
solo-dps,35,3,solo,180,200,1.000,0.000,0.000,0.848,1.8,0.00,0.152,—,1.624
solo-dps,35,3,solo,300,200,1.000,0.000,0.000,0.844,1.8,0.00,0.156,—,1.621
solo-dps,35,3,pack,180,200,0.735,0.000,0.265,0.105,7.4,0.27,0.923,—,0.882
solo-dps,35,3,pack,300,200,0.785,0.000,0.215,0.119,7.3,0.21,0.906,—,0.948
solo-dps,35,3,boss,180,200,0.120,0.000,0.880,0.076,11.8,0.88,0.991,—,0.142
solo-dps,35,3,boss,300,200,0.150,0.000,0.850,0.114,11.9,0.85,0.983,—,0.181
solo-dps,35,4,solo,180,200,1.000,0.000,0.000,0.471,3.9,0.00,0.529,—,1.408
solo-dps,35,4,solo,300,200,1.000,0.000,0.000,0.469,3.9,0.00,0.531,—,1.407
solo-dps,35,4,pack,180,200,0.000,0.000,1.000,—,—,1.00,1.000,—,0.000
solo-dps,35,4,pack,300,200,0.000,0.000,1.000,—,—,1.00,1.000,—,0.000
solo-dps,35,4,boss,180,200,0.000,0.000,1.000,—,—,1.00,1.000,—,0.000
solo-dps,35,4,boss,300,200,0.000,0.000,1.000,—,—,1.00,1.000,—,0.000
solo-dps,35,5,solo,180,200,0.010,0.000,0.990,0.042,8.0,0.99,1.000,—,0.012
solo-dps,35,5,solo,300,200,0.005,0.000,0.995,0.031,9.2,0.99,1.000,—,0.006
solo-dps,35,5,pack,180,200,0.000,0.000,1.000,—,—,1.00,1.000,—,0.000
solo-dps,35,5,pack,300,200,0.000,0.000,1.000,—,—,1.00,1.000,—,0.000
solo-dps,35,5,boss,180,200,0.000,0.000,1.000,—,—,1.00,1.000,—,0.000
solo-dps,35,5,boss,300,200,0.000,0.000,1.000,—,—,1.00,1.000,—,0.000
solo-dps,35,6,solo,180,200,0.000,0.000,1.000,—,—,1.00,1.000,—,0.000
solo-dps,35,6,solo,300,200,0.000,0.000,1.000,—,—,1.00,1.000,—,0.000
solo-dps,35,6,pack,180,200,0.000,0.000,1.000,—,—,1.00,1.000,—,0.000
solo-dps,35,6,pack,300,200,0.000,0.000,1.000,—,—,1.00,1.000,—,0.000
solo-dps,35,6,boss,180,200,0.000,0.000,1.000,—,—,1.00,1.000,—,0.000
solo-dps,35,6,boss,300,200,0.000,0.000,1.000,—,—,1.00,1.000,—,0.000
solo-dps,35,7,solo,180,200,0.000,0.000,1.000,—,—,1.00,1.000,—,0.000
solo-dps,35,7,solo,300,200,0.000,0.000,1.000,—,—,1.00,1.000,—,0.000
solo-dps,35,7,pack,180,200,0.000,0.000,1.000,—,—,1.00,1.000,—,0.000
solo-dps,35,7,pack,300,200,0.000,0.000,1.000,—,—,1.00,1.000,—,0.000
solo-dps,35,7,boss,180,200,0.000,0.000,1.000,—,—,1.00,1.000,—,0.000
solo-dps,35,7,boss,300,200,0.000,0.000,1.000,—,—,1.00,1.000,—,0.000
solo-dps,35,8,solo,180,200,0.000,0.000,1.000,—,—,1.00,1.000,—,0.000
solo-dps,35,8,solo,300,200,0.000,0.000,1.000,—,—,1.00,1.000,—,0.000
solo-dps,35,8,pack,180,200,0.000,0.000,1.000,—,—,1.00,1.000,—,0.000
solo-dps,35,8,pack,300,200,0.000,0.000,1.000,—,—,1.00,1.000,—,0.000
solo-dps,35,8,boss,180,200,0.000,0.000,1.000,—,—,1.00,1.000,—,0.000
solo-dps,35,8,boss,300,200,0.000,0.000,1.000,—,—,1.00,1.000,—,0.000
solo-dps,50,1,solo,180,200,1.000,0.000,0.000,1.000,0.0,0.00,0.000,—,1.800
solo-dps,50,1,solo,300,200,1.000,0.000,0.000,1.000,0.0,0.00,0.000,—,1.800
solo-dps,50,1,pack,180,200,1.000,0.000,0.000,0.928,2.1,0.00,0.072,—,1.757
solo-dps,50,1,pack,300,200,1.000,0.000,0.000,0.928,2.1,0.00,0.072,—,1.757
solo-dps,50,1,boss,180,200,1.000,0.000,0.000,0.871,3.7,0.00,0.129,—,1.722
solo-dps,50,1,boss,300,200,1.000,0.000,0.000,0.870,3.6,0.00,0.130,—,1.722
solo-dps,50,2,solo,180,200,1.000,0.000,0.000,0.998,0.0,0.00,0.002,—,1.799
solo-dps,50,2,solo,300,200,1.000,0.000,0.000,0.999,0.0,0.00,0.001,—,1.799
solo-dps,50,2,pack,180,200,1.000,0.000,0.000,0.865,2.1,0.00,0.135,—,1.719
solo-dps,50,2,pack,300,200,1.000,0.000,0.000,0.868,2.1,0.00,0.132,—,1.721
solo-dps,50,2,boss,180,200,1.000,0.000,0.000,0.740,5.3,0.00,0.260,—,1.644
solo-dps,50,2,boss,300,200,1.000,0.000,0.000,0.744,5.3,0.00,0.256,—,1.647
solo-dps,50,3,solo,180,200,1.000,0.000,0.000,0.907,0.8,0.00,0.093,—,1.744
solo-dps,50,3,solo,300,200,1.000,0.000,0.000,0.908,0.8,0.00,0.092,—,1.745
solo-dps,50,3,pack,180,200,1.000,0.000,0.000,0.498,4.6,0.00,0.502,—,1.499
solo-dps,50,3,pack,300,200,1.000,0.000,0.000,0.494,4.7,0.00,0.506,—,1.496
solo-dps,50,3,boss,180,200,1.000,0.000,0.000,0.328,8.7,0.00,0.672,—,1.397
solo-dps,50,3,boss,300,200,1.000,0.000,0.000,0.327,8.7,0.00,0.673,—,1.396
solo-dps,50,4,solo,180,200,1.000,0.000,0.000,0.728,2.3,0.00,0.272,—,1.637
solo-dps,50,4,solo,300,200,1.000,0.000,0.000,0.712,2.4,0.00,0.288,—,1.627
solo-dps,50,4,pack,180,200,0.020,0.000,0.980,0.108,8.3,0.98,0.998,—,0.025
solo-dps,50,4,pack,300,200,0.000,0.000,1.000,—,—,1.00,1.000,—,0.000
solo-dps,50,4,boss,180,200,0.000,0.000,1.000,—,—,1.00,1.000,—,0.000
solo-dps,50,4,boss,300,200,0.000,0.000,1.000,—,—,1.00,1.000,—,0.000
solo-dps,50,5,solo,180,200,0.600,0.000,0.400,0.240,5.0,0.40,0.856,—,0.806
solo-dps,50,5,solo,300,200,0.685,0.000,0.315,0.233,5.0,0.32,0.841,—,0.918
solo-dps,50,5,pack,180,200,0.000,0.000,1.000,—,—,1.00,1.000,—,0.000
solo-dps,50,5,pack,300,200,0.000,0.000,1.000,—,—,1.00,1.000,—,0.000
solo-dps,50,5,boss,180,200,0.000,0.000,1.000,—,—,1.00,1.000,—,0.000
solo-dps,50,5,boss,300,200,0.000,0.000,1.000,—,—,1.00,1.000,—,0.000
solo-dps,50,6,solo,180,200,0.000,0.000,1.000,—,—,1.00,1.000,—,0.000
solo-dps,50,6,solo,300,200,0.000,0.000,1.000,—,—,1.00,1.000,—,0.000
solo-dps,50,6,pack,180,200,0.000,0.000,1.000,—,—,1.00,1.000,—,0.000
solo-dps,50,6,pack,300,200,0.000,0.000,1.000,—,—,1.00,1.000,—,0.000
solo-dps,50,6,boss,180,200,0.000,0.000,1.000,—,—,1.00,1.000,—,0.000
solo-dps,50,6,boss,300,200,0.000,0.000,1.000,—,—,1.00,1.000,—,0.000
solo-dps,50,7,solo,180,200,0.000,0.000,1.000,—,—,1.00,1.000,—,0.000
solo-dps,50,7,solo,300,200,0.000,0.000,1.000,—,—,1.00,1.000,—,0.000
solo-dps,50,7,pack,180,200,0.000,0.000,1.000,—,—,1.00,1.000,—,0.000
solo-dps,50,7,pack,300,200,0.000,0.000,1.000,—,—,1.00,1.000,—,0.000
solo-dps,50,7,boss,180,200,0.000,0.000,1.000,—,—,1.00,1.000,—,0.000
solo-dps,50,7,boss,300,200,0.000,0.000,1.000,—,—,1.00,1.000,—,0.000
solo-dps,50,8,solo,180,200,0.000,0.000,1.000,—,—,1.00,1.000,—,0.000
solo-dps,50,8,solo,300,200,0.000,0.000,1.000,—,—,1.00,1.000,—,0.000
solo-dps,50,8,pack,180,200,0.000,0.000,1.000,—,—,1.00,1.000,—,0.000
solo-dps,50,8,pack,300,200,0.000,0.000,1.000,—,—,1.00,1.000,—,0.000
solo-dps,50,8,boss,180,200,0.000,0.000,1.000,—,—,1.00,1.000,—,0.000
solo-dps,50,8,boss,300,200,0.000,0.000,1.000,—,—,1.00,1.000,—,0.000
solo-crit,1,1,solo,180,200,1.000,0.000,0.000,0.458,8.3,0.00,0.542,—,1.234
solo-crit,1,1,solo,300,200,1.000,0.000,0.000,0.463,8.4,0.00,0.537,—,1.236
solo-crit,1,1,pack,180,200,0.000,0.000,1.000,—,—,1.00,1.000,—,0.000
solo-crit,1,1,pack,300,200,0.000,0.000,1.000,—,—,1.00,1.000,—,0.000
solo-crit,1,1,boss,180,200,0.000,0.000,1.000,—,—,1.00,1.000,—,0.000
solo-crit,1,1,boss,300,200,0.000,0.000,1.000,—,—,1.00,1.000,—,0.000
solo-crit,1,2,solo,180,200,0.000,0.000,1.000,—,—,1.00,1.000,—,0.000
solo-crit,1,2,solo,300,200,0.000,0.000,1.000,—,—,1.00,1.000,—,0.000
solo-crit,1,2,pack,180,200,0.000,0.000,1.000,—,—,1.00,1.000,—,0.000
solo-crit,1,2,pack,300,200,0.000,0.000,1.000,—,—,1.00,1.000,—,0.000
solo-crit,1,2,boss,180,200,0.000,0.000,1.000,—,—,1.00,1.000,—,0.000
solo-crit,1,2,boss,300,200,0.000,0.000,1.000,—,—,1.00,1.000,—,0.000
solo-crit,1,3,solo,180,200,0.000,0.000,1.000,—,—,1.00,1.000,—,0.000
solo-crit,1,3,solo,300,200,0.000,0.000,1.000,—,—,1.00,1.000,—,0.000
solo-crit,1,3,pack,180,200,0.000,0.000,1.000,—,—,1.00,1.000,—,0.000
solo-crit,1,3,pack,300,200,0.000,0.000,1.000,—,—,1.00,1.000,—,0.000
solo-crit,1,3,boss,180,200,0.000,0.000,1.000,—,—,1.00,1.000,—,0.000
solo-crit,1,3,boss,300,200,0.000,0.000,1.000,—,—,1.00,1.000,—,0.000
solo-crit,1,4,solo,180,200,0.000,0.000,1.000,—,—,1.00,1.000,—,0.000
solo-crit,1,4,solo,300,200,0.000,0.000,1.000,—,—,1.00,1.000,—,0.000
solo-crit,1,4,pack,180,200,0.000,0.000,1.000,—,—,1.00,1.000,—,0.000
solo-crit,1,4,pack,300,200,0.000,0.000,1.000,—,—,1.00,1.000,—,0.000
solo-crit,1,4,boss,180,200,0.000,0.000,1.000,—,—,1.00,1.000,—,0.000
solo-crit,1,4,boss,300,200,0.000,0.000,1.000,—,—,1.00,1.000,—,0.000
solo-crit,1,5,solo,180,200,0.000,0.000,1.000,—,—,1.00,1.000,—,0.000
solo-crit,1,5,solo,300,200,0.000,0.000,1.000,—,—,1.00,1.000,—,0.000
solo-crit,1,5,pack,180,200,0.000,0.000,1.000,—,—,1.00,1.000,—,0.000
solo-crit,1,5,pack,300,200,0.000,0.000,1.000,—,—,1.00,1.000,—,0.000
solo-crit,1,5,boss,180,200,0.000,0.000,1.000,—,—,1.00,1.000,—,0.000
solo-crit,1,5,boss,300,200,0.000,0.000,1.000,—,—,1.00,1.000,—,0.000
solo-crit,1,6,solo,180,200,0.000,0.000,1.000,—,—,1.00,1.000,—,0.000
solo-crit,1,6,solo,300,200,0.000,0.000,1.000,—,—,1.00,1.000,—,0.000
solo-crit,1,6,pack,180,200,0.000,0.000,1.000,—,—,1.00,1.000,—,0.000
solo-crit,1,6,pack,300,200,0.000,0.000,1.000,—,—,1.00,1.000,—,0.000
solo-crit,1,6,boss,180,200,0.000,0.000,1.000,—,—,1.00,1.000,—,0.000
solo-crit,1,6,boss,300,200,0.000,0.000,1.000,—,—,1.00,1.000,—,0.000
solo-crit,1,7,solo,180,200,0.000,0.000,1.000,—,—,1.00,1.000,—,0.000
solo-crit,1,7,solo,300,200,0.000,0.000,1.000,—,—,1.00,1.000,—,0.000
solo-crit,1,7,pack,180,200,0.000,0.000,1.000,—,—,1.00,1.000,—,0.000
solo-crit,1,7,pack,300,200,0.000,0.000,1.000,—,—,1.00,1.000,—,0.000
solo-crit,1,7,boss,180,200,0.000,0.000,1.000,—,—,1.00,1.000,—,0.000
solo-crit,1,7,boss,300,200,0.000,0.000,1.000,—,—,1.00,1.000,—,0.000
solo-crit,1,8,solo,180,200,0.000,0.000,1.000,—,—,1.00,1.000,—,0.000
solo-crit,1,8,solo,300,200,0.000,0.000,1.000,—,—,1.00,1.000,—,0.000
solo-crit,1,8,pack,180,200,0.000,0.000,1.000,—,—,1.00,1.000,—,0.000
solo-crit,1,8,pack,300,200,0.000,0.000,1.000,—,—,1.00,1.000,—,0.000
solo-crit,1,8,boss,180,200,0.000,0.000,1.000,—,—,1.00,1.000,—,0.000
solo-crit,1,8,boss,300,200,0.000,0.000,1.000,—,—,1.00,1.000,—,0.000
solo-crit,5,1,solo,180,200,1.000,0.000,0.000,0.741,3.4,0.00,0.259,—,1.398
solo-crit,5,1,solo,300,200,1.000,0.000,0.000,0.737,3.5,0.00,0.263,—,1.396
solo-crit,5,1,pack,180,200,0.020,0.000,0.980,0.054,11.0,0.98,0.999,—,0.021
solo-crit,5,1,pack,300,200,0.025,0.000,0.975,0.063,11.4,0.97,0.998,—,0.026
solo-crit,5,1,boss,180,200,0.000,0.000,1.000,—,—,1.00,1.000,—,0.000
solo-crit,5,1,boss,300,200,0.000,0.000,1.000,—,—,1.00,1.000,—,0.000
solo-crit,5,2,solo,180,200,0.935,0.000,0.065,0.309,6.8,0.07,0.711,—,1.101
solo-crit,5,2,solo,300,200,0.935,0.000,0.065,0.281,7.0,0.07,0.738,—,1.088
solo-crit,5,2,pack,180,200,0.000,0.000,1.000,—,—,1.00,1.000,—,0.000
solo-crit,5,2,pack,300,200,0.000,0.000,1.000,—,—,1.00,1.000,—,0.000
solo-crit,5,2,boss,180,200,0.000,0.000,1.000,—,—,1.00,1.000,—,0.000
solo-crit,5,2,boss,300,200,0.000,0.000,1.000,—,—,1.00,1.000,—,0.000
solo-crit,5,3,solo,180,200,0.000,0.000,1.000,—,—,1.00,1.000,—,0.000
solo-crit,5,3,solo,300,200,0.000,0.000,1.000,—,—,1.00,1.000,—,0.000
solo-crit,5,3,pack,180,200,0.000,0.000,1.000,—,—,1.00,1.000,—,0.000
solo-crit,5,3,pack,300,200,0.000,0.000,1.000,—,—,1.00,1.000,—,0.000
solo-crit,5,3,boss,180,200,0.000,0.000,1.000,—,—,1.00,1.000,—,0.000
solo-crit,5,3,boss,300,200,0.000,0.000,1.000,—,—,1.00,1.000,—,0.000
solo-crit,5,4,solo,180,200,0.000,0.000,1.000,—,—,1.00,1.000,—,0.000
solo-crit,5,4,solo,300,200,0.000,0.000,1.000,—,—,1.00,1.000,—,0.000
solo-crit,5,4,pack,180,200,0.000,0.000,1.000,—,—,1.00,1.000,—,0.000
solo-crit,5,4,pack,300,200,0.000,0.000,1.000,—,—,1.00,1.000,—,0.000
solo-crit,5,4,boss,180,200,0.000,0.000,1.000,—,—,1.00,1.000,—,0.000
solo-crit,5,4,boss,300,200,0.000,0.000,1.000,—,—,1.00,1.000,—,0.000
solo-crit,5,5,solo,180,200,0.000,0.000,1.000,—,—,1.00,1.000,—,0.000
solo-crit,5,5,solo,300,200,0.000,0.000,1.000,—,—,1.00,1.000,—,0.000
solo-crit,5,5,pack,180,200,0.000,0.000,1.000,—,—,1.00,1.000,—,0.000
solo-crit,5,5,pack,300,200,0.000,0.000,1.000,—,—,1.00,1.000,—,0.000
solo-crit,5,5,boss,180,200,0.000,0.000,1.000,—,—,1.00,1.000,—,0.000
solo-crit,5,5,boss,300,200,0.000,0.000,1.000,—,—,1.00,1.000,—,0.000
solo-crit,5,6,solo,180,200,0.000,0.000,1.000,—,—,1.00,1.000,—,0.000
solo-crit,5,6,solo,300,200,0.000,0.000,1.000,—,—,1.00,1.000,—,0.000
solo-crit,5,6,pack,180,200,0.000,0.000,1.000,—,—,1.00,1.000,—,0.000
solo-crit,5,6,pack,300,200,0.000,0.000,1.000,—,—,1.00,1.000,—,0.000
solo-crit,5,6,boss,180,200,0.000,0.000,1.000,—,—,1.00,1.000,—,0.000
solo-crit,5,6,boss,300,200,0.000,0.000,1.000,—,—,1.00,1.000,—,0.000
solo-crit,5,7,solo,180,200,0.000,0.000,1.000,—,—,1.00,1.000,—,0.000
solo-crit,5,7,solo,300,200,0.000,0.000,1.000,—,—,1.00,1.000,—,0.000
solo-crit,5,7,pack,180,200,0.000,0.000,1.000,—,—,1.00,1.000,—,0.000
solo-crit,5,7,pack,300,200,0.000,0.000,1.000,—,—,1.00,1.000,—,0.000
solo-crit,5,7,boss,180,200,0.000,0.000,1.000,—,—,1.00,1.000,—,0.000
solo-crit,5,7,boss,300,200,0.000,0.000,1.000,—,—,1.00,1.000,—,0.000
solo-crit,5,8,solo,180,200,0.000,0.000,1.000,—,—,1.00,1.000,—,0.000
solo-crit,5,8,solo,300,200,0.000,0.000,1.000,—,—,1.00,1.000,—,0.000
solo-crit,5,8,pack,180,200,0.000,0.000,1.000,—,—,1.00,1.000,—,0.000
solo-crit,5,8,pack,300,200,0.000,0.000,1.000,—,—,1.00,1.000,—,0.000
solo-crit,5,8,boss,180,200,0.000,0.000,1.000,—,—,1.00,1.000,—,0.000
solo-crit,5,8,boss,300,200,0.000,0.000,1.000,—,—,1.00,1.000,—,0.000
solo-crit,10,1,solo,180,200,1.000,0.000,0.000,0.887,1.4,0.00,0.113,—,1.501
solo-crit,10,1,solo,300,200,1.000,0.000,0.000,0.888,1.4,0.00,0.112,—,1.502
solo-crit,10,1,pack,180,200,1.000,0.000,0.000,0.310,7.4,0.00,0.690,—,1.201
solo-crit,10,1,pack,300,200,1.000,0.000,0.000,0.315,7.3,0.00,0.685,—,1.204
solo-crit,10,1,boss,180,200,0.605,0.000,0.395,0.129,13.2,0.40,0.922,—,0.670
solo-crit,10,1,boss,300,200,0.640,0.000,0.360,0.123,13.4,0.36,0.921,—,0.706
solo-crit,10,2,solo,180,200,1.000,0.000,0.000,0.713,3.4,0.00,0.287,—,1.411
solo-crit,10,2,solo,300,200,1.000,0.000,0.000,0.712,3.5,0.00,0.288,—,1.410
solo-crit,10,2,pack,180,200,0.000,0.000,1.000,—,—,1.00,1.000,—,0.000
solo-crit,10,2,pack,300,200,0.000,0.000,1.000,—,—,1.00,1.000,—,0.000
solo-crit,10,2,boss,180,200,0.000,0.000,1.000,—,—,1.00,1.000,—,0.000
solo-crit,10,2,boss,300,200,0.000,0.000,1.000,—,—,1.00,1.000,—,0.000
solo-crit,10,3,solo,180,200,0.285,0.000,0.715,0.224,6.2,0.71,0.936,—,0.330
solo-crit,10,3,solo,300,200,0.240,0.000,0.760,0.251,6.2,0.76,0.940,—,0.281
solo-crit,10,3,pack,180,200,0.000,0.000,1.000,—,—,1.00,1.000,—,0.000
solo-crit,10,3,pack,300,200,0.000,0.000,1.000,—,—,1.00,1.000,—,0.000
solo-crit,10,3,boss,180,200,0.000,0.000,1.000,—,—,1.00,1.000,—,0.000
solo-crit,10,3,boss,300,200,0.000,0.000,1.000,—,—,1.00,1.000,—,0.000
solo-crit,10,4,solo,180,200,0.000,0.000,1.000,—,—,1.00,1.000,—,0.000
solo-crit,10,4,solo,300,200,0.000,0.000,1.000,—,—,1.00,1.000,—,0.000
solo-crit,10,4,pack,180,200,0.000,0.000,1.000,—,—,1.00,1.000,—,0.000
solo-crit,10,4,pack,300,200,0.000,0.000,1.000,—,—,1.00,1.000,—,0.000
solo-crit,10,4,boss,180,200,0.000,0.000,1.000,—,—,1.00,1.000,—,0.000
solo-crit,10,4,boss,300,200,0.000,0.000,1.000,—,—,1.00,1.000,—,0.000
solo-crit,10,5,solo,180,200,0.000,0.000,1.000,—,—,1.00,1.000,—,0.000
solo-crit,10,5,solo,300,200,0.000,0.000,1.000,—,—,1.00,1.000,—,0.000
solo-crit,10,5,pack,180,200,0.000,0.000,1.000,—,—,1.00,1.000,—,0.000
solo-crit,10,5,pack,300,200,0.000,0.000,1.000,—,—,1.00,1.000,—,0.000
solo-crit,10,5,boss,180,200,0.000,0.000,1.000,—,—,1.00,1.000,—,0.000
solo-crit,10,5,boss,300,200,0.000,0.000,1.000,—,—,1.00,1.000,—,0.000
solo-crit,10,6,solo,180,200,0.000,0.000,1.000,—,—,1.00,1.000,—,0.000
solo-crit,10,6,solo,300,200,0.000,0.000,1.000,—,—,1.00,1.000,—,0.000
solo-crit,10,6,pack,180,200,0.000,0.000,1.000,—,—,1.00,1.000,—,0.000
solo-crit,10,6,pack,300,200,0.000,0.000,1.000,—,—,1.00,1.000,—,0.000
solo-crit,10,6,boss,180,200,0.000,0.000,1.000,—,—,1.00,1.000,—,0.000
solo-crit,10,6,boss,300,200,0.000,0.000,1.000,—,—,1.00,1.000,—,0.000
solo-crit,10,7,solo,180,200,0.000,0.000,1.000,—,—,1.00,1.000,—,0.000
solo-crit,10,7,solo,300,200,0.000,0.000,1.000,—,—,1.00,1.000,—,0.000
solo-crit,10,7,pack,180,200,0.000,0.000,1.000,—,—,1.00,1.000,—,0.000
solo-crit,10,7,pack,300,200,0.000,0.000,1.000,—,—,1.00,1.000,—,0.000
solo-crit,10,7,boss,180,200,0.000,0.000,1.000,—,—,1.00,1.000,—,0.000
solo-crit,10,7,boss,300,200,0.000,0.000,1.000,—,—,1.00,1.000,—,0.000
solo-crit,10,8,solo,180,200,0.000,0.000,1.000,—,—,1.00,1.000,—,0.000
solo-crit,10,8,solo,300,200,0.000,0.000,1.000,—,—,1.00,1.000,—,0.000
solo-crit,10,8,pack,180,200,0.000,0.000,1.000,—,—,1.00,1.000,—,0.000
solo-crit,10,8,pack,300,200,0.000,0.000,1.000,—,—,1.00,1.000,—,0.000
solo-crit,10,8,boss,180,200,0.000,0.000,1.000,—,—,1.00,1.000,—,0.000
solo-crit,10,8,boss,300,200,0.000,0.000,1.000,—,—,1.00,1.000,—,0.000
solo-crit,20,1,solo,180,200,1.000,0.000,0.000,0.970,0.4,0.00,0.030,—,1.604
solo-crit,20,1,solo,300,200,1.000,0.000,0.000,0.965,0.5,0.00,0.035,—,1.601
solo-crit,20,1,pack,180,200,1.000,0.000,0.000,0.731,3.8,0.00,0.269,—,1.475
solo-crit,20,1,pack,300,200,1.000,0.000,0.000,0.731,3.8,0.00,0.269,—,1.475
solo-crit,20,1,boss,180,200,1.000,0.000,0.000,0.558,7.3,0.00,0.442,—,1.382
solo-crit,20,1,boss,300,200,1.000,0.000,0.000,0.556,7.2,0.00,0.444,—,1.380
solo-crit,20,2,solo,180,200,1.000,0.000,0.000,0.837,1.4,0.00,0.163,—,1.532
solo-crit,20,2,solo,300,200,1.000,0.000,0.000,0.834,1.4,0.00,0.166,—,1.530
solo-crit,20,2,pack,180,200,0.845,0.000,0.155,0.166,6.2,0.15,0.860,—,0.988
solo-crit,20,2,pack,300,200,0.825,0.000,0.175,0.147,6.3,0.17,0.879,—,0.957
solo-crit,20,2,boss,180,200,0.110,0.000,0.890,0.099,11.4,0.89,0.989,—,0.125
solo-crit,20,2,boss,300,200,0.130,0.000,0.870,0.126,11.3,0.87,0.984,—,0.149
solo-crit,20,3,solo,180,200,1.000,0.000,0.000,0.490,3.3,0.00,0.510,—,1.345
solo-crit,20,3,solo,300,200,1.000,0.000,0.000,0.487,3.3,0.00,0.513,—,1.343
solo-crit,20,3,pack,180,200,0.000,0.000,1.000,—,—,1.00,1.000,—,0.000
solo-crit,20,3,pack,300,200,0.000,0.000,1.000,—,—,1.00,1.000,—,0.000
solo-crit,20,3,boss,180,200,0.000,0.000,1.000,—,—,1.00,1.000,—,0.000
solo-crit,20,3,boss,300,200,0.000,0.000,1.000,—,—,1.00,1.000,—,0.000
solo-crit,20,4,solo,180,200,0.055,0.000,0.945,0.062,6.8,0.94,0.997,—,0.061
solo-crit,20,4,solo,300,200,0.075,0.000,0.925,0.052,6.1,0.93,0.996,—,0.083
solo-crit,20,4,pack,180,200,0.000,0.000,1.000,—,—,1.00,1.000,—,0.000
solo-crit,20,4,pack,300,200,0.000,0.000,1.000,—,—,1.00,1.000,—,0.000
solo-crit,20,4,boss,180,200,0.000,0.000,1.000,—,—,1.00,1.000,—,0.000
solo-crit,20,4,boss,300,200,0.000,0.000,1.000,—,—,1.00,1.000,—,0.000
solo-crit,20,5,solo,180,200,0.000,0.000,1.000,—,—,1.00,1.000,—,0.000
solo-crit,20,5,solo,300,200,0.000,0.000,1.000,—,—,1.00,1.000,—,0.000
solo-crit,20,5,pack,180,200,0.000,0.000,1.000,—,—,1.00,1.000,—,0.000
solo-crit,20,5,pack,300,200,0.000,0.000,1.000,—,—,1.00,1.000,—,0.000
solo-crit,20,5,boss,180,200,0.000,0.000,1.000,—,—,1.00,1.000,—,0.000
solo-crit,20,5,boss,300,200,0.000,0.000,1.000,—,—,1.00,1.000,—,0.000
solo-crit,20,6,solo,180,200,0.000,0.000,1.000,—,—,1.00,1.000,—,0.000
solo-crit,20,6,solo,300,200,0.000,0.000,1.000,—,—,1.00,1.000,—,0.000
solo-crit,20,6,pack,180,200,0.000,0.000,1.000,—,—,1.00,1.000,—,0.000
solo-crit,20,6,pack,300,200,0.000,0.000,1.000,—,—,1.00,1.000,—,0.000
solo-crit,20,6,boss,180,200,0.000,0.000,1.000,—,—,1.00,1.000,—,0.000
solo-crit,20,6,boss,300,200,0.000,0.000,1.000,—,—,1.00,1.000,—,0.000
solo-crit,20,7,solo,180,200,0.000,0.000,1.000,—,—,1.00,1.000,—,0.000
solo-crit,20,7,solo,300,200,0.000,0.000,1.000,—,—,1.00,1.000,—,0.000
solo-crit,20,7,pack,180,200,0.000,0.000,1.000,—,—,1.00,1.000,—,0.000
solo-crit,20,7,pack,300,200,0.000,0.000,1.000,—,—,1.00,1.000,—,0.000
solo-crit,20,7,boss,180,200,0.000,0.000,1.000,—,—,1.00,1.000,—,0.000
solo-crit,20,7,boss,300,200,0.000,0.000,1.000,—,—,1.00,1.000,—,0.000
solo-crit,20,8,solo,180,200,0.000,0.000,1.000,—,—,1.00,1.000,—,0.000
solo-crit,20,8,solo,300,200,0.000,0.000,1.000,—,—,1.00,1.000,—,0.000
solo-crit,20,8,pack,180,200,0.000,0.000,1.000,—,—,1.00,1.000,—,0.000
solo-crit,20,8,pack,300,200,0.000,0.000,1.000,—,—,1.00,1.000,—,0.000
solo-crit,20,8,boss,180,200,0.000,0.000,1.000,—,—,1.00,1.000,—,0.000
solo-crit,20,8,boss,300,200,0.000,0.000,1.000,—,—,1.00,1.000,—,0.000
solo-crit,35,1,solo,180,200,1.000,0.000,0.000,1.000,0.0,0.00,0.000,—,1.710
solo-crit,35,1,solo,300,200,1.000,0.000,0.000,1.000,0.0,0.00,0.000,—,1.710
solo-crit,35,1,pack,180,200,1.000,0.000,0.000,0.867,2.1,0.00,0.133,—,1.634
solo-crit,35,1,pack,300,200,1.000,0.000,0.000,0.867,2.1,0.00,0.133,—,1.634
solo-crit,35,1,boss,180,200,1.000,0.000,0.000,0.755,4.5,0.00,0.245,—,1.570
solo-crit,35,1,boss,300,200,1.000,0.000,0.000,0.758,4.5,0.00,0.242,—,1.572
solo-crit,35,2,solo,180,200,1.000,0.000,0.000,0.912,0.7,0.00,0.088,—,1.660
solo-crit,35,2,solo,300,200,1.000,0.000,0.000,0.918,0.7,0.00,0.082,—,1.663
solo-crit,35,2,pack,180,200,1.000,0.000,0.000,0.493,4.3,0.00,0.507,—,1.421
solo-crit,35,2,pack,300,200,1.000,0.000,0.000,0.501,4.3,0.00,0.499,—,1.425
solo-crit,35,2,boss,180,200,1.000,0.000,0.000,0.395,6.9,0.00,0.605,—,1.365
solo-crit,35,2,boss,300,200,1.000,0.000,0.000,0.389,6.9,0.00,0.611,—,1.362
solo-crit,35,3,solo,180,200,1.000,0.000,0.000,0.784,1.6,0.00,0.216,—,1.587
solo-crit,35,3,solo,300,200,1.000,0.000,0.000,0.784,1.5,0.00,0.216,—,1.587
solo-crit,35,3,pack,180,200,0.020,0.000,0.980,0.093,5.9,0.98,0.998,—,0.024
solo-crit,35,3,pack,300,200,0.030,0.000,0.970,0.109,5.8,0.97,0.997,—,0.036
solo-crit,35,3,boss,180,200,0.005,0.000,0.995,0.258,11.3,0.99,0.999,—,0.006
solo-crit,35,3,boss,300,200,0.000,0.000,1.000,—,—,1.00,1.000,—,0.000
solo-crit,35,4,solo,180,200,1.000,0.000,0.000,0.222,3.7,0.00,0.778,—,1.267
solo-crit,35,4,solo,300,200,1.000,0.000,0.000,0.232,3.6,0.00,0.768,—,1.272
solo-crit,35,4,pack,180,200,0.000,0.000,1.000,—,—,1.00,1.000,—,0.000
solo-crit,35,4,pack,300,200,0.000,0.000,1.000,—,—,1.00,1.000,—,0.000
solo-crit,35,4,boss,180,200,0.000,0.000,1.000,—,—,1.00,1.000,—,0.000
solo-crit,35,4,boss,300,200,0.000,0.000,1.000,—,—,1.00,1.000,—,0.000
solo-crit,35,5,solo,180,200,0.000,0.000,1.000,—,—,1.00,1.000,—,0.000
solo-crit,35,5,solo,300,200,0.000,0.000,1.000,—,—,1.00,1.000,—,0.000
solo-crit,35,5,pack,180,200,0.000,0.000,1.000,—,—,1.00,1.000,—,0.000
solo-crit,35,5,pack,300,200,0.000,0.000,1.000,—,—,1.00,1.000,—,0.000
solo-crit,35,5,boss,180,200,0.000,0.000,1.000,—,—,1.00,1.000,—,0.000
solo-crit,35,5,boss,300,200,0.000,0.000,1.000,—,—,1.00,1.000,—,0.000
solo-crit,35,6,solo,180,200,0.000,0.000,1.000,—,—,1.00,1.000,—,0.000
solo-crit,35,6,solo,300,200,0.000,0.000,1.000,—,—,1.00,1.000,—,0.000
solo-crit,35,6,pack,180,200,0.000,0.000,1.000,—,—,1.00,1.000,—,0.000
solo-crit,35,6,pack,300,200,0.000,0.000,1.000,—,—,1.00,1.000,—,0.000
solo-crit,35,6,boss,180,200,0.000,0.000,1.000,—,—,1.00,1.000,—,0.000
solo-crit,35,6,boss,300,200,0.000,0.000,1.000,—,—,1.00,1.000,—,0.000
solo-crit,35,7,solo,180,200,0.000,0.000,1.000,—,—,1.00,1.000,—,0.000
solo-crit,35,7,solo,300,200,0.000,0.000,1.000,—,—,1.00,1.000,—,0.000
solo-crit,35,7,pack,180,200,0.000,0.000,1.000,—,—,1.00,1.000,—,0.000
solo-crit,35,7,pack,300,200,0.000,0.000,1.000,—,—,1.00,1.000,—,0.000
solo-crit,35,7,boss,180,200,0.000,0.000,1.000,—,—,1.00,1.000,—,0.000
solo-crit,35,7,boss,300,200,0.000,0.000,1.000,—,—,1.00,1.000,—,0.000
solo-crit,35,8,solo,180,200,0.000,0.000,1.000,—,—,1.00,1.000,—,0.000
solo-crit,35,8,solo,300,200,0.000,0.000,1.000,—,—,1.00,1.000,—,0.000
solo-crit,35,8,pack,180,200,0.000,0.000,1.000,—,—,1.00,1.000,—,0.000
solo-crit,35,8,pack,300,200,0.000,0.000,1.000,—,—,1.00,1.000,—,0.000
solo-crit,35,8,boss,180,200,0.000,0.000,1.000,—,—,1.00,1.000,—,0.000
solo-crit,35,8,boss,300,200,0.000,0.000,1.000,—,—,1.00,1.000,—,0.000
solo-crit,50,1,solo,180,200,1.000,0.000,0.000,1.000,0.0,0.00,0.000,—,1.800
solo-crit,50,1,solo,300,200,1.000,0.000,0.000,1.000,0.0,0.00,0.000,—,1.800
solo-crit,50,1,pack,180,200,1.000,0.000,0.000,0.894,1.9,0.00,0.106,—,1.736
solo-crit,50,1,pack,300,200,1.000,0.000,0.000,0.895,1.9,0.00,0.105,—,1.737
solo-crit,50,1,boss,180,200,1.000,0.000,0.000,0.850,3.3,0.00,0.150,—,1.710
solo-crit,50,1,boss,300,200,1.000,0.000,0.000,0.852,3.3,0.00,0.148,—,1.711
solo-crit,50,2,solo,180,200,1.000,0.000,0.000,0.997,0.0,0.00,0.003,—,1.798
solo-crit,50,2,solo,300,200,1.000,0.000,0.000,0.999,0.0,0.00,0.001,—,1.799
solo-crit,50,2,pack,180,200,1.000,0.000,0.000,0.805,2.0,0.00,0.195,—,1.683
solo-crit,50,2,pack,300,200,1.000,0.000,0.000,0.806,2.0,0.00,0.194,—,1.684
solo-crit,50,2,boss,180,200,1.000,0.000,0.000,0.652,5.0,0.00,0.348,—,1.591
solo-crit,50,2,boss,300,200,1.000,0.000,0.000,0.653,4.9,0.00,0.347,—,1.592
solo-crit,50,3,solo,180,200,1.000,0.000,0.000,0.841,0.9,0.00,0.159,—,1.705
solo-crit,50,3,solo,300,200,1.000,0.000,0.000,0.846,0.9,0.00,0.154,—,1.707
solo-crit,50,3,pack,180,200,1.000,0.000,0.000,0.338,4.6,0.00,0.662,—,1.403
solo-crit,50,3,pack,300,200,1.000,0.000,0.000,0.333,4.6,0.00,0.667,—,1.400
solo-crit,50,3,boss,180,200,0.915,0.000,0.085,0.119,7.9,0.09,0.891,—,1.164
solo-crit,50,3,boss,300,200,0.880,0.000,0.120,0.117,7.9,0.12,0.897,—,1.118
solo-crit,50,4,solo,180,200,1.000,0.000,0.000,0.692,2.2,0.00,0.308,—,1.615
solo-crit,50,4,solo,300,200,1.000,0.000,0.000,0.688,2.2,0.00,0.312,—,1.613
solo-crit,50,4,pack,180,200,0.000,0.000,1.000,—,—,1.00,1.000,—,0.000
solo-crit,50,4,pack,300,200,0.000,0.000,1.000,—,—,1.00,1.000,—,0.000
solo-crit,50,4,boss,180,200,0.000,0.000,1.000,—,—,1.00,1.000,—,0.000
solo-crit,50,4,boss,300,200,0.000,0.000,1.000,—,—,1.00,1.000,—,0.000
solo-crit,50,5,solo,180,200,0.045,0.000,0.955,0.291,5.4,0.95,0.987,—,0.062
solo-crit,50,5,solo,300,200,0.070,0.000,0.930,0.254,5.1,0.93,0.982,—,0.095
solo-crit,50,5,pack,180,200,0.000,0.000,1.000,—,—,1.00,1.000,—,0.000
solo-crit,50,5,pack,300,200,0.000,0.000,1.000,—,—,1.00,1.000,—,0.000
solo-crit,50,5,boss,180,200,0.000,0.000,1.000,—,—,1.00,1.000,—,0.000
solo-crit,50,5,boss,300,200,0.000,0.000,1.000,—,—,1.00,1.000,—,0.000
solo-crit,50,6,solo,180,200,0.000,0.000,1.000,—,—,1.00,1.000,—,0.000
solo-crit,50,6,solo,300,200,0.000,0.000,1.000,—,—,1.00,1.000,—,0.000
solo-crit,50,6,pack,180,200,0.000,0.000,1.000,—,—,1.00,1.000,—,0.000
solo-crit,50,6,pack,300,200,0.000,0.000,1.000,—,—,1.00,1.000,—,0.000
solo-crit,50,6,boss,180,200,0.000,0.000,1.000,—,—,1.00,1.000,—,0.000
solo-crit,50,6,boss,300,200,0.000,0.000,1.000,—,—,1.00,1.000,—,0.000
solo-crit,50,7,solo,180,200,0.000,0.000,1.000,—,—,1.00,1.000,—,0.000
solo-crit,50,7,solo,300,200,0.000,0.000,1.000,—,—,1.00,1.000,—,0.000
solo-crit,50,7,pack,180,200,0.000,0.000,1.000,—,—,1.00,1.000,—,0.000
solo-crit,50,7,pack,300,200,0.000,0.000,1.000,—,—,1.00,1.000,—,0.000
solo-crit,50,7,boss,180,200,0.000,0.000,1.000,—,—,1.00,1.000,—,0.000
solo-crit,50,7,boss,300,200,0.000,0.000,1.000,—,—,1.00,1.000,—,0.000
solo-crit,50,8,solo,180,200,0.000,0.000,1.000,—,—,1.00,1.000,—,0.000
solo-crit,50,8,solo,300,200,0.000,0.000,1.000,—,—,1.00,1.000,—,0.000
solo-crit,50,8,pack,180,200,0.000,0.000,1.000,—,—,1.00,1.000,—,0.000
solo-crit,50,8,pack,300,200,0.000,0.000,1.000,—,—,1.00,1.000,—,0.000
solo-crit,50,8,boss,180,200,0.000,0.000,1.000,—,—,1.00,1.000,—,0.000
solo-crit,50,8,boss,300,200,0.000,0.000,1.000,—,—,1.00,1.000,—,0.000
