comp,level,tier,shape,limit,fights,winRate,timeoutRate,wipeRate,avgMarginWin,avgDurationWin,avgDowned,avgHpLostPct,tankTargetPct,expRewardMult
trio-core,1,1,solo,60,500,1.000,0.000,0.000,0.963,2.5,0.00,0.037,1.000,1.487
trio-core,1,1,solo,180,500,1.000,0.000,0.000,0.963,2.5,0.00,0.037,1.000,1.487
trio-core,1,1,pack,60,500,1.000,0.000,0.000,1.000,17.4,0.00,0.000,1.000,1.506
trio-core,1,1,pack,180,500,1.000,0.000,0.000,1.000,17.4,0.00,0.000,1.000,1.506
trio-core,1,1,boss,60,500,1.000,0.000,0.000,0.952,35.0,0.00,0.048,1.000,1.482
trio-core,1,1,boss,180,500,1.000,0.000,0.000,0.951,35.1,0.00,0.049,1.000,1.482
trio-core,1,2,solo,60,500,1.000,0.000,0.000,0.953,5.8,0.00,0.047,1.000,1.482
trio-core,1,2,solo,180,500,1.000,0.000,0.000,0.953,5.7,0.00,0.047,1.000,1.482
trio-core,1,2,pack,60,500,0.110,0.088,0.802,0.504,27.6,2.69,0.922,0.450,0.138
trio-core,1,2,pack,180,500,0.130,0.092,0.778,0.495,27.8,2.64,0.912,0.379,0.163
trio-core,1,2,boss,60,500,0.340,0.552,0.108,0.512,51.2,1.67,0.755,0.622,0.429
trio-core,1,2,boss,180,500,0.364,0.000,0.636,0.522,51.6,2.15,0.810,0.573,0.461
trio-core,1,3,solo,60,500,1.000,0.000,0.000,0.731,9.9,0.00,0.269,1.000,1.371
trio-core,1,3,solo,180,500,1.000,0.000,0.000,0.730,9.9,0.00,0.270,1.000,1.370
trio-core,1,3,pack,60,500,0.000,0.000,1.000,—,—,3.00,1.000,0.433,0.000
trio-core,1,3,pack,180,500,0.000,0.000,1.000,—,—,3.00,1.000,0.435,0.000
trio-core,1,3,boss,60,500,0.000,0.000,1.000,—,—,3.00,1.000,0.409,0.000
trio-core,1,3,boss,180,500,0.000,0.000,1.000,—,—,3.00,1.000,0.408,0.000
trio-core,1,4,solo,60,500,0.004,0.000,0.996,0.325,16.8,2.99,0.999,0.404,0.005
trio-core,1,4,solo,180,500,0.000,0.000,1.000,—,—,3.00,1.000,0.401,0.000
trio-core,1,4,pack,60,500,0.000,0.000,1.000,—,—,3.00,1.000,0.413,0.000
trio-core,1,4,pack,180,500,0.000,0.000,1.000,—,—,3.00,1.000,0.410,0.000
trio-core,1,4,boss,60,500,0.000,0.000,1.000,—,—,3.00,1.000,0.424,0.000
trio-core,1,4,boss,180,500,0.000,0.000,1.000,—,—,3.00,1.000,0.418,0.000
trio-core,1,5,solo,60,500,0.000,0.000,1.000,—,—,3.00,1.000,0.404,0.000
trio-core,1,5,solo,180,500,0.000,0.000,1.000,—,—,3.00,1.000,0.409,0.000
trio-core,1,5,pack,60,500,0.000,0.000,1.000,—,—,3.00,1.000,0.445,0.000
trio-core,1,5,pack,180,500,0.000,0.000,1.000,—,—,3.00,1.000,0.443,0.000
trio-core,1,5,boss,60,500,0.000,0.000,1.000,—,—,3.00,1.000,0.411,0.000
trio-core,1,5,boss,180,500,0.000,0.000,1.000,—,—,3.00,1.000,0.410,0.000
trio-core,1,6,solo,60,500,0.000,0.000,1.000,—,—,3.00,1.000,0.347,0.000
trio-core,1,6,solo,180,500,0.000,0.000,1.000,—,—,3.00,1.000,0.347,0.000
trio-core,1,6,pack,60,500,0.000,0.000,1.000,—,—,3.00,1.000,0.347,0.000
trio-core,1,6,pack,180,500,0.000,0.000,1.000,—,—,3.00,1.000,0.343,0.000
trio-core,1,6,boss,60,500,0.000,0.000,1.000,—,—,3.00,1.000,0.368,0.000
trio-core,1,6,boss,180,500,0.000,0.000,1.000,—,—,3.00,1.000,0.372,0.000
trio-core,1,7,solo,60,500,0.000,0.000,1.000,—,—,3.00,1.000,0.492,0.000
trio-core,1,7,solo,180,500,0.000,0.000,1.000,—,—,3.00,1.000,0.495,0.000
trio-core,1,7,pack,60,500,0.000,0.000,1.000,—,—,3.00,1.000,0.495,0.000
trio-core,1,7,pack,180,500,0.000,0.000,1.000,—,—,3.00,1.000,0.496,0.000
trio-core,1,7,boss,60,500,0.000,0.000,1.000,—,—,3.00,1.000,0.250,0.000
trio-core,1,7,boss,180,500,0.000,0.000,1.000,—,—,3.00,1.000,0.251,0.000
trio-core,1,8,solo,60,500,0.000,0.000,1.000,—,—,3.00,1.000,0.490,0.000
trio-core,1,8,solo,180,500,0.000,0.000,1.000,—,—,3.00,1.000,0.494,0.000
trio-core,1,8,pack,60,500,0.000,0.000,1.000,—,—,3.00,1.000,0.494,0.000
trio-core,1,8,pack,180,500,0.000,0.000,1.000,—,—,3.00,1.000,0.491,0.000
trio-core,1,8,boss,60,500,0.000,0.000,1.000,—,—,3.00,1.000,0.355,0.000
trio-core,1,8,boss,180,500,0.000,0.000,1.000,—,—,3.00,1.000,0.353,0.000
trio-core,5,1,solo,60,500,1.000,0.000,0.000,1.000,0.0,0.00,0.000,—,1.530
trio-core,5,1,solo,180,500,1.000,0.000,0.000,1.000,0.0,0.00,0.000,—,1.530
trio-core,5,1,pack,60,500,1.000,0.000,0.000,0.975,8.8,0.00,0.025,1.000,1.517
trio-core,5,1,pack,180,500,1.000,0.000,0.000,0.975,8.8,0.00,0.025,1.000,1.517
trio-core,5,1,boss,60,500,1.000,0.000,0.000,1.000,17.7,0.00,0.000,0.916,1.530
trio-core,5,1,boss,180,500,1.000,0.000,0.000,1.000,17.7,0.00,0.000,0.911,1.530
trio-core,5,2,solo,60,500,1.000,0.000,0.000,0.967,1.7,0.00,0.033,1.000,1.513
trio-core,5,2,solo,180,500,1.000,0.000,0.000,0.967,1.7,0.00,0.033,1.000,1.513
trio-core,5,2,pack,60,500,1.000,0.000,0.000,0.942,12.7,0.00,0.058,0.929,1.500
trio-core,5,2,pack,180,500,1.000,0.000,0.000,0.942,12.7,0.00,0.058,0.931,1.500
trio-core,5,2,boss,60,500,1.000,0.000,0.000,0.902,25.7,0.00,0.098,0.763,1.480
trio-core,5,2,boss,180,500,1.000,0.000,0.000,0.896,25.8,0.00,0.104,0.763,1.477
trio-core,5,3,solo,60,500,1.000,0.000,0.000,0.846,3.7,0.00,0.154,1.000,1.452
trio-core,5,3,solo,180,500,1.000,0.000,0.000,0.844,3.7,0.00,0.156,1.000,1.451
trio-core,5,3,pack,60,500,0.068,0.104,0.828,0.567,26.4,2.75,0.947,0.400,0.089
trio-core,5,3,pack,180,500,0.074,0.068,0.858,0.602,29.0,2.77,0.941,0.347,0.098
trio-core,5,3,boss,60,500,0.214,0.154,0.632,0.560,41.2,2.28,0.844,0.652,0.279
trio-core,5,3,boss,180,500,0.242,0.000,0.758,0.562,44.3,2.43,0.864,0.639,0.316
trio-core,5,4,solo,60,500,1.000,0.000,0.000,0.695,7.1,0.00,0.305,0.932,1.375
trio-core,5,4,solo,180,500,1.000,0.000,0.000,0.695,7.1,0.00,0.305,0.932,1.375
trio-core,5,4,pack,60,500,0.000,0.000,1.000,—,—,3.00,1.000,0.426,0.000
trio-core,5,4,pack,180,500,0.000,0.000,1.000,—,—,3.00,1.000,0.426,0.000
trio-core,5,4,boss,60,500,0.000,0.000,1.000,—,—,3.00,1.000,0.408,0.000
trio-core,5,4,boss,180,500,0.000,0.000,1.000,—,—,3.00,1.000,0.404,0.000
trio-core,5,5,solo,60,500,0.000,0.000,1.000,—,—,3.00,1.000,0.434,0.000
trio-core,5,5,solo,180,500,0.000,0.000,1.000,—,—,3.00,1.000,0.427,0.000
trio-core,5,5,pack,60,500,0.000,0.000,1.000,—,—,3.00,1.000,0.464,0.000
trio-core,5,5,pack,180,500,0.000,0.000,1.000,—,—,3.00,1.000,0.462,0.000
trio-core,5,5,boss,60,500,0.000,0.000,1.000,—,—,3.00,1.000,0.428,0.000
trio-core,5,5,boss,180,500,0.000,0.000,1.000,—,—,3.00,1.000,0.429,0.000
trio-core,5,6,solo,60,500,0.000,0.000,1.000,—,—,3.00,1.000,0.434,0.000
trio-core,5,6,solo,180,500,0.000,0.000,1.000,—,—,3.00,1.000,0.432,0.000
trio-core,5,6,pack,60,500,0.000,0.000,1.000,—,—,3.00,1.000,0.441,0.000
trio-core,5,6,pack,180,500,0.000,0.000,1.000,—,—,3.00,1.000,0.448,0.000
trio-core,5,6,boss,60,500,0.000,0.000,1.000,—,—,3.00,1.000,0.429,0.000
trio-core,5,6,boss,180,500,0.000,0.000,1.000,—,—,3.00,1.000,0.427,0.000
trio-core,5,7,solo,60,500,0.000,0.000,1.000,—,—,3.00,1.000,0.497,0.000
trio-core,5,7,solo,180,500,0.000,0.000,1.000,—,—,3.00,1.000,0.498,0.000
trio-core,5,7,pack,60,500,0.000,0.000,1.000,—,—,3.00,1.000,0.497,0.000
trio-core,5,7,pack,180,500,0.000,0.000,1.000,—,—,3.00,1.000,0.502,0.000
trio-core,5,7,boss,60,500,0.000,0.000,1.000,—,—,3.00,1.000,0.357,0.000
trio-core,5,7,boss,180,500,0.000,0.000,1.000,—,—,3.00,1.000,0.375,0.000
trio-core,5,8,solo,60,500,0.000,0.000,1.000,—,—,3.00,1.000,0.486,0.000
trio-core,5,8,solo,180,500,0.000,0.000,1.000,—,—,3.00,1.000,0.488,0.000
trio-core,5,8,pack,60,500,0.000,0.000,1.000,—,—,3.00,1.000,0.489,0.000
trio-core,5,8,pack,180,500,0.000,0.000,1.000,—,—,3.00,1.000,0.483,0.000
trio-core,5,8,boss,60,500,0.000,0.000,1.000,—,—,3.00,1.000,0.274,0.000
trio-core,5,8,boss,180,500,0.000,0.000,1.000,—,—,3.00,1.000,0.284,0.000
trio-core,10,1,solo,60,500,1.000,0.000,0.000,1.000,0.0,0.00,0.000,—,1.560
trio-core,10,1,solo,180,500,1.000,0.000,0.000,1.000,0.0,0.00,0.000,—,1.560
trio-core,10,1,pack,60,500,1.000,0.000,0.000,0.994,4.3,0.00,0.006,0.923,1.557
trio-core,10,1,pack,180,500,1.000,0.000,0.000,0.994,4.3,0.00,0.006,0.929,1.557
trio-core,10,1,boss,60,500,1.000,0.000,0.000,0.997,8.5,0.00,0.003,0.926,1.559
trio-core,10,1,boss,180,500,1.000,0.000,0.000,0.998,8.5,0.00,0.002,0.926,1.559
trio-core,10,2,solo,60,500,1.000,0.000,0.000,1.000,0.0,0.00,0.000,—,1.560
trio-core,10,2,solo,180,500,1.000,0.000,0.000,1.000,0.0,0.00,0.000,—,1.560
trio-core,10,2,pack,60,500,1.000,0.000,0.000,0.955,6.8,0.00,0.045,0.825,1.537
trio-core,10,2,pack,180,500,1.000,0.000,0.000,0.952,6.8,0.00,0.048,0.824,1.535
trio-core,10,2,boss,60,500,1.000,0.000,0.000,0.934,13.5,0.00,0.066,0.501,1.526
trio-core,10,2,boss,180,500,1.000,0.000,0.000,0.933,13.5,0.00,0.067,0.499,1.525
trio-core,10,3,solo,60,500,1.000,0.000,0.000,0.967,1.3,0.00,0.033,1.000,1.543
trio-core,10,3,solo,180,500,1.000,0.000,0.000,0.966,1.3,0.00,0.034,1.000,1.542
trio-core,10,3,pack,60,500,1.000,0.000,0.000,0.843,11.0,0.02,0.157,0.655,1.479
trio-core,10,3,pack,180,500,1.000,0.000,0.000,0.844,10.8,0.01,0.156,0.651,1.479
trio-core,10,3,boss,60,500,0.986,0.014,0.000,0.780,21.0,0.07,0.222,0.426,1.425
trio-core,10,3,boss,180,500,1.000,0.000,0.000,0.782,22.7,0.09,0.218,0.448,1.447
trio-core,10,4,solo,60,500,1.000,0.000,0.000,0.855,2.9,0.00,0.145,1.000,1.484
trio-core,10,4,solo,180,500,1.000,0.000,0.000,0.853,2.9,0.00,0.147,1.000,1.484
trio-core,10,4,pack,60,500,0.020,0.018,0.962,0.626,23.8,2.93,0.985,0.397,0.027
trio-core,10,4,pack,180,500,0.006,0.008,0.986,0.659,32.8,2.98,0.994,0.379,0.008
trio-core,10,4,boss,60,500,0.000,0.010,0.990,—,—,2.99,0.998,0.633,0.000
trio-core,10,4,boss,180,500,0.000,0.000,1.000,—,—,3.00,1.000,0.634,0.000
trio-core,10,5,solo,60,500,1.000,0.000,0.000,0.631,5.4,0.22,0.369,0.734,1.368
trio-core,10,5,solo,180,500,1.000,0.000,0.000,0.638,5.4,0.24,0.362,0.736,1.372
trio-core,10,5,pack,60,500,0.000,0.000,1.000,—,—,3.00,1.000,0.473,0.000
trio-core,10,5,pack,180,500,0.000,0.000,1.000,—,—,3.00,1.000,0.473,0.000
trio-core,10,5,boss,60,500,0.000,0.000,1.000,—,—,3.00,1.000,0.408,0.000
trio-core,10,5,boss,180,500,0.000,0.000,1.000,—,—,3.00,1.000,0.404,0.000
trio-core,10,6,solo,60,500,0.000,0.000,1.000,—,—,3.00,1.000,0.420,0.000
trio-core,10,6,solo,180,500,0.000,0.000,1.000,—,—,3.00,1.000,0.419,0.000
trio-core,10,6,pack,60,500,0.000,0.000,1.000,—,—,3.00,1.000,0.463,0.000
trio-core,10,6,pack,180,500,0.000,0.000,1.000,—,—,3.00,1.000,0.464,0.000
trio-core,10,6,boss,60,500,0.000,0.000,1.000,—,—,3.00,1.000,0.432,0.000
trio-core,10,6,boss,180,500,0.000,0.000,1.000,—,—,3.00,1.000,0.435,0.000
trio-core,10,7,solo,60,500,0.000,0.000,1.000,—,—,3.00,1.000,0.443,0.000
trio-core,10,7,solo,180,500,0.000,0.000,1.000,—,—,3.00,1.000,0.443,0.000
trio-core,10,7,pack,60,500,0.000,0.000,1.000,—,—,3.00,1.000,0.441,0.000
trio-core,10,7,pack,180,500,0.000,0.000,1.000,—,—,3.00,1.000,0.439,0.000
trio-core,10,7,boss,60,500,0.000,0.000,1.000,—,—,3.00,1.000,0.426,0.000
trio-core,10,7,boss,180,500,0.000,0.000,1.000,—,—,3.00,1.000,0.426,0.000
trio-core,10,8,solo,60,500,0.000,0.000,1.000,—,—,3.00,1.000,0.495,0.000
trio-core,10,8,solo,180,500,0.000,0.000,1.000,—,—,3.00,1.000,0.498,0.000
trio-core,10,8,pack,60,500,0.000,0.000,1.000,—,—,3.00,1.000,0.500,0.000
trio-core,10,8,pack,180,500,0.000,0.000,1.000,—,—,3.00,1.000,0.497,0.000
trio-core,10,8,boss,60,500,0.000,0.000,1.000,—,—,3.00,1.000,0.375,0.000
trio-core,10,8,boss,180,500,0.000,0.000,1.000,—,—,3.00,1.000,0.381,0.000
trio-core,20,1,solo,60,500,1.000,0.000,0.000,1.000,0.0,0.00,0.000,—,1.620
trio-core,20,1,solo,180,500,1.000,0.000,0.000,1.000,0.0,0.00,0.000,—,1.620
trio-core,20,1,pack,60,500,1.000,0.000,0.000,0.990,1.0,0.00,0.010,1.000,1.615
trio-core,20,1,pack,180,500,1.000,0.000,0.000,0.990,1.0,0.00,0.010,1.000,1.615
trio-core,20,1,boss,60,500,1.000,0.000,0.000,0.968,3.9,0.00,0.032,0.505,1.603
trio-core,20,1,boss,180,500,1.000,0.000,0.000,0.968,3.9,0.00,0.032,0.504,1.603
trio-core,20,2,solo,60,500,1.000,0.000,0.000,1.000,0.0,0.00,0.000,—,1.620
trio-core,20,2,solo,180,500,1.000,0.000,0.000,1.000,0.0,0.00,0.000,—,1.620
trio-core,20,2,pack,60,500,1.000,0.000,0.000,0.959,2.8,0.00,0.041,0.948,1.598
trio-core,20,2,pack,180,500,1.000,0.000,0.000,0.960,2.8,0.00,0.040,0.951,1.599
trio-core,20,2,boss,60,500,1.000,0.000,0.000,0.973,5.8,0.00,0.027,0.591,1.605
trio-core,20,2,boss,180,500,1.000,0.000,0.000,0.971,5.8,0.00,0.029,0.585,1.604
trio-core,20,3,solo,60,500,1.000,0.000,0.000,1.000,0.0,0.00,0.000,—,1.620
trio-core,20,3,solo,180,500,1.000,0.000,0.000,1.000,0.0,0.00,0.000,—,1.620
trio-core,20,3,pack,60,500,1.000,0.000,0.000,0.902,3.8,0.00,0.098,0.810,1.567
trio-core,20,3,pack,180,500,1.000,0.000,0.000,0.902,3.8,0.00,0.098,0.809,1.567
trio-core,20,3,boss,60,500,1.000,0.000,0.000,0.866,7.7,0.00,0.134,0.338,1.548
trio-core,20,3,boss,180,500,1.000,0.000,0.000,0.858,7.6,0.00,0.142,0.339,1.543
trio-core,20,4,solo,60,500,1.000,0.000,0.000,1.000,0.0,0.00,0.000,—,1.620
trio-core,20,4,solo,180,500,1.000,0.000,0.000,1.000,0.0,0.00,0.000,—,1.620
trio-core,20,4,pack,60,500,1.000,0.000,0.000,0.889,5.8,0.00,0.111,0.624,1.560
trio-core,20,4,pack,180,500,1.000,0.000,0.000,0.889,5.8,0.00,0.111,0.618,1.560
trio-core,20,4,boss,60,500,0.768,0.232,0.000,0.746,35.7,0.78,0.269,0.842,1.139
trio-core,20,4,boss,180,500,1.000,0.000,0.000,0.744,42.5,0.81,0.256,0.846,1.482
trio-core,20,5,solo,60,500,1.000,0.000,0.000,0.896,1.7,0.00,0.104,1.000,1.564
trio-core,20,5,solo,180,500,1.000,0.000,0.000,0.895,1.8,0.00,0.105,1.000,1.563
trio-core,20,5,pack,60,500,0.250,0.140,0.610,0.660,30.7,2.32,0.823,0.530,0.359
trio-core,20,5,pack,180,500,0.286,0.000,0.714,0.649,32.8,2.39,0.814,0.543,0.409
trio-core,20,5,boss,60,500,0.000,0.022,0.978,—,—,2.96,0.993,0.753,0.000
trio-core,20,5,boss,180,500,0.006,0.000,0.994,0.344,33.7,2.99,0.998,0.741,0.008
trio-core,20,6,solo,60,500,1.000,0.000,0.000,0.635,3.6,0.00,0.365,0.823,1.423
trio-core,20,6,solo,180,500,1.000,0.000,0.000,0.636,3.6,0.00,0.364,0.828,1.423
trio-core,20,6,pack,60,500,0.000,0.000,1.000,—,—,3.00,1.000,0.500,0.000
trio-core,20,6,pack,180,500,0.000,0.000,1.000,—,—,3.00,1.000,0.501,0.000
trio-core,20,6,boss,60,500,0.000,0.000,1.000,—,—,3.00,1.000,0.480,0.000
trio-core,20,6,boss,180,500,0.000,0.000,1.000,—,—,3.00,1.000,0.483,0.000
trio-core,20,7,solo,60,500,0.012,0.000,0.988,0.433,5.4,2.98,0.995,0.457,0.016
trio-core,20,7,solo,180,500,0.010,0.000,0.990,0.483,4.7,2.98,0.995,0.462,0.013
trio-core,20,7,pack,60,500,0.000,0.000,1.000,—,—,3.00,1.000,0.501,0.000
trio-core,20,7,pack,180,500,0.000,0.000,1.000,—,—,3.00,1.000,0.498,0.000
trio-core,20,7,boss,60,500,0.000,0.000,1.000,—,—,3.00,1.000,0.500,0.000
trio-core,20,7,boss,180,500,0.000,0.000,1.000,—,—,3.00,1.000,0.504,0.000
trio-core,20,8,solo,60,500,0.000,0.000,1.000,—,—,3.00,1.000,0.460,0.000
trio-core,20,8,solo,180,500,0.000,0.000,1.000,—,—,3.00,1.000,0.461,0.000
trio-core,20,8,pack,60,500,0.000,0.000,1.000,—,—,3.00,1.000,0.467,0.000
trio-core,20,8,pack,180,500,0.000,0.000,1.000,—,—,3.00,1.000,0.464,0.000
trio-core,20,8,boss,60,500,0.000,0.000,1.000,—,—,3.00,1.000,0.476,0.000
trio-core,20,8,boss,180,500,0.000,0.000,1.000,—,—,3.00,1.000,0.468,0.000
trio-core,35,1,solo,60,500,1.000,0.000,0.000,1.000,0.0,0.00,0.000,—,1.710
trio-core,35,1,solo,180,500,1.000,0.000,0.000,1.000,0.0,0.00,0.000,—,1.710
trio-core,35,1,pack,60,500,1.000,0.000,0.000,1.000,0.0,0.00,0.000,—,1.710
trio-core,35,1,pack,180,500,1.000,0.000,0.000,1.000,0.0,0.00,0.000,—,1.710
trio-core,35,1,boss,60,500,1.000,0.000,0.000,0.992,1.3,0.00,0.008,1.000,1.706
trio-core,35,1,boss,180,500,1.000,0.000,0.000,0.992,1.3,0.00,0.008,1.000,1.706
trio-core,35,2,solo,60,500,1.000,0.000,0.000,1.000,0.0,0.00,0.000,—,1.710
trio-core,35,2,solo,180,500,1.000,0.000,0.000,1.000,0.0,0.00,0.000,—,1.710
trio-core,35,2,pack,60,500,1.000,0.000,0.000,0.993,0.7,0.00,0.007,1.000,1.706
trio-core,35,2,pack,180,500,1.000,0.000,0.000,0.993,0.7,0.00,0.007,1.000,1.706
trio-core,35,2,boss,60,500,1.000,0.000,0.000,0.979,2.5,0.00,0.021,0.566,1.698
trio-core,35,2,boss,180,500,1.000,0.000,0.000,0.980,2.5,0.00,0.020,0.569,1.699
trio-core,35,3,solo,60,500,1.000,0.000,0.000,1.000,0.0,0.00,0.000,—,1.710
trio-core,35,3,solo,180,500,1.000,0.000,0.000,1.000,0.0,0.00,0.000,—,1.710
trio-core,35,3,pack,60,500,1.000,0.000,0.000,0.970,1.9,0.00,0.030,0.954,1.693
trio-core,35,3,pack,180,500,1.000,0.000,0.000,0.970,1.9,0.00,0.030,0.953,1.693
trio-core,35,3,boss,60,500,1.000,0.000,0.000,0.952,3.7,0.00,0.048,0.598,1.682
trio-core,35,3,boss,180,500,1.000,0.000,0.000,0.952,3.7,0.00,0.048,0.597,1.683
trio-core,35,4,solo,60,500,1.000,0.000,0.000,1.000,0.0,0.00,0.000,—,1.710
trio-core,35,4,solo,180,500,1.000,0.000,0.000,1.000,0.0,0.00,0.000,—,1.710
trio-core,35,4,pack,60,500,1.000,0.000,0.000,0.931,2.5,0.00,0.069,0.813,1.671
trio-core,35,4,pack,180,500,1.000,0.000,0.000,0.929,2.6,0.00,0.071,0.809,1.670
trio-core,35,4,boss,60,500,1.000,0.000,0.000,0.943,5.1,0.00,0.057,0.400,1.677
trio-core,35,4,boss,180,500,1.000,0.000,0.000,0.942,5.1,0.00,0.058,0.400,1.677
trio-core,35,5,solo,60,500,1.000,0.000,0.000,1.000,0.0,0.00,0.000,—,1.710
trio-core,35,5,solo,180,500,1.000,0.000,0.000,1.000,0.0,0.00,0.000,—,1.710
trio-core,35,5,pack,60,500,1.000,0.000,0.000,0.833,3.9,0.00,0.167,0.692,1.615
trio-core,35,5,pack,180,500,1.000,0.000,0.000,0.831,3.9,0.00,0.169,0.694,1.614
trio-core,35,5,boss,60,500,1.000,0.000,0.000,0.808,11.2,0.20,0.192,0.484,1.601
trio-core,35,5,boss,180,500,1.000,0.000,0.000,0.813,11.3,0.20,0.187,0.488,1.603
trio-core,35,6,solo,60,500,1.000,0.000,0.000,0.945,0.7,0.00,0.055,1.000,1.679
trio-core,35,6,solo,180,500,1.000,0.000,0.000,0.945,0.7,0.00,0.055,1.000,1.679
trio-core,35,6,pack,60,500,0.896,0.000,0.104,0.692,16.6,0.72,0.380,0.779,1.375
trio-core,35,6,pack,180,500,0.866,0.000,0.134,0.682,17.1,0.83,0.409,0.781,1.324
trio-core,35,6,boss,60,500,0.056,0.058,0.886,0.567,28.4,2.78,0.942,0.808,0.082
trio-core,35,6,boss,180,500,0.054,0.000,0.946,0.527,38.8,2.90,0.972,0.813,0.078
trio-core,35,7,solo,60,500,1.000,0.000,0.000,0.809,2.0,0.00,0.191,0.954,1.601
trio-core,35,7,solo,180,500,1.000,0.000,0.000,0.810,1.9,0.00,0.190,0.959,1.602
trio-core,35,7,pack,60,500,0.000,0.000,1.000,—,—,3.00,1.000,0.509,0.000
trio-core,35,7,pack,180,500,0.000,0.000,1.000,—,—,3.00,1.000,0.502,0.000
trio-core,35,7,boss,60,500,0.000,0.000,1.000,—,—,3.00,1.000,0.560,0.000
trio-core,35,7,boss,180,500,0.000,0.000,1.000,—,—,3.00,1.000,0.566,0.000
trio-core,35,8,solo,60,500,0.062,0.000,0.938,0.439,4.0,2.88,0.973,0.521,0.086
trio-core,35,8,solo,180,500,0.062,0.000,0.938,0.473,3.9,2.87,0.971,0.512,0.087
trio-core,35,8,pack,60,500,0.000,0.000,1.000,—,—,3.00,1.000,0.539,0.000
trio-core,35,8,pack,180,500,0.000,0.000,1.000,—,—,3.00,1.000,0.536,0.000
trio-core,35,8,boss,60,500,0.000,0.000,1.000,—,—,3.00,1.000,0.527,0.000
trio-core,35,8,boss,180,500,0.000,0.000,1.000,—,—,3.00,1.000,0.523,0.000
trio-core,50,1,solo,60,500,1.000,0.000,0.000,1.000,0.0,0.00,0.000,—,1.800
trio-core,50,1,solo,180,500,1.000,0.000,0.000,1.000,0.0,0.00,0.000,—,1.800
trio-core,50,1,pack,60,500,1.000,0.000,0.000,1.000,0.0,0.00,0.000,—,1.800
trio-core,50,1,pack,180,500,1.000,0.000,0.000,1.000,0.0,0.00,0.000,—,1.800
trio-core,50,1,boss,60,500,1.000,0.000,0.000,0.995,0.9,0.00,0.005,1.000,1.797
trio-core,50,1,boss,180,500,1.000,0.000,0.000,0.995,0.9,0.00,0.005,1.000,1.797
trio-core,50,2,solo,60,500,1.000,0.000,0.000,1.000,0.0,0.00,0.000,—,1.800
trio-core,50,2,solo,180,500,1.000,0.000,0.000,1.000,0.0,0.00,0.000,—,1.800
trio-core,50,2,pack,60,500,1.000,0.000,0.000,1.000,0.0,0.00,0.000,—,1.800
trio-core,50,2,pack,180,500,1.000,0.000,0.000,1.000,0.0,0.00,0.000,—,1.800
trio-core,50,2,boss,60,500,1.000,0.000,0.000,0.994,1.0,0.00,0.006,1.000,1.796
trio-core,50,2,boss,180,500,1.000,0.000,0.000,0.994,1.0,0.00,0.006,1.000,1.796
trio-core,50,3,solo,60,500,1.000,0.000,0.000,1.000,0.0,0.00,0.000,—,1.800
trio-core,50,3,solo,180,500,1.000,0.000,0.000,1.000,0.0,0.00,0.000,—,1.800
trio-core,50,3,pack,60,500,1.000,0.000,0.000,0.994,0.5,0.00,0.006,1.000,1.796
trio-core,50,3,pack,180,500,1.000,0.000,0.000,0.994,0.5,0.00,0.006,1.000,1.796
trio-core,50,3,boss,60,500,1.000,0.000,0.000,0.982,1.9,0.00,0.018,0.553,1.789
trio-core,50,3,boss,180,500,1.000,0.000,0.000,0.983,1.9,0.00,0.017,0.561,1.790
trio-core,50,4,solo,60,500,1.000,0.000,0.000,1.000,0.0,0.00,0.000,—,1.800
trio-core,50,4,solo,180,500,1.000,0.000,0.000,1.000,0.0,0.00,0.000,—,1.800
trio-core,50,4,pack,60,500,1.000,0.000,0.000,0.976,1.4,0.00,0.024,0.952,1.785
trio-core,50,4,pack,180,500,1.000,0.000,0.000,0.976,1.4,0.00,0.024,0.947,1.786
trio-core,50,4,boss,60,500,1.000,0.000,0.000,0.960,2.8,0.00,0.040,0.585,1.776
trio-core,50,4,boss,180,500,1.000,0.000,0.000,0.962,2.8,0.00,0.038,0.589,1.777
trio-core,50,5,solo,60,500,1.000,0.000,0.000,1.000,0.0,0.00,0.000,—,1.800
trio-core,50,5,solo,180,500,1.000,0.000,0.000,1.000,0.0,0.00,0.000,—,1.800
trio-core,50,5,pack,60,500,1.000,0.000,0.000,0.944,1.9,0.00,0.056,0.810,1.767
trio-core,50,5,pack,180,500,1.000,0.000,0.000,0.944,1.9,0.00,0.056,0.810,1.766
trio-core,50,5,boss,60,500,1.000,0.000,0.000,0.939,4.2,0.01,0.061,0.365,1.763
trio-core,50,5,boss,180,500,1.000,0.000,0.000,0.938,4.2,0.01,0.062,0.364,1.763
trio-core,50,6,solo,60,500,1.000,0.000,0.000,1.000,0.0,0.00,0.000,—,1.800
trio-core,50,6,solo,180,500,1.000,0.000,0.000,1.000,0.0,0.00,0.000,—,1.800
trio-core,50,6,pack,60,500,1.000,0.000,0.000,0.846,3.0,0.00,0.154,0.623,1.707
trio-core,50,6,pack,180,500,1.000,0.000,0.000,0.842,3.0,0.00,0.158,0.618,1.705
trio-core,50,6,boss,60,500,0.780,0.220,0.000,0.770,19.8,0.56,0.254,0.852,1.296
trio-core,50,6,boss,180,500,1.000,0.000,0.000,0.767,30.3,0.54,0.233,0.860,1.660
trio-core,50,7,solo,60,500,1.000,0.000,0.000,0.937,0.9,0.00,0.063,1.000,1.762
trio-core,50,7,solo,180,500,1.000,0.000,0.000,0.938,0.9,0.00,0.062,1.000,1.763
trio-core,50,7,pack,60,500,0.606,0.000,0.394,0.672,24.6,1.57,0.593,0.770,0.971
trio-core,50,7,pack,180,500,0.576,0.000,0.424,0.673,24.6,1.64,0.612,0.765,0.924
trio-core,50,7,boss,60,500,0.006,0.000,0.994,0.436,17.4,2.99,0.997,0.780,0.009
trio-core,50,7,boss,180,500,0.000,0.000,1.000,—,—,3.00,1.000,0.783,0.000
trio-core,50,8,solo,60,500,1.000,0.000,0.000,0.782,1.8,0.00,0.218,0.831,1.669
trio-core,50,8,solo,180,500,1.000,0.000,0.000,0.784,1.8,0.00,0.216,0.830,1.671
trio-core,50,8,pack,60,500,0.000,0.000,1.000,—,—,3.00,1.000,0.527,0.000
trio-core,50,8,pack,180,500,0.000,0.000,1.000,—,—,3.00,1.000,0.525,0.000
trio-core,50,8,boss,60,500,0.000,0.000,1.000,—,—,3.00,1.000,0.583,0.000
trio-core,50,8,boss,180,500,0.000,0.000,1.000,—,—,3.00,1.000,0.586,0.000
trio-double-dps,1,1,solo,60,500,1.000,0.000,0.000,0.961,2.5,0.00,0.039,1.000,1.487
trio-double-dps,1,1,solo,180,500,1.000,0.000,0.000,0.961,2.5,0.00,0.039,1.000,1.486
trio-double-dps,1,1,pack,60,500,1.000,0.000,0.000,0.741,12.0,0.00,0.259,1.000,1.376
trio-double-dps,1,1,pack,180,500,1.000,0.000,0.000,0.740,12.0,0.00,0.260,1.000,1.376
trio-double-dps,1,1,boss,60,500,1.000,0.000,0.000,0.555,23.5,0.61,0.445,1.000,1.283
trio-double-dps,1,1,boss,180,500,1.000,0.000,0.000,0.554,23.6,0.62,0.446,1.000,1.282
trio-double-dps,1,2,solo,60,500,1.000,0.000,0.000,0.847,4.5,0.00,0.153,1.000,1.429
trio-double-dps,1,2,solo,180,500,1.000,0.000,0.000,0.846,4.5,0.00,0.154,1.000,1.429
trio-double-dps,1,2,pack,60,500,0.096,0.000,0.904,0.096,21.8,2.90,0.991,0.480,0.101
trio-double-dps,1,2,pack,180,500,0.090,0.000,0.910,0.125,20.5,2.91,0.989,0.480,0.096
trio-double-dps,1,2,boss,60,500,0.000,0.000,1.000,—,—,3.00,1.000,0.539,0.000
trio-double-dps,1,2,boss,180,500,0.000,0.000,1.000,—,—,3.00,1.000,0.537,0.000
trio-double-dps,1,3,solo,60,500,1.000,0.000,0.000,0.696,6.0,0.00,0.304,1.000,1.353
trio-double-dps,1,3,solo,180,500,1.000,0.000,0.000,0.691,6.0,0.00,0.309,1.000,1.351
trio-double-dps,1,3,pack,60,500,0.000,0.000,1.000,—,—,3.00,1.000,0.451,0.000
trio-double-dps,1,3,pack,180,500,0.000,0.000,1.000,—,—,3.00,1.000,0.452,0.000
trio-double-dps,1,3,boss,60,500,0.000,0.000,1.000,—,—,3.00,1.000,0.462,0.000
trio-double-dps,1,3,boss,180,500,0.000,0.000,1.000,—,—,3.00,1.000,0.460,0.000
trio-double-dps,1,4,solo,60,500,0.020,0.000,0.980,0.104,11.7,2.98,0.998,0.408,0.021
trio-double-dps,1,4,solo,180,500,0.036,0.000,0.964,0.162,11.4,2.95,0.994,0.407,0.039
trio-double-dps,1,4,pack,60,500,0.000,0.000,1.000,—,—,3.00,1.000,0.404,0.000
trio-double-dps,1,4,pack,180,500,0.000,0.000,1.000,—,—,3.00,1.000,0.408,0.000
trio-double-dps,1,4,boss,60,500,0.000,0.000,1.000,—,—,3.00,1.000,0.416,0.000
trio-double-dps,1,4,boss,180,500,0.000,0.000,1.000,—,—,3.00,1.000,0.417,0.000
trio-double-dps,1,5,solo,60,500,0.000,0.000,1.000,—,—,3.00,1.000,0.434,0.000
trio-double-dps,1,5,solo,180,500,0.000,0.000,1.000,—,—,3.00,1.000,0.436,0.000
trio-double-dps,1,5,pack,60,500,0.000,0.000,1.000,—,—,3.00,1.000,0.436,0.000
trio-double-dps,1,5,pack,180,500,0.000,0.000,1.000,—,—,3.00,1.000,0.432,0.000
trio-double-dps,1,5,boss,60,500,0.000,0.000,1.000,—,—,3.00,1.000,0.405,0.000
trio-double-dps,1,5,boss,180,500,0.000,0.000,1.000,—,—,3.00,1.000,0.407,0.000
trio-double-dps,1,6,solo,60,500,0.000,0.000,1.000,—,—,3.00,1.000,0.338,0.000
trio-double-dps,1,6,solo,180,500,0.000,0.000,1.000,—,—,3.00,1.000,0.339,0.000
trio-double-dps,1,6,pack,60,500,0.000,0.000,1.000,—,—,3.00,1.000,0.340,0.000
trio-double-dps,1,6,pack,180,500,0.000,0.000,1.000,—,—,3.00,1.000,0.342,0.000
trio-double-dps,1,6,boss,60,500,0.000,0.000,1.000,—,—,3.00,1.000,0.364,0.000
trio-double-dps,1,6,boss,180,500,0.000,0.000,1.000,—,—,3.00,1.000,0.353,0.000
trio-double-dps,1,7,solo,60,500,0.000,0.000,1.000,—,—,3.00,1.000,0.486,0.000
trio-double-dps,1,7,solo,180,500,0.000,0.000,1.000,—,—,3.00,1.000,0.486,0.000
trio-double-dps,1,7,pack,60,500,0.000,0.000,1.000,—,—,3.00,1.000,0.486,0.000
trio-double-dps,1,7,pack,180,500,0.000,0.000,1.000,—,—,3.00,1.000,0.486,0.000
trio-double-dps,1,7,boss,60,500,0.000,0.000,1.000,—,—,3.00,1.000,0.252,0.000
trio-double-dps,1,7,boss,180,500,0.000,0.000,1.000,—,—,3.00,1.000,0.247,0.000
trio-double-dps,1,8,solo,60,500,0.000,0.000,1.000,—,—,3.00,1.000,0.480,0.000
trio-double-dps,1,8,solo,180,500,0.000,0.000,1.000,—,—,3.00,1.000,0.489,0.000
trio-double-dps,1,8,pack,60,500,0.000,0.000,1.000,—,—,3.00,1.000,0.484,0.000
trio-double-dps,1,8,pack,180,500,0.000,0.000,1.000,—,—,3.00,1.000,0.486,0.000
trio-double-dps,1,8,boss,60,500,0.000,0.000,1.000,—,—,3.00,1.000,0.346,0.000
trio-double-dps,1,8,boss,180,500,0.000,0.000,1.000,—,—,3.00,1.000,0.352,0.000
trio-double-dps,5,1,solo,60,500,1.000,0.000,0.000,1.000,0.0,0.00,0.000,—,1.530
trio-double-dps,5,1,solo,180,500,1.000,0.000,0.000,1.000,0.0,0.00,0.000,—,1.530
trio-double-dps,5,1,pack,60,500,1.000,0.000,0.000,0.900,5.8,0.00,0.100,1.000,1.479
trio-double-dps,5,1,pack,180,500,1.000,0.000,0.000,0.899,5.8,0.00,0.101,1.000,1.479
trio-double-dps,5,1,boss,60,500,1.000,0.000,0.000,0.839,11.2,0.00,0.161,1.000,1.448
trio-double-dps,5,1,boss,180,500,1.000,0.000,0.000,0.840,11.2,0.00,0.160,0.998,1.448
trio-double-dps,5,2,solo,60,500,1.000,0.000,0.000,0.963,1.7,0.00,0.037,1.000,1.511
trio-double-dps,5,2,solo,180,500,1.000,0.000,0.000,0.964,1.7,0.00,0.036,1.000,1.512
trio-double-dps,5,2,pack,60,500,1.000,0.000,0.000,0.700,8.2,0.00,0.300,0.943,1.377
trio-double-dps,5,2,pack,180,500,1.000,0.000,0.000,0.704,8.2,0.00,0.296,0.937,1.379
trio-double-dps,5,2,boss,60,500,1.000,0.000,0.000,0.528,16.3,0.33,0.472,0.922,1.289
trio-double-dps,5,2,boss,180,500,1.000,0.000,0.000,0.530,16.4,0.30,0.470,0.916,1.290
trio-double-dps,5,3,solo,60,500,1.000,0.000,0.000,0.888,2.1,0.00,0.112,1.000,1.473
trio-double-dps,5,3,solo,180,500,1.000,0.000,0.000,0.888,2.1,0.00,0.112,1.000,1.473
trio-double-dps,5,3,pack,60,500,0.418,0.000,0.582,0.161,13.1,2.43,0.933,0.539,0.461
trio-double-dps,5,3,pack,180,500,0.394,0.000,0.606,0.162,13.3,2.47,0.936,0.534,0.434
trio-double-dps,5,3,boss,60,500,0.000,0.000,1.000,—,—,3.00,1.000,0.527,0.000
trio-double-dps,5,3,boss,180,500,0.000,0.000,1.000,—,—,3.00,1.000,0.528,0.000
trio-double-dps,5,4,solo,60,500,1.000,0.000,0.000,0.604,5.1,0.24,0.396,1.000,1.328
trio-double-dps,5,4,solo,180,500,1.000,0.000,0.000,0.602,5.1,0.24,0.398,1.000,1.327
trio-double-dps,5,4,pack,60,500,0.000,0.000,1.000,—,—,3.00,1.000,0.505,0.000
trio-double-dps,5,4,pack,180,500,0.000,0.000,1.000,—,—,3.00,1.000,0.504,0.000
trio-double-dps,5,4,boss,60,500,0.000,0.000,1.000,—,—,3.00,1.000,0.518,0.000
trio-double-dps,5,4,boss,180,500,0.000,0.000,1.000,—,—,3.00,1.000,0.517,0.000
trio-double-dps,5,5,solo,60,500,0.066,0.000,0.934,0.129,7.7,2.91,0.992,0.460,0.072
trio-double-dps,5,5,solo,180,500,0.042,0.000,0.958,0.105,7.9,2.95,0.996,0.456,0.045
trio-double-dps,5,5,pack,60,500,0.000,0.000,1.000,—,—,3.00,1.000,0.450,0.000
trio-double-dps,5,5,pack,180,500,0.000,0.000,1.000,—,—,3.00,1.000,0.452,0.000
trio-double-dps,5,5,boss,60,500,0.000,0.000,1.000,—,—,3.00,1.000,0.432,0.000
trio-double-dps,5,5,boss,180,500,0.000,0.000,1.000,—,—,3.00,1.000,0.433,0.000
trio-double-dps,5,6,solo,60,500,0.000,0.000,1.000,—,—,3.00,1.000,0.437,0.000
trio-double-dps,5,6,solo,180,500,0.000,0.000,1.000,—,—,3.00,1.000,0.439,0.000
trio-double-dps,5,6,pack,60,500,0.000,0.000,1.000,—,—,3.00,1.000,0.433,0.000
trio-double-dps,5,6,pack,180,500,0.000,0.000,1.000,—,—,3.00,1.000,0.436,0.000
trio-double-dps,5,6,boss,60,500,0.000,0.000,1.000,—,—,3.00,1.000,0.456,0.000
trio-double-dps,5,6,boss,180,500,0.000,0.000,1.000,—,—,3.00,1.000,0.453,0.000
trio-double-dps,5,7,solo,60,500,0.000,0.000,1.000,—,—,3.00,1.000,0.486,0.000
trio-double-dps,5,7,solo,180,500,0.000,0.000,1.000,—,—,3.00,1.000,0.485,0.000
trio-double-dps,5,7,pack,60,500,0.000,0.000,1.000,—,—,3.00,1.000,0.486,0.000
trio-double-dps,5,7,pack,180,500,0.000,0.000,1.000,—,—,3.00,1.000,0.487,0.000
trio-double-dps,5,7,boss,60,500,0.000,0.000,1.000,—,—,3.00,1.000,0.379,0.000
trio-double-dps,5,7,boss,180,500,0.000,0.000,1.000,—,—,3.00,1.000,0.369,0.000
trio-double-dps,5,8,solo,60,500,0.000,0.000,1.000,—,—,3.00,1.000,0.480,0.000
trio-double-dps,5,8,solo,180,500,0.000,0.000,1.000,—,—,3.00,1.000,0.480,0.000
trio-double-dps,5,8,pack,60,500,0.000,0.000,1.000,—,—,3.00,1.000,0.484,0.000
trio-double-dps,5,8,pack,180,500,0.000,0.000,1.000,—,—,3.00,1.000,0.485,0.000
trio-double-dps,5,8,boss,60,500,0.000,0.000,1.000,—,—,3.00,1.000,0.286,0.000
trio-double-dps,5,8,boss,180,500,0.000,0.000,1.000,—,—,3.00,1.000,0.277,0.000
trio-double-dps,10,1,solo,60,500,1.000,0.000,0.000,1.000,0.0,0.00,0.000,—,1.560
trio-double-dps,10,1,solo,180,500,1.000,0.000,0.000,1.000,0.0,0.00,0.000,—,1.560
trio-double-dps,10,1,pack,60,500,1.000,0.000,0.000,0.961,2.9,0.00,0.039,1.000,1.540
trio-double-dps,10,1,pack,180,500,1.000,0.000,0.000,0.960,2.9,0.00,0.040,1.000,1.539
trio-double-dps,10,1,boss,60,500,1.000,0.000,0.000,0.940,5.6,0.00,0.060,0.890,1.529
trio-double-dps,10,1,boss,180,500,1.000,0.000,0.000,0.940,5.6,0.00,0.060,0.892,1.529
trio-double-dps,10,2,solo,60,500,1.000,0.000,0.000,1.000,0.0,0.00,0.000,—,1.560
trio-double-dps,10,2,solo,180,500,1.000,0.000,0.000,1.000,0.0,0.00,0.000,—,1.560
trio-double-dps,10,2,pack,60,500,1.000,0.000,0.000,0.871,4.6,0.00,0.129,0.849,1.493
trio-double-dps,10,2,pack,180,500,1.000,0.000,0.000,0.871,4.6,0.00,0.129,0.845,1.493
trio-double-dps,10,2,boss,60,500,1.000,0.000,0.000,0.832,8.3,0.00,0.168,0.749,1.473
trio-double-dps,10,2,boss,180,500,1.000,0.000,0.000,0.834,8.3,0.00,0.166,0.750,1.474
trio-double-dps,10,3,solo,60,500,1.000,0.000,0.000,0.966,1.2,0.00,0.034,1.000,1.542
trio-double-dps,10,3,solo,180,500,1.000,0.000,0.000,0.965,1.3,0.00,0.035,1.000,1.542
trio-double-dps,10,3,pack,60,500,1.000,0.000,0.000,0.664,6.2,0.00,0.336,0.832,1.385
trio-double-dps,10,3,pack,180,500,1.000,0.000,0.000,0.669,6.1,0.00,0.331,0.830,1.388
trio-double-dps,10,3,boss,60,500,1.000,0.000,0.000,0.461,12.8,0.35,0.539,0.616,1.280
trio-double-dps,10,3,boss,180,500,1.000,0.000,0.000,0.451,12.9,0.33,0.549,0.623,1.274
trio-double-dps,10,4,solo,60,500,1.000,0.000,0.000,0.892,1.6,0.00,0.108,1.000,1.504
trio-double-dps,10,4,solo,180,500,1.000,0.000,0.000,0.893,1.6,0.00,0.107,1.000,1.504
trio-double-dps,10,4,pack,60,500,0.214,0.000,0.786,0.169,9.8,2.70,0.964,0.523,0.241
trio-double-dps,10,4,pack,180,500,0.200,0.000,0.800,0.174,9.7,2.70,0.965,0.521,0.226
trio-double-dps,10,4,boss,60,500,0.000,0.000,1.000,—,—,3.00,1.000,0.522,0.000
trio-double-dps,10,4,boss,180,500,0.000,0.000,1.000,—,—,3.00,1.000,0.525,0.000
trio-double-dps,10,5,solo,60,500,1.000,0.000,0.000,0.612,3.9,0.15,0.388,1.000,1.358
trio-double-dps,10,5,solo,180,500,1.000,0.000,0.000,0.608,3.9,0.18,0.392,1.000,1.356
trio-double-dps,10,5,pack,60,500,0.000,0.000,1.000,—,—,3.00,1.000,0.503,0.000
trio-double-dps,10,5,pack,180,500,0.000,0.000,1.000,—,—,3.00,1.000,0.506,0.000
trio-double-dps,10,5,boss,60,500,0.000,0.000,1.000,—,—,3.00,1.000,0.521,0.000
trio-double-dps,10,5,boss,180,500,0.000,0.000,1.000,—,—,3.00,1.000,0.519,0.000
trio-double-dps,10,6,solo,60,500,0.006,0.000,0.994,0.237,5.7,2.99,0.999,0.507,0.007
trio-double-dps,10,6,solo,180,500,0.010,0.000,0.990,0.182,5.9,2.99,0.998,0.503,0.011
trio-double-dps,10,6,pack,60,500,0.000,0.000,1.000,—,—,3.00,1.000,0.507,0.000
trio-double-dps,10,6,pack,180,500,0.000,0.000,1.000,—,—,3.00,1.000,0.505,0.000
trio-double-dps,10,6,boss,60,500,0.000,0.000,1.000,—,—,3.00,1.000,0.440,0.000
trio-double-dps,10,6,boss,180,500,0.000,0.000,1.000,—,—,3.00,1.000,0.437,0.000
trio-double-dps,10,7,solo,60,500,0.000,0.000,1.000,—,—,3.00,1.000,0.436,0.000
trio-double-dps,10,7,solo,180,500,0.000,0.000,1.000,—,—,3.00,1.000,0.435,0.000
trio-double-dps,10,7,pack,60,500,0.000,0.000,1.000,—,—,3.00,1.000,0.436,0.000
trio-double-dps,10,7,pack,180,500,0.000,0.000,1.000,—,—,3.00,1.000,0.437,0.000
trio-double-dps,10,7,boss,60,500,0.000,0.000,1.000,—,—,3.00,1.000,0.488,0.000
trio-double-dps,10,7,boss,180,500,0.000,0.000,1.000,—,—,3.00,1.000,0.493,0.000
trio-double-dps,10,8,solo,60,500,0.000,0.000,1.000,—,—,3.00,1.000,0.577,0.000
trio-double-dps,10,8,solo,180,500,0.000,0.000,1.000,—,—,3.00,1.000,0.580,0.000
trio-double-dps,10,8,pack,60,500,0.000,0.000,1.000,—,—,3.00,1.000,0.583,0.000
trio-double-dps,10,8,pack,180,500,0.000,0.000,1.000,—,—,3.00,1.000,0.582,0.000
trio-double-dps,10,8,boss,60,500,0.000,0.000,1.000,—,—,3.00,1.000,0.381,0.000
trio-double-dps,10,8,boss,180,500,0.000,0.000,1.000,—,—,3.00,1.000,0.378,0.000
trio-double-dps,20,1,solo,60,500,1.000,0.000,0.000,1.000,0.0,0.00,0.000,—,1.620
trio-double-dps,20,1,solo,180,500,1.000,0.000,0.000,1.000,0.0,0.00,0.000,—,1.620
trio-double-dps,20,1,pack,60,500,1.000,0.000,0.000,0.989,1.0,0.00,0.011,1.000,1.614
trio-double-dps,20,1,pack,180,500,1.000,0.000,0.000,0.989,1.0,0.00,0.011,1.000,1.614
trio-double-dps,20,1,boss,60,500,1.000,0.000,0.000,0.984,2.1,0.00,0.016,1.000,1.611
trio-double-dps,20,1,boss,180,500,1.000,0.000,0.000,0.984,2.1,0.00,0.016,1.000,1.611
trio-double-dps,20,2,solo,60,500,1.000,0.000,0.000,1.000,0.0,0.00,0.000,—,1.620
trio-double-dps,20,2,solo,180,500,1.000,0.000,0.000,1.000,0.0,0.00,0.000,—,1.620
trio-double-dps,20,2,pack,60,500,1.000,0.000,0.000,0.970,1.8,0.00,0.030,1.000,1.604
trio-double-dps,20,2,pack,180,500,1.000,0.000,0.000,0.971,1.8,0.00,0.029,1.000,1.604
trio-double-dps,20,2,boss,60,500,1.000,0.000,0.000,0.952,3.1,0.00,0.048,0.826,1.594
trio-double-dps,20,2,boss,180,500,1.000,0.000,0.000,0.952,3.1,0.00,0.048,0.830,1.594
trio-double-dps,20,3,solo,60,500,1.000,0.000,0.000,1.000,0.0,0.00,0.000,—,1.620
trio-double-dps,20,3,solo,180,500,1.000,0.000,0.000,1.000,0.0,0.00,0.000,—,1.620
trio-double-dps,20,3,pack,60,500,1.000,0.000,0.000,0.936,2.1,0.00,0.064,1.000,1.585
trio-double-dps,20,3,pack,180,500,1.000,0.000,0.000,0.936,2.1,0.00,0.064,1.000,1.585
trio-double-dps,20,3,boss,60,500,1.000,0.000,0.000,0.860,4.8,0.00,0.140,0.505,1.544
trio-double-dps,20,3,boss,180,500,1.000,0.000,0.000,0.859,4.8,0.00,0.141,0.505,1.544
trio-double-dps,20,4,solo,60,500,1.000,0.000,0.000,0.974,0.8,0.00,0.026,1.000,1.606
trio-double-dps,20,4,solo,180,500,1.000,0.000,0.000,0.975,0.8,0.00,0.025,1.000,1.606
trio-double-dps,20,4,pack,60,500,1.000,0.000,0.000,0.790,3.8,0.00,0.210,0.818,1.507
trio-double-dps,20,4,pack,180,500,1.000,0.000,0.000,0.791,3.8,0.00,0.209,0.819,1.507
trio-double-dps,20,4,boss,60,500,0.946,0.000,0.054,0.528,9.3,0.96,0.500,0.435,1.292
trio-double-dps,20,4,boss,180,500,0.954,0.000,0.046,0.533,9.2,0.92,0.491,0.431,1.305
trio-double-dps,20,5,solo,60,500,1.000,0.000,0.000,0.919,1.0,0.00,0.081,1.000,1.576
trio-double-dps,20,5,solo,180,500,1.000,0.000,0.000,0.918,1.0,0.00,0.082,1.000,1.575
trio-double-dps,20,5,pack,60,500,0.980,0.000,0.020,0.343,6.1,0.63,0.664,0.631,1.240
trio-double-dps,20,5,pack,180,500,0.992,0.000,0.008,0.341,6.1,0.56,0.662,0.628,1.254
trio-double-dps,20,5,boss,60,500,0.006,0.000,0.994,0.249,11.4,2.99,0.999,0.565,0.007
trio-double-dps,20,5,boss,180,500,0.006,0.000,0.994,0.262,11.4,2.99,0.998,0.570,0.007
trio-double-dps,20,6,solo,60,500,1.000,0.000,0.000,0.770,2.0,0.00,0.230,1.000,1.496
trio-double-dps,20,6,solo,180,500,1.000,0.000,0.000,0.766,2.0,0.00,0.234,1.000,1.494
trio-double-dps,20,6,pack,60,500,0.000,0.000,1.000,—,—,3.00,1.000,0.550,0.000
trio-double-dps,20,6,pack,180,500,0.000,0.000,1.000,—,—,3.00,1.000,0.552,0.000
trio-double-dps,20,6,boss,60,500,0.000,0.000,1.000,—,—,3.00,1.000,0.602,0.000
trio-double-dps,20,6,boss,180,500,0.000,0.000,1.000,—,—,3.00,1.000,0.604,0.000
trio-double-dps,20,7,solo,60,500,0.398,0.000,0.602,0.259,3.9,2.37,0.897,0.625,0.486
trio-double-dps,20,7,solo,180,500,0.418,0.000,0.582,0.248,4.0,2.36,0.896,0.628,0.507
trio-double-dps,20,7,pack,60,500,0.000,0.000,1.000,—,—,3.00,1.000,0.576,0.000
trio-double-dps,20,7,pack,180,500,0.000,0.000,1.000,—,—,3.00,1.000,0.582,0.000
trio-double-dps,20,7,boss,60,500,0.000,0.000,1.000,—,—,3.00,1.000,0.555,0.000
trio-double-dps,20,7,boss,180,500,0.000,0.000,1.000,—,—,3.00,1.000,0.555,0.000
trio-double-dps,20,8,solo,60,500,0.000,0.000,1.000,—,—,3.00,1.000,0.506,0.000
trio-double-dps,20,8,solo,180,500,0.000,0.000,1.000,—,—,3.00,1.000,0.505,0.000
trio-double-dps,20,8,pack,60,500,0.000,0.000,1.000,—,—,3.00,1.000,0.505,0.000
trio-double-dps,20,8,pack,180,500,0.000,0.000,1.000,—,—,3.00,1.000,0.505,0.000
trio-double-dps,20,8,boss,60,500,0.000,0.000,1.000,—,—,3.00,1.000,0.536,0.000
trio-double-dps,20,8,boss,180,500,0.000,0.000,1.000,—,—,3.00,1.000,0.533,0.000
trio-double-dps,35,1,solo,60,500,1.000,0.000,0.000,1.000,0.0,0.00,0.000,—,1.710
trio-double-dps,35,1,solo,180,500,1.000,0.000,0.000,1.000,0.0,0.00,0.000,—,1.710
trio-double-dps,35,1,pack,60,500,1.000,0.000,0.000,1.000,0.0,0.00,0.000,—,1.710
trio-double-dps,35,1,pack,180,500,1.000,0.000,0.000,1.000,0.0,0.00,0.000,—,1.710
trio-double-dps,35,1,boss,60,500,1.000,0.000,0.000,0.992,1.2,0.00,0.008,1.000,1.705
trio-double-dps,35,1,boss,180,500,1.000,0.000,0.000,0.992,1.2,0.00,0.008,1.000,1.705
trio-double-dps,35,2,solo,60,500,1.000,0.000,0.000,1.000,0.0,0.00,0.000,—,1.710
trio-double-dps,35,2,solo,180,500,1.000,0.000,0.000,1.000,0.0,0.00,0.000,—,1.710
trio-double-dps,35,2,pack,60,500,1.000,0.000,0.000,0.992,0.7,0.00,0.008,1.000,1.705
trio-double-dps,35,2,pack,180,500,1.000,0.000,0.000,0.992,0.7,0.00,0.008,1.000,1.705
trio-double-dps,35,2,boss,60,500,1.000,0.000,0.000,0.988,1.3,0.00,0.012,1.000,1.703
trio-double-dps,35,2,boss,180,500,1.000,0.000,0.000,0.988,1.3,0.00,0.012,1.000,1.703
trio-double-dps,35,3,solo,60,500,1.000,0.000,0.000,1.000,0.0,0.00,0.000,—,1.710
trio-double-dps,35,3,solo,180,500,1.000,0.000,0.000,1.000,0.0,0.00,0.000,—,1.710
trio-double-dps,35,3,pack,60,500,1.000,0.000,0.000,0.978,1.2,0.00,0.022,1.000,1.697
trio-double-dps,35,3,pack,180,500,1.000,0.000,0.000,0.978,1.2,0.00,0.022,1.000,1.697
trio-double-dps,35,3,boss,60,500,1.000,0.000,0.000,0.963,2.0,0.00,0.037,0.818,1.689
trio-double-dps,35,3,boss,180,500,1.000,0.000,0.000,0.963,2.0,0.00,0.037,0.807,1.689
trio-double-dps,35,4,solo,60,500,1.000,0.000,0.000,1.000,0.0,0.00,0.000,—,1.710
trio-double-dps,35,4,solo,180,500,1.000,0.000,0.000,1.000,0.0,0.00,0.000,—,1.710
trio-double-dps,35,4,pack,60,500,1.000,0.000,0.000,0.953,1.4,0.00,0.047,1.000,1.683
trio-double-dps,35,4,pack,180,500,1.000,0.000,0.000,0.953,1.4,0.00,0.047,1.000,1.683
trio-double-dps,35,4,boss,60,500,1.000,0.000,0.000,0.922,3.0,0.00,0.078,0.667,1.666
trio-double-dps,35,4,boss,180,500,1.000,0.000,0.000,0.921,3.0,0.00,0.079,0.667,1.665
trio-double-dps,35,5,solo,60,500,1.000,0.000,0.000,1.000,0.0,0.00,0.000,—,1.710
trio-double-dps,35,5,solo,180,500,1.000,0.000,0.000,1.000,0.0,0.00,0.000,—,1.710
trio-double-dps,35,5,pack,60,500,1.000,0.000,0.000,0.887,2.0,0.00,0.113,0.925,1.646
trio-double-dps,35,5,pack,180,500,1.000,0.000,0.000,0.887,2.0,0.00,0.113,0.933,1.646
trio-double-dps,35,5,boss,60,500,1.000,0.000,0.000,0.714,4.9,0.11,0.286,0.451,1.547
trio-double-dps,35,5,boss,180,500,1.000,0.000,0.000,0.714,4.9,0.12,0.286,0.455,1.547
trio-double-dps,35,6,solo,60,500,1.000,0.000,0.000,0.938,0.7,0.00,0.062,1.000,1.675
trio-double-dps,35,6,solo,180,500,1.000,0.000,0.000,0.938,0.7,0.00,0.062,1.000,1.675
trio-double-dps,35,6,pack,60,500,0.992,0.000,0.008,0.499,4.1,0.35,0.505,0.635,1.413
trio-double-dps,35,6,pack,180,500,0.988,0.000,0.012,0.492,4.0,0.38,0.514,0.637,1.403
trio-double-dps,35,6,boss,60,500,0.096,0.000,0.904,0.447,7.5,2.78,0.957,0.589,0.134
trio-double-dps,35,6,boss,180,500,0.110,0.000,0.890,0.436,7.7,2.76,0.952,0.589,0.153
trio-double-dps,35,7,solo,60,500,1.000,0.000,0.000,0.828,1.3,0.00,0.172,1.000,1.612
trio-double-dps,35,7,solo,180,500,1.000,0.000,0.000,0.829,1.3,0.00,0.171,1.000,1.613
trio-double-dps,35,7,pack,60,500,0.002,0.000,0.998,0.031,6.5,3.00,1.000,0.585,0.002
trio-double-dps,35,7,pack,180,500,0.000,0.000,1.000,—,—,3.00,1.000,0.586,0.000
trio-double-dps,35,7,boss,60,500,0.000,0.000,1.000,—,—,3.00,1.000,0.641,0.000
trio-double-dps,35,7,boss,180,500,0.000,0.000,1.000,—,—,3.00,1.000,0.648,0.000
trio-double-dps,35,8,solo,60,500,0.784,0.000,0.216,0.378,2.6,1.22,0.704,0.668,1.063
trio-double-dps,35,8,solo,180,500,0.802,0.000,0.198,0.379,2.6,1.11,0.696,0.662,1.088
trio-double-dps,35,8,pack,60,500,0.000,0.000,1.000,—,—,3.00,1.000,0.601,0.000
trio-double-dps,35,8,pack,180,500,0.000,0.000,1.000,—,—,3.00,1.000,0.605,0.000
trio-double-dps,35,8,boss,60,500,0.000,0.000,1.000,—,—,3.00,1.000,0.595,0.000
trio-double-dps,35,8,boss,180,500,0.000,0.000,1.000,—,—,3.00,1.000,0.590,0.000
trio-double-dps,50,1,solo,60,500,1.000,0.000,0.000,1.000,0.0,0.00,0.000,—,1.800
trio-double-dps,50,1,solo,180,500,1.000,0.000,0.000,1.000,0.0,0.00,0.000,—,1.800
trio-double-dps,50,1,pack,60,500,1.000,0.000,0.000,1.000,0.0,0.00,0.000,—,1.800
trio-double-dps,50,1,pack,180,500,1.000,0.000,0.000,1.000,0.0,0.00,0.000,—,1.800
trio-double-dps,50,1,boss,60,500,1.000,0.000,0.000,0.995,0.5,0.00,0.005,1.000,1.797
trio-double-dps,50,1,boss,180,500,1.000,0.000,0.000,0.995,0.5,0.00,0.005,1.000,1.797
trio-double-dps,50,2,solo,60,500,1.000,0.000,0.000,1.000,0.0,0.00,0.000,—,1.800
trio-double-dps,50,2,solo,180,500,1.000,0.000,0.000,1.000,0.0,0.00,0.000,—,1.800
trio-double-dps,50,2,pack,60,500,1.000,0.000,0.000,1.000,0.0,0.00,0.000,—,1.800
trio-double-dps,50,2,pack,180,500,1.000,0.000,0.000,1.000,0.0,0.00,0.000,—,1.800
trio-double-dps,50,2,boss,60,500,1.000,0.000,0.000,0.993,0.9,0.00,0.007,1.000,1.796
trio-double-dps,50,2,boss,180,500,1.000,0.000,0.000,0.993,0.9,0.00,0.007,1.000,1.796
trio-double-dps,50,3,solo,60,500,1.000,0.000,0.000,1.000,0.0,0.00,0.000,—,1.800
trio-double-dps,50,3,solo,180,500,1.000,0.000,0.000,1.000,0.0,0.00,0.000,—,1.800
trio-double-dps,50,3,pack,60,500,1.000,0.000,0.000,0.993,0.5,0.00,0.007,1.000,1.796
trio-double-dps,50,3,pack,180,500,1.000,0.000,0.000,0.993,0.5,0.00,0.007,1.000,1.796
trio-double-dps,50,3,boss,60,500,1.000,0.000,0.000,0.990,1.0,0.00,0.010,1.000,1.794
trio-double-dps,50,3,boss,180,500,1.000,0.000,0.000,0.990,1.0,0.00,0.010,1.000,1.794
trio-double-dps,50,4,solo,60,500,1.000,0.000,0.000,1.000,0.0,0.00,0.000,—,1.800
trio-double-dps,50,4,solo,180,500,1.000,0.000,0.000,1.000,0.0,0.00,0.000,—,1.800
trio-double-dps,50,4,pack,60,500,1.000,0.000,0.000,0.982,0.9,0.00,0.018,1.000,1.789
trio-double-dps,50,4,pack,180,500,1.000,0.000,0.000,0.982,0.9,0.00,0.018,1.000,1.789
trio-double-dps,50,4,boss,60,500,1.000,0.000,0.000,0.969,1.5,0.00,0.031,0.830,1.781
trio-double-dps,50,4,boss,180,500,1.000,0.000,0.000,0.967,1.5,0.00,0.033,0.800,1.780
trio-double-dps,50,5,solo,60,500,1.000,0.000,0.000,1.000,0.0,0.00,0.000,—,1.800
trio-double-dps,50,5,solo,180,500,1.000,0.000,0.000,1.000,0.0,0.00,0.000,—,1.800
trio-double-dps,50,5,pack,60,500,1.000,0.000,0.000,0.961,1.0,0.00,0.039,1.000,1.777
trio-double-dps,50,5,pack,180,500,1.000,0.000,0.000,0.961,1.0,0.00,0.039,1.000,1.776
trio-double-dps,50,5,boss,60,500,1.000,0.000,0.000,0.908,2.4,0.00,0.092,0.518,1.745
trio-double-dps,50,5,boss,180,500,1.000,0.000,0.000,0.906,2.4,0.00,0.094,0.515,1.743
trio-double-dps,50,6,solo,60,500,1.000,0.000,0.000,0.984,0.4,0.00,0.016,1.000,1.791
trio-double-dps,50,6,solo,180,500,1.000,0.000,0.000,0.984,0.4,0.00,0.016,1.000,1.790
trio-double-dps,50,6,pack,60,500,1.000,0.000,0.000,0.868,1.9,0.00,0.132,0.822,1.721
trio-double-dps,50,6,pack,180,500,1.000,0.000,0.000,0.864,1.9,0.00,0.136,0.820,1.718
trio-double-dps,50,6,boss,60,500,0.966,0.000,0.034,0.665,4.6,0.56,0.357,0.432,1.545
trio-double-dps,50,6,boss,180,500,0.964,0.000,0.036,0.675,4.5,0.55,0.349,0.432,1.547
trio-double-dps,50,7,solo,60,500,1.000,0.000,0.000,0.949,0.5,0.00,0.051,1.000,1.770
trio-double-dps,50,7,solo,180,500,1.000,0.000,0.000,0.950,0.5,0.00,0.050,1.000,1.770
trio-double-dps,50,7,pack,60,500,0.994,0.000,0.006,0.569,3.2,0.25,0.434,0.621,1.532
trio-double-dps,50,7,pack,180,500,0.994,0.000,0.006,0.564,3.2,0.24,0.440,0.625,1.529
trio-double-dps,50,7,boss,60,500,0.028,0.000,0.972,0.579,5.9,2.93,0.984,0.647,0.043
trio-double-dps,50,7,boss,180,500,0.030,0.000,0.970,0.597,5.9,2.92,0.982,0.647,0.047
trio-double-dps,50,8,solo,60,500,1.000,0.000,0.000,0.813,1.3,0.00,0.187,1.000,1.688
trio-double-dps,50,8,solo,180,500,1.000,0.000,0.000,0.813,1.3,0.00,0.187,1.000,1.688
trio-double-dps,50,8,pack,60,500,0.008,0.000,0.992,0.290,4.9,2.99,0.998,0.586,0.011
trio-double-dps,50,8,pack,180,500,0.000,0.000,1.000,—,—,3.00,1.000,0.587,0.000
trio-double-dps,50,8,boss,60,500,0.000,0.000,1.000,—,—,3.00,1.000,0.642,0.000
trio-double-dps,50,8,boss,180,500,0.000,0.000,1.000,—,—,3.00,1.000,0.639,0.000
trio-no-tank,1,1,solo,60,500,1.000,0.000,0.000,0.952,2.5,0.00,0.048,—,1.482
trio-no-tank,1,1,solo,180,500,1.000,0.000,0.000,0.953,2.5,0.00,0.047,—,1.483
trio-no-tank,1,1,pack,60,500,1.000,0.000,0.000,0.978,12.5,0.00,0.022,—,1.495
trio-no-tank,1,1,pack,180,500,1.000,0.000,0.000,0.980,12.5,0.00,0.020,—,1.496
trio-no-tank,1,1,boss,60,500,1.000,0.000,0.000,0.973,26.5,0.00,0.027,—,1.492
trio-no-tank,1,1,boss,180,500,1.000,0.000,0.000,0.974,26.6,0.00,0.026,—,1.493
trio-no-tank,1,2,solo,60,500,1.000,0.000,0.000,0.916,4.5,0.00,0.084,—,1.464
trio-no-tank,1,2,solo,180,500,1.000,0.000,0.000,0.914,4.5,0.00,0.086,—,1.463
trio-no-tank,1,2,pack,60,500,0.004,0.002,0.994,0.559,23.8,2.99,0.997,—,0.005
trio-no-tank,1,2,pack,180,500,0.002,0.006,0.992,0.595,25.0,2.99,0.997,—,0.003
trio-no-tank,1,2,boss,60,500,0.002,0.034,0.964,0.607,57.5,2.96,0.995,—,0.003
trio-no-tank,1,2,boss,180,500,0.004,0.000,0.996,0.563,43.5,2.99,0.998,—,0.005
trio-no-tank,1,3,solo,60,500,1.000,0.000,0.000,0.622,8.4,0.69,0.378,—,1.316
trio-no-tank,1,3,solo,180,500,1.000,0.000,0.000,0.625,8.4,0.68,0.375,—,1.318
trio-no-tank,1,3,pack,60,500,0.000,0.000,1.000,—,—,3.00,1.000,—,0.000
trio-no-tank,1,3,pack,180,500,0.000,0.000,1.000,—,—,3.00,1.000,—,0.000
trio-no-tank,1,3,boss,60,500,0.000,0.000,1.000,—,—,3.00,1.000,—,0.000
trio-no-tank,1,3,boss,180,500,0.000,0.000,1.000,—,—,3.00,1.000,—,0.000
trio-no-tank,1,4,solo,60,500,0.002,0.000,0.998,0.386,12.1,3.00,0.999,—,0.002
trio-no-tank,1,4,solo,180,500,0.002,0.000,0.998,0.395,12.5,3.00,0.999,—,0.002
trio-no-tank,1,4,pack,60,500,0.000,0.000,1.000,—,—,3.00,1.000,—,0.000
trio-no-tank,1,4,pack,180,500,0.000,0.000,1.000,—,—,3.00,1.000,—,0.000
trio-no-tank,1,4,boss,60,500,0.000,0.000,1.000,—,—,3.00,1.000,—,0.000
trio-no-tank,1,4,boss,180,500,0.000,0.000,1.000,—,—,3.00,1.000,—,0.000
trio-no-tank,1,5,solo,60,500,0.000,0.000,1.000,—,—,3.00,1.000,—,0.000
trio-no-tank,1,5,solo,180,500,0.000,0.000,1.000,—,—,3.00,1.000,—,0.000
trio-no-tank,1,5,pack,60,500,0.000,0.000,1.000,—,—,3.00,1.000,—,0.000
trio-no-tank,1,5,pack,180,500,0.000,0.000,1.000,—,—,3.00,1.000,—,0.000
trio-no-tank,1,5,boss,60,500,0.000,0.000,1.000,—,—,3.00,1.000,—,0.000
trio-no-tank,1,5,boss,180,500,0.000,0.000,1.000,—,—,3.00,1.000,—,0.000
trio-no-tank,1,6,solo,60,500,0.000,0.000,1.000,—,—,3.00,1.000,—,0.000
trio-no-tank,1,6,solo,180,500,0.000,0.000,1.000,—,—,3.00,1.000,—,0.000
trio-no-tank,1,6,pack,60,500,0.000,0.000,1.000,—,—,3.00,1.000,—,0.000
trio-no-tank,1,6,pack,180,500,0.000,0.000,1.000,—,—,3.00,1.000,—,0.000
trio-no-tank,1,6,boss,60,500,0.000,0.000,1.000,—,—,3.00,1.000,—,0.000
trio-no-tank,1,6,boss,180,500,0.000,0.000,1.000,—,—,3.00,1.000,—,0.000
trio-no-tank,1,7,solo,60,500,0.000,0.000,1.000,—,—,3.00,1.000,—,0.000
trio-no-tank,1,7,solo,180,500,0.000,0.000,1.000,—,—,3.00,1.000,—,0.000
trio-no-tank,1,7,pack,60,500,0.000,0.000,1.000,—,—,3.00,1.000,—,0.000
trio-no-tank,1,7,pack,180,500,0.000,0.000,1.000,—,—,3.00,1.000,—,0.000
trio-no-tank,1,7,boss,60,500,0.000,0.000,1.000,—,—,3.00,1.000,—,0.000
trio-no-tank,1,7,boss,180,500,0.000,0.000,1.000,—,—,3.00,1.000,—,0.000
trio-no-tank,1,8,solo,60,500,0.000,0.000,1.000,—,—,3.00,1.000,—,0.000
trio-no-tank,1,8,solo,180,500,0.000,0.000,1.000,—,—,3.00,1.000,—,0.000
trio-no-tank,1,8,pack,60,500,0.000,0.000,1.000,—,—,3.00,1.000,—,0.000
trio-no-tank,1,8,pack,180,500,0.000,0.000,1.000,—,—,3.00,1.000,—,0.000
trio-no-tank,1,8,boss,60,500,0.000,0.000,1.000,—,—,3.00,1.000,—,0.000
trio-no-tank,1,8,boss,180,500,0.000,0.000,1.000,—,—,3.00,1.000,—,0.000
trio-no-tank,5,1,solo,60,500,1.000,0.000,0.000,1.000,0.0,0.00,0.000,—,1.530
trio-no-tank,5,1,solo,180,500,1.000,0.000,0.000,1.000,0.0,0.00,0.000,—,1.530
trio-no-tank,5,1,pack,60,500,1.000,0.000,0.000,0.976,6.1,0.00,0.024,—,1.518
trio-no-tank,5,1,pack,180,500,1.000,0.000,0.000,0.975,6.1,0.00,0.025,—,1.517
trio-no-tank,5,1,boss,60,500,1.000,0.000,0.000,0.946,11.1,0.00,0.054,—,1.502
trio-no-tank,5,1,boss,180,500,1.000,0.000,0.000,0.946,11.1,0.00,0.054,—,1.502
trio-no-tank,5,2,solo,60,500,1.000,0.000,0.000,0.958,1.6,0.00,0.042,—,1.509
trio-no-tank,5,2,solo,180,500,1.000,0.000,0.000,0.959,1.6,0.00,0.041,—,1.509
trio-no-tank,5,2,pack,60,500,1.000,0.000,0.000,0.852,10.9,0.38,0.148,—,1.455
trio-no-tank,5,2,pack,180,500,1.000,0.000,0.000,0.853,11.0,0.37,0.147,—,1.455
trio-no-tank,5,2,boss,60,500,1.000,0.000,0.000,0.957,17.7,0.00,0.043,—,1.508
trio-no-tank,5,2,boss,180,500,1.000,0.000,0.000,0.957,17.8,0.00,0.043,—,1.508
trio-no-tank,5,3,solo,60,500,1.000,0.000,0.000,0.861,2.1,0.00,0.139,—,1.459
trio-no-tank,5,3,solo,180,500,1.000,0.000,0.000,0.860,2.1,0.00,0.140,—,1.459
trio-no-tank,5,3,pack,60,500,0.006,0.004,0.990,0.843,15.0,2.98,0.994,—,0.009
trio-no-tank,5,3,pack,180,500,0.004,0.000,0.996,0.607,15.0,2.99,0.998,—,0.005
trio-no-tank,5,3,boss,60,500,0.000,0.000,1.000,—,—,3.00,1.000,—,0.000
trio-no-tank,5,3,boss,180,500,0.010,0.000,0.990,0.606,28.1,2.98,0.994,—,0.013
trio-no-tank,5,4,solo,60,500,1.000,0.000,0.000,0.625,5.5,0.87,0.375,—,1.339
trio-no-tank,5,4,solo,180,500,1.000,0.000,0.000,0.637,5.4,0.85,0.363,—,1.345
trio-no-tank,5,4,pack,60,500,0.000,0.000,1.000,—,—,3.00,1.000,—,0.000
trio-no-tank,5,4,pack,180,500,0.000,0.000,1.000,—,—,3.00,1.000,—,0.000
trio-no-tank,5,4,boss,60,500,0.000,0.000,1.000,—,—,3.00,1.000,—,0.000
trio-no-tank,5,4,boss,180,500,0.000,0.000,1.000,—,—,3.00,1.000,—,0.000
trio-no-tank,5,5,solo,60,500,0.000,0.000,1.000,—,—,3.00,1.000,—,0.000
trio-no-tank,5,5,solo,180,500,0.002,0.000,0.998,0.281,7.5,3.00,0.999,—,0.002
trio-no-tank,5,5,pack,60,500,0.000,0.000,1.000,—,—,3.00,1.000,—,0.000
trio-no-tank,5,5,pack,180,500,0.000,0.000,1.000,—,—,3.00,1.000,—,0.000
trio-no-tank,5,5,boss,60,500,0.000,0.000,1.000,—,—,3.00,1.000,—,0.000
trio-no-tank,5,5,boss,180,500,0.000,0.000,1.000,—,—,3.00,1.000,—,0.000
trio-no-tank,5,6,solo,60,500,0.000,0.000,1.000,—,—,3.00,1.000,—,0.000
trio-no-tank,5,6,solo,180,500,0.000,0.000,1.000,—,—,3.00,1.000,—,0.000
trio-no-tank,5,6,pack,60,500,0.000,0.000,1.000,—,—,3.00,1.000,—,0.000
trio-no-tank,5,6,pack,180,500,0.000,0.000,1.000,—,—,3.00,1.000,—,0.000
trio-no-tank,5,6,boss,60,500,0.000,0.000,1.000,—,—,3.00,1.000,—,0.000
trio-no-tank,5,6,boss,180,500,0.000,0.000,1.000,—,—,3.00,1.000,—,0.000
trio-no-tank,5,7,solo,60,500,0.000,0.000,1.000,—,—,3.00,1.000,—,0.000
trio-no-tank,5,7,solo,180,500,0.000,0.000,1.000,—,—,3.00,1.000,—,0.000
trio-no-tank,5,7,pack,60,500,0.000,0.000,1.000,—,—,3.00,1.000,—,0.000
trio-no-tank,5,7,pack,180,500,0.000,0.000,1.000,—,—,3.00,1.000,—,0.000
trio-no-tank,5,7,boss,60,500,0.000,0.000,1.000,—,—,3.00,1.000,—,0.000
trio-no-tank,5,7,boss,180,500,0.000,0.000,1.000,—,—,3.00,1.000,—,0.000
trio-no-tank,5,8,solo,60,500,0.000,0.000,1.000,—,—,3.00,1.000,—,0.000
trio-no-tank,5,8,solo,180,500,0.000,0.000,1.000,—,—,3.00,1.000,—,0.000
trio-no-tank,5,8,pack,60,500,0.000,0.000,1.000,—,—,3.00,1.000,—,0.000
trio-no-tank,5,8,pack,180,500,0.000,0.000,1.000,—,—,3.00,1.000,—,0.000
trio-no-tank,5,8,boss,60,500,0.000,0.000,1.000,—,—,3.00,1.000,—,0.000
trio-no-tank,5,8,boss,180,500,0.000,0.000,1.000,—,—,3.00,1.000,—,0.000
trio-no-tank,10,1,solo,60,500,1.000,0.000,0.000,1.000,0.0,0.00,0.000,—,1.560
trio-no-tank,10,1,solo,180,500,1.000,0.000,0.000,1.000,0.0,0.00,0.000,—,1.560
trio-no-tank,10,1,pack,60,500,1.000,0.000,0.000,0.943,2.9,0.00,0.057,—,1.530
trio-no-tank,10,1,pack,180,500,1.000,0.000,0.000,0.943,2.9,0.00,0.057,—,1.530
trio-no-tank,10,1,boss,60,500,1.000,0.000,0.000,0.997,5.6,0.00,0.003,—,1.558
trio-no-tank,10,1,boss,180,500,1.000,0.000,0.000,0.996,5.6,0.00,0.004,—,1.558
trio-no-tank,10,2,solo,60,500,1.000,0.000,0.000,1.000,0.0,0.00,0.000,—,1.560
trio-no-tank,10,2,solo,180,500,1.000,0.000,0.000,1.000,0.0,0.00,0.000,—,1.560
trio-no-tank,10,2,pack,60,500,1.000,0.000,0.000,0.940,4.5,0.00,0.060,—,1.529
trio-no-tank,10,2,pack,180,500,1.000,0.000,0.000,0.939,4.5,0.00,0.061,—,1.529
trio-no-tank,10,2,boss,60,500,1.000,0.000,0.000,0.938,8.2,0.00,0.062,—,1.528
trio-no-tank,10,2,boss,180,500,1.000,0.000,0.000,0.939,8.2,0.00,0.061,—,1.528
trio-no-tank,10,3,solo,60,500,1.000,0.000,0.000,0.951,1.2,0.00,0.049,—,1.534
trio-no-tank,10,3,solo,180,500,1.000,0.000,0.000,0.950,1.2,0.00,0.050,—,1.534
trio-no-tank,10,3,pack,60,500,1.000,0.000,0.000,0.771,6.8,0.05,0.229,—,1.441
trio-no-tank,10,3,pack,180,500,1.000,0.000,0.000,0.768,6.8,0.07,0.232,—,1.439
trio-no-tank,10,3,boss,60,500,1.000,0.000,0.000,0.851,13.7,0.35,0.149,—,1.483
trio-no-tank,10,3,boss,180,500,1.000,0.000,0.000,0.864,13.7,0.30,0.136,—,1.489
trio-no-tank,10,4,solo,60,500,1.000,0.000,0.000,0.844,1.6,0.00,0.156,—,1.479
trio-no-tank,10,4,solo,180,500,1.000,0.000,0.000,0.844,1.6,0.00,0.156,—,1.479
trio-no-tank,10,4,pack,60,500,0.010,0.000,0.990,0.206,11.3,2.98,0.998,—,0.011
trio-no-tank,10,4,pack,180,500,0.000,0.000,1.000,—,—,3.00,1.000,—,0.000
trio-no-tank,10,4,boss,60,500,0.010,0.000,0.990,0.514,18.8,2.97,0.995,—,0.013
trio-no-tank,10,4,boss,180,500,0.016,0.000,0.984,0.565,19.0,2.96,0.991,—,0.021
trio-no-tank,10,5,solo,60,500,1.000,0.000,0.000,0.592,3.2,0.17,0.408,—,1.348
trio-no-tank,10,5,solo,180,500,1.000,0.000,0.000,0.583,3.2,0.14,0.417,—,1.343
trio-no-tank,10,5,pack,60,500,0.000,0.000,1.000,—,—,3.00,1.000,—,0.000
trio-no-tank,10,5,pack,180,500,0.000,0.000,1.000,—,—,3.00,1.000,—,0.000
trio-no-tank,10,5,boss,60,500,0.000,0.000,1.000,—,—,3.00,1.000,—,0.000
trio-no-tank,10,5,boss,180,500,0.000,0.000,1.000,—,—,3.00,1.000,—,0.000
trio-no-tank,10,6,solo,60,500,0.000,0.000,1.000,—,—,3.00,1.000,—,0.000
trio-no-tank,10,6,solo,180,500,0.000,0.000,1.000,—,—,3.00,1.000,—,0.000
trio-no-tank,10,6,pack,60,500,0.000,0.000,1.000,—,—,3.00,1.000,—,0.000
trio-no-tank,10,6,pack,180,500,0.000,0.000,1.000,—,—,3.00,1.000,—,0.000
trio-no-tank,10,6,boss,60,500,0.000,0.000,1.000,—,—,3.00,1.000,—,0.000
trio-no-tank,10,6,boss,180,500,0.000,0.000,1.000,—,—,3.00,1.000,—,0.000
trio-no-tank,10,7,solo,60,500,0.000,0.000,1.000,—,—,3.00,1.000,—,0.000
trio-no-tank,10,7,solo,180,500,0.000,0.000,1.000,—,—,3.00,1.000,—,0.000
trio-no-tank,10,7,pack,60,500,0.000,0.000,1.000,—,—,3.00,1.000,—,0.000
trio-no-tank,10,7,pack,180,500,0.000,0.000,1.000,—,—,3.00,1.000,—,0.000
trio-no-tank,10,7,boss,60,500,0.000,0.000,1.000,—,—,3.00,1.000,—,0.000
trio-no-tank,10,7,boss,180,500,0.000,0.000,1.000,—,—,3.00,1.000,—,0.000
trio-no-tank,10,8,solo,60,500,0.000,0.000,1.000,—,—,3.00,1.000,—,0.000
trio-no-tank,10,8,solo,180,500,0.000,0.000,1.000,—,—,3.00,1.000,—,0.000
trio-no-tank,10,8,pack,60,500,0.000,0.000,1.000,—,—,3.00,1.000,—,0.000
trio-no-tank,10,8,pack,180,500,0.000,0.000,1.000,—,—,3.00,1.000,—,0.000
trio-no-tank,10,8,boss,60,500,0.000,0.000,1.000,—,—,3.00,1.000,—,0.000
trio-no-tank,10,8,boss,180,500,0.000,0.000,1.000,—,—,3.00,1.000,—,0.000
trio-no-tank,20,1,solo,60,500,1.000,0.000,0.000,1.000,0.0,0.00,0.000,—,1.620
trio-no-tank,20,1,solo,180,500,1.000,0.000,0.000,1.000,0.0,0.00,0.000,—,1.620
trio-no-tank,20,1,pack,60,500,1.000,0.000,0.000,1.000,0.0,0.00,0.000,—,1.620
trio-no-tank,20,1,pack,180,500,1.000,0.000,0.000,1.000,0.0,0.00,0.000,—,1.620
trio-no-tank,20,1,boss,60,500,1.000,0.000,0.000,0.973,2.1,0.00,0.027,—,1.605
trio-no-tank,20,1,boss,180,500,1.000,0.000,0.000,0.973,2.1,0.00,0.027,—,1.605
trio-no-tank,20,2,solo,60,500,1.000,0.000,0.000,1.000,0.0,0.00,0.000,—,1.620
trio-no-tank,20,2,solo,180,500,1.000,0.000,0.000,1.000,0.0,0.00,0.000,—,1.620
trio-no-tank,20,2,pack,60,500,1.000,0.000,0.000,0.951,1.8,0.00,0.049,—,1.594
trio-no-tank,20,2,pack,180,500,1.000,0.000,0.000,0.951,1.8,0.00,0.049,—,1.593
trio-no-tank,20,2,boss,60,500,1.000,0.000,0.000,0.928,3.1,0.00,0.072,—,1.581
trio-no-tank,20,2,boss,180,500,1.000,0.000,0.000,0.930,3.1,0.00,0.070,—,1.582
trio-no-tank,20,3,solo,60,500,1.000,0.000,0.000,1.000,0.0,0.00,0.000,—,1.620
trio-no-tank,20,3,solo,180,500,1.000,0.000,0.000,1.000,0.0,0.00,0.000,—,1.620
trio-no-tank,20,3,pack,60,500,1.000,0.000,0.000,0.897,1.9,0.00,0.103,—,1.564
trio-no-tank,20,3,pack,180,500,1.000,0.000,0.000,0.896,1.9,0.00,0.104,—,1.564
trio-no-tank,20,3,boss,60,500,1.000,0.000,0.000,0.948,4.8,0.00,0.052,—,1.592
trio-no-tank,20,3,boss,180,500,1.000,0.000,0.000,0.948,4.8,0.00,0.052,—,1.592
trio-no-tank,20,4,solo,60,500,1.000,0.000,0.000,1.000,0.0,0.00,0.000,—,1.620
trio-no-tank,20,4,solo,180,500,1.000,0.000,0.000,1.000,0.0,0.00,0.000,—,1.620
trio-no-tank,20,4,pack,60,500,1.000,0.000,0.000,0.771,3.1,0.01,0.229,—,1.497
trio-no-tank,20,4,pack,180,500,1.000,0.000,0.000,0.775,3.1,0.01,0.225,—,1.498
trio-no-tank,20,4,boss,60,500,0.786,0.214,0.000,0.738,8.4,0.74,0.374,—,1.162
trio-no-tank,20,4,boss,180,500,0.712,0.288,0.000,0.746,8.3,0.84,0.365,—,1.056
trio-no-tank,20,5,solo,60,500,1.000,0.000,0.000,0.864,1.0,0.00,0.136,—,1.546
trio-no-tank,20,5,solo,180,500,1.000,0.000,0.000,0.862,1.0,0.00,0.138,—,1.545
trio-no-tank,20,5,pack,60,500,0.316,0.428,0.256,0.531,5.8,1.76,0.787,—,0.432
trio-no-tank,20,5,pack,180,500,0.360,0.000,0.640,0.520,5.9,2.10,0.813,—,0.490
trio-no-tank,20,5,boss,60,500,0.036,0.000,0.964,0.502,11.8,2.91,0.982,—,0.049
trio-no-tank,20,5,boss,180,500,0.022,0.000,0.978,0.474,12.5,2.95,0.990,—,0.029
trio-no-tank,20,6,solo,60,500,1.000,0.000,0.000,0.651,1.9,0.10,0.349,—,1.432
trio-no-tank,20,6,solo,180,500,1.000,0.000,0.000,0.650,1.9,0.09,0.350,—,1.431
trio-no-tank,20,6,pack,60,500,0.000,0.000,1.000,—,—,3.00,1.000,—,0.000
trio-no-tank,20,6,pack,180,500,0.000,0.000,1.000,—,—,3.00,1.000,—,0.000
trio-no-tank,20,6,boss,60,500,0.000,0.000,1.000,—,—,3.00,1.000,—,0.000
trio-no-tank,20,6,boss,180,500,0.000,0.000,1.000,—,—,3.00,1.000,—,0.000
trio-no-tank,20,7,solo,60,500,0.020,0.000,0.980,0.375,3.7,2.95,0.993,—,0.026
trio-no-tank,20,7,solo,180,500,0.022,0.000,0.978,0.393,3.6,2.94,0.991,—,0.028
trio-no-tank,20,7,pack,60,500,0.000,0.000,1.000,—,—,3.00,1.000,—,0.000
trio-no-tank,20,7,pack,180,500,0.000,0.000,1.000,—,—,3.00,1.000,—,0.000
trio-no-tank,20,7,boss,60,500,0.000,0.000,1.000,—,—,3.00,1.000,—,0.000
trio-no-tank,20,7,boss,180,500,0.000,0.000,1.000,—,—,3.00,1.000,—,0.000
trio-no-tank,20,8,solo,60,500,0.000,0.000,1.000,—,—,3.00,1.000,—,0.000
trio-no-tank,20,8,solo,180,500,0.000,0.000,1.000,—,—,3.00,1.000,—,0.000
trio-no-tank,20,8,pack,60,500,0.000,0.000,1.000,—,—,3.00,1.000,—,0.000
trio-no-tank,20,8,pack,180,500,0.000,0.000,1.000,—,—,3.00,1.000,—,0.000
trio-no-tank,20,8,boss,60,500,0.000,0.000,1.000,—,—,3.00,1.000,—,0.000
trio-no-tank,20,8,boss,180,500,0.000,0.000,1.000,—,—,3.00,1.000,—,0.000
trio-no-tank,35,1,solo,60,500,1.000,0.000,0.000,1.000,0.0,0.00,0.000,—,1.710
trio-no-tank,35,1,solo,180,500,1.000,0.000,0.000,1.000,0.0,0.00,0.000,—,1.710
trio-no-tank,35,1,pack,60,500,1.000,0.000,0.000,1.000,0.0,0.00,0.000,—,1.710
trio-no-tank,35,1,pack,180,500,1.000,0.000,0.000,1.000,0.0,0.00,0.000,—,1.710
trio-no-tank,35,1,boss,60,500,1.000,0.000,0.000,0.984,0.7,0.00,0.016,—,1.701
trio-no-tank,35,1,boss,180,500,1.000,0.000,0.000,0.984,0.7,0.00,0.016,—,1.701
trio-no-tank,35,2,solo,60,500,1.000,0.000,0.000,1.000,0.0,0.00,0.000,—,1.710
trio-no-tank,35,2,solo,180,500,1.000,0.000,0.000,1.000,0.0,0.00,0.000,—,1.710
trio-no-tank,35,2,pack,60,500,1.000,0.000,0.000,1.000,0.0,0.00,0.000,—,1.710
trio-no-tank,35,2,pack,180,500,1.000,0.000,0.000,1.000,0.0,0.00,0.000,—,1.710
trio-no-tank,35,2,boss,60,500,1.000,0.000,0.000,0.977,1.4,0.00,0.023,—,1.697
trio-no-tank,35,2,boss,180,500,1.000,0.000,0.000,0.977,1.4,0.00,0.023,—,1.697
trio-no-tank,35,3,solo,60,500,1.000,0.000,0.000,1.000,0.0,0.00,0.000,—,1.710
trio-no-tank,35,3,solo,180,500,1.000,0.000,0.000,1.000,0.0,0.00,0.000,—,1.710
trio-no-tank,35,3,pack,60,500,1.000,0.000,0.000,0.959,1.2,0.00,0.041,—,1.686
trio-no-tank,35,3,pack,180,500,1.000,0.000,0.000,0.958,1.2,0.00,0.042,—,1.686
trio-no-tank,35,3,boss,60,500,1.000,0.000,0.000,0.944,2.0,0.00,0.056,—,1.678
trio-no-tank,35,3,boss,180,500,1.000,0.000,0.000,0.943,2.0,0.00,0.057,—,1.678
trio-no-tank,35,4,solo,60,500,1.000,0.000,0.000,1.000,0.0,0.00,0.000,—,1.710
trio-no-tank,35,4,solo,180,500,1.000,0.000,0.000,1.000,0.0,0.00,0.000,—,1.710
trio-no-tank,35,4,pack,60,500,1.000,0.000,0.000,0.916,1.3,0.00,0.084,—,1.662
trio-no-tank,35,4,pack,180,500,1.000,0.000,0.000,0.916,1.3,0.00,0.084,—,1.662
trio-no-tank,35,4,boss,60,500,1.000,0.000,0.000,0.886,2.7,0.00,0.114,—,1.645
trio-no-tank,35,4,boss,180,500,1.000,0.000,0.000,0.885,2.7,0.00,0.115,—,1.644
trio-no-tank,35,5,solo,60,500,1.000,0.000,0.000,1.000,0.0,0.00,0.000,—,1.710
trio-no-tank,35,5,solo,180,500,1.000,0.000,0.000,1.000,0.0,0.00,0.000,—,1.710
trio-no-tank,35,5,pack,60,500,1.000,0.000,0.000,0.818,2.0,0.00,0.182,—,1.606
trio-no-tank,35,5,pack,180,500,1.000,0.000,0.000,0.818,2.0,0.00,0.182,—,1.606
trio-no-tank,35,5,boss,60,500,0.992,0.008,0.000,0.852,4.9,0.31,0.153,—,1.613
trio-no-tank,35,5,boss,180,500,0.996,0.004,0.000,0.851,4.9,0.31,0.151,—,1.619
trio-no-tank,35,6,solo,60,500,1.000,0.000,0.000,0.882,0.6,0.00,0.118,—,1.643
trio-no-tank,35,6,solo,180,500,1.000,0.000,0.000,0.883,0.6,0.00,0.117,—,1.644
trio-no-tank,35,6,pack,60,500,0.788,0.000,0.212,0.475,4.2,1.17,0.626,—,1.112
trio-no-tank,35,6,pack,180,500,0.808,0.000,0.192,0.465,4.1,1.11,0.624,—,1.135
trio-no-tank,35,6,boss,60,500,0.120,0.000,0.880,0.529,7.7,2.71,0.937,—,0.173
trio-no-tank,35,6,boss,180,500,0.134,0.000,0.866,0.529,7.6,2.70,0.929,—,0.193
trio-no-tank,35,7,solo,60,500,1.000,0.000,0.000,0.713,1.3,0.00,0.287,—,1.546
trio-no-tank,35,7,solo,180,500,1.000,0.000,0.000,0.703,1.3,0.00,0.297,—,1.541
trio-no-tank,35,7,pack,60,500,0.000,0.000,1.000,—,—,3.00,1.000,—,0.000
trio-no-tank,35,7,pack,180,500,0.000,0.000,1.000,—,—,3.00,1.000,—,0.000
trio-no-tank,35,7,boss,60,500,0.000,0.000,1.000,—,—,3.00,1.000,—,0.000
trio-no-tank,35,7,boss,180,500,0.000,0.000,1.000,—,—,3.00,1.000,—,0.000
trio-no-tank,35,8,solo,60,500,0.250,0.000,0.750,0.433,2.1,2.38,0.892,—,0.347
trio-no-tank,35,8,solo,180,500,0.246,0.000,0.754,0.456,2.1,2.37,0.888,—,0.344
trio-no-tank,35,8,pack,60,500,0.000,0.000,1.000,—,—,3.00,1.000,—,0.000
trio-no-tank,35,8,pack,180,500,0.000,0.000,1.000,—,—,3.00,1.000,—,0.000
trio-no-tank,35,8,boss,60,500,0.000,0.000,1.000,—,—,3.00,1.000,—,0.000
trio-no-tank,35,8,boss,180,500,0.000,0.000,1.000,—,—,3.00,1.000,—,0.000
trio-no-tank,50,1,solo,60,500,1.000,0.000,0.000,1.000,0.0,0.00,0.000,—,1.800
trio-no-tank,50,1,solo,180,500,1.000,0.000,0.000,1.000,0.0,0.00,0.000,—,1.800
trio-no-tank,50,1,pack,60,500,1.000,0.000,0.000,1.000,0.0,0.00,0.000,—,1.800
trio-no-tank,50,1,pack,180,500,1.000,0.000,0.000,1.000,0.0,0.00,0.000,—,1.800
trio-no-tank,50,1,boss,60,500,1.000,0.000,0.000,0.989,0.5,0.00,0.011,—,1.793
trio-no-tank,50,1,boss,180,500,1.000,0.000,0.000,0.989,0.5,0.00,0.011,—,1.793
trio-no-tank,50,2,solo,60,500,1.000,0.000,0.000,1.000,0.0,0.00,0.000,—,1.800
trio-no-tank,50,2,solo,180,500,1.000,0.000,0.000,1.000,0.0,0.00,0.000,—,1.800
trio-no-tank,50,2,pack,60,500,1.000,0.000,0.000,1.000,0.0,0.00,0.000,—,1.800
trio-no-tank,50,2,pack,180,500,1.000,0.000,0.000,1.000,0.0,0.00,0.000,—,1.800
trio-no-tank,50,2,boss,60,500,1.000,0.000,0.000,0.984,0.5,0.00,0.016,—,1.791
trio-no-tank,50,2,boss,180,500,1.000,0.000,0.000,0.984,0.5,0.00,0.016,—,1.791
trio-no-tank,50,3,solo,60,500,1.000,0.000,0.000,1.000,0.0,0.00,0.000,—,1.800
trio-no-tank,50,3,solo,180,500,1.000,0.000,0.000,1.000,0.0,0.00,0.000,—,1.800
trio-no-tank,50,3,pack,60,500,1.000,0.000,0.000,1.000,0.0,0.00,0.000,—,1.800
trio-no-tank,50,3,pack,180,500,1.000,0.000,0.000,1.000,0.0,0.00,0.000,—,1.800
trio-no-tank,50,3,boss,60,500,1.000,0.000,0.000,0.978,1.0,0.00,0.022,—,1.787
trio-no-tank,50,3,boss,180,500,1.000,0.000,0.000,0.978,1.0,0.00,0.022,—,1.787
trio-no-tank,50,4,solo,60,500,1.000,0.000,0.000,1.000,0.0,0.00,0.000,—,1.800
trio-no-tank,50,4,solo,180,500,1.000,0.000,0.000,1.000,0.0,0.00,0.000,—,1.800
trio-no-tank,50,4,pack,60,500,1.000,0.000,0.000,0.960,0.9,0.00,0.040,—,1.776
trio-no-tank,50,4,pack,180,500,1.000,0.000,0.000,0.961,0.9,0.00,0.039,—,1.776
trio-no-tank,50,4,boss,60,500,1.000,0.000,0.000,0.949,1.5,0.00,0.051,—,1.769
trio-no-tank,50,4,boss,180,500,1.000,0.000,0.000,0.948,1.5,0.00,0.052,—,1.769
trio-no-tank,50,5,solo,60,500,1.000,0.000,0.000,1.000,0.0,0.00,0.000,—,1.800
trio-no-tank,50,5,solo,180,500,1.000,0.000,0.000,1.000,0.0,0.00,0.000,—,1.800
trio-no-tank,50,5,pack,60,500,1.000,0.000,0.000,0.924,1.0,0.00,0.076,—,1.755
trio-no-tank,50,5,pack,180,500,1.000,0.000,0.000,0.923,1.0,0.00,0.077,—,1.754
trio-no-tank,50,5,boss,60,500,1.000,0.000,0.000,0.879,2.3,0.00,0.121,—,1.727
trio-no-tank,50,5,boss,180,500,1.000,0.000,0.000,0.879,2.3,0.00,0.121,—,1.727
trio-no-tank,50,6,solo,60,500,1.000,0.000,0.000,1.000,0.0,0.00,0.000,—,1.800
trio-no-tank,50,6,solo,180,500,1.000,0.000,0.000,1.000,0.0,0.00,0.000,—,1.800
trio-no-tank,50,6,pack,60,500,1.000,0.000,0.000,0.837,1.5,0.00,0.163,—,1.702
trio-no-tank,50,6,pack,180,500,1.000,0.000,0.000,0.835,1.5,0.00,0.165,—,1.701
trio-no-tank,50,6,boss,60,500,0.946,0.000,0.054,0.680,4.4,0.73,0.356,—,1.521
trio-no-tank,50,6,boss,180,500,0.930,0.000,0.070,0.690,4.4,0.73,0.358,—,1.501
trio-no-tank,50,7,solo,60,500,1.000,0.000,0.000,0.888,0.5,0.00,0.112,—,1.733
trio-no-tank,50,7,solo,180,500,1.000,0.000,0.000,0.889,0.5,0.00,0.111,—,1.733
trio-no-tank,50,7,pack,60,500,0.908,0.000,0.092,0.390,3.0,0.61,0.646,—,1.302
trio-no-tank,50,7,pack,180,500,0.886,0.000,0.114,0.394,3.0,0.68,0.651,—,1.272
trio-no-tank,50,7,boss,60,500,0.034,0.000,0.966,0.589,6.0,2.91,0.980,—,0.053
trio-no-tank,50,7,boss,180,500,0.046,0.000,0.954,0.552,6.3,2.89,0.975,—,0.070
trio-no-tank,50,8,solo,60,500,1.000,0.000,0.000,0.737,1.0,0.00,0.263,—,1.642
trio-no-tank,50,8,solo,180,500,1.000,0.000,0.000,0.739,1.0,0.00,0.261,—,1.644
trio-no-tank,50,8,pack,60,500,0.000,0.000,1.000,—,—,3.00,1.000,—,0.000
trio-no-tank,50,8,pack,180,500,0.000,0.000,1.000,—,—,3.00,1.000,—,0.000
trio-no-tank,50,8,boss,60,500,0.000,0.000,1.000,—,—,3.00,1.000,—,0.000
trio-no-tank,50,8,boss,180,500,0.000,0.000,1.000,—,—,3.00,1.000,—,0.000
trio-casters,1,1,solo,60,500,1.000,0.000,0.000,0.881,5.0,0.00,0.119,—,1.446
trio-casters,1,1,solo,180,500,1.000,0.000,0.000,0.881,5.0,0.00,0.119,—,1.446
trio-casters,1,1,pack,60,500,0.000,0.000,1.000,—,—,3.00,1.000,—,0.000
trio-casters,1,1,pack,180,500,0.000,0.000,1.000,—,—,3.00,1.000,—,0.000
trio-casters,1,1,boss,60,500,0.000,1.000,0.000,—,—,1.00,0.470,—,0.000
trio-casters,1,1,boss,180,500,0.000,1.000,0.000,—,—,2.00,0.677,—,0.000
trio-casters,1,2,solo,60,500,1.000,0.000,0.000,0.718,10.0,1.00,0.282,—,1.364
trio-casters,1,2,solo,180,500,1.000,0.000,0.000,0.718,10.0,1.00,0.282,—,1.364
trio-casters,1,2,pack,60,500,0.000,0.000,1.000,—,—,3.00,1.000,—,0.000
trio-casters,1,2,pack,180,500,0.000,0.000,1.000,—,—,3.00,1.000,—,0.000
trio-casters,1,2,boss,60,500,0.000,0.000,1.000,—,—,3.00,1.000,—,0.000
trio-casters,1,2,boss,180,500,0.000,0.000,1.000,—,—,3.00,1.000,—,0.000
trio-casters,1,3,solo,60,500,0.000,0.000,1.000,—,—,3.00,1.000,—,0.000
trio-casters,1,3,solo,180,500,0.000,0.000,1.000,—,—,3.00,1.000,—,0.000
trio-casters,1,3,pack,60,500,0.000,0.000,1.000,—,—,3.00,1.000,—,0.000
trio-casters,1,3,pack,180,500,0.000,0.000,1.000,—,—,3.00,1.000,—,0.000
trio-casters,1,3,boss,60,500,0.000,0.000,1.000,—,—,3.00,1.000,—,0.000
trio-casters,1,3,boss,180,500,0.000,0.000,1.000,—,—,3.00,1.000,—,0.000
trio-casters,1,4,solo,60,500,0.000,0.000,1.000,—,—,3.00,1.000,—,0.000
trio-casters,1,4,solo,180,500,0.000,0.000,1.000,—,—,3.00,1.000,—,0.000
trio-casters,1,4,pack,60,500,0.000,0.000,1.000,—,—,3.00,1.000,—,0.000
trio-casters,1,4,pack,180,500,0.000,0.000,1.000,—,—,3.00,1.000,—,0.000
trio-casters,1,4,boss,60,500,0.000,0.000,1.000,—,—,3.00,1.000,—,0.000
trio-casters,1,4,boss,180,500,0.000,0.000,1.000,—,—,3.00,1.000,—,0.000
trio-casters,1,5,solo,60,500,0.000,0.000,1.000,—,—,3.00,1.000,—,0.000
trio-casters,1,5,solo,180,500,0.000,0.000,1.000,—,—,3.00,1.000,—,0.000
trio-casters,1,5,pack,60,500,0.000,0.000,1.000,—,—,3.00,1.000,—,0.000
trio-casters,1,5,pack,180,500,0.000,0.000,1.000,—,—,3.00,1.000,—,0.000
trio-casters,1,5,boss,60,500,0.000,0.000,1.000,—,—,3.00,1.000,—,0.000
trio-casters,1,5,boss,180,500,0.000,0.000,1.000,—,—,3.00,1.000,—,0.000
trio-casters,1,6,solo,60,500,0.000,0.000,1.000,—,—,3.00,1.000,—,0.000
trio-casters,1,6,solo,180,500,0.000,0.000,1.000,—,—,3.00,1.000,—,0.000
trio-casters,1,6,pack,60,500,0.000,0.000,1.000,—,—,3.00,1.000,—,0.000
trio-casters,1,6,pack,180,500,0.000,0.000,1.000,—,—,3.00,1.000,—,0.000
trio-casters,1,6,boss,60,500,0.000,0.000,1.000,—,—,3.00,1.000,—,0.000
trio-casters,1,6,boss,180,500,0.000,0.000,1.000,—,—,3.00,1.000,—,0.000
trio-casters,1,7,solo,60,500,0.000,0.000,1.000,—,—,3.00,1.000,—,0.000
trio-casters,1,7,solo,180,500,0.000,0.000,1.000,—,—,3.00,1.000,—,0.000
trio-casters,1,7,pack,60,500,0.000,0.000,1.000,—,—,3.00,1.000,—,0.000
trio-casters,1,7,pack,180,500,0.000,0.000,1.000,—,—,3.00,1.000,—,0.000
trio-casters,1,7,boss,60,500,0.000,0.000,1.000,—,—,3.00,1.000,—,0.000
trio-casters,1,7,boss,180,500,0.000,0.000,1.000,—,—,3.00,1.000,—,0.000
trio-casters,1,8,solo,60,500,0.000,0.000,1.000,—,—,3.00,1.000,—,0.000
trio-casters,1,8,solo,180,500,0.000,0.000,1.000,—,—,3.00,1.000,—,0.000
trio-casters,1,8,pack,60,500,0.000,0.000,1.000,—,—,3.00,1.000,—,0.000
trio-casters,1,8,pack,180,500,0.000,0.000,1.000,—,—,3.00,1.000,—,0.000
trio-casters,1,8,boss,60,500,0.000,0.000,1.000,—,—,3.00,1.000,—,0.000
trio-casters,1,8,boss,180,500,0.000,0.000,1.000,—,—,3.00,1.000,—,0.000
trio-casters,5,1,solo,60,500,1.000,0.000,0.000,0.954,2.6,0.00,0.046,—,1.506
trio-casters,5,1,solo,180,500,1.000,0.000,0.000,0.954,2.6,0.00,0.046,—,1.506
trio-casters,5,1,pack,60,500,1.000,0.000,0.000,0.917,13.1,0.00,0.083,—,1.488
trio-casters,5,1,pack,180,500,1.000,0.000,0.000,0.917,13.1,0.00,0.083,—,1.488
trio-casters,5,1,boss,60,500,1.000,0.000,0.000,0.930,23.6,0.00,0.070,—,1.494
trio-casters,5,1,boss,180,500,1.000,0.000,0.000,0.930,23.6,0.00,0.070,—,1.494
trio-casters,5,2,solo,60,500,1.000,0.000,0.000,0.803,5.0,0.00,0.197,—,1.429
trio-casters,5,2,solo,180,500,1.000,0.000,0.000,0.803,5.0,0.00,0.197,—,1.429
trio-casters,5,2,pack,60,500,0.000,0.000,1.000,—,—,3.00,1.000,—,0.000
trio-casters,5,2,pack,180,500,0.000,0.000,1.000,—,—,3.00,1.000,—,0.000
trio-casters,5,2,boss,60,500,0.000,1.000,0.000,—,—,2.00,0.667,—,0.000
trio-casters,5,2,boss,180,500,0.000,0.000,1.000,—,—,3.00,1.000,—,0.000
trio-casters,5,3,solo,60,500,1.000,0.000,0.000,0.443,10.0,1.00,0.557,—,1.246
trio-casters,5,3,solo,180,500,1.000,0.000,0.000,0.443,10.0,1.00,0.557,—,1.246
trio-casters,5,3,pack,60,500,0.000,0.000,1.000,—,—,3.00,1.000,—,0.000
trio-casters,5,3,pack,180,500,0.000,0.000,1.000,—,—,3.00,1.000,—,0.000
trio-casters,5,3,boss,60,500,0.000,0.000,1.000,—,—,3.00,1.000,—,0.000
trio-casters,5,3,boss,180,500,0.000,0.000,1.000,—,—,3.00,1.000,—,0.000
trio-casters,5,4,solo,60,500,0.000,0.000,1.000,—,—,3.00,1.000,—,0.000
trio-casters,5,4,solo,180,500,0.000,0.000,1.000,—,—,3.00,1.000,—,0.000
trio-casters,5,4,pack,60,500,0.000,0.000,1.000,—,—,3.00,1.000,—,0.000
trio-casters,5,4,pack,180,500,0.000,0.000,1.000,—,—,3.00,1.000,—,0.000
trio-casters,5,4,boss,60,500,0.000,0.000,1.000,—,—,3.00,1.000,—,0.000
trio-casters,5,4,boss,180,500,0.000,0.000,1.000,—,—,3.00,1.000,—,0.000
trio-casters,5,5,solo,60,500,0.000,0.000,1.000,—,—,3.00,1.000,—,0.000
trio-casters,5,5,solo,180,500,0.000,0.000,1.000,—,—,3.00,1.000,—,0.000
trio-casters,5,5,pack,60,500,0.000,0.000,1.000,—,—,3.00,1.000,—,0.000
trio-casters,5,5,pack,180,500,0.000,0.000,1.000,—,—,3.00,1.000,—,0.000
trio-casters,5,5,boss,60,500,0.000,0.000,1.000,—,—,3.00,1.000,—,0.000
trio-casters,5,5,boss,180,500,0.000,0.000,1.000,—,—,3.00,1.000,—,0.000
trio-casters,5,6,solo,60,500,0.000,0.000,1.000,—,—,3.00,1.000,—,0.000
trio-casters,5,6,solo,180,500,0.000,0.000,1.000,—,—,3.00,1.000,—,0.000
trio-casters,5,6,pack,60,500,0.000,0.000,1.000,—,—,3.00,1.000,—,0.000
trio-casters,5,6,pack,180,500,0.000,0.000,1.000,—,—,3.00,1.000,—,0.000
trio-casters,5,6,boss,60,500,0.000,0.000,1.000,—,—,3.00,1.000,—,0.000
trio-casters,5,6,boss,180,500,0.000,0.000,1.000,—,—,3.00,1.000,—,0.000
trio-casters,5,7,solo,60,500,0.000,0.000,1.000,—,—,3.00,1.000,—,0.000
trio-casters,5,7,solo,180,500,0.000,0.000,1.000,—,—,3.00,1.000,—,0.000
trio-casters,5,7,pack,60,500,0.000,0.000,1.000,—,—,3.00,1.000,—,0.000
trio-casters,5,7,pack,180,500,0.000,0.000,1.000,—,—,3.00,1.000,—,0.000
trio-casters,5,7,boss,60,500,0.000,0.000,1.000,—,—,3.00,1.000,—,0.000
trio-casters,5,7,boss,180,500,0.000,0.000,1.000,—,—,3.00,1.000,—,0.000
trio-casters,5,8,solo,60,500,0.000,0.000,1.000,—,—,3.00,1.000,—,0.000
trio-casters,5,8,solo,180,500,0.000,0.000,1.000,—,—,3.00,1.000,—,0.000
trio-casters,5,8,pack,60,500,0.000,0.000,1.000,—,—,3.00,1.000,—,0.000
trio-casters,5,8,pack,180,500,0.000,0.000,1.000,—,—,3.00,1.000,—,0.000
trio-casters,5,8,boss,60,500,0.000,0.000,1.000,—,—,3.00,1.000,—,0.000
trio-casters,5,8,boss,180,500,0.000,0.000,1.000,—,—,3.00,1.000,—,0.000
trio-casters,10,1,solo,60,500,1.000,0.000,0.000,1.000,0.0,0.00,0.000,—,1.560
trio-casters,10,1,solo,180,500,1.000,0.000,0.000,1.000,0.0,0.00,0.000,—,1.560
trio-casters,10,1,pack,60,500,1.000,0.000,0.000,1.000,5.4,0.00,0.000,—,1.560
trio-casters,10,1,pack,180,500,1.000,0.000,0.000,1.000,5.4,0.00,0.000,—,1.560
trio-casters,10,1,boss,60,500,1.000,0.000,0.000,1.000,10.8,0.00,0.000,—,1.560
trio-casters,10,1,boss,180,500,1.000,0.000,0.000,1.000,10.8,0.00,0.000,—,1.560
trio-casters,10,2,solo,60,500,1.000,0.000,0.000,1.000,0.0,0.00,0.000,—,1.560
trio-casters,10,2,solo,180,500,1.000,0.000,0.000,1.000,0.0,0.00,0.000,—,1.560
trio-casters,10,2,pack,60,500,1.000,0.000,0.000,0.565,15.0,1.00,0.435,—,1.334
trio-casters,10,2,pack,180,500,1.000,0.000,0.000,0.565,15.0,1.00,0.435,—,1.334
trio-casters,10,2,boss,60,500,1.000,0.000,0.000,0.966,16.2,0.00,0.034,—,1.542
trio-casters,10,2,boss,180,500,1.000,0.000,0.000,0.966,16.2,0.00,0.034,—,1.542
trio-casters,10,3,solo,60,500,1.000,0.000,0.000,0.855,1.8,0.00,0.145,—,1.485
trio-casters,10,3,solo,180,500,1.000,0.000,0.000,0.855,1.8,0.00,0.145,—,1.485
trio-casters,10,3,pack,60,500,0.000,0.000,1.000,—,—,3.00,1.000,—,0.000
trio-casters,10,3,pack,180,500,0.000,0.000,1.000,—,—,3.00,1.000,—,0.000
trio-casters,10,3,boss,60,500,0.000,0.000,1.000,—,—,3.00,1.000,—,0.000
trio-casters,10,3,boss,180,500,0.000,0.000,1.000,—,—,3.00,1.000,—,0.000
trio-casters,10,4,solo,60,500,0.000,0.000,1.000,—,—,3.00,1.000,—,0.000
trio-casters,10,4,solo,180,500,0.000,0.000,1.000,—,—,3.00,1.000,—,0.000
trio-casters,10,4,pack,60,500,0.000,0.000,1.000,—,—,3.00,1.000,—,0.000
trio-casters,10,4,pack,180,500,0.000,0.000,1.000,—,—,3.00,1.000,—,0.000
trio-casters,10,4,boss,60,500,0.000,0.000,1.000,—,—,3.00,1.000,—,0.000
trio-casters,10,4,boss,180,500,0.000,0.000,1.000,—,—,3.00,1.000,—,0.000
trio-casters,10,5,solo,60,500,0.000,0.000,1.000,—,—,3.00,1.000,—,0.000
trio-casters,10,5,solo,180,500,0.000,0.000,1.000,—,—,3.00,1.000,—,0.000
trio-casters,10,5,pack,60,500,0.000,0.000,1.000,—,—,3.00,1.000,—,0.000
trio-casters,10,5,pack,180,500,0.000,0.000,1.000,—,—,3.00,1.000,—,0.000
trio-casters,10,5,boss,60,500,0.000,0.000,1.000,—,—,3.00,1.000,—,0.000
trio-casters,10,5,boss,180,500,0.000,0.000,1.000,—,—,3.00,1.000,—,0.000
trio-casters,10,6,solo,60,500,0.000,0.000,1.000,—,—,3.00,1.000,—,0.000
trio-casters,10,6,solo,180,500,0.000,0.000,1.000,—,—,3.00,1.000,—,0.000
trio-casters,10,6,pack,60,500,0.000,0.000,1.000,—,—,3.00,1.000,—,0.000
trio-casters,10,6,pack,180,500,0.000,0.000,1.000,—,—,3.00,1.000,—,0.000
trio-casters,10,6,boss,60,500,0.000,0.000,1.000,—,—,3.00,1.000,—,0.000
trio-casters,10,6,boss,180,500,0.000,0.000,1.000,—,—,3.00,1.000,—,0.000
trio-casters,10,7,solo,60,500,0.000,0.000,1.000,—,—,3.00,1.000,—,0.000
trio-casters,10,7,solo,180,500,0.000,0.000,1.000,—,—,3.00,1.000,—,0.000
trio-casters,10,7,pack,60,500,0.000,0.000,1.000,—,—,3.00,1.000,—,0.000
trio-casters,10,7,pack,180,500,0.000,0.000,1.000,—,—,3.00,1.000,—,0.000
trio-casters,10,7,boss,60,500,0.000,0.000,1.000,—,—,3.00,1.000,—,0.000
trio-casters,10,7,boss,180,500,0.000,0.000,1.000,—,—,3.00,1.000,—,0.000
trio-casters,10,8,solo,60,500,0.000,0.000,1.000,—,—,3.00,1.000,—,0.000
trio-casters,10,8,solo,180,500,0.000,0.000,1.000,—,—,3.00,1.000,—,0.000
trio-casters,10,8,pack,60,500,0.000,0.000,1.000,—,—,3.00,1.000,—,0.000
trio-casters,10,8,pack,180,500,0.000,0.000,1.000,—,—,3.00,1.000,—,0.000
trio-casters,10,8,boss,60,500,0.000,0.000,1.000,—,—,3.00,1.000,—,0.000
trio-casters,10,8,boss,180,500,0.000,0.000,1.000,—,—,3.00,1.000,—,0.000
trio-casters,20,1,solo,60,500,1.000,0.000,0.000,1.000,0.0,0.00,0.000,—,1.620
trio-casters,20,1,solo,180,500,1.000,0.000,0.000,1.000,0.0,0.00,0.000,—,1.620
trio-casters,20,1,pack,60,500,1.000,0.000,0.000,0.975,1.1,0.00,0.025,—,1.606
trio-casters,20,1,pack,180,500,1.000,0.000,0.000,0.975,1.1,0.00,0.025,—,1.606
trio-casters,20,1,boss,60,500,1.000,0.000,0.000,0.924,5.0,0.00,0.076,—,1.579
trio-casters,20,1,boss,180,500,1.000,0.000,0.000,0.924,5.0,0.00,0.076,—,1.579
trio-casters,20,2,solo,60,500,1.000,0.000,0.000,1.000,0.0,0.00,0.000,—,1.620
trio-casters,20,2,solo,180,500,1.000,0.000,0.000,1.000,0.0,0.00,0.000,—,1.620
trio-casters,20,2,pack,60,500,1.000,0.000,0.000,0.893,3.3,0.00,0.107,—,1.562
trio-casters,20,2,pack,180,500,1.000,0.000,0.000,0.893,3.3,0.00,0.107,—,1.562
trio-casters,20,2,boss,60,500,1.000,0.000,0.000,0.947,6.7,0.00,0.053,—,1.592
trio-casters,20,2,boss,180,500,1.000,0.000,0.000,0.947,6.7,0.00,0.053,—,1.592
trio-casters,20,3,solo,60,500,1.000,0.000,0.000,1.000,0.0,0.00,0.000,—,1.620
trio-casters,20,3,solo,180,500,1.000,0.000,0.000,1.000,0.0,0.00,0.000,—,1.620
trio-casters,20,3,pack,60,500,1.000,0.000,0.000,0.747,4.4,0.00,0.253,—,1.484
trio-casters,20,3,pack,180,500,1.000,0.000,0.000,0.747,4.4,0.00,0.253,—,1.484
trio-casters,20,3,boss,60,500,1.000,0.000,0.000,0.425,25.0,1.00,0.575,—,1.310
trio-casters,20,3,boss,180,500,1.000,0.000,0.000,0.425,25.0,1.00,0.575,—,1.310
trio-casters,20,4,solo,60,500,1.000,0.000,0.000,0.931,1.1,0.00,0.069,—,1.582
trio-casters,20,4,solo,180,500,1.000,0.000,0.000,0.931,1.1,0.00,0.069,—,1.582
trio-casters,20,4,pack,60,500,0.000,0.000,1.000,—,—,3.00,1.000,—,0.000
trio-casters,20,4,pack,180,500,0.000,0.000,1.000,—,—,3.00,1.000,—,0.000
trio-casters,20,4,boss,60,500,0.000,0.000,1.000,—,—,3.00,1.000,—,0.000
trio-casters,20,4,boss,180,500,0.000,0.000,1.000,—,—,3.00,1.000,—,0.000
trio-casters,20,5,solo,60,500,1.000,0.000,0.000,0.421,5.0,2.00,0.579,—,1.307
trio-casters,20,5,solo,180,500,1.000,0.000,0.000,0.421,5.0,2.00,0.579,—,1.307
trio-casters,20,5,pack,60,500,0.000,0.000,1.000,—,—,3.00,1.000,—,0.000
trio-casters,20,5,pack,180,500,0.000,0.000,1.000,—,—,3.00,1.000,—,0.000
trio-casters,20,5,boss,60,500,0.000,0.000,1.000,—,—,3.00,1.000,—,0.000
trio-casters,20,5,boss,180,500,0.000,0.000,1.000,—,—,3.00,1.000,—,0.000
trio-casters,20,6,solo,60,500,0.000,0.000,1.000,—,—,3.00,1.000,—,0.000
trio-casters,20,6,solo,180,500,0.000,0.000,1.000,—,—,3.00,1.000,—,0.000
trio-casters,20,6,pack,60,500,0.000,0.000,1.000,—,—,3.00,1.000,—,0.000
trio-casters,20,6,pack,180,500,0.000,0.000,1.000,—,—,3.00,1.000,—,0.000
trio-casters,20,6,boss,60,500,0.000,0.000,1.000,—,—,3.00,1.000,—,0.000
trio-casters,20,6,boss,180,500,0.000,0.000,1.000,—,—,3.00,1.000,—,0.000
trio-casters,20,7,solo,60,500,0.000,0.000,1.000,—,—,3.00,1.000,—,0.000
trio-casters,20,7,solo,180,500,0.000,0.000,1.000,—,—,3.00,1.000,—,0.000
trio-casters,20,7,pack,60,500,0.000,0.000,1.000,—,—,3.00,1.000,—,0.000
trio-casters,20,7,pack,180,500,0.000,0.000,1.000,—,—,3.00,1.000,—,0.000
trio-casters,20,7,boss,60,500,0.000,0.000,1.000,—,—,3.00,1.000,—,0.000
trio-casters,20,7,boss,180,500,0.000,0.000,1.000,—,—,3.00,1.000,—,0.000
trio-casters,20,8,solo,60,500,0.000,0.000,1.000,—,—,3.00,1.000,—,0.000
trio-casters,20,8,solo,180,500,0.000,0.000,1.000,—,—,3.00,1.000,—,0.000
trio-casters,20,8,pack,60,500,0.000,0.000,1.000,—,—,3.00,1.000,—,0.000
trio-casters,20,8,pack,180,500,0.000,0.000,1.000,—,—,3.00,1.000,—,0.000
trio-casters,20,8,boss,60,500,0.000,0.000,1.000,—,—,3.00,1.000,—,0.000
trio-casters,20,8,boss,180,500,0.000,0.000,1.000,—,—,3.00,1.000,—,0.000
trio-casters,35,1,solo,60,500,1.000,0.000,0.000,1.000,0.0,0.00,0.000,—,1.710
trio-casters,35,1,solo,180,500,1.000,0.000,0.000,1.000,0.0,0.00,0.000,—,1.710
trio-casters,35,1,pack,60,500,1.000,0.000,0.000,0.983,0.7,0.00,0.017,—,1.700
trio-casters,35,1,pack,180,500,1.000,0.000,0.000,0.983,0.7,0.00,0.017,—,1.700
trio-casters,35,1,boss,60,500,1.000,0.000,0.000,0.974,2.1,0.00,0.026,—,1.695
trio-casters,35,1,boss,180,500,1.000,0.000,0.000,0.974,2.1,0.00,0.026,—,1.695
trio-casters,35,2,solo,60,500,1.000,0.000,0.000,1.000,0.0,0.00,0.000,—,1.710
trio-casters,35,2,solo,180,500,1.000,0.000,0.000,1.000,0.0,0.00,0.000,—,1.710
trio-casters,35,2,pack,60,500,1.000,0.000,0.000,0.975,0.7,0.00,0.025,—,1.696
trio-casters,35,2,pack,180,500,1.000,0.000,0.000,0.975,0.7,0.00,0.025,—,1.696
trio-casters,35,2,boss,60,500,1.000,0.000,0.000,0.928,2.8,0.00,0.072,—,1.669
trio-casters,35,2,boss,180,500,1.000,0.000,0.000,0.928,2.8,0.00,0.072,—,1.669
trio-casters,35,3,solo,60,500,1.000,0.000,0.000,1.000,0.0,0.00,0.000,—,1.710
trio-casters,35,3,solo,180,500,1.000,0.000,0.000,1.000,0.0,0.00,0.000,—,1.710
trio-casters,35,3,pack,60,500,1.000,0.000,0.000,0.896,2.1,0.00,0.104,—,1.651
trio-casters,35,3,pack,180,500,1.000,0.000,0.000,0.896,2.1,0.00,0.104,—,1.651
trio-casters,35,3,boss,60,500,1.000,0.000,0.000,0.848,4.2,0.00,0.152,—,1.623
trio-casters,35,3,boss,180,500,1.000,0.000,0.000,0.848,4.2,0.00,0.152,—,1.623
trio-casters,35,4,solo,60,500,1.000,0.000,0.000,1.000,0.0,0.00,0.000,—,1.710
trio-casters,35,4,solo,180,500,1.000,0.000,0.000,1.000,0.0,0.00,0.000,—,1.710
trio-casters,35,4,pack,60,500,1.000,0.000,0.000,0.761,2.8,0.00,0.239,—,1.574
trio-casters,35,4,pack,180,500,1.000,0.000,0.000,0.761,2.8,0.00,0.239,—,1.574
trio-casters,35,4,boss,60,500,0.000,1.000,0.000,—,—,2.00,0.636,—,0.000
trio-casters,35,4,boss,180,500,0.000,0.000,1.000,—,—,3.00,1.000,—,0.000
trio-casters,35,5,solo,60,500,1.000,0.000,0.000,1.000,0.0,0.00,0.000,—,1.710
trio-casters,35,5,solo,180,500,1.000,0.000,0.000,1.000,0.0,0.00,0.000,—,1.710
trio-casters,35,5,pack,60,500,0.000,0.000,1.000,—,—,3.00,1.000,—,0.000
trio-casters,35,5,pack,180,500,0.000,0.000,1.000,—,—,3.00,1.000,—,0.000
trio-casters,35,5,boss,60,500,0.000,0.000,1.000,—,—,3.00,1.000,—,0.000
trio-casters,35,5,boss,180,500,0.000,0.000,1.000,—,—,3.00,1.000,—,0.000
trio-casters,35,6,solo,60,500,1.000,0.000,0.000,0.812,0.7,0.00,0.188,—,1.603
trio-casters,35,6,solo,180,500,1.000,0.000,0.000,0.812,0.7,0.00,0.188,—,1.603
trio-casters,35,6,pack,60,500,0.000,0.000,1.000,—,—,3.00,1.000,—,0.000
trio-casters,35,6,pack,180,500,0.000,0.000,1.000,—,—,3.00,1.000,—,0.000
trio-casters,35,6,boss,60,500,0.000,0.000,1.000,—,—,3.00,1.000,—,0.000
trio-casters,35,6,boss,180,500,0.000,0.000,1.000,—,—,3.00,1.000,—,0.000
trio-casters,35,7,solo,60,500,0.000,0.000,1.000,—,—,3.00,1.000,—,0.000
trio-casters,35,7,solo,180,500,0.000,0.000,1.000,—,—,3.00,1.000,—,0.000
trio-casters,35,7,pack,60,500,0.000,0.000,1.000,—,—,3.00,1.000,—,0.000
trio-casters,35,7,pack,180,500,0.000,0.000,1.000,—,—,3.00,1.000,—,0.000
trio-casters,35,7,boss,60,500,0.000,0.000,1.000,—,—,3.00,1.000,—,0.000
trio-casters,35,7,boss,180,500,0.000,0.000,1.000,—,—,3.00,1.000,—,0.000
trio-casters,35,8,solo,60,500,0.000,0.000,1.000,—,—,3.00,1.000,—,0.000
trio-casters,35,8,solo,180,500,0.000,0.000,1.000,—,—,3.00,1.000,—,0.000
trio-casters,35,8,pack,60,500,0.000,0.000,1.000,—,—,3.00,1.000,—,0.000
trio-casters,35,8,pack,180,500,0.000,0.000,1.000,—,—,3.00,1.000,—,0.000
trio-casters,35,8,boss,60,500,0.000,0.000,1.000,—,—,3.00,1.000,—,0.000
trio-casters,35,8,boss,180,500,0.000,0.000,1.000,—,—,3.00,1.000,—,0.000
trio-casters,50,1,solo,60,500,1.000,0.000,0.000,1.000,0.0,0.00,0.000,—,1.800
trio-casters,50,1,solo,180,500,1.000,0.000,0.000,1.000,0.0,0.00,0.000,—,1.800
trio-casters,50,1,pack,60,500,1.000,0.000,0.000,0.987,0.5,0.00,0.013,—,1.792
trio-casters,50,1,pack,180,500,1.000,0.000,0.000,0.987,0.5,0.00,0.013,—,1.792
trio-casters,50,1,boss,60,500,1.000,0.000,0.000,0.980,1.0,0.00,0.020,—,1.788
trio-casters,50,1,boss,180,500,1.000,0.000,0.000,0.980,1.0,0.00,0.020,—,1.788
trio-casters,50,2,solo,60,500,1.000,0.000,0.000,1.000,0.0,0.00,0.000,—,1.800
trio-casters,50,2,solo,180,500,1.000,0.000,0.000,1.000,0.0,0.00,0.000,—,1.800
trio-casters,50,2,pack,60,500,1.000,0.000,0.000,0.981,0.5,0.00,0.019,—,1.789
trio-casters,50,2,pack,180,500,1.000,0.000,0.000,0.981,0.5,0.00,0.019,—,1.789
trio-casters,50,2,boss,60,500,1.000,0.000,0.000,0.972,1.5,0.00,0.028,—,1.783
trio-casters,50,2,boss,180,500,1.000,0.000,0.000,0.972,1.5,0.00,0.028,—,1.783
trio-casters,50,3,solo,60,500,1.000,0.000,0.000,1.000,0.0,0.00,0.000,—,1.800
trio-casters,50,3,solo,180,500,1.000,0.000,0.000,1.000,0.0,0.00,0.000,—,1.800
trio-casters,50,3,pack,60,500,1.000,0.000,0.000,0.974,0.5,0.00,0.026,—,1.784
trio-casters,50,3,pack,180,500,1.000,0.000,0.000,0.974,0.5,0.00,0.026,—,1.784
trio-casters,50,3,boss,60,500,1.000,0.000,0.000,0.923,2.1,0.00,0.077,—,1.754
trio-casters,50,3,boss,180,500,1.000,0.000,0.000,0.923,2.1,0.00,0.077,—,1.754
trio-casters,50,4,solo,60,500,1.000,0.000,0.000,1.000,0.0,0.00,0.000,—,1.800
trio-casters,50,4,solo,180,500,1.000,0.000,0.000,1.000,0.0,0.00,0.000,—,1.800
trio-casters,50,4,pack,60,500,1.000,0.000,0.000,0.891,1.5,0.00,0.109,—,1.735
trio-casters,50,4,pack,180,500,1.000,0.000,0.000,0.891,1.5,0.00,0.109,—,1.735
trio-casters,50,4,boss,60,500,1.000,0.000,0.000,0.838,3.1,0.00,0.162,—,1.703
trio-casters,50,4,boss,180,500,1.000,0.000,0.000,0.838,3.1,0.00,0.162,—,1.703
trio-casters,50,5,solo,60,500,1.000,0.000,0.000,1.000,0.0,0.00,0.000,—,1.800
trio-casters,50,5,solo,180,500,1.000,0.000,0.000,1.000,0.0,0.00,0.000,—,1.800
trio-casters,50,5,pack,60,500,1.000,0.000,0.000,0.747,2.1,0.00,0.253,—,1.648
trio-casters,50,5,pack,180,500,1.000,0.000,0.000,0.747,2.1,0.00,0.253,—,1.648
trio-casters,50,5,boss,60,500,0.000,0.000,1.000,—,—,3.00,1.000,—,0.000
trio-casters,50,5,boss,180,500,0.000,0.000,1.000,—,—,3.00,1.000,—,0.000
trio-casters,50,6,solo,60,500,1.000,0.000,0.000,1.000,0.0,0.00,0.000,—,1.800
trio-casters,50,6,solo,180,500,1.000,0.000,0.000,1.000,0.0,0.00,0.000,—,1.800
trio-casters,50,6,pack,60,500,0.000,0.000,1.000,—,—,3.00,1.000,—,0.000
trio-casters,50,6,pack,180,500,0.000,0.000,1.000,—,—,3.00,1.000,—,0.000
trio-casters,50,6,boss,60,500,0.000,0.000,1.000,—,—,3.00,1.000,—,0.000
trio-casters,50,6,boss,180,500,0.000,0.000,1.000,—,—,3.00,1.000,—,0.000
trio-casters,50,7,solo,60,500,1.000,0.000,0.000,0.802,0.5,0.00,0.198,—,1.681
trio-casters,50,7,solo,180,500,1.000,0.000,0.000,0.802,0.5,0.00,0.198,—,1.681
trio-casters,50,7,pack,60,500,0.000,0.000,1.000,—,—,3.00,1.000,—,0.000
trio-casters,50,7,pack,180,500,0.000,0.000,1.000,—,—,3.00,1.000,—,0.000
trio-casters,50,7,boss,60,500,0.000,0.000,1.000,—,—,3.00,1.000,—,0.000
trio-casters,50,7,boss,180,500,0.000,0.000,1.000,—,—,3.00,1.000,—,0.000
trio-casters,50,8,solo,60,500,0.000,0.000,1.000,—,—,3.00,1.000,—,0.000
trio-casters,50,8,solo,180,500,0.000,0.000,1.000,—,—,3.00,1.000,—,0.000
trio-casters,50,8,pack,60,500,0.000,0.000,1.000,—,—,3.00,1.000,—,0.000
trio-casters,50,8,pack,180,500,0.000,0.000,1.000,—,—,3.00,1.000,—,0.000
trio-casters,50,8,boss,60,500,0.000,0.000,1.000,—,—,3.00,1.000,—,0.000
trio-casters,50,8,boss,180,500,0.000,0.000,1.000,—,—,3.00,1.000,—,0.000
trio-double-tank,1,1,solo,60,500,1.000,0.000,0.000,1.000,6.0,0.00,0.000,1.000,1.506
trio-double-tank,1,1,solo,180,500,1.000,0.000,0.000,1.000,6.0,0.00,0.000,1.000,1.506
trio-double-tank,1,1,pack,60,500,1.000,0.000,0.000,0.978,34.9,0.00,0.022,1.000,1.495
trio-double-tank,1,1,pack,180,500,1.000,0.000,0.000,0.978,34.9,0.00,0.022,1.000,1.495
trio-double-tank,1,1,boss,60,500,0.002,0.998,0.000,0.960,60.0,0.00,0.081,1.000,0.003
trio-double-tank,1,1,boss,180,500,1.000,0.000,0.000,0.975,68.8,0.00,0.025,1.000,1.493
trio-double-tank,1,2,solo,60,500,1.000,0.000,0.000,0.919,12.0,0.00,0.081,1.000,1.465
trio-double-tank,1,2,solo,180,500,1.000,0.000,0.000,0.920,12.0,0.00,0.080,1.000,1.466
trio-double-tank,1,2,pack,60,500,0.000,0.002,0.998,—,—,3.00,0.999,0.765,0.000
trio-double-tank,1,2,pack,180,500,0.004,0.000,0.996,0.645,64.0,2.99,0.997,0.765,0.005
trio-double-tank,1,2,boss,60,500,0.000,1.000,0.000,—,—,0.28,0.379,1.000,0.000
trio-double-tank,1,2,boss,180,500,0.444,0.000,0.556,0.515,118.0,2.02,0.772,0.900,0.560
trio-double-tank,1,3,solo,60,500,1.000,0.000,0.000,0.577,20.0,0.00,0.423,1.000,1.294
trio-double-tank,1,3,solo,180,500,1.000,0.000,0.000,0.579,20.0,0.00,0.421,1.000,1.295
trio-double-tank,1,3,pack,60,500,0.000,0.000,1.000,—,—,3.00,1.000,0.746,0.000
trio-double-tank,1,3,pack,180,500,0.000,0.000,1.000,—,—,3.00,1.000,0.745,0.000
trio-double-tank,1,3,boss,60,500,0.000,0.000,1.000,—,—,3.00,1.000,0.761,0.000
trio-double-tank,1,3,boss,180,500,0.000,0.000,1.000,—,—,3.00,1.000,0.761,0.000
trio-double-tank,1,4,solo,60,500,0.000,0.000,1.000,—,—,3.00,1.000,0.759,0.000
trio-double-tank,1,4,solo,180,500,0.000,0.000,1.000,—,—,3.00,1.000,0.761,0.000
trio-double-tank,1,4,pack,60,500,0.000,0.000,1.000,—,—,3.00,1.000,0.734,0.000
trio-double-tank,1,4,pack,180,500,0.000,0.000,1.000,—,—,3.00,1.000,0.737,0.000
trio-double-tank,1,4,boss,60,500,0.000,0.000,1.000,—,—,3.00,1.000,0.705,0.000
trio-double-tank,1,4,boss,180,500,0.000,0.000,1.000,—,—,3.00,1.000,0.707,0.000
trio-double-tank,1,5,solo,60,500,0.000,0.000,1.000,—,—,3.00,1.000,0.783,0.000
trio-double-tank,1,5,solo,180,500,0.000,0.000,1.000,—,—,3.00,1.000,0.782,0.000
trio-double-tank,1,5,pack,60,500,0.000,0.000,1.000,—,—,3.00,1.000,0.771,0.000
trio-double-tank,1,5,pack,180,500,0.000,0.000,1.000,—,—,3.00,1.000,0.771,0.000
trio-double-tank,1,5,boss,60,500,0.000,0.000,1.000,—,—,3.00,1.000,0.738,0.000
trio-double-tank,1,5,boss,180,500,0.000,0.000,1.000,—,—,3.00,1.000,0.736,0.000
trio-double-tank,1,6,solo,60,500,0.000,0.000,1.000,—,—,3.00,1.000,0.729,0.000
trio-double-tank,1,6,solo,180,500,0.000,0.000,1.000,—,—,3.00,1.000,0.731,0.000
trio-double-tank,1,6,pack,60,500,0.000,0.000,1.000,—,—,3.00,1.000,0.731,0.000
trio-double-tank,1,6,pack,180,500,0.000,0.000,1.000,—,—,3.00,1.000,0.729,0.000
trio-double-tank,1,6,boss,60,500,0.000,0.000,1.000,—,—,3.00,1.000,0.707,0.000
trio-double-tank,1,6,boss,180,500,0.000,0.000,1.000,—,—,3.00,1.000,0.705,0.000
trio-double-tank,1,7,solo,60,500,0.000,0.000,1.000,—,—,3.00,1.000,0.811,0.000
trio-double-tank,1,7,solo,180,500,0.000,0.000,1.000,—,—,3.00,1.000,0.814,0.000
trio-double-tank,1,7,pack,60,500,0.000,0.000,1.000,—,—,3.00,1.000,0.812,0.000
trio-double-tank,1,7,pack,180,500,0.000,0.000,1.000,—,—,3.00,1.000,0.813,0.000
trio-double-tank,1,7,boss,60,500,0.000,0.000,1.000,—,—,3.00,1.000,0.677,0.000
trio-double-tank,1,7,boss,180,500,0.000,0.000,1.000,—,—,3.00,1.000,0.680,0.000
trio-double-tank,1,8,solo,60,500,0.000,0.000,1.000,—,—,3.00,1.000,0.806,0.000
trio-double-tank,1,8,solo,180,500,0.000,0.000,1.000,—,—,3.00,1.000,0.806,0.000
trio-double-tank,1,8,pack,60,500,0.000,0.000,1.000,—,—,3.00,1.000,0.806,0.000
trio-double-tank,1,8,pack,180,500,0.000,0.000,1.000,—,—,3.00,1.000,0.807,0.000
trio-double-tank,1,8,boss,60,500,0.000,0.000,1.000,—,—,3.00,1.000,0.771,0.000
trio-double-tank,1,8,boss,180,500,0.000,0.000,1.000,—,—,3.00,1.000,0.768,0.000
trio-double-tank,5,1,solo,60,500,1.000,0.000,0.000,1.000,0.0,0.00,0.000,—,1.530
trio-double-tank,5,1,solo,180,500,1.000,0.000,0.000,1.000,0.0,0.00,0.000,—,1.530
trio-double-tank,5,1,pack,60,500,1.000,0.000,0.000,0.994,12.0,0.00,0.006,1.000,1.527
trio-double-tank,5,1,pack,180,500,1.000,0.000,0.000,0.994,12.0,0.00,0.006,1.000,1.527
trio-double-tank,5,1,boss,60,500,1.000,0.000,0.000,1.000,29.6,0.00,0.000,1.000,1.530
trio-double-tank,5,1,boss,180,500,1.000,0.000,0.000,1.000,29.6,0.00,0.000,1.000,1.530
trio-double-tank,5,2,solo,60,500,1.000,0.000,0.000,0.958,3.0,0.00,0.042,1.000,1.508
trio-double-tank,5,2,solo,180,500,1.000,0.000,0.000,0.958,3.0,0.00,0.042,1.000,1.509
trio-double-tank,5,2,pack,60,500,1.000,0.000,0.000,0.986,18.0,0.00,0.014,1.000,1.523
trio-double-tank,5,2,pack,180,500,1.000,0.000,0.000,0.986,18.0,0.00,0.014,1.000,1.523
trio-double-tank,5,2,boss,60,500,1.000,0.000,0.000,0.956,41.8,0.00,0.044,1.000,1.508
trio-double-tank,5,2,boss,180,500,1.000,0.000,0.000,0.955,41.8,0.00,0.045,1.000,1.507
trio-double-tank,5,3,solo,60,500,1.000,0.000,0.000,0.974,6.0,0.00,0.026,1.000,1.517
trio-double-tank,5,3,solo,180,500,1.000,0.000,0.000,0.974,6.0,0.00,0.026,1.000,1.517
trio-double-tank,5,3,pack,60,500,0.002,0.004,0.994,0.561,60.0,2.99,0.998,0.759,0.003
trio-double-tank,5,3,pack,180,500,0.002,0.004,0.994,0.538,60.0,2.99,0.998,0.757,0.003
trio-double-tank,5,3,boss,60,500,0.534,0.402,0.064,0.811,60.0,0.68,0.433,0.983,0.766
trio-double-tank,5,3,boss,180,500,0.662,0.000,0.338,0.730,63.9,1.17,0.517,0.946,0.922
trio-double-tank,5,4,solo,60,500,1.000,0.000,0.000,0.696,12.0,0.00,0.304,1.000,1.375
trio-double-tank,5,4,solo,180,500,1.000,0.000,0.000,0.705,12.0,0.00,0.295,1.000,1.379
trio-double-tank,5,4,pack,60,500,0.000,0.000,1.000,—,—,3.00,1.000,0.797,0.000
trio-double-tank,5,4,pack,180,500,0.000,0.000,1.000,—,—,3.00,1.000,0.796,0.000
trio-double-tank,5,4,boss,60,500,0.000,0.000,1.000,—,—,3.00,1.000,0.714,0.000
trio-double-tank,5,4,boss,180,500,0.000,0.000,1.000,—,—,3.00,1.000,0.715,0.000
trio-double-tank,5,5,solo,60,500,0.000,0.000,1.000,—,—,3.00,1.000,0.783,0.000
trio-double-tank,5,5,solo,180,500,0.000,0.000,1.000,—,—,3.00,1.000,0.788,0.000
trio-double-tank,5,5,pack,60,500,0.000,0.000,1.000,—,—,3.00,1.000,0.768,0.000
trio-double-tank,5,5,pack,180,500,0.000,0.000,1.000,—,—,3.00,1.000,0.768,0.000
trio-double-tank,5,5,boss,60,500,0.000,0.000,1.000,—,—,3.00,1.000,0.770,0.000
trio-double-tank,5,5,boss,180,500,0.000,0.000,1.000,—,—,3.00,1.000,0.771,0.000
trio-double-tank,5,6,solo,60,500,0.000,0.000,1.000,—,—,3.00,1.000,0.764,0.000
trio-double-tank,5,6,solo,180,500,0.000,0.000,1.000,—,—,3.00,1.000,0.761,0.000
trio-double-tank,5,6,pack,60,500,0.000,0.000,1.000,—,—,3.00,1.000,0.794,0.000
trio-double-tank,5,6,pack,180,500,0.000,0.000,1.000,—,—,3.00,1.000,0.794,0.000
trio-double-tank,5,6,boss,60,500,0.000,0.000,1.000,—,—,3.00,1.000,0.747,0.000
trio-double-tank,5,6,boss,180,500,0.000,0.000,1.000,—,—,3.00,1.000,0.748,0.000
trio-double-tank,5,7,solo,60,500,0.000,0.000,1.000,—,—,3.00,1.000,0.759,0.000
trio-double-tank,5,7,solo,180,500,0.000,0.000,1.000,—,—,3.00,1.000,0.759,0.000
trio-double-tank,5,7,pack,60,500,0.000,0.000,1.000,—,—,3.00,1.000,0.758,0.000
trio-double-tank,5,7,pack,180,500,0.000,0.000,1.000,—,—,3.00,1.000,0.759,0.000
trio-double-tank,5,7,boss,60,500,0.000,0.000,1.000,—,—,3.00,1.000,0.717,0.000
trio-double-tank,5,7,boss,180,500,0.000,0.000,1.000,—,—,3.00,1.000,0.721,0.000
trio-double-tank,5,8,solo,60,500,0.000,0.000,1.000,—,—,3.00,1.000,0.814,0.000
trio-double-tank,5,8,solo,180,500,0.000,0.000,1.000,—,—,3.00,1.000,0.814,0.000
trio-double-tank,5,8,pack,60,500,0.000,0.000,1.000,—,—,3.00,1.000,0.815,0.000
trio-double-tank,5,8,pack,180,500,0.000,0.000,1.000,—,—,3.00,1.000,0.813,0.000
trio-double-tank,5,8,boss,60,500,0.000,0.000,1.000,—,—,3.00,1.000,0.684,0.000
trio-double-tank,5,8,boss,180,500,0.000,0.000,1.000,—,—,3.00,1.000,0.683,0.000
trio-double-tank,10,1,solo,60,500,1.000,0.000,0.000,1.000,0.0,0.00,0.000,—,1.560
trio-double-tank,10,1,solo,180,500,1.000,0.000,0.000,1.000,0.0,0.00,0.000,—,1.560
trio-double-tank,10,1,pack,60,500,1.000,0.000,0.000,1.000,5.0,0.00,0.000,1.000,1.560
trio-double-tank,10,1,pack,180,500,1.000,0.000,0.000,1.000,5.1,0.00,0.000,1.000,1.560
trio-double-tank,10,1,boss,60,500,1.000,0.000,0.000,0.998,11.2,0.00,0.002,1.000,1.559
trio-double-tank,10,1,boss,180,500,1.000,0.000,0.000,0.998,11.2,0.00,0.002,1.000,1.559
trio-double-tank,10,2,solo,60,500,1.000,0.000,0.000,1.000,0.0,0.00,0.000,—,1.560
trio-double-tank,10,2,solo,180,500,1.000,0.000,0.000,1.000,0.0,0.00,0.000,—,1.560
trio-double-tank,10,2,pack,60,500,1.000,0.000,0.000,0.999,10.0,0.00,0.001,1.000,1.559
trio-double-tank,10,2,pack,180,500,1.000,0.000,0.000,0.999,9.9,0.00,0.001,1.000,1.559
trio-double-tank,10,2,boss,60,500,1.000,0.000,0.000,0.989,17.4,0.00,0.011,1.000,1.554
trio-double-tank,10,2,boss,180,500,1.000,0.000,0.000,0.989,17.4,0.00,0.011,1.000,1.554
trio-double-tank,10,3,solo,60,500,1.000,0.000,0.000,0.965,2.0,0.00,0.035,1.000,1.542
trio-double-tank,10,3,solo,180,500,1.000,0.000,0.000,0.965,2.0,0.00,0.035,1.000,1.542
trio-double-tank,10,3,pack,60,500,1.000,0.000,0.000,0.991,14.0,0.00,0.009,1.000,1.556
trio-double-tank,10,3,pack,180,500,1.000,0.000,0.000,0.991,14.0,0.00,0.009,1.000,1.555
trio-double-tank,10,3,boss,60,500,1.000,0.000,0.000,0.979,26.0,0.00,0.021,1.000,1.549
trio-double-tank,10,3,boss,180,500,1.000,0.000,0.000,0.979,26.0,0.00,0.021,1.000,1.549
trio-double-tank,10,4,solo,60,500,1.000,0.000,0.000,0.886,4.0,0.00,0.114,1.000,1.501
trio-double-tank,10,4,solo,180,500,1.000,0.000,0.000,0.886,4.0,0.00,0.114,1.000,1.501
trio-double-tank,10,4,pack,60,500,0.000,0.002,0.998,—,—,3.00,1.000,0.766,0.000
trio-double-tank,10,4,pack,180,500,0.000,0.006,0.994,—,—,2.99,0.999,0.745,0.000
trio-double-tank,10,4,boss,60,500,0.830,0.022,0.148,0.754,36.4,0.54,0.371,0.976,1.189
trio-double-tank,10,4,boss,180,500,0.830,0.000,0.170,0.755,36.4,0.55,0.374,0.973,1.189
trio-double-tank,10,5,solo,60,500,1.000,0.000,0.000,0.799,6.0,0.00,0.201,1.000,1.455
trio-double-tank,10,5,solo,180,500,1.000,0.000,0.000,0.796,6.0,0.00,0.204,1.000,1.454
trio-double-tank,10,5,pack,60,500,0.000,0.000,1.000,—,—,3.00,1.000,0.737,0.000
trio-double-tank,10,5,pack,180,500,0.000,0.000,1.000,—,—,3.00,1.000,0.734,0.000
trio-double-tank,10,5,boss,60,500,0.000,0.000,1.000,—,—,3.00,1.000,0.781,0.000
trio-double-tank,10,5,boss,180,500,0.000,0.000,1.000,—,—,3.00,1.000,0.780,0.000
trio-double-tank,10,6,solo,60,500,0.000,0.000,1.000,—,—,3.00,1.000,0.767,0.000
trio-double-tank,10,6,solo,180,500,0.000,0.000,1.000,—,—,3.00,1.000,0.766,0.000
trio-double-tank,10,6,pack,60,500,0.000,0.000,1.000,—,—,3.00,1.000,0.771,0.000
trio-double-tank,10,6,pack,180,500,0.000,0.000,1.000,—,—,3.00,1.000,0.772,0.000
trio-double-tank,10,6,boss,60,500,0.000,0.000,1.000,—,—,3.00,1.000,0.777,0.000
trio-double-tank,10,6,boss,180,500,0.000,0.000,1.000,—,—,3.00,1.000,0.777,0.000
trio-double-tank,10,7,solo,60,500,0.000,0.000,1.000,—,—,3.00,1.000,0.795,0.000
trio-double-tank,10,7,solo,180,500,0.000,0.000,1.000,—,—,3.00,1.000,0.795,0.000
trio-double-tank,10,7,pack,60,500,0.000,0.000,1.000,—,—,3.00,1.000,0.798,0.000
trio-double-tank,10,7,pack,180,500,0.000,0.000,1.000,—,—,3.00,1.000,0.798,0.000
trio-double-tank,10,7,boss,60,500,0.000,0.000,1.000,—,—,3.00,1.000,0.760,0.000
trio-double-tank,10,7,boss,180,500,0.000,0.000,1.000,—,—,3.00,1.000,0.757,0.000
trio-double-tank,10,8,solo,60,500,0.000,0.000,1.000,—,—,3.00,1.000,0.761,0.000
trio-double-tank,10,8,solo,180,500,0.000,0.000,1.000,—,—,3.00,1.000,0.761,0.000
trio-double-tank,10,8,pack,60,500,0.000,0.000,1.000,—,—,3.00,1.000,0.762,0.000
trio-double-tank,10,8,pack,180,500,0.000,0.000,1.000,—,—,3.00,1.000,0.761,0.000
trio-double-tank,10,8,boss,60,500,0.000,0.000,1.000,—,—,3.00,1.000,0.733,0.000
trio-double-tank,10,8,boss,180,500,0.000,0.000,1.000,—,—,3.00,1.000,0.734,0.000
trio-double-tank,20,1,solo,60,500,1.000,0.000,0.000,1.000,0.0,0.00,0.000,—,1.620
trio-double-tank,20,1,solo,180,500,1.000,0.000,0.000,1.000,0.0,0.00,0.000,—,1.620
trio-double-tank,20,1,pack,60,500,1.000,0.000,0.000,1.000,1.2,0.00,0.000,1.000,1.620
trio-double-tank,20,1,pack,180,500,1.000,0.000,0.000,1.000,1.2,0.00,0.000,1.000,1.620
trio-double-tank,20,1,boss,60,500,1.000,0.000,0.000,1.000,4.0,0.00,0.000,1.000,1.620
trio-double-tank,20,1,boss,180,500,1.000,0.000,0.000,1.000,4.0,0.00,0.000,1.000,1.620
trio-double-tank,20,2,solo,60,500,1.000,0.000,0.000,1.000,0.0,0.00,0.000,—,1.620
trio-double-tank,20,2,solo,180,500,1.000,0.000,0.000,1.000,0.0,0.00,0.000,—,1.620
trio-double-tank,20,2,pack,60,500,1.000,0.000,0.000,1.000,3.6,0.00,0.000,1.000,1.620
trio-double-tank,20,2,pack,180,500,1.000,0.000,0.000,1.000,3.6,0.00,0.000,1.000,1.620
trio-double-tank,20,2,boss,60,500,1.000,0.000,0.000,1.000,6.0,0.00,0.000,1.000,1.620
trio-double-tank,20,2,boss,180,500,1.000,0.000,0.000,1.000,6.0,0.00,0.000,1.000,1.620
trio-double-tank,20,3,solo,60,500,1.000,0.000,0.000,1.000,0.0,0.00,0.000,—,1.620
trio-double-tank,20,3,solo,180,500,1.000,0.000,0.000,1.000,0.0,0.00,0.000,—,1.620
trio-double-tank,20,3,pack,60,500,1.000,0.000,0.000,1.000,4.4,0.00,0.000,1.000,1.620
trio-double-tank,20,3,pack,180,500,1.000,0.000,0.000,1.000,4.4,0.00,0.000,1.000,1.620
trio-double-tank,20,3,boss,60,500,1.000,0.000,0.000,1.000,8.0,0.00,0.000,1.000,1.620
trio-double-tank,20,3,boss,180,500,1.000,0.000,0.000,1.000,8.0,0.00,0.000,1.000,1.620
trio-double-tank,20,4,solo,60,500,1.000,0.000,0.000,1.000,0.0,0.00,0.000,—,1.620
trio-double-tank,20,4,solo,180,500,1.000,0.000,0.000,1.000,0.0,0.00,0.000,—,1.620
trio-double-tank,20,4,pack,60,500,1.000,0.000,0.000,1.000,6.0,0.00,0.000,1.000,1.620
trio-double-tank,20,4,pack,180,500,1.000,0.000,0.000,1.000,6.0,0.00,0.000,1.000,1.620
trio-double-tank,20,4,boss,60,500,1.000,0.000,0.000,0.987,14.2,0.00,0.013,1.000,1.613
trio-double-tank,20,4,boss,180,500,1.000,0.000,0.000,0.987,14.2,0.00,0.013,1.000,1.613
trio-double-tank,20,5,solo,60,500,1.000,0.000,0.000,0.969,1.2,0.00,0.031,1.000,1.603
trio-double-tank,20,5,solo,180,500,1.000,0.000,0.000,0.967,1.2,0.00,0.033,1.000,1.602
trio-double-tank,20,5,pack,60,500,0.980,0.004,0.016,0.881,15.8,0.21,0.136,0.988,1.525
trio-double-tank,20,5,pack,180,500,0.988,0.000,0.012,0.878,15.9,0.20,0.133,0.988,1.535
trio-double-tank,20,5,boss,60,500,1.000,0.000,0.000,0.939,21.6,0.00,0.061,1.000,1.587
trio-double-tank,20,5,boss,180,500,1.000,0.000,0.000,0.941,21.6,0.00,0.059,1.000,1.588
trio-double-tank,20,6,solo,60,500,1.000,0.000,0.000,0.797,3.6,0.00,0.203,1.000,1.510
trio-double-tank,20,6,solo,180,500,1.000,0.000,0.000,0.793,3.6,0.00,0.207,1.000,1.508
trio-double-tank,20,6,pack,60,500,0.000,0.000,1.000,—,—,3.00,1.000,0.755,0.000
trio-double-tank,20,6,pack,180,500,0.000,0.000,1.000,—,—,3.00,1.000,0.756,0.000
trio-double-tank,20,6,boss,60,500,0.000,0.000,1.000,—,—,3.00,1.000,0.809,0.000
trio-double-tank,20,6,boss,180,500,0.000,0.000,1.000,—,—,3.00,1.000,0.813,0.000
trio-double-tank,20,7,solo,60,500,0.004,0.000,0.996,0.682,6.0,2.99,0.997,0.780,0.006
trio-double-tank,20,7,solo,180,500,0.004,0.000,0.996,0.717,6.0,2.99,0.997,0.780,0.006
trio-double-tank,20,7,pack,60,500,0.000,0.000,1.000,—,—,3.00,1.000,0.777,0.000
trio-double-tank,20,7,pack,180,500,0.000,0.000,1.000,—,—,3.00,1.000,0.777,0.000
trio-double-tank,20,7,boss,60,500,0.000,0.000,1.000,—,—,3.00,1.000,0.781,0.000
trio-double-tank,20,7,boss,180,500,0.000,0.000,1.000,—,—,3.00,1.000,0.781,0.000
trio-double-tank,20,8,solo,60,500,0.000,0.000,1.000,—,—,3.00,1.000,0.766,0.000
trio-double-tank,20,8,solo,180,500,0.000,0.000,1.000,—,—,3.00,1.000,0.767,0.000
trio-double-tank,20,8,pack,60,500,0.000,0.000,1.000,—,—,3.00,1.000,0.774,0.000
trio-double-tank,20,8,pack,180,500,0.000,0.000,1.000,—,—,3.00,1.000,0.774,0.000
trio-double-tank,20,8,boss,60,500,0.000,0.000,1.000,—,—,3.00,1.000,0.778,0.000
trio-double-tank,20,8,boss,180,500,0.000,0.000,1.000,—,—,3.00,1.000,0.776,0.000
trio-double-tank,35,1,solo,60,500,1.000,0.000,0.000,1.000,0.0,0.00,0.000,—,1.710
trio-double-tank,35,1,solo,180,500,1.000,0.000,0.000,1.000,0.0,0.00,0.000,—,1.710
trio-double-tank,35,1,pack,60,500,1.000,0.000,0.000,1.000,0.0,0.00,0.000,—,1.710
trio-double-tank,35,1,pack,180,500,1.000,0.000,0.000,1.000,0.0,0.00,0.000,—,1.710
trio-double-tank,35,1,boss,60,500,1.000,0.000,0.000,1.000,1.5,0.00,0.000,1.000,1.710
trio-double-tank,35,1,boss,180,500,1.000,0.000,0.000,1.000,1.5,0.00,0.000,1.000,1.710
trio-double-tank,35,2,solo,60,500,1.000,0.000,0.000,1.000,0.0,0.00,0.000,—,1.710
trio-double-tank,35,2,solo,180,500,1.000,0.000,0.000,1.000,0.0,0.00,0.000,—,1.710
trio-double-tank,35,2,pack,60,500,1.000,0.000,0.000,1.000,0.8,0.00,0.000,1.000,1.710
trio-double-tank,35,2,pack,180,500,1.000,0.000,0.000,1.000,0.8,0.00,0.000,1.000,1.710
trio-double-tank,35,2,boss,60,500,1.000,0.000,0.000,1.000,2.3,0.00,0.000,1.000,1.710
trio-double-tank,35,2,boss,180,500,1.000,0.000,0.000,1.000,2.3,0.00,0.000,1.000,1.710
trio-double-tank,35,3,solo,60,500,1.000,0.000,0.000,1.000,0.0,0.00,0.000,—,1.710
trio-double-tank,35,3,solo,180,500,1.000,0.000,0.000,1.000,0.0,0.00,0.000,—,1.710
trio-double-tank,35,3,pack,60,500,1.000,0.000,0.000,1.000,2.3,0.00,0.000,1.000,1.710
trio-double-tank,35,3,pack,180,500,1.000,0.000,0.000,1.000,2.3,0.00,0.000,1.000,1.710
trio-double-tank,35,3,boss,60,500,1.000,0.000,0.000,1.000,3.8,0.00,0.000,1.000,1.710
trio-double-tank,35,3,boss,180,500,1.000,0.000,0.000,1.000,3.8,0.00,0.000,1.000,1.710
trio-double-tank,35,4,solo,60,500,1.000,0.000,0.000,1.000,0.0,0.00,0.000,—,1.710
trio-double-tank,35,4,solo,180,500,1.000,0.000,0.000,1.000,0.0,0.00,0.000,—,1.710
trio-double-tank,35,4,pack,60,500,1.000,0.000,0.000,1.000,2.3,0.00,0.000,1.000,1.710
trio-double-tank,35,4,pack,180,500,1.000,0.000,0.000,1.000,2.3,0.00,0.000,1.000,1.710
trio-double-tank,35,4,boss,60,500,1.000,0.000,0.000,1.000,4.5,0.00,0.000,1.000,1.710
trio-double-tank,35,4,boss,180,500,1.000,0.000,0.000,1.000,4.5,0.00,0.000,1.000,1.710
trio-double-tank,35,5,solo,60,500,1.000,0.000,0.000,1.000,0.0,0.00,0.000,—,1.710
trio-double-tank,35,5,solo,180,500,1.000,0.000,0.000,1.000,0.0,0.00,0.000,—,1.710
trio-double-tank,35,5,pack,60,500,1.000,0.000,0.000,1.000,4.5,0.00,0.000,1.000,1.710
trio-double-tank,35,5,pack,180,500,1.000,0.000,0.000,1.000,4.5,0.00,0.000,1.000,1.710
trio-double-tank,35,5,boss,60,500,1.000,0.000,0.000,1.000,8.2,0.00,0.000,1.000,1.710
trio-double-tank,35,5,boss,180,500,1.000,0.000,0.000,1.000,8.2,0.00,0.000,1.000,1.710
trio-double-tank,35,6,solo,60,500,1.000,0.000,0.000,0.987,0.8,0.00,0.013,1.000,1.702
trio-double-tank,35,6,solo,180,500,1.000,0.000,0.000,0.987,0.8,0.00,0.013,1.000,1.703
trio-double-tank,35,6,pack,60,500,1.000,0.000,0.000,0.997,6.0,0.00,0.003,1.000,1.708
trio-double-tank,35,6,pack,180,500,1.000,0.000,0.000,0.997,6.0,0.00,0.003,1.000,1.708
trio-double-tank,35,6,boss,60,500,1.000,0.000,0.000,0.994,12.7,0.00,0.006,1.000,1.706
trio-double-tank,35,6,boss,180,500,1.000,0.000,0.000,0.994,12.7,0.00,0.006,1.000,1.706
trio-double-tank,35,7,solo,60,500,1.000,0.000,0.000,0.918,2.3,0.00,0.082,1.000,1.663
trio-double-tank,35,7,solo,180,500,1.000,0.000,0.000,0.918,2.3,0.00,0.082,1.000,1.663
trio-double-tank,35,7,pack,60,500,0.000,0.000,1.000,—,—,3.00,1.000,0.780,0.000
trio-double-tank,35,7,pack,180,500,0.000,0.000,1.000,—,—,3.00,1.000,0.778,0.000
trio-double-tank,35,7,boss,60,500,0.006,0.000,0.994,0.621,20.2,2.99,0.996,0.824,0.009
trio-double-tank,35,7,boss,180,500,0.010,0.000,0.990,0.753,20.7,2.97,0.992,0.829,0.016
trio-double-tank,35,8,solo,60,500,0.174,0.000,0.826,0.679,3.8,2.49,0.882,0.864,0.266
trio-double-tank,35,8,solo,180,500,0.178,0.000,0.822,0.683,3.8,2.47,0.878,0.865,0.272
trio-double-tank,35,8,pack,60,500,0.000,0.000,1.000,—,—,3.00,1.000,0.831,0.000
trio-double-tank,35,8,pack,180,500,0.000,0.000,1.000,—,—,3.00,1.000,0.832,0.000
trio-double-tank,35,8,boss,60,500,0.000,0.000,1.000,—,—,3.00,1.000,0.820,0.000
trio-double-tank,35,8,boss,180,500,0.000,0.000,1.000,—,—,3.00,1.000,0.822,0.000
trio-double-tank,50,1,solo,60,500,1.000,0.000,0.000,1.000,0.0,0.00,0.000,—,1.800
trio-double-tank,50,1,solo,180,500,1.000,0.000,0.000,1.000,0.0,0.00,0.000,—,1.800
trio-double-tank,50,1,pack,60,500,1.000,0.000,0.000,1.000,0.0,0.00,0.000,—,1.800
trio-double-tank,50,1,pack,180,500,1.000,0.000,0.000,1.000,0.0,0.00,0.000,—,1.800
trio-double-tank,50,1,boss,60,500,1.000,0.000,0.000,1.000,0.5,0.00,0.000,1.000,1.800
trio-double-tank,50,1,boss,180,500,1.000,0.000,0.000,1.000,0.5,0.00,0.000,1.000,1.800
trio-double-tank,50,2,solo,60,500,1.000,0.000,0.000,1.000,0.0,0.00,0.000,—,1.800
trio-double-tank,50,2,solo,180,500,1.000,0.000,0.000,1.000,0.0,0.00,0.000,—,1.800
trio-double-tank,50,2,pack,60,500,1.000,0.000,0.000,1.000,0.0,0.00,0.000,—,1.800
trio-double-tank,50,2,pack,180,500,1.000,0.000,0.000,1.000,0.0,0.00,0.000,—,1.800
trio-double-tank,50,2,boss,60,500,1.000,0.000,0.000,1.000,1.1,0.00,0.000,1.000,1.800
trio-double-tank,50,2,boss,180,500,1.000,0.000,0.000,1.000,1.1,0.00,0.000,1.000,1.800
trio-double-tank,50,3,solo,60,500,1.000,0.000,0.000,1.000,0.0,0.00,0.000,—,1.800
trio-double-tank,50,3,solo,180,500,1.000,0.000,0.000,1.000,0.0,0.00,0.000,—,1.800
trio-double-tank,50,3,pack,60,500,1.000,0.000,0.000,1.000,0.5,0.00,0.000,1.000,1.800
trio-double-tank,50,3,pack,180,500,1.000,0.000,0.000,1.000,0.5,0.00,0.000,1.000,1.800
trio-double-tank,50,3,boss,60,500,1.000,0.000,0.000,1.000,1.6,0.00,0.000,1.000,1.800
trio-double-tank,50,3,boss,180,500,1.000,0.000,0.000,1.000,1.6,0.00,0.000,1.000,1.800
trio-double-tank,50,4,solo,60,500,1.000,0.000,0.000,1.000,0.0,0.00,0.000,—,1.800
trio-double-tank,50,4,solo,180,500,1.000,0.000,0.000,1.000,0.0,0.00,0.000,—,1.800
trio-double-tank,50,4,pack,60,500,1.000,0.000,0.000,1.000,1.6,0.00,0.000,1.000,1.800
trio-double-tank,50,4,pack,180,500,1.000,0.000,0.000,1.000,1.6,0.00,0.000,1.000,1.800
trio-double-tank,50,4,boss,60,500,1.000,0.000,0.000,1.000,2.7,0.00,0.000,1.000,1.800
trio-double-tank,50,4,boss,180,500,1.000,0.000,0.000,1.000,2.7,0.00,0.000,1.000,1.800
trio-double-tank,50,5,solo,60,500,1.000,0.000,0.000,1.000,0.0,0.00,0.000,—,1.800
trio-double-tank,50,5,solo,180,500,1.000,0.000,0.000,1.000,0.0,0.00,0.000,—,1.800
trio-double-tank,50,5,pack,60,500,1.000,0.000,0.000,1.000,1.6,0.00,0.000,1.000,1.800
trio-double-tank,50,5,pack,180,500,1.000,0.000,0.000,1.000,1.6,0.00,0.000,1.000,1.800
trio-double-tank,50,5,boss,60,500,1.000,0.000,0.000,1.000,4.4,0.00,0.000,1.000,1.800
trio-double-tank,50,5,boss,180,500,1.000,0.000,0.000,1.000,4.4,0.00,0.000,1.000,1.800
trio-double-tank,50,6,solo,60,500,1.000,0.000,0.000,1.000,0.0,0.00,0.000,—,1.800
trio-double-tank,50,6,solo,180,500,1.000,0.000,0.000,1.000,0.0,0.00,0.000,—,1.800
trio-double-tank,50,6,pack,60,500,1.000,0.000,0.000,1.000,3.3,0.00,0.000,1.000,1.800
trio-double-tank,50,6,pack,180,500,1.000,0.000,0.000,1.000,3.3,0.00,0.000,1.000,1.800
trio-double-tank,50,6,boss,60,500,1.000,0.000,0.000,1.000,6.5,0.00,0.000,1.000,1.800
trio-double-tank,50,6,boss,180,500,1.000,0.000,0.000,1.000,6.5,0.00,0.000,1.000,1.800
trio-double-tank,50,7,solo,60,500,1.000,0.000,0.000,0.995,0.5,0.00,0.005,1.000,1.797
trio-double-tank,50,7,solo,180,500,1.000,0.000,0.000,0.995,0.5,0.00,0.005,1.000,1.797
trio-double-tank,50,7,pack,60,500,1.000,0.000,0.000,0.994,4.9,0.00,0.006,1.000,1.797
trio-double-tank,50,7,pack,180,500,1.000,0.000,0.000,0.995,4.9,0.00,0.005,1.000,1.797
trio-double-tank,50,7,boss,60,500,1.000,0.000,0.000,0.965,10.9,0.00,0.035,1.000,1.779
trio-double-tank,50,7,boss,180,500,1.000,0.000,0.000,0.964,10.9,0.00,0.036,1.000,1.778
trio-double-tank,50,8,solo,60,500,1.000,0.000,0.000,0.951,1.6,0.00,0.049,1.000,1.771
trio-double-tank,50,8,solo,180,500,1.000,0.000,0.000,0.952,1.6,0.00,0.048,1.000,1.771
trio-double-tank,50,8,pack,60,500,0.000,0.000,1.000,—,—,3.00,1.000,0.855,0.000
trio-double-tank,50,8,pack,180,500,0.000,0.000,1.000,—,—,3.00,1.000,0.852,0.000
trio-double-tank,50,8,boss,60,500,0.044,0.000,0.956,0.790,17.5,2.87,0.965,0.893,0.074
trio-double-tank,50,8,boss,180,500,0.038,0.000,0.962,0.777,17.5,2.89,0.970,0.892,0.063
trio-utility,1,1,solo,60,500,1.000,0.000,0.000,0.916,4.3,0.00,0.084,—,1.464
trio-utility,1,1,solo,180,500,1.000,0.000,0.000,0.916,4.3,0.00,0.084,—,1.464
trio-utility,1,1,pack,60,500,1.000,0.000,0.000,0.383,25.6,0.99,0.617,—,1.196
trio-utility,1,1,pack,180,500,1.000,0.000,0.000,0.382,25.7,0.99,0.618,—,1.196
trio-utility,1,1,boss,60,500,0.000,0.000,1.000,—,—,3.00,1.000,—,0.000
trio-utility,1,1,boss,180,500,0.000,0.000,1.000,—,—,3.00,1.000,—,0.000
trio-utility,1,2,solo,60,500,1.000,0.000,0.000,0.757,7.5,0.00,0.243,—,1.384
trio-utility,1,2,solo,180,500,1.000,0.000,0.000,0.757,7.5,0.00,0.243,—,1.384
trio-utility,1,2,pack,60,500,0.000,0.000,1.000,—,—,3.00,1.000,—,0.000
trio-utility,1,2,pack,180,500,0.000,0.000,1.000,—,—,3.00,1.000,—,0.000
trio-utility,1,2,boss,60,500,0.000,0.000,1.000,—,—,3.00,1.000,—,0.000
trio-utility,1,2,boss,180,500,0.000,0.000,1.000,—,—,3.00,1.000,—,0.000
trio-utility,1,3,solo,60,500,1.000,0.000,0.000,0.200,15.0,2.00,0.800,—,1.104
trio-utility,1,3,solo,180,500,1.000,0.000,0.000,0.201,14.9,1.99,0.799,—,1.105
trio-utility,1,3,pack,60,500,0.000,0.000,1.000,—,—,3.00,1.000,—,0.000
trio-utility,1,3,pack,180,500,0.000,0.000,1.000,—,—,3.00,1.000,—,0.000
trio-utility,1,3,boss,60,500,0.000,0.000,1.000,—,—,3.00,1.000,—,0.000
trio-utility,1,3,boss,180,500,0.000,0.000,1.000,—,—,3.00,1.000,—,0.000
trio-utility,1,4,solo,60,500,0.000,0.000,1.000,—,—,3.00,1.000,—,0.000
trio-utility,1,4,solo,180,500,0.000,0.000,1.000,—,—,3.00,1.000,—,0.000
trio-utility,1,4,pack,60,500,0.000,0.000,1.000,—,—,3.00,1.000,—,0.000
trio-utility,1,4,pack,180,500,0.000,0.000,1.000,—,—,3.00,1.000,—,0.000
trio-utility,1,4,boss,60,500,0.000,0.000,1.000,—,—,3.00,1.000,—,0.000
trio-utility,1,4,boss,180,500,0.000,0.000,1.000,—,—,3.00,1.000,—,0.000
trio-utility,1,5,solo,60,500,0.000,0.000,1.000,—,—,3.00,1.000,—,0.000
trio-utility,1,5,solo,180,500,0.000,0.000,1.000,—,—,3.00,1.000,—,0.000
trio-utility,1,5,pack,60,500,0.000,0.000,1.000,—,—,3.00,1.000,—,0.000
trio-utility,1,5,pack,180,500,0.000,0.000,1.000,—,—,3.00,1.000,—,0.000
trio-utility,1,5,boss,60,500,0.000,0.000,1.000,—,—,3.00,1.000,—,0.000
trio-utility,1,5,boss,180,500,0.000,0.000,1.000,—,—,3.00,1.000,—,0.000
trio-utility,1,6,solo,60,500,0.000,0.000,1.000,—,—,3.00,1.000,—,0.000
trio-utility,1,6,solo,180,500,0.000,0.000,1.000,—,—,3.00,1.000,—,0.000
trio-utility,1,6,pack,60,500,0.000,0.000,1.000,—,—,3.00,1.000,—,0.000
trio-utility,1,6,pack,180,500,0.000,0.000,1.000,—,—,3.00,1.000,—,0.000
trio-utility,1,6,boss,60,500,0.000,0.000,1.000,—,—,3.00,1.000,—,0.000
trio-utility,1,6,boss,180,500,0.000,0.000,1.000,—,—,3.00,1.000,—,0.000
trio-utility,1,7,solo,60,500,0.000,0.000,1.000,—,—,3.00,1.000,—,0.000
trio-utility,1,7,solo,180,500,0.000,0.000,1.000,—,—,3.00,1.000,—,0.000
trio-utility,1,7,pack,60,500,0.000,0.000,1.000,—,—,3.00,1.000,—,0.000
trio-utility,1,7,pack,180,500,0.000,0.000,1.000,—,—,3.00,1.000,—,0.000
trio-utility,1,7,boss,60,500,0.000,0.000,1.000,—,—,3.00,1.000,—,0.000
trio-utility,1,7,boss,180,500,0.000,0.000,1.000,—,—,3.00,1.000,—,0.000
trio-utility,1,8,solo,60,500,0.000,0.000,1.000,—,—,3.00,1.000,—,0.000
trio-utility,1,8,solo,180,500,0.000,0.000,1.000,—,—,3.00,1.000,—,0.000
trio-utility,1,8,pack,60,500,0.000,0.000,1.000,—,—,3.00,1.000,—,0.000
trio-utility,1,8,pack,180,500,0.000,0.000,1.000,—,—,3.00,1.000,—,0.000
trio-utility,1,8,boss,60,500,0.000,0.000,1.000,—,—,3.00,1.000,—,0.000
trio-utility,1,8,boss,180,500,0.000,0.000,1.000,—,—,3.00,1.000,—,0.000
trio-utility,5,1,solo,60,500,1.000,0.000,0.000,0.966,2.8,0.00,0.034,—,1.512
trio-utility,5,1,solo,180,500,1.000,0.000,0.000,0.966,2.8,0.00,0.034,—,1.512
trio-utility,5,1,pack,60,500,1.000,0.000,0.000,0.765,11.0,0.00,0.235,—,1.410
trio-utility,5,1,pack,180,500,1.000,0.000,0.000,0.765,11.0,0.00,0.235,—,1.410
trio-utility,5,1,boss,60,500,1.000,0.000,0.000,0.671,21.3,0.80,0.329,—,1.362
trio-utility,5,1,boss,180,500,1.000,0.000,0.000,0.672,21.3,0.79,0.328,—,1.363
trio-utility,5,2,solo,60,500,1.000,0.000,0.000,0.912,4.1,0.00,0.088,—,1.485
trio-utility,5,2,solo,180,500,1.000,0.000,0.000,0.912,4.1,0.00,0.088,—,1.485
trio-utility,5,2,pack,60,500,0.000,0.000,1.000,—,—,3.00,1.000,—,0.000
trio-utility,5,2,pack,180,500,0.000,0.000,1.000,—,—,3.00,1.000,—,0.000
trio-utility,5,2,boss,60,500,0.000,0.000,1.000,—,—,3.00,1.000,—,0.000
trio-utility,5,2,boss,180,500,0.000,0.000,1.000,—,—,3.00,1.000,—,0.000
trio-utility,5,3,solo,60,500,1.000,0.000,0.000,0.678,6.7,0.00,0.322,—,1.366
trio-utility,5,3,solo,180,500,1.000,0.000,0.000,0.678,6.7,0.00,0.322,—,1.366
trio-utility,5,3,pack,60,500,0.000,0.000,1.000,—,—,3.00,1.000,—,0.000
trio-utility,5,3,pack,180,500,0.000,0.000,1.000,—,—,3.00,1.000,—,0.000
trio-utility,5,3,boss,60,500,0.000,0.000,1.000,—,—,3.00,1.000,—,0.000
trio-utility,5,3,boss,180,500,0.000,0.000,1.000,—,—,3.00,1.000,—,0.000
trio-utility,5,4,solo,60,500,0.000,0.000,1.000,—,—,3.00,1.000,—,0.000
trio-utility,5,4,solo,180,500,0.000,0.000,1.000,—,—,3.00,1.000,—,0.000
trio-utility,5,4,pack,60,500,0.000,0.000,1.000,—,—,3.00,1.000,—,0.000
trio-utility,5,4,pack,180,500,0.000,0.000,1.000,—,—,3.00,1.000,—,0.000
trio-utility,5,4,boss,60,500,0.000,0.000,1.000,—,—,3.00,1.000,—,0.000
trio-utility,5,4,boss,180,500,0.000,0.000,1.000,—,—,3.00,1.000,—,0.000
trio-utility,5,5,solo,60,500,0.000,0.000,1.000,—,—,3.00,1.000,—,0.000
trio-utility,5,5,solo,180,500,0.000,0.000,1.000,—,—,3.00,1.000,—,0.000
trio-utility,5,5,pack,60,500,0.000,0.000,1.000,—,—,3.00,1.000,—,0.000
trio-utility,5,5,pack,180,500,0.000,0.000,1.000,—,—,3.00,1.000,—,0.000
trio-utility,5,5,boss,60,500,0.000,0.000,1.000,—,—,3.00,1.000,—,0.000
trio-utility,5,5,boss,180,500,0.000,0.000,1.000,—,—,3.00,1.000,—,0.000
trio-utility,5,6,solo,60,500,0.000,0.000,1.000,—,—,3.00,1.000,—,0.000
trio-utility,5,6,solo,180,500,0.000,0.000,1.000,—,—,3.00,1.000,—,0.000
trio-utility,5,6,pack,60,500,0.000,0.000,1.000,—,—,3.00,1.000,—,0.000
trio-utility,5,6,pack,180,500,0.000,0.000,1.000,—,—,3.00,1.000,—,0.000
trio-utility,5,6,boss,60,500,0.000,0.000,1.000,—,—,3.00,1.000,—,0.000
trio-utility,5,6,boss,180,500,0.000,0.000,1.000,—,—,3.00,1.000,—,0.000
trio-utility,5,7,solo,60,500,0.000,0.000,1.000,—,—,3.00,1.000,—,0.000
trio-utility,5,7,solo,180,500,0.000,0.000,1.000,—,—,3.00,1.000,—,0.000
trio-utility,5,7,pack,60,500,0.000,0.000,1.000,—,—,3.00,1.000,—,0.000
trio-utility,5,7,pack,180,500,0.000,0.000,1.000,—,—,3.00,1.000,—,0.000
trio-utility,5,7,boss,60,500,0.000,0.000,1.000,—,—,3.00,1.000,—,0.000
trio-utility,5,7,boss,180,500,0.000,0.000,1.000,—,—,3.00,1.000,—,0.000
trio-utility,5,8,solo,60,500,0.000,0.000,1.000,—,—,3.00,1.000,—,0.000
trio-utility,5,8,solo,180,500,0.000,0.000,1.000,—,—,3.00,1.000,—,0.000
trio-utility,5,8,pack,60,500,0.000,0.000,1.000,—,—,3.00,1.000,—,0.000
trio-utility,5,8,pack,180,500,0.000,0.000,1.000,—,—,3.00,1.000,—,0.000
trio-utility,5,8,boss,60,500,0.000,0.000,1.000,—,—,3.00,1.000,—,0.000
trio-utility,5,8,boss,180,500,0.000,0.000,1.000,—,—,3.00,1.000,—,0.000
trio-utility,10,1,solo,60,500,1.000,0.000,0.000,0.974,0.9,0.00,0.026,—,1.547
trio-utility,10,1,solo,180,500,1.000,0.000,0.000,0.974,0.9,0.00,0.026,—,1.547
trio-utility,10,1,pack,60,500,1.000,0.000,0.000,0.866,7.5,0.00,0.134,—,1.491
trio-utility,10,1,pack,180,500,1.000,0.000,0.000,0.866,7.5,0.00,0.134,—,1.491
trio-utility,10,1,boss,60,500,1.000,0.000,0.000,0.847,13.1,0.00,0.153,—,1.480
trio-utility,10,1,boss,180,500,1.000,0.000,0.000,0.847,13.1,0.00,0.153,—,1.480
trio-utility,10,2,solo,60,500,1.000,0.000,0.000,0.930,2.6,0.00,0.070,—,1.524
trio-utility,10,2,solo,180,500,1.000,0.000,0.000,0.929,2.6,0.00,0.071,—,1.523
trio-utility,10,2,pack,60,500,1.000,0.000,0.000,0.662,9.5,0.00,0.338,—,1.384
trio-utility,10,2,pack,180,500,1.000,0.000,0.000,0.662,9.5,0.00,0.338,—,1.384
trio-utility,10,2,boss,60,500,1.000,0.000,0.000,0.045,40.2,2.00,0.955,—,1.063
trio-utility,10,2,boss,180,500,1.000,0.000,0.000,0.044,40.2,2.00,0.956,—,1.063
trio-utility,10,3,solo,60,500,1.000,0.000,0.000,0.853,4.2,0.00,0.147,—,1.484
trio-utility,10,3,solo,180,500,1.000,0.000,0.000,0.853,4.3,0.00,0.147,—,1.484
trio-utility,10,3,pack,60,500,0.000,0.000,1.000,—,—,3.00,1.000,—,0.000
trio-utility,10,3,pack,180,500,0.000,0.000,1.000,—,—,3.00,1.000,—,0.000
trio-utility,10,3,boss,60,500,0.000,0.000,1.000,—,—,3.00,1.000,—,0.000
trio-utility,10,3,boss,180,500,0.000,0.000,1.000,—,—,3.00,1.000,—,0.000
trio-utility,10,4,solo,60,500,1.000,0.000,0.000,0.438,8.5,1.00,0.562,—,1.268
trio-utility,10,4,solo,180,500,1.000,0.000,0.000,0.438,8.5,1.00,0.562,—,1.268
trio-utility,10,4,pack,60,500,0.000,0.000,1.000,—,—,3.00,1.000,—,0.000
trio-utility,10,4,pack,180,500,0.000,0.000,1.000,—,—,3.00,1.000,—,0.000
trio-utility,10,4,boss,60,500,0.000,0.000,1.000,—,—,3.00,1.000,—,0.000
trio-utility,10,4,boss,180,500,0.000,0.000,1.000,—,—,3.00,1.000,—,0.000
trio-utility,10,5,solo,60,500,0.000,0.000,1.000,—,—,3.00,1.000,—,0.000
trio-utility,10,5,solo,180,500,0.000,0.000,1.000,—,—,3.00,1.000,—,0.000
trio-utility,10,5,pack,60,500,0.000,0.000,1.000,—,—,3.00,1.000,—,0.000
trio-utility,10,5,pack,180,500,0.000,0.000,1.000,—,—,3.00,1.000,—,0.000
trio-utility,10,5,boss,60,500,0.000,0.000,1.000,—,—,3.00,1.000,—,0.000
trio-utility,10,5,boss,180,500,0.000,0.000,1.000,—,—,3.00,1.000,—,0.000
trio-utility,10,6,solo,60,500,0.000,0.000,1.000,—,—,3.00,1.000,—,0.000
trio-utility,10,6,solo,180,500,0.000,0.000,1.000,—,—,3.00,1.000,—,0.000
trio-utility,10,6,pack,60,500,0.000,0.000,1.000,—,—,3.00,1.000,—,0.000
trio-utility,10,6,pack,180,500,0.000,0.000,1.000,—,—,3.00,1.000,—,0.000
trio-utility,10,6,boss,60,500,0.000,0.000,1.000,—,—,3.00,1.000,—,0.000
trio-utility,10,6,boss,180,500,0.000,0.000,1.000,—,—,3.00,1.000,—,0.000
trio-utility,10,7,solo,60,500,0.000,0.000,1.000,—,—,3.00,1.000,—,0.000
trio-utility,10,7,solo,180,500,0.000,0.000,1.000,—,—,3.00,1.000,—,0.000
trio-utility,10,7,pack,60,500,0.000,0.000,1.000,—,—,3.00,1.000,—,0.000
trio-utility,10,7,pack,180,500,0.000,0.000,1.000,—,—,3.00,1.000,—,0.000
trio-utility,10,7,boss,60,500,0.000,0.000,1.000,—,—,3.00,1.000,—,0.000
trio-utility,10,7,boss,180,500,0.000,0.000,1.000,—,—,3.00,1.000,—,0.000
trio-utility,10,8,solo,60,500,0.000,0.000,1.000,—,—,3.00,1.000,—,0.000
trio-utility,10,8,solo,180,500,0.000,0.000,1.000,—,—,3.00,1.000,—,0.000
trio-utility,10,8,pack,60,500,0.000,0.000,1.000,—,—,3.00,1.000,—,0.000
trio-utility,10,8,pack,180,500,0.000,0.000,1.000,—,—,3.00,1.000,—,0.000
trio-utility,10,8,boss,60,500,0.000,0.000,1.000,—,—,3.00,1.000,—,0.000
trio-utility,10,8,boss,180,500,0.000,0.000,1.000,—,—,3.00,1.000,—,0.000
trio-utility,20,1,solo,60,500,1.000,0.000,0.000,1.000,0.0,0.00,0.000,—,1.620
trio-utility,20,1,solo,180,500,1.000,0.000,0.000,1.000,0.0,0.00,0.000,—,1.620
trio-utility,20,1,pack,60,500,1.000,0.000,0.000,0.967,2.9,0.00,0.033,—,1.602
trio-utility,20,1,pack,180,500,1.000,0.000,0.000,0.967,2.9,0.00,0.033,—,1.602
trio-utility,20,1,boss,60,500,1.000,0.000,0.000,0.962,4.8,0.00,0.038,—,1.600
trio-utility,20,1,boss,180,500,1.000,0.000,0.000,0.962,4.8,0.00,0.038,—,1.600
trio-utility,20,2,solo,60,500,1.000,0.000,0.000,0.978,0.5,0.00,0.022,—,1.608
trio-utility,20,2,solo,180,500,1.000,0.000,0.000,0.977,0.5,0.00,0.023,—,1.608
trio-utility,20,2,pack,60,500,1.000,0.000,0.000,0.889,3.9,0.00,0.111,—,1.560
trio-utility,20,2,pack,180,500,1.000,0.000,0.000,0.888,3.9,0.00,0.112,—,1.560
trio-utility,20,2,boss,60,500,1.000,0.000,0.000,0.869,7.7,0.00,0.131,—,1.549
trio-utility,20,2,boss,180,500,1.000,0.000,0.000,0.869,7.7,0.00,0.131,—,1.549
trio-utility,20,3,solo,60,500,1.000,0.000,0.000,0.967,1.0,0.00,0.033,—,1.602
trio-utility,20,3,solo,180,500,1.000,0.000,0.000,0.967,1.0,0.00,0.033,—,1.602
trio-utility,20,3,pack,60,500,1.000,0.000,0.000,0.727,4.8,0.00,0.273,—,1.472
trio-utility,20,3,pack,180,500,1.000,0.000,0.000,0.727,4.8,0.00,0.273,—,1.472
trio-utility,20,3,boss,60,500,1.000,0.000,0.000,0.422,16.9,1.00,0.578,—,1.308
trio-utility,20,3,boss,180,500,1.000,0.000,0.000,0.426,16.8,1.00,0.574,—,1.310
trio-utility,20,4,solo,60,500,1.000,0.000,0.000,0.906,1.9,0.00,0.094,—,1.569
trio-utility,20,4,solo,180,500,1.000,0.000,0.000,0.906,1.9,0.00,0.094,—,1.569
trio-utility,20,4,pack,60,500,0.000,0.000,1.000,—,—,3.00,1.000,—,0.000
trio-utility,20,4,pack,180,500,0.000,0.000,1.000,—,—,3.00,1.000,—,0.000
trio-utility,20,4,boss,60,500,0.000,0.000,1.000,—,—,3.00,1.000,—,0.000
trio-utility,20,4,boss,180,500,0.000,0.000,1.000,—,—,3.00,1.000,—,0.000
trio-utility,20,5,solo,60,500,1.000,0.000,0.000,0.648,3.4,0.00,0.352,—,1.430
trio-utility,20,5,solo,180,500,1.000,0.000,0.000,0.648,3.4,0.00,0.352,—,1.430
trio-utility,20,5,pack,60,500,0.000,0.000,1.000,—,—,3.00,1.000,—,0.000
trio-utility,20,5,pack,180,500,0.000,0.000,1.000,—,—,3.00,1.000,—,0.000
trio-utility,20,5,boss,60,500,0.000,0.000,1.000,—,—,3.00,1.000,—,0.000
trio-utility,20,5,boss,180,500,0.000,0.000,1.000,—,—,3.00,1.000,—,0.000
trio-utility,20,6,solo,60,500,0.000,0.000,1.000,—,—,3.00,1.000,—,0.000
trio-utility,20,6,solo,180,500,0.000,0.000,1.000,—,—,3.00,1.000,—,0.000
trio-utility,20,6,pack,60,500,0.000,0.000,1.000,—,—,3.00,1.000,—,0.000
trio-utility,20,6,pack,180,500,0.000,0.000,1.000,—,—,3.00,1.000,—,0.000
trio-utility,20,6,boss,60,500,0.000,0.000,1.000,—,—,3.00,1.000,—,0.000
trio-utility,20,6,boss,180,500,0.000,0.000,1.000,—,—,3.00,1.000,—,0.000
trio-utility,20,7,solo,60,500,0.000,0.000,1.000,—,—,3.00,1.000,—,0.000
trio-utility,20,7,solo,180,500,0.000,0.000,1.000,—,—,3.00,1.000,—,0.000
trio-utility,20,7,pack,60,500,0.000,0.000,1.000,—,—,3.00,1.000,—,0.000
trio-utility,20,7,pack,180,500,0.000,0.000,1.000,—,—,3.00,1.000,—,0.000
trio-utility,20,7,boss,60,500,0.000,0.000,1.000,—,—,3.00,1.000,—,0.000
trio-utility,20,7,boss,180,500,0.000,0.000,1.000,—,—,3.00,1.000,—,0.000
trio-utility,20,8,solo,60,500,0.000,0.000,1.000,—,—,3.00,1.000,—,0.000
trio-utility,20,8,solo,180,500,0.000,0.000,1.000,—,—,3.00,1.000,—,0.000
trio-utility,20,8,pack,60,500,0.000,0.000,1.000,—,—,3.00,1.000,—,0.000
trio-utility,20,8,pack,180,500,0.000,0.000,1.000,—,—,3.00,1.000,—,0.000
trio-utility,20,8,boss,60,500,0.000,0.000,1.000,—,—,3.00,1.000,—,0.000
trio-utility,20,8,boss,180,500,0.000,0.000,1.000,—,—,3.00,1.000,—,0.000
trio-utility,35,1,solo,60,500,1.000,0.000,0.000,1.000,0.0,0.00,0.000,—,1.710
trio-utility,35,1,solo,180,500,1.000,0.000,0.000,1.000,0.0,0.00,0.000,—,1.710
trio-utility,35,1,pack,60,500,1.000,0.000,0.000,0.980,0.8,0.00,0.020,—,1.699
trio-utility,35,1,pack,180,500,1.000,0.000,0.000,0.980,0.8,0.00,0.020,—,1.699
trio-utility,35,1,boss,60,500,1.000,0.000,0.000,0.985,1.9,0.00,0.015,—,1.701
trio-utility,35,1,boss,180,500,1.000,0.000,0.000,0.985,1.9,0.00,0.015,—,1.701
trio-utility,35,2,solo,60,500,1.000,0.000,0.000,1.000,0.0,0.00,0.000,—,1.710
trio-utility,35,2,solo,180,500,1.000,0.000,0.000,1.000,0.0,0.00,0.000,—,1.710
trio-utility,35,2,pack,60,500,1.000,0.000,0.000,0.971,1.6,0.00,0.029,—,1.693
trio-utility,35,2,pack,180,500,1.000,0.000,0.000,0.971,1.6,0.00,0.029,—,1.693
trio-utility,35,2,boss,60,500,1.000,0.000,0.000,0.957,2.7,0.00,0.043,—,1.685
trio-utility,35,2,boss,180,500,1.000,0.000,0.000,0.957,2.7,0.00,0.043,—,1.685
trio-utility,35,3,solo,60,500,1.000,0.000,0.000,1.000,0.0,0.00,0.000,—,1.710
trio-utility,35,3,solo,180,500,1.000,0.000,0.000,1.000,0.0,0.00,0.000,—,1.710
trio-utility,35,3,pack,60,500,1.000,0.000,0.000,0.938,2.2,0.00,0.062,—,1.675
trio-utility,35,3,pack,180,500,1.000,0.000,0.000,0.938,2.2,0.00,0.062,—,1.675
trio-utility,35,3,boss,60,500,1.000,0.000,0.000,0.903,4.3,0.00,0.097,—,1.654
trio-utility,35,3,boss,180,500,1.000,0.000,0.000,0.903,4.3,0.00,0.097,—,1.654
trio-utility,35,4,solo,60,500,1.000,0.000,0.000,0.972,0.5,0.00,0.028,—,1.694
trio-utility,35,4,solo,180,500,1.000,0.000,0.000,0.972,0.5,0.00,0.028,—,1.694
trio-utility,35,4,pack,60,500,1.000,0.000,0.000,0.820,3.2,0.00,0.180,—,1.607
trio-utility,35,4,pack,180,500,1.000,0.000,0.000,0.820,3.2,0.00,0.180,—,1.607
trio-utility,35,4,boss,60,500,1.000,0.000,0.000,0.701,5.7,0.00,0.299,—,1.539
trio-utility,35,4,boss,180,500,1.000,0.000,0.000,0.701,5.7,0.00,0.299,—,1.539
trio-utility,35,5,solo,60,500,1.000,0.000,0.000,0.910,0.8,0.00,0.090,—,1.659
trio-utility,35,5,solo,180,500,1.000,0.000,0.000,0.910,0.8,0.00,0.090,—,1.659
trio-utility,35,5,pack,60,500,0.006,0.000,0.994,0.038,12.9,2.99,1.000,—,0.007
trio-utility,35,5,pack,180,500,0.004,0.000,0.996,0.038,12.9,3.00,1.000,—,0.005
trio-utility,35,5,boss,60,500,0.000,0.000,1.000,—,—,3.00,1.000,—,0.000
trio-utility,35,5,boss,180,500,0.000,0.000,1.000,—,—,3.00,1.000,—,0.000
trio-utility,35,6,solo,60,500,1.000,0.000,0.000,0.803,1.6,0.00,0.197,—,1.598
trio-utility,35,6,solo,180,500,1.000,0.000,0.000,0.803,1.6,0.00,0.197,—,1.598
trio-utility,35,6,pack,60,500,0.000,0.000,1.000,—,—,3.00,1.000,—,0.000
trio-utility,35,6,pack,180,500,0.000,0.000,1.000,—,—,3.00,1.000,—,0.000
trio-utility,35,6,boss,60,500,0.000,0.000,1.000,—,—,3.00,1.000,—,0.000
trio-utility,35,6,boss,180,500,0.000,0.000,1.000,—,—,3.00,1.000,—,0.000
trio-utility,35,7,solo,60,500,0.000,0.000,1.000,—,—,3.00,1.000,—,0.000
trio-utility,35,7,solo,180,500,0.000,0.000,1.000,—,—,3.00,1.000,—,0.000
trio-utility,35,7,pack,60,500,0.000,0.000,1.000,—,—,3.00,1.000,—,0.000
trio-utility,35,7,pack,180,500,0.000,0.000,1.000,—,—,3.00,1.000,—,0.000
trio-utility,35,7,boss,60,500,0.000,0.000,1.000,—,—,3.00,1.000,—,0.000
trio-utility,35,7,boss,180,500,0.000,0.000,1.000,—,—,3.00,1.000,—,0.000
trio-utility,35,8,solo,60,500,0.000,0.000,1.000,—,—,3.00,1.000,—,0.000
trio-utility,35,8,solo,180,500,0.000,0.000,1.000,—,—,3.00,1.000,—,0.000
trio-utility,35,8,pack,60,500,0.000,0.000,1.000,—,—,3.00,1.000,—,0.000
trio-utility,35,8,pack,180,500,0.000,0.000,1.000,—,—,3.00,1.000,—,0.000
trio-utility,35,8,boss,60,500,0.000,0.000,1.000,—,—,3.00,1.000,—,0.000
trio-utility,35,8,boss,180,500,0.000,0.000,1.000,—,—,3.00,1.000,—,0.000
trio-utility,50,1,solo,60,500,1.000,0.000,0.000,1.000,0.0,0.00,0.000,—,1.800
trio-utility,50,1,solo,180,500,1.000,0.000,0.000,1.000,0.0,0.00,0.000,—,1.800
trio-utility,50,1,pack,60,500,1.000,0.000,0.000,0.986,0.5,0.00,0.014,—,1.792
trio-utility,50,1,pack,180,500,1.000,0.000,0.000,0.986,0.5,0.00,0.014,—,1.792
trio-utility,50,1,boss,60,500,1.000,0.000,0.000,0.989,0.9,0.00,0.011,—,1.794
trio-utility,50,1,boss,180,500,1.000,0.000,0.000,0.989,0.9,0.00,0.011,—,1.794
trio-utility,50,2,solo,60,500,1.000,0.000,0.000,1.000,0.0,0.00,0.000,—,1.800
trio-utility,50,2,solo,180,500,1.000,0.000,0.000,1.000,0.0,0.00,0.000,—,1.800
trio-utility,50,2,pack,60,500,1.000,0.000,0.000,0.980,0.5,0.00,0.020,—,1.788
trio-utility,50,2,pack,180,500,1.000,0.000,0.000,0.980,0.5,0.00,0.020,—,1.788
trio-utility,50,2,boss,60,500,1.000,0.000,0.000,0.985,1.2,0.00,0.015,—,1.791
trio-utility,50,2,boss,180,500,1.000,0.000,0.000,0.985,1.2,0.00,0.015,—,1.791
trio-utility,50,3,solo,60,500,1.000,0.000,0.000,1.000,0.0,0.00,0.000,—,1.800
trio-utility,50,3,solo,180,500,1.000,0.000,0.000,1.000,0.0,0.00,0.000,—,1.800
trio-utility,50,3,pack,60,500,1.000,0.000,0.000,0.972,1.1,0.00,0.028,—,1.783
trio-utility,50,3,pack,180,500,1.000,0.000,0.000,0.972,1.1,0.00,0.028,—,1.783
trio-utility,50,3,boss,60,500,1.000,0.000,0.000,0.952,1.8,0.00,0.048,—,1.771
trio-utility,50,3,boss,180,500,1.000,0.000,0.000,0.952,1.8,0.00,0.048,—,1.771
trio-utility,50,4,solo,60,500,1.000,0.000,0.000,0.982,0.2,0.00,0.018,—,1.789
trio-utility,50,4,solo,180,500,1.000,0.000,0.000,0.982,0.2,0.00,0.018,—,1.789
trio-utility,50,4,pack,60,500,1.000,0.000,0.000,0.919,1.6,0.00,0.081,—,1.751
trio-utility,50,4,pack,180,500,1.000,0.000,0.000,0.919,1.6,0.00,0.081,—,1.751
trio-utility,50,4,boss,60,500,1.000,0.000,0.000,0.892,3.0,0.00,0.108,—,1.735
trio-utility,50,4,boss,180,500,1.000,0.000,0.000,0.892,3.0,0.00,0.108,—,1.735
trio-utility,50,5,solo,60,500,1.000,0.000,0.000,0.973,0.3,0.00,0.027,—,1.784
trio-utility,50,5,solo,180,500,1.000,0.000,0.000,0.973,0.3,0.00,0.027,—,1.784
trio-utility,50,5,pack,60,500,1.000,0.000,0.000,0.811,2.1,0.00,0.189,—,1.687
trio-utility,50,5,pack,180,500,1.000,0.000,0.000,0.811,2.1,0.00,0.189,—,1.687
trio-utility,50,5,boss,60,500,1.000,0.000,0.000,0.732,3.9,0.00,0.268,—,1.639
trio-utility,50,5,boss,180,500,1.000,0.000,0.000,0.732,3.9,0.00,0.268,—,1.639
trio-utility,50,6,solo,60,500,1.000,0.000,0.000,0.909,0.7,0.00,0.091,—,1.745
trio-utility,50,6,solo,180,500,1.000,0.000,0.000,0.910,0.7,0.00,0.090,—,1.746
trio-utility,50,6,pack,60,500,0.064,0.000,0.936,0.024,11.1,2.94,0.998,—,0.078
trio-utility,50,6,pack,180,500,0.054,0.000,0.946,0.016,11.3,2.95,0.999,—,0.065
trio-utility,50,6,boss,60,500,0.000,0.000,1.000,—,—,3.00,1.000,—,0.000
trio-utility,50,6,boss,180,500,0.000,0.000,1.000,—,—,3.00,1.000,—,0.000
trio-utility,50,7,solo,60,500,1.000,0.000,0.000,0.795,1.1,0.00,0.205,—,1.677
trio-utility,50,7,solo,180,500,1.000,0.000,0.000,0.795,1.1,0.00,0.205,—,1.677
trio-utility,50,7,pack,60,500,0.000,0.000,1.000,—,—,3.00,1.000,—,0.000
trio-utility,50,7,pack,180,500,0.000,0.000,1.000,—,—,3.00,1.000,—,0.000
trio-utility,50,7,boss,60,500,0.000,0.000,1.000,—,—,3.00,1.000,—,0.000
trio-utility,50,7,boss,180,500,0.000,0.000,1.000,—,—,3.00,1.000,—,0.000
trio-utility,50,8,solo,60,500,0.000,0.000,1.000,—,—,3.00,1.000,—,0.000
trio-utility,50,8,solo,180,500,0.000,0.000,1.000,—,—,3.00,1.000,—,0.000
trio-utility,50,8,pack,60,500,0.000,0.000,1.000,—,—,3.00,1.000,—,0.000
trio-utility,50,8,pack,180,500,0.000,0.000,1.000,—,—,3.00,1.000,—,0.000
trio-utility,50,8,boss,60,500,0.000,0.000,1.000,—,—,3.00,1.000,—,0.000
trio-utility,50,8,boss,180,500,0.000,0.000,1.000,—,—,3.00,1.000,—,0.000
trio-gatherers,1,1,solo,60,500,1.000,0.000,0.000,0.922,6.0,0.00,0.078,—,1.467
trio-gatherers,1,1,solo,180,500,1.000,0.000,0.000,0.922,6.0,0.00,0.078,—,1.467
trio-gatherers,1,1,pack,60,500,0.394,0.000,0.606,0.263,36.8,2.56,0.897,—,0.448
trio-gatherers,1,1,pack,180,500,0.426,0.000,0.574,0.260,36.9,2.53,0.889,—,0.483
trio-gatherers,1,1,boss,60,500,0.000,0.000,1.000,—,—,3.00,1.000,—,0.000
trio-gatherers,1,1,boss,180,500,0.000,0.000,1.000,—,—,3.00,1.000,—,0.000
trio-gatherers,1,2,solo,60,500,1.000,0.000,0.000,0.725,9.0,0.00,0.275,—,1.368
trio-gatherers,1,2,solo,180,500,1.000,0.000,0.000,0.727,9.0,0.00,0.273,—,1.369
trio-gatherers,1,2,pack,60,500,0.000,0.000,1.000,—,—,3.00,1.000,—,0.000
trio-gatherers,1,2,pack,180,500,0.000,0.000,1.000,—,—,3.00,1.000,—,0.000
trio-gatherers,1,2,boss,60,500,0.000,0.000,1.000,—,—,3.00,1.000,—,0.000
trio-gatherers,1,2,boss,180,500,0.000,0.000,1.000,—,—,3.00,1.000,—,0.000
trio-gatherers,1,3,solo,60,500,0.002,0.000,0.998,0.224,18.8,3.00,1.000,—,0.002
trio-gatherers,1,3,solo,180,500,0.004,0.000,0.996,0.224,18.8,3.00,0.999,—,0.004
trio-gatherers,1,3,pack,60,500,0.000,0.000,1.000,—,—,3.00,1.000,—,0.000
trio-gatherers,1,3,pack,180,500,0.000,0.000,1.000,—,—,3.00,1.000,—,0.000
trio-gatherers,1,3,boss,60,500,0.000,0.000,1.000,—,—,3.00,1.000,—,0.000
trio-gatherers,1,3,boss,180,500,0.000,0.000,1.000,—,—,3.00,1.000,—,0.000
trio-gatherers,1,4,solo,60,500,0.000,0.000,1.000,—,—,3.00,1.000,—,0.000
trio-gatherers,1,4,solo,180,500,0.000,0.000,1.000,—,—,3.00,1.000,—,0.000
trio-gatherers,1,4,pack,60,500,0.000,0.000,1.000,—,—,3.00,1.000,—,0.000
trio-gatherers,1,4,pack,180,500,0.000,0.000,1.000,—,—,3.00,1.000,—,0.000
trio-gatherers,1,4,boss,60,500,0.000,0.000,1.000,—,—,3.00,1.000,—,0.000
trio-gatherers,1,4,boss,180,500,0.000,0.000,1.000,—,—,3.00,1.000,—,0.000
trio-gatherers,1,5,solo,60,500,0.000,0.000,1.000,—,—,3.00,1.000,—,0.000
trio-gatherers,1,5,solo,180,500,0.000,0.000,1.000,—,—,3.00,1.000,—,0.000
trio-gatherers,1,5,pack,60,500,0.000,0.000,1.000,—,—,3.00,1.000,—,0.000
trio-gatherers,1,5,pack,180,500,0.000,0.000,1.000,—,—,3.00,1.000,—,0.000
trio-gatherers,1,5,boss,60,500,0.000,0.000,1.000,—,—,3.00,1.000,—,0.000
trio-gatherers,1,5,boss,180,500,0.000,0.000,1.000,—,—,3.00,1.000,—,0.000
trio-gatherers,1,6,solo,60,500,0.000,0.000,1.000,—,—,3.00,1.000,—,0.000
trio-gatherers,1,6,solo,180,500,0.000,0.000,1.000,—,—,3.00,1.000,—,0.000
trio-gatherers,1,6,pack,60,500,0.000,0.000,1.000,—,—,3.00,1.000,—,0.000
trio-gatherers,1,6,pack,180,500,0.000,0.000,1.000,—,—,3.00,1.000,—,0.000
trio-gatherers,1,6,boss,60,500,0.000,0.000,1.000,—,—,3.00,1.000,—,0.000
trio-gatherers,1,6,boss,180,500,0.000,0.000,1.000,—,—,3.00,1.000,—,0.000
trio-gatherers,1,7,solo,60,500,0.000,0.000,1.000,—,—,3.00,1.000,—,0.000
trio-gatherers,1,7,solo,180,500,0.000,0.000,1.000,—,—,3.00,1.000,—,0.000
trio-gatherers,1,7,pack,60,500,0.000,0.000,1.000,—,—,3.00,1.000,—,0.000
trio-gatherers,1,7,pack,180,500,0.000,0.000,1.000,—,—,3.00,1.000,—,0.000
trio-gatherers,1,7,boss,60,500,0.000,0.000,1.000,—,—,3.00,1.000,—,0.000
trio-gatherers,1,7,boss,180,500,0.000,0.000,1.000,—,—,3.00,1.000,—,0.000
trio-gatherers,1,8,solo,60,500,0.000,0.000,1.000,—,—,3.00,1.000,—,0.000
trio-gatherers,1,8,solo,180,500,0.000,0.000,1.000,—,—,3.00,1.000,—,0.000
trio-gatherers,1,8,pack,60,500,0.000,0.000,1.000,—,—,3.00,1.000,—,0.000
trio-gatherers,1,8,pack,180,500,0.000,0.000,1.000,—,—,3.00,1.000,—,0.000
trio-gatherers,1,8,boss,60,500,0.000,0.000,1.000,—,—,3.00,1.000,—,0.000
trio-gatherers,1,8,boss,180,500,0.000,0.000,1.000,—,—,3.00,1.000,—,0.000
trio-gatherers,5,1,solo,60,500,1.000,0.000,0.000,0.973,2.5,0.00,0.027,—,1.516
trio-gatherers,5,1,solo,180,500,1.000,0.000,0.000,0.973,2.5,0.00,0.027,—,1.516
trio-gatherers,5,1,pack,60,500,1.000,0.000,0.000,0.736,12.5,0.00,0.264,—,1.395
trio-gatherers,5,1,pack,180,500,1.000,0.000,0.000,0.737,12.5,0.00,0.263,—,1.396
trio-gatherers,5,1,boss,60,500,1.000,0.000,0.000,0.581,29.5,0.91,0.419,—,1.316
trio-gatherers,5,1,boss,180,500,1.000,0.000,0.000,0.590,29.2,0.87,0.410,—,1.321
trio-gatherers,5,2,solo,60,500,1.000,0.000,0.000,0.873,5.0,0.00,0.127,—,1.465
trio-gatherers,5,2,solo,180,500,1.000,0.000,0.000,0.873,5.0,0.00,0.127,—,1.465
trio-gatherers,5,2,pack,60,500,0.000,0.000,1.000,—,—,3.00,1.000,—,0.000
trio-gatherers,5,2,pack,180,500,0.000,0.000,1.000,—,—,3.00,1.000,—,0.000
trio-gatherers,5,2,boss,60,500,0.000,0.000,1.000,—,—,3.00,1.000,—,0.000
trio-gatherers,5,2,boss,180,500,0.000,0.000,1.000,—,—,3.00,1.000,—,0.000
trio-gatherers,5,3,solo,60,500,1.000,0.000,0.000,0.626,8.9,0.69,0.374,—,1.339
trio-gatherers,5,3,solo,180,500,1.000,0.000,0.000,0.621,9.0,0.72,0.379,—,1.337
trio-gatherers,5,3,pack,60,500,0.000,0.000,1.000,—,—,3.00,1.000,—,0.000
trio-gatherers,5,3,pack,180,500,0.000,0.000,1.000,—,—,3.00,1.000,—,0.000
trio-gatherers,5,3,boss,60,500,0.000,0.000,1.000,—,—,3.00,1.000,—,0.000
trio-gatherers,5,3,boss,180,500,0.000,0.000,1.000,—,—,3.00,1.000,—,0.000
trio-gatherers,5,4,solo,60,500,0.002,0.000,0.998,0.024,17.5,3.00,1.000,—,0.002
trio-gatherers,5,4,solo,180,500,0.000,0.000,1.000,—,—,3.00,1.000,—,0.000
trio-gatherers,5,4,pack,60,500,0.000,0.000,1.000,—,—,3.00,1.000,—,0.000
trio-gatherers,5,4,pack,180,500,0.000,0.000,1.000,—,—,3.00,1.000,—,0.000
trio-gatherers,5,4,boss,60,500,0.000,0.000,1.000,—,—,3.00,1.000,—,0.000
trio-gatherers,5,4,boss,180,500,0.000,0.000,1.000,—,—,3.00,1.000,—,0.000
trio-gatherers,5,5,solo,60,500,0.000,0.000,1.000,—,—,3.00,1.000,—,0.000
trio-gatherers,5,5,solo,180,500,0.000,0.000,1.000,—,—,3.00,1.000,—,0.000
trio-gatherers,5,5,pack,60,500,0.000,0.000,1.000,—,—,3.00,1.000,—,0.000
trio-gatherers,5,5,pack,180,500,0.000,0.000,1.000,—,—,3.00,1.000,—,0.000
trio-gatherers,5,5,boss,60,500,0.000,0.000,1.000,—,—,3.00,1.000,—,0.000
trio-gatherers,5,5,boss,180,500,0.000,0.000,1.000,—,—,3.00,1.000,—,0.000
trio-gatherers,5,6,solo,60,500,0.000,0.000,1.000,—,—,3.00,1.000,—,0.000
trio-gatherers,5,6,solo,180,500,0.000,0.000,1.000,—,—,3.00,1.000,—,0.000
trio-gatherers,5,6,pack,60,500,0.000,0.000,1.000,—,—,3.00,1.000,—,0.000
trio-gatherers,5,6,pack,180,500,0.000,0.000,1.000,—,—,3.00,1.000,—,0.000
trio-gatherers,5,6,boss,60,500,0.000,0.000,1.000,—,—,3.00,1.000,—,0.000
trio-gatherers,5,6,boss,180,500,0.000,0.000,1.000,—,—,3.00,1.000,—,0.000
trio-gatherers,5,7,solo,60,500,0.000,0.000,1.000,—,—,3.00,1.000,—,0.000
trio-gatherers,5,7,solo,180,500,0.000,0.000,1.000,—,—,3.00,1.000,—,0.000
trio-gatherers,5,7,pack,60,500,0.000,0.000,1.000,—,—,3.00,1.000,—,0.000
trio-gatherers,5,7,pack,180,500,0.000,0.000,1.000,—,—,3.00,1.000,—,0.000
trio-gatherers,5,7,boss,60,500,0.000,0.000,1.000,—,—,3.00,1.000,—,0.000
trio-gatherers,5,7,boss,180,500,0.000,0.000,1.000,—,—,3.00,1.000,—,0.000
trio-gatherers,5,8,solo,60,500,0.000,0.000,1.000,—,—,3.00,1.000,—,0.000
trio-gatherers,5,8,solo,180,500,0.000,0.000,1.000,—,—,3.00,1.000,—,0.000
trio-gatherers,5,8,pack,60,500,0.000,0.000,1.000,—,—,3.00,1.000,—,0.000
trio-gatherers,5,8,pack,180,500,0.000,0.000,1.000,—,—,3.00,1.000,—,0.000
trio-gatherers,5,8,boss,60,500,0.000,0.000,1.000,—,—,3.00,1.000,—,0.000
trio-gatherers,5,8,boss,180,500,0.000,0.000,1.000,—,—,3.00,1.000,—,0.000
trio-gatherers,10,1,solo,60,500,1.000,0.000,0.000,0.979,1.6,0.00,0.021,—,1.549
trio-gatherers,10,1,solo,180,500,1.000,0.000,0.000,0.979,1.6,0.00,0.021,—,1.549
trio-gatherers,10,1,pack,60,500,1.000,0.000,0.000,0.865,7.1,0.00,0.135,—,1.490
trio-gatherers,10,1,pack,180,500,1.000,0.000,0.000,0.865,7.1,0.00,0.135,—,1.490
trio-gatherers,10,1,boss,60,500,1.000,0.000,0.000,0.833,14.2,0.00,0.167,—,1.473
trio-gatherers,10,1,boss,180,500,1.000,0.000,0.000,0.833,14.2,0.00,0.167,—,1.473
trio-gatherers,10,2,solo,60,500,1.000,0.000,0.000,0.968,1.8,0.00,0.032,—,1.543
trio-gatherers,10,2,solo,180,500,1.000,0.000,0.000,0.968,1.8,0.00,0.032,—,1.543
trio-gatherers,10,2,pack,60,500,1.000,0.000,0.000,0.695,10.8,0.52,0.305,—,1.401
trio-gatherers,10,2,pack,180,500,1.000,0.000,0.000,0.695,10.7,0.50,0.305,—,1.401
trio-gatherers,10,2,boss,60,500,0.360,0.000,0.640,0.114,39.1,2.63,0.959,—,0.396
trio-gatherers,10,2,boss,180,500,0.334,0.000,0.666,0.097,39.9,2.66,0.968,—,0.364
trio-gatherers,10,3,solo,60,500,1.000,0.000,0.000,0.810,4.7,0.00,0.190,—,1.461
trio-gatherers,10,3,solo,180,500,1.000,0.000,0.000,0.809,4.7,0.00,0.191,—,1.461
trio-gatherers,10,3,pack,60,500,0.000,0.000,1.000,—,—,3.00,1.000,—,0.000
trio-gatherers,10,3,pack,180,500,0.000,0.000,1.000,—,—,3.00,1.000,—,0.000
trio-gatherers,10,3,boss,60,500,0.000,0.000,1.000,—,—,3.00,1.000,—,0.000
trio-gatherers,10,3,boss,180,500,0.000,0.000,1.000,—,—,3.00,1.000,—,0.000
trio-gatherers,10,4,solo,60,500,1.000,0.000,0.000,0.421,9.5,0.94,0.579,—,1.259
trio-gatherers,10,4,solo,180,500,1.000,0.000,0.000,0.421,9.6,0.93,0.579,—,1.259
trio-gatherers,10,4,pack,60,500,0.000,0.000,1.000,—,—,3.00,1.000,—,0.000
trio-gatherers,10,4,pack,180,500,0.000,0.000,1.000,—,—,3.00,1.000,—,0.000
trio-gatherers,10,4,boss,60,500,0.000,0.000,1.000,—,—,3.00,1.000,—,0.000
trio-gatherers,10,4,boss,180,500,0.000,0.000,1.000,—,—,3.00,1.000,—,0.000
trio-gatherers,10,5,solo,60,500,0.000,0.000,1.000,—,—,3.00,1.000,—,0.000
trio-gatherers,10,5,solo,180,500,0.000,0.000,1.000,—,—,3.00,1.000,—,0.000
trio-gatherers,10,5,pack,60,500,0.000,0.000,1.000,—,—,3.00,1.000,—,0.000
trio-gatherers,10,5,pack,180,500,0.000,0.000,1.000,—,—,3.00,1.000,—,0.000
trio-gatherers,10,5,boss,60,500,0.000,0.000,1.000,—,—,3.00,1.000,—,0.000
trio-gatherers,10,5,boss,180,500,0.000,0.000,1.000,—,—,3.00,1.000,—,0.000
trio-gatherers,10,6,solo,60,500,0.000,0.000,1.000,—,—,3.00,1.000,—,0.000
trio-gatherers,10,6,solo,180,500,0.000,0.000,1.000,—,—,3.00,1.000,—,0.000
trio-gatherers,10,6,pack,60,500,0.000,0.000,1.000,—,—,3.00,1.000,—,0.000
trio-gatherers,10,6,pack,180,500,0.000,0.000,1.000,—,—,3.00,1.000,—,0.000
trio-gatherers,10,6,boss,60,500,0.000,0.000,1.000,—,—,3.00,1.000,—,0.000
trio-gatherers,10,6,boss,180,500,0.000,0.000,1.000,—,—,3.00,1.000,—,0.000
trio-gatherers,10,7,solo,60,500,0.000,0.000,1.000,—,—,3.00,1.000,—,0.000
trio-gatherers,10,7,solo,180,500,0.000,0.000,1.000,—,—,3.00,1.000,—,0.000
trio-gatherers,10,7,pack,60,500,0.000,0.000,1.000,—,—,3.00,1.000,—,0.000
trio-gatherers,10,7,pack,180,500,0.000,0.000,1.000,—,—,3.00,1.000,—,0.000
trio-gatherers,10,7,boss,60,500,0.000,0.000,1.000,—,—,3.00,1.000,—,0.000
trio-gatherers,10,7,boss,180,500,0.000,0.000,1.000,—,—,3.00,1.000,—,0.000
trio-gatherers,10,8,solo,60,500,0.000,0.000,1.000,—,—,3.00,1.000,—,0.000
trio-gatherers,10,8,solo,180,500,0.000,0.000,1.000,—,—,3.00,1.000,—,0.000
trio-gatherers,10,8,pack,60,500,0.000,0.000,1.000,—,—,3.00,1.000,—,0.000
trio-gatherers,10,8,pack,180,500,0.000,0.000,1.000,—,—,3.00,1.000,—,0.000
trio-gatherers,10,8,boss,60,500,0.000,0.000,1.000,—,—,3.00,1.000,—,0.000
trio-gatherers,10,8,boss,180,500,0.000,0.000,1.000,—,—,3.00,1.000,—,0.000
trio-gatherers,20,1,solo,60,500,1.000,0.000,0.000,1.000,0.0,0.00,0.000,—,1.620
trio-gatherers,20,1,solo,180,500,1.000,0.000,0.000,1.000,0.0,0.00,0.000,—,1.620
trio-gatherers,20,1,pack,60,500,1.000,0.000,0.000,0.957,3.1,0.00,0.043,—,1.597
trio-gatherers,20,1,pack,180,500,1.000,0.000,0.000,0.956,3.1,0.00,0.044,—,1.596
trio-gatherers,20,1,boss,60,500,1.000,0.000,0.000,0.940,6.2,0.00,0.060,—,1.587
trio-gatherers,20,1,boss,180,500,1.000,0.000,0.000,0.940,6.2,0.00,0.060,—,1.588
trio-gatherers,20,2,solo,60,500,1.000,0.000,0.000,0.978,1.0,0.00,0.022,—,1.608
trio-gatherers,20,2,solo,180,500,1.000,0.000,0.000,0.978,1.0,0.00,0.022,—,1.608
trio-gatherers,20,2,pack,60,500,1.000,0.000,0.000,0.864,5.2,0.00,0.136,—,1.547
trio-gatherers,20,2,pack,180,500,1.000,0.000,0.000,0.865,5.2,0.00,0.135,—,1.547
trio-gatherers,20,2,boss,60,500,1.000,0.000,0.000,0.830,10.3,0.00,0.170,—,1.528
trio-gatherers,20,2,boss,180,500,1.000,0.000,0.000,0.829,10.3,0.00,0.171,—,1.528
trio-gatherers,20,3,solo,60,500,1.000,0.000,0.000,0.968,1.1,0.00,0.032,—,1.603
trio-gatherers,20,3,solo,180,500,1.000,0.000,0.000,0.967,1.1,0.00,0.033,—,1.602
trio-gatherers,20,3,pack,60,500,1.000,0.000,0.000,0.626,9.0,0.58,0.374,—,1.418
trio-gatherers,20,3,pack,180,500,1.000,0.000,0.000,0.625,9.1,0.59,0.375,—,1.417
trio-gatherers,20,3,boss,60,500,0.086,0.000,0.914,0.445,18.7,2.83,0.962,—,0.114
trio-gatherers,20,3,boss,180,500,0.072,0.000,0.928,0.452,18.5,2.86,0.967,—,0.095
trio-gatherers,20,4,solo,60,500,1.000,0.000,0.000,0.864,3.1,0.00,0.136,—,1.547
trio-gatherers,20,4,solo,180,500,1.000,0.000,0.000,0.863,3.1,0.00,0.137,—,1.546
trio-gatherers,20,4,pack,60,500,0.000,0.000,1.000,—,—,3.00,1.000,—,0.000
trio-gatherers,20,4,pack,180,500,0.000,0.000,1.000,—,—,3.00,1.000,—,0.000
trio-gatherers,20,4,boss,60,500,0.000,0.000,1.000,—,—,3.00,1.000,—,0.000
trio-gatherers,20,4,boss,180,500,0.000,0.000,1.000,—,—,3.00,1.000,—,0.000
trio-gatherers,20,5,solo,60,500,1.000,0.000,0.000,0.520,5.9,0.92,0.480,—,1.361
trio-gatherers,20,5,solo,180,500,1.000,0.000,0.000,0.519,5.9,0.93,0.481,—,1.360
trio-gatherers,20,5,pack,60,500,0.000,0.000,1.000,—,—,3.00,1.000,—,0.000
trio-gatherers,20,5,pack,180,500,0.000,0.000,1.000,—,—,3.00,1.000,—,0.000
trio-gatherers,20,5,boss,60,500,0.000,0.000,1.000,—,—,3.00,1.000,—,0.000
trio-gatherers,20,5,boss,180,500,0.000,0.000,1.000,—,—,3.00,1.000,—,0.000
trio-gatherers,20,6,solo,60,500,0.000,0.000,1.000,—,—,3.00,1.000,—,0.000
trio-gatherers,20,6,solo,180,500,0.000,0.000,1.000,—,—,3.00,1.000,—,0.000
trio-gatherers,20,6,pack,60,500,0.000,0.000,1.000,—,—,3.00,1.000,—,0.000
trio-gatherers,20,6,pack,180,500,0.000,0.000,1.000,—,—,3.00,1.000,—,0.000
trio-gatherers,20,6,boss,60,500,0.000,0.000,1.000,—,—,3.00,1.000,—,0.000
trio-gatherers,20,6,boss,180,500,0.000,0.000,1.000,—,—,3.00,1.000,—,0.000
trio-gatherers,20,7,solo,60,500,0.000,0.000,1.000,—,—,3.00,1.000,—,0.000
trio-gatherers,20,7,solo,180,500,0.000,0.000,1.000,—,—,3.00,1.000,—,0.000
trio-gatherers,20,7,pack,60,500,0.000,0.000,1.000,—,—,3.00,1.000,—,0.000
trio-gatherers,20,7,pack,180,500,0.000,0.000,1.000,—,—,3.00,1.000,—,0.000
trio-gatherers,20,7,boss,60,500,0.000,0.000,1.000,—,—,3.00,1.000,—,0.000
trio-gatherers,20,7,boss,180,500,0.000,0.000,1.000,—,—,3.00,1.000,—,0.000
trio-gatherers,20,8,solo,60,500,0.000,0.000,1.000,—,—,3.00,1.000,—,0.000
trio-gatherers,20,8,solo,180,500,0.000,0.000,1.000,—,—,3.00,1.000,—,0.000
trio-gatherers,20,8,pack,60,500,0.000,0.000,1.000,—,—,3.00,1.000,—,0.000
trio-gatherers,20,8,pack,180,500,0.000,0.000,1.000,—,—,3.00,1.000,—,0.000
trio-gatherers,20,8,boss,60,500,0.000,0.000,1.000,—,—,3.00,1.000,—,0.000
trio-gatherers,20,8,boss,180,500,0.000,0.000,1.000,—,—,3.00,1.000,—,0.000
trio-gatherers,35,1,solo,60,500,1.000,0.000,0.000,1.000,0.0,0.00,0.000,—,1.710
trio-gatherers,35,1,solo,180,500,1.000,0.000,0.000,1.000,0.0,0.00,0.000,—,1.710
trio-gatherers,35,1,pack,60,500,1.000,0.000,0.000,0.980,1.4,0.00,0.020,—,1.699
trio-gatherers,35,1,pack,180,500,1.000,0.000,0.000,0.980,1.4,0.00,0.020,—,1.698
trio-gatherers,35,1,boss,60,500,1.000,0.000,0.000,0.974,3.4,0.00,0.026,—,1.695
trio-gatherers,35,1,boss,180,500,1.000,0.000,0.000,0.974,3.4,0.00,0.026,—,1.695
trio-gatherers,35,2,solo,60,500,1.000,0.000,0.000,1.000,0.0,0.00,0.000,—,1.710
trio-gatherers,35,2,solo,180,500,1.000,0.000,0.000,1.000,0.0,0.00,0.000,—,1.710
trio-gatherers,35,2,pack,60,500,1.000,0.000,0.000,0.972,2.0,0.00,0.028,—,1.694
trio-gatherers,35,2,pack,180,500,1.000,0.000,0.000,0.972,2.0,0.00,0.028,—,1.694
trio-gatherers,35,2,boss,60,500,1.000,0.000,0.000,0.962,4.3,0.00,0.038,—,1.688
trio-gatherers,35,2,boss,180,500,1.000,0.000,0.000,0.963,4.3,0.00,0.037,—,1.689
trio-gatherers,35,3,solo,60,500,1.000,0.000,0.000,0.978,0.7,0.00,0.022,—,1.697
trio-gatherers,35,3,solo,180,500,1.000,0.000,0.000,0.977,0.7,0.00,0.023,—,1.697
trio-gatherers,35,3,pack,60,500,1.000,0.000,0.000,0.864,3.4,0.00,0.136,—,1.632
trio-gatherers,35,3,pack,180,500,1.000,0.000,0.000,0.865,3.4,0.00,0.135,—,1.633
trio-gatherers,35,3,boss,60,500,1.000,0.000,0.000,0.828,6.8,0.00,0.172,—,1.612
trio-gatherers,35,3,boss,180,500,1.000,0.000,0.000,0.827,6.8,0.00,0.173,—,1.612
trio-gatherers,35,4,solo,60,500,1.000,0.000,0.000,0.969,0.7,0.00,0.031,—,1.692
trio-gatherers,35,4,solo,180,500,1.000,0.000,0.000,0.968,0.7,0.00,0.032,—,1.692
trio-gatherers,35,4,pack,60,500,1.000,0.000,0.000,0.726,4.9,0.51,0.274,—,1.554
trio-gatherers,35,4,pack,180,500,1.000,0.000,0.000,0.724,4.9,0.52,0.276,—,1.553
trio-gatherers,35,4,boss,60,500,0.382,0.000,0.618,0.168,21.1,2.53,0.936,—,0.472
trio-gatherers,35,4,boss,180,500,0.306,0.000,0.694,0.166,21.1,2.62,0.949,—,0.378
trio-gatherers,35,5,solo,60,500,1.000,0.000,0.000,0.866,2.0,0.00,0.134,—,1.633
trio-gatherers,35,5,solo,180,500,1.000,0.000,0.000,0.867,2.0,0.00,0.133,—,1.634
trio-gatherers,35,5,pack,60,500,0.000,0.000,1.000,—,—,3.00,1.000,—,0.000
trio-gatherers,35,5,pack,180,500,0.000,0.000,1.000,—,—,3.00,1.000,—,0.000
trio-gatherers,35,5,boss,60,500,0.000,0.000,1.000,—,—,3.00,1.000,—,0.000
trio-gatherers,35,5,boss,180,500,0.000,0.000,1.000,—,—,3.00,1.000,—,0.000
trio-gatherers,35,6,solo,60,500,1.000,0.000,0.000,0.422,5.3,1.72,0.578,—,1.380
trio-gatherers,35,6,solo,180,500,1.000,0.000,0.000,0.434,5.3,1.69,0.566,—,1.387
trio-gatherers,35,6,pack,60,500,0.000,0.000,1.000,—,—,3.00,1.000,—,0.000
trio-gatherers,35,6,pack,180,500,0.000,0.000,1.000,—,—,3.00,1.000,—,0.000
trio-gatherers,35,6,boss,60,500,0.000,0.000,1.000,—,—,3.00,1.000,—,0.000
trio-gatherers,35,6,boss,180,500,0.000,0.000,1.000,—,—,3.00,1.000,—,0.000
trio-gatherers,35,7,solo,60,500,0.000,0.000,1.000,—,—,3.00,1.000,—,0.000
trio-gatherers,35,7,solo,180,500,0.000,0.000,1.000,—,—,3.00,1.000,—,0.000
trio-gatherers,35,7,pack,60,500,0.000,0.000,1.000,—,—,3.00,1.000,—,0.000
trio-gatherers,35,7,pack,180,500,0.000,0.000,1.000,—,—,3.00,1.000,—,0.000
trio-gatherers,35,7,boss,60,500,0.000,0.000,1.000,—,—,3.00,1.000,—,0.000
trio-gatherers,35,7,boss,180,500,0.000,0.000,1.000,—,—,3.00,1.000,—,0.000
trio-gatherers,35,8,solo,60,500,0.000,0.000,1.000,—,—,3.00,1.000,—,0.000
trio-gatherers,35,8,solo,180,500,0.000,0.000,1.000,—,—,3.00,1.000,—,0.000
trio-gatherers,35,8,pack,60,500,0.000,0.000,1.000,—,—,3.00,1.000,—,0.000
trio-gatherers,35,8,pack,180,500,0.000,0.000,1.000,—,—,3.00,1.000,—,0.000
trio-gatherers,35,8,boss,60,500,0.000,0.000,1.000,—,—,3.00,1.000,—,0.000
trio-gatherers,35,8,boss,180,500,0.000,0.000,1.000,—,—,3.00,1.000,—,0.000
trio-gatherers,50,1,solo,60,500,1.000,0.000,0.000,1.000,0.0,0.00,0.000,—,1.800
trio-gatherers,50,1,solo,180,500,1.000,0.000,0.000,1.000,0.0,0.00,0.000,—,1.800
trio-gatherers,50,1,pack,60,500,1.000,0.000,0.000,0.985,1.0,0.00,0.015,—,1.791
trio-gatherers,50,1,pack,180,500,1.000,0.000,0.000,0.985,1.0,0.00,0.015,—,1.791
trio-gatherers,50,1,boss,60,500,1.000,0.000,0.000,0.993,2.0,0.00,0.007,—,1.796
trio-gatherers,50,1,boss,180,500,1.000,0.000,0.000,0.993,2.0,0.00,0.007,—,1.796
trio-gatherers,50,2,solo,60,500,1.000,0.000,0.000,1.000,0.0,0.00,0.000,—,1.800
trio-gatherers,50,2,solo,180,500,1.000,0.000,0.000,1.000,0.0,0.00,0.000,—,1.800
trio-gatherers,50,2,pack,60,500,1.000,0.000,0.000,0.977,1.0,0.00,0.023,—,1.786
trio-gatherers,50,2,pack,180,500,1.000,0.000,0.000,0.977,1.0,0.00,0.023,—,1.786
trio-gatherers,50,2,boss,60,500,1.000,0.000,0.000,0.969,2.5,0.00,0.031,—,1.782
trio-gatherers,50,2,boss,180,500,1.000,0.000,0.000,0.969,2.5,0.00,0.031,—,1.782
trio-gatherers,50,3,solo,60,500,1.000,0.000,0.000,1.000,0.0,0.00,0.000,—,1.800
trio-gatherers,50,3,solo,180,500,1.000,0.000,0.000,1.000,0.0,0.00,0.000,—,1.800
trio-gatherers,50,3,pack,60,500,1.000,0.000,0.000,0.950,2.0,0.00,0.050,—,1.770
trio-gatherers,50,3,pack,180,500,1.000,0.000,0.000,0.951,2.0,0.00,0.049,—,1.770
trio-gatherers,50,3,boss,60,500,1.000,0.000,0.000,0.931,3.6,0.00,0.069,—,1.758
trio-gatherers,50,3,boss,180,500,1.000,0.000,0.000,0.930,3.6,0.00,0.070,—,1.758
trio-gatherers,50,4,solo,60,500,1.000,0.000,0.000,0.976,0.5,0.00,0.024,—,1.786
trio-gatherers,50,4,solo,180,500,1.000,0.000,0.000,0.976,0.5,0.00,0.024,—,1.786
trio-gatherers,50,4,pack,60,500,1.000,0.000,0.000,0.854,2.5,0.00,0.146,—,1.712
trio-gatherers,50,4,pack,180,500,1.000,0.000,0.000,0.854,2.5,0.00,0.146,—,1.712
trio-gatherers,50,4,boss,60,500,1.000,0.000,0.000,0.773,5.6,0.00,0.227,—,1.664
trio-gatherers,50,4,boss,180,500,1.000,0.000,0.000,0.773,5.6,0.00,0.227,—,1.664
trio-gatherers,50,5,solo,60,500,1.000,0.000,0.000,0.933,1.0,0.00,0.067,—,1.760
trio-gatherers,50,5,solo,180,500,1.000,0.000,0.000,0.931,1.0,0.00,0.069,—,1.758
trio-gatherers,50,5,pack,60,500,1.000,0.000,0.000,0.261,12.6,1.52,0.739,—,1.357
trio-gatherers,50,5,pack,180,500,1.000,0.000,0.000,0.226,13.4,1.59,0.774,—,1.335
trio-gatherers,50,5,boss,60,500,0.004,0.000,0.996,0.349,12.0,3.00,0.999,—,0.006
trio-gatherers,50,5,boss,180,500,0.000,0.000,1.000,—,—,3.00,1.000,—,0.000
trio-gatherers,50,6,solo,60,500,1.000,0.000,0.000,0.853,1.6,0.00,0.147,—,1.712
trio-gatherers,50,6,solo,180,500,1.000,0.000,0.000,0.852,1.6,0.00,0.148,—,1.711
trio-gatherers,50,6,pack,60,500,0.000,0.000,1.000,—,—,3.00,1.000,—,0.000
trio-gatherers,50,6,pack,180,500,0.000,0.000,1.000,—,—,3.00,1.000,—,0.000
trio-gatherers,50,6,boss,60,500,0.000,0.000,1.000,—,—,3.00,1.000,—,0.000
trio-gatherers,50,6,boss,180,500,0.000,0.000,1.000,—,—,3.00,1.000,—,0.000
trio-gatherers,50,7,solo,60,500,0.038,0.000,0.962,0.238,5.6,2.96,0.991,—,0.051
trio-gatherers,50,7,solo,180,500,0.044,0.000,0.956,0.273,5.4,2.94,0.988,—,0.060
trio-gatherers,50,7,pack,60,500,0.000,0.000,1.000,—,—,3.00,1.000,—,0.000
trio-gatherers,50,7,pack,180,500,0.000,0.000,1.000,—,—,3.00,1.000,—,0.000
trio-gatherers,50,7,boss,60,500,0.000,0.000,1.000,—,—,3.00,1.000,—,0.000
trio-gatherers,50,7,boss,180,500,0.000,0.000,1.000,—,—,3.00,1.000,—,0.000
trio-gatherers,50,8,solo,60,500,0.000,0.000,1.000,—,—,3.00,1.000,—,0.000
trio-gatherers,50,8,solo,180,500,0.000,0.000,1.000,—,—,3.00,1.000,—,0.000
trio-gatherers,50,8,pack,60,500,0.000,0.000,1.000,—,—,3.00,1.000,—,0.000
trio-gatherers,50,8,pack,180,500,0.000,0.000,1.000,—,—,3.00,1.000,—,0.000
trio-gatherers,50,8,boss,60,500,0.000,0.000,1.000,—,—,3.00,1.000,—,0.000
trio-gatherers,50,8,boss,180,500,0.000,0.000,1.000,—,—,3.00,1.000,—,0.000
duo-tank-heal,1,1,solo,60,500,1.000,0.000,0.000,0.999,17.7,0.00,0.001,1.000,1.505
duo-tank-heal,1,1,solo,180,500,1.000,0.000,0.000,0.999,17.8,0.00,0.001,1.000,1.505
duo-tank-heal,1,1,pack,60,500,0.000,1.000,0.000,—,—,0.00,0.088,1.000,0.000
duo-tank-heal,1,1,pack,180,500,1.000,0.000,0.000,0.996,77.3,0.00,0.004,1.000,1.504
duo-tank-heal,1,1,boss,60,500,0.000,1.000,0.000,—,—,0.00,0.138,1.000,0.000
duo-tank-heal,1,1,boss,180,500,1.000,0.000,0.000,1.000,146.0,0.00,0.000,1.000,1.506
duo-tank-heal,1,2,solo,60,500,1.000,0.000,0.000,0.940,30.0,0.00,0.060,1.000,1.476
duo-tank-heal,1,2,solo,180,500,1.000,0.000,0.000,0.939,30.0,0.00,0.061,1.000,1.476
duo-tank-heal,1,2,pack,60,500,0.000,0.000,1.000,—,—,2.00,1.000,0.608,0.000
duo-tank-heal,1,2,pack,180,500,0.000,0.000,1.000,—,—,2.00,1.000,0.612,0.000
duo-tank-heal,1,2,boss,60,500,0.000,0.000,1.000,—,—,2.00,1.000,0.612,0.000
duo-tank-heal,1,2,boss,180,500,0.000,0.000,1.000,—,—,2.00,1.000,0.613,0.000
duo-tank-heal,1,3,solo,60,500,0.000,0.000,1.000,—,—,2.00,1.000,0.627,0.000
duo-tank-heal,1,3,solo,180,500,0.000,0.000,1.000,—,—,2.00,1.000,0.629,0.000
duo-tank-heal,1,3,pack,60,500,0.000,0.000,1.000,—,—,2.00,1.000,0.515,0.000
duo-tank-heal,1,3,pack,180,500,0.000,0.000,1.000,—,—,2.00,1.000,0.513,0.000
duo-tank-heal,1,3,boss,60,500,0.000,0.000,1.000,—,—,2.00,1.000,0.528,0.000
duo-tank-heal,1,3,boss,180,500,0.000,0.000,1.000,—,—,2.00,1.000,0.529,0.000
duo-tank-heal,1,4,solo,60,500,0.000,0.000,1.000,—,—,2.00,1.000,0.602,0.000
duo-tank-heal,1,4,solo,180,500,0.000,0.000,1.000,—,—,2.00,1.000,0.597,0.000
duo-tank-heal,1,4,pack,60,500,0.000,0.000,1.000,—,—,2.00,1.000,0.599,0.000
duo-tank-heal,1,4,pack,180,500,0.000,0.000,1.000,—,—,2.00,1.000,0.597,0.000
duo-tank-heal,1,4,boss,60,500,0.000,0.000,1.000,—,—,2.00,1.000,0.595,0.000
duo-tank-heal,1,4,boss,180,500,0.000,0.000,1.000,—,—,2.00,1.000,0.592,0.000
duo-tank-heal,1,5,solo,60,500,0.000,0.000,1.000,—,—,2.00,1.000,0.623,0.000
duo-tank-heal,1,5,solo,180,500,0.000,0.000,1.000,—,—,2.00,1.000,0.622,0.000
duo-tank-heal,1,5,pack,60,500,0.000,0.000,1.000,—,—,2.00,1.000,0.629,0.000
duo-tank-heal,1,5,pack,180,500,0.000,0.000,1.000,—,—,2.00,1.000,0.625,0.000
duo-tank-heal,1,5,boss,60,500,0.000,0.000,1.000,—,—,2.00,1.000,0.591,0.000
duo-tank-heal,1,5,boss,180,500,0.000,0.000,1.000,—,—,2.00,1.000,0.593,0.000
duo-tank-heal,1,6,solo,60,500,0.000,0.000,1.000,—,—,2.00,1.000,0.530,0.000
duo-tank-heal,1,6,solo,180,500,0.000,0.000,1.000,—,—,2.00,1.000,0.527,0.000
duo-tank-heal,1,6,pack,60,500,0.000,0.000,1.000,—,—,2.00,1.000,0.527,0.000
duo-tank-heal,1,6,pack,180,500,0.000,0.000,1.000,—,—,2.00,1.000,0.531,0.000
duo-tank-heal,1,6,boss,60,500,0.000,0.000,1.000,—,—,2.00,1.000,0.556,0.000
duo-tank-heal,1,6,boss,180,500,0.000,0.000,1.000,—,—,2.00,1.000,0.553,0.000
duo-tank-heal,1,7,solo,60,500,0.000,0.000,1.000,—,—,2.00,1.000,0.677,0.000
duo-tank-heal,1,7,solo,180,500,0.000,0.000,1.000,—,—,2.00,1.000,0.675,0.000
duo-tank-heal,1,7,pack,60,500,0.000,0.000,1.000,—,—,2.00,1.000,0.674,0.000
duo-tank-heal,1,7,pack,180,500,0.000,0.000,1.000,—,—,2.00,1.000,0.677,0.000
duo-tank-heal,1,7,boss,60,500,0.000,0.000,1.000,—,—,2.00,1.000,0.375,0.000
duo-tank-heal,1,7,boss,180,500,0.000,0.000,1.000,—,—,2.00,1.000,0.367,0.000
duo-tank-heal,1,8,solo,60,500,0.000,0.000,1.000,—,—,2.00,1.000,0.673,0.000
duo-tank-heal,1,8,solo,180,500,0.000,0.000,1.000,—,—,2.00,1.000,0.673,0.000
duo-tank-heal,1,8,pack,60,500,0.000,0.000,1.000,—,—,2.00,1.000,0.674,0.000
duo-tank-heal,1,8,pack,180,500,0.000,0.000,1.000,—,—,2.00,1.000,0.673,0.000
duo-tank-heal,1,8,boss,60,500,0.000,0.000,1.000,—,—,2.00,1.000,0.536,0.000
duo-tank-heal,1,8,boss,180,500,0.000,0.000,1.000,—,—,2.00,1.000,0.540,0.000
duo-tank-heal,5,1,solo,60,500,1.000,0.000,0.000,1.000,6.0,0.00,0.000,1.000,1.530
duo-tank-heal,5,1,solo,180,500,1.000,0.000,0.000,1.000,6.0,0.00,0.000,1.000,1.530
duo-tank-heal,5,1,pack,60,500,1.000,0.000,0.000,0.999,41.6,0.00,0.001,1.000,1.529
duo-tank-heal,5,1,pack,180,500,1.000,0.000,0.000,0.999,41.6,0.00,0.001,1.000,1.529
duo-tank-heal,5,1,boss,60,500,0.000,1.000,0.000,—,—,0.00,0.095,1.000,0.000
duo-tank-heal,5,1,boss,180,500,1.000,0.000,0.000,0.985,99.1,0.00,0.015,1.000,1.523
duo-tank-heal,5,2,solo,60,500,1.000,0.000,0.000,0.913,12.0,0.00,0.087,1.000,1.485
duo-tank-heal,5,2,solo,180,500,1.000,0.000,0.000,0.913,12.0,0.00,0.087,1.000,1.485
duo-tank-heal,5,2,pack,60,500,0.002,0.998,0.000,0.981,60.0,0.00,0.040,1.000,0.003
duo-tank-heal,5,2,pack,180,500,1.000,0.000,0.000,0.960,71.9,0.00,0.040,1.000,1.510
duo-tank-heal,5,2,boss,60,500,0.000,1.000,0.000,—,—,0.00,0.063,1.000,0.000
duo-tank-heal,5,2,boss,180,500,1.000,0.000,0.000,0.993,137.3,0.00,0.007,1.000,1.527
duo-tank-heal,5,3,solo,60,500,1.000,0.000,0.000,0.873,24.0,0.00,0.127,1.000,1.465
duo-tank-heal,5,3,solo,180,500,1.000,0.000,0.000,0.873,24.0,0.00,0.127,1.000,1.465
duo-tank-heal,5,3,pack,60,500,0.000,0.000,1.000,—,—,2.00,1.000,0.584,0.000
duo-tank-heal,5,3,pack,180,500,0.000,0.000,1.000,—,—,2.00,1.000,0.586,0.000
duo-tank-heal,5,3,boss,60,500,0.000,0.000,1.000,—,—,2.00,1.000,0.622,0.000
duo-tank-heal,5,3,boss,180,500,0.000,0.000,1.000,—,—,2.00,1.000,0.623,0.000
duo-tank-heal,5,4,solo,60,500,0.000,0.000,1.000,—,—,2.00,1.000,0.705,0.000
duo-tank-heal,5,4,solo,180,500,0.000,0.000,1.000,—,—,2.00,1.000,0.704,0.000
duo-tank-heal,5,4,pack,60,500,0.000,0.000,1.000,—,—,2.00,1.000,0.628,0.000
duo-tank-heal,5,4,pack,180,500,0.000,0.000,1.000,—,—,2.00,1.000,0.625,0.000
duo-tank-heal,5,4,boss,60,500,0.000,0.000,1.000,—,—,2.00,1.000,0.584,0.000
duo-tank-heal,5,4,boss,180,500,0.000,0.000,1.000,—,—,2.00,1.000,0.583,0.000
duo-tank-heal,5,5,solo,60,500,0.000,0.000,1.000,—,—,2.00,1.000,0.505,0.000
duo-tank-heal,5,5,solo,180,500,0.000,0.000,1.000,—,—,2.00,1.000,0.509,0.000
duo-tank-heal,5,5,pack,60,500,0.000,0.000,1.000,—,—,2.00,1.000,0.606,0.000
duo-tank-heal,5,5,pack,180,500,0.000,0.000,1.000,—,—,2.00,1.000,0.603,0.000
duo-tank-heal,5,5,boss,60,500,0.000,0.000,1.000,—,—,2.00,1.000,0.602,0.000
duo-tank-heal,5,5,boss,180,500,0.000,0.000,1.000,—,—,2.00,1.000,0.602,0.000
duo-tank-heal,5,6,solo,60,500,0.000,0.000,1.000,—,—,2.00,1.000,0.634,0.000
duo-tank-heal,5,6,solo,180,500,0.000,0.000,1.000,—,—,2.00,1.000,0.631,0.000
duo-tank-heal,5,6,pack,60,500,0.000,0.000,1.000,—,—,2.00,1.000,0.633,0.000
duo-tank-heal,5,6,pack,180,500,0.000,0.000,1.000,—,—,2.00,1.000,0.630,0.000
duo-tank-heal,5,6,boss,60,500,0.000,0.000,1.000,—,—,2.00,1.000,0.592,0.000
duo-tank-heal,5,6,boss,180,500,0.000,0.000,1.000,—,—,2.00,1.000,0.593,0.000
duo-tank-heal,5,7,solo,60,500,0.000,0.000,1.000,—,—,2.00,1.000,0.611,0.000
duo-tank-heal,5,7,solo,180,500,0.000,0.000,1.000,—,—,2.00,1.000,0.612,0.000
duo-tank-heal,5,7,pack,60,500,0.000,0.000,1.000,—,—,2.00,1.000,0.609,0.000
duo-tank-heal,5,7,pack,180,500,0.000,0.000,1.000,—,—,2.00,1.000,0.610,0.000
duo-tank-heal,5,7,boss,60,500,0.000,0.000,1.000,—,—,2.00,1.000,0.568,0.000
duo-tank-heal,5,7,boss,180,500,0.000,0.000,1.000,—,—,2.00,1.000,0.567,0.000
duo-tank-heal,5,8,solo,60,500,0.000,0.000,1.000,—,—,2.00,1.000,0.676,0.000
duo-tank-heal,5,8,solo,180,500,0.000,0.000,1.000,—,—,2.00,1.000,0.674,0.000
duo-tank-heal,5,8,pack,60,500,0.000,0.000,1.000,—,—,2.00,1.000,0.677,0.000
duo-tank-heal,5,8,pack,180,500,0.000,0.000,1.000,—,—,2.00,1.000,0.674,0.000
duo-tank-heal,5,8,boss,60,500,0.000,0.000,1.000,—,—,2.00,1.000,0.388,0.000
duo-tank-heal,5,8,boss,180,500,0.000,0.000,1.000,—,—,2.00,1.000,0.377,0.000
duo-tank-heal,10,1,solo,60,500,1.000,0.000,0.000,1.000,0.0,0.00,0.000,—,1.560
duo-tank-heal,10,1,solo,180,500,1.000,0.000,0.000,1.000,0.0,0.00,0.000,—,1.560
duo-tank-heal,10,1,pack,60,500,1.000,0.000,0.000,0.983,23.7,0.00,0.017,1.000,1.551
duo-tank-heal,10,1,pack,180,500,1.000,0.000,0.000,0.984,23.7,0.00,0.016,1.000,1.552
duo-tank-heal,10,1,boss,60,500,1.000,0.000,0.000,0.977,58.6,0.00,0.023,1.000,1.548
duo-tank-heal,10,1,boss,180,500,1.000,0.000,0.000,0.977,58.6,0.00,0.023,1.000,1.548
duo-tank-heal,10,2,solo,60,500,1.000,0.000,0.000,0.973,6.0,0.00,0.027,1.000,1.546
duo-tank-heal,10,2,solo,180,500,1.000,0.000,0.000,0.973,6.0,0.00,0.027,1.000,1.546
duo-tank-heal,10,2,pack,60,500,1.000,0.000,0.000,0.974,41.8,0.00,0.026,1.000,1.547
duo-tank-heal,10,2,pack,180,500,1.000,0.000,0.000,0.974,41.8,0.00,0.026,1.000,1.546
duo-tank-heal,10,2,boss,60,500,0.000,1.000,0.000,—,—,0.00,0.041,1.000,0.000
duo-tank-heal,10,2,boss,180,500,1.000,0.000,0.000,0.997,101.2,0.00,0.003,1.000,1.559
duo-tank-heal,10,3,solo,60,500,1.000,0.000,0.000,0.915,12.0,0.00,0.085,1.000,1.516
duo-tank-heal,10,3,solo,180,500,1.000,0.000,0.000,0.913,12.0,0.00,0.087,1.000,1.515
duo-tank-heal,10,3,pack,60,500,0.000,0.102,0.898,—,—,1.80,0.912,0.521,0.000
duo-tank-heal,10,3,pack,180,500,0.094,0.000,0.906,0.910,72.0,1.81,0.914,0.513,0.142
duo-tank-heal,10,3,boss,60,500,0.000,1.000,0.000,—,—,0.00,0.193,1.000,0.000
duo-tank-heal,10,3,boss,180,500,1.000,0.000,0.000,1.000,137.9,0.00,0.000,1.000,1.560
duo-tank-heal,10,4,solo,60,500,1.000,0.000,0.000,0.809,24.0,0.00,0.191,1.000,1.461
duo-tank-heal,10,4,solo,180,500,1.000,0.000,0.000,0.810,24.0,0.00,0.190,1.000,1.461
duo-tank-heal,10,4,pack,60,500,0.000,0.000,1.000,—,—,2.00,1.000,0.517,0.000
duo-tank-heal,10,4,pack,180,500,0.000,0.000,1.000,—,—,2.00,1.000,0.518,0.000
duo-tank-heal,10,4,boss,60,500,0.000,0.000,1.000,—,—,2.00,1.000,0.607,0.000
duo-tank-heal,10,4,boss,180,500,0.000,0.000,1.000,—,—,2.00,1.000,0.609,0.000
duo-tank-heal,10,5,solo,60,500,0.000,0.000,1.000,—,—,2.00,1.000,0.664,0.000
duo-tank-heal,10,5,solo,180,500,0.000,0.000,1.000,—,—,2.00,1.000,0.664,0.000
duo-tank-heal,10,5,pack,60,500,0.000,0.000,1.000,—,—,2.00,1.000,0.637,0.000
duo-tank-heal,10,5,pack,180,500,0.000,0.000,1.000,—,—,2.00,1.000,0.636,0.000
duo-tank-heal,10,5,boss,60,500,0.000,0.000,1.000,—,—,2.00,1.000,0.593,0.000
duo-tank-heal,10,5,boss,180,500,0.000,0.000,1.000,—,—,2.00,1.000,0.596,0.000
duo-tank-heal,10,6,solo,60,500,0.000,0.000,1.000,—,—,2.00,1.000,0.595,0.000
duo-tank-heal,10,6,solo,180,500,0.000,0.000,1.000,—,—,2.00,1.000,0.597,0.000
duo-tank-heal,10,6,pack,60,500,0.000,0.000,1.000,—,—,2.00,1.000,0.613,0.000
duo-tank-heal,10,6,pack,180,500,0.000,0.000,1.000,—,—,2.00,1.000,0.611,0.000
duo-tank-heal,10,6,boss,60,500,0.000,0.000,1.000,—,—,2.00,1.000,0.608,0.000
duo-tank-heal,10,6,boss,180,500,0.000,0.000,1.000,—,—,2.00,1.000,0.605,0.000
duo-tank-heal,10,7,solo,60,500,0.000,0.000,1.000,—,—,2.00,1.000,0.641,0.000
duo-tank-heal,10,7,solo,180,500,0.000,0.000,1.000,—,—,2.00,1.000,0.642,0.000
duo-tank-heal,10,7,pack,60,500,0.000,0.000,1.000,—,—,2.00,1.000,0.640,0.000
duo-tank-heal,10,7,pack,180,500,0.000,0.000,1.000,—,—,2.00,1.000,0.642,0.000
duo-tank-heal,10,7,boss,60,500,0.000,0.000,1.000,—,—,2.00,1.000,0.591,0.000
duo-tank-heal,10,7,boss,180,500,0.000,0.000,1.000,—,—,2.00,1.000,0.592,0.000
duo-tank-heal,10,8,solo,60,500,0.000,0.000,1.000,—,—,2.00,1.000,0.614,0.000
duo-tank-heal,10,8,solo,180,500,0.000,0.000,1.000,—,—,2.00,1.000,0.611,0.000
duo-tank-heal,10,8,pack,60,500,0.000,0.000,1.000,—,—,2.00,1.000,0.613,0.000
duo-tank-heal,10,8,pack,180,500,0.000,0.000,1.000,—,—,2.00,1.000,0.613,0.000
duo-tank-heal,10,8,boss,60,500,0.000,0.000,1.000,—,—,2.00,1.000,0.583,0.000
duo-tank-heal,10,8,boss,180,500,0.000,0.000,1.000,—,—,2.00,1.000,0.590,0.000
duo-tank-heal,20,1,solo,60,500,1.000,0.000,0.000,1.000,0.0,0.00,0.000,—,1.620
duo-tank-heal,20,1,solo,180,500,1.000,0.000,0.000,1.000,0.0,0.00,0.000,—,1.620
duo-tank-heal,20,1,pack,60,500,1.000,0.000,0.000,0.992,23.6,0.00,0.008,1.000,1.616
duo-tank-heal,20,1,pack,180,500,1.000,0.000,0.000,0.992,23.6,0.00,0.008,1.000,1.616
duo-tank-heal,20,1,boss,60,500,1.000,0.000,0.000,1.000,40.2,0.00,0.000,1.000,1.620
duo-tank-heal,20,1,boss,180,500,1.000,0.000,0.000,1.000,40.3,0.00,0.000,1.000,1.620
duo-tank-heal,20,2,solo,60,500,1.000,0.000,0.000,1.000,0.0,0.00,0.000,—,1.620
duo-tank-heal,20,2,solo,180,500,1.000,0.000,0.000,1.000,0.0,0.00,0.000,—,1.620
duo-tank-heal,20,2,pack,60,500,1.000,0.000,0.000,0.970,24.0,0.00,0.030,1.000,1.604
duo-tank-heal,20,2,pack,180,500,1.000,0.000,0.000,0.969,24.0,0.00,0.031,1.000,1.603
duo-tank-heal,20,2,boss,60,500,1.000,0.000,0.000,0.977,53.8,0.00,0.023,1.000,1.608
duo-tank-heal,20,2,boss,180,500,1.000,0.000,0.000,0.977,53.7,0.00,0.023,1.000,1.608
duo-tank-heal,20,3,solo,60,500,1.000,0.000,0.000,0.979,6.0,0.00,0.021,1.000,1.609
duo-tank-heal,20,3,solo,180,500,1.000,0.000,0.000,0.979,6.0,0.00,0.021,1.000,1.609
duo-tank-heal,20,3,pack,60,500,1.000,0.000,0.000,0.979,42.0,0.00,0.021,1.000,1.609
duo-tank-heal,20,3,pack,180,500,1.000,0.000,0.000,0.979,42.0,0.00,0.021,1.000,1.609
duo-tank-heal,20,3,boss,60,500,0.000,1.000,0.000,—,—,0.00,0.101,1.000,0.000
duo-tank-heal,20,3,boss,180,500,1.000,0.000,0.000,1.000,77.9,0.00,0.000,1.000,1.620
duo-tank-heal,20,4,solo,60,500,1.000,0.000,0.000,0.903,12.0,0.00,0.097,1.000,1.568
duo-tank-heal,20,4,solo,180,500,1.000,0.000,0.000,0.903,12.0,0.00,0.097,1.000,1.568
duo-tank-heal,20,4,pack,60,500,0.852,0.000,0.148,0.903,60.0,0.30,0.231,0.971,1.336
duo-tank-heal,20,4,pack,180,500,0.856,0.000,0.144,0.905,60.0,0.29,0.225,0.971,1.343
duo-tank-heal,20,4,boss,60,500,0.000,1.000,0.000,—,—,0.00,0.144,1.000,0.000
duo-tank-heal,20,4,boss,180,500,1.000,0.000,0.000,0.953,126.0,0.00,0.047,1.000,1.595
duo-tank-heal,20,5,solo,60,500,1.000,0.000,0.000,0.913,18.0,0.00,0.087,1.000,1.573
duo-tank-heal,20,5,solo,180,500,1.000,0.000,0.000,0.911,18.0,0.00,0.089,1.000,1.572
duo-tank-heal,20,5,pack,60,500,0.000,0.000,1.000,—,—,2.00,1.000,0.537,0.000
duo-tank-heal,20,5,pack,180,500,0.000,0.000,1.000,—,—,2.00,1.000,0.536,0.000
duo-tank-heal,20,5,boss,60,500,0.000,0.000,1.000,—,—,2.00,1.000,0.625,0.000
duo-tank-heal,20,5,boss,180,500,0.000,0.000,1.000,—,—,2.00,1.000,0.623,0.000
duo-tank-heal,20,6,solo,60,500,0.000,0.000,1.000,—,—,2.00,1.000,0.698,0.000
duo-tank-heal,20,6,solo,180,500,0.000,0.000,1.000,—,—,2.00,1.000,0.700,0.000
duo-tank-heal,20,6,pack,60,500,0.000,0.000,1.000,—,—,2.00,1.000,0.647,0.000
duo-tank-heal,20,6,pack,180,500,0.000,0.000,1.000,—,—,2.00,1.000,0.648,0.000
duo-tank-heal,20,6,boss,60,500,0.000,0.000,1.000,—,—,2.00,1.000,0.629,0.000
duo-tank-heal,20,6,boss,180,500,0.000,0.000,1.000,—,—,2.00,1.000,0.627,0.000
duo-tank-heal,20,7,solo,60,500,0.000,0.000,1.000,—,—,2.00,1.000,0.610,0.000
duo-tank-heal,20,7,solo,180,500,0.000,0.000,1.000,—,—,2.00,1.000,0.611,0.000
duo-tank-heal,20,7,pack,60,500,0.000,0.000,1.000,—,—,2.00,1.000,0.631,0.000
duo-tank-heal,20,7,pack,180,500,0.000,0.000,1.000,—,—,2.00,1.000,0.630,0.000
duo-tank-heal,20,7,boss,60,500,0.000,0.000,1.000,—,—,2.00,1.000,0.634,0.000
duo-tank-heal,20,7,boss,180,500,0.000,0.000,1.000,—,—,2.00,1.000,0.633,0.000
duo-tank-heal,20,8,solo,60,500,0.000,0.000,1.000,—,—,2.00,1.000,0.623,0.000
duo-tank-heal,20,8,solo,180,500,0.000,0.000,1.000,—,—,2.00,1.000,0.629,0.000
duo-tank-heal,20,8,pack,60,500,0.000,0.000,1.000,—,—,2.00,1.000,0.627,0.000
duo-tank-heal,20,8,pack,180,500,0.000,0.000,1.000,—,—,2.00,1.000,0.626,0.000
duo-tank-heal,20,8,boss,60,500,0.000,0.000,1.000,—,—,2.00,1.000,0.619,0.000
duo-tank-heal,20,8,boss,180,500,0.000,0.000,1.000,—,—,2.00,1.000,0.618,0.000
duo-tank-heal,35,1,solo,60,500,1.000,0.000,0.000,1.000,0.0,0.00,0.000,—,1.710
duo-tank-heal,35,1,solo,180,500,1.000,0.000,0.000,1.000,0.0,0.00,0.000,—,1.710
duo-tank-heal,35,1,pack,60,500,1.000,0.000,0.000,1.000,6.0,0.00,0.000,1.000,1.710
duo-tank-heal,35,1,pack,180,500,1.000,0.000,0.000,1.000,6.0,0.00,0.000,1.000,1.710
duo-tank-heal,35,1,boss,60,500,1.000,0.000,0.000,0.994,23.4,0.00,0.006,1.000,1.707
duo-tank-heal,35,1,boss,180,500,1.000,0.000,0.000,0.993,23.6,0.00,0.007,1.000,1.706
duo-tank-heal,35,2,solo,60,500,1.000,0.000,0.000,1.000,0.0,0.00,0.000,—,1.710
duo-tank-heal,35,2,solo,180,500,1.000,0.000,0.000,1.000,0.0,0.00,0.000,—,1.710
duo-tank-heal,35,2,pack,60,500,1.000,0.000,0.000,0.985,24.0,0.00,0.015,1.000,1.701
duo-tank-heal,35,2,pack,180,500,1.000,0.000,0.000,0.985,24.0,0.00,0.015,1.000,1.701
duo-tank-heal,35,2,boss,60,500,1.000,0.000,0.000,0.989,35.9,0.00,0.011,1.000,1.704
duo-tank-heal,35,2,boss,180,500,1.000,0.000,0.000,0.989,35.9,0.00,0.011,1.000,1.704
duo-tank-heal,35,3,solo,60,500,1.000,0.000,0.000,1.000,0.0,0.00,0.000,—,1.710
duo-tank-heal,35,3,solo,180,500,1.000,0.000,0.000,1.000,0.0,0.00,0.000,—,1.710
duo-tank-heal,35,3,pack,60,500,1.000,0.000,0.000,0.977,24.0,0.00,0.023,1.000,1.697
duo-tank-heal,35,3,pack,180,500,1.000,0.000,0.000,0.977,24.0,0.00,0.023,1.000,1.697
duo-tank-heal,35,3,boss,60,500,1.000,0.000,0.000,0.966,48.0,0.00,0.034,1.000,1.690
duo-tank-heal,35,3,boss,180,500,1.000,0.000,0.000,0.966,48.0,0.00,0.034,1.000,1.690
duo-tank-heal,35,4,solo,60,500,1.000,0.000,0.000,1.000,0.0,0.00,0.000,—,1.710
duo-tank-heal,35,4,solo,180,500,1.000,0.000,0.000,1.000,0.0,0.00,0.000,—,1.710
duo-tank-heal,35,4,pack,60,500,1.000,0.000,0.000,0.951,36.0,0.00,0.049,1.000,1.682
duo-tank-heal,35,4,pack,180,500,1.000,0.000,0.000,0.951,36.0,0.00,0.049,1.000,1.682
duo-tank-heal,35,4,boss,60,500,0.000,1.000,0.000,—,—,0.00,0.075,1.000,0.000
duo-tank-heal,35,4,boss,180,500,1.000,0.000,0.000,0.925,72.0,0.00,0.075,1.000,1.668
duo-tank-heal,35,5,solo,60,500,1.000,0.000,0.000,0.955,6.0,0.00,0.045,1.000,1.684
duo-tank-heal,35,5,solo,180,500,1.000,0.000,0.000,0.955,6.0,0.00,0.045,1.000,1.684
duo-tank-heal,35,5,pack,60,500,1.000,0.000,0.000,0.954,54.0,0.00,0.046,1.000,1.684
duo-tank-heal,35,5,pack,180,500,1.000,0.000,0.000,0.954,54.0,0.00,0.046,1.000,1.684
duo-tank-heal,35,5,boss,60,500,0.000,1.000,0.000,—,—,0.00,0.142,1.000,0.000
duo-tank-heal,35,5,boss,180,500,1.000,0.000,0.000,0.965,114.0,0.00,0.035,1.000,1.690
duo-tank-heal,35,6,solo,60,500,1.000,0.000,0.000,0.901,18.0,0.00,0.099,1.000,1.654
duo-tank-heal,35,6,solo,180,500,1.000,0.000,0.000,0.900,18.0,0.00,0.100,1.000,1.653
duo-tank-heal,35,6,pack,60,500,0.000,0.000,1.000,—,—,2.00,1.000,0.601,0.000
duo-tank-heal,35,6,pack,180,500,0.000,0.000,1.000,—,—,2.00,1.000,0.598,0.000
duo-tank-heal,35,6,boss,60,500,0.000,0.000,1.000,—,—,2.00,1.000,0.665,0.000
duo-tank-heal,35,6,boss,180,500,0.000,0.000,1.000,—,—,2.00,1.000,0.665,0.000
duo-tank-heal,35,7,solo,60,500,0.000,0.000,1.000,—,—,2.00,1.000,0.715,0.000
duo-tank-heal,35,7,solo,180,500,0.000,0.000,1.000,—,—,2.00,1.000,0.713,0.000
duo-tank-heal,35,7,pack,60,500,0.000,0.000,1.000,—,—,2.00,1.000,0.665,0.000
duo-tank-heal,35,7,pack,180,500,0.000,0.000,1.000,—,—,2.00,1.000,0.665,0.000
duo-tank-heal,35,7,boss,60,500,0.000,0.000,1.000,—,—,2.00,1.000,0.674,0.000
duo-tank-heal,35,7,boss,180,500,0.000,0.000,1.000,—,—,2.00,1.000,0.673,0.000
duo-tank-heal,35,8,solo,60,500,0.000,0.000,1.000,—,—,2.00,1.000,0.684,0.000
duo-tank-heal,35,8,solo,180,500,0.000,0.000,1.000,—,—,2.00,1.000,0.686,0.000
duo-tank-heal,35,8,pack,60,500,0.000,0.000,1.000,—,—,2.00,1.000,0.687,0.000
duo-tank-heal,35,8,pack,180,500,0.000,0.000,1.000,—,—,2.00,1.000,0.687,0.000
duo-tank-heal,35,8,boss,60,500,0.000,0.000,1.000,—,—,2.00,1.000,0.655,0.000
duo-tank-heal,35,8,boss,180,500,0.000,0.000,1.000,—,—,2.00,1.000,0.655,0.000
duo-tank-heal,50,1,solo,60,500,1.000,0.000,0.000,1.000,0.0,0.00,0.000,—,1.800
duo-tank-heal,50,1,solo,180,500,1.000,0.000,0.000,1.000,0.0,0.00,0.000,—,1.800
duo-tank-heal,50,1,pack,60,500,1.000,0.000,0.000,1.000,6.0,0.00,0.000,1.000,1.800
duo-tank-heal,50,1,pack,180,500,1.000,0.000,0.000,1.000,6.0,0.00,0.000,1.000,1.800
duo-tank-heal,50,1,boss,60,500,1.000,0.000,0.000,1.000,17.8,0.00,0.000,1.000,1.800
duo-tank-heal,50,1,boss,180,500,1.000,0.000,0.000,1.000,17.8,0.00,0.000,1.000,1.800
duo-tank-heal,50,2,solo,60,500,1.000,0.000,0.000,1.000,0.0,0.00,0.000,—,1.800
duo-tank-heal,50,2,solo,180,500,1.000,0.000,0.000,1.000,0.0,0.00,0.000,—,1.800
duo-tank-heal,50,2,pack,60,500,1.000,0.000,0.000,0.997,6.0,0.00,0.003,1.000,1.798
duo-tank-heal,50,2,pack,180,500,1.000,0.000,0.000,0.997,6.0,0.00,0.003,1.000,1.798
duo-tank-heal,50,2,boss,60,500,1.000,0.000,0.000,0.994,29.9,0.00,0.006,1.000,1.797
duo-tank-heal,50,2,boss,180,500,1.000,0.000,0.000,0.994,30.0,0.00,0.006,1.000,1.796
duo-tank-heal,50,3,solo,60,500,1.000,0.000,0.000,1.000,0.0,0.00,0.000,—,1.800
duo-tank-heal,50,3,solo,180,500,1.000,0.000,0.000,1.000,0.0,0.00,0.000,—,1.800
duo-tank-heal,50,3,pack,60,500,1.000,0.000,0.000,0.987,24.0,0.00,0.013,1.000,1.792
duo-tank-heal,50,3,pack,180,500,1.000,0.000,0.000,0.987,24.0,0.00,0.013,1.000,1.792
duo-tank-heal,50,3,boss,60,500,1.000,0.000,0.000,0.980,36.0,0.00,0.020,1.000,1.788
duo-tank-heal,50,3,boss,180,500,1.000,0.000,0.000,0.980,36.0,0.00,0.020,1.000,1.788
duo-tank-heal,50,4,solo,60,500,1.000,0.000,0.000,1.000,0.0,0.00,0.000,—,1.800
duo-tank-heal,50,4,solo,180,500,1.000,0.000,0.000,1.000,0.0,0.00,0.000,—,1.800
duo-tank-heal,50,4,pack,60,500,1.000,0.000,0.000,0.971,24.0,0.00,0.029,1.000,1.783
duo-tank-heal,50,4,pack,180,500,1.000,0.000,0.000,0.971,24.0,0.00,0.029,1.000,1.783
duo-tank-heal,50,4,boss,60,500,1.000,0.000,0.000,0.987,54.0,0.00,0.013,1.000,1.792
duo-tank-heal,50,4,boss,180,500,1.000,0.000,0.000,0.987,54.0,0.00,0.013,1.000,1.792
duo-tank-heal,50,5,solo,60,500,1.000,0.000,0.000,1.000,0.0,0.00,0.000,—,1.800
duo-tank-heal,50,5,solo,180,500,1.000,0.000,0.000,1.000,0.0,0.00,0.000,—,1.800
duo-tank-heal,50,5,pack,60,500,1.000,0.000,0.000,0.931,36.0,0.00,0.069,1.000,1.758
duo-tank-heal,50,5,pack,180,500,1.000,0.000,0.000,0.931,36.0,0.00,0.069,1.000,1.759
duo-tank-heal,50,5,boss,60,500,0.000,1.000,0.000,—,—,0.00,0.084,1.000,0.000
duo-tank-heal,50,5,boss,180,500,1.000,0.000,0.000,0.980,78.0,0.00,0.020,1.000,1.788
duo-tank-heal,50,6,solo,60,500,1.000,0.000,0.000,0.942,6.0,0.00,0.058,1.000,1.765
duo-tank-heal,50,6,solo,180,500,1.000,0.000,0.000,0.941,6.0,0.00,0.059,1.000,1.765
duo-tank-heal,50,6,pack,60,500,0.944,0.000,0.056,0.942,54.0,0.11,0.111,0.996,1.666
duo-tank-heal,50,6,pack,180,500,0.930,0.000,0.070,0.942,54.0,0.14,0.124,0.994,1.642
duo-tank-heal,50,6,boss,60,500,0.000,1.000,0.000,—,—,0.00,0.178,1.000,0.000
duo-tank-heal,50,6,boss,180,500,1.000,0.000,0.000,0.972,126.0,0.00,0.028,1.000,1.783
duo-tank-heal,50,7,solo,60,500,1.000,0.000,0.000,0.890,18.0,0.00,0.110,1.000,1.734
duo-tank-heal,50,7,solo,180,500,1.000,0.000,0.000,0.891,18.0,0.00,0.109,1.000,1.735
duo-tank-heal,50,7,pack,60,500,0.000,0.000,1.000,—,—,2.00,1.000,0.692,0.000
duo-tank-heal,50,7,pack,180,500,0.000,0.000,1.000,—,—,2.00,1.000,0.692,0.000
duo-tank-heal,50,7,boss,60,500,0.000,0.000,1.000,—,—,2.00,1.000,0.630,0.000
duo-tank-heal,50,7,boss,180,500,0.000,0.000,1.000,—,—,2.00,1.000,0.631,0.000
duo-tank-heal,50,8,solo,60,500,0.000,0.000,1.000,—,—,2.00,1.000,0.697,0.000
duo-tank-heal,50,8,solo,180,500,0.000,0.000,1.000,—,—,2.00,1.000,0.697,0.000
duo-tank-heal,50,8,pack,60,500,0.000,0.000,1.000,—,—,2.00,1.000,0.711,0.000
duo-tank-heal,50,8,pack,180,500,0.000,0.000,1.000,—,—,2.00,1.000,0.712,0.000
duo-tank-heal,50,8,boss,60,500,0.000,0.000,1.000,—,—,2.00,1.000,0.710,0.000
duo-tank-heal,50,8,boss,180,500,0.000,0.000,1.000,—,—,2.00,1.000,0.711,0.000
solo-tank,1,1,solo,60,500,1.000,0.000,0.000,0.535,20.0,0.00,0.465,1.000,1.273
solo-tank,1,1,solo,180,500,1.000,0.000,0.000,0.533,20.0,0.00,0.467,1.000,1.271
solo-tank,1,1,pack,60,500,0.000,0.000,1.000,—,—,1.00,1.000,1.000,0.000
solo-tank,1,1,pack,180,500,0.000,0.000,1.000,—,—,1.00,1.000,1.000,0.000
solo-tank,1,1,boss,60,500,0.000,0.000,1.000,—,—,1.00,1.000,1.000,0.000
solo-tank,1,1,boss,180,500,0.000,0.000,1.000,—,—,1.00,1.000,1.000,0.000
solo-tank,1,2,solo,60,500,0.000,0.000,1.000,—,—,1.00,1.000,1.000,0.000
solo-tank,1,2,solo,180,500,0.000,0.000,1.000,—,—,1.00,1.000,1.000,0.000
solo-tank,1,2,pack,60,500,0.000,0.000,1.000,—,—,1.00,1.000,1.000,0.000
solo-tank,1,2,pack,180,500,0.000,0.000,1.000,—,—,1.00,1.000,1.000,0.000
solo-tank,1,2,boss,60,500,0.000,0.000,1.000,—,—,1.00,1.000,1.000,0.000
solo-tank,1,2,boss,180,500,0.000,0.000,1.000,—,—,1.00,1.000,1.000,0.000
solo-tank,1,3,solo,60,500,0.000,0.000,1.000,—,—,1.00,1.000,1.000,0.000
solo-tank,1,3,solo,180,500,0.000,0.000,1.000,—,—,1.00,1.000,1.000,0.000
solo-tank,1,3,pack,60,500,0.000,0.000,1.000,—,—,1.00,1.000,1.000,0.000
solo-tank,1,3,pack,180,500,0.000,0.000,1.000,—,—,1.00,1.000,1.000,0.000
solo-tank,1,3,boss,60,500,0.000,0.000,1.000,—,—,1.00,1.000,1.000,0.000
solo-tank,1,3,boss,180,500,0.000,0.000,1.000,—,—,1.00,1.000,1.000,0.000
solo-tank,1,4,solo,60,500,0.000,0.000,1.000,—,—,1.00,1.000,1.000,0.000
solo-tank,1,4,solo,180,500,0.000,0.000,1.000,—,—,1.00,1.000,1.000,0.000
solo-tank,1,4,pack,60,500,0.000,0.000,1.000,—,—,1.00,1.000,1.000,0.000
solo-tank,1,4,pack,180,500,0.000,0.000,1.000,—,—,1.00,1.000,1.000,0.000
solo-tank,1,4,boss,60,500,0.000,0.000,1.000,—,—,1.00,1.000,1.000,0.000
solo-tank,1,4,boss,180,500,0.000,0.000,1.000,—,—,1.00,1.000,1.000,0.000
solo-tank,1,5,solo,60,500,0.000,0.000,1.000,—,—,1.00,1.000,1.000,0.000
solo-tank,1,5,solo,180,500,0.000,0.000,1.000,—,—,1.00,1.000,1.000,0.000
solo-tank,1,5,pack,60,500,0.000,0.000,1.000,—,—,1.00,1.000,1.000,0.000
solo-tank,1,5,pack,180,500,0.000,0.000,1.000,—,—,1.00,1.000,1.000,0.000
solo-tank,1,5,boss,60,500,0.000,0.000,1.000,—,—,1.00,1.000,1.000,0.000
solo-tank,1,5,boss,180,500,0.000,0.000,1.000,—,—,1.00,1.000,1.000,0.000
solo-tank,1,6,solo,60,500,0.000,0.000,1.000,—,—,1.00,1.000,1.000,0.000
solo-tank,1,6,solo,180,500,0.000,0.000,1.000,—,—,1.00,1.000,1.000,0.000
solo-tank,1,6,pack,60,500,0.000,0.000,1.000,—,—,1.00,1.000,1.000,0.000
solo-tank,1,6,pack,180,500,0.000,0.000,1.000,—,—,1.00,1.000,1.000,0.000
solo-tank,1,6,boss,60,500,0.000,0.000,1.000,—,—,1.00,1.000,1.000,0.000
solo-tank,1,6,boss,180,500,0.000,0.000,1.000,—,—,1.00,1.000,1.000,0.000
solo-tank,1,7,solo,60,500,0.000,0.000,1.000,—,—,1.00,1.000,1.000,0.000
solo-tank,1,7,solo,180,500,0.000,0.000,1.000,—,—,1.00,1.000,1.000,0.000
solo-tank,1,7,pack,60,500,0.000,0.000,1.000,—,—,1.00,1.000,1.000,0.000
solo-tank,1,7,pack,180,500,0.000,0.000,1.000,—,—,1.00,1.000,1.000,0.000
solo-tank,1,7,boss,60,500,0.000,0.000,1.000,—,—,1.00,1.000,1.000,0.000
solo-tank,1,7,boss,180,500,0.000,0.000,1.000,—,—,1.00,1.000,1.000,0.000
solo-tank,1,8,solo,60,500,0.000,0.000,1.000,—,—,1.00,1.000,1.000,0.000
solo-tank,1,8,solo,180,500,0.000,0.000,1.000,—,—,1.00,1.000,1.000,0.000
solo-tank,1,8,pack,60,500,0.000,0.000,1.000,—,—,1.00,1.000,1.000,0.000
solo-tank,1,8,pack,180,500,0.000,0.000,1.000,—,—,1.00,1.000,1.000,0.000
solo-tank,1,8,boss,60,500,0.000,0.000,1.000,—,—,1.00,1.000,1.000,0.000
solo-tank,1,8,boss,180,500,0.000,0.000,1.000,—,—,1.00,1.000,1.000,0.000
solo-tank,5,1,solo,60,500,1.000,0.000,0.000,0.973,6.0,0.00,0.027,1.000,1.516
solo-tank,5,1,solo,180,500,1.000,0.000,0.000,0.973,6.0,0.00,0.027,1.000,1.516
solo-tank,5,1,pack,60,500,1.000,0.000,0.000,0.522,24.0,0.00,0.478,1.000,1.286
solo-tank,5,1,pack,180,500,1.000,0.000,0.000,0.518,24.0,0.00,0.482,1.000,1.284
solo-tank,5,1,boss,60,500,1.000,0.000,0.000,0.224,48.0,0.00,0.776,1.000,1.134
solo-tank,5,1,boss,180,500,1.000,0.000,0.000,0.222,48.0,0.00,0.778,1.000,1.133
solo-tank,5,2,solo,60,500,1.000,0.000,0.000,0.737,9.0,0.00,0.263,1.000,1.396
solo-tank,5,2,solo,180,500,1.000,0.000,0.000,0.737,9.0,0.00,0.263,1.000,1.396
solo-tank,5,2,pack,60,500,0.000,0.000,1.000,—,—,1.00,1.000,1.000,0.000
solo-tank,5,2,pack,180,500,0.000,0.000,1.000,—,—,1.00,1.000,1.000,0.000
solo-tank,5,2,boss,60,500,0.000,0.000,1.000,—,—,1.00,1.000,1.000,0.000
solo-tank,5,2,boss,180,500,0.000,0.000,1.000,—,—,1.00,1.000,1.000,0.000
solo-tank,5,3,solo,60,500,0.830,0.000,0.170,0.136,15.0,0.17,0.887,1.000,0.904
solo-tank,5,3,solo,180,500,0.818,0.000,0.182,0.133,15.0,0.18,0.891,1.000,0.890
solo-tank,5,3,pack,60,500,0.000,0.000,1.000,—,—,1.00,1.000,1.000,0.000
solo-tank,5,3,pack,180,500,0.000,0.000,1.000,—,—,1.00,1.000,1.000,0.000
solo-tank,5,3,boss,60,500,0.000,0.000,1.000,—,—,1.00,1.000,1.000,0.000
solo-tank,5,3,boss,180,500,0.000,0.000,1.000,—,—,1.00,1.000,1.000,0.000
solo-tank,5,4,solo,60,500,0.000,0.000,1.000,—,—,1.00,1.000,1.000,0.000
solo-tank,5,4,solo,180,500,0.000,0.000,1.000,—,—,1.00,1.000,1.000,0.000
solo-tank,5,4,pack,60,500,0.000,0.000,1.000,—,—,1.00,1.000,1.000,0.000
solo-tank,5,4,pack,180,500,0.000,0.000,1.000,—,—,1.00,1.000,1.000,0.000
solo-tank,5,4,boss,60,500,0.000,0.000,1.000,—,—,1.00,1.000,1.000,0.000
solo-tank,5,4,boss,180,500,0.000,0.000,1.000,—,—,1.00,1.000,1.000,0.000
solo-tank,5,5,solo,60,500,0.000,0.000,1.000,—,—,1.00,1.000,1.000,0.000
solo-tank,5,5,solo,180,500,0.000,0.000,1.000,—,—,1.00,1.000,1.000,0.000
solo-tank,5,5,pack,60,500,0.000,0.000,1.000,—,—,1.00,1.000,1.000,0.000
solo-tank,5,5,pack,180,500,0.000,0.000,1.000,—,—,1.00,1.000,1.000,0.000
solo-tank,5,5,boss,60,500,0.000,0.000,1.000,—,—,1.00,1.000,1.000,0.000
solo-tank,5,5,boss,180,500,0.000,0.000,1.000,—,—,1.00,1.000,1.000,0.000
solo-tank,5,6,solo,60,500,0.000,0.000,1.000,—,—,1.00,1.000,1.000,0.000
solo-tank,5,6,solo,180,500,0.000,0.000,1.000,—,—,1.00,1.000,1.000,0.000
solo-tank,5,6,pack,60,500,0.000,0.000,1.000,—,—,1.00,1.000,1.000,0.000
solo-tank,5,6,pack,180,500,0.000,0.000,1.000,—,—,1.00,1.000,1.000,0.000
solo-tank,5,6,boss,60,500,0.000,0.000,1.000,—,—,1.00,1.000,1.000,0.000
solo-tank,5,6,boss,180,500,0.000,0.000,1.000,—,—,1.00,1.000,1.000,0.000
solo-tank,5,7,solo,60,500,0.000,0.000,1.000,—,—,1.00,1.000,1.000,0.000
solo-tank,5,7,solo,180,500,0.000,0.000,1.000,—,—,1.00,1.000,1.000,0.000
solo-tank,5,7,pack,60,500,0.000,0.000,1.000,—,—,1.00,1.000,1.000,0.000
solo-tank,5,7,pack,180,500,0.000,0.000,1.000,—,—,1.00,1.000,1.000,0.000
solo-tank,5,7,boss,60,500,0.000,0.000,1.000,—,—,1.00,1.000,1.000,0.000
solo-tank,5,7,boss,180,500,0.000,0.000,1.000,—,—,1.00,1.000,1.000,0.000
solo-tank,5,8,solo,60,500,0.000,0.000,1.000,—,—,1.00,1.000,1.000,0.000
solo-tank,5,8,solo,180,500,0.000,0.000,1.000,—,—,1.00,1.000,1.000,0.000
solo-tank,5,8,pack,60,500,0.000,0.000,1.000,—,—,1.00,1.000,1.000,0.000
solo-tank,5,8,pack,180,500,0.000,0.000,1.000,—,—,1.00,1.000,1.000,0.000
solo-tank,5,8,boss,60,500,0.000,0.000,1.000,—,—,1.00,1.000,1.000,0.000
solo-tank,5,8,boss,180,500,0.000,0.000,1.000,—,—,1.00,1.000,1.000,0.000
solo-tank,10,1,solo,60,500,1.000,0.000,0.000,1.000,2.0,0.00,0.000,1.000,1.560
solo-tank,10,1,solo,180,500,1.000,0.000,0.000,1.000,2.0,0.00,0.000,1.000,1.560
solo-tank,10,1,pack,60,500,1.000,0.000,0.000,0.996,10.0,0.00,0.004,1.000,1.558
solo-tank,10,1,pack,180,500,1.000,0.000,0.000,0.997,10.0,0.00,0.003,1.000,1.558
solo-tank,10,1,boss,60,500,1.000,0.000,0.000,1.000,18.0,0.00,0.000,1.000,1.560
solo-tank,10,1,boss,180,500,1.000,0.000,0.000,1.000,18.0,0.00,0.000,1.000,1.560
solo-tank,10,2,solo,60,500,1.000,0.000,0.000,0.994,4.0,0.00,0.006,1.000,1.557
solo-tank,10,2,solo,180,500,1.000,0.000,0.000,0.994,4.0,0.00,0.006,1.000,1.557
solo-tank,10,2,pack,60,500,1.000,0.000,0.000,0.646,16.0,0.00,0.354,1.000,1.376
solo-tank,10,2,pack,180,500,1.000,0.000,0.000,0.645,16.0,0.00,0.355,1.000,1.375
solo-tank,10,2,boss,60,500,1.000,0.000,0.000,0.690,24.0,0.00,0.310,1.000,1.399
solo-tank,10,2,boss,180,500,1.000,0.000,0.000,0.701,24.0,0.00,0.299,1.000,1.405
solo-tank,10,3,solo,60,500,1.000,0.000,0.000,0.888,4.0,0.00,0.112,1.000,1.502
solo-tank,10,3,solo,180,500,1.000,0.000,0.000,0.885,4.0,0.00,0.115,1.000,1.500
solo-tank,10,3,pack,60,500,0.028,0.000,0.972,0.109,16.0,0.97,0.997,1.000,0.031
solo-tank,10,3,pack,180,500,0.042,0.000,0.958,0.105,16.0,0.96,0.996,1.000,0.046
solo-tank,10,3,boss,60,500,0.000,0.000,1.000,—,—,1.00,1.000,1.000,0.000
solo-tank,10,3,boss,180,500,0.000,0.000,1.000,—,—,1.00,1.000,1.000,0.000
solo-tank,10,4,solo,60,500,1.000,0.000,0.000,0.383,8.0,0.00,0.617,1.000,1.239
solo-tank,10,4,solo,180,500,1.000,0.000,0.000,0.392,8.0,0.00,0.608,1.000,1.244
solo-tank,10,4,pack,60,500,0.000,0.000,1.000,—,—,1.00,1.000,1.000,0.000
solo-tank,10,4,pack,180,500,0.000,0.000,1.000,—,—,1.00,1.000,1.000,0.000
solo-tank,10,4,boss,60,500,0.000,0.000,1.000,—,—,1.00,1.000,1.000,0.000
solo-tank,10,4,boss,180,500,0.000,0.000,1.000,—,—,1.00,1.000,1.000,0.000
solo-tank,10,5,solo,60,500,0.000,0.000,1.000,—,—,1.00,1.000,1.000,0.000
solo-tank,10,5,solo,180,500,0.000,0.000,1.000,—,—,1.00,1.000,1.000,0.000
solo-tank,10,5,pack,60,500,0.000,0.000,1.000,—,—,1.00,1.000,1.000,0.000
solo-tank,10,5,pack,180,500,0.000,0.000,1.000,—,—,1.00,1.000,1.000,0.000
solo-tank,10,5,boss,60,500,0.000,0.000,1.000,—,—,1.00,1.000,1.000,0.000
solo-tank,10,5,boss,180,500,0.000,0.000,1.000,—,—,1.00,1.000,1.000,0.000
solo-tank,10,6,solo,60,500,0.000,0.000,1.000,—,—,1.00,1.000,1.000,0.000
solo-tank,10,6,solo,180,500,0.000,0.000,1.000,—,—,1.00,1.000,1.000,0.000
solo-tank,10,6,pack,60,500,0.000,0.000,1.000,—,—,1.00,1.000,1.000,0.000
solo-tank,10,6,pack,180,500,0.000,0.000,1.000,—,—,1.00,1.000,1.000,0.000
solo-tank,10,6,boss,60,500,0.000,0.000,1.000,—,—,1.00,1.000,1.000,0.000
solo-tank,10,6,boss,180,500,0.000,0.000,1.000,—,—,1.00,1.000,1.000,0.000
solo-tank,10,7,solo,60,500,0.000,0.000,1.000,—,—,1.00,1.000,1.000,0.000
solo-tank,10,7,solo,180,500,0.000,0.000,1.000,—,—,1.00,1.000,1.000,0.000
solo-tank,10,7,pack,60,500,0.000,0.000,1.000,—,—,1.00,1.000,1.000,0.000
solo-tank,10,7,pack,180,500,0.000,0.000,1.000,—,—,1.00,1.000,1.000,0.000
solo-tank,10,7,boss,60,500,0.000,0.000,1.000,—,—,1.00,1.000,1.000,0.000
solo-tank,10,7,boss,180,500,0.000,0.000,1.000,—,—,1.00,1.000,1.000,0.000
solo-tank,10,8,solo,60,500,0.000,0.000,1.000,—,—,1.00,1.000,1.000,0.000
solo-tank,10,8,solo,180,500,0.000,0.000,1.000,—,—,1.00,1.000,1.000,0.000
solo-tank,10,8,pack,60,500,0.000,0.000,1.000,—,—,1.00,1.000,1.000,0.000
solo-tank,10,8,pack,180,500,0.000,0.000,1.000,—,—,1.00,1.000,1.000,0.000
solo-tank,10,8,boss,60,500,0.000,0.000,1.000,—,—,1.00,1.000,1.000,0.000
solo-tank,10,8,boss,180,500,0.000,0.000,1.000,—,—,1.00,1.000,1.000,0.000
solo-tank,20,1,solo,60,500,1.000,0.000,0.000,1.000,0.0,0.00,0.000,—,1.620
solo-tank,20,1,solo,180,500,1.000,0.000,0.000,1.000,0.0,0.00,0.000,—,1.620
solo-tank,20,1,pack,60,500,1.000,0.000,0.000,1.000,2.4,0.00,0.000,1.000,1.620
solo-tank,20,1,pack,180,500,1.000,0.000,0.000,1.000,2.4,0.00,0.000,1.000,1.620
solo-tank,20,1,boss,60,500,1.000,0.000,0.000,1.000,7.2,0.00,0.000,1.000,1.620
solo-tank,20,1,boss,180,500,1.000,0.000,0.000,1.000,7.2,0.00,0.000,1.000,1.620
solo-tank,20,2,solo,60,500,1.000,0.000,0.000,1.000,1.2,0.00,0.000,1.000,1.620
solo-tank,20,2,solo,180,500,1.000,0.000,0.000,1.000,1.2,0.00,0.000,1.000,1.620
solo-tank,20,2,pack,60,500,1.000,0.000,0.000,1.000,6.0,0.00,0.000,1.000,1.620
solo-tank,20,2,pack,180,500,1.000,0.000,0.000,1.000,6.0,0.00,0.000,1.000,1.620
solo-tank,20,2,boss,60,500,1.000,0.000,0.000,1.000,9.6,0.00,0.000,1.000,1.620
solo-tank,20,2,boss,180,500,1.000,0.000,0.000,1.000,9.6,0.00,0.000,1.000,1.620
solo-tank,20,3,solo,60,500,1.000,0.000,0.000,1.000,1.2,0.00,0.000,1.000,1.620
solo-tank,20,3,solo,180,500,1.000,0.000,0.000,1.000,1.2,0.00,0.000,1.000,1.620
solo-tank,20,3,pack,60,500,1.000,0.000,0.000,0.994,6.0,0.00,0.006,1.000,1.617
solo-tank,20,3,pack,180,500,1.000,0.000,0.000,0.994,6.0,0.00,0.006,1.000,1.617
solo-tank,20,3,boss,60,500,1.000,0.000,0.000,1.000,12.0,0.00,0.000,1.000,1.620
solo-tank,20,3,boss,180,500,1.000,0.000,0.000,1.000,12.0,0.00,0.000,1.000,1.620
solo-tank,20,4,solo,60,500,1.000,0.000,0.000,0.969,2.4,0.00,0.031,1.000,1.603
solo-tank,20,4,solo,180,500,1.000,0.000,0.000,0.967,2.4,0.00,0.033,1.000,1.602
solo-tank,20,4,pack,60,500,1.000,0.000,0.000,0.555,9.6,0.00,0.445,1.000,1.380
solo-tank,20,4,pack,180,500,1.000,0.000,0.000,0.551,9.6,0.00,0.449,1.000,1.377
solo-tank,20,4,boss,60,500,0.998,0.000,0.002,0.383,19.2,0.00,0.617,1.000,1.284
solo-tank,20,4,boss,180,500,1.000,0.000,0.000,0.392,19.2,0.00,0.608,1.000,1.292
solo-tank,20,5,solo,60,500,1.000,0.000,0.000,0.815,3.6,0.00,0.185,1.000,1.520
solo-tank,20,5,solo,180,500,1.000,0.000,0.000,0.821,3.6,0.00,0.179,1.000,1.523
solo-tank,20,5,pack,60,500,0.000,0.000,1.000,—,—,1.00,1.000,1.000,0.000
solo-tank,20,5,pack,180,500,0.000,0.000,1.000,—,—,1.00,1.000,1.000,0.000
solo-tank,20,5,boss,60,500,0.000,0.000,1.000,—,—,1.00,1.000,1.000,0.000
solo-tank,20,5,boss,180,500,0.000,0.000,1.000,—,—,1.00,1.000,1.000,0.000
solo-tank,20,6,solo,60,500,0.636,0.000,0.364,0.215,6.0,0.36,0.863,1.000,0.761
solo-tank,20,6,solo,180,500,0.624,0.000,0.376,0.202,6.0,0.38,0.874,1.000,0.742
solo-tank,20,6,pack,60,500,0.000,0.000,1.000,—,—,1.00,1.000,1.000,0.000
solo-tank,20,6,pack,180,500,0.000,0.000,1.000,—,—,1.00,1.000,1.000,0.000
solo-tank,20,6,boss,60,500,0.000,0.000,1.000,—,—,1.00,1.000,1.000,0.000
solo-tank,20,6,boss,180,500,0.000,0.000,1.000,—,—,1.00,1.000,1.000,0.000
solo-tank,20,7,solo,60,500,0.000,0.000,1.000,—,—,1.00,1.000,1.000,0.000
solo-tank,20,7,solo,180,500,0.000,0.000,1.000,—,—,1.00,1.000,1.000,0.000
solo-tank,20,7,pack,60,500,0.000,0.000,1.000,—,—,1.00,1.000,1.000,0.000
solo-tank,20,7,pack,180,500,0.000,0.000,1.000,—,—,1.00,1.000,1.000,0.000
solo-tank,20,7,boss,60,500,0.000,0.000,1.000,—,—,1.00,1.000,1.000,0.000
solo-tank,20,7,boss,180,500,0.000,0.000,1.000,—,—,1.00,1.000,1.000,0.000
solo-tank,20,8,solo,60,500,0.000,0.000,1.000,—,—,1.00,1.000,1.000,0.000
solo-tank,20,8,solo,180,500,0.000,0.000,1.000,—,—,1.00,1.000,1.000,0.000
solo-tank,20,8,pack,60,500,0.000,0.000,1.000,—,—,1.00,1.000,1.000,0.000
solo-tank,20,8,pack,180,500,0.000,0.000,1.000,—,—,1.00,1.000,1.000,0.000
solo-tank,20,8,boss,60,500,0.000,0.000,1.000,—,—,1.00,1.000,1.000,0.000
solo-tank,20,8,boss,180,500,0.000,0.000,1.000,—,—,1.00,1.000,1.000,0.000
solo-tank,35,1,solo,60,500,1.000,0.000,0.000,1.000,0.0,0.00,0.000,—,1.710
solo-tank,35,1,solo,180,500,1.000,0.000,0.000,1.000,0.0,0.00,0.000,—,1.710
solo-tank,35,1,pack,60,500,1.000,0.000,0.000,1.000,1.5,0.00,0.000,1.000,1.710
solo-tank,35,1,pack,180,500,1.000,0.000,0.000,1.000,1.5,0.00,0.000,1.000,1.710
solo-tank,35,1,boss,60,500,1.000,0.000,0.000,1.000,3.0,0.00,0.000,1.000,1.710
solo-tank,35,1,boss,180,500,1.000,0.000,0.000,1.000,3.0,0.00,0.000,1.000,1.710
solo-tank,35,2,solo,60,500,1.000,0.000,0.000,1.000,0.0,0.00,0.000,—,1.710
solo-tank,35,2,solo,180,500,1.000,0.000,0.000,1.000,0.0,0.00,0.000,—,1.710
solo-tank,35,2,pack,60,500,1.000,0.000,0.000,1.000,1.5,0.00,0.000,1.000,1.710
solo-tank,35,2,pack,180,500,1.000,0.000,0.000,1.000,1.5,0.00,0.000,1.000,1.710
solo-tank,35,2,boss,60,500,1.000,0.000,0.000,1.000,3.8,0.00,0.000,1.000,1.710
solo-tank,35,2,boss,180,500,1.000,0.000,0.000,1.000,3.8,0.00,0.000,1.000,1.710
solo-tank,35,3,solo,60,500,1.000,0.000,0.000,1.000,0.8,0.00,0.000,1.000,1.710
solo-tank,35,3,solo,180,500,1.000,0.000,0.000,1.000,0.8,0.00,0.000,1.000,1.710
solo-tank,35,3,pack,60,500,1.000,0.000,0.000,1.000,3.8,0.00,0.000,1.000,1.710
solo-tank,35,3,pack,180,500,1.000,0.000,0.000,1.000,3.8,0.00,0.000,1.000,1.710
solo-tank,35,3,boss,60,500,1.000,0.000,0.000,1.000,5.3,0.00,0.000,1.000,1.710
solo-tank,35,3,boss,180,500,1.000,0.000,0.000,1.000,5.3,0.00,0.000,1.000,1.710
solo-tank,35,4,solo,60,500,1.000,0.000,0.000,1.000,0.8,0.00,0.000,1.000,1.710
solo-tank,35,4,solo,180,500,1.000,0.000,0.000,1.000,0.8,0.00,0.000,1.000,1.710
solo-tank,35,4,pack,60,500,1.000,0.000,0.000,1.000,3.8,0.00,0.000,1.000,1.710
solo-tank,35,4,pack,180,500,1.000,0.000,0.000,1.000,3.8,0.00,0.000,1.000,1.710
solo-tank,35,4,boss,60,500,1.000,0.000,0.000,1.000,6.8,0.00,0.000,1.000,1.710
solo-tank,35,4,boss,180,500,1.000,0.000,0.000,1.000,6.8,0.00,0.000,1.000,1.710
solo-tank,35,5,solo,60,500,1.000,0.000,0.000,1.000,1.5,0.00,0.000,1.000,1.710
solo-tank,35,5,solo,180,500,1.000,0.000,0.000,1.000,1.5,0.00,0.000,1.000,1.710
solo-tank,35,5,pack,60,500,1.000,0.000,0.000,0.991,6.0,0.00,0.009,1.000,1.705
solo-tank,35,5,pack,180,500,1.000,0.000,0.000,0.990,6.0,0.00,0.010,1.000,1.704
solo-tank,35,5,boss,60,500,1.000,0.000,0.000,0.998,9.8,0.00,0.002,1.000,1.709
solo-tank,35,5,boss,180,500,1.000,0.000,0.000,0.998,9.8,0.00,0.002,1.000,1.709
solo-tank,35,6,solo,60,500,1.000,0.000,0.000,0.947,2.3,0.00,0.053,1.000,1.680
solo-tank,35,6,solo,180,500,1.000,0.000,0.000,0.948,2.3,0.00,0.052,1.000,1.680
solo-tank,35,6,pack,60,500,0.830,0.000,0.170,0.256,8.3,0.17,0.787,1.000,1.067
solo-tank,35,6,pack,180,500,0.840,0.000,0.160,0.266,8.3,0.16,0.777,1.000,1.085
solo-tank,35,6,boss,60,500,0.378,0.000,0.622,0.202,15.8,0.62,0.924,1.000,0.474
solo-tank,35,6,boss,180,500,0.316,0.000,0.684,0.199,15.8,0.68,0.937,1.000,0.396
solo-tank,35,7,solo,60,500,1.000,0.000,0.000,0.629,3.8,0.00,0.371,1.000,1.499
solo-tank,35,7,solo,180,500,1.000,0.000,0.000,0.636,3.8,0.00,0.364,1.000,1.502
solo-tank,35,7,pack,60,500,0.000,0.000,1.000,—,—,1.00,1.000,1.000,0.000
solo-tank,35,7,pack,180,500,0.000,0.000,1.000,—,—,1.00,1.000,1.000,0.000
solo-tank,35,7,boss,60,500,0.000,0.000,1.000,—,—,1.00,1.000,1.000,0.000
solo-tank,35,7,boss,180,500,0.000,0.000,1.000,—,—,1.00,1.000,1.000,0.000
solo-tank,35,8,solo,60,500,0.000,0.000,1.000,—,—,1.00,1.000,1.000,0.000
solo-tank,35,8,solo,180,500,0.000,0.000,1.000,—,—,1.00,1.000,1.000,0.000
solo-tank,35,8,pack,60,500,0.000,0.000,1.000,—,—,1.00,1.000,1.000,0.000
solo-tank,35,8,pack,180,500,0.000,0.000,1.000,—,—,1.00,1.000,1.000,0.000
solo-tank,35,8,boss,60,500,0.000,0.000,1.000,—,—,1.00,1.000,1.000,0.000
solo-tank,35,8,boss,180,500,0.000,0.000,1.000,—,—,1.00,1.000,1.000,0.000
solo-tank,50,1,solo,60,500,1.000,0.000,0.000,1.000,0.0,0.00,0.000,—,1.800
solo-tank,50,1,solo,180,500,1.000,0.000,0.000,1.000,0.0,0.00,0.000,—,1.800
solo-tank,50,1,pack,60,500,1.000,0.000,0.000,1.000,1.1,0.00,0.000,1.000,1.800
solo-tank,50,1,pack,180,500,1.000,0.000,0.000,1.000,1.1,0.00,0.000,1.000,1.800
solo-tank,50,1,boss,60,500,1.000,0.000,0.000,1.000,1.6,0.00,0.000,1.000,1.800
solo-tank,50,1,boss,180,500,1.000,0.000,0.000,1.000,1.6,0.00,0.000,1.000,1.800
solo-tank,50,2,solo,60,500,1.000,0.000,0.000,1.000,0.0,0.00,0.000,—,1.800
solo-tank,50,2,solo,180,500,1.000,0.000,0.000,1.000,0.0,0.00,0.000,—,1.800
solo-tank,50,2,pack,60,500,1.000,0.000,0.000,1.000,1.1,0.00,0.000,1.000,1.800
solo-tank,50,2,pack,180,500,1.000,0.000,0.000,1.000,1.1,0.00,0.000,1.000,1.800
solo-tank,50,2,boss,60,500,1.000,0.000,0.000,1.000,2.2,0.00,0.000,1.000,1.800
solo-tank,50,2,boss,180,500,1.000,0.000,0.000,1.000,2.2,0.00,0.000,1.000,1.800
solo-tank,50,3,solo,60,500,1.000,0.000,0.000,1.000,0.0,0.00,0.000,—,1.800
solo-tank,50,3,solo,180,500,1.000,0.000,0.000,1.000,0.0,0.00,0.000,—,1.800
solo-tank,50,3,pack,60,500,1.000,0.000,0.000,1.000,1.1,0.00,0.000,1.000,1.800
solo-tank,50,3,pack,180,500,1.000,0.000,0.000,1.000,1.1,0.00,0.000,1.000,1.800
solo-tank,50,3,boss,60,500,1.000,0.000,0.000,1.000,2.7,0.00,0.000,1.000,1.800
solo-tank,50,3,boss,180,500,1.000,0.000,0.000,1.000,2.7,0.00,0.000,1.000,1.800
solo-tank,50,4,solo,60,500,1.000,0.000,0.000,1.000,0.5,0.00,0.000,1.000,1.800
solo-tank,50,4,solo,180,500,1.000,0.000,0.000,1.000,0.5,0.00,0.000,1.000,1.800
solo-tank,50,4,pack,60,500,1.000,0.000,0.000,1.000,2.7,0.00,0.000,1.000,1.800
solo-tank,50,4,pack,180,500,1.000,0.000,0.000,1.000,2.7,0.00,0.000,1.000,1.800
solo-tank,50,4,boss,60,500,1.000,0.000,0.000,1.000,3.8,0.00,0.000,1.000,1.800
solo-tank,50,4,boss,180,500,1.000,0.000,0.000,1.000,3.8,0.00,0.000,1.000,1.800
solo-tank,50,5,solo,60,500,1.000,0.000,0.000,1.000,0.5,0.00,0.000,1.000,1.800
solo-tank,50,5,solo,180,500,1.000,0.000,0.000,1.000,0.5,0.00,0.000,1.000,1.800
solo-tank,50,5,pack,60,500,1.000,0.000,0.000,1.000,2.7,0.00,0.000,1.000,1.800
solo-tank,50,5,pack,180,500,1.000,0.000,0.000,1.000,2.7,0.00,0.000,1.000,1.800
solo-tank,50,5,boss,60,500,1.000,0.000,0.000,1.000,5.5,0.00,0.000,1.000,1.800
solo-tank,50,5,boss,180,500,1.000,0.000,0.000,1.000,5.5,0.00,0.000,1.000,1.800
solo-tank,50,6,solo,60,500,1.000,0.000,0.000,1.000,1.1,0.00,0.000,1.000,1.800
solo-tank,50,6,solo,180,500,1.000,0.000,0.000,1.000,1.1,0.00,0.000,1.000,1.800
solo-tank,50,6,pack,60,500,1.000,0.000,0.000,1.000,4.4,0.00,0.000,1.000,1.800
solo-tank,50,6,pack,180,500,1.000,0.000,0.000,1.000,4.4,0.00,0.000,1.000,1.800
solo-tank,50,6,boss,60,500,1.000,0.000,0.000,1.000,7.6,0.00,0.000,1.000,1.800
solo-tank,50,6,boss,180,500,1.000,0.000,0.000,1.000,7.6,0.00,0.000,1.000,1.800
solo-tank,50,7,solo,60,500,1.000,0.000,0.000,0.983,1.6,0.00,0.017,1.000,1.790
solo-tank,50,7,solo,180,500,1.000,0.000,0.000,0.985,1.6,0.00,0.015,1.000,1.791
solo-tank,50,7,pack,60,500,1.000,0.000,0.000,0.577,6.0,0.00,0.423,1.000,1.546
solo-tank,50,7,pack,180,500,1.000,0.000,0.000,0.579,6.0,0.00,0.421,1.000,1.548
solo-tank,50,7,boss,60,500,0.996,0.000,0.004,0.537,12.5,0.00,0.466,1.000,1.516
solo-tank,50,7,boss,180,500,0.998,0.000,0.002,0.530,12.5,0.00,0.471,1.000,1.515
solo-tank,50,8,solo,60,500,1.000,0.000,0.000,0.787,2.7,0.00,0.213,1.000,1.672
solo-tank,50,8,solo,180,500,1.000,0.000,0.000,0.787,2.7,0.00,0.213,1.000,1.672
solo-tank,50,8,pack,60,500,0.000,0.000,1.000,—,—,1.00,1.000,1.000,0.000
solo-tank,50,8,pack,180,500,0.000,0.000,1.000,—,—,1.00,1.000,1.000,0.000
solo-tank,50,8,boss,60,500,0.000,0.000,1.000,—,—,1.00,1.000,1.000,0.000
solo-tank,50,8,boss,180,500,0.000,0.000,1.000,—,—,1.00,1.000,1.000,0.000
solo-dps,1,1,solo,60,500,1.000,0.000,0.000,0.554,6.9,0.00,0.446,—,1.282
solo-dps,1,1,solo,180,500,1.000,0.000,0.000,0.553,7.0,0.00,0.447,—,1.281
solo-dps,1,1,pack,60,500,0.000,0.000,1.000,—,—,1.00,1.000,—,0.000
solo-dps,1,1,pack,180,500,0.000,0.000,1.000,—,—,1.00,1.000,—,0.000
solo-dps,1,1,boss,60,500,0.000,0.000,1.000,—,—,1.00,1.000,—,0.000
solo-dps,1,1,boss,180,500,0.000,0.000,1.000,—,—,1.00,1.000,—,0.000
solo-dps,1,2,solo,60,500,0.090,0.000,0.910,0.268,9.7,0.91,0.976,—,0.102
solo-dps,1,2,solo,180,500,0.088,0.000,0.912,0.286,9.5,0.91,0.975,—,0.101
solo-dps,1,2,pack,60,500,0.000,0.000,1.000,—,—,1.00,1.000,—,0.000
solo-dps,1,2,pack,180,500,0.000,0.000,1.000,—,—,1.00,1.000,—,0.000
solo-dps,1,2,boss,60,500,0.000,0.000,1.000,—,—,1.00,1.000,—,0.000
solo-dps,1,2,boss,180,500,0.000,0.000,1.000,—,—,1.00,1.000,—,0.000
solo-dps,1,3,solo,60,500,0.000,0.000,1.000,—,—,1.00,1.000,—,0.000
solo-dps,1,3,solo,180,500,0.000,0.000,1.000,—,—,1.00,1.000,—,0.000
solo-dps,1,3,pack,60,500,0.000,0.000,1.000,—,—,1.00,1.000,—,0.000
solo-dps,1,3,pack,180,500,0.000,0.000,1.000,—,—,1.00,1.000,—,0.000
solo-dps,1,3,boss,60,500,0.000,0.000,1.000,—,—,1.00,1.000,—,0.000
solo-dps,1,3,boss,180,500,0.000,0.000,1.000,—,—,1.00,1.000,—,0.000
solo-dps,1,4,solo,60,500,0.000,0.000,1.000,—,—,1.00,1.000,—,0.000
solo-dps,1,4,solo,180,500,0.000,0.000,1.000,—,—,1.00,1.000,—,0.000
solo-dps,1,4,pack,60,500,0.000,0.000,1.000,—,—,1.00,1.000,—,0.000
solo-dps,1,4,pack,180,500,0.000,0.000,1.000,—,—,1.00,1.000,—,0.000
solo-dps,1,4,boss,60,500,0.000,0.000,1.000,—,—,1.00,1.000,—,0.000
solo-dps,1,4,boss,180,500,0.000,0.000,1.000,—,—,1.00,1.000,—,0.000
solo-dps,1,5,solo,60,500,0.000,0.000,1.000,—,—,1.00,1.000,—,0.000
solo-dps,1,5,solo,180,500,0.000,0.000,1.000,—,—,1.00,1.000,—,0.000
solo-dps,1,5,pack,60,500,0.000,0.000,1.000,—,—,1.00,1.000,—,0.000
solo-dps,1,5,pack,180,500,0.000,0.000,1.000,—,—,1.00,1.000,—,0.000
solo-dps,1,5,boss,60,500,0.000,0.000,1.000,—,—,1.00,1.000,—,0.000
solo-dps,1,5,boss,180,500,0.000,0.000,1.000,—,—,1.00,1.000,—,0.000
solo-dps,1,6,solo,60,500,0.000,0.000,1.000,—,—,1.00,1.000,—,0.000
solo-dps,1,6,solo,180,500,0.000,0.000,1.000,—,—,1.00,1.000,—,0.000
solo-dps,1,6,pack,60,500,0.000,0.000,1.000,—,—,1.00,1.000,—,0.000
solo-dps,1,6,pack,180,500,0.000,0.000,1.000,—,—,1.00,1.000,—,0.000
solo-dps,1,6,boss,60,500,0.000,0.000,1.000,—,—,1.00,1.000,—,0.000
solo-dps,1,6,boss,180,500,0.000,0.000,1.000,—,—,1.00,1.000,—,0.000
solo-dps,1,7,solo,60,500,0.000,0.000,1.000,—,—,1.00,1.000,—,0.000
solo-dps,1,7,solo,180,500,0.000,0.000,1.000,—,—,1.00,1.000,—,0.000
solo-dps,1,7,pack,60,500,0.000,0.000,1.000,—,—,1.00,1.000,—,0.000
solo-dps,1,7,pack,180,500,0.000,0.000,1.000,—,—,1.00,1.000,—,0.000
solo-dps,1,7,boss,60,500,0.000,0.000,1.000,—,—,1.00,1.000,—,0.000
solo-dps,1,7,boss,180,500,0.000,0.000,1.000,—,—,1.00,1.000,—,0.000
solo-dps,1,8,solo,60,500,0.000,0.000,1.000,—,—,1.00,1.000,—,0.000
solo-dps,1,8,solo,180,500,0.000,0.000,1.000,—,—,1.00,1.000,—,0.000
solo-dps,1,8,pack,60,500,0.000,0.000,1.000,—,—,1.00,1.000,—,0.000
solo-dps,1,8,pack,180,500,0.000,0.000,1.000,—,—,1.00,1.000,—,0.000
solo-dps,1,8,boss,60,500,0.000,0.000,1.000,—,—,1.00,1.000,—,0.000
solo-dps,1,8,boss,180,500,0.000,0.000,1.000,—,—,1.00,1.000,—,0.000
solo-dps,5,1,solo,60,500,1.000,0.000,0.000,0.778,3.5,0.00,0.222,—,1.417
solo-dps,5,1,solo,180,500,1.000,0.000,0.000,0.770,3.5,0.00,0.230,—,1.413
solo-dps,5,1,pack,60,500,0.150,0.000,0.850,0.064,12.9,0.85,0.990,—,0.158
solo-dps,5,1,pack,180,500,0.170,0.000,0.830,0.073,13.1,0.83,0.988,—,0.180
solo-dps,5,1,boss,60,500,0.020,0.000,0.980,0.091,22.9,0.98,0.998,—,0.021
solo-dps,5,1,boss,180,500,0.014,0.000,0.986,0.081,22.0,0.99,0.999,—,0.015
solo-dps,5,2,solo,60,500,1.000,0.000,0.000,0.516,5.2,0.00,0.484,—,1.283
solo-dps,5,2,solo,180,500,1.000,0.000,0.000,0.518,5.2,0.00,0.482,—,1.284
solo-dps,5,2,pack,60,500,0.000,0.000,1.000,—,—,1.00,1.000,—,0.000
solo-dps,5,2,pack,180,500,0.000,0.000,1.000,—,—,1.00,1.000,—,0.000
solo-dps,5,2,boss,60,500,0.000,0.000,1.000,—,—,1.00,1.000,—,0.000
solo-dps,5,2,boss,180,500,0.000,0.000,1.000,—,—,1.00,1.000,—,0.000
solo-dps,5,3,solo,60,500,0.164,0.000,0.836,0.204,7.4,0.84,0.966,—,0.184
solo-dps,5,3,solo,180,500,0.132,0.000,0.868,0.158,7.4,0.87,0.979,—,0.145
solo-dps,5,3,pack,60,500,0.000,0.000,1.000,—,—,1.00,1.000,—,0.000
solo-dps,5,3,pack,180,500,0.000,0.000,1.000,—,—,1.00,1.000,—,0.000
solo-dps,5,3,boss,60,500,0.000,0.000,1.000,—,—,1.00,1.000,—,0.000
solo-dps,5,3,boss,180,500,0.000,0.000,1.000,—,—,1.00,1.000,—,0.000
solo-dps,5,4,solo,60,500,0.000,0.000,1.000,—,—,1.00,1.000,—,0.000
solo-dps,5,4,solo,180,500,0.000,0.000,1.000,—,—,1.00,1.000,—,0.000
solo-dps,5,4,pack,60,500,0.000,0.000,1.000,—,—,1.00,1.000,—,0.000
solo-dps,5,4,pack,180,500,0.000,0.000,1.000,—,—,1.00,1.000,—,0.000
solo-dps,5,4,boss,60,500,0.000,0.000,1.000,—,—,1.00,1.000,—,0.000
solo-dps,5,4,boss,180,500,0.000,0.000,1.000,—,—,1.00,1.000,—,0.000
solo-dps,5,5,solo,60,500,0.000,0.000,1.000,—,—,1.00,1.000,—,0.000
solo-dps,5,5,solo,180,500,0.000,0.000,1.000,—,—,1.00,1.000,—,0.000
solo-dps,5,5,pack,60,500,0.000,0.000,1.000,—,—,1.00,1.000,—,0.000
solo-dps,5,5,pack,180,500,0.000,0.000,1.000,—,—,1.00,1.000,—,0.000
solo-dps,5,5,boss,60,500,0.000,0.000,1.000,—,—,1.00,1.000,—,0.000
solo-dps,5,5,boss,180,500,0.000,0.000,1.000,—,—,1.00,1.000,—,0.000
solo-dps,5,6,solo,60,500,0.000,0.000,1.000,—,—,1.00,1.000,—,0.000
solo-dps,5,6,solo,180,500,0.000,0.000,1.000,—,—,1.00,1.000,—,0.000
solo-dps,5,6,pack,60,500,0.000,0.000,1.000,—,—,1.00,1.000,—,0.000
solo-dps,5,6,pack,180,500,0.000,0.000,1.000,—,—,1.00,1.000,—,0.000
solo-dps,5,6,boss,60,500,0.000,0.000,1.000,—,—,1.00,1.000,—,0.000
solo-dps,5,6,boss,180,500,0.000,0.000,1.000,—,—,1.00,1.000,—,0.000
solo-dps,5,7,solo,60,500,0.000,0.000,1.000,—,—,1.00,1.000,—,0.000
solo-dps,5,7,solo,180,500,0.000,0.000,1.000,—,—,1.00,1.000,—,0.000
solo-dps,5,7,pack,60,500,0.000,0.000,1.000,—,—,1.00,1.000,—,0.000
solo-dps,5,7,pack,180,500,0.000,0.000,1.000,—,—,1.00,1.000,—,0.000
solo-dps,5,7,boss,60,500,0.000,0.000,1.000,—,—,1.00,1.000,—,0.000
solo-dps,5,7,boss,180,500,0.000,0.000,1.000,—,—,1.00,1.000,—,0.000
solo-dps,5,8,solo,60,500,0.000,0.000,1.000,—,—,1.00,1.000,—,0.000
solo-dps,5,8,solo,180,500,0.000,0.000,1.000,—,—,1.00,1.000,—,0.000
solo-dps,5,8,pack,60,500,0.000,0.000,1.000,—,—,1.00,1.000,—,0.000
solo-dps,5,8,pack,180,500,0.000,0.000,1.000,—,—,1.00,1.000,—,0.000
solo-dps,5,8,boss,60,500,0.000,0.000,1.000,—,—,1.00,1.000,—,0.000
solo-dps,5,8,boss,180,500,0.000,0.000,1.000,—,—,1.00,1.000,—,0.000
solo-dps,10,1,solo,60,500,1.000,0.000,0.000,0.907,1.4,0.00,0.093,—,1.512
solo-dps,10,1,solo,180,500,1.000,0.000,0.000,0.906,1.4,0.00,0.094,—,1.511
solo-dps,10,1,pack,60,500,1.000,0.000,0.000,0.443,7.1,0.00,0.557,—,1.271
solo-dps,10,1,pack,180,500,1.000,0.000,0.000,0.446,7.1,0.00,0.554,—,1.272
solo-dps,10,1,boss,60,500,1.000,0.000,0.000,0.267,12.7,0.00,0.733,—,1.179
solo-dps,10,1,boss,180,500,1.000,0.000,0.000,0.255,12.7,0.00,0.745,—,1.173
solo-dps,10,2,solo,60,500,1.000,0.000,0.000,0.762,2.7,0.00,0.238,—,1.436
solo-dps,10,2,solo,180,500,1.000,0.000,0.000,0.766,2.6,0.00,0.234,—,1.438
solo-dps,10,2,pack,60,500,0.100,0.000,0.900,0.087,9.8,0.90,0.991,—,0.109
solo-dps,10,2,pack,180,500,0.076,0.000,0.924,0.076,9.6,0.92,0.994,—,0.082
solo-dps,10,2,boss,60,500,0.014,0.000,0.986,0.101,16.9,0.99,0.999,—,0.015
solo-dps,10,2,boss,180,500,0.016,0.000,0.984,0.124,16.8,0.98,0.998,—,0.018
solo-dps,10,3,solo,60,500,1.000,0.000,0.000,0.485,4.0,0.00,0.515,—,1.292
solo-dps,10,3,solo,180,500,1.000,0.000,0.000,0.494,4.0,0.00,0.506,—,1.297
solo-dps,10,3,pack,60,500,0.000,0.000,1.000,—,—,1.00,1.000,—,0.000
solo-dps,10,3,pack,180,500,0.000,0.000,1.000,—,—,1.00,1.000,—,0.000
solo-dps,10,3,boss,60,500,0.000,0.000,1.000,—,—,1.00,1.000,—,0.000
solo-dps,10,3,boss,180,500,0.000,0.000,1.000,—,—,1.00,1.000,—,0.000
solo-dps,10,4,solo,60,500,0.088,0.000,0.912,0.157,5.5,0.91,0.986,—,0.099
solo-dps,10,4,solo,180,500,0.102,0.000,0.898,0.101,5.4,0.90,0.990,—,0.111
solo-dps,10,4,pack,60,500,0.000,0.000,1.000,—,—,1.00,1.000,—,0.000
solo-dps,10,4,pack,180,500,0.000,0.000,1.000,—,—,1.00,1.000,—,0.000
solo-dps,10,4,boss,60,500,0.000,0.000,1.000,—,—,1.00,1.000,—,0.000
solo-dps,10,4,boss,180,500,0.000,0.000,1.000,—,—,1.00,1.000,—,0.000
solo-dps,10,5,solo,60,500,0.000,0.000,1.000,—,—,1.00,1.000,—,0.000
solo-dps,10,5,solo,180,500,0.000,0.000,1.000,—,—,1.00,1.000,—,0.000
solo-dps,10,5,pack,60,500,0.000,0.000,1.000,—,—,1.00,1.000,—,0.000
solo-dps,10,5,pack,180,500,0.000,0.000,1.000,—,—,1.00,1.000,—,0.000
solo-dps,10,5,boss,60,500,0.000,0.000,1.000,—,—,1.00,1.000,—,0.000
solo-dps,10,5,boss,180,500,0.000,0.000,1.000,—,—,1.00,1.000,—,0.000
solo-dps,10,6,solo,60,500,0.000,0.000,1.000,—,—,1.00,1.000,—,0.000
solo-dps,10,6,solo,180,500,0.000,0.000,1.000,—,—,1.00,1.000,—,0.000
solo-dps,10,6,pack,60,500,0.000,0.000,1.000,—,—,1.00,1.000,—,0.000
solo-dps,10,6,pack,180,500,0.000,0.000,1.000,—,—,1.00,1.000,—,0.000
solo-dps,10,6,boss,60,500,0.000,0.000,1.000,—,—,1.00,1.000,—,0.000
solo-dps,10,6,boss,180,500,0.000,0.000,1.000,—,—,1.00,1.000,—,0.000
solo-dps,10,7,solo,60,500,0.000,0.000,1.000,—,—,1.00,1.000,—,0.000
solo-dps,10,7,solo,180,500,0.000,0.000,1.000,—,—,1.00,1.000,—,0.000
solo-dps,10,7,pack,60,500,0.000,0.000,1.000,—,—,1.00,1.000,—,0.000
solo-dps,10,7,pack,180,500,0.000,0.000,1.000,—,—,1.00,1.000,—,0.000
solo-dps,10,7,boss,60,500,0.000,0.000,1.000,—,—,1.00,1.000,—,0.000
solo-dps,10,7,boss,180,500,0.000,0.000,1.000,—,—,1.00,1.000,—,0.000
solo-dps,10,8,solo,60,500,0.000,0.000,1.000,—,—,1.00,1.000,—,0.000
solo-dps,10,8,solo,180,500,0.000,0.000,1.000,—,—,1.00,1.000,—,0.000
solo-dps,10,8,pack,60,500,0.000,0.000,1.000,—,—,1.00,1.000,—,0.000
solo-dps,10,8,pack,180,500,0.000,0.000,1.000,—,—,1.00,1.000,—,0.000
solo-dps,10,8,boss,60,500,0.000,0.000,1.000,—,—,1.00,1.000,—,0.000
solo-dps,10,8,boss,180,500,0.000,0.000,1.000,—,—,1.00,1.000,—,0.000
solo-dps,20,1,solo,60,500,1.000,0.000,0.000,1.000,0.0,0.00,0.000,—,1.620
solo-dps,20,1,solo,180,500,1.000,0.000,0.000,1.000,0.0,0.00,0.000,—,1.620
solo-dps,20,1,pack,60,500,1.000,0.000,0.000,0.886,1.9,0.00,0.114,—,1.558
solo-dps,20,1,pack,180,500,1.000,0.000,0.000,0.881,1.9,0.00,0.119,—,1.556
solo-dps,20,1,boss,60,500,1.000,0.000,0.000,0.786,5.8,0.00,0.214,—,1.504
solo-dps,20,1,boss,180,500,1.000,0.000,0.000,0.778,5.8,0.00,0.222,—,1.500
solo-dps,20,2,solo,60,500,1.000,0.000,0.000,0.921,0.9,0.00,0.079,—,1.578
solo-dps,20,2,solo,180,500,1.000,0.000,0.000,0.923,0.9,0.00,0.077,—,1.578
solo-dps,20,2,pack,60,500,1.000,0.000,0.000,0.548,4.6,0.00,0.452,—,1.376
solo-dps,20,2,pack,180,500,1.000,0.000,0.000,0.546,4.6,0.00,0.454,—,1.375
solo-dps,20,2,boss,60,500,1.000,0.000,0.000,0.456,7.7,0.00,0.544,—,1.326
solo-dps,20,2,boss,180,500,1.000,0.000,0.000,0.457,7.7,0.00,0.543,—,1.327
solo-dps,20,3,solo,60,500,1.000,0.000,0.000,0.881,1.0,0.00,0.119,—,1.556
solo-dps,20,3,solo,180,500,1.000,0.000,0.000,0.883,1.0,0.00,0.117,—,1.557
solo-dps,20,3,pack,60,500,0.910,0.000,0.090,0.226,4.8,0.09,0.794,—,1.094
solo-dps,20,3,pack,180,500,0.932,0.000,0.068,0.223,4.8,0.07,0.792,—,1.119
solo-dps,20,3,boss,60,500,0.092,0.000,0.908,0.187,10.4,0.91,0.983,—,0.109
solo-dps,20,3,boss,180,500,0.094,0.000,0.906,0.180,10.4,0.91,0.983,—,0.111
solo-dps,20,4,solo,60,500,1.000,0.000,0.000,0.681,1.9,0.00,0.319,—,1.448
solo-dps,20,4,solo,180,500,1.000,0.000,0.000,0.691,1.9,0.00,0.309,—,1.453
solo-dps,20,4,pack,60,500,0.002,0.000,0.998,0.100,6.8,1.00,1.000,—,0.002
solo-dps,20,4,pack,180,500,0.002,0.000,0.998,0.100,7.7,1.00,1.000,—,0.002
solo-dps,20,4,boss,60,500,0.000,0.000,1.000,—,—,1.00,1.000,—,0.000
solo-dps,20,4,boss,180,500,0.000,0.000,1.000,—,—,1.00,1.000,—,0.000
solo-dps,20,5,solo,60,500,0.528,0.000,0.472,0.244,3.5,0.47,0.871,—,0.640
solo-dps,20,5,solo,180,500,0.594,0.000,0.406,0.217,3.5,0.41,0.871,—,0.711
solo-dps,20,5,pack,60,500,0.000,0.000,1.000,—,—,1.00,1.000,—,0.000
solo-dps,20,5,pack,180,500,0.000,0.000,1.000,—,—,1.00,1.000,—,0.000
solo-dps,20,5,boss,60,500,0.000,0.000,1.000,—,—,1.00,1.000,—,0.000
solo-dps,20,5,boss,180,500,0.000,0.000,1.000,—,—,1.00,1.000,—,0.000
solo-dps,20,6,solo,60,500,0.000,0.000,1.000,—,—,1.00,1.000,—,0.000
solo-dps,20,6,solo,180,500,0.000,0.000,1.000,—,—,1.00,1.000,—,0.000
solo-dps,20,6,pack,60,500,0.000,0.000,1.000,—,—,1.00,1.000,—,0.000
solo-dps,20,6,pack,180,500,0.000,0.000,1.000,—,—,1.00,1.000,—,0.000
solo-dps,20,6,boss,60,500,0.000,0.000,1.000,—,—,1.00,1.000,—,0.000
solo-dps,20,6,boss,180,500,0.000,0.000,1.000,—,—,1.00,1.000,—,0.000
solo-dps,20,7,solo,60,500,0.000,0.000,1.000,—,—,1.00,1.000,—,0.000
solo-dps,20,7,solo,180,500,0.000,0.000,1.000,—,—,1.00,1.000,—,0.000
solo-dps,20,7,pack,60,500,0.000,0.000,1.000,—,—,1.00,1.000,—,0.000
solo-dps,20,7,pack,180,500,0.000,0.000,1.000,—,—,1.00,1.000,—,0.000
solo-dps,20,7,boss,60,500,0.000,0.000,1.000,—,—,1.00,1.000,—,0.000
solo-dps,20,7,boss,180,500,0.000,0.000,1.000,—,—,1.00,1.000,—,0.000
solo-dps,20,8,solo,60,500,0.000,0.000,1.000,—,—,1.00,1.000,—,0.000
solo-dps,20,8,solo,180,500,0.000,0.000,1.000,—,—,1.00,1.000,—,0.000
solo-dps,20,8,pack,60,500,0.000,0.000,1.000,—,—,1.00,1.000,—,0.000
solo-dps,20,8,pack,180,500,0.000,0.000,1.000,—,—,1.00,1.000,—,0.000
solo-dps,20,8,boss,60,500,0.000,0.000,1.000,—,—,1.00,1.000,—,0.000
solo-dps,20,8,boss,180,500,0.000,0.000,1.000,—,—,1.00,1.000,—,0.000
solo-dps,35,1,solo,60,500,1.000,0.000,0.000,1.000,0.0,0.00,0.000,—,1.710
solo-dps,35,1,solo,180,500,1.000,0.000,0.000,1.000,0.0,0.00,0.000,—,1.710
solo-dps,35,1,pack,60,500,1.000,0.000,0.000,0.937,1.3,0.00,0.063,—,1.674
solo-dps,35,1,pack,180,500,1.000,0.000,0.000,0.933,1.3,0.00,0.067,—,1.672
solo-dps,35,1,boss,60,500,1.000,0.000,0.000,0.890,3.1,0.00,0.110,—,1.647
solo-dps,35,1,boss,180,500,1.000,0.000,0.000,0.893,3.1,0.00,0.107,—,1.649
solo-dps,35,2,solo,60,500,1.000,0.000,0.000,1.000,0.0,0.00,0.000,—,1.710
solo-dps,35,2,solo,180,500,1.000,0.000,0.000,1.000,0.0,0.00,0.000,—,1.710
solo-dps,35,2,pack,60,500,1.000,0.000,0.000,0.908,1.3,0.00,0.092,—,1.657
solo-dps,35,2,pack,180,500,1.000,0.000,0.000,0.911,1.3,0.00,0.089,—,1.659
solo-dps,35,2,boss,60,500,1.000,0.000,0.000,0.836,3.7,0.00,0.164,—,1.617
solo-dps,35,2,boss,180,500,1.000,0.000,0.000,0.826,3.7,0.00,0.174,—,1.611
solo-dps,35,3,solo,60,500,1.000,0.000,0.000,0.936,0.6,0.00,0.064,—,1.674
solo-dps,35,3,solo,180,500,1.000,0.000,0.000,0.939,0.6,0.00,0.061,—,1.675
solo-dps,35,3,pack,60,500,1.000,0.000,0.000,0.636,3.1,0.00,0.364,—,1.503
solo-dps,35,3,pack,180,500,1.000,0.000,0.000,0.635,3.1,0.00,0.365,—,1.502
solo-dps,35,3,boss,60,500,1.000,0.000,0.000,0.590,5.0,0.00,0.410,—,1.476
solo-dps,35,3,boss,180,500,1.000,0.000,0.000,0.587,5.0,0.00,0.413,—,1.474
solo-dps,35,4,solo,60,500,1.000,0.000,0.000,0.907,0.7,0.00,0.093,—,1.657
solo-dps,35,4,solo,180,500,1.000,0.000,0.000,0.910,0.7,0.00,0.090,—,1.659
solo-dps,35,4,pack,60,500,1.000,0.000,0.000,0.477,3.3,0.00,0.523,—,1.412
solo-dps,35,4,pack,180,500,1.000,0.000,0.000,0.474,3.3,0.00,0.526,—,1.410
solo-dps,35,4,boss,60,500,0.572,0.000,0.428,0.315,6.8,0.43,0.820,—,0.755
solo-dps,35,4,boss,180,500,0.574,0.000,0.426,0.290,6.8,0.43,0.834,—,0.749
solo-dps,35,5,solo,60,500,1.000,0.000,0.000,0.752,1.3,0.00,0.248,—,1.569
solo-dps,35,5,solo,180,500,1.000,0.000,0.000,0.755,1.3,0.00,0.245,—,1.570
solo-dps,35,5,pack,60,500,0.034,0.000,0.966,0.275,5.2,0.97,0.991,—,0.044
solo-dps,35,5,pack,180,500,0.030,0.000,0.970,0.134,5.2,0.97,0.996,—,0.036
solo-dps,35,5,boss,60,500,0.000,0.000,1.000,—,—,1.00,1.000,—,0.000
solo-dps,35,5,boss,180,500,0.004,0.000,0.996,0.098,10.1,1.00,1.000,—,0.005
solo-dps,35,6,solo,60,500,0.918,0.000,0.082,0.364,1.9,0.08,0.666,—,1.237
solo-dps,35,6,solo,180,500,0.912,0.000,0.088,0.374,1.9,0.09,0.659,—,1.234
solo-dps,35,6,pack,60,500,0.000,0.000,1.000,—,—,1.00,1.000,—,0.000
solo-dps,35,6,pack,180,500,0.000,0.000,1.000,—,—,1.00,1.000,—,0.000
solo-dps,35,6,boss,60,500,0.000,0.000,1.000,—,—,1.00,1.000,—,0.000
solo-dps,35,6,boss,180,500,0.000,0.000,1.000,—,—,1.00,1.000,—,0.000
solo-dps,35,7,solo,60,500,0.056,0.000,0.944,0.185,3.5,0.94,0.990,—,0.070
solo-dps,35,7,solo,180,500,0.038,0.000,0.962,0.275,3.5,0.96,0.990,—,0.049
solo-dps,35,7,pack,60,500,0.000,0.000,1.000,—,—,1.00,1.000,—,0.000
solo-dps,35,7,pack,180,500,0.000,0.000,1.000,—,—,1.00,1.000,—,0.000
solo-dps,35,7,boss,60,500,0.000,0.000,1.000,—,—,1.00,1.000,—,0.000
solo-dps,35,7,boss,180,500,0.000,0.000,1.000,—,—,1.00,1.000,—,0.000
solo-dps,35,8,solo,60,500,0.000,0.000,1.000,—,—,1.00,1.000,—,0.000
solo-dps,35,8,solo,180,500,0.000,0.000,1.000,—,—,1.00,1.000,—,0.000
solo-dps,35,8,pack,60,500,0.000,0.000,1.000,—,—,1.00,1.000,—,0.000
solo-dps,35,8,pack,180,500,0.000,0.000,1.000,—,—,1.00,1.000,—,0.000
solo-dps,35,8,boss,60,500,0.000,0.000,1.000,—,—,1.00,1.000,—,0.000
solo-dps,35,8,boss,180,500,0.000,0.000,1.000,—,—,1.00,1.000,—,0.000
solo-dps,50,1,solo,60,500,1.000,0.000,0.000,1.000,0.0,0.00,0.000,—,1.800
solo-dps,50,1,solo,180,500,1.000,0.000,0.000,1.000,0.0,0.00,0.000,—,1.800
solo-dps,50,1,pack,60,500,1.000,0.000,0.000,0.964,1.0,0.00,0.036,—,1.778
solo-dps,50,1,pack,180,500,1.000,0.000,0.000,0.965,1.0,0.00,0.035,—,1.779
solo-dps,50,1,boss,60,500,1.000,0.000,0.000,0.960,1.9,0.00,0.040,—,1.776
solo-dps,50,1,boss,180,500,1.000,0.000,0.000,0.961,1.9,0.00,0.039,—,1.776
solo-dps,50,2,solo,60,500,1.000,0.000,0.000,1.000,0.0,0.00,0.000,—,1.800
solo-dps,50,2,solo,180,500,1.000,0.000,0.000,1.000,0.0,0.00,0.000,—,1.800
solo-dps,50,2,pack,60,500,1.000,0.000,0.000,0.946,1.0,0.00,0.054,—,1.767
solo-dps,50,2,pack,180,500,1.000,0.000,0.000,0.946,1.0,0.00,0.054,—,1.768
solo-dps,50,2,boss,60,500,1.000,0.000,0.000,0.909,2.3,0.00,0.091,—,1.746
solo-dps,50,2,boss,180,500,1.000,0.000,0.000,0.920,2.3,0.00,0.080,—,1.752
solo-dps,50,3,solo,60,500,1.000,0.000,0.000,1.000,0.0,0.00,0.000,—,1.800
solo-dps,50,3,solo,180,500,1.000,0.000,0.000,1.000,0.0,0.00,0.000,—,1.800
solo-dps,50,3,pack,60,500,1.000,0.000,0.000,0.934,1.0,0.00,0.066,—,1.760
solo-dps,50,3,pack,180,500,1.000,0.000,0.000,0.929,1.0,0.00,0.071,—,1.757
solo-dps,50,3,boss,60,500,1.000,0.000,0.000,0.865,2.9,0.00,0.135,—,1.719
solo-dps,50,3,boss,180,500,1.000,0.000,0.000,0.877,2.9,0.00,0.123,—,1.726
solo-dps,50,4,solo,60,500,1.000,0.000,0.000,0.957,0.5,0.00,0.043,—,1.774
solo-dps,50,4,solo,180,500,1.000,0.000,0.000,0.955,0.4,0.00,0.045,—,1.773
solo-dps,50,4,pack,60,500,1.000,0.000,0.000,0.730,2.3,0.00,0.270,—,1.638
solo-dps,50,4,pack,180,500,1.000,0.000,0.000,0.733,2.3,0.00,0.267,—,1.640
solo-dps,50,4,boss,60,500,1.000,0.000,0.000,0.675,3.9,0.00,0.325,—,1.605
solo-dps,50,4,boss,180,500,1.000,0.000,0.000,0.659,3.9,0.00,0.341,—,1.595
solo-dps,50,5,solo,60,500,1.000,0.000,0.000,0.938,0.5,0.00,0.062,—,1.763
solo-dps,50,5,solo,180,500,1.000,0.000,0.000,0.923,0.5,0.00,0.077,—,1.754
solo-dps,50,5,pack,60,500,0.988,0.000,0.012,0.531,2.5,0.01,0.476,—,1.500
solo-dps,50,5,pack,180,500,0.978,0.000,0.022,0.518,2.5,0.02,0.493,—,1.478
solo-dps,50,5,boss,60,500,0.670,0.000,0.330,0.396,5.3,0.33,0.735,—,0.963
solo-dps,50,5,boss,180,500,0.706,0.000,0.294,0.423,5.3,0.29,0.701,—,1.026
solo-dps,50,6,solo,60,500,1.000,0.000,0.000,0.804,1.0,0.00,0.196,—,1.682
solo-dps,50,6,solo,180,500,1.000,0.000,0.000,0.813,1.0,0.00,0.187,—,1.688
solo-dps,50,6,pack,60,500,0.182,0.000,0.818,0.155,3.9,0.82,0.972,—,0.235
solo-dps,50,6,pack,180,500,0.206,0.000,0.794,0.189,3.9,0.79,0.961,—,0.271
solo-dps,50,6,boss,60,500,0.002,0.000,0.998,1.000,7.9,1.00,0.998,—,0.004
solo-dps,50,6,boss,180,500,0.008,0.000,0.992,0.244,8.4,0.99,0.998,—,0.011
solo-dps,50,7,solo,60,500,0.940,0.000,0.060,0.429,1.8,0.06,0.596,—,1.370
solo-dps,50,7,solo,180,500,0.942,0.000,0.058,0.433,1.8,0.06,0.592,—,1.375
solo-dps,50,7,pack,60,500,0.000,0.000,1.000,—,—,1.00,1.000,—,0.000
solo-dps,50,7,pack,180,500,0.000,0.000,1.000,—,—,1.00,1.000,—,0.000
solo-dps,50,7,boss,60,500,0.000,0.000,1.000,—,—,1.00,1.000,—,0.000
solo-dps,50,7,boss,180,500,0.000,0.000,1.000,—,—,1.00,1.000,—,0.000
solo-dps,50,8,solo,60,500,0.130,0.000,0.870,0.236,2.9,0.87,0.969,—,0.174
solo-dps,50,8,solo,180,500,0.076,0.000,0.924,0.206,2.9,0.92,0.984,—,0.101
solo-dps,50,8,pack,60,500,0.000,0.000,1.000,—,—,1.00,1.000,—,0.000
solo-dps,50,8,pack,180,500,0.000,0.000,1.000,—,—,1.00,1.000,—,0.000
solo-dps,50,8,boss,60,500,0.000,0.000,1.000,—,—,1.00,1.000,—,0.000
solo-dps,50,8,boss,180,500,0.000,0.000,1.000,—,—,1.00,1.000,—,0.000
