comp,level,tier,shape,limit,fights,winRate,timeoutRate,wipeRate,avgMarginWin,avgDurationWin,avgDowned,avgHpLostPct,tankTargetPct,expRewardMult
trio-core,1,1,solo,180,200,1.000,0.000,0.000,0.925,4.0,0.00,0.075,1.000,1.468
trio-core,1,1,solo,300,200,1.000,0.000,0.000,0.926,3.9,0.00,0.074,1.000,1.469
trio-core,1,1,pack,180,200,1.000,0.000,0.000,0.961,21.4,0.00,0.039,1.000,1.486
trio-core,1,1,pack,300,200,1.000,0.000,0.000,0.962,21.4,0.00,0.038,1.000,1.487
trio-core,1,1,boss,180,200,1.000,0.000,0.000,0.995,39.4,0.00,0.005,1.000,1.503
trio-core,1,1,boss,300,200,1.000,0.000,0.000,0.995,39.4,0.00,0.005,1.000,1.503
trio-core,1,2,solo,180,200,1.000,0.000,0.000,0.904,5.3,0.00,0.096,1.000,1.458
trio-core,1,2,solo,300,200,1.000,0.000,0.000,0.904,5.3,0.00,0.096,1.000,1.458
trio-core,1,2,pack,180,200,1.000,0.000,0.000,0.938,24.0,0.00,0.062,1.000,1.475
trio-core,1,2,pack,300,200,1.000,0.000,0.000,0.936,24.0,0.00,0.064,1.000,1.474
trio-core,1,2,boss,180,200,1.000,0.000,0.000,0.947,50.6,0.00,0.053,1.000,1.479
trio-core,1,2,boss,300,200,1.000,0.000,0.000,0.948,50.5,0.00,0.052,1.000,1.480
trio-core,1,3,solo,180,200,1.000,0.000,0.000,0.890,5.9,0.00,0.110,1.000,1.451
trio-core,1,3,solo,300,200,1.000,0.000,0.000,0.891,5.9,0.00,0.109,1.000,1.451
trio-core,1,3,pack,180,200,0.390,0.100,0.510,0.537,36.6,2.10,0.766,0.353,0.497
trio-core,1,3,pack,300,200,0.385,0.120,0.495,0.559,36.3,2.07,0.755,0.305,0.495
trio-core,1,3,boss,180,200,1.000,0.000,0.000,0.970,64.8,0.00,0.030,1.000,1.491
trio-core,1,3,boss,300,200,1.000,0.000,0.000,0.972,64.9,0.00,0.028,1.000,1.492
trio-core,1,4,solo,180,200,1.000,0.000,0.000,0.919,10.9,0.00,0.081,1.000,1.465
trio-core,1,4,solo,300,200,1.000,0.000,0.000,0.922,10.9,0.00,0.078,1.000,1.467
trio-core,1,4,pack,180,200,0.000,0.000,1.000,—,—,3.00,1.000,0.441,0.000
trio-core,1,4,pack,300,200,0.000,0.000,1.000,—,—,3.00,1.000,0.449,0.000
trio-core,1,4,boss,180,200,0.000,0.000,1.000,—,—,3.00,1.000,0.426,0.000
trio-core,1,4,boss,300,200,0.000,0.000,1.000,—,—,3.00,1.000,0.419,0.000
trio-core,1,5,solo,180,200,1.000,0.000,0.000,0.939,15.6,0.00,0.061,1.000,1.475
trio-core,1,5,solo,300,200,1.000,0.000,0.000,0.938,15.7,0.00,0.062,1.000,1.475
trio-core,1,5,pack,180,200,0.000,0.000,1.000,—,—,3.00,1.000,0.381,0.000
trio-core,1,5,pack,300,200,0.000,0.000,1.000,—,—,3.00,1.000,0.383,0.000
trio-core,1,5,boss,180,200,0.000,0.000,1.000,—,—,3.00,1.000,0.363,0.000
trio-core,1,5,boss,300,200,0.000,0.000,1.000,—,—,3.00,1.000,0.374,0.000
trio-core,1,6,solo,180,200,1.000,0.000,0.000,0.694,19.1,0.00,0.306,1.000,1.352
trio-core,1,6,solo,300,200,1.000,0.000,0.000,0.696,19.1,0.00,0.304,1.000,1.353
trio-core,1,6,pack,180,200,0.000,0.000,1.000,—,—,3.00,1.000,0.432,0.000
trio-core,1,6,pack,300,200,0.000,0.000,1.000,—,—,3.00,1.000,0.429,0.000
trio-core,1,6,boss,180,200,0.000,0.000,1.000,—,—,3.00,1.000,0.362,0.000
trio-core,1,6,boss,300,200,0.000,0.000,1.000,—,—,3.00,1.000,0.361,0.000
trio-core,1,7,solo,180,200,0.090,0.000,0.910,0.566,24.8,2.82,0.949,0.437,0.116
trio-core,1,7,solo,300,200,0.125,0.000,0.875,0.530,25.0,2.77,0.934,0.449,0.159
trio-core,1,7,pack,180,200,0.000,0.000,1.000,—,—,3.00,1.000,0.393,0.000
trio-core,1,7,pack,300,200,0.000,0.000,1.000,—,—,3.00,1.000,0.396,0.000
trio-core,1,7,boss,180,200,0.000,0.000,1.000,—,—,3.00,1.000,0.420,0.000
trio-core,1,7,boss,300,200,0.000,0.000,1.000,—,—,3.00,1.000,0.417,0.000
trio-core,1,8,solo,180,200,0.000,0.000,1.000,—,—,3.00,1.000,0.408,0.000
trio-core,1,8,solo,300,200,0.000,0.000,1.000,—,—,3.00,1.000,0.404,0.000
trio-core,1,8,pack,180,200,0.000,0.000,1.000,—,—,3.00,1.000,0.382,0.000
trio-core,1,8,pack,300,200,0.000,0.000,1.000,—,—,3.00,1.000,0.383,0.000
trio-core,1,8,boss,180,200,0.000,0.000,1.000,—,—,3.00,1.000,0.429,0.000
trio-core,1,8,boss,300,200,0.000,0.000,1.000,—,—,3.00,1.000,0.433,0.000
trio-core,5,1,solo,180,200,1.000,0.000,0.000,1.000,0.0,0.00,0.000,—,1.530
trio-core,5,1,solo,300,200,1.000,0.000,0.000,1.000,0.0,0.00,0.000,—,1.530
trio-core,5,1,pack,180,200,1.000,0.000,0.000,0.953,8.0,0.00,0.047,1.000,1.506
trio-core,5,1,pack,300,200,1.000,0.000,0.000,0.939,7.9,0.00,0.061,1.000,1.499
trio-core,5,1,boss,180,200,1.000,0.000,0.000,0.964,19.7,0.00,0.036,1.000,1.511
trio-core,5,1,boss,300,200,1.000,0.000,0.000,0.965,19.8,0.00,0.035,1.000,1.512
trio-core,5,2,solo,180,200,1.000,0.000,0.000,0.969,1.9,0.00,0.031,1.000,1.514
trio-core,5,2,solo,300,200,1.000,0.000,0.000,0.968,2.0,0.00,0.032,1.000,1.514
trio-core,5,2,pack,180,200,1.000,0.000,0.000,0.999,14.0,0.00,0.001,1.000,1.529
trio-core,5,2,pack,300,200,1.000,0.000,0.000,0.999,14.1,0.00,0.001,1.000,1.529
trio-core,5,2,boss,180,200,1.000,0.000,0.000,0.973,25.6,0.00,0.027,1.000,1.516
trio-core,5,2,boss,300,200,1.000,0.000,0.000,0.973,25.9,0.00,0.027,1.000,1.516
trio-core,5,3,solo,180,200,1.000,0.000,0.000,0.919,3.9,0.00,0.081,1.000,1.489
trio-core,5,3,solo,300,200,1.000,0.000,0.000,0.920,3.9,0.00,0.080,1.000,1.489
trio-core,5,3,pack,180,200,1.000,0.000,0.000,1.000,16.5,0.00,0.000,1.000,1.530
trio-core,5,3,pack,300,200,1.000,0.000,0.000,1.000,16.5,0.00,0.000,1.000,1.530
trio-core,5,3,boss,180,200,1.000,0.000,0.000,0.943,32.2,0.00,0.057,1.000,1.501
trio-core,5,3,boss,300,200,1.000,0.000,0.000,0.941,32.1,0.00,0.059,1.000,1.500
trio-core,5,4,solo,180,200,1.000,0.000,0.000,0.896,4.2,0.00,0.104,1.000,1.477
trio-core,5,4,solo,300,200,1.000,0.000,0.000,0.897,4.2,0.00,0.103,1.000,1.478
trio-core,5,4,pack,180,200,1.000,0.000,0.000,0.947,20.9,0.00,0.053,1.000,1.503
trio-core,5,4,pack,300,200,1.000,0.000,0.000,0.948,20.9,0.00,0.052,1.000,1.503
trio-core,5,4,boss,180,200,1.000,0.000,0.000,0.946,42.0,0.00,0.054,1.000,1.502
trio-core,5,4,boss,300,200,1.000,0.000,0.000,0.945,41.9,0.00,0.055,1.000,1.502
trio-core,5,5,solo,180,200,1.000,0.000,0.000,0.938,6.2,0.00,0.062,1.000,1.498
trio-core,5,5,solo,300,200,1.000,0.000,0.000,0.939,6.2,0.00,0.061,1.000,1.499
trio-core,5,5,pack,180,200,0.645,0.015,0.340,0.586,29.0,1.59,0.618,0.520,0.851
trio-core,5,5,pack,300,200,0.710,0.010,0.280,0.575,28.9,1.49,0.589,0.529,0.932
trio-core,5,5,boss,180,200,1.000,0.000,0.000,0.950,53.8,0.00,0.050,1.000,1.505
trio-core,5,5,boss,300,200,1.000,0.000,0.000,0.950,53.7,0.00,0.050,1.000,1.504
trio-core,5,6,solo,180,200,1.000,0.000,0.000,0.936,10.0,0.00,0.064,1.000,1.497
trio-core,5,6,solo,300,200,1.000,0.000,0.000,0.938,9.9,0.00,0.062,1.000,1.498
trio-core,5,6,pack,180,200,0.000,0.000,1.000,—,—,3.00,1.000,0.405,0.000
trio-core,5,6,pack,300,200,0.000,0.000,1.000,—,—,3.00,1.000,0.402,0.000
trio-core,5,6,boss,180,200,0.010,0.000,0.990,0.653,69.3,2.98,0.993,0.363,0.014
trio-core,5,6,boss,300,200,0.015,0.000,0.985,0.577,70.1,2.97,0.991,0.376,0.020
trio-core,5,7,solo,180,200,1.000,0.000,0.000,0.953,12.6,0.00,0.047,1.000,1.506
trio-core,5,7,solo,300,200,1.000,0.000,0.000,0.945,12.5,0.00,0.055,1.000,1.502
trio-core,5,7,pack,180,200,0.000,0.000,1.000,—,—,3.00,1.000,0.431,0.000
trio-core,5,7,pack,300,200,0.000,0.000,1.000,—,—,3.00,1.000,0.426,0.000
trio-core,5,7,boss,180,200,0.000,0.000,1.000,—,—,3.00,1.000,0.383,0.000
trio-core,5,7,boss,300,200,0.000,0.000,1.000,—,—,3.00,1.000,0.375,0.000
trio-core,5,8,solo,180,200,1.000,0.000,0.000,0.876,17.9,0.00,0.124,1.000,1.467
trio-core,5,8,solo,300,200,1.000,0.000,0.000,0.882,17.9,0.00,0.118,1.000,1.470
trio-core,5,8,pack,180,200,0.000,0.000,1.000,—,—,3.00,1.000,0.433,0.000
trio-core,5,8,pack,300,200,0.000,0.000,1.000,—,—,3.00,1.000,0.434,0.000
trio-core,5,8,boss,180,200,0.000,0.000,1.000,—,—,3.00,1.000,0.370,0.000
trio-core,5,8,boss,300,200,0.000,0.000,1.000,—,—,3.00,1.000,0.372,0.000
trio-core,10,1,solo,180,200,1.000,0.000,0.000,1.000,0.0,0.00,0.000,—,1.560
trio-core,10,1,solo,300,200,1.000,0.000,0.000,1.000,0.0,0.00,0.000,—,1.560
trio-core,10,1,pack,180,200,1.000,0.000,0.000,0.943,4.1,0.00,0.057,1.000,1.530
trio-core,10,1,pack,300,200,1.000,0.000,0.000,0.943,4.1,0.00,0.057,1.000,1.530
trio-core,10,1,boss,180,200,1.000,0.000,0.000,0.924,8.6,0.00,0.076,1.000,1.521
trio-core,10,1,boss,300,200,1.000,0.000,0.000,0.926,8.5,0.00,0.074,1.000,1.521
trio-core,10,2,solo,180,200,1.000,0.000,0.000,1.000,0.0,0.00,0.000,—,1.560
trio-core,10,2,solo,300,200,1.000,0.000,0.000,1.000,0.0,0.00,0.000,—,1.560
trio-core,10,2,pack,180,200,1.000,0.000,0.000,0.914,5.9,0.00,0.086,1.000,1.515
trio-core,10,2,pack,300,200,1.000,0.000,0.000,0.914,5.9,0.00,0.086,1.000,1.515
trio-core,10,2,boss,180,200,1.000,0.000,0.000,0.864,11.8,0.00,0.136,1.000,1.489
trio-core,10,2,boss,300,200,1.000,0.000,0.000,0.863,11.8,0.00,0.137,1.000,1.489
trio-core,10,3,solo,180,200,1.000,0.000,0.000,1.000,0.0,0.00,0.000,—,1.560
trio-core,10,3,solo,300,200,1.000,0.000,0.000,1.000,0.0,0.00,0.000,—,1.560
trio-core,10,3,pack,180,200,1.000,0.000,0.000,0.859,6.9,0.00,0.141,1.000,1.487
trio-core,10,3,pack,300,200,1.000,0.000,0.000,0.860,6.8,0.00,0.140,1.000,1.487
trio-core,10,3,boss,180,200,1.000,0.000,0.000,0.984,18.2,0.00,0.016,1.000,1.551
trio-core,10,3,boss,300,200,1.000,0.000,0.000,0.982,18.3,0.00,0.018,1.000,1.551
trio-core,10,4,solo,180,200,1.000,0.000,0.000,0.965,1.7,0.00,0.035,1.000,1.542
trio-core,10,4,solo,300,200,1.000,0.000,0.000,0.965,1.7,0.00,0.035,1.000,1.542
trio-core,10,4,pack,180,200,1.000,0.000,0.000,0.970,11.9,0.00,0.030,1.000,1.544
trio-core,10,4,pack,300,200,1.000,0.000,0.000,0.968,11.9,0.00,0.032,1.000,1.544
trio-core,10,4,boss,180,200,1.000,0.000,0.000,0.952,23.9,0.00,0.048,1.000,1.535
trio-core,10,4,boss,300,200,1.000,0.000,0.000,0.954,24.0,0.00,0.046,1.000,1.536
trio-core,10,5,solo,180,200,1.000,0.000,0.000,0.915,3.2,0.00,0.085,1.000,1.516
trio-core,10,5,solo,300,200,1.000,0.000,0.000,0.917,3.1,0.00,0.083,1.000,1.517
trio-core,10,5,pack,180,200,1.000,0.000,0.000,0.981,16.2,0.00,0.019,1.000,1.550
trio-core,10,5,pack,300,200,1.000,0.000,0.000,0.982,16.1,0.00,0.018,1.000,1.551
trio-core,10,5,boss,180,200,1.000,0.000,0.000,0.982,30.0,0.00,0.018,1.000,1.551
trio-core,10,5,boss,300,200,1.000,0.000,0.000,0.982,30.0,0.00,0.018,1.000,1.550
trio-core,10,6,solo,180,200,1.000,0.000,0.000,0.886,4.1,0.00,0.114,1.000,1.500
trio-core,10,6,solo,300,200,1.000,0.000,0.000,0.885,4.1,0.00,0.115,1.000,1.500
trio-core,10,6,pack,180,200,1.000,0.000,0.000,0.973,19.7,0.00,0.027,1.000,1.546
trio-core,10,6,pack,300,200,1.000,0.000,0.000,0.972,19.7,0.00,0.028,1.000,1.546
trio-core,10,6,boss,180,200,1.000,0.000,0.000,0.968,40.4,0.00,0.032,1.000,1.543
trio-core,10,6,boss,300,200,1.000,0.000,0.000,0.967,40.4,0.00,0.033,1.000,1.543
trio-core,10,7,solo,180,200,1.000,0.000,0.000,0.935,6.4,0.00,0.065,1.000,1.526
trio-core,10,7,solo,300,200,1.000,0.000,0.000,0.936,6.4,0.00,0.064,1.000,1.527
trio-core,10,7,pack,180,200,0.435,0.000,0.565,0.537,28.5,2.10,0.767,0.509,0.574
trio-core,10,7,pack,300,200,0.395,0.000,0.605,0.553,28.5,2.18,0.782,0.513,0.524
trio-core,10,7,boss,180,200,1.000,0.000,0.000,0.921,51.5,0.00,0.079,1.000,1.519
trio-core,10,7,boss,300,200,1.000,0.000,0.000,0.915,51.6,0.00,0.085,1.000,1.516
trio-core,10,8,solo,180,200,1.000,0.000,0.000,0.948,9.6,0.00,0.052,1.000,1.533
trio-core,10,8,solo,300,200,1.000,0.000,0.000,0.947,9.5,0.00,0.053,1.000,1.533
trio-core,10,8,pack,180,200,0.000,0.000,1.000,—,—,3.00,1.000,0.451,0.000
trio-core,10,8,pack,300,200,0.000,0.000,1.000,—,—,3.00,1.000,0.449,0.000
trio-core,10,8,boss,180,200,0.035,0.000,0.965,0.732,68.1,2.90,0.974,0.579,0.050
trio-core,10,8,boss,300,200,0.050,0.000,0.950,0.771,67.8,2.85,0.961,0.579,0.072
trio-core,20,1,solo,180,200,1.000,0.000,0.000,1.000,0.0,0.00,0.000,—,1.620
trio-core,20,1,solo,300,200,1.000,0.000,0.000,1.000,0.0,0.00,0.000,—,1.620
trio-core,20,1,pack,180,200,1.000,0.000,0.000,0.979,2.7,0.00,0.021,1.000,1.609
trio-core,20,1,pack,300,200,1.000,0.000,0.000,0.979,2.7,0.00,0.021,1.000,1.609
trio-core,20,1,boss,180,200,1.000,0.000,0.000,0.969,4.9,0.00,0.031,1.000,1.603
trio-core,20,1,boss,300,200,1.000,0.000,0.000,0.969,5.0,0.00,0.031,1.000,1.603
trio-core,20,2,solo,180,200,1.000,0.000,0.000,1.000,0.0,0.00,0.000,—,1.620
trio-core,20,2,solo,300,200,1.000,0.000,0.000,1.000,0.0,0.00,0.000,—,1.620
trio-core,20,2,pack,180,200,1.000,0.000,0.000,0.964,3.9,0.00,0.036,1.000,1.600
trio-core,20,2,pack,300,200,1.000,0.000,0.000,0.963,3.9,0.00,0.037,1.000,1.600
trio-core,20,2,boss,180,200,1.000,0.000,0.000,0.964,5.8,0.00,0.036,1.000,1.600
trio-core,20,2,boss,300,200,1.000,0.000,0.000,0.963,5.8,0.00,0.037,1.000,1.600
trio-core,20,3,solo,180,200,1.000,0.000,0.000,1.000,0.0,0.00,0.000,—,1.620
trio-core,20,3,solo,300,200,1.000,0.000,0.000,1.000,0.0,0.00,0.000,—,1.620
trio-core,20,3,pack,180,200,1.000,0.000,0.000,0.953,3.9,0.00,0.047,1.000,1.595
trio-core,20,3,pack,300,200,1.000,0.000,0.000,0.953,3.9,0.00,0.047,1.000,1.595
trio-core,20,3,boss,180,200,1.000,0.000,0.000,0.932,7.4,0.00,0.068,1.000,1.583
trio-core,20,3,boss,300,200,1.000,0.000,0.000,0.933,7.5,0.00,0.067,1.000,1.584
trio-core,20,4,solo,180,200,1.000,0.000,0.000,1.000,0.0,0.00,0.000,—,1.620
trio-core,20,4,solo,300,200,1.000,0.000,0.000,1.000,0.0,0.00,0.000,—,1.620
trio-core,20,4,pack,180,200,1.000,0.000,0.000,0.941,5.2,0.00,0.059,1.000,1.588
trio-core,20,4,pack,300,200,1.000,0.000,0.000,0.940,5.2,0.00,0.060,1.000,1.588
trio-core,20,4,boss,180,200,1.000,0.000,0.000,0.885,10.6,0.00,0.115,1.000,1.558
trio-core,20,4,boss,300,200,1.000,0.000,0.000,0.887,10.7,0.00,0.113,1.000,1.559
trio-core,20,5,solo,180,200,1.000,0.000,0.000,1.000,0.0,0.00,0.000,—,1.620
trio-core,20,5,solo,300,200,1.000,0.000,0.000,1.000,0.0,0.00,0.000,—,1.620
trio-core,20,5,pack,180,200,1.000,0.000,0.000,0.911,5.7,0.00,0.089,1.000,1.572
trio-core,20,5,pack,300,200,1.000,0.000,0.000,0.911,5.7,0.00,0.089,1.000,1.572
trio-core,20,5,boss,180,200,1.000,0.000,0.000,0.999,14.5,0.00,0.001,1.000,1.619
trio-core,20,5,boss,300,200,1.000,0.000,0.000,0.999,14.4,0.00,0.001,1.000,1.620
trio-core,20,6,solo,180,200,1.000,0.000,0.000,0.974,1.1,0.00,0.026,1.000,1.606
trio-core,20,6,solo,300,200,1.000,0.000,0.000,0.971,1.2,0.00,0.029,1.000,1.605
trio-core,20,6,pack,180,200,1.000,0.000,0.000,0.971,9.7,0.00,0.029,1.000,1.604
trio-core,20,6,pack,300,200,1.000,0.000,0.000,0.969,9.7,0.00,0.031,1.000,1.603
trio-core,20,6,boss,180,200,1.000,0.000,0.000,0.979,18.4,0.00,0.021,1.000,1.609
trio-core,20,6,boss,300,200,1.000,0.000,0.000,0.981,18.3,0.00,0.019,1.000,1.610
trio-core,20,7,solo,180,200,1.000,0.000,0.000,0.961,2.4,0.00,0.039,1.000,1.599
trio-core,20,7,solo,300,200,1.000,0.000,0.000,0.960,2.4,0.00,0.040,1.000,1.598
trio-core,20,7,pack,180,200,1.000,0.000,0.000,0.991,12.5,0.00,0.009,1.000,1.615
trio-core,20,7,pack,300,200,1.000,0.000,0.000,0.990,12.5,0.00,0.010,1.000,1.615
trio-core,20,7,boss,180,200,1.000,0.000,0.000,0.978,24.4,0.00,0.022,1.000,1.608
trio-core,20,7,boss,300,200,1.000,0.000,0.000,0.979,24.3,0.00,0.021,1.000,1.609
trio-core,20,8,solo,180,200,1.000,0.000,0.000,0.905,4.0,0.00,0.095,1.000,1.569
trio-core,20,8,solo,300,200,1.000,0.000,0.000,0.907,4.0,0.00,0.093,1.000,1.570
trio-core,20,8,pack,180,200,1.000,0.000,0.000,1.000,17.3,0.00,0.000,1.000,1.620
trio-core,20,8,pack,300,200,1.000,0.000,0.000,1.000,17.3,0.00,0.000,1.000,1.620
trio-core,20,8,boss,180,200,1.000,0.000,0.000,0.948,33.7,0.00,0.052,1.000,1.592
trio-core,20,8,boss,300,200,1.000,0.000,0.000,0.941,34.1,0.00,0.059,1.000,1.588
trio-core,35,1,solo,180,200,1.000,0.000,0.000,1.000,0.0,0.00,0.000,—,1.710
trio-core,35,1,solo,300,200,1.000,0.000,0.000,1.000,0.0,0.00,0.000,—,1.710
trio-core,35,1,pack,180,200,1.000,0.000,0.000,1.000,0.0,0.00,0.000,—,1.710
trio-core,35,1,pack,300,200,1.000,0.000,0.000,1.000,0.0,0.00,0.000,—,1.710
trio-core,35,1,boss,180,200,1.000,0.000,0.000,0.987,3.0,0.00,0.013,1.000,1.702
trio-core,35,1,boss,300,200,1.000,0.000,0.000,0.986,3.0,0.00,0.014,1.000,1.702
trio-core,35,2,solo,180,200,1.000,0.000,0.000,1.000,0.0,0.00,0.000,—,1.710
trio-core,35,2,solo,300,200,1.000,0.000,0.000,1.000,0.0,0.00,0.000,—,1.710
trio-core,35,2,pack,180,200,1.000,0.000,0.000,1.000,0.0,0.00,0.000,—,1.710
trio-core,35,2,pack,300,200,1.000,0.000,0.000,1.000,0.0,0.00,0.000,—,1.710
trio-core,35,2,boss,180,200,1.000,0.000,0.000,0.980,3.7,0.00,0.020,1.000,1.698
trio-core,35,2,boss,300,200,1.000,0.000,0.000,0.979,3.8,0.00,0.021,1.000,1.698
trio-core,35,3,solo,180,200,1.000,0.000,0.000,1.000,0.0,0.00,0.000,—,1.710
trio-core,35,3,solo,300,200,1.000,0.000,0.000,1.000,0.0,0.00,0.000,—,1.710
trio-core,35,3,pack,180,200,1.000,0.000,0.000,0.982,2.3,0.00,0.018,1.000,1.700
trio-core,35,3,pack,300,200,1.000,0.000,0.000,0.982,2.3,0.00,0.018,1.000,1.700
trio-core,35,3,boss,180,200,1.000,0.000,0.000,0.974,4.2,0.00,0.026,1.000,1.695
trio-core,35,3,boss,300,200,1.000,0.000,0.000,0.974,4.2,0.00,0.026,1.000,1.695
trio-core,35,4,solo,180,200,1.000,0.000,0.000,1.000,0.0,0.00,0.000,—,1.710
trio-core,35,4,solo,300,200,1.000,0.000,0.000,1.000,0.0,0.00,0.000,—,1.710
trio-core,35,4,pack,180,200,1.000,0.000,0.000,0.970,3.2,0.00,0.030,1.000,1.693
trio-core,35,4,pack,300,200,1.000,0.000,0.000,0.970,3.2,0.00,0.030,1.000,1.693
trio-core,35,4,boss,180,200,1.000,0.000,0.000,0.969,5.8,0.00,0.031,1.000,1.692
trio-core,35,4,boss,300,200,1.000,0.000,0.000,0.969,5.8,0.00,0.031,1.000,1.692
trio-core,35,5,solo,180,200,1.000,0.000,0.000,1.000,0.0,0.00,0.000,—,1.710
trio-core,35,5,solo,300,200,1.000,0.000,0.000,1.000,0.0,0.00,0.000,—,1.710
trio-core,35,5,pack,180,200,1.000,0.000,0.000,0.963,3.2,0.00,0.037,1.000,1.689
trio-core,35,5,pack,300,200,1.000,0.000,0.000,0.962,3.2,0.00,0.038,1.000,1.688
trio-core,35,5,boss,180,200,1.000,0.000,0.000,0.956,6.2,0.00,0.044,1.000,1.685
trio-core,35,5,boss,300,200,1.000,0.000,0.000,0.957,6.2,0.00,0.043,1.000,1.686
trio-core,35,6,solo,180,200,1.000,0.000,0.000,1.000,0.0,0.00,0.000,—,1.710
trio-core,35,6,solo,300,200,1.000,0.000,0.000,1.000,0.0,0.00,0.000,—,1.710
trio-core,35,6,pack,180,200,1.000,0.000,0.000,0.939,5.0,0.00,0.061,1.000,1.675
trio-core,35,6,pack,300,200,1.000,0.000,0.000,0.940,4.9,0.00,0.060,1.000,1.676
trio-core,35,6,boss,180,200,1.000,0.000,0.000,0.914,8.7,0.00,0.086,1.000,1.661
trio-core,35,6,boss,300,200,1.000,0.000,0.000,0.912,8.7,0.00,0.088,1.000,1.660
trio-core,35,7,solo,180,200,1.000,0.000,0.000,1.000,0.0,0.00,0.000,—,1.710
trio-core,35,7,solo,300,200,1.000,0.000,0.000,1.000,0.0,0.00,0.000,—,1.710
trio-core,35,7,pack,180,200,1.000,0.000,0.000,0.916,5.7,0.00,0.084,1.000,1.662
trio-core,35,7,pack,300,200,1.000,0.000,0.000,0.916,5.7,0.00,0.084,1.000,1.662
trio-core,35,7,boss,180,200,1.000,0.000,0.000,0.909,12.0,0.00,0.091,1.000,1.658
trio-core,35,7,boss,300,200,1.000,0.000,0.000,0.922,12.1,0.00,0.078,1.000,1.666
trio-core,35,8,solo,180,200,1.000,0.000,0.000,0.973,1.1,0.00,0.027,1.000,1.695
trio-core,35,8,solo,300,200,1.000,0.000,0.000,0.973,1.1,0.00,0.027,1.000,1.694
trio-core,35,8,pack,180,200,1.000,0.000,0.000,0.911,8.0,0.00,0.089,1.000,1.659
trio-core,35,8,pack,300,200,1.000,0.000,0.000,0.916,8.0,0.00,0.084,1.000,1.662
trio-core,35,8,boss,180,200,1.000,0.000,0.000,0.984,16.4,0.00,0.016,1.000,1.701
trio-core,35,8,boss,300,200,1.000,0.000,0.000,0.985,16.4,0.00,0.015,1.000,1.702
trio-core,50,1,solo,180,200,1.000,0.000,0.000,1.000,0.0,0.00,0.000,—,1.800
trio-core,50,1,solo,300,200,1.000,0.000,0.000,1.000,0.0,0.00,0.000,—,1.800
trio-core,50,1,pack,180,200,1.000,0.000,0.000,1.000,0.0,0.00,0.000,—,1.800
trio-core,50,1,pack,300,200,1.000,0.000,0.000,1.000,0.0,0.00,0.000,—,1.800
trio-core,50,1,boss,180,200,1.000,0.000,0.000,0.995,1.7,0.00,0.005,1.000,1.797
trio-core,50,1,boss,300,200,1.000,0.000,0.000,0.995,1.8,0.00,0.005,1.000,1.797
trio-core,50,2,solo,180,200,1.000,0.000,0.000,1.000,0.0,0.00,0.000,—,1.800
trio-core,50,2,solo,300,200,1.000,0.000,0.000,1.000,0.0,0.00,0.000,—,1.800
trio-core,50,2,pack,180,200,1.000,0.000,0.000,1.000,0.0,0.00,0.000,—,1.800
trio-core,50,2,pack,300,200,1.000,0.000,0.000,1.000,0.0,0.00,0.000,—,1.800
trio-core,50,2,boss,180,200,1.000,0.000,0.000,0.994,2.1,0.00,0.006,1.000,1.796
trio-core,50,2,boss,300,200,1.000,0.000,0.000,0.993,2.1,0.00,0.007,1.000,1.796
trio-core,50,3,solo,180,200,1.000,0.000,0.000,1.000,0.0,0.00,0.000,—,1.800
trio-core,50,3,solo,300,200,1.000,0.000,0.000,1.000,0.0,0.00,0.000,—,1.800
trio-core,50,3,pack,180,200,1.000,0.000,0.000,1.000,0.0,0.00,0.000,—,1.800
trio-core,50,3,pack,300,200,1.000,0.000,0.000,1.000,0.0,0.00,0.000,—,1.800
trio-core,50,3,boss,180,200,1.000,0.000,0.000,0.985,3.1,0.00,0.015,1.000,1.791
trio-core,50,3,boss,300,200,1.000,0.000,0.000,0.985,3.1,0.00,0.015,1.000,1.791
trio-core,50,4,solo,180,200,1.000,0.000,0.000,1.000,0.0,0.00,0.000,—,1.800
trio-core,50,4,solo,300,200,1.000,0.000,0.000,1.000,0.0,0.00,0.000,—,1.800
trio-core,50,4,pack,180,200,1.000,0.000,0.000,0.987,2.1,0.00,0.013,1.000,1.792
trio-core,50,4,pack,300,200,1.000,0.000,0.000,0.987,2.1,0.00,0.013,1.000,1.792
trio-core,50,4,boss,180,200,1.000,0.000,0.000,0.981,4.0,0.00,0.019,1.000,1.788
trio-core,50,4,boss,300,200,1.000,0.000,0.000,0.981,4.0,0.00,0.019,1.000,1.788
trio-core,50,5,solo,180,200,1.000,0.000,0.000,1.000,0.0,0.00,0.000,—,1.800
trio-core,50,5,solo,300,200,1.000,0.000,0.000,1.000,0.0,0.00,0.000,—,1.800
trio-core,50,5,pack,180,200,1.000,0.000,0.000,0.978,2.8,0.00,0.022,1.000,1.787
trio-core,50,5,pack,300,200,1.000,0.000,0.000,0.978,2.9,0.00,0.022,1.000,1.787
trio-core,50,5,boss,180,200,1.000,0.000,0.000,0.975,4.4,0.00,0.025,1.000,1.785
trio-core,50,5,boss,300,200,1.000,0.000,0.000,0.975,4.3,0.00,0.025,1.000,1.785
trio-core,50,6,solo,180,200,1.000,0.000,0.000,1.000,0.0,0.00,0.000,—,1.800
trio-core,50,6,solo,300,200,1.000,0.000,0.000,1.000,0.0,0.00,0.000,—,1.800
trio-core,50,6,pack,180,200,1.000,0.000,0.000,0.972,2.9,0.00,0.028,1.000,1.783
trio-core,50,6,pack,300,200,1.000,0.000,0.000,0.972,2.8,0.00,0.028,1.000,1.783
trio-core,50,6,boss,180,200,1.000,0.000,0.000,0.971,5.6,0.00,0.029,1.000,1.783
trio-core,50,6,boss,300,200,1.000,0.000,0.000,0.971,5.6,0.00,0.029,1.000,1.783
trio-core,50,7,solo,180,200,1.000,0.000,0.000,1.000,0.0,0.00,0.000,—,1.800
trio-core,50,7,solo,300,200,1.000,0.000,0.000,1.000,0.0,0.00,0.000,—,1.800
trio-core,50,7,pack,180,200,1.000,0.000,0.000,0.963,4.1,0.00,0.037,1.000,1.778
trio-core,50,7,pack,300,200,1.000,0.000,0.000,0.962,4.1,0.00,0.038,1.000,1.777
trio-core,50,7,boss,180,200,1.000,0.000,0.000,0.944,6.8,0.00,0.056,1.000,1.766
trio-core,50,7,boss,300,200,1.000,0.000,0.000,0.947,6.8,0.00,0.053,1.000,1.768
trio-core,50,8,solo,180,200,1.000,0.000,0.000,1.000,0.0,0.00,0.000,—,1.800
trio-core,50,8,solo,300,200,1.000,0.000,0.000,1.000,0.0,0.00,0.000,—,1.800
trio-core,50,8,pack,180,200,1.000,0.000,0.000,0.942,4.6,0.00,0.058,1.000,1.765
trio-core,50,8,pack,300,200,1.000,0.000,0.000,0.944,4.6,0.00,0.056,1.000,1.766
trio-core,50,8,boss,180,200,1.000,0.000,0.000,0.897,10.1,0.00,0.103,1.000,1.738
trio-core,50,8,boss,300,200,1.000,0.000,0.000,0.894,10.3,0.00,0.106,1.000,1.736
trio-double-dps,1,1,solo,180,200,1.000,0.000,0.000,0.958,2.7,0.00,0.042,1.000,1.485
trio-double-dps,1,1,solo,300,200,1.000,0.000,0.000,0.958,2.7,0.00,0.042,1.000,1.485
trio-double-dps,1,1,pack,180,200,1.000,0.000,0.000,0.745,12.0,0.00,0.255,1.000,1.378
trio-double-dps,1,1,pack,300,200,1.000,0.000,0.000,0.747,12.0,0.00,0.253,1.000,1.379
trio-double-dps,1,1,boss,180,200,1.000,0.000,0.000,0.511,25.2,0.85,0.489,0.949,1.260
trio-double-dps,1,1,boss,300,200,1.000,0.000,0.000,0.514,25.0,0.81,0.486,0.950,1.262
trio-double-dps,1,2,solo,180,200,1.000,0.000,0.000,0.949,3.0,0.00,0.051,1.000,1.480
trio-double-dps,1,2,solo,300,200,1.000,0.000,0.000,0.949,3.0,0.00,0.051,1.000,1.480
trio-double-dps,1,2,pack,180,200,1.000,0.000,0.000,0.570,15.0,0.00,0.430,1.000,1.290
trio-double-dps,1,2,pack,300,200,1.000,0.000,0.000,0.570,15.0,0.00,0.430,1.000,1.290
trio-double-dps,1,2,boss,180,200,0.180,0.000,0.820,0.103,37.9,2.77,0.981,0.517,0.190
trio-double-dps,1,2,boss,300,200,0.155,0.000,0.845,0.086,38.1,2.81,0.987,0.510,0.162
trio-double-dps,1,3,solo,180,200,1.000,0.000,0.000,0.884,5.9,0.00,0.116,1.000,1.448
trio-double-dps,1,3,solo,300,200,1.000,0.000,0.000,0.881,5.9,0.00,0.119,1.000,1.446
trio-double-dps,1,3,pack,180,200,0.080,0.000,0.920,0.101,25.7,2.88,0.992,0.501,0.084
trio-double-dps,1,3,pack,300,200,0.125,0.000,0.875,0.093,25.9,2.83,0.988,0.501,0.131
trio-double-dps,1,3,boss,180,200,0.000,0.000,1.000,—,—,3.00,1.000,0.503,0.000
trio-double-dps,1,3,boss,300,200,0.000,0.000,1.000,—,—,3.00,1.000,0.504,0.000
trio-double-dps,1,4,solo,180,200,1.000,0.000,0.000,0.800,7.6,0.00,0.200,1.000,1.406
trio-double-dps,1,4,solo,300,200,1.000,0.000,0.000,0.795,7.8,0.00,0.205,1.000,1.403
trio-double-dps,1,4,pack,180,200,0.000,0.000,1.000,—,—,3.00,1.000,0.464,0.000
trio-double-dps,1,4,pack,300,200,0.000,0.000,1.000,—,—,3.00,1.000,0.464,0.000
trio-double-dps,1,4,boss,180,200,0.000,0.000,1.000,—,—,3.00,1.000,0.537,0.000
trio-double-dps,1,4,boss,300,200,0.000,0.000,1.000,—,—,3.00,1.000,0.538,0.000
trio-double-dps,1,5,solo,180,200,1.000,0.000,0.000,0.652,10.2,0.00,0.348,1.000,1.331
trio-double-dps,1,5,solo,300,200,1.000,0.000,0.000,0.652,10.2,0.00,0.348,1.000,1.331
trio-double-dps,1,5,pack,180,200,0.000,0.000,1.000,—,—,3.00,1.000,0.450,0.000
trio-double-dps,1,5,pack,300,200,0.000,0.000,1.000,—,—,3.00,1.000,0.448,0.000
trio-double-dps,1,5,boss,180,200,0.000,0.000,1.000,—,—,3.00,1.000,0.425,0.000
trio-double-dps,1,5,boss,300,200,0.000,0.000,1.000,—,—,3.00,1.000,0.433,0.000
trio-double-dps,1,6,solo,180,200,1.000,0.000,0.000,0.446,13.5,0.93,0.554,0.850,1.228
trio-double-dps,1,6,solo,300,200,1.000,0.000,0.000,0.456,13.4,0.91,0.544,0.864,1.233
trio-double-dps,1,6,pack,180,200,0.000,0.000,1.000,—,—,3.00,1.000,0.507,0.000
trio-double-dps,1,6,pack,300,200,0.000,0.000,1.000,—,—,3.00,1.000,0.505,0.000
trio-double-dps,1,6,boss,180,200,0.000,0.000,1.000,—,—,3.00,1.000,0.453,0.000
trio-double-dps,1,6,boss,300,200,0.000,0.000,1.000,—,—,3.00,1.000,0.450,0.000
trio-double-dps,1,7,solo,180,200,0.105,0.000,0.895,0.178,20.3,2.88,0.981,0.452,0.115
trio-double-dps,1,7,solo,300,200,0.105,0.000,0.895,0.212,20.7,2.88,0.978,0.443,0.117
trio-double-dps,1,7,pack,180,200,0.000,0.000,1.000,—,—,3.00,1.000,0.429,0.000
trio-double-dps,1,7,pack,300,200,0.000,0.000,1.000,—,—,3.00,1.000,0.432,0.000
trio-double-dps,1,7,boss,180,200,0.000,0.000,1.000,—,—,3.00,1.000,0.424,0.000
trio-double-dps,1,7,boss,300,200,0.000,0.000,1.000,—,—,3.00,1.000,0.428,0.000
trio-double-dps,1,8,solo,180,200,0.000,0.000,1.000,—,—,3.00,1.000,0.425,0.000
trio-double-dps,1,8,solo,300,200,0.000,0.000,1.000,—,—,3.00,1.000,0.425,0.000
trio-double-dps,1,8,pack,180,200,0.000,0.000,1.000,—,—,3.00,1.000,0.424,0.000
trio-double-dps,1,8,pack,300,200,0.000,0.000,1.000,—,—,3.00,1.000,0.422,0.000
trio-double-dps,1,8,boss,180,200,0.000,0.000,1.000,—,—,3.00,1.000,0.498,0.000
trio-double-dps,1,8,boss,300,200,0.000,0.000,1.000,—,—,3.00,1.000,0.497,0.000
trio-double-dps,5,1,solo,180,200,1.000,0.000,0.000,1.000,0.0,0.00,0.000,—,1.530
trio-double-dps,5,1,solo,300,200,1.000,0.000,0.000,1.000,0.0,0.00,0.000,—,1.530
trio-double-dps,5,1,pack,180,200,1.000,0.000,0.000,0.881,6.2,0.00,0.119,1.000,1.469
trio-double-dps,5,1,pack,300,200,1.000,0.000,0.000,0.876,6.2,0.00,0.124,1.000,1.467
trio-double-dps,5,1,boss,180,200,1.000,0.000,0.000,0.829,12.1,0.00,0.171,1.000,1.443
trio-double-dps,5,1,boss,300,200,1.000,0.000,0.000,0.830,12.2,0.00,0.170,1.000,1.443
trio-double-dps,5,2,solo,180,200,1.000,0.000,0.000,0.968,1.9,0.00,0.032,1.000,1.514
trio-double-dps,5,2,solo,300,200,1.000,0.000,0.000,0.970,1.8,0.00,0.030,1.000,1.514
trio-double-dps,5,2,pack,180,200,1.000,0.000,0.000,0.803,7.9,0.00,0.197,1.000,1.430
trio-double-dps,5,2,pack,300,200,1.000,0.000,0.000,0.800,8.0,0.00,0.200,1.000,1.428
trio-double-dps,5,2,boss,180,200,1.000,0.000,0.000,0.670,15.9,0.00,0.330,1.000,1.362
trio-double-dps,5,2,boss,300,200,1.000,0.000,0.000,0.674,15.9,0.00,0.326,1.000,1.364
trio-double-dps,5,3,solo,180,200,1.000,0.000,0.000,0.954,2.1,0.00,0.046,1.000,1.507
trio-double-dps,5,3,solo,300,200,1.000,0.000,0.000,0.956,2.1,0.00,0.044,1.000,1.507
trio-double-dps,5,3,pack,180,200,1.000,0.000,0.000,0.736,8.8,0.00,0.264,1.000,1.396
trio-double-dps,5,3,pack,300,200,1.000,0.000,0.000,0.738,8.9,0.00,0.262,1.000,1.397
trio-double-dps,5,3,boss,180,200,1.000,0.000,0.000,0.549,19.2,0.54,0.451,1.000,1.300
trio-double-dps,5,3,boss,300,200,1.000,0.000,0.000,0.552,19.1,0.49,0.448,1.000,1.301
trio-double-dps,5,4,solo,180,200,1.000,0.000,0.000,0.945,2.2,0.00,0.055,1.000,1.502
trio-double-dps,5,4,solo,300,200,1.000,0.000,0.000,0.943,2.2,0.00,0.057,1.000,1.501
trio-double-dps,5,4,pack,180,200,1.000,0.000,0.000,0.581,12.0,0.00,0.419,1.000,1.316
trio-double-dps,5,4,pack,300,200,1.000,0.000,0.000,0.580,11.9,0.00,0.420,1.000,1.316
trio-double-dps,5,4,boss,180,200,1.000,0.000,0.000,0.227,27.5,1.50,0.773,0.681,1.136
trio-double-dps,5,4,boss,300,200,1.000,0.000,0.000,0.221,27.5,1.50,0.779,0.674,1.133
trio-double-dps,5,5,solo,180,200,1.000,0.000,0.000,0.860,4.4,0.00,0.140,1.000,1.459
trio-double-dps,5,5,solo,300,200,1.000,0.000,0.000,0.862,4.4,0.00,0.138,1.000,1.460
trio-double-dps,5,5,pack,180,200,0.645,0.000,0.355,0.142,19.8,2.14,0.909,0.529,0.704
trio-double-dps,5,5,pack,300,200,0.625,0.000,0.375,0.141,20.1,2.19,0.912,0.522,0.683
trio-double-dps,5,5,boss,180,200,0.000,0.000,1.000,—,—,3.00,1.000,0.495,0.000
trio-double-dps,5,5,boss,300,200,0.000,0.000,1.000,—,—,3.00,1.000,0.492,0.000
trio-double-dps,5,6,solo,180,200,1.000,0.000,0.000,0.777,6.1,0.00,0.223,1.000,1.416
trio-double-dps,5,6,solo,300,200,1.000,0.000,0.000,0.775,6.1,0.00,0.225,1.000,1.415
trio-double-dps,5,6,pack,180,200,0.000,0.000,1.000,—,—,3.00,1.000,0.466,0.000
trio-double-dps,5,6,pack,300,200,0.000,0.000,1.000,—,—,3.00,1.000,0.461,0.000
trio-double-dps,5,6,boss,180,200,0.000,0.000,1.000,—,—,3.00,1.000,0.539,0.000
trio-double-dps,5,6,boss,300,200,0.000,0.000,1.000,—,—,3.00,1.000,0.538,0.000
trio-double-dps,5,7,solo,180,200,1.000,0.000,0.000,0.678,7.6,0.00,0.322,1.000,1.366
trio-double-dps,5,7,solo,300,200,1.000,0.000,0.000,0.681,7.7,0.00,0.319,1.000,1.367
trio-double-dps,5,7,pack,180,200,0.000,0.000,1.000,—,—,3.00,1.000,0.449,0.000
trio-double-dps,5,7,pack,300,200,0.000,0.000,1.000,—,—,3.00,1.000,0.461,0.000
trio-double-dps,5,7,boss,180,200,0.000,0.000,1.000,—,—,3.00,1.000,0.501,0.000
trio-double-dps,5,7,boss,300,200,0.000,0.000,1.000,—,—,3.00,1.000,0.504,0.000
trio-double-dps,5,8,solo,180,200,1.000,0.000,0.000,0.541,10.8,0.94,0.459,1.000,1.296
trio-double-dps,5,8,solo,300,200,1.000,0.000,0.000,0.541,10.9,0.92,0.459,1.000,1.296
trio-double-dps,5,8,pack,180,200,0.000,0.000,1.000,—,—,3.00,1.000,0.494,0.000
trio-double-dps,5,8,pack,300,200,0.000,0.000,1.000,—,—,3.00,1.000,0.496,0.000
trio-double-dps,5,8,boss,180,200,0.000,0.000,1.000,—,—,3.00,1.000,0.453,0.000
trio-double-dps,5,8,boss,300,200,0.000,0.000,1.000,—,—,3.00,1.000,0.457,0.000
trio-double-dps,10,1,solo,180,200,1.000,0.000,0.000,1.000,0.0,0.00,0.000,—,1.560
trio-double-dps,10,1,solo,300,200,1.000,0.000,0.000,1.000,0.0,0.00,0.000,—,1.560
trio-double-dps,10,1,pack,180,200,1.000,0.000,0.000,0.939,3.4,0.00,0.061,1.000,1.528
trio-double-dps,10,1,pack,300,200,1.000,0.000,0.000,0.939,3.4,0.00,0.061,1.000,1.528
trio-double-dps,10,1,boss,180,200,1.000,0.000,0.000,0.932,6.3,0.00,0.068,1.000,1.525
trio-double-dps,10,1,boss,300,200,1.000,0.000,0.000,0.930,6.4,0.00,0.070,1.000,1.523
trio-double-dps,10,2,solo,180,200,1.000,0.000,0.000,1.000,0.0,0.00,0.000,—,1.560
trio-double-dps,10,2,solo,300,200,1.000,0.000,0.000,1.000,0.0,0.00,0.000,—,1.560
trio-double-dps,10,2,pack,180,200,1.000,0.000,0.000,0.924,3.5,0.00,0.076,1.000,1.521
trio-double-dps,10,2,pack,300,200,1.000,0.000,0.000,0.924,3.5,0.00,0.076,1.000,1.520
trio-double-dps,10,2,boss,180,200,1.000,0.000,0.000,0.894,7.7,0.00,0.106,1.000,1.505
trio-double-dps,10,2,boss,300,200,1.000,0.000,0.000,0.894,7.7,0.00,0.106,1.000,1.505
trio-double-dps,10,3,solo,180,200,1.000,0.000,0.000,1.000,0.0,0.00,0.000,—,1.560
trio-double-dps,10,3,solo,300,200,1.000,0.000,0.000,1.000,0.0,0.00,0.000,—,1.560
trio-double-dps,10,3,pack,180,200,1.000,0.000,0.000,0.872,5.3,0.00,0.128,1.000,1.493
trio-double-dps,10,3,pack,300,200,1.000,0.000,0.000,0.872,5.3,0.00,0.128,1.000,1.493
trio-double-dps,10,3,boss,180,200,1.000,0.000,0.000,0.800,11.5,0.00,0.200,1.000,1.456
trio-double-dps,10,3,boss,300,200,1.000,0.000,0.000,0.801,11.4,0.00,0.199,1.000,1.457
trio-double-dps,10,4,solo,180,200,1.000,0.000,0.000,0.968,1.4,0.00,0.032,1.000,1.543
trio-double-dps,10,4,solo,300,200,1.000,0.000,0.000,0.967,1.4,0.00,0.033,1.000,1.543
trio-double-dps,10,4,pack,180,200,1.000,0.000,0.000,0.785,6.9,0.00,0.215,1.000,1.448
trio-double-dps,10,4,pack,300,200,1.000,0.000,0.000,0.789,6.9,0.00,0.211,1.000,1.450
trio-double-dps,10,4,boss,180,200,1.000,0.000,0.000,0.699,13.5,0.00,0.301,1.000,1.403
trio-double-dps,10,4,boss,300,200,1.000,0.000,0.000,0.699,13.6,0.00,0.301,1.000,1.404
trio-double-dps,10,5,solo,180,200,1.000,0.000,0.000,0.951,1.8,0.00,0.049,1.000,1.535
trio-double-dps,10,5,solo,300,200,1.000,0.000,0.000,0.951,1.8,0.00,0.049,1.000,1.534
trio-double-dps,10,5,pack,180,200,1.000,0.000,0.000,0.699,9.3,0.00,0.301,1.000,1.403
trio-double-dps,10,5,pack,300,200,1.000,0.000,0.000,0.696,9.3,0.00,0.304,1.000,1.402
trio-double-dps,10,5,boss,180,200,1.000,0.000,0.000,0.550,17.3,0.43,0.450,1.000,1.326
trio-double-dps,10,5,boss,300,200,1.000,0.000,0.000,0.550,17.4,0.47,0.450,1.000,1.326
trio-double-dps,10,6,solo,180,200,1.000,0.000,0.000,0.892,3.0,0.00,0.108,1.000,1.504
trio-double-dps,10,6,solo,300,200,1.000,0.000,0.000,0.897,2.8,0.00,0.103,1.000,1.506
trio-double-dps,10,6,pack,180,200,1.000,0.000,0.000,0.477,11.7,0.84,0.523,0.915,1.288
trio-double-dps,10,6,pack,300,200,1.000,0.000,0.000,0.483,11.7,0.83,0.517,0.921,1.291
trio-double-dps,10,6,boss,180,200,0.845,0.000,0.155,0.151,24.9,1.72,0.873,0.618,0.945
trio-double-dps,10,6,boss,300,200,0.840,0.000,0.160,0.139,24.9,1.75,0.884,0.610,0.934
trio-double-dps,10,7,solo,180,200,1.000,0.000,0.000,0.845,4.4,0.00,0.155,1.000,1.479
trio-double-dps,10,7,solo,300,200,1.000,0.000,0.000,0.843,4.5,0.00,0.157,1.000,1.478
trio-double-dps,10,7,pack,180,200,0.210,0.000,0.790,0.163,17.0,2.73,0.966,0.537,0.236
trio-double-dps,10,7,pack,300,200,0.220,0.000,0.780,0.133,17.4,2.71,0.971,0.534,0.244
trio-double-dps,10,7,boss,180,200,0.000,0.000,1.000,—,—,3.00,1.000,0.573,0.000
trio-double-dps,10,7,boss,300,200,0.000,0.000,1.000,—,—,3.00,1.000,0.570,0.000
trio-double-dps,10,8,solo,180,200,1.000,0.000,0.000,0.812,5.6,0.00,0.188,1.000,1.462
trio-double-dps,10,8,solo,300,200,1.000,0.000,0.000,0.811,5.6,0.00,0.189,1.000,1.462
trio-double-dps,10,8,pack,180,200,0.000,0.000,1.000,—,—,3.00,1.000,0.474,0.000
trio-double-dps,10,8,pack,300,200,0.000,0.000,1.000,—,—,3.00,1.000,0.476,0.000
trio-double-dps,10,8,boss,180,200,0.000,0.000,1.000,—,—,3.00,1.000,0.567,0.000
trio-double-dps,10,8,boss,300,200,0.000,0.000,1.000,—,—,3.00,1.000,0.561,0.000
trio-double-dps,20,1,solo,180,200,1.000,0.000,0.000,1.000,0.0,0.00,0.000,—,1.620
trio-double-dps,20,1,solo,300,200,1.000,0.000,0.000,1.000,0.0,0.00,0.000,—,1.620
trio-double-dps,20,1,pack,180,200,1.000,0.000,0.000,0.989,1.4,0.00,0.011,1.000,1.614
trio-double-dps,20,1,pack,300,200,1.000,0.000,0.000,0.989,1.4,0.00,0.011,1.000,1.614
trio-double-dps,20,1,boss,180,200,1.000,0.000,0.000,0.982,2.8,0.00,0.018,1.000,1.611
trio-double-dps,20,1,boss,300,200,1.000,0.000,0.000,0.983,2.8,0.00,0.017,1.000,1.611
trio-double-dps,20,2,solo,180,200,1.000,0.000,0.000,1.000,0.0,0.00,0.000,—,1.620
trio-double-dps,20,2,solo,300,200,1.000,0.000,0.000,1.000,0.0,0.00,0.000,—,1.620
trio-double-dps,20,2,pack,180,200,1.000,0.000,0.000,0.974,2.4,0.00,0.026,1.000,1.606
trio-double-dps,20,2,pack,300,200,1.000,0.000,0.000,0.974,2.4,0.00,0.026,1.000,1.606
trio-double-dps,20,2,boss,180,200,1.000,0.000,0.000,0.959,4.0,0.00,0.041,1.000,1.598
trio-double-dps,20,2,boss,300,200,1.000,0.000,0.000,0.961,3.9,0.00,0.039,1.000,1.599
trio-double-dps,20,3,solo,180,200,1.000,0.000,0.000,1.000,0.0,0.00,0.000,—,1.620
trio-double-dps,20,3,solo,300,200,1.000,0.000,0.000,1.000,0.0,0.00,0.000,—,1.620
trio-double-dps,20,3,pack,180,200,1.000,0.000,0.000,0.968,2.2,0.00,0.032,1.000,1.603
trio-double-dps,20,3,pack,300,200,1.000,0.000,0.000,0.967,2.4,0.00,0.033,1.000,1.602
trio-double-dps,20,3,boss,180,200,1.000,0.000,0.000,0.949,5.2,0.00,0.051,1.000,1.593
trio-double-dps,20,3,boss,300,200,1.000,0.000,0.000,0.948,5.1,0.00,0.052,1.000,1.592
trio-double-dps,20,4,solo,180,200,1.000,0.000,0.000,1.000,0.0,0.00,0.000,—,1.620
trio-double-dps,20,4,solo,300,200,1.000,0.000,0.000,1.000,0.0,0.00,0.000,—,1.620
trio-double-dps,20,4,pack,180,200,1.000,0.000,0.000,0.957,2.8,0.00,0.043,1.000,1.597
trio-double-dps,20,4,pack,300,200,1.000,0.000,0.000,0.958,2.8,0.00,0.042,1.000,1.597
trio-double-dps,20,4,boss,180,200,1.000,0.000,0.000,0.938,5.8,0.00,0.062,1.000,1.587
trio-double-dps,20,4,boss,300,200,1.000,0.000,0.000,0.936,5.8,0.00,0.064,1.000,1.586
trio-double-dps,20,5,solo,180,200,1.000,0.000,0.000,1.000,0.0,0.00,0.000,—,1.620
trio-double-dps,20,5,solo,300,200,1.000,0.000,0.000,1.000,0.0,0.00,0.000,—,1.620
trio-double-dps,20,5,pack,180,200,1.000,0.000,0.000,0.921,4.0,0.00,0.079,1.000,1.577
trio-double-dps,20,5,pack,300,200,1.000,0.000,0.000,0.920,4.0,0.00,0.080,1.000,1.577
trio-double-dps,20,5,boss,180,200,1.000,0.000,0.000,0.883,7.9,0.00,0.117,1.000,1.557
trio-double-dps,20,5,boss,300,200,1.000,0.000,0.000,0.882,8.0,0.00,0.118,1.000,1.556
trio-double-dps,20,6,solo,180,200,1.000,0.000,0.000,0.972,1.1,0.00,0.028,1.000,1.605
trio-double-dps,20,6,solo,300,200,1.000,0.000,0.000,0.974,1.0,0.00,0.026,1.000,1.606
trio-double-dps,20,6,pack,180,200,1.000,0.000,0.000,0.858,5.6,0.00,0.142,1.000,1.543
trio-double-dps,20,6,pack,300,200,1.000,0.000,0.000,0.853,5.6,0.00,0.147,1.000,1.541
trio-double-dps,20,6,boss,180,200,1.000,0.000,0.000,0.780,10.8,0.00,0.220,1.000,1.501
trio-double-dps,20,6,boss,300,200,1.000,0.000,0.000,0.780,10.7,0.00,0.220,1.000,1.501
trio-double-dps,20,7,solo,180,200,1.000,0.000,0.000,0.958,1.4,0.00,0.042,1.000,1.598
trio-double-dps,20,7,solo,300,200,1.000,0.000,0.000,0.957,1.4,0.00,0.043,1.000,1.597
trio-double-dps,20,7,pack,180,200,1.000,0.000,0.000,0.754,7.1,0.00,0.246,1.000,1.487
trio-double-dps,20,7,pack,300,200,1.000,0.000,0.000,0.752,7.1,0.00,0.248,1.000,1.486
trio-double-dps,20,7,boss,180,200,1.000,0.000,0.000,0.664,13.4,0.00,0.336,1.000,1.439
trio-double-dps,20,7,boss,300,200,1.000,0.000,0.000,0.659,13.4,0.00,0.341,1.000,1.436
trio-double-dps,20,8,solo,180,200,1.000,0.000,0.000,0.946,2.4,0.00,0.054,1.000,1.591
trio-double-dps,20,8,solo,300,200,1.000,0.000,0.000,0.946,2.4,0.00,0.054,1.000,1.591
trio-double-dps,20,8,pack,180,200,1.000,0.000,0.000,0.650,9.2,0.00,0.350,1.000,1.431
trio-double-dps,20,8,pack,300,200,1.000,0.000,0.000,0.651,9.2,0.00,0.349,1.000,1.432
trio-double-dps,20,8,boss,180,200,1.000,0.000,0.000,0.456,18.3,0.79,0.544,0.937,1.326
trio-double-dps,20,8,boss,300,200,1.000,0.000,0.000,0.449,18.4,0.85,0.551,0.932,1.322
trio-double-dps,35,1,solo,180,200,1.000,0.000,0.000,1.000,0.0,0.00,0.000,—,1.710
trio-double-dps,35,1,solo,300,200,1.000,0.000,0.000,1.000,0.0,0.00,0.000,—,1.710
trio-double-dps,35,1,pack,180,200,1.000,0.000,0.000,1.000,0.0,0.00,0.000,—,1.710
trio-double-dps,35,1,pack,300,200,1.000,0.000,0.000,1.000,0.0,0.00,0.000,—,1.710
trio-double-dps,35,1,boss,180,200,1.000,0.000,0.000,0.991,1.7,0.00,0.009,1.000,1.705
trio-double-dps,35,1,boss,300,200,1.000,0.000,0.000,0.991,1.7,0.00,0.009,1.000,1.705
trio-double-dps,35,2,solo,180,200,1.000,0.000,0.000,1.000,0.0,0.00,0.000,—,1.710
trio-double-dps,35,2,solo,300,200,1.000,0.000,0.000,1.000,0.0,0.00,0.000,—,1.710
trio-double-dps,35,2,pack,180,200,1.000,0.000,0.000,1.000,0.0,0.00,0.000,—,1.710
trio-double-dps,35,2,pack,300,200,1.000,0.000,0.000,1.000,0.0,0.00,0.000,—,1.710
trio-double-dps,35,2,boss,180,200,1.000,0.000,0.000,0.988,2.2,0.00,0.012,1.000,1.703
trio-double-dps,35,2,boss,300,200,1.000,0.000,0.000,0.989,2.1,0.00,0.011,1.000,1.703
trio-double-dps,35,3,solo,180,200,1.000,0.000,0.000,1.000,0.0,0.00,0.000,—,1.710
trio-double-dps,35,3,solo,300,200,1.000,0.000,0.000,1.000,0.0,0.00,0.000,—,1.710
trio-double-dps,35,3,pack,180,200,1.000,0.000,0.000,0.991,1.1,0.00,0.009,1.000,1.705
trio-double-dps,35,3,pack,300,200,1.000,0.000,0.000,0.990,1.1,0.00,0.010,1.000,1.705
trio-double-dps,35,3,boss,180,200,1.000,0.000,0.000,0.986,2.3,0.00,0.014,1.000,1.702
trio-double-dps,35,3,boss,300,200,1.000,0.000,0.000,0.986,2.3,0.00,0.014,1.000,1.702
trio-double-dps,35,4,solo,180,200,1.000,0.000,0.000,1.000,0.0,0.00,0.000,—,1.710
trio-double-dps,35,4,solo,300,200,1.000,0.000,0.000,1.000,0.0,0.00,0.000,—,1.710
trio-double-dps,35,4,pack,180,200,1.000,0.000,0.000,0.979,1.9,0.00,0.021,1.000,1.698
trio-double-dps,35,4,pack,300,200,1.000,0.000,0.000,0.979,1.9,0.00,0.021,1.000,1.698
trio-double-dps,35,4,boss,180,200,1.000,0.000,0.000,0.971,3.0,0.00,0.029,1.000,1.694
trio-double-dps,35,4,boss,300,200,1.000,0.000,0.000,0.971,3.0,0.00,0.029,1.000,1.694
trio-double-dps,35,5,solo,180,200,1.000,0.000,0.000,1.000,0.0,0.00,0.000,—,1.710
trio-double-dps,35,5,solo,300,200,1.000,0.000,0.000,1.000,0.0,0.00,0.000,—,1.710
trio-double-dps,35,5,pack,180,200,1.000,0.000,0.000,0.974,1.8,0.00,0.026,1.000,1.695
trio-double-dps,35,5,pack,300,200,1.000,0.000,0.000,0.974,1.9,0.00,0.026,1.000,1.695
trio-double-dps,35,5,boss,180,200,1.000,0.000,0.000,0.956,3.8,0.00,0.044,1.000,1.685
trio-double-dps,35,5,boss,300,200,1.000,0.000,0.000,0.955,3.9,0.00,0.045,1.000,1.684
trio-double-dps,35,6,solo,180,200,1.000,0.000,0.000,1.000,0.0,0.00,0.000,—,1.710
trio-double-dps,35,6,solo,300,200,1.000,0.000,0.000,1.000,0.0,0.00,0.000,—,1.710
trio-double-dps,35,6,pack,180,200,1.000,0.000,0.000,0.964,2.3,0.00,0.036,1.000,1.690
trio-double-dps,35,6,pack,300,200,1.000,0.000,0.000,0.963,2.3,0.00,0.037,1.000,1.689
trio-double-dps,35,6,boss,180,200,1.000,0.000,0.000,0.944,5.5,0.00,0.056,1.000,1.678
trio-double-dps,35,6,boss,300,200,1.000,0.000,0.000,0.943,5.5,0.00,0.057,1.000,1.678
trio-double-dps,35,7,solo,180,200,1.000,0.000,0.000,1.000,0.0,0.00,0.000,—,1.710
trio-double-dps,35,7,solo,300,200,1.000,0.000,0.000,1.000,0.0,0.00,0.000,—,1.710
trio-double-dps,35,7,pack,180,200,1.000,0.000,0.000,0.933,3.3,0.00,0.067,1.000,1.672
trio-double-dps,35,7,pack,300,200,1.000,0.000,0.000,0.933,3.3,0.00,0.067,1.000,1.672
trio-double-dps,35,7,boss,180,200,1.000,0.000,0.000,0.912,6.5,0.00,0.088,1.000,1.660
trio-double-dps,35,7,boss,300,200,1.000,0.000,0.000,0.912,6.6,0.00,0.088,1.000,1.660
trio-double-dps,35,8,solo,180,200,1.000,0.000,0.000,0.982,0.7,0.00,0.018,1.000,1.700
trio-double-dps,35,8,solo,300,200,1.000,0.000,0.000,0.982,0.7,0.00,0.018,1.000,1.700
trio-double-dps,35,8,pack,180,200,1.000,0.000,0.000,0.888,4.6,0.00,0.112,1.000,1.646
trio-double-dps,35,8,pack,300,200,1.000,0.000,0.000,0.889,4.6,0.00,0.111,1.000,1.647
trio-double-dps,35,8,boss,180,200,1.000,0.000,0.000,0.828,8.9,0.00,0.172,1.000,1.612
trio-double-dps,35,8,boss,300,200,1.000,0.000,0.000,0.831,8.9,0.00,0.169,1.000,1.613
trio-double-dps,50,1,solo,180,200,1.000,0.000,0.000,1.000,0.0,0.00,0.000,—,1.800
trio-double-dps,50,1,solo,300,200,1.000,0.000,0.000,1.000,0.0,0.00,0.000,—,1.800
trio-double-dps,50,1,pack,180,200,1.000,0.000,0.000,1.000,0.0,0.00,0.000,—,1.800
trio-double-dps,50,1,pack,300,200,1.000,0.000,0.000,1.000,0.0,0.00,0.000,—,1.800
trio-double-dps,50,1,boss,180,200,1.000,0.000,0.000,0.995,1.0,0.00,0.005,1.000,1.797
trio-double-dps,50,1,boss,300,200,1.000,0.000,0.000,0.995,1.0,0.00,0.005,1.000,1.797
trio-double-dps,50,2,solo,180,200,1.000,0.000,0.000,1.000,0.0,0.00,0.000,—,1.800
trio-double-dps,50,2,solo,300,200,1.000,0.000,0.000,1.000,0.0,0.00,0.000,—,1.800
trio-double-dps,50,2,pack,180,200,1.000,0.000,0.000,1.000,0.0,0.00,0.000,—,1.800
trio-double-dps,50,2,pack,300,200,1.000,0.000,0.000,1.000,0.0,0.00,0.000,—,1.800
trio-double-dps,50,2,boss,180,200,1.000,0.000,0.000,0.993,1.0,0.00,0.007,1.000,1.796
trio-double-dps,50,2,boss,300,200,1.000,0.000,0.000,0.993,1.0,0.00,0.007,1.000,1.796
trio-double-dps,50,3,solo,180,200,1.000,0.000,0.000,1.000,0.0,0.00,0.000,—,1.800
trio-double-dps,50,3,solo,300,200,1.000,0.000,0.000,1.000,0.0,0.00,0.000,—,1.800
trio-double-dps,50,3,pack,180,200,1.000,0.000,0.000,1.000,0.0,0.00,0.000,—,1.800
trio-double-dps,50,3,pack,300,200,1.000,0.000,0.000,1.000,0.0,0.00,0.000,—,1.800
trio-double-dps,50,3,boss,180,200,1.000,0.000,0.000,0.992,1.4,0.00,0.008,1.000,1.795
trio-double-dps,50,3,boss,300,200,1.000,0.000,0.000,0.991,1.4,0.00,0.009,1.000,1.795
trio-double-dps,50,4,solo,180,200,1.000,0.000,0.000,1.000,0.0,0.00,0.000,—,1.800
trio-double-dps,50,4,solo,300,200,1.000,0.000,0.000,1.000,0.0,0.00,0.000,—,1.800
trio-double-dps,50,4,pack,180,200,1.000,0.000,0.000,0.993,1.0,0.00,0.007,1.000,1.796
trio-double-dps,50,4,pack,300,200,1.000,0.000,0.000,0.993,1.0,0.00,0.007,1.000,1.796
trio-double-dps,50,4,boss,180,200,1.000,0.000,0.000,0.989,2.1,0.00,0.011,1.000,1.793
trio-double-dps,50,4,boss,300,200,1.000,0.000,0.000,0.990,2.1,0.00,0.010,1.000,1.794
trio-double-dps,50,5,solo,180,200,1.000,0.000,0.000,1.000,0.0,0.00,0.000,—,1.800
trio-double-dps,50,5,solo,300,200,1.000,0.000,0.000,1.000,0.0,0.00,0.000,—,1.800
trio-double-dps,50,5,pack,180,200,1.000,0.000,0.000,0.985,1.6,0.00,0.015,1.000,1.791
trio-double-dps,50,5,pack,300,200,1.000,0.000,0.000,0.986,1.5,0.00,0.014,1.000,1.791
trio-double-dps,50,5,boss,180,200,1.000,0.000,0.000,0.984,2.3,0.00,0.016,1.000,1.790
trio-double-dps,50,5,boss,300,200,1.000,0.000,0.000,0.984,2.3,0.00,0.016,1.000,1.790
trio-double-dps,50,6,solo,180,200,1.000,0.000,0.000,1.000,0.0,0.00,0.000,—,1.800
trio-double-dps,50,6,solo,300,200,1.000,0.000,0.000,1.000,0.0,0.00,0.000,—,1.800
trio-double-dps,50,6,pack,180,200,1.000,0.000,0.000,0.981,1.6,0.00,0.019,1.000,1.788
trio-double-dps,50,6,pack,300,200,1.000,0.000,0.000,0.980,1.6,0.00,0.020,1.000,1.788
trio-double-dps,50,6,boss,180,200,1.000,0.000,0.000,0.966,3.1,0.00,0.034,1.000,1.780
trio-double-dps,50,6,boss,300,200,1.000,0.000,0.000,0.967,3.1,0.00,0.033,1.000,1.780
trio-double-dps,50,7,solo,180,200,1.000,0.000,0.000,1.000,0.0,0.00,0.000,—,1.800
trio-double-dps,50,7,solo,300,200,1.000,0.000,0.000,1.000,0.0,0.00,0.000,—,1.800
trio-double-dps,50,7,pack,180,200,1.000,0.000,0.000,0.971,2.1,0.00,0.029,1.000,1.783
trio-double-dps,50,7,pack,300,200,1.000,0.000,0.000,0.972,2.1,0.00,0.028,1.000,1.783
trio-double-dps,50,7,boss,180,200,1.000,0.000,0.000,0.957,4.0,0.00,0.043,1.000,1.774
trio-double-dps,50,7,boss,300,200,1.000,0.000,0.000,0.957,4.1,0.00,0.043,1.000,1.774
trio-double-dps,50,8,solo,180,200,1.000,0.000,0.000,1.000,0.0,0.00,0.000,—,1.800
trio-double-dps,50,8,solo,300,200,1.000,0.000,0.000,1.000,0.0,0.00,0.000,—,1.800
trio-double-dps,50,8,pack,180,200,1.000,0.000,0.000,0.952,2.8,0.00,0.048,1.000,1.771
trio-double-dps,50,8,pack,300,200,1.000,0.000,0.000,0.953,2.8,0.00,0.047,1.000,1.772
trio-double-dps,50,8,boss,180,200,1.000,0.000,0.000,0.945,5.6,0.00,0.055,1.000,1.767
trio-double-dps,50,8,boss,300,200,1.000,0.000,0.000,0.945,5.5,0.00,0.055,1.000,1.767
trio-no-tank,1,1,solo,180,200,1.000,0.000,0.000,0.951,2.7,0.00,0.049,—,1.481
trio-no-tank,1,1,solo,300,200,1.000,0.000,0.000,0.949,2.7,0.00,0.051,—,1.481
trio-no-tank,1,1,pack,180,200,1.000,0.000,0.000,0.973,13.7,0.00,0.027,—,1.492
trio-no-tank,1,1,pack,300,200,1.000,0.000,0.000,0.969,13.7,0.00,0.031,—,1.491
trio-no-tank,1,1,boss,180,200,1.000,0.000,0.000,0.967,29.1,0.00,0.033,—,1.489
trio-no-tank,1,1,boss,300,200,1.000,0.000,0.000,0.977,29.3,0.00,0.023,—,1.494
trio-no-tank,1,2,solo,180,200,1.000,0.000,0.000,0.938,3.0,0.00,0.062,—,1.475
trio-no-tank,1,2,solo,300,200,1.000,0.000,0.000,0.938,3.0,0.00,0.062,—,1.475
trio-no-tank,1,2,pack,180,200,0.965,0.035,0.000,0.724,29.2,0.92,0.291,—,1.319
trio-no-tank,1,2,pack,300,200,0.975,0.025,0.000,0.723,29.4,0.92,0.287,—,1.333
trio-no-tank,1,2,boss,180,200,1.000,0.000,0.000,0.921,37.4,0.01,0.079,—,1.466
trio-no-tank,1,2,boss,300,200,1.000,0.000,0.000,0.921,37.5,0.00,0.079,—,1.467
trio-no-tank,1,3,solo,180,200,1.000,0.000,0.000,0.965,5.7,0.00,0.035,—,1.488
trio-no-tank,1,3,solo,300,200,1.000,0.000,0.000,0.969,5.8,0.00,0.031,—,1.490
trio-no-tank,1,3,pack,180,200,0.005,0.005,0.990,0.705,30.0,2.98,0.995,—,0.007
trio-no-tank,1,3,pack,300,200,0.015,0.010,0.975,0.670,34.9,2.96,0.987,—,0.020
trio-no-tank,1,3,boss,180,200,0.045,0.000,0.955,0.602,58.6,2.90,0.973,—,0.059
trio-no-tank,1,3,boss,300,200,0.030,0.000,0.970,0.624,66.8,2.93,0.981,—,0.040
trio-no-tank,1,4,solo,180,200,1.000,0.000,0.000,0.987,8.1,0.00,0.013,—,1.500
trio-no-tank,1,4,solo,300,200,1.000,0.000,0.000,0.985,8.1,0.00,0.015,—,1.499
trio-no-tank,1,4,pack,180,200,0.000,0.000,1.000,—,—,3.00,1.000,—,0.000
trio-no-tank,1,4,pack,300,200,0.000,0.000,1.000,—,—,3.00,1.000,—,0.000
trio-no-tank,1,4,boss,180,200,0.000,0.000,1.000,—,—,3.00,1.000,—,0.000
trio-no-tank,1,4,boss,300,200,0.000,0.000,1.000,—,—,3.00,1.000,—,0.000
trio-no-tank,1,5,solo,180,200,1.000,0.000,0.000,0.807,10.8,0.00,0.193,—,1.409
trio-no-tank,1,5,solo,300,200,1.000,0.000,0.000,0.807,10.8,0.00,0.193,—,1.409
trio-no-tank,1,5,pack,180,200,0.000,0.000,1.000,—,—,3.00,1.000,—,0.000
trio-no-tank,1,5,pack,300,200,0.000,0.000,1.000,—,—,3.00,1.000,—,0.000
trio-no-tank,1,5,boss,180,200,0.000,0.000,1.000,—,—,3.00,1.000,—,0.000
trio-no-tank,1,5,boss,300,200,0.000,0.000,1.000,—,—,3.00,1.000,—,0.000
trio-no-tank,1,6,solo,180,200,0.140,0.000,0.860,0.678,17.3,2.71,0.905,—,0.188
trio-no-tank,1,6,solo,300,200,0.165,0.000,0.835,0.611,18.6,2.69,0.899,—,0.216
trio-no-tank,1,6,pack,180,200,0.000,0.000,1.000,—,—,3.00,1.000,—,0.000
trio-no-tank,1,6,pack,300,200,0.000,0.000,1.000,—,—,3.00,1.000,—,0.000
trio-no-tank,1,6,boss,180,200,0.000,0.000,1.000,—,—,3.00,1.000,—,0.000
trio-no-tank,1,6,boss,300,200,0.000,0.000,1.000,—,—,3.00,1.000,—,0.000
trio-no-tank,1,7,solo,180,200,0.015,0.000,0.985,0.386,24.5,2.98,0.994,—,0.018
trio-no-tank,1,7,solo,300,200,0.015,0.000,0.985,0.394,26.9,2.98,0.994,—,0.018
trio-no-tank,1,7,pack,180,200,0.000,0.000,1.000,—,—,3.00,1.000,—,0.000
trio-no-tank,1,7,pack,300,200,0.000,0.000,1.000,—,—,3.00,1.000,—,0.000
trio-no-tank,1,7,boss,180,200,0.000,0.000,1.000,—,—,3.00,1.000,—,0.000
trio-no-tank,1,7,boss,300,200,0.000,0.000,1.000,—,—,3.00,1.000,—,0.000
trio-no-tank,1,8,solo,180,200,0.000,0.000,1.000,—,—,3.00,1.000,—,0.000
trio-no-tank,1,8,solo,300,200,0.000,0.000,1.000,—,—,3.00,1.000,—,0.000
trio-no-tank,1,8,pack,180,200,0.000,0.000,1.000,—,—,3.00,1.000,—,0.000
trio-no-tank,1,8,pack,300,200,0.000,0.000,1.000,—,—,3.00,1.000,—,0.000
trio-no-tank,1,8,boss,180,200,0.000,0.000,1.000,—,—,3.00,1.000,—,0.000
trio-no-tank,1,8,boss,300,200,0.000,0.000,1.000,—,—,3.00,1.000,—,0.000
trio-no-tank,5,1,solo,180,200,1.000,0.000,0.000,1.000,0.0,0.00,0.000,—,1.530
trio-no-tank,5,1,solo,300,200,1.000,0.000,0.000,1.000,0.0,0.00,0.000,—,1.530
trio-no-tank,5,1,pack,180,200,1.000,0.000,0.000,0.956,6.3,0.00,0.044,—,1.507
trio-no-tank,5,1,pack,300,200,1.000,0.000,0.000,0.959,6.3,0.00,0.041,—,1.509
trio-no-tank,5,1,boss,180,200,1.000,0.000,0.000,0.978,12.2,0.00,0.022,—,1.519
trio-no-tank,5,1,boss,300,200,1.000,0.000,0.000,0.974,12.2,0.00,0.026,—,1.517
trio-no-tank,5,2,solo,180,200,1.000,0.000,0.000,0.959,1.8,0.00,0.041,—,1.509
trio-no-tank,5,2,solo,300,200,1.000,0.000,0.000,0.960,1.8,0.00,0.040,—,1.510
trio-no-tank,5,2,pack,180,200,1.000,0.000,0.000,0.989,8.2,0.00,0.011,—,1.524
trio-no-tank,5,2,pack,300,200,1.000,0.000,0.000,0.990,8.2,0.00,0.010,—,1.525
trio-no-tank,5,2,boss,180,200,1.000,0.000,0.000,0.995,17.4,0.00,0.005,—,1.527
trio-no-tank,5,2,boss,300,200,1.000,0.000,0.000,0.994,17.4,0.00,0.006,—,1.527
trio-no-tank,5,3,solo,180,200,1.000,0.000,0.000,0.939,2.1,0.00,0.061,—,1.499
trio-no-tank,5,3,solo,300,200,1.000,0.000,0.000,0.939,2.1,0.00,0.061,—,1.499
trio-no-tank,5,3,pack,180,200,1.000,0.000,0.000,0.720,14.0,0.73,0.280,—,1.387
trio-no-tank,5,3,pack,300,200,1.000,0.000,0.000,0.703,14.3,0.81,0.297,—,1.379
trio-no-tank,5,3,boss,180,200,1.000,0.000,0.000,0.908,21.6,0.00,0.092,—,1.483
trio-no-tank,5,3,boss,300,200,1.000,0.000,0.000,0.910,21.6,0.00,0.090,—,1.484
trio-no-tank,5,4,solo,180,200,1.000,0.000,0.000,0.925,2.2,0.00,0.075,—,1.492
trio-no-tank,5,4,solo,300,200,1.000,0.000,0.000,0.926,2.2,0.00,0.074,—,1.492
trio-no-tank,5,4,pack,180,200,1.000,0.000,0.000,0.661,20.9,0.90,0.339,—,1.357
trio-no-tank,5,4,pack,300,200,1.000,0.000,0.000,0.650,21.3,0.93,0.350,—,1.352
trio-no-tank,5,4,boss,180,200,1.000,0.000,0.000,0.891,28.0,0.01,0.109,—,1.475
trio-no-tank,5,4,boss,300,200,1.000,0.000,0.000,0.897,28.2,0.01,0.103,—,1.478
trio-no-tank,5,5,solo,180,200,1.000,0.000,0.000,0.987,4.4,0.00,0.013,—,1.524
trio-no-tank,5,5,solo,300,200,1.000,0.000,0.000,0.988,4.4,0.00,0.012,—,1.524
trio-no-tank,5,5,pack,180,200,0.030,0.010,0.960,0.608,32.2,2.93,0.979,—,0.040
trio-no-tank,5,5,pack,300,200,0.070,0.000,0.930,0.626,30.7,2.85,0.956,—,0.094
trio-no-tank,5,5,boss,180,200,0.060,0.940,0.000,0.678,44.5,1.91,0.730,—,0.082
trio-no-tank,5,5,boss,300,200,0.085,0.915,0.000,0.597,43.7,1.89,0.804,—,0.113
trio-no-tank,5,6,solo,180,200,1.000,0.000,0.000,0.832,6.2,0.00,0.168,—,1.444
trio-no-tank,5,6,solo,300,200,1.000,0.000,0.000,0.829,6.2,0.00,0.171,—,1.443
trio-no-tank,5,6,pack,180,200,0.000,0.000,1.000,—,—,3.00,1.000,—,0.000
trio-no-tank,5,6,pack,300,200,0.000,0.000,1.000,—,—,3.00,1.000,—,0.000
trio-no-tank,5,6,boss,180,200,0.000,0.000,1.000,—,—,3.00,1.000,—,0.000
trio-no-tank,5,6,boss,300,200,0.000,0.000,1.000,—,—,3.00,1.000,—,0.000
trio-no-tank,5,7,solo,180,200,1.000,0.000,0.000,0.637,11.8,0.83,0.363,—,1.345
trio-no-tank,5,7,solo,300,200,1.000,0.000,0.000,0.664,11.4,0.75,0.336,—,1.359
trio-no-tank,5,7,pack,180,200,0.000,0.000,1.000,—,—,3.00,1.000,—,0.000
trio-no-tank,5,7,pack,300,200,0.000,0.000,1.000,—,—,3.00,1.000,—,0.000
trio-no-tank,5,7,boss,180,200,0.000,0.000,1.000,—,—,3.00,1.000,—,0.000
trio-no-tank,5,7,boss,300,200,0.000,0.000,1.000,—,—,3.00,1.000,—,0.000
trio-no-tank,5,8,solo,180,200,0.140,0.000,0.860,0.748,13.8,2.65,0.895,—,0.196
trio-no-tank,5,8,solo,300,200,0.130,0.000,0.870,0.704,14.7,2.71,0.908,—,0.179
trio-no-tank,5,8,pack,180,200,0.000,0.000,1.000,—,—,3.00,1.000,—,0.000
trio-no-tank,5,8,pack,300,200,0.000,0.000,1.000,—,—,3.00,1.000,—,0.000
trio-no-tank,5,8,boss,180,200,0.000,0.000,1.000,—,—,3.00,1.000,—,0.000
trio-no-tank,5,8,boss,300,200,0.000,0.000,1.000,—,—,3.00,1.000,—,0.000
trio-no-tank,10,1,solo,180,200,1.000,0.000,0.000,1.000,0.0,0.00,0.000,—,1.560
trio-no-tank,10,1,solo,300,200,1.000,0.000,0.000,1.000,0.0,0.00,0.000,—,1.560
trio-no-tank,10,1,pack,180,200,1.000,0.000,0.000,0.911,3.4,0.00,0.089,—,1.514
trio-no-tank,10,1,pack,300,200,1.000,0.000,0.000,0.911,3.4,0.00,0.089,—,1.514
trio-no-tank,10,1,boss,180,200,1.000,0.000,0.000,0.893,6.2,0.00,0.107,—,1.504
trio-no-tank,10,1,boss,300,200,1.000,0.000,0.000,0.892,6.2,0.00,0.108,—,1.504
trio-no-tank,10,2,solo,180,200,1.000,0.000,0.000,1.000,0.0,0.00,0.000,—,1.560
trio-no-tank,10,2,solo,300,200,1.000,0.000,0.000,1.000,0.0,0.00,0.000,—,1.560
trio-no-tank,10,2,pack,180,200,1.000,0.000,0.000,0.886,3.5,0.00,0.114,—,1.501
trio-no-tank,10,2,pack,300,200,1.000,0.000,0.000,0.888,3.5,0.00,0.112,—,1.502
trio-no-tank,10,2,boss,180,200,1.000,0.000,0.000,0.982,8.5,0.00,0.018,—,1.551
trio-no-tank,10,2,boss,300,200,1.000,0.000,0.000,0.977,8.4,0.00,0.023,—,1.548
trio-no-tank,10,3,solo,180,200,1.000,0.000,0.000,1.000,0.0,0.00,0.000,—,1.560
trio-no-tank,10,3,solo,300,200,1.000,0.000,0.000,1.000,0.0,0.00,0.000,—,1.560
trio-no-tank,10,3,pack,180,200,1.000,0.000,0.000,0.993,5.3,0.00,0.007,—,1.557
trio-no-tank,10,3,pack,300,200,1.000,0.000,0.000,0.990,5.3,0.00,0.010,—,1.555
trio-no-tank,10,3,boss,180,200,1.000,0.000,0.000,0.941,12.2,0.00,0.059,—,1.529
trio-no-tank,10,3,boss,300,200,1.000,0.000,0.000,0.946,12.2,0.00,0.054,—,1.532
trio-no-tank,10,4,solo,180,200,1.000,0.000,0.000,0.955,1.4,0.00,0.045,—,1.537
trio-no-tank,10,4,solo,300,200,1.000,0.000,0.000,0.952,1.4,0.00,0.048,—,1.535
trio-no-tank,10,4,pack,180,200,1.000,0.000,0.000,0.944,7.8,0.00,0.056,—,1.531
trio-no-tank,10,4,pack,300,200,1.000,0.000,0.000,0.937,7.7,0.00,0.063,—,1.527
trio-no-tank,10,4,boss,180,200,1.000,0.000,0.000,0.892,15.2,0.00,0.108,—,1.504
trio-no-tank,10,4,boss,300,200,1.000,0.000,0.000,0.887,15.2,0.00,0.113,—,1.501
trio-no-tank,10,5,solo,180,200,1.000,0.000,0.000,0.927,1.8,0.00,0.073,—,1.522
trio-no-tank,10,5,solo,300,200,1.000,0.000,0.000,0.928,1.8,0.00,0.072,—,1.522
trio-no-tank,10,5,pack,180,200,1.000,0.000,0.000,0.707,14.7,0.81,0.293,—,1.408
trio-no-tank,10,5,pack,300,200,1.000,0.000,0.000,0.729,14.3,0.75,0.271,—,1.419
trio-no-tank,10,5,boss,180,200,1.000,0.000,0.000,0.906,18.6,0.00,0.094,—,1.511
trio-no-tank,10,5,boss,300,200,1.000,0.000,0.000,0.900,18.6,0.00,0.100,—,1.508
trio-no-tank,10,6,solo,180,200,1.000,0.000,0.000,0.848,2.8,0.00,0.152,—,1.481
trio-no-tank,10,6,solo,300,200,1.000,0.000,0.000,0.845,2.9,0.00,0.155,—,1.480
trio-no-tank,10,6,pack,180,200,0.655,0.345,0.000,0.641,21.0,1.32,0.477,—,0.899
trio-no-tank,10,6,pack,300,200,0.615,0.385,0.000,0.645,20.6,1.35,0.487,—,0.846
trio-no-tank,10,6,boss,180,200,0.970,0.030,0.000,0.583,43.1,0.94,0.427,—,1.303
trio-no-tank,10,6,boss,300,200,0.985,0.015,0.000,0.580,43.1,0.94,0.426,—,1.321
trio-no-tank,10,7,solo,180,200,1.000,0.000,0.000,0.773,3.5,0.00,0.227,—,1.442
trio-no-tank,10,7,solo,300,200,1.000,0.000,0.000,0.769,3.5,0.00,0.231,—,1.440
trio-no-tank,10,7,pack,180,200,0.005,0.000,0.995,0.554,27.4,2.99,0.997,—,0.007
trio-no-tank,10,7,pack,300,200,0.000,0.000,1.000,—,—,3.00,1.000,—,0.000
trio-no-tank,10,7,boss,180,200,0.005,0.000,0.995,0.529,35.5,2.99,0.997,—,0.007
trio-no-tank,10,7,boss,300,200,0.000,0.000,1.000,—,—,3.00,1.000,—,0.000
trio-no-tank,10,8,solo,180,200,1.000,0.000,0.000,0.927,5.3,0.00,0.073,—,1.522
trio-no-tank,10,8,solo,300,200,1.000,0.000,0.000,0.921,5.3,0.00,0.079,—,1.519
trio-no-tank,10,8,pack,180,200,0.000,0.000,1.000,—,—,3.00,1.000,—,0.000
trio-no-tank,10,8,pack,300,200,0.000,0.000,1.000,—,—,3.00,1.000,—,0.000
trio-no-tank,10,8,boss,180,200,0.000,0.000,1.000,—,—,3.00,1.000,—,0.000
trio-no-tank,10,8,boss,300,200,0.000,0.000,1.000,—,—,3.00,1.000,—,0.000
trio-no-tank,20,1,solo,180,200,1.000,0.000,0.000,1.000,0.0,0.00,0.000,—,1.620
trio-no-tank,20,1,solo,300,200,1.000,0.000,0.000,1.000,0.0,0.00,0.000,—,1.620
trio-no-tank,20,1,pack,180,200,1.000,0.000,0.000,0.980,1.4,0.00,0.020,—,1.609
trio-no-tank,20,1,pack,300,200,1.000,0.000,0.000,0.979,1.4,0.00,0.021,—,1.609
trio-no-tank,20,1,boss,180,200,1.000,0.000,0.000,0.969,2.8,0.00,0.031,—,1.603
trio-no-tank,20,1,boss,300,200,1.000,0.000,0.000,0.969,2.8,0.00,0.031,—,1.604
trio-no-tank,20,2,solo,180,200,1.000,0.000,0.000,1.000,0.0,0.00,0.000,—,1.620
trio-no-tank,20,2,solo,300,200,1.000,0.000,0.000,1.000,0.0,0.00,0.000,—,1.620
trio-no-tank,20,2,pack,180,200,1.000,0.000,0.000,0.952,2.4,0.00,0.048,—,1.594
trio-no-tank,20,2,pack,300,200,1.000,0.000,0.000,0.953,2.3,0.00,0.047,—,1.594
trio-no-tank,20,2,boss,180,200,1.000,0.000,0.000,0.922,4.1,0.00,0.078,—,1.578
trio-no-tank,20,2,boss,300,200,1.000,0.000,0.000,0.923,4.1,0.00,0.077,—,1.578
trio-no-tank,20,3,solo,180,200,1.000,0.000,0.000,1.000,0.0,0.00,0.000,—,1.620
trio-no-tank,20,3,solo,300,200,1.000,0.000,0.000,1.000,0.0,0.00,0.000,—,1.620
trio-no-tank,20,3,pack,180,200,1.000,0.000,0.000,0.940,2.4,0.00,0.060,—,1.588
trio-no-tank,20,3,pack,300,200,1.000,0.000,0.000,0.940,2.3,0.00,0.060,—,1.587
trio-no-tank,20,3,boss,180,200,1.000,0.000,0.000,0.982,5.0,0.00,0.018,—,1.611
trio-no-tank,20,3,boss,300,200,1.000,0.000,0.000,0.984,5.0,0.00,0.016,—,1.611
trio-no-tank,20,4,solo,180,200,1.000,0.000,0.000,1.000,0.0,0.00,0.000,—,1.620
trio-no-tank,20,4,solo,300,200,1.000,0.000,0.000,1.000,0.0,0.00,0.000,—,1.620
trio-no-tank,20,4,pack,180,200,1.000,0.000,0.000,0.922,2.8,0.00,0.078,—,1.578
trio-no-tank,20,4,pack,300,200,1.000,0.000,0.000,0.923,2.8,0.00,0.077,—,1.578
trio-no-tank,20,4,boss,180,200,1.000,0.000,0.000,0.929,6.7,0.00,0.071,—,1.581
trio-no-tank,20,4,boss,300,200,1.000,0.000,0.000,0.927,6.7,0.00,0.073,—,1.580
trio-no-tank,20,5,solo,180,200,1.000,0.000,0.000,1.000,0.0,0.00,0.000,—,1.620
trio-no-tank,20,5,solo,300,200,1.000,0.000,0.000,1.000,0.0,0.00,0.000,—,1.620
trio-no-tank,20,5,pack,180,200,1.000,0.000,0.000,0.983,4.0,0.00,0.017,—,1.611
trio-no-tank,20,5,pack,300,200,1.000,0.000,0.000,0.983,4.0,0.00,0.017,—,1.611
trio-no-tank,20,5,boss,180,200,1.000,0.000,0.000,0.943,9.1,0.00,0.057,—,1.589
trio-no-tank,20,5,boss,300,200,1.000,0.000,0.000,0.936,9.0,0.00,0.064,—,1.586
trio-no-tank,20,6,solo,180,200,1.000,0.000,0.000,0.955,1.0,0.00,0.045,—,1.595
trio-no-tank,20,6,solo,300,200,1.000,0.000,0.000,0.951,1.1,0.00,0.049,—,1.594
trio-no-tank,20,6,pack,180,200,1.000,0.000,0.000,0.853,6.3,0.34,0.147,—,1.540
trio-no-tank,20,6,pack,300,200,1.000,0.000,0.000,0.857,6.2,0.33,0.143,—,1.543
trio-no-tank,20,6,boss,180,200,1.000,0.000,0.000,0.927,11.3,0.00,0.073,—,1.580
trio-no-tank,20,6,boss,300,200,1.000,0.000,0.000,0.925,11.3,0.00,0.075,—,1.580
trio-no-tank,20,7,solo,180,200,1.000,0.000,0.000,0.921,1.4,0.00,0.079,—,1.577
trio-no-tank,20,7,solo,300,200,1.000,0.000,0.000,0.923,1.4,0.00,0.077,—,1.579
trio-no-tank,20,7,pack,180,200,1.000,0.000,0.000,0.677,9.7,0.80,0.323,—,1.446
trio-no-tank,20,7,pack,300,200,1.000,0.000,0.000,0.667,9.9,0.82,0.333,—,1.440
trio-no-tank,20,7,boss,180,200,1.000,0.000,0.000,0.947,15.0,0.07,0.053,—,1.591
trio-no-tank,20,7,boss,300,200,1.000,0.000,0.000,0.941,15.3,0.13,0.059,—,1.588
trio-no-tank,20,8,solo,180,200,1.000,0.000,0.000,0.904,2.1,0.00,0.096,—,1.568
trio-no-tank,20,8,solo,300,200,1.000,0.000,0.000,0.901,2.1,0.00,0.099,—,1.566
trio-no-tank,20,8,pack,180,200,0.855,0.145,0.000,0.698,14.9,1.07,0.360,—,1.246
trio-no-tank,20,8,pack,300,200,0.815,0.185,0.000,0.701,14.8,1.13,0.373,—,1.189
trio-no-tank,20,8,boss,180,200,0.330,0.670,0.000,0.642,27.7,1.61,0.622,—,0.471
trio-no-tank,20,8,boss,300,200,0.280,0.720,0.000,0.608,28.1,1.70,0.669,—,0.394
trio-no-tank,35,1,solo,180,200,1.000,0.000,0.000,1.000,0.0,0.00,0.000,—,1.710
trio-no-tank,35,1,solo,300,200,1.000,0.000,0.000,1.000,0.0,0.00,0.000,—,1.710
trio-no-tank,35,1,pack,180,200,1.000,0.000,0.000,1.000,0.0,0.00,0.000,—,1.710
trio-no-tank,35,1,pack,300,200,1.000,0.000,0.000,1.000,0.0,0.00,0.000,—,1.710
trio-no-tank,35,1,boss,180,200,1.000,0.000,0.000,0.979,1.8,0.00,0.021,—,1.698
trio-no-tank,35,1,boss,300,200,1.000,0.000,0.000,0.980,1.8,0.00,0.020,—,1.698
trio-no-tank,35,2,solo,180,200,1.000,0.000,0.000,1.000,0.0,0.00,0.000,—,1.710
trio-no-tank,35,2,solo,300,200,1.000,0.000,0.000,1.000,0.0,0.00,0.000,—,1.710
trio-no-tank,35,2,pack,180,200,1.000,0.000,0.000,1.000,0.0,0.00,0.000,—,1.710
trio-no-tank,35,2,pack,300,200,1.000,0.000,0.000,1.000,0.0,0.00,0.000,—,1.710
trio-no-tank,35,2,boss,180,200,1.000,0.000,0.000,0.973,2.2,0.00,0.027,—,1.695
trio-no-tank,35,2,boss,300,200,1.000,0.000,0.000,0.973,2.2,0.00,0.027,—,1.695
trio-no-tank,35,3,solo,180,200,1.000,0.000,0.000,1.000,0.0,0.00,0.000,—,1.710
trio-no-tank,35,3,solo,300,200,1.000,0.000,0.000,1.000,0.0,0.00,0.000,—,1.710
trio-no-tank,35,3,pack,180,200,1.000,0.000,0.000,0.978,1.1,0.00,0.022,—,1.697
trio-no-tank,35,3,pack,300,200,1.000,0.000,0.000,0.978,1.1,0.00,0.022,—,1.697
trio-no-tank,35,3,boss,180,200,1.000,0.000,0.000,0.967,2.3,0.00,0.033,—,1.691
trio-no-tank,35,3,boss,300,200,1.000,0.000,0.000,0.967,2.3,0.00,0.033,—,1.691
trio-no-tank,35,4,solo,180,200,1.000,0.000,0.000,1.000,0.0,0.00,0.000,—,1.710
trio-no-tank,35,4,solo,300,200,1.000,0.000,0.000,1.000,0.0,0.00,0.000,—,1.710
trio-no-tank,35,4,pack,180,200,1.000,0.000,0.000,0.951,1.9,0.00,0.049,—,1.682
trio-no-tank,35,4,pack,300,200,1.000,0.000,0.000,0.954,1.8,0.00,0.046,—,1.684
trio-no-tank,35,4,boss,180,200,1.000,0.000,0.000,0.920,3.4,0.00,0.080,—,1.665
trio-no-tank,35,4,boss,300,200,1.000,0.000,0.000,0.920,3.5,0.00,0.080,—,1.664
trio-no-tank,35,5,solo,180,200,1.000,0.000,0.000,1.000,0.0,0.00,0.000,—,1.710
trio-no-tank,35,5,solo,300,200,1.000,0.000,0.000,1.000,0.0,0.00,0.000,—,1.710
trio-no-tank,35,5,pack,180,200,1.000,0.000,0.000,0.939,1.8,0.00,0.061,—,1.675
trio-no-tank,35,5,pack,300,200,1.000,0.000,0.000,0.939,1.8,0.00,0.061,—,1.675
trio-no-tank,35,5,boss,180,200,1.000,0.000,0.000,0.952,4.1,0.00,0.048,—,1.683
trio-no-tank,35,5,boss,300,200,1.000,0.000,0.000,0.945,4.1,0.00,0.055,—,1.678
trio-no-tank,35,6,solo,180,200,1.000,0.000,0.000,1.000,0.0,0.00,0.000,—,1.710
trio-no-tank,35,6,solo,300,200,1.000,0.000,0.000,1.000,0.0,0.00,0.000,—,1.710
trio-no-tank,35,6,pack,180,200,1.000,0.000,0.000,0.914,2.3,0.00,0.086,—,1.661
trio-no-tank,35,6,pack,300,200,1.000,0.000,0.000,0.915,2.3,0.00,0.085,—,1.661
trio-no-tank,35,6,boss,180,200,1.000,0.000,0.000,0.978,5.0,0.00,0.022,—,1.697
trio-no-tank,35,6,boss,300,200,1.000,0.000,0.000,0.969,5.0,0.00,0.031,—,1.692
trio-no-tank,35,7,solo,180,200,1.000,0.000,0.000,1.000,0.0,0.00,0.000,—,1.710
trio-no-tank,35,7,solo,300,200,1.000,0.000,0.000,1.000,0.0,0.00,0.000,—,1.710
trio-no-tank,35,7,pack,180,200,1.000,0.000,0.000,0.850,3.2,0.00,0.150,—,1.624
trio-no-tank,35,7,pack,300,200,1.000,0.000,0.000,0.850,3.2,0.00,0.150,—,1.625
trio-no-tank,35,7,boss,180,200,1.000,0.000,0.000,0.911,7.2,0.00,0.089,—,1.659
trio-no-tank,35,7,boss,300,200,1.000,0.000,0.000,0.909,7.2,0.00,0.091,—,1.658
trio-no-tank,35,8,solo,180,200,1.000,0.000,0.000,0.962,0.7,0.00,0.038,—,1.688
trio-no-tank,35,8,solo,300,200,1.000,0.000,0.000,0.959,0.7,0.00,0.041,—,1.686
trio-no-tank,35,8,pack,180,200,1.000,0.000,0.000,0.895,4.9,0.21,0.105,—,1.650
trio-no-tank,35,8,pack,300,200,1.000,0.000,0.000,0.887,4.9,0.21,0.113,—,1.646
trio-no-tank,35,8,boss,180,200,1.000,0.000,0.000,0.892,9.2,0.00,0.108,—,1.649
trio-no-tank,35,8,boss,300,200,1.000,0.000,0.000,0.892,9.2,0.00,0.108,—,1.648
trio-no-tank,50,1,solo,180,200,1.000,0.000,0.000,1.000,0.0,0.00,0.000,—,1.800
trio-no-tank,50,1,solo,300,200,1.000,0.000,0.000,1.000,0.0,0.00,0.000,—,1.800
trio-no-tank,50,1,pack,180,200,1.000,0.000,0.000,1.000,0.0,0.00,0.000,—,1.800
trio-no-tank,50,1,pack,300,200,1.000,0.000,0.000,1.000,0.0,0.00,0.000,—,1.800
trio-no-tank,50,1,boss,180,200,1.000,0.000,0.000,0.984,1.0,0.00,0.016,—,1.790
trio-no-tank,50,1,boss,300,200,1.000,0.000,0.000,0.985,1.0,0.00,0.015,—,1.791
trio-no-tank,50,2,solo,180,200,1.000,0.000,0.000,1.000,0.0,0.00,0.000,—,1.800
trio-no-tank,50,2,solo,300,200,1.000,0.000,0.000,1.000,0.0,0.00,0.000,—,1.800
trio-no-tank,50,2,pack,180,200,1.000,0.000,0.000,1.000,0.0,0.00,0.000,—,1.800
trio-no-tank,50,2,pack,300,200,1.000,0.000,0.000,1.000,0.0,0.00,0.000,—,1.800
trio-no-tank,50,2,boss,180,200,1.000,0.000,0.000,0.980,1.0,0.00,0.020,—,1.788
trio-no-tank,50,2,boss,300,200,1.000,0.000,0.000,0.980,1.0,0.00,0.020,—,1.788
trio-no-tank,50,3,solo,180,200,1.000,0.000,0.000,1.000,0.0,0.00,0.000,—,1.800
trio-no-tank,50,3,solo,300,200,1.000,0.000,0.000,1.000,0.0,0.00,0.000,—,1.800
trio-no-tank,50,3,pack,180,200,1.000,0.000,0.000,1.000,0.0,0.00,0.000,—,1.800
trio-no-tank,50,3,pack,300,200,1.000,0.000,0.000,1.000,0.0,0.00,0.000,—,1.800
trio-no-tank,50,3,boss,180,200,1.000,0.000,0.000,0.975,2.0,0.00,0.025,—,1.785
trio-no-tank,50,3,boss,300,200,1.000,0.000,0.000,0.976,2.0,0.00,0.024,—,1.786
trio-no-tank,50,4,solo,180,200,1.000,0.000,0.000,1.000,0.0,0.00,0.000,—,1.800
trio-no-tank,50,4,solo,300,200,1.000,0.000,0.000,1.000,0.0,0.00,0.000,—,1.800
trio-no-tank,50,4,pack,180,200,1.000,0.000,0.000,0.980,1.0,0.00,0.020,—,1.788
trio-no-tank,50,4,pack,300,200,1.000,0.000,0.000,0.980,1.0,0.00,0.020,—,1.788
trio-no-tank,50,4,boss,180,200,1.000,0.000,0.000,0.969,2.1,0.00,0.031,—,1.781
trio-no-tank,50,4,boss,300,200,1.000,0.000,0.000,0.969,2.1,0.00,0.031,—,1.782
trio-no-tank,50,5,solo,180,200,1.000,0.000,0.000,1.000,0.0,0.00,0.000,—,1.800
trio-no-tank,50,5,solo,300,200,1.000,0.000,0.000,1.000,0.0,0.00,0.000,—,1.800
trio-no-tank,50,5,pack,180,200,1.000,0.000,0.000,0.956,1.6,0.00,0.044,—,1.774
trio-no-tank,50,5,pack,300,200,1.000,0.000,0.000,0.956,1.7,0.00,0.044,—,1.773
trio-no-tank,50,5,boss,180,200,1.000,0.000,0.000,0.937,2.8,0.00,0.063,—,1.762
trio-no-tank,50,5,boss,300,200,1.000,0.000,0.000,0.935,2.8,0.00,0.065,—,1.761
trio-no-tank,50,6,solo,180,200,1.000,0.000,0.000,1.000,0.0,0.00,0.000,—,1.800
trio-no-tank,50,6,solo,300,200,1.000,0.000,0.000,1.000,0.0,0.00,0.000,—,1.800
trio-no-tank,50,6,pack,180,200,1.000,0.000,0.000,0.944,1.5,0.00,0.056,—,1.766
trio-no-tank,50,6,pack,300,200,1.000,0.000,0.000,0.947,1.5,0.00,0.053,—,1.768
trio-no-tank,50,6,boss,180,200,1.000,0.000,0.000,0.920,3.3,0.00,0.080,—,1.752
trio-no-tank,50,6,boss,300,200,1.000,0.000,0.000,0.919,3.3,0.00,0.081,—,1.752
trio-no-tank,50,7,solo,180,200,1.000,0.000,0.000,1.000,0.0,0.00,0.000,—,1.800
trio-no-tank,50,7,solo,300,200,1.000,0.000,0.000,1.000,0.0,0.00,0.000,—,1.800
trio-no-tank,50,7,pack,180,200,1.000,0.000,0.000,0.919,2.1,0.00,0.081,—,1.751
trio-no-tank,50,7,pack,300,200,1.000,0.000,0.000,0.918,2.1,0.00,0.082,—,1.751
trio-no-tank,50,7,boss,180,200,1.000,0.000,0.000,0.958,4.2,0.00,0.042,—,1.775
trio-no-tank,50,7,boss,300,200,1.000,0.000,0.000,0.966,4.2,0.00,0.034,—,1.780
trio-no-tank,50,8,solo,180,200,1.000,0.000,0.000,1.000,0.0,0.00,0.000,—,1.800
trio-no-tank,50,8,solo,300,200,1.000,0.000,0.000,1.000,0.0,0.00,0.000,—,1.800
trio-no-tank,50,8,pack,180,200,1.000,0.000,0.000,0.870,2.7,0.00,0.130,—,1.722
trio-no-tank,50,8,pack,300,200,1.000,0.000,0.000,0.878,2.6,0.00,0.122,—,1.727
trio-no-tank,50,8,boss,180,200,1.000,0.000,0.000,0.936,5.8,0.00,0.064,—,1.762
trio-no-tank,50,8,boss,300,200,1.000,0.000,0.000,0.929,5.8,0.00,0.071,—,1.757
trio-casters,1,1,solo,180,200,1.000,0.000,0.000,0.903,5.0,0.00,0.097,—,1.457
trio-casters,1,1,solo,300,200,1.000,0.000,0.000,0.903,5.0,0.00,0.097,—,1.457
trio-casters,1,1,pack,180,200,1.000,0.000,0.000,0.599,40.0,1.00,0.401,—,1.305
trio-casters,1,1,pack,300,200,1.000,0.000,0.000,0.599,40.0,1.00,0.401,—,1.305
trio-casters,1,1,boss,180,200,1.000,0.000,0.000,0.623,45.0,1.00,0.377,—,1.317
trio-casters,1,1,boss,300,200,1.000,0.000,0.000,0.623,45.0,1.00,0.377,—,1.317
trio-casters,1,2,solo,180,200,1.000,0.000,0.000,0.879,5.0,0.00,0.121,—,1.445
trio-casters,1,2,solo,300,200,1.000,0.000,0.000,0.879,5.0,0.00,0.121,—,1.445
trio-casters,1,2,pack,180,200,0.000,0.000,1.000,—,—,3.00,1.000,—,0.000
trio-casters,1,2,pack,300,200,0.000,0.000,1.000,—,—,3.00,1.000,—,0.000
trio-casters,1,2,boss,180,200,0.000,0.000,1.000,—,—,3.00,1.000,—,0.000
trio-casters,1,2,boss,300,200,0.000,0.000,1.000,—,—,3.00,1.000,—,0.000
trio-casters,1,3,solo,180,200,1.000,0.000,0.000,0.878,8.2,0.00,0.122,—,1.445
trio-casters,1,3,solo,300,200,1.000,0.000,0.000,0.878,8.2,0.00,0.122,—,1.445
trio-casters,1,3,pack,180,200,0.000,0.000,1.000,—,—,3.00,1.000,—,0.000
trio-casters,1,3,pack,300,200,0.000,0.000,1.000,—,—,3.00,1.000,—,0.000
trio-casters,1,3,boss,180,200,0.000,0.000,1.000,—,—,3.00,1.000,—,0.000
trio-casters,1,3,boss,300,200,0.000,0.000,1.000,—,—,3.00,1.000,—,0.000
trio-casters,1,4,solo,180,200,1.000,0.000,0.000,0.752,12.2,0.00,0.248,—,1.382
trio-casters,1,4,solo,300,200,1.000,0.000,0.000,0.752,12.2,0.00,0.248,—,1.382
trio-casters,1,4,pack,180,200,0.000,0.000,1.000,—,—,3.00,1.000,—,0.000
trio-casters,1,4,pack,300,200,0.000,0.000,1.000,—,—,3.00,1.000,—,0.000
trio-casters,1,4,boss,180,200,0.000,0.000,1.000,—,—,3.00,1.000,—,0.000
trio-casters,1,4,boss,300,200,0.000,0.000,1.000,—,—,3.00,1.000,—,0.000
trio-casters,1,5,solo,180,200,1.000,0.000,0.000,0.460,20.0,1.00,0.540,—,1.235
trio-casters,1,5,solo,300,200,1.000,0.000,0.000,0.460,20.0,1.00,0.540,—,1.235
trio-casters,1,5,pack,180,200,0.000,0.000,1.000,—,—,3.00,1.000,—,0.000
trio-casters,1,5,pack,300,200,0.000,0.000,1.000,—,—,3.00,1.000,—,0.000
trio-casters,1,5,boss,180,200,0.000,0.000,1.000,—,—,3.00,1.000,—,0.000
trio-casters,1,5,boss,300,200,0.000,0.000,1.000,—,—,3.00,1.000,—,0.000
trio-casters,1,6,solo,180,200,0.000,0.000,1.000,—,—,3.00,1.000,—,0.000
trio-casters,1,6,solo,300,200,0.000,0.000,1.000,—,—,3.00,1.000,—,0.000
trio-casters,1,6,pack,180,200,0.000,0.000,1.000,—,—,3.00,1.000,—,0.000
trio-casters,1,6,pack,300,200,0.000,0.000,1.000,—,—,3.00,1.000,—,0.000
trio-casters,1,6,boss,180,200,0.000,0.000,1.000,—,—,3.00,1.000,—,0.000
trio-casters,1,6,boss,300,200,0.000,0.000,1.000,—,—,3.00,1.000,—,0.000
trio-casters,1,7,solo,180,200,0.000,0.000,1.000,—,—,3.00,1.000,—,0.000
trio-casters,1,7,solo,300,200,0.000,0.000,1.000,—,—,3.00,1.000,—,0.000
trio-casters,1,7,pack,180,200,0.000,0.000,1.000,—,—,3.00,1.000,—,0.000
trio-casters,1,7,pack,300,200,0.000,0.000,1.000,—,—,3.00,1.000,—,0.000
trio-casters,1,7,boss,180,200,0.000,0.000,1.000,—,—,3.00,1.000,—,0.000
trio-casters,1,7,boss,300,200,0.000,0.000,1.000,—,—,3.00,1.000,—,0.000
trio-casters,1,8,solo,180,200,0.000,0.000,1.000,—,—,3.00,1.000,—,0.000
trio-casters,1,8,solo,300,200,0.000,0.000,1.000,—,—,3.00,1.000,—,0.000
trio-casters,1,8,pack,180,200,0.000,0.000,1.000,—,—,3.00,1.000,—,0.000
trio-casters,1,8,pack,300,200,0.000,0.000,1.000,—,—,3.00,1.000,—,0.000
trio-casters,1,8,boss,180,200,0.000,0.000,1.000,—,—,3.00,1.000,—,0.000
trio-casters,1,8,boss,300,200,0.000,0.000,1.000,—,—,3.00,1.000,—,0.000
trio-casters,5,1,solo,180,200,1.000,0.000,0.000,1.000,0.0,0.00,0.000,—,1.530
trio-casters,5,1,solo,300,200,1.000,0.000,0.000,1.000,0.0,0.00,0.000,—,1.530
trio-casters,5,1,pack,180,200,1.000,0.000,0.000,1.000,10.4,0.00,0.000,—,1.530
trio-casters,5,1,pack,300,200,1.000,0.000,0.000,1.000,10.4,0.00,0.000,—,1.530
trio-casters,5,1,boss,180,200,1.000,0.000,0.000,0.884,18.1,0.00,0.116,—,1.471
trio-casters,5,1,boss,300,200,1.000,0.000,0.000,0.884,18.1,0.00,0.116,—,1.471
trio-casters,5,2,solo,180,200,1.000,0.000,0.000,0.952,2.6,0.00,0.048,—,1.505
trio-casters,5,2,solo,300,200,1.000,0.000,0.000,0.952,2.6,0.00,0.048,—,1.505
trio-casters,5,2,pack,180,200,1.000,0.000,0.000,0.870,13.0,0.00,0.130,—,1.464
trio-casters,5,2,pack,300,200,1.000,0.000,0.000,0.870,13.0,0.00,0.130,—,1.464
trio-casters,5,2,boss,180,200,1.000,0.000,0.000,0.926,23.3,0.00,0.074,—,1.492
trio-casters,5,2,boss,300,200,1.000,0.000,0.000,0.926,23.3,0.00,0.074,—,1.492
trio-casters,5,3,solo,180,200,1.000,0.000,0.000,0.939,2.6,0.00,0.061,—,1.499
trio-casters,5,3,solo,300,200,1.000,0.000,0.000,0.939,2.6,0.00,0.061,—,1.499
trio-casters,5,3,pack,180,200,1.000,0.000,0.000,0.581,35.0,1.00,0.419,—,1.316
trio-casters,5,3,pack,300,200,1.000,0.000,0.000,0.581,35.0,1.00,0.419,—,1.316
trio-casters,5,3,boss,180,200,1.000,0.000,0.000,0.819,30.0,0.00,0.181,—,1.438
trio-casters,5,3,boss,300,200,1.000,0.000,0.000,0.819,30.0,0.00,0.181,—,1.438
trio-casters,5,4,solo,180,200,1.000,0.000,0.000,0.852,5.0,0.00,0.148,—,1.454
trio-casters,5,4,solo,300,200,1.000,0.000,0.000,0.852,5.0,0.00,0.148,—,1.454
trio-casters,5,4,pack,180,200,0.000,0.000,1.000,—,—,3.00,1.000,—,0.000
trio-casters,5,4,pack,300,200,0.000,0.000,1.000,—,—,3.00,1.000,—,0.000
trio-casters,5,4,boss,180,200,0.000,1.000,0.000,—,—,2.00,0.758,—,0.000
trio-casters,5,4,boss,300,200,0.000,1.000,0.000,—,—,2.00,0.758,—,0.000
trio-casters,5,5,solo,180,200,1.000,0.000,0.000,0.966,5.2,0.00,0.034,—,1.513
trio-casters,5,5,solo,300,200,1.000,0.000,0.000,0.966,5.2,0.00,0.034,—,1.513
trio-casters,5,5,pack,180,200,0.000,0.000,1.000,—,—,3.00,1.000,—,0.000
trio-casters,5,5,pack,300,200,0.000,0.000,1.000,—,—,3.00,1.000,—,0.000
trio-casters,5,5,boss,180,200,0.000,0.000,1.000,—,—,3.00,1.000,—,0.000
trio-casters,5,5,boss,300,200,0.000,0.000,1.000,—,—,3.00,1.000,—,0.000
trio-casters,5,6,solo,180,200,1.000,0.000,0.000,0.698,10.0,1.00,0.302,—,1.376
trio-casters,5,6,solo,300,200,1.000,0.000,0.000,0.698,10.0,1.00,0.302,—,1.376
trio-casters,5,6,pack,180,200,0.000,0.000,1.000,—,—,3.00,1.000,—,0.000
trio-casters,5,6,pack,300,200,0.000,0.000,1.000,—,—,3.00,1.000,—,0.000
trio-casters,5,6,boss,180,200,0.000,0.000,1.000,—,—,3.00,1.000,—,0.000
trio-casters,5,6,boss,300,200,0.000,0.000,1.000,—,—,3.00,1.000,—,0.000
trio-casters,5,7,solo,180,200,1.000,0.000,0.000,0.576,15.0,0.00,0.424,—,1.314
trio-casters,5,7,solo,300,200,1.000,0.000,0.000,0.576,15.0,0.00,0.424,—,1.314
trio-casters,5,7,pack,180,200,0.000,0.000,1.000,—,—,3.00,1.000,—,0.000
trio-casters,5,7,pack,300,200,0.000,0.000,1.000,—,—,3.00,1.000,—,0.000
trio-casters,5,7,boss,180,200,0.000,0.000,1.000,—,—,3.00,1.000,—,0.000
trio-casters,5,7,boss,300,200,0.000,0.000,1.000,—,—,3.00,1.000,—,0.000
trio-casters,5,8,solo,180,200,0.000,0.000,1.000,—,—,3.00,1.000,—,0.000
trio-casters,5,8,solo,300,200,0.000,0.000,1.000,—,—,3.00,1.000,—,0.000
trio-casters,5,8,pack,180,200,0.000,0.000,1.000,—,—,3.00,1.000,—,0.000
trio-casters,5,8,pack,300,200,0.000,0.000,1.000,—,—,3.00,1.000,—,0.000
trio-casters,5,8,boss,180,200,0.000,0.000,1.000,—,—,3.00,1.000,—,0.000
trio-casters,5,8,boss,300,200,0.000,0.000,1.000,—,—,3.00,1.000,—,0.000
trio-casters,10,1,solo,180,200,1.000,0.000,0.000,1.000,0.0,0.00,0.000,—,1.560
trio-casters,10,1,solo,300,200,1.000,0.000,0.000,1.000,0.0,0.00,0.000,—,1.560
trio-casters,10,1,pack,180,200,1.000,0.000,0.000,0.907,5.0,0.00,0.093,—,1.512
trio-casters,10,1,pack,300,200,1.000,0.000,0.000,0.907,5.0,0.00,0.093,—,1.512
trio-casters,10,1,boss,180,200,1.000,0.000,0.000,0.907,10.0,0.00,0.093,—,1.512
trio-casters,10,1,boss,300,200,1.000,0.000,0.000,0.907,10.0,0.00,0.093,—,1.512
trio-casters,10,2,solo,180,200,1.000,0.000,0.000,1.000,0.0,0.00,0.000,—,1.560
trio-casters,10,2,solo,300,200,1.000,0.000,0.000,1.000,0.0,0.00,0.000,—,1.560
trio-casters,10,2,pack,180,200,1.000,0.000,0.000,1.000,5.7,0.00,0.000,—,1.560
trio-casters,10,2,pack,300,200,1.000,0.000,0.000,1.000,5.7,0.00,0.000,—,1.560
trio-casters,10,2,boss,180,200,1.000,0.000,0.000,0.941,13.3,0.00,0.059,—,1.529
trio-casters,10,2,boss,300,200,1.000,0.000,0.000,0.941,13.3,0.00,0.059,—,1.529
trio-casters,10,3,solo,180,200,1.000,0.000,0.000,1.000,0.0,0.00,0.000,—,1.560
trio-casters,10,3,solo,300,200,1.000,0.000,0.000,1.000,0.0,0.00,0.000,—,1.560
trio-casters,10,3,pack,180,200,1.000,0.000,0.000,0.894,9.5,0.00,0.106,—,1.505
trio-casters,10,3,pack,300,200,1.000,0.000,0.000,0.894,9.5,0.00,0.106,—,1.505
trio-casters,10,3,boss,180,200,1.000,0.000,0.000,0.928,15.2,0.00,0.072,—,1.522
trio-casters,10,3,boss,300,200,1.000,0.000,0.000,0.928,15.2,0.00,0.072,—,1.522
trio-casters,10,4,solo,180,200,1.000,0.000,0.000,0.941,1.9,0.00,0.059,—,1.529
trio-casters,10,4,solo,300,200,1.000,0.000,0.000,0.941,1.9,0.00,0.059,—,1.529
trio-casters,10,4,pack,180,200,1.000,0.000,0.000,0.650,30.0,1.00,0.350,—,1.378
trio-casters,10,4,pack,300,200,1.000,0.000,0.000,0.650,30.0,1.00,0.350,—,1.378
trio-casters,10,4,boss,180,200,1.000,0.000,0.000,1.000,20.9,0.00,0.000,—,1.560
trio-casters,10,4,boss,300,200,1.000,0.000,0.000,1.000,20.9,0.00,0.000,—,1.560
trio-casters,10,5,solo,180,200,1.000,0.000,0.000,0.925,1.9,0.00,0.075,—,1.521
trio-casters,10,5,solo,300,200,1.000,0.000,0.000,0.925,1.9,0.00,0.075,—,1.521
trio-casters,10,5,pack,180,200,0.000,0.000,1.000,—,—,3.00,1.000,—,0.000
trio-casters,10,5,pack,300,200,0.000,0.000,1.000,—,—,3.00,1.000,—,0.000
trio-casters,10,5,boss,180,200,1.000,0.000,0.000,0.448,70.0,1.00,0.552,—,1.273
trio-casters,10,5,boss,300,200,1.000,0.000,0.000,0.448,70.0,1.00,0.552,—,1.273
trio-casters,10,6,solo,180,200,1.000,0.000,0.000,0.809,3.8,0.00,0.191,—,1.461
trio-casters,10,6,solo,300,200,1.000,0.000,0.000,0.809,3.8,0.00,0.191,—,1.461
trio-casters,10,6,pack,180,200,0.000,0.000,1.000,—,—,3.00,1.000,—,0.000
trio-casters,10,6,pack,300,200,0.000,0.000,1.000,—,—,3.00,1.000,—,0.000
trio-casters,10,6,boss,180,200,0.000,1.000,0.000,—,—,2.00,0.790,—,0.000
trio-casters,10,6,boss,300,200,0.000,1.000,0.000,—,—,2.00,0.790,—,0.000
trio-casters,10,7,solo,180,200,1.000,0.000,0.000,0.886,5.7,0.00,0.114,—,1.501
trio-casters,10,7,solo,300,200,1.000,0.000,0.000,0.886,5.7,0.00,0.114,—,1.501
trio-casters,10,7,pack,180,200,0.000,0.000,1.000,—,—,3.00,1.000,—,0.000
trio-casters,10,7,pack,300,200,0.000,0.000,1.000,—,—,3.00,1.000,—,0.000
trio-casters,10,7,boss,180,200,0.000,0.000,1.000,—,—,3.00,1.000,—,0.000
trio-casters,10,7,boss,300,200,0.000,0.000,1.000,—,—,3.00,1.000,—,0.000
trio-casters,10,8,solo,180,200,1.000,0.000,0.000,0.747,7.6,0.00,0.253,—,1.429
trio-casters,10,8,solo,300,200,1.000,0.000,0.000,0.747,7.6,0.00,0.253,—,1.429
trio-casters,10,8,pack,180,200,0.000,0.000,1.000,—,—,3.00,1.000,—,0.000
trio-casters,10,8,pack,300,200,0.000,0.000,1.000,—,—,3.00,1.000,—,0.000
trio-casters,10,8,boss,180,200,0.000,0.000,1.000,—,—,3.00,1.000,—,0.000
trio-casters,10,8,boss,300,200,0.000,0.000,1.000,—,—,3.00,1.000,—,0.000
trio-casters,20,1,solo,180,200,1.000,0.000,0.000,1.000,0.0,0.00,0.000,—,1.620
trio-casters,20,1,solo,300,200,1.000,0.000,0.000,1.000,0.0,0.00,0.000,—,1.620
trio-casters,20,1,pack,180,200,1.000,0.000,0.000,0.978,1.4,0.00,0.022,—,1.608
trio-casters,20,1,pack,300,200,1.000,0.000,0.000,0.978,1.4,0.00,0.022,—,1.608
trio-casters,20,1,boss,180,200,1.000,0.000,0.000,0.934,5.0,0.00,0.066,—,1.584
trio-casters,20,1,boss,300,200,1.000,0.000,0.000,0.934,5.0,0.00,0.066,—,1.584
trio-casters,20,2,solo,180,200,1.000,0.000,0.000,1.000,0.0,0.00,0.000,—,1.620
trio-casters,20,2,solo,300,200,1.000,0.000,0.000,1.000,0.0,0.00,0.000,—,1.620
trio-casters,20,2,pack,180,200,1.000,0.000,0.000,0.972,1.4,0.00,0.028,—,1.605
trio-casters,20,2,pack,300,200,1.000,0.000,0.000,0.972,1.4,0.00,0.028,—,1.605
trio-casters,20,2,boss,180,200,1.000,0.000,0.000,0.915,5.6,0.00,0.085,—,1.574
trio-casters,20,2,boss,300,200,1.000,0.000,0.000,0.915,5.6,0.00,0.085,—,1.574
trio-casters,20,3,solo,180,200,1.000,0.000,0.000,1.000,0.0,0.00,0.000,—,1.620
trio-casters,20,3,solo,300,200,1.000,0.000,0.000,1.000,0.0,0.00,0.000,—,1.620
trio-casters,20,3,pack,180,200,1.000,0.000,0.000,0.895,4.2,0.00,0.105,—,1.563
trio-casters,20,3,pack,300,200,1.000,0.000,0.000,0.895,4.2,0.00,0.105,—,1.563
trio-casters,20,3,boss,180,200,1.000,0.000,0.000,0.948,7.0,0.00,0.052,—,1.592
trio-casters,20,3,boss,300,200,1.000,0.000,0.000,0.948,7.0,0.00,0.052,—,1.592
trio-casters,20,4,solo,180,200,1.000,0.000,0.000,1.000,0.0,0.00,0.000,—,1.620
trio-casters,20,4,solo,300,200,1.000,0.000,0.000,1.000,0.0,0.00,0.000,—,1.620
trio-casters,20,4,pack,180,200,1.000,0.000,0.000,0.873,5.0,0.00,0.127,—,1.551
trio-casters,20,4,pack,300,200,1.000,0.000,0.000,0.873,5.0,0.00,0.127,—,1.551
trio-casters,20,4,boss,180,200,1.000,0.000,0.000,0.871,9.8,0.00,0.129,—,1.550
trio-casters,20,4,boss,300,200,1.000,0.000,0.000,0.871,9.8,0.00,0.129,—,1.550
trio-casters,20,5,solo,180,200,1.000,0.000,0.000,1.000,0.0,0.00,0.000,—,1.620
trio-casters,20,5,solo,300,200,1.000,0.000,0.000,1.000,0.0,0.00,0.000,—,1.620
trio-casters,20,5,pack,180,200,1.000,0.000,0.000,0.839,5.0,0.00,0.161,—,1.533
trio-casters,20,5,pack,300,200,1.000,0.000,0.000,0.839,5.0,0.00,0.161,—,1.533
trio-casters,20,5,boss,180,200,1.000,0.000,0.000,1.000,11.2,0.00,0.000,—,1.620
trio-casters,20,5,boss,300,200,1.000,0.000,0.000,1.000,11.2,0.00,0.000,—,1.620
trio-casters,20,6,solo,180,200,1.000,0.000,0.000,0.932,1.4,0.00,0.068,—,1.583
trio-casters,20,6,solo,300,200,1.000,0.000,0.000,0.932,1.4,0.00,0.068,—,1.583
trio-casters,20,6,pack,180,200,1.000,0.000,0.000,0.648,30.0,1.00,0.352,—,1.430
trio-casters,20,6,pack,300,200,1.000,0.000,0.000,0.648,30.0,1.00,0.352,—,1.430
trio-casters,20,6,boss,180,200,1.000,0.000,0.000,0.797,20.0,0.00,0.203,—,1.510
trio-casters,20,6,boss,300,200,1.000,0.000,0.000,0.797,20.0,0.00,0.203,—,1.510
trio-casters,20,7,solo,180,200,1.000,0.000,0.000,0.915,2.8,0.00,0.085,—,1.574
trio-casters,20,7,solo,300,200,1.000,0.000,0.000,0.915,2.8,0.00,0.085,—,1.574
trio-casters,20,7,pack,180,200,1.000,0.000,0.000,0.631,30.0,1.00,0.369,—,1.421
trio-casters,20,7,pack,300,200,1.000,0.000,0.000,0.631,30.0,1.00,0.369,—,1.421
trio-casters,20,7,boss,180,200,1.000,0.000,0.000,0.546,75.0,1.00,0.454,—,1.375
trio-casters,20,7,boss,300,200,1.000,0.000,0.000,0.546,75.0,1.00,0.454,—,1.375
trio-casters,20,8,solo,180,200,1.000,0.000,0.000,0.895,2.8,0.00,0.105,—,1.563
trio-casters,20,8,solo,300,200,1.000,0.000,0.000,0.895,2.8,0.00,0.105,—,1.563
trio-casters,20,8,pack,180,200,0.000,0.000,1.000,—,—,3.00,1.000,—,0.000
trio-casters,20,8,pack,300,200,0.000,0.000,1.000,—,—,3.00,1.000,—,0.000
trio-casters,20,8,boss,180,200,0.000,0.000,1.000,—,—,3.00,1.000,—,0.000
trio-casters,20,8,boss,300,200,0.000,0.000,1.000,—,—,3.00,1.000,—,0.000
trio-casters,35,1,solo,180,200,1.000,0.000,0.000,1.000,0.0,0.00,0.000,—,1.710
trio-casters,35,1,solo,300,200,1.000,0.000,0.000,1.000,0.0,0.00,0.000,—,1.710
trio-casters,35,1,pack,180,200,1.000,0.000,0.000,0.984,1.1,0.00,0.016,—,1.701
trio-casters,35,1,pack,300,200,1.000,0.000,0.000,0.984,1.1,0.00,0.016,—,1.701
trio-casters,35,1,boss,180,200,1.000,0.000,0.000,0.953,3.4,0.00,0.047,—,1.683
trio-casters,35,1,boss,300,200,1.000,0.000,0.000,0.953,3.4,0.00,0.047,—,1.683
trio-casters,35,2,solo,180,200,1.000,0.000,0.000,1.000,0.0,0.00,0.000,—,1.710
trio-casters,35,2,solo,300,200,1.000,0.000,0.000,1.000,0.0,0.00,0.000,—,1.710
trio-casters,35,2,pack,180,200,1.000,0.000,0.000,0.981,1.1,0.00,0.019,—,1.699
trio-casters,35,2,pack,300,200,1.000,0.000,0.000,0.981,1.1,0.00,0.019,—,1.699
trio-casters,35,2,boss,180,200,1.000,0.000,0.000,0.941,3.4,0.00,0.059,—,1.676
trio-casters,35,2,boss,300,200,1.000,0.000,0.000,0.941,3.4,0.00,0.059,—,1.676
trio-casters,35,3,solo,180,200,1.000,0.000,0.000,1.000,0.0,0.00,0.000,—,1.710
trio-casters,35,3,solo,300,200,1.000,0.000,0.000,1.000,0.0,0.00,0.000,—,1.710
trio-casters,35,3,pack,180,200,1.000,0.000,0.000,0.975,1.1,0.00,0.025,—,1.696
trio-casters,35,3,pack,300,200,1.000,0.000,0.000,0.975,1.1,0.00,0.025,—,1.696
trio-casters,35,3,boss,180,200,1.000,0.000,0.000,0.928,4.5,0.00,0.072,—,1.669
trio-casters,35,3,boss,300,200,1.000,0.000,0.000,0.928,4.5,0.00,0.072,—,1.669
trio-casters,35,4,solo,180,200,1.000,0.000,0.000,1.000,0.0,0.00,0.000,—,1.710
trio-casters,35,4,solo,300,200,1.000,0.000,0.000,1.000,0.0,0.00,0.000,—,1.710
trio-casters,35,4,pack,180,200,1.000,0.000,0.000,0.970,1.1,0.00,0.030,—,1.693
trio-casters,35,4,pack,300,200,1.000,0.000,0.000,0.970,1.1,0.00,0.030,—,1.693
trio-casters,35,4,boss,180,200,1.000,0.000,0.000,0.910,5.0,0.00,0.090,—,1.658
trio-casters,35,4,boss,300,200,1.000,0.000,0.000,0.910,5.0,0.00,0.090,—,1.658
trio-casters,35,5,solo,180,200,1.000,0.000,0.000,1.000,0.0,0.00,0.000,—,1.710
trio-casters,35,5,solo,300,200,1.000,0.000,0.000,1.000,0.0,0.00,0.000,—,1.710
trio-casters,35,5,pack,180,200,1.000,0.000,0.000,0.888,3.4,0.00,0.112,—,1.646
trio-casters,35,5,pack,300,200,1.000,0.000,0.000,0.888,3.4,0.00,0.112,—,1.646
trio-casters,35,5,boss,180,200,1.000,0.000,0.000,1.000,5.7,0.00,0.000,—,1.710
trio-casters,35,5,boss,300,200,1.000,0.000,0.000,1.000,5.7,0.00,0.000,—,1.710
trio-casters,35,6,solo,180,200,1.000,0.000,0.000,1.000,0.0,0.00,0.000,—,1.710
trio-casters,35,6,solo,300,200,1.000,0.000,0.000,1.000,0.0,0.00,0.000,—,1.710
trio-casters,35,6,pack,180,200,1.000,0.000,0.000,0.857,4.5,0.00,0.143,—,1.628
trio-casters,35,6,pack,300,200,1.000,0.000,0.000,0.857,4.5,0.00,0.143,—,1.628
trio-casters,35,6,boss,180,200,1.000,0.000,0.000,1.000,10.2,0.00,0.000,—,1.710
trio-casters,35,6,boss,300,200,1.000,0.000,0.000,1.000,10.2,0.00,0.000,—,1.710
trio-casters,35,7,solo,180,200,1.000,0.000,0.000,1.000,0.0,0.00,0.000,—,1.710
trio-casters,35,7,solo,300,200,1.000,0.000,0.000,1.000,0.0,0.00,0.000,—,1.710
trio-casters,35,7,pack,180,200,1.000,0.000,0.000,0.883,5.7,0.00,0.117,—,1.643
trio-casters,35,7,pack,300,200,1.000,0.000,0.000,0.883,5.7,0.00,0.117,—,1.643
trio-casters,35,7,boss,180,200,1.000,0.000,0.000,0.911,15.9,0.00,0.089,—,1.659
trio-casters,35,7,boss,300,200,1.000,0.000,0.000,0.911,15.9,0.00,0.089,—,1.659
trio-casters,35,8,solo,180,200,1.000,0.000,0.000,0.926,1.1,0.00,0.074,—,1.668
trio-casters,35,8,solo,300,200,1.000,0.000,0.000,0.926,1.1,0.00,0.074,—,1.668
trio-casters,35,8,pack,180,200,1.000,0.000,0.000,0.574,25.0,1.00,0.426,—,1.467
trio-casters,35,8,pack,300,200,1.000,0.000,0.000,0.574,25.0,1.00,0.426,—,1.467
trio-casters,35,8,boss,180,200,1.000,0.000,0.000,1.000,11.3,0.00,0.000,—,1.710
trio-casters,35,8,boss,300,200,1.000,0.000,0.000,1.000,11.3,0.00,0.000,—,1.710
trio-casters,50,1,solo,180,200,1.000,0.000,0.000,1.000,0.0,0.00,0.000,—,1.800
trio-casters,50,1,solo,300,200,1.000,0.000,0.000,1.000,0.0,0.00,0.000,—,1.800
trio-casters,50,1,pack,180,200,1.000,0.000,0.000,0.988,1.0,0.00,0.012,—,1.793
trio-casters,50,1,pack,300,200,1.000,0.000,0.000,0.988,1.0,0.00,0.012,—,1.793
trio-casters,50,1,boss,180,200,1.000,0.000,0.000,0.982,2.0,0.00,0.018,—,1.789
trio-casters,50,1,boss,300,200,1.000,0.000,0.000,0.982,2.0,0.00,0.018,—,1.789
trio-casters,50,2,solo,180,200,1.000,0.000,0.000,1.000,0.0,0.00,0.000,—,1.800
trio-casters,50,2,solo,300,200,1.000,0.000,0.000,1.000,0.0,0.00,0.000,—,1.800
trio-casters,50,2,pack,180,200,1.000,0.000,0.000,0.985,1.0,0.00,0.015,—,1.791
trio-casters,50,2,pack,300,200,1.000,0.000,0.000,0.985,1.0,0.00,0.015,—,1.791
trio-casters,50,2,boss,180,200,1.000,0.000,0.000,0.977,2.0,0.00,0.023,—,1.786
trio-casters,50,2,boss,300,200,1.000,0.000,0.000,0.977,2.0,0.00,0.023,—,1.786
trio-casters,50,3,solo,180,200,1.000,0.000,0.000,1.000,0.0,0.00,0.000,—,1.800
trio-casters,50,3,solo,300,200,1.000,0.000,0.000,1.000,0.0,0.00,0.000,—,1.800
trio-casters,50,3,pack,180,200,1.000,0.000,0.000,0.981,1.0,0.00,0.019,—,1.789
trio-casters,50,3,pack,300,200,1.000,0.000,0.000,0.981,1.0,0.00,0.019,—,1.789
trio-casters,50,3,boss,180,200,1.000,0.000,0.000,0.944,3.1,0.00,0.056,—,1.767
trio-casters,50,3,boss,300,200,1.000,0.000,0.000,0.944,3.1,0.00,0.056,—,1.767
trio-casters,50,4,solo,180,200,1.000,0.000,0.000,1.000,0.0,0.00,0.000,—,1.800
trio-casters,50,4,solo,300,200,1.000,0.000,0.000,1.000,0.0,0.00,0.000,—,1.800
trio-casters,50,4,pack,180,200,1.000,0.000,0.000,0.977,1.0,0.00,0.023,—,1.786
trio-casters,50,4,pack,300,200,1.000,0.000,0.000,0.977,1.0,0.00,0.023,—,1.786
trio-casters,50,4,boss,180,200,1.000,0.000,0.000,0.930,4.1,0.00,0.070,—,1.758
trio-casters,50,4,boss,300,200,1.000,0.000,0.000,0.930,4.1,0.00,0.070,—,1.758
trio-casters,50,5,solo,180,200,1.000,0.000,0.000,1.000,0.0,0.00,0.000,—,1.800
trio-casters,50,5,solo,300,200,1.000,0.000,0.000,1.000,0.0,0.00,0.000,—,1.800
trio-casters,50,5,pack,180,200,1.000,0.000,0.000,0.971,1.0,0.00,0.029,—,1.783
trio-casters,50,5,pack,300,200,1.000,0.000,0.000,0.971,1.0,0.00,0.029,—,1.783
trio-casters,50,5,boss,180,200,1.000,0.000,0.000,0.912,5.0,0.00,0.088,—,1.747
trio-casters,50,5,boss,300,200,1.000,0.000,0.000,0.912,5.0,0.00,0.088,—,1.747
trio-casters,50,6,solo,180,200,1.000,0.000,0.000,1.000,0.0,0.00,0.000,—,1.800
trio-casters,50,6,solo,300,200,1.000,0.000,0.000,1.000,0.0,0.00,0.000,—,1.800
trio-casters,50,6,pack,180,200,1.000,0.000,0.000,0.890,3.1,0.00,0.110,—,1.734
trio-casters,50,6,pack,300,200,1.000,0.000,0.000,0.890,3.1,0.00,0.110,—,1.734
trio-casters,50,6,boss,180,200,1.000,0.000,0.000,0.945,7.1,0.00,0.055,—,1.767
trio-casters,50,6,boss,300,200,1.000,0.000,0.000,0.945,7.1,0.00,0.055,—,1.767
trio-casters,50,7,solo,180,200,1.000,0.000,0.000,1.000,0.0,0.00,0.000,—,1.800
trio-casters,50,7,solo,300,200,1.000,0.000,0.000,1.000,0.0,0.00,0.000,—,1.800
trio-casters,50,7,pack,180,200,1.000,0.000,0.000,0.863,4.1,0.00,0.137,—,1.718
trio-casters,50,7,pack,300,200,1.000,0.000,0.000,0.863,4.1,0.00,0.137,—,1.718
trio-casters,50,7,boss,180,200,1.000,0.000,0.000,1.000,11.2,0.00,0.000,—,1.800
trio-casters,50,7,boss,300,200,1.000,0.000,0.000,1.000,11.2,0.00,0.000,—,1.800
trio-casters,50,8,solo,180,200,1.000,0.000,0.000,1.000,0.0,0.00,0.000,—,1.800
trio-casters,50,8,solo,300,200,1.000,0.000,0.000,1.000,0.0,0.00,0.000,—,1.800
trio-casters,50,8,pack,180,200,1.000,0.000,0.000,0.830,4.1,0.00,0.170,—,1.698
trio-casters,50,8,pack,300,200,1.000,0.000,0.000,0.830,4.1,0.00,0.170,—,1.698
trio-casters,50,8,boss,180,200,1.000,0.000,0.000,0.914,8.1,0.00,0.086,—,1.749
trio-casters,50,8,boss,300,200,1.000,0.000,0.000,0.914,8.1,0.00,0.086,—,1.749
trio-double-tank,1,1,solo,180,200,1.000,0.000,0.000,0.948,6.0,0.00,0.052,1.000,1.480
trio-double-tank,1,1,solo,300,200,1.000,0.000,0.000,0.949,6.0,0.00,0.051,1.000,1.480
trio-double-tank,1,1,pack,180,200,1.000,0.000,0.000,0.986,36.0,0.00,0.014,1.000,1.499
trio-double-tank,1,1,pack,300,200,1.000,0.000,0.000,0.987,36.0,0.00,0.013,1.000,1.499
trio-double-tank,1,1,boss,180,200,1.000,0.000,0.000,0.998,76.6,0.00,0.002,1.000,1.505
trio-double-tank,1,1,boss,300,200,1.000,0.000,0.000,0.998,77.0,0.00,0.002,1.000,1.505
trio-double-tank,1,2,solo,180,200,1.000,0.000,0.000,0.933,6.0,0.00,0.067,1.000,1.472
trio-double-tank,1,2,solo,300,200,1.000,0.000,0.000,0.933,6.0,0.00,0.067,1.000,1.473
trio-double-tank,1,2,pack,180,200,1.000,0.000,0.000,0.998,53.7,0.00,0.002,1.000,1.505
trio-double-tank,1,2,pack,300,200,1.000,0.000,0.000,0.999,53.8,0.00,0.001,1.000,1.505
trio-double-tank,1,2,boss,180,200,1.000,0.000,0.000,0.958,101.7,0.00,0.042,1.000,1.485
trio-double-tank,1,2,boss,300,200,1.000,0.000,0.000,0.960,101.7,0.00,0.040,1.000,1.486
trio-double-tank,1,3,solo,180,200,1.000,0.000,0.000,0.938,12.0,0.00,0.062,1.000,1.475
trio-double-tank,1,3,solo,300,200,1.000,0.000,0.000,0.937,12.0,0.00,0.063,1.000,1.475
trio-double-tank,1,3,pack,180,200,0.220,0.160,0.620,0.627,95.7,2.38,0.829,0.687,0.290
trio-double-tank,1,3,pack,300,200,0.255,0.180,0.565,0.615,96.8,2.29,0.806,0.614,0.335
trio-double-tank,1,3,boss,180,200,1.000,0.000,0.000,0.931,137.4,0.00,0.069,1.000,1.471
trio-double-tank,1,3,boss,300,200,1.000,0.000,0.000,0.931,137.6,0.00,0.069,1.000,1.471
trio-double-tank,1,4,solo,180,200,1.000,0.000,0.000,0.948,22.8,0.00,0.052,1.000,1.480
trio-double-tank,1,4,solo,300,200,1.000,0.000,0.000,0.945,23.2,0.00,0.055,1.000,1.478
trio-double-tank,1,4,pack,180,200,0.000,0.000,1.000,—,—,3.00,1.000,0.703,0.000
trio-double-tank,1,4,pack,300,200,0.000,0.000,1.000,—,—,3.00,1.000,0.707,0.000
trio-double-tank,1,4,boss,180,200,0.000,0.005,0.995,—,—,3.00,1.000,0.737,0.000
trio-double-tank,1,4,boss,300,200,0.000,0.000,1.000,—,—,3.00,1.000,0.741,0.000
trio-double-tank,1,5,solo,180,200,1.000,0.000,0.000,0.999,30.0,0.00,0.001,1.000,1.505
trio-double-tank,1,5,solo,300,200,1.000,0.000,0.000,0.998,29.9,0.00,0.002,1.000,1.505
trio-double-tank,1,5,pack,180,200,0.000,0.000,1.000,—,—,3.00,1.000,0.707,0.000
trio-double-tank,1,5,pack,300,200,0.000,0.000,1.000,—,—,3.00,1.000,0.708,0.000
trio-double-tank,1,5,boss,180,200,0.000,0.000,1.000,—,—,3.00,1.000,0.725,0.000
trio-double-tank,1,5,boss,300,200,0.000,0.000,1.000,—,—,3.00,1.000,0.725,0.000
trio-double-tank,1,6,solo,180,200,1.000,0.000,0.000,0.808,41.7,0.00,0.192,1.000,1.410
trio-double-tank,1,6,solo,300,200,1.000,0.000,0.000,0.805,41.8,0.00,0.195,1.000,1.408
trio-double-tank,1,6,pack,180,200,0.000,0.000,1.000,—,—,3.00,1.000,0.760,0.000
trio-double-tank,1,6,pack,300,200,0.000,0.000,1.000,—,—,3.00,1.000,0.761,0.000
trio-double-tank,1,6,boss,180,200,0.000,0.000,1.000,—,—,3.00,1.000,0.782,0.000
trio-double-tank,1,6,boss,300,200,0.000,0.000,1.000,—,—,3.00,1.000,0.785,0.000
trio-double-tank,1,7,solo,180,200,0.010,0.000,0.990,0.533,60.0,2.98,0.995,0.811,0.013
trio-double-tank,1,7,solo,300,200,0.005,0.000,0.995,0.266,65.3,3.00,0.999,0.804,0.006
trio-double-tank,1,7,pack,180,200,0.000,0.000,1.000,—,—,3.00,1.000,0.747,0.000
trio-double-tank,1,7,pack,300,200,0.000,0.000,1.000,—,—,3.00,1.000,0.748,0.000
trio-double-tank,1,7,boss,180,200,0.000,0.000,1.000,—,—,3.00,1.000,0.724,0.000
trio-double-tank,1,7,boss,300,200,0.000,0.000,1.000,—,—,3.00,1.000,0.730,0.000
trio-double-tank,1,8,solo,180,200,0.000,0.000,1.000,—,—,3.00,1.000,0.757,0.000
trio-double-tank,1,8,solo,300,200,0.000,0.000,1.000,—,—,3.00,1.000,0.759,0.000
trio-double-tank,1,8,pack,180,200,0.000,0.000,1.000,—,—,3.00,1.000,0.750,0.000
trio-double-tank,1,8,pack,300,200,0.000,0.000,1.000,—,—,3.00,1.000,0.749,0.000
trio-double-tank,1,8,boss,180,200,0.000,0.000,1.000,—,—,3.00,1.000,0.745,0.000
trio-double-tank,1,8,boss,300,200,0.000,0.000,1.000,—,—,3.00,1.000,0.743,0.000
trio-double-tank,5,1,solo,180,200,1.000,0.000,0.000,1.000,0.0,0.00,0.000,—,1.530
trio-double-tank,5,1,solo,300,200,1.000,0.000,0.000,1.000,0.0,0.00,0.000,—,1.530
trio-double-tank,5,1,pack,180,200,1.000,0.000,0.000,0.924,12.0,0.00,0.076,1.000,1.491
trio-double-tank,5,1,pack,300,200,1.000,0.000,0.000,0.924,12.0,0.00,0.076,1.000,1.491
trio-double-tank,5,1,boss,180,200,1.000,0.000,0.000,0.998,41.6,0.00,0.002,1.000,1.529
trio-double-tank,5,1,boss,300,200,1.000,0.000,0.000,0.999,41.8,0.00,0.001,1.000,1.530
trio-double-tank,5,2,solo,180,200,1.000,0.000,0.000,0.945,4.1,0.00,0.055,1.000,1.502
trio-double-tank,5,2,solo,300,200,1.000,0.000,0.000,0.944,4.1,0.00,0.056,1.000,1.502
trio-double-tank,5,2,pack,180,200,1.000,0.000,0.000,0.979,24.0,0.00,0.021,1.000,1.519
trio-double-tank,5,2,pack,300,200,1.000,0.000,0.000,0.978,24.0,0.00,0.022,1.000,1.519
trio-double-tank,5,2,boss,180,200,1.000,0.000,0.000,0.998,53.7,0.00,0.002,1.000,1.529
trio-double-tank,5,2,boss,300,200,1.000,0.000,0.000,0.997,53.8,0.00,0.003,1.000,1.529
trio-double-tank,5,3,solo,180,200,1.000,0.000,0.000,0.939,6.0,0.00,0.061,1.000,1.499
trio-double-tank,5,3,solo,300,200,1.000,0.000,0.000,0.939,6.0,0.00,0.061,1.000,1.499
trio-double-tank,5,3,pack,180,200,1.000,0.000,0.000,0.979,35.7,0.00,0.021,1.000,1.520
trio-double-tank,5,3,pack,300,200,1.000,0.000,0.000,0.979,35.8,0.00,0.021,1.000,1.519
trio-double-tank,5,3,boss,180,200,1.000,0.000,0.000,0.997,74.9,0.00,0.003,1.000,1.529
trio-double-tank,5,3,boss,300,200,1.000,0.000,0.000,0.998,75.0,0.00,0.002,1.000,1.529
trio-double-tank,5,4,solo,180,200,1.000,0.000,0.000,0.944,6.0,0.00,0.056,1.000,1.501
trio-double-tank,5,4,solo,300,200,1.000,0.000,0.000,0.944,6.0,0.00,0.056,1.000,1.501
trio-double-tank,5,4,pack,180,200,1.000,0.000,0.000,0.997,53.5,0.00,0.003,1.000,1.529
trio-double-tank,5,4,pack,300,200,1.000,0.000,0.000,0.998,53.6,0.00,0.002,1.000,1.529
trio-double-tank,5,4,boss,180,200,1.000,0.000,0.000,0.945,101.1,0.00,0.055,1.000,1.502
trio-double-tank,5,4,boss,300,200,1.000,0.000,0.000,0.945,101.0,0.00,0.055,1.000,1.502
trio-double-tank,5,5,solo,180,200,1.000,0.000,0.000,0.825,12.0,0.00,0.175,1.000,1.441
trio-double-tank,5,5,solo,300,200,1.000,0.000,0.000,0.825,12.0,0.00,0.175,1.000,1.441
trio-double-tank,5,5,pack,180,200,0.640,0.010,0.350,0.592,110.8,1.70,0.619,0.909,0.846
trio-double-tank,5,5,pack,300,200,0.590,0.000,0.410,0.591,110.2,1.80,0.651,0.901,0.780
trio-double-tank,5,5,boss,180,200,0.565,0.435,0.000,0.931,136.9,0.43,0.239,1.000,0.845
trio-double-tank,5,5,boss,300,200,1.000,0.000,0.000,0.811,176.2,0.36,0.189,1.000,1.433
trio-double-tank,5,6,solo,180,200,1.000,0.000,0.000,0.960,18.0,0.00,0.040,1.000,1.510
trio-double-tank,5,6,solo,300,200,1.000,0.000,0.000,0.959,18.0,0.00,0.041,1.000,1.509
trio-double-tank,5,6,pack,180,200,0.000,0.000,1.000,—,—,3.00,1.000,0.779,0.000
trio-double-tank,5,6,pack,300,200,0.000,0.000,1.000,—,—,3.00,1.000,0.778,0.000
trio-double-tank,5,6,boss,180,200,0.035,0.400,0.565,0.947,168.0,2.22,0.838,0.916,0.053
trio-double-tank,5,6,boss,300,200,0.060,0.030,0.910,0.931,168.0,2.77,0.934,0.889,0.090
trio-double-tank,5,7,solo,180,200,1.000,0.000,0.000,0.961,29.7,0.00,0.039,1.000,1.510
trio-double-tank,5,7,solo,300,200,1.000,0.000,0.000,0.961,29.7,0.00,0.039,1.000,1.510
trio-double-tank,5,7,pack,180,200,0.000,0.000,1.000,—,—,3.00,1.000,0.788,0.000
trio-double-tank,5,7,pack,300,200,0.000,0.000,1.000,—,—,3.00,1.000,0.788,0.000
trio-double-tank,5,7,boss,180,200,0.000,0.000,1.000,—,—,3.00,1.000,0.781,0.000
trio-double-tank,5,7,boss,300,200,0.000,0.000,1.000,—,—,3.00,1.000,0.785,0.000
trio-double-tank,5,8,solo,180,200,1.000,0.000,0.000,0.908,42.0,0.00,0.092,1.000,1.483
trio-double-tank,5,8,solo,300,200,1.000,0.000,0.000,0.903,42.0,0.00,0.097,1.000,1.481
trio-double-tank,5,8,pack,180,200,0.000,0.000,1.000,—,—,3.00,1.000,0.768,0.000
trio-double-tank,5,8,pack,300,200,0.000,0.000,1.000,—,—,3.00,1.000,0.767,0.000
trio-double-tank,5,8,boss,180,200,0.000,0.000,1.000,—,—,3.00,1.000,0.806,0.000
trio-double-tank,5,8,boss,300,200,0.000,0.000,1.000,—,—,3.00,1.000,0.800,0.000
trio-double-tank,10,1,solo,180,200,1.000,0.000,0.000,1.000,0.0,0.00,0.000,—,1.560
trio-double-tank,10,1,solo,300,200,1.000,0.000,0.000,1.000,0.0,0.00,0.000,—,1.560
trio-double-tank,10,1,pack,180,200,1.000,0.000,0.000,0.958,6.0,0.00,0.042,1.000,1.538
trio-double-tank,10,1,pack,300,200,1.000,0.000,0.000,0.958,6.0,0.00,0.042,1.000,1.538
trio-double-tank,10,1,boss,180,200,1.000,0.000,0.000,0.900,18.0,0.00,0.100,1.000,1.508
trio-double-tank,10,1,boss,300,200,1.000,0.000,0.000,0.901,18.0,0.00,0.099,1.000,1.508
trio-double-tank,10,2,solo,180,200,1.000,0.000,0.000,1.000,0.0,0.00,0.000,—,1.560
trio-double-tank,10,2,solo,300,200,1.000,0.000,0.000,1.000,0.0,0.00,0.000,—,1.560
trio-double-tank,10,2,pack,180,200,1.000,0.000,0.000,0.922,12.0,0.00,0.078,1.000,1.520
trio-double-tank,10,2,pack,300,200,1.000,0.000,0.000,0.923,12.0,0.00,0.077,1.000,1.520
trio-double-tank,10,2,boss,180,200,1.000,0.000,0.000,0.997,29.5,0.00,0.003,1.000,1.558
trio-double-tank,10,2,boss,300,200,1.000,0.000,0.000,0.997,29.5,0.00,0.003,1.000,1.558
trio-double-tank,10,3,solo,180,200,1.000,0.000,0.000,0.952,4.1,0.00,0.048,1.000,1.535
trio-double-tank,10,3,solo,300,200,1.000,0.000,0.000,0.951,4.1,0.00,0.049,1.000,1.535
trio-double-tank,10,3,pack,180,200,1.000,0.000,0.000,1.000,29.7,0.00,0.000,1.000,1.560
trio-double-tank,10,3,pack,300,200,1.000,0.000,0.000,0.999,29.6,0.00,0.001,1.000,1.560
trio-double-tank,10,3,boss,180,200,1.000,0.000,0.000,0.976,47.2,0.00,0.024,1.000,1.547
trio-double-tank,10,3,boss,300,200,1.000,0.000,0.000,0.973,47.1,0.00,0.027,1.000,1.546
trio-double-tank,10,4,solo,180,200,1.000,0.000,0.000,0.941,4.1,0.00,0.059,1.000,1.530
trio-double-tank,10,4,solo,300,200,1.000,0.000,0.000,0.940,4.1,0.00,0.060,1.000,1.529
trio-double-tank,10,4,pack,180,200,1.000,0.000,0.000,1.000,29.8,0.00,0.000,1.000,1.560
trio-double-tank,10,4,pack,300,200,1.000,0.000,0.000,1.000,29.6,0.00,0.000,1.000,1.560
trio-double-tank,10,4,boss,180,200,1.000,0.000,0.000,0.998,64.6,0.00,0.002,1.000,1.559
trio-double-tank,10,4,boss,300,200,1.000,0.000,0.000,0.998,64.3,0.00,0.002,1.000,1.559
trio-double-tank,10,5,solo,180,200,1.000,0.000,0.000,0.927,6.0,0.00,0.073,1.000,1.522
trio-double-tank,10,5,solo,300,200,1.000,0.000,0.000,0.926,6.0,0.00,0.074,1.000,1.522
trio-double-tank,10,5,pack,180,200,1.000,0.000,0.000,0.999,41.8,0.00,0.001,1.000,1.559
trio-double-tank,10,5,pack,300,200,1.000,0.000,0.000,0.999,41.8,0.00,0.001,1.000,1.559
trio-double-tank,10,5,boss,180,200,1.000,0.000,0.000,0.999,77.1,0.00,0.001,1.000,1.559
trio-double-tank,10,5,boss,300,200,1.000,0.000,0.000,0.998,76.8,0.00,0.002,1.000,1.559
trio-double-tank,10,6,solo,180,200,1.000,0.000,0.000,0.936,10.8,0.00,0.064,1.000,1.527
trio-double-tank,10,6,solo,300,200,1.000,0.000,0.000,0.938,10.8,0.00,0.062,1.000,1.528
trio-double-tank,10,6,pack,180,200,1.000,0.000,0.000,0.995,53.7,0.00,0.005,1.000,1.558
trio-double-tank,10,6,pack,300,200,1.000,0.000,0.000,0.998,53.9,0.00,0.002,1.000,1.559
trio-double-tank,10,6,boss,180,200,1.000,0.000,0.000,0.987,106.5,0.00,0.013,1.000,1.553
trio-double-tank,10,6,boss,300,200,1.000,0.000,0.000,0.987,106.4,0.00,0.013,1.000,1.553
trio-double-tank,10,7,solo,180,200,1.000,0.000,0.000,0.983,17.3,0.00,0.017,1.000,1.551
trio-double-tank,10,7,solo,300,200,1.000,0.000,0.000,0.987,17.5,0.00,0.013,1.000,1.553
trio-double-tank,10,7,pack,180,200,0.055,0.005,0.940,0.616,129.3,2.88,0.965,0.809,0.075
trio-double-tank,10,7,pack,300,200,0.045,0.000,0.955,0.693,117.3,2.90,0.969,0.802,0.063
trio-double-tank,10,7,boss,180,200,0.375,0.625,0.000,0.987,142.7,0.63,0.297,1.000,0.583
trio-double-tank,10,7,boss,300,200,1.000,0.000,0.000,0.728,226.7,0.67,0.272,1.000,1.418
trio-double-tank,10,8,solo,180,200,1.000,0.000,0.000,0.945,23.8,0.00,0.055,1.000,1.531
trio-double-tank,10,8,solo,300,200,1.000,0.000,0.000,0.947,23.8,0.00,0.053,1.000,1.533
trio-double-tank,10,8,pack,180,200,0.000,0.000,1.000,—,—,3.00,1.000,0.769,0.000
trio-double-tank,10,8,pack,300,200,0.000,0.000,1.000,—,—,3.00,1.000,0.769,0.000
trio-double-tank,10,8,boss,180,200,0.000,0.010,0.990,—,—,2.98,0.996,0.775,0.000
trio-double-tank,10,8,boss,300,200,0.000,0.005,0.995,—,—,2.99,0.998,0.778,0.000
trio-double-tank,20,1,solo,180,200,1.000,0.000,0.000,1.000,0.0,0.00,0.000,—,1.620
trio-double-tank,20,1,solo,300,200,1.000,0.000,0.000,1.000,0.0,0.00,0.000,—,1.620
trio-double-tank,20,1,pack,180,200,1.000,0.000,0.000,0.985,6.0,0.00,0.015,1.000,1.612
trio-double-tank,20,1,pack,300,200,1.000,0.000,0.000,0.986,6.0,0.00,0.014,1.000,1.612
trio-double-tank,20,1,boss,180,200,1.000,0.000,0.000,0.968,12.0,0.00,0.032,1.000,1.603
trio-double-tank,20,1,boss,300,200,1.000,0.000,0.000,0.969,12.0,0.00,0.031,1.000,1.603
trio-double-tank,20,2,solo,180,200,1.000,0.000,0.000,1.000,0.0,0.00,0.000,—,1.620
trio-double-tank,20,2,solo,300,200,1.000,0.000,0.000,1.000,0.0,0.00,0.000,—,1.620
trio-double-tank,20,2,pack,180,200,1.000,0.000,0.000,0.977,6.0,0.00,0.023,1.000,1.607
trio-double-tank,20,2,pack,300,200,1.000,0.000,0.000,0.976,6.0,0.00,0.024,1.000,1.607
trio-double-tank,20,2,boss,180,200,1.000,0.000,0.000,0.957,12.2,0.00,0.043,1.000,1.597
trio-double-tank,20,2,boss,300,200,1.000,0.000,0.000,0.957,12.2,0.00,0.043,1.000,1.597
trio-double-tank,20,3,solo,180,200,1.000,0.000,0.000,1.000,0.0,0.00,0.000,—,1.620
trio-double-tank,20,3,solo,300,200,1.000,0.000,0.000,1.000,0.0,0.00,0.000,—,1.620
trio-double-tank,20,3,pack,180,200,1.000,0.000,0.000,0.966,6.0,0.00,0.034,1.000,1.602
trio-double-tank,20,3,pack,300,200,1.000,0.000,0.000,0.966,6.0,0.00,0.034,1.000,1.602
trio-double-tank,20,3,boss,180,200,1.000,0.000,0.000,0.920,18.0,0.00,0.080,1.000,1.577
trio-double-tank,20,3,boss,300,200,1.000,0.000,0.000,0.921,18.0,0.00,0.079,1.000,1.577
trio-double-tank,20,4,solo,180,200,1.000,0.000,0.000,1.000,0.0,0.00,0.000,—,1.620
trio-double-tank,20,4,solo,300,200,1.000,0.000,0.000,1.000,0.0,0.00,0.000,—,1.620
trio-double-tank,20,4,pack,180,200,1.000,0.000,0.000,0.941,12.0,0.00,0.059,1.000,1.588
trio-double-tank,20,4,pack,300,200,1.000,0.000,0.000,0.941,12.0,0.00,0.059,1.000,1.588
trio-double-tank,20,4,boss,180,200,1.000,0.000,0.000,0.985,33.4,0.00,0.015,1.000,1.612
trio-double-tank,20,4,boss,300,200,1.000,0.000,0.000,0.987,33.4,0.00,0.013,1.000,1.613
trio-double-tank,20,5,solo,180,200,1.000,0.000,0.000,0.959,4.1,0.00,0.041,1.000,1.598
trio-double-tank,20,5,solo,300,200,1.000,0.000,0.000,0.960,4.1,0.00,0.040,1.000,1.598
trio-double-tank,20,5,pack,180,200,1.000,0.000,0.000,0.999,28.8,0.00,0.001,1.000,1.619
trio-double-tank,20,5,pack,300,200,1.000,0.000,0.000,0.998,28.6,0.00,0.002,1.000,1.619
trio-double-tank,20,5,boss,180,200,1.000,0.000,0.000,0.968,45.9,0.00,0.032,1.000,1.603
trio-double-tank,20,5,boss,300,200,1.000,0.000,0.000,0.972,46.5,0.00,0.028,1.000,1.605
trio-double-tank,20,6,solo,180,200,1.000,0.000,0.000,0.948,4.1,0.00,0.052,1.000,1.592
trio-double-tank,20,6,solo,300,200,1.000,0.000,0.000,0.948,4.1,0.00,0.052,1.000,1.592
trio-double-tank,20,6,pack,180,200,1.000,0.000,0.000,0.999,29.7,0.00,0.001,1.000,1.620
trio-double-tank,20,6,pack,300,200,1.000,0.000,0.000,1.000,29.8,0.00,0.000,1.000,1.620
trio-double-tank,20,6,boss,180,200,1.000,0.000,0.000,0.998,62.0,0.00,0.002,1.000,1.619
trio-double-tank,20,6,boss,300,200,1.000,0.000,0.000,0.997,62.6,0.00,0.003,1.000,1.619
trio-double-tank,20,7,solo,180,200,1.000,0.000,0.000,0.936,6.0,0.00,0.064,1.000,1.585
trio-double-tank,20,7,solo,300,200,1.000,0.000,0.000,0.935,6.0,0.00,0.065,1.000,1.585
trio-double-tank,20,7,pack,180,200,1.000,0.000,0.000,0.998,41.6,0.00,0.002,1.000,1.619
trio-double-tank,20,7,pack,300,200,1.000,0.000,0.000,0.999,41.8,0.00,0.001,1.000,1.619
trio-double-tank,20,7,boss,180,200,1.000,0.000,0.000,0.999,88.2,0.00,0.001,1.000,1.619
trio-double-tank,20,7,boss,300,200,1.000,0.000,0.000,0.998,87.9,0.00,0.002,1.000,1.619
trio-double-tank,20,8,solo,180,200,1.000,0.000,0.000,0.940,10.3,0.00,0.060,1.000,1.588
trio-double-tank,20,8,solo,300,200,1.000,0.000,0.000,0.942,10.2,0.00,0.058,1.000,1.588
trio-double-tank,20,8,pack,180,200,1.000,0.000,0.000,0.999,53.9,0.00,0.001,1.000,1.619
trio-double-tank,20,8,pack,300,200,1.000,0.000,0.000,0.998,53.8,0.00,0.002,1.000,1.619
trio-double-tank,20,8,boss,180,200,1.000,0.000,0.000,0.959,111.9,0.00,0.041,1.000,1.598
trio-double-tank,20,8,boss,300,200,1.000,0.000,0.000,0.958,111.8,0.00,0.042,1.000,1.597
trio-double-tank,35,1,solo,180,200,1.000,0.000,0.000,1.000,0.0,0.00,0.000,—,1.710
trio-double-tank,35,1,solo,300,200,1.000,0.000,0.000,1.000,0.0,0.00,0.000,—,1.710
trio-double-tank,35,1,pack,180,200,1.000,0.000,0.000,1.000,0.0,0.00,0.000,—,1.710
trio-double-tank,35,1,pack,300,200,1.000,0.000,0.000,1.000,0.0,0.00,0.000,—,1.710
trio-double-tank,35,1,boss,180,200,1.000,0.000,0.000,1.000,6.0,0.00,0.000,1.000,1.710
trio-double-tank,35,1,boss,300,200,1.000,0.000,0.000,1.000,6.0,0.00,0.000,1.000,1.710
trio-double-tank,35,2,solo,180,200,1.000,0.000,0.000,1.000,0.0,0.00,0.000,—,1.710
trio-double-tank,35,2,solo,300,200,1.000,0.000,0.000,1.000,0.0,0.00,0.000,—,1.710
trio-double-tank,35,2,pack,180,200,1.000,0.000,0.000,1.000,0.0,0.00,0.000,—,1.710
trio-double-tank,35,2,pack,300,200,1.000,0.000,0.000,1.000,0.0,0.00,0.000,—,1.710
trio-double-tank,35,2,boss,180,200,1.000,0.000,0.000,0.990,8.2,0.00,0.010,1.000,1.704
trio-double-tank,35,2,boss,300,200,1.000,0.000,0.000,0.990,8.2,0.00,0.010,1.000,1.705
trio-double-tank,35,3,solo,180,200,1.000,0.000,0.000,1.000,0.0,0.00,0.000,—,1.710
trio-double-tank,35,3,solo,300,200,1.000,0.000,0.000,1.000,0.0,0.00,0.000,—,1.710
trio-double-tank,35,3,pack,180,200,1.000,0.000,0.000,0.990,6.0,0.00,0.010,1.000,1.704
trio-double-tank,35,3,pack,300,200,1.000,0.000,0.000,0.990,6.0,0.00,0.010,1.000,1.704
trio-double-tank,35,3,boss,180,200,1.000,0.000,0.000,0.977,12.0,0.00,0.023,1.000,1.697
trio-double-tank,35,3,boss,300,200,1.000,0.000,0.000,0.976,12.0,0.00,0.024,1.000,1.696
trio-double-tank,35,4,solo,180,200,1.000,0.000,0.000,1.000,0.0,0.00,0.000,—,1.710
trio-double-tank,35,4,solo,300,200,1.000,0.000,0.000,1.000,0.0,0.00,0.000,—,1.710
trio-double-tank,35,4,pack,180,200,1.000,0.000,0.000,0.984,6.0,0.00,0.016,1.000,1.701
trio-double-tank,35,4,pack,300,200,1.000,0.000,0.000,0.984,6.0,0.00,0.016,1.000,1.701
trio-double-tank,35,4,boss,180,200,1.000,0.000,0.000,0.978,18.0,0.00,0.022,1.000,1.697
trio-double-tank,35,4,boss,300,200,1.000,0.000,0.000,0.976,18.0,0.00,0.024,1.000,1.696
trio-double-tank,35,5,solo,180,200,1.000,0.000,0.000,1.000,0.0,0.00,0.000,—,1.710
trio-double-tank,35,5,solo,300,200,1.000,0.000,0.000,1.000,0.0,0.00,0.000,—,1.710
trio-double-tank,35,5,pack,180,200,1.000,0.000,0.000,0.975,6.0,0.00,0.025,1.000,1.696
trio-double-tank,35,5,pack,300,200,1.000,0.000,0.000,0.976,6.0,0.00,0.024,1.000,1.696
trio-double-tank,35,5,boss,180,200,1.000,0.000,0.000,0.938,18.0,0.00,0.062,1.000,1.675
trio-double-tank,35,5,boss,300,200,1.000,0.000,0.000,0.939,18.0,0.00,0.061,1.000,1.675
trio-double-tank,35,6,solo,180,200,1.000,0.000,0.000,1.000,0.0,0.00,0.000,—,1.710
trio-double-tank,35,6,solo,300,200,1.000,0.000,0.000,1.000,0.0,0.00,0.000,—,1.710
trio-double-tank,35,6,pack,180,200,1.000,0.000,0.000,0.954,12.0,0.00,0.046,1.000,1.684
trio-double-tank,35,6,pack,300,200,1.000,0.000,0.000,0.954,12.0,0.00,0.046,1.000,1.684
trio-double-tank,35,6,boss,180,200,1.000,0.000,0.000,0.908,24.0,0.00,0.092,1.000,1.658
trio-double-tank,35,6,boss,300,200,1.000,0.000,0.000,0.912,24.0,0.00,0.088,1.000,1.660
trio-double-tank,35,7,solo,180,200,1.000,0.000,0.000,0.967,4.1,0.00,0.033,1.000,1.691
trio-double-tank,35,7,solo,300,200,1.000,0.000,0.000,0.967,4.1,0.00,0.033,1.000,1.691
trio-double-tank,35,7,pack,180,200,1.000,0.000,0.000,0.992,24.6,0.00,0.008,1.000,1.706
trio-double-tank,35,7,pack,300,200,1.000,0.000,0.000,0.992,24.7,0.00,0.008,1.000,1.706
trio-double-tank,35,7,boss,180,200,1.000,0.000,0.000,0.983,46.1,0.00,0.017,1.000,1.700
trio-double-tank,35,7,boss,300,200,1.000,0.000,0.000,0.980,45.5,0.00,0.020,1.000,1.698
trio-double-tank,35,8,solo,180,200,1.000,0.000,0.000,0.958,4.1,0.00,0.042,1.000,1.686
trio-double-tank,35,8,solo,300,200,1.000,0.000,0.000,0.958,4.1,0.00,0.042,1.000,1.686
trio-double-tank,35,8,pack,180,200,1.000,0.000,0.000,0.997,34.3,0.00,0.003,1.000,1.708
trio-double-tank,35,8,pack,300,200,1.000,0.000,0.000,0.996,34.4,0.00,0.004,1.000,1.708
trio-double-tank,35,8,boss,180,200,1.000,0.000,0.000,0.993,63.9,0.00,0.007,1.000,1.706
trio-double-tank,35,8,boss,300,200,1.000,0.000,0.000,0.993,63.8,0.00,0.007,1.000,1.706
trio-double-tank,50,1,solo,180,200,1.000,0.000,0.000,1.000,0.0,0.00,0.000,—,1.800
trio-double-tank,50,1,solo,300,200,1.000,0.000,0.000,1.000,0.0,0.00,0.000,—,1.800
trio-double-tank,50,1,pack,180,200,1.000,0.000,0.000,1.000,0.0,0.00,0.000,—,1.800
trio-double-tank,50,1,pack,300,200,1.000,0.000,0.000,1.000,0.0,0.00,0.000,—,1.800
trio-double-tank,50,1,boss,180,200,1.000,0.000,0.000,0.992,6.0,0.00,0.008,1.000,1.795
trio-double-tank,50,1,boss,300,200,1.000,0.000,0.000,0.992,6.0,0.00,0.008,1.000,1.795
trio-double-tank,50,2,solo,180,200,1.000,0.000,0.000,1.000,0.0,0.00,0.000,—,1.800
trio-double-tank,50,2,solo,300,200,1.000,0.000,0.000,1.000,0.0,0.00,0.000,—,1.800
trio-double-tank,50,2,pack,180,200,1.000,0.000,0.000,1.000,0.0,0.00,0.000,—,1.800
trio-double-tank,50,2,pack,300,200,1.000,0.000,0.000,1.000,0.0,0.00,0.000,—,1.800
trio-double-tank,50,2,boss,180,200,1.000,0.000,0.000,1.000,6.0,0.00,0.000,1.000,1.800
trio-double-tank,50,2,boss,300,200,1.000,0.000,0.000,1.000,6.0,0.00,0.000,1.000,1.800
trio-double-tank,50,3,solo,180,200,1.000,0.000,0.000,1.000,0.0,0.00,0.000,—,1.800
trio-double-tank,50,3,solo,300,200,1.000,0.000,0.000,1.000,0.0,0.00,0.000,—,1.800
trio-double-tank,50,3,pack,180,200,1.000,0.000,0.000,1.000,0.0,0.00,0.000,—,1.800
trio-double-tank,50,3,pack,300,200,1.000,0.000,0.000,1.000,0.0,0.00,0.000,—,1.800
trio-double-tank,50,3,boss,180,200,1.000,0.000,0.000,0.994,8.2,0.00,0.006,1.000,1.796
trio-double-tank,50,3,boss,300,200,1.000,0.000,0.000,0.994,8.2,0.00,0.006,1.000,1.796
trio-double-tank,50,4,solo,180,200,1.000,0.000,0.000,1.000,0.0,0.00,0.000,—,1.800
trio-double-tank,50,4,solo,300,200,1.000,0.000,0.000,1.000,0.0,0.00,0.000,—,1.800
trio-double-tank,50,4,pack,180,200,1.000,0.000,0.000,0.997,6.0,0.00,0.003,1.000,1.798
trio-double-tank,50,4,pack,300,200,1.000,0.000,0.000,0.997,6.0,0.00,0.003,1.000,1.798
trio-double-tank,50,4,boss,180,200,1.000,0.000,0.000,0.991,12.2,0.00,0.009,1.000,1.795
trio-double-tank,50,4,boss,300,200,1.000,0.000,0.000,0.991,12.2,0.00,0.009,1.000,1.794
trio-double-tank,50,5,solo,180,200,1.000,0.000,0.000,1.000,0.0,0.00,0.000,—,1.800
trio-double-tank,50,5,solo,300,200,1.000,0.000,0.000,1.000,0.0,0.00,0.000,—,1.800
trio-double-tank,50,5,pack,180,200,1.000,0.000,0.000,0.992,6.0,0.00,0.008,1.000,1.795
trio-double-tank,50,5,pack,300,200,1.000,0.000,0.000,0.992,6.0,0.00,0.008,1.000,1.795
trio-double-tank,50,5,boss,180,200,1.000,0.000,0.000,0.995,12.0,0.00,0.005,1.000,1.797
trio-double-tank,50,5,boss,300,200,1.000,0.000,0.000,0.995,12.0,0.00,0.005,1.000,1.797
trio-double-tank,50,6,solo,180,200,1.000,0.000,0.000,1.000,0.0,0.00,0.000,—,1.800
trio-double-tank,50,6,solo,300,200,1.000,0.000,0.000,1.000,0.0,0.00,0.000,—,1.800
trio-double-tank,50,6,pack,180,200,1.000,0.000,0.000,0.984,6.0,0.00,0.016,1.000,1.791
trio-double-tank,50,6,pack,300,200,1.000,0.000,0.000,0.985,6.0,0.00,0.015,1.000,1.791
trio-double-tank,50,6,boss,180,200,1.000,0.000,0.000,0.960,16.3,0.00,0.040,1.000,1.776
trio-double-tank,50,6,boss,300,200,1.000,0.000,0.000,0.960,16.3,0.00,0.040,1.000,1.776
trio-double-tank,50,7,solo,180,200,1.000,0.000,0.000,1.000,0.0,0.00,0.000,—,1.800
trio-double-tank,50,7,solo,300,200,1.000,0.000,0.000,1.000,0.0,0.00,0.000,—,1.800
trio-double-tank,50,7,pack,180,200,1.000,0.000,0.000,0.972,12.0,0.00,0.028,1.000,1.783
trio-double-tank,50,7,pack,300,200,1.000,0.000,0.000,0.973,12.0,0.00,0.027,1.000,1.784
trio-double-tank,50,7,boss,180,200,1.000,0.000,0.000,0.943,20.4,0.00,0.057,1.000,1.766
trio-double-tank,50,7,boss,300,200,1.000,0.000,0.000,0.944,20.4,0.00,0.056,1.000,1.766
trio-double-tank,50,8,solo,180,200,1.000,0.000,0.000,1.000,0.0,0.00,0.000,—,1.800
trio-double-tank,50,8,solo,300,200,1.000,0.000,0.000,1.000,0.0,0.00,0.000,—,1.800
trio-double-tank,50,8,pack,180,200,1.000,0.000,0.000,0.956,12.0,0.00,0.044,1.000,1.774
trio-double-tank,50,8,pack,300,200,1.000,0.000,0.000,0.958,12.0,0.00,0.042,1.000,1.775
trio-double-tank,50,8,boss,180,200,1.000,0.000,0.000,0.980,35.2,0.00,0.020,1.000,1.788
trio-double-tank,50,8,boss,300,200,1.000,0.000,0.000,0.980,35.4,0.00,0.020,1.000,1.788
trio-utility,1,1,solo,180,200,1.000,0.000,0.000,0.919,4.8,0.00,0.081,—,1.466
trio-utility,1,1,solo,300,200,1.000,0.000,0.000,0.919,4.8,0.00,0.081,—,1.466
trio-utility,1,1,pack,180,200,1.000,0.000,0.000,0.225,34.8,1.00,0.775,—,1.117
trio-utility,1,1,pack,300,200,1.000,0.000,0.000,0.222,34.9,1.00,0.778,—,1.116
trio-utility,1,1,boss,180,200,0.000,0.000,1.000,—,—,3.00,1.000,—,0.000
trio-utility,1,1,boss,300,200,0.000,0.000,1.000,—,—,3.00,1.000,—,0.000
trio-utility,1,2,solo,180,200,1.000,0.000,0.000,0.845,7.3,0.00,0.155,—,1.428
trio-utility,1,2,solo,300,200,1.000,0.000,0.000,0.845,7.3,0.00,0.155,—,1.428
trio-utility,1,2,pack,180,200,0.000,0.000,1.000,—,—,3.00,1.000,—,0.000
trio-utility,1,2,pack,300,200,0.000,0.000,1.000,—,—,3.00,1.000,—,0.000
trio-utility,1,2,boss,180,200,0.000,0.000,1.000,—,—,3.00,1.000,—,0.000
trio-utility,1,2,boss,300,200,0.000,0.000,1.000,—,—,3.00,1.000,—,0.000
trio-utility,1,3,solo,180,200,1.000,0.000,0.000,0.730,9.7,0.00,0.270,—,1.371
trio-utility,1,3,solo,300,200,1.000,0.000,0.000,0.730,9.7,0.00,0.270,—,1.371
trio-utility,1,3,pack,180,200,0.000,0.000,1.000,—,—,3.00,1.000,—,0.000
trio-utility,1,3,pack,300,200,0.000,0.000,1.000,—,—,3.00,1.000,—,0.000
trio-utility,1,3,boss,180,200,0.000,0.000,1.000,—,—,3.00,1.000,—,0.000
trio-utility,1,3,boss,300,200,0.000,0.000,1.000,—,—,3.00,1.000,—,0.000
trio-utility,1,4,solo,180,200,1.000,0.000,0.000,0.557,16.8,1.00,0.443,—,1.284
trio-utility,1,4,solo,300,200,1.000,0.000,0.000,0.555,16.8,1.00,0.445,—,1.282
trio-utility,1,4,pack,180,200,0.000,0.000,1.000,—,—,3.00,1.000,—,0.000
trio-utility,1,4,pack,300,200,0.000,0.000,1.000,—,—,3.00,1.000,—,0.000
trio-utility,1,4,boss,180,200,0.000,0.000,1.000,—,—,3.00,1.000,—,0.000
trio-utility,1,4,boss,300,200,0.000,0.000,1.000,—,—,3.00,1.000,—,0.000
trio-utility,1,5,solo,180,200,1.000,0.000,0.000,0.134,25.7,1.02,0.866,—,1.071
trio-utility,1,5,solo,300,200,1.000,0.000,0.000,0.134,25.7,1.04,0.866,—,1.071
trio-utility,1,5,pack,180,200,0.000,0.000,1.000,—,—,3.00,1.000,—,0.000
trio-utility,1,5,pack,300,200,0.000,0.000,1.000,—,—,3.00,1.000,—,0.000
trio-utility,1,5,boss,180,200,0.000,0.000,1.000,—,—,3.00,1.000,—,0.000
trio-utility,1,5,boss,300,200,0.000,0.000,1.000,—,—,3.00,1.000,—,0.000
trio-utility,1,6,solo,180,200,0.000,0.000,1.000,—,—,3.00,1.000,—,0.000
trio-utility,1,6,solo,300,200,0.000,0.000,1.000,—,—,3.00,1.000,—,0.000
trio-utility,1,6,pack,180,200,0.000,0.000,1.000,—,—,3.00,1.000,—,0.000
trio-utility,1,6,pack,300,200,0.000,0.000,1.000,—,—,3.00,1.000,—,0.000
trio-utility,1,6,boss,180,200,0.000,0.000,1.000,—,—,3.00,1.000,—,0.000
trio-utility,1,6,boss,300,200,0.000,0.000,1.000,—,—,3.00,1.000,—,0.000
trio-utility,1,7,solo,180,200,0.000,0.000,1.000,—,—,3.00,1.000,—,0.000
trio-utility,1,7,solo,300,200,0.000,0.000,1.000,—,—,3.00,1.000,—,0.000
trio-utility,1,7,pack,180,200,0.000,0.000,1.000,—,—,3.00,1.000,—,0.000
trio-utility,1,7,pack,300,200,0.000,0.000,1.000,—,—,3.00,1.000,—,0.000
trio-utility,1,7,boss,180,200,0.000,0.000,1.000,—,—,3.00,1.000,—,0.000
trio-utility,1,7,boss,300,200,0.000,0.000,1.000,—,—,3.00,1.000,—,0.000
trio-utility,1,8,solo,180,200,0.000,0.000,1.000,—,—,3.00,1.000,—,0.000
trio-utility,1,8,solo,300,200,0.000,0.000,1.000,—,—,3.00,1.000,—,0.000
trio-utility,1,8,pack,180,200,0.000,0.000,1.000,—,—,3.00,1.000,—,0.000
trio-utility,1,8,pack,300,200,0.000,0.000,1.000,—,—,3.00,1.000,—,0.000
trio-utility,1,8,boss,180,200,0.000,0.000,1.000,—,—,3.00,1.000,—,0.000
trio-utility,1,8,boss,300,200,0.000,0.000,1.000,—,—,3.00,1.000,—,0.000
trio-utility,5,1,solo,180,200,1.000,0.000,0.000,0.933,3.2,0.00,0.067,—,1.496
trio-utility,5,1,solo,300,200,1.000,0.000,0.000,0.933,3.2,0.00,0.067,—,1.496
trio-utility,5,1,pack,180,200,1.000,0.000,0.000,0.682,12.9,0.00,0.318,—,1.368
trio-utility,5,1,pack,300,200,1.000,0.000,0.000,0.682,12.9,0.00,0.318,—,1.368
trio-utility,5,1,boss,180,200,1.000,0.000,0.000,0.410,37.3,1.00,0.590,—,1.229
trio-utility,5,1,boss,300,200,1.000,0.000,0.000,0.413,37.1,1.00,0.587,—,1.231
trio-utility,5,2,solo,180,200,1.000,0.000,0.000,0.918,4.8,0.00,0.082,—,1.488
trio-utility,5,2,solo,300,200,1.000,0.000,0.000,0.918,4.8,0.00,0.082,—,1.488
trio-utility,5,2,pack,180,200,1.000,0.000,0.000,0.371,30.2,1.10,0.629,—,1.209
trio-utility,5,2,pack,300,200,1.000,0.000,0.000,0.367,30.3,1.14,0.633,—,1.207
trio-utility,5,2,boss,180,200,0.000,0.000,1.000,—,—,3.00,1.000,—,0.000
trio-utility,5,2,boss,300,200,0.000,0.000,1.000,—,—,3.00,1.000,—,0.000
trio-utility,5,3,solo,180,200,1.000,0.000,0.000,0.905,4.9,0.00,0.095,—,1.482
trio-utility,5,3,solo,300,200,1.000,0.000,0.000,0.905,4.9,0.00,0.095,—,1.482
trio-utility,5,3,pack,180,200,0.000,0.000,1.000,—,—,3.00,1.000,—,0.000
trio-utility,5,3,pack,300,200,0.000,0.000,1.000,—,—,3.00,1.000,—,0.000
trio-utility,5,3,boss,180,200,0.000,0.000,1.000,—,—,3.00,1.000,—,0.000
trio-utility,5,3,boss,300,200,0.000,0.000,1.000,—,—,3.00,1.000,—,0.000
trio-utility,5,4,solo,180,200,1.000,0.000,0.000,0.818,8.1,0.00,0.182,—,1.437
trio-utility,5,4,solo,300,200,1.000,0.000,0.000,0.818,8.1,0.00,0.182,—,1.437
trio-utility,5,4,pack,180,200,0.000,0.000,1.000,—,—,3.00,1.000,—,0.000
trio-utility,5,4,pack,300,200,0.000,0.000,1.000,—,—,3.00,1.000,—,0.000
trio-utility,5,4,boss,180,200,0.000,0.000,1.000,—,—,3.00,1.000,—,0.000
trio-utility,5,4,boss,300,200,0.000,0.000,1.000,—,—,3.00,1.000,—,0.000
trio-utility,5,5,solo,180,200,1.000,0.000,0.000,0.690,9.8,0.00,0.310,—,1.372
trio-utility,5,5,solo,300,200,1.000,0.000,0.000,0.690,9.8,0.00,0.310,—,1.372
trio-utility,5,5,pack,180,200,0.000,0.000,1.000,—,—,3.00,1.000,—,0.000
trio-utility,5,5,pack,300,200,0.000,0.000,1.000,—,—,3.00,1.000,—,0.000
trio-utility,5,5,boss,180,200,0.000,0.000,1.000,—,—,3.00,1.000,—,0.000
trio-utility,5,5,boss,300,200,0.000,0.000,1.000,—,—,3.00,1.000,—,0.000
trio-utility,5,6,solo,180,200,1.000,0.000,0.000,0.317,19.9,1.17,0.683,—,1.182
trio-utility,5,6,solo,300,200,1.000,0.000,0.000,0.318,19.8,1.15,0.682,—,1.182
trio-utility,5,6,pack,180,200,0.000,0.000,1.000,—,—,3.00,1.000,—,0.000
trio-utility,5,6,pack,300,200,0.000,0.000,1.000,—,—,3.00,1.000,—,0.000
trio-utility,5,6,boss,180,200,0.000,0.000,1.000,—,—,3.00,1.000,—,0.000
trio-utility,5,6,boss,300,200,0.000,0.000,1.000,—,—,3.00,1.000,—,0.000
trio-utility,5,7,solo,180,200,0.000,0.000,1.000,—,—,3.00,1.000,—,0.000
trio-utility,5,7,solo,300,200,0.000,0.000,1.000,—,—,3.00,1.000,—,0.000
trio-utility,5,7,pack,180,200,0.000,0.000,1.000,—,—,3.00,1.000,—,0.000
trio-utility,5,7,pack,300,200,0.000,0.000,1.000,—,—,3.00,1.000,—,0.000
trio-utility,5,7,boss,180,200,0.000,0.000,1.000,—,—,3.00,1.000,—,0.000
trio-utility,5,7,boss,300,200,0.000,0.000,1.000,—,—,3.00,1.000,—,0.000
trio-utility,5,8,solo,180,200,0.000,0.000,1.000,—,—,3.00,1.000,—,0.000
trio-utility,5,8,solo,300,200,0.000,0.000,1.000,—,—,3.00,1.000,—,0.000
trio-utility,5,8,pack,180,200,0.000,0.000,1.000,—,—,3.00,1.000,—,0.000
trio-utility,5,8,pack,300,200,0.000,0.000,1.000,—,—,3.00,1.000,—,0.000
trio-utility,5,8,boss,180,200,0.000,0.000,1.000,—,—,3.00,1.000,—,0.000
trio-utility,5,8,boss,300,200,0.000,0.000,1.000,—,—,3.00,1.000,—,0.000
trio-utility,10,1,solo,180,200,1.000,0.000,0.000,0.974,1.3,0.00,0.026,—,1.547
trio-utility,10,1,solo,300,200,1.000,0.000,0.000,0.974,1.3,0.00,0.026,—,1.547
trio-utility,10,1,pack,180,200,1.000,0.000,0.000,0.855,9.0,0.00,0.145,—,1.485
trio-utility,10,1,pack,300,200,1.000,0.000,0.000,0.855,9.0,0.00,0.145,—,1.485
trio-utility,10,1,boss,180,200,1.000,0.000,0.000,0.779,17.9,0.00,0.221,—,1.445
trio-utility,10,1,boss,300,200,1.000,0.000,0.000,0.779,17.9,0.00,0.221,—,1.445
trio-utility,10,2,solo,180,200,1.000,0.000,0.000,0.968,2.6,0.00,0.032,—,1.543
trio-utility,10,2,solo,300,200,1.000,0.000,0.000,0.968,2.6,0.00,0.032,—,1.543
trio-utility,10,2,pack,180,200,1.000,0.000,0.000,0.752,10.3,0.00,0.248,—,1.431
trio-utility,10,2,pack,300,200,1.000,0.000,0.000,0.752,10.3,0.00,0.248,—,1.431
trio-utility,10,2,boss,180,200,1.000,0.000,0.000,0.473,32.3,1.00,0.527,—,1.286
trio-utility,10,2,boss,300,200,1.000,0.000,0.000,0.473,32.3,1.00,0.527,—,1.286
trio-utility,10,3,solo,180,200,1.000,0.000,0.000,0.916,4.3,0.00,0.084,—,1.516
trio-utility,10,3,solo,300,200,1.000,0.000,0.000,0.916,4.2,0.00,0.084,—,1.516
trio-utility,10,3,pack,180,200,1.000,0.000,0.000,0.468,23.3,1.00,0.532,—,1.283
trio-utility,10,3,pack,300,200,1.000,0.000,0.000,0.472,23.1,1.00,0.528,—,1.285
trio-utility,10,3,boss,180,200,0.000,0.000,1.000,—,—,3.00,1.000,—,0.000
trio-utility,10,3,boss,300,200,0.000,0.000,1.000,—,—,3.00,1.000,—,0.000
trio-utility,10,4,solo,180,200,1.000,0.000,0.000,0.905,4.8,0.00,0.095,—,1.511
trio-utility,10,4,solo,300,200,1.000,0.000,0.000,0.905,4.8,0.00,0.095,—,1.511
trio-utility,10,4,pack,180,200,0.865,0.000,0.135,0.109,46.7,2.13,0.905,—,0.949
trio-utility,10,4,pack,300,200,0.870,0.000,0.130,0.109,46.8,2.13,0.905,—,0.954
trio-utility,10,4,boss,180,200,0.000,0.000,1.000,—,—,3.00,1.000,—,0.000
trio-utility,10,4,boss,300,200,0.000,0.000,1.000,—,—,3.00,1.000,—,0.000
trio-utility,10,5,solo,180,200,1.000,0.000,0.000,0.815,7.5,0.00,0.185,—,1.464
trio-utility,10,5,solo,300,200,1.000,0.000,0.000,0.815,7.5,0.00,0.185,—,1.464
trio-utility,10,5,pack,180,200,0.000,0.000,1.000,—,—,3.00,1.000,—,0.000
trio-utility,10,5,pack,300,200,0.000,0.000,1.000,—,—,3.00,1.000,—,0.000
trio-utility,10,5,boss,180,200,0.000,0.000,1.000,—,—,3.00,1.000,—,0.000
trio-utility,10,5,boss,300,200,0.000,0.000,1.000,—,—,3.00,1.000,—,0.000
trio-utility,10,6,solo,180,200,1.000,0.000,0.000,0.693,9.5,0.00,0.307,—,1.400
trio-utility,10,6,solo,300,200,1.000,0.000,0.000,0.687,9.5,0.00,0.313,—,1.397
trio-utility,10,6,pack,180,200,0.000,0.000,1.000,—,—,3.00,1.000,—,0.000
trio-utility,10,6,pack,300,200,0.000,0.000,1.000,—,—,3.00,1.000,—,0.000
trio-utility,10,6,boss,180,200,0.000,0.000,1.000,—,—,3.00,1.000,—,0.000
trio-utility,10,6,boss,300,200,0.000,0.000,1.000,—,—,3.00,1.000,—,0.000
trio-utility,10,7,solo,180,200,1.000,0.000,0.000,0.436,17.0,1.00,0.564,—,1.267
trio-utility,10,7,solo,300,200,1.000,0.000,0.000,0.435,17.1,1.00,0.565,—,1.266
trio-utility,10,7,pack,180,200,0.000,0.000,1.000,—,—,3.00,1.000,—,0.000
trio-utility,10,7,pack,300,200,0.000,0.000,1.000,—,—,3.00,1.000,—,0.000
trio-utility,10,7,boss,180,200,0.000,0.000,1.000,—,—,3.00,1.000,—,0.000
trio-utility,10,7,boss,300,200,0.000,0.000,1.000,—,—,3.00,1.000,—,0.000
trio-utility,10,8,solo,180,200,0.000,0.000,1.000,—,—,3.00,1.000,—,0.000
trio-utility,10,8,solo,300,200,0.000,0.000,1.000,—,—,3.00,1.000,—,0.000
trio-utility,10,8,pack,180,200,0.000,0.000,1.000,—,—,3.00,1.000,—,0.000
trio-utility,10,8,pack,300,200,0.000,0.000,1.000,—,—,3.00,1.000,—,0.000
trio-utility,10,8,boss,180,200,0.000,0.000,1.000,—,—,3.00,1.000,—,0.000
trio-utility,10,8,boss,300,200,0.000,0.000,1.000,—,—,3.00,1.000,—,0.000
trio-utility,20,1,solo,180,200,1.000,0.000,0.000,1.000,0.0,0.00,0.000,—,1.620
trio-utility,20,1,solo,300,200,1.000,0.000,0.000,1.000,0.0,0.00,0.000,—,1.620
trio-utility,20,1,pack,180,200,1.000,0.000,0.000,0.934,4.6,0.00,0.066,—,1.584
trio-utility,20,1,pack,300,200,1.000,0.000,0.000,0.934,4.6,0.00,0.066,—,1.584
trio-utility,20,1,boss,180,200,1.000,0.000,0.000,0.927,8.6,0.00,0.073,—,1.581
trio-utility,20,1,boss,300,200,1.000,0.000,0.000,0.927,8.6,0.00,0.073,—,1.581
trio-utility,20,2,solo,180,200,1.000,0.000,0.000,1.000,0.0,0.00,0.000,—,1.620
trio-utility,20,2,solo,300,200,1.000,0.000,0.000,1.000,0.0,0.00,0.000,—,1.620
trio-utility,20,2,pack,180,200,1.000,0.000,0.000,0.916,4.6,0.00,0.084,—,1.575
trio-utility,20,2,pack,300,200,1.000,0.000,0.000,0.916,4.6,0.00,0.084,—,1.575
trio-utility,20,2,boss,180,200,1.000,0.000,0.000,0.828,12.3,0.00,0.172,—,1.527
trio-utility,20,2,boss,300,200,1.000,0.000,0.000,0.829,12.2,0.00,0.171,—,1.527
trio-utility,20,3,solo,180,200,1.000,0.000,0.000,0.974,1.0,0.00,0.026,—,1.606
trio-utility,20,3,solo,300,200,1.000,0.000,0.000,0.974,1.0,0.00,0.026,—,1.606
trio-utility,20,3,pack,180,200,1.000,0.000,0.000,0.837,7.2,0.00,0.163,—,1.532
trio-utility,20,3,pack,300,200,1.000,0.000,0.000,0.837,7.2,0.00,0.163,—,1.532
trio-utility,20,3,boss,180,200,1.000,0.000,0.000,0.746,16.0,0.00,0.254,—,1.483
trio-utility,20,3,boss,300,200,1.000,0.000,0.000,0.746,16.0,0.00,0.254,—,1.483
trio-utility,20,4,solo,180,200,1.000,0.000,0.000,0.968,2.1,0.00,0.032,—,1.603
trio-utility,20,4,solo,300,200,1.000,0.000,0.000,0.968,2.1,0.00,0.032,—,1.603
trio-utility,20,4,pack,180,200,1.000,0.000,0.000,0.768,9.1,0.00,0.232,—,1.495
trio-utility,20,4,pack,300,200,1.000,0.000,0.000,0.768,9.1,0.00,0.232,—,1.495
trio-utility,20,4,boss,180,200,1.000,0.000,0.000,0.661,18.0,0.67,0.339,—,1.437
trio-utility,20,4,boss,300,200,1.000,0.000,0.000,0.661,18.0,0.61,0.339,—,1.437
trio-utility,20,5,solo,180,200,1.000,0.000,0.000,0.912,3.1,0.00,0.088,—,1.573
trio-utility,20,5,solo,300,200,1.000,0.000,0.000,0.912,3.1,0.00,0.088,—,1.573
trio-utility,20,5,pack,180,200,1.000,0.000,0.000,0.609,11.4,0.00,0.391,—,1.409
trio-utility,20,5,pack,300,200,1.000,0.000,0.000,0.609,11.4,0.00,0.391,—,1.409
trio-utility,20,5,boss,180,200,0.475,0.000,0.525,0.064,56.6,2.52,0.970,—,0.529
trio-utility,20,5,boss,300,200,0.415,0.000,0.585,0.063,56.7,2.58,0.974,—,0.462
trio-utility,20,6,solo,180,200,1.000,0.000,0.000,0.889,4.3,0.00,0.111,—,1.560
trio-utility,20,6,solo,300,200,1.000,0.000,0.000,0.889,4.3,0.00,0.111,—,1.560
trio-utility,20,6,pack,180,200,0.420,0.000,0.580,0.058,47.0,2.58,0.976,—,0.467
trio-utility,20,6,pack,300,200,0.360,0.000,0.640,0.060,46.8,2.64,0.978,—,0.401
trio-utility,20,6,boss,180,200,0.000,0.000,1.000,—,—,3.00,1.000,—,0.000
trio-utility,20,6,boss,300,200,0.000,0.000,1.000,—,—,3.00,1.000,—,0.000
trio-utility,20,7,solo,180,200,1.000,0.000,0.000,0.853,5.0,0.00,0.147,—,1.541
trio-utility,20,7,solo,300,200,1.000,0.000,0.000,0.854,5.0,0.00,0.146,—,1.541
trio-utility,20,7,pack,180,200,0.000,0.000,1.000,—,—,3.00,1.000,—,0.000
trio-utility,20,7,pack,300,200,0.000,0.000,1.000,—,—,3.00,1.000,—,0.000
trio-utility,20,7,boss,180,200,0.000,0.000,1.000,—,—,3.00,1.000,—,0.000
trio-utility,20,7,boss,300,200,0.000,0.000,1.000,—,—,3.00,1.000,—,0.000
trio-utility,20,8,solo,180,200,1.000,0.000,0.000,0.724,7.2,0.00,0.276,—,1.471
trio-utility,20,8,solo,300,200,1.000,0.000,0.000,0.724,7.2,0.00,0.276,—,1.471
trio-utility,20,8,pack,180,200,0.000,0.000,1.000,—,—,3.00,1.000,—,0.000
trio-utility,20,8,pack,300,200,0.000,0.000,1.000,—,—,3.00,1.000,—,0.000
trio-utility,20,8,boss,180,200,0.000,0.000,1.000,—,—,3.00,1.000,—,0.000
trio-utility,20,8,boss,300,200,0.000,0.000,1.000,—,—,3.00,1.000,—,0.000
trio-utility,35,1,solo,180,200,1.000,0.000,0.000,1.000,0.0,0.00,0.000,—,1.710
trio-utility,35,1,solo,300,200,1.000,0.000,0.000,1.000,0.0,0.00,0.000,—,1.710
trio-utility,35,1,pack,180,200,1.000,0.000,0.000,0.982,2.5,0.00,0.018,—,1.700
trio-utility,35,1,pack,300,200,1.000,0.000,0.000,0.982,2.5,0.00,0.018,—,1.699
trio-utility,35,1,boss,180,200,1.000,0.000,0.000,0.968,4.4,0.00,0.032,—,1.692
trio-utility,35,1,boss,300,200,1.000,0.000,0.000,0.968,4.4,0.00,0.032,—,1.692
trio-utility,35,2,solo,180,200,1.000,0.000,0.000,1.000,0.0,0.00,0.000,—,1.710
trio-utility,35,2,solo,300,200,1.000,0.000,0.000,1.000,0.0,0.00,0.000,—,1.710
trio-utility,35,2,pack,180,200,1.000,0.000,0.000,0.974,2.7,0.00,0.026,—,1.695
trio-utility,35,2,pack,300,200,1.000,0.000,0.000,0.974,2.7,0.00,0.026,—,1.695
trio-utility,35,2,boss,180,200,1.000,0.000,0.000,0.942,6.0,0.00,0.058,—,1.677
trio-utility,35,2,boss,300,200,1.000,0.000,0.000,0.943,6.0,0.00,0.057,—,1.677
trio-utility,35,3,solo,180,200,1.000,0.000,0.000,1.000,0.0,0.00,0.000,—,1.710
trio-utility,35,3,solo,300,200,1.000,0.000,0.000,1.000,0.0,0.00,0.000,—,1.710
trio-utility,35,3,pack,180,200,1.000,0.000,0.000,0.950,4.3,0.00,0.050,—,1.681
trio-utility,35,3,pack,300,200,1.000,0.000,0.000,0.950,4.3,0.00,0.050,—,1.681
trio-utility,35,3,boss,180,200,1.000,0.000,0.000,0.921,8.4,0.00,0.079,—,1.665
trio-utility,35,3,boss,300,200,1.000,0.000,0.000,0.921,8.4,0.00,0.079,—,1.665
trio-utility,35,4,solo,180,200,1.000,0.000,0.000,1.000,0.0,0.00,0.000,—,1.710
trio-utility,35,4,solo,300,200,1.000,0.000,0.000,1.000,0.0,0.00,0.000,—,1.710
trio-utility,35,4,pack,180,200,1.000,0.000,0.000,0.938,4.3,0.00,0.062,—,1.675
trio-utility,35,4,pack,300,200,1.000,0.000,0.000,0.938,4.3,0.00,0.062,—,1.675
trio-utility,35,4,boss,180,200,1.000,0.000,0.000,0.851,10.7,0.00,0.149,—,1.625
trio-utility,35,4,boss,300,200,1.000,0.000,0.000,0.852,10.6,0.00,0.148,—,1.626
trio-utility,35,5,solo,180,200,1.000,0.000,0.000,0.968,0.9,0.00,0.032,—,1.692
trio-utility,35,5,solo,300,200,1.000,0.000,0.000,0.969,0.9,0.00,0.031,—,1.692
trio-utility,35,5,pack,180,200,1.000,0.000,0.000,0.810,6.3,0.00,0.190,—,1.602
trio-utility,35,5,pack,300,200,1.000,0.000,0.000,0.809,6.3,0.00,0.191,—,1.601
trio-utility,35,5,boss,180,200,1.000,0.000,0.000,0.740,12.8,0.00,0.260,—,1.562
trio-utility,35,5,boss,300,200,1.000,0.000,0.000,0.742,12.8,0.00,0.258,—,1.563
trio-utility,35,6,solo,180,200,1.000,0.000,0.000,0.961,1.8,0.00,0.039,—,1.688
trio-utility,35,6,solo,300,200,1.000,0.000,0.000,0.960,1.8,0.00,0.040,—,1.687
trio-utility,35,6,pack,180,200,1.000,0.000,0.000,0.759,8.5,0.00,0.241,—,1.572
trio-utility,35,6,pack,300,200,1.000,0.000,0.000,0.758,8.5,0.00,0.242,—,1.572
trio-utility,35,6,boss,180,200,1.000,0.000,0.000,0.493,31.7,1.00,0.507,—,1.421
trio-utility,35,6,boss,300,200,1.000,0.000,0.000,0.490,31.6,1.00,0.510,—,1.419
trio-utility,35,7,solo,180,200,1.000,0.000,0.000,0.951,2.7,0.00,0.049,—,1.682
trio-utility,35,7,solo,300,200,1.000,0.000,0.000,0.951,2.7,0.00,0.049,—,1.682
trio-utility,35,7,pack,180,200,1.000,0.000,0.000,0.559,19.1,0.81,0.441,—,1.459
trio-utility,35,7,pack,300,200,1.000,0.000,0.000,0.562,19.3,0.84,0.438,—,1.460
trio-utility,35,7,boss,180,200,0.220,0.000,0.780,0.163,61.3,2.74,0.964,—,0.271
trio-utility,35,7,boss,300,200,0.235,0.000,0.765,0.159,61.8,2.72,0.963,—,0.289
trio-utility,35,8,solo,180,200,1.000,0.000,0.000,0.874,4.1,0.00,0.126,—,1.638
trio-utility,35,8,solo,300,200,1.000,0.000,0.000,0.873,4.2,0.00,0.127,—,1.638
trio-utility,35,8,pack,180,200,0.350,0.000,0.650,0.104,45.1,2.60,0.963,—,0.420
trio-utility,35,8,pack,300,200,0.325,0.000,0.675,0.108,45.0,2.63,0.965,—,0.390
trio-utility,35,8,boss,180,200,0.000,0.000,1.000,—,—,3.00,1.000,—,0.000
trio-utility,35,8,boss,300,200,0.000,0.000,1.000,—,—,3.00,1.000,—,0.000
trio-utility,50,1,solo,180,200,1.000,0.000,0.000,1.000,0.0,0.00,0.000,—,1.800
trio-utility,50,1,solo,300,200,1.000,0.000,0.000,1.000,0.0,0.00,0.000,—,1.800
trio-utility,50,1,pack,180,200,1.000,0.000,0.000,0.988,2.3,0.00,0.012,—,1.793
trio-utility,50,1,pack,300,200,1.000,0.000,0.000,0.988,2.3,0.00,0.012,—,1.793
trio-utility,50,1,boss,180,200,1.000,0.000,0.000,0.976,3.8,0.00,0.024,—,1.785
trio-utility,50,1,boss,300,200,1.000,0.000,0.000,0.976,3.8,0.00,0.024,—,1.785
trio-utility,50,2,solo,180,200,1.000,0.000,0.000,1.000,0.0,0.00,0.000,—,1.800
trio-utility,50,2,solo,300,200,1.000,0.000,0.000,1.000,0.0,0.00,0.000,—,1.800
trio-utility,50,2,pack,180,200,1.000,0.000,0.000,0.985,2.3,0.00,0.015,—,1.791
trio-utility,50,2,pack,300,200,1.000,0.000,0.000,0.985,2.3,0.00,0.015,—,1.791
trio-utility,50,2,boss,180,200,1.000,0.000,0.000,0.970,4.2,0.00,0.030,—,1.782
trio-utility,50,2,boss,300,200,1.000,0.000,0.000,0.970,4.2,0.00,0.030,—,1.782
trio-utility,50,3,solo,180,200,1.000,0.000,0.000,1.000,0.0,0.00,0.000,—,1.800
trio-utility,50,3,solo,300,200,1.000,0.000,0.000,1.000,0.0,0.00,0.000,—,1.800
trio-utility,50,3,pack,180,200,1.000,0.000,0.000,0.978,2.6,0.00,0.022,—,1.787
trio-utility,50,3,pack,300,200,1.000,0.000,0.000,0.978,2.6,0.00,0.022,—,1.787
trio-utility,50,3,boss,180,200,1.000,0.000,0.000,0.963,5.6,0.00,0.037,—,1.778
trio-utility,50,3,boss,300,200,1.000,0.000,0.000,0.963,5.6,0.00,0.037,—,1.778
trio-utility,50,4,solo,180,200,1.000,0.000,0.000,1.000,0.0,0.00,0.000,—,1.800
trio-utility,50,4,solo,300,200,1.000,0.000,0.000,1.000,0.0,0.00,0.000,—,1.800
trio-utility,50,4,pack,180,200,1.000,0.000,0.000,0.945,4.2,0.00,0.055,—,1.767
trio-utility,50,4,pack,300,200,1.000,0.000,0.000,0.945,4.2,0.00,0.055,—,1.767
trio-utility,50,4,boss,180,200,1.000,0.000,0.000,0.917,6.7,0.00,0.083,—,1.750
trio-utility,50,4,boss,300,200,1.000,0.000,0.000,0.917,6.7,0.00,0.083,—,1.750
trio-utility,50,5,solo,180,200,1.000,0.000,0.000,1.000,0.0,0.00,0.000,—,1.800
trio-utility,50,5,solo,300,200,1.000,0.000,0.000,1.000,0.0,0.00,0.000,—,1.800
trio-utility,50,5,pack,180,200,1.000,0.000,0.000,0.931,4.3,0.00,0.069,—,1.759
trio-utility,50,5,pack,300,200,1.000,0.000,0.000,0.931,4.3,0.00,0.069,—,1.759
trio-utility,50,5,boss,180,200,1.000,0.000,0.000,0.863,8.9,0.00,0.137,—,1.718
trio-utility,50,5,boss,300,200,1.000,0.000,0.000,0.861,8.9,0.00,0.139,—,1.716
trio-utility,50,6,solo,180,200,1.000,0.000,0.000,0.976,0.6,0.00,0.024,—,1.786
trio-utility,50,6,solo,300,200,1.000,0.000,0.000,0.975,0.7,0.00,0.025,—,1.785
trio-utility,50,6,pack,180,200,1.000,0.000,0.000,0.856,5.7,0.00,0.144,—,1.714
trio-utility,50,6,pack,300,200,1.000,0.000,0.000,0.857,5.6,0.00,0.143,—,1.714
trio-utility,50,6,boss,180,200,1.000,0.000,0.000,0.757,13.5,0.00,0.243,—,1.654
trio-utility,50,6,boss,300,200,1.000,0.000,0.000,0.754,13.7,0.00,0.246,—,1.653
trio-utility,50,7,solo,180,200,1.000,0.000,0.000,0.964,1.5,0.00,0.036,—,1.778
trio-utility,50,7,solo,300,200,1.000,0.000,0.000,0.964,1.5,0.00,0.036,—,1.778
trio-utility,50,7,pack,180,200,1.000,0.000,0.000,0.772,7.8,0.00,0.228,—,1.663
trio-utility,50,7,pack,300,200,1.000,0.000,0.000,0.774,7.8,0.00,0.226,—,1.664
trio-utility,50,7,boss,180,200,1.000,0.000,0.000,0.575,24.6,1.00,0.425,—,1.545
trio-utility,50,7,boss,300,200,1.000,0.000,0.000,0.579,24.5,1.00,0.421,—,1.547
trio-utility,50,8,solo,180,200,1.000,0.000,0.000,0.956,2.3,0.00,0.044,—,1.774
trio-utility,50,8,solo,300,200,1.000,0.000,0.000,0.955,2.3,0.00,0.045,—,1.773
trio-utility,50,8,pack,180,200,1.000,0.000,0.000,0.677,14.4,0.72,0.323,—,1.606
trio-utility,50,8,pack,300,200,1.000,0.000,0.000,0.677,14.5,0.73,0.323,—,1.606
trio-utility,50,8,boss,180,200,0.155,0.000,0.845,0.067,67.5,2.85,0.990,—,0.192
trio-utility,50,8,boss,300,200,0.200,0.000,0.800,0.067,67.6,2.80,0.987,—,0.248
trio-gatherers,1,1,solo,180,200,1.000,0.000,0.000,0.935,6.0,0.00,0.065,—,1.473
trio-gatherers,1,1,solo,300,200,1.000,0.000,0.000,0.934,6.0,0.00,0.066,—,1.473
trio-gatherers,1,1,pack,180,200,1.000,0.000,0.000,0.472,22.5,0.00,0.528,—,1.241
trio-gatherers,1,1,pack,300,200,1.000,0.000,0.000,0.472,22.5,0.00,0.528,—,1.241
trio-gatherers,1,1,boss,180,200,0.155,0.000,0.845,0.083,58.7,2.84,0.987,—,0.162
trio-gatherers,1,1,boss,300,200,0.180,0.000,0.820,0.075,59.1,2.82,0.987,—,0.187
trio-gatherers,1,2,solo,180,200,1.000,0.000,0.000,0.864,6.7,0.00,0.136,—,1.438
trio-gatherers,1,2,solo,300,200,1.000,0.000,0.000,0.865,6.7,0.00,0.135,—,1.438
trio-gatherers,1,2,pack,180,200,0.000,0.000,1.000,—,—,3.00,1.000,—,0.000
trio-gatherers,1,2,pack,300,200,0.000,0.000,1.000,—,—,3.00,1.000,—,0.000
trio-gatherers,1,2,boss,180,200,0.000,0.000,1.000,—,—,3.00,1.000,—,0.000
trio-gatherers,1,2,boss,300,200,0.000,0.000,1.000,—,—,3.00,1.000,—,0.000
trio-gatherers,1,3,solo,180,200,1.000,0.000,0.000,0.768,10.0,0.00,0.232,—,1.389
trio-gatherers,1,3,solo,300,200,1.000,0.000,0.000,0.769,10.0,0.00,0.231,—,1.390
trio-gatherers,1,3,pack,180,200,0.000,0.000,1.000,—,—,3.00,1.000,—,0.000
trio-gatherers,1,3,pack,300,200,0.000,0.000,1.000,—,—,3.00,1.000,—,0.000
trio-gatherers,1,3,boss,180,200,0.000,0.000,1.000,—,—,3.00,1.000,—,0.000
trio-gatherers,1,3,boss,300,200,0.000,0.000,1.000,—,—,3.00,1.000,—,0.000
trio-gatherers,1,4,solo,180,200,1.000,0.000,0.000,0.662,13.3,0.00,0.338,—,1.336
trio-gatherers,1,4,solo,300,200,1.000,0.000,0.000,0.657,13.3,0.00,0.343,—,1.334
trio-gatherers,1,4,pack,180,200,0.000,0.000,1.000,—,—,3.00,1.000,—,0.000
trio-gatherers,1,4,pack,300,200,0.000,0.000,1.000,—,—,3.00,1.000,—,0.000
trio-gatherers,1,4,boss,180,200,0.000,0.000,1.000,—,—,3.00,1.000,—,0.000
trio-gatherers,1,4,boss,300,200,0.000,0.000,1.000,—,—,3.00,1.000,—,0.000
trio-gatherers,1,5,solo,180,200,1.000,0.000,0.000,0.385,18.7,1.77,0.615,—,1.197
trio-gatherers,1,5,solo,300,200,1.000,0.000,0.000,0.388,18.7,1.74,0.612,—,1.199
trio-gatherers,1,5,pack,180,200,0.000,0.000,1.000,—,—,3.00,1.000,—,0.000
trio-gatherers,1,5,pack,300,200,0.000,0.000,1.000,—,—,3.00,1.000,—,0.000
trio-gatherers,1,5,boss,180,200,0.000,0.000,1.000,—,—,3.00,1.000,—,0.000
trio-gatherers,1,5,boss,300,200,0.000,0.000,1.000,—,—,3.00,1.000,—,0.000
trio-gatherers,1,6,solo,180,200,0.015,0.000,0.985,0.220,27.5,2.98,0.997,—,0.017
trio-gatherers,1,6,solo,300,200,0.010,0.000,0.990,0.259,26.3,2.99,0.997,—,0.011
trio-gatherers,1,6,pack,180,200,0.000,0.000,1.000,—,—,3.00,1.000,—,0.000
trio-gatherers,1,6,pack,300,200,0.000,0.000,1.000,—,—,3.00,1.000,—,0.000
trio-gatherers,1,6,boss,180,200,0.000,0.000,1.000,—,—,3.00,1.000,—,0.000
trio-gatherers,1,6,boss,300,200,0.000,0.000,1.000,—,—,3.00,1.000,—,0.000
trio-gatherers,1,7,solo,180,200,0.000,0.000,1.000,—,—,3.00,1.000,—,0.000
trio-gatherers,1,7,solo,300,200,0.000,0.000,1.000,—,—,3.00,1.000,—,0.000
trio-gatherers,1,7,pack,180,200,0.000,0.000,1.000,—,—,3.00,1.000,—,0.000
trio-gatherers,1,7,pack,300,200,0.000,0.000,1.000,—,—,3.00,1.000,—,0.000
trio-gatherers,1,7,boss,180,200,0.000,0.000,1.000,—,—,3.00,1.000,—,0.000
trio-gatherers,1,7,boss,300,200,0.000,0.000,1.000,—,—,3.00,1.000,—,0.000
trio-gatherers,1,8,solo,180,200,0.000,0.000,1.000,—,—,3.00,1.000,—,0.000
trio-gatherers,1,8,solo,300,200,0.000,0.000,1.000,—,—,3.00,1.000,—,0.000
trio-gatherers,1,8,pack,180,200,0.000,0.000,1.000,—,—,3.00,1.000,—,0.000
trio-gatherers,1,8,pack,300,200,0.000,0.000,1.000,—,—,3.00,1.000,—,0.000
trio-gatherers,1,8,boss,180,200,0.000,0.000,1.000,—,—,3.00,1.000,—,0.000
trio-gatherers,1,8,boss,300,200,0.000,0.000,1.000,—,—,3.00,1.000,—,0.000
trio-gatherers,5,1,solo,180,200,1.000,0.000,0.000,0.973,2.4,0.00,0.027,—,1.516
trio-gatherers,5,1,solo,300,200,1.000,0.000,0.000,0.973,2.4,0.00,0.027,—,1.516
trio-gatherers,5,1,pack,180,200,1.000,0.000,0.000,0.802,10.1,0.00,0.198,—,1.429
trio-gatherers,5,1,pack,300,200,1.000,0.000,0.000,0.801,10.1,0.00,0.199,—,1.429
trio-gatherers,5,1,boss,180,200,1.000,0.000,0.000,0.680,23.7,0.98,0.320,—,1.367
trio-gatherers,5,1,boss,300,200,1.000,0.000,0.000,0.679,23.8,0.97,0.321,—,1.366
trio-gatherers,5,2,solo,180,200,1.000,0.000,0.000,0.966,2.5,0.00,0.034,—,1.513
trio-gatherers,5,2,solo,300,200,1.000,0.000,0.000,0.966,2.5,0.00,0.034,—,1.512
trio-gatherers,5,2,pack,180,200,1.000,0.000,0.000,0.664,17.0,0.97,0.336,—,1.359
trio-gatherers,5,2,pack,300,200,1.000,0.000,0.000,0.661,17.2,0.97,0.339,—,1.357
trio-gatherers,5,2,boss,180,200,1.000,0.000,0.000,0.199,46.2,1.85,0.801,—,1.122
trio-gatherers,5,2,boss,300,200,1.000,0.000,0.000,0.200,46.2,1.85,0.800,—,1.122
trio-gatherers,5,3,solo,180,200,1.000,0.000,0.000,0.910,4.7,0.00,0.090,—,1.484
trio-gatherers,5,3,solo,300,200,1.000,0.000,0.000,0.910,4.7,0.00,0.090,—,1.484
trio-gatherers,5,3,pack,180,200,0.180,0.000,0.820,0.091,42.0,2.82,0.984,—,0.192
trio-gatherers,5,3,pack,300,200,0.160,0.000,0.840,0.094,42.0,2.84,0.985,—,0.171
trio-gatherers,5,3,boss,180,200,0.000,0.000,1.000,—,—,3.00,1.000,—,0.000
trio-gatherers,5,3,boss,300,200,0.000,0.000,1.000,—,—,3.00,1.000,—,0.000
trio-gatherers,5,4,solo,180,200,1.000,0.000,0.000,0.889,6.0,0.00,0.111,—,1.473
trio-gatherers,5,4,solo,300,200,1.000,0.000,0.000,0.888,6.0,0.00,0.112,—,1.473
trio-gatherers,5,4,pack,180,200,0.000,0.000,1.000,—,—,3.00,1.000,—,0.000
trio-gatherers,5,4,pack,300,200,0.000,0.000,1.000,—,—,3.00,1.000,—,0.000
trio-gatherers,5,4,boss,180,200,0.000,0.000,1.000,—,—,3.00,1.000,—,0.000
trio-gatherers,5,4,boss,300,200,0.000,0.000,1.000,—,—,3.00,1.000,—,0.000
trio-gatherers,5,5,solo,180,200,1.000,0.000,0.000,0.788,7.6,0.00,0.212,—,1.422
trio-gatherers,5,5,solo,300,200,1.000,0.000,0.000,0.790,7.6,0.00,0.210,—,1.423
trio-gatherers,5,5,pack,180,200,0.000,0.000,1.000,—,—,3.00,1.000,—,0.000
trio-gatherers,5,5,pack,300,200,0.000,0.000,1.000,—,—,3.00,1.000,—,0.000
trio-gatherers,5,5,boss,180,200,0.000,0.000,1.000,—,—,3.00,1.000,—,0.000
trio-gatherers,5,5,boss,300,200,0.000,0.000,1.000,—,—,3.00,1.000,—,0.000
trio-gatherers,5,6,solo,180,200,1.000,0.000,0.000,0.458,14.9,0.96,0.542,—,1.254
trio-gatherers,5,6,solo,300,200,1.000,0.000,0.000,0.455,15.0,0.96,0.545,—,1.252
trio-gatherers,5,6,pack,180,200,0.000,0.000,1.000,—,—,3.00,1.000,—,0.000
trio-gatherers,5,6,pack,300,200,0.000,0.000,1.000,—,—,3.00,1.000,—,0.000
trio-gatherers,5,6,boss,180,200,0.000,0.000,1.000,—,—,3.00,1.000,—,0.000
trio-gatherers,5,6,boss,300,200,0.000,0.000,1.000,—,—,3.00,1.000,—,0.000
trio-gatherers,5,7,solo,180,200,0.125,0.000,0.875,0.384,20.1,2.75,0.952,—,0.152
trio-gatherers,5,7,solo,300,200,0.110,0.000,0.890,0.386,20.1,2.78,0.958,—,0.134
trio-gatherers,5,7,pack,180,200,0.000,0.000,1.000,—,—,3.00,1.000,—,0.000
trio-gatherers,5,7,pack,300,200,0.000,0.000,1.000,—,—,3.00,1.000,—,0.000
trio-gatherers,5,7,boss,180,200,0.000,0.000,1.000,—,—,3.00,1.000,—,0.000
trio-gatherers,5,7,boss,300,200,0.000,0.000,1.000,—,—,3.00,1.000,—,0.000
trio-gatherers,5,8,solo,180,200,0.000,0.000,1.000,—,—,3.00,1.000,—,0.000
trio-gatherers,5,8,solo,300,200,0.000,0.000,1.000,—,—,3.00,1.000,—,0.000
trio-gatherers,5,8,pack,180,200,0.000,0.000,1.000,—,—,3.00,1.000,—,0.000
trio-gatherers,5,8,pack,300,200,0.000,0.000,1.000,—,—,3.00,1.000,—,0.000
trio-gatherers,5,8,boss,180,200,0.000,0.000,1.000,—,—,3.00,1.000,—,0.000
trio-gatherers,5,8,boss,300,200,0.000,0.000,1.000,—,—,3.00,1.000,—,0.000
trio-gatherers,10,1,solo,180,200,1.000,0.000,0.000,1.000,0.0,0.00,0.000,—,1.560
trio-gatherers,10,1,solo,300,200,1.000,0.000,0.000,1.000,0.0,0.00,0.000,—,1.560
trio-gatherers,10,1,pack,180,200,1.000,0.000,0.000,0.912,5.7,0.00,0.088,—,1.514
trio-gatherers,10,1,pack,300,200,1.000,0.000,0.000,0.912,5.7,0.00,0.088,—,1.514
trio-gatherers,10,1,boss,180,200,1.000,0.000,0.000,0.822,12.9,0.00,0.178,—,1.467
trio-gatherers,10,1,boss,300,200,1.000,0.000,0.000,0.821,12.9,0.00,0.179,—,1.467
trio-gatherers,10,2,solo,180,200,1.000,0.000,0.000,0.973,1.8,0.00,0.027,—,1.546
trio-gatherers,10,2,solo,300,200,1.000,0.000,0.000,0.972,1.8,0.00,0.028,—,1.545
trio-gatherers,10,2,pack,180,200,1.000,0.000,0.000,0.831,7.7,0.00,0.169,—,1.472
trio-gatherers,10,2,pack,300,200,1.000,0.000,0.000,0.831,7.7,0.00,0.169,—,1.472
trio-gatherers,10,2,boss,180,200,1.000,0.000,0.000,0.721,15.3,0.85,0.279,—,1.415
trio-gatherers,10,2,boss,300,200,1.000,0.000,0.000,0.724,15.3,0.79,0.276,—,1.417
trio-gatherers,10,3,solo,180,200,1.000,0.000,0.000,0.964,1.9,0.00,0.036,—,1.541
trio-gatherers,10,3,solo,300,200,1.000,0.000,0.000,0.965,1.9,0.00,0.035,—,1.542
trio-gatherers,10,3,pack,180,200,1.000,0.000,0.000,0.749,11.0,0.00,0.251,—,1.429
trio-gatherers,10,3,pack,300,200,1.000,0.000,0.000,0.749,11.0,0.00,0.251,—,1.429
trio-gatherers,10,3,boss,180,200,1.000,0.000,0.000,0.525,24.5,1.00,0.475,—,1.313
trio-gatherers,10,3,boss,300,200,1.000,0.000,0.000,0.527,24.5,1.00,0.473,—,1.314
trio-gatherers,10,4,solo,180,200,1.000,0.000,0.000,0.913,3.7,0.00,0.087,—,1.515
trio-gatherers,10,4,solo,300,200,1.000,0.000,0.000,0.914,3.7,0.00,0.086,—,1.515
trio-gatherers,10,4,pack,180,200,1.000,0.000,0.000,0.511,18.0,1.00,0.489,—,1.305
trio-gatherers,10,4,pack,300,200,1.000,0.000,0.000,0.511,18.0,1.00,0.489,—,1.306
trio-gatherers,10,4,boss,180,200,0.010,0.000,0.990,0.083,48.0,2.99,0.999,—,0.011
trio-gatherers,10,4,boss,300,200,0.015,0.000,0.985,0.083,48.0,2.98,0.999,—,0.016
trio-gatherers,10,5,solo,180,200,1.000,0.000,0.000,0.889,3.8,0.00,0.111,—,1.502
trio-gatherers,10,5,solo,300,200,1.000,0.000,0.000,0.890,3.8,0.00,0.110,—,1.503
trio-gatherers,10,5,pack,180,200,0.000,0.000,1.000,—,—,3.00,1.000,—,0.000
trio-gatherers,10,5,pack,300,200,0.000,0.000,1.000,—,—,3.00,1.000,—,0.000
trio-gatherers,10,5,boss,180,200,0.000,0.000,1.000,—,—,3.00,1.000,—,0.000
trio-gatherers,10,5,boss,300,200,0.000,0.000,1.000,—,—,3.00,1.000,—,0.000
trio-gatherers,10,6,solo,180,200,1.000,0.000,0.000,0.857,5.7,0.00,0.143,—,1.486
trio-gatherers,10,6,solo,300,200,1.000,0.000,0.000,0.861,5.7,0.00,0.139,—,1.488
trio-gatherers,10,6,pack,180,200,0.000,0.000,1.000,—,—,3.00,1.000,—,0.000
trio-gatherers,10,6,pack,300,200,0.000,0.000,1.000,—,—,3.00,1.000,—,0.000
trio-gatherers,10,6,boss,180,200,0.000,0.000,1.000,—,—,3.00,1.000,—,0.000
trio-gatherers,10,6,boss,300,200,0.000,0.000,1.000,—,—,3.00,1.000,—,0.000
trio-gatherers,10,7,solo,180,200,1.000,0.000,0.000,0.733,7.7,0.00,0.267,—,1.421
trio-gatherers,10,7,solo,300,200,1.000,0.000,0.000,0.736,7.7,0.00,0.264,—,1.422
trio-gatherers,10,7,pack,180,200,0.000,0.000,1.000,—,—,3.00,1.000,—,0.000
trio-gatherers,10,7,pack,300,200,0.000,0.000,1.000,—,—,3.00,1.000,—,0.000
trio-gatherers,10,7,boss,180,200,0.000,0.000,1.000,—,—,3.00,1.000,—,0.000
trio-gatherers,10,7,boss,300,200,0.000,0.000,1.000,—,—,3.00,1.000,—,0.000
trio-gatherers,10,8,solo,180,200,1.000,0.000,0.000,0.413,17.4,1.90,0.587,—,1.255
trio-gatherers,10,8,solo,300,200,1.000,0.000,0.000,0.419,17.3,1.86,0.581,—,1.258
trio-gatherers,10,8,pack,180,200,0.000,0.000,1.000,—,—,3.00,1.000,—,0.000
trio-gatherers,10,8,pack,300,200,0.000,0.000,1.000,—,—,3.00,1.000,—,0.000
trio-gatherers,10,8,boss,180,200,0.000,0.000,1.000,—,—,3.00,1.000,—,0.000
trio-gatherers,10,8,boss,300,200,0.000,0.000,1.000,—,—,3.00,1.000,—,0.000
trio-gatherers,20,1,solo,180,200,1.000,0.000,0.000,1.000,0.0,0.00,0.000,—,1.620
trio-gatherers,20,1,solo,300,200,1.000,0.000,0.000,1.000,0.0,0.00,0.000,—,1.620
trio-gatherers,20,1,pack,180,200,1.000,0.000,0.000,0.970,2.8,0.00,0.030,—,1.604
trio-gatherers,20,1,pack,300,200,1.000,0.000,0.000,0.970,2.8,0.00,0.030,—,1.604
trio-gatherers,20,1,boss,180,200,1.000,0.000,0.000,0.956,5.6,0.00,0.044,—,1.596
trio-gatherers,20,1,boss,300,200,1.000,0.000,0.000,0.956,5.6,0.00,0.044,—,1.596
trio-gatherers,20,2,solo,180,200,1.000,0.000,0.000,1.000,0.0,0.00,0.000,—,1.620
trio-gatherers,20,2,solo,300,200,1.000,0.000,0.000,1.000,0.0,0.00,0.000,—,1.620
trio-gatherers,20,2,pack,180,200,1.000,0.000,0.000,0.942,4.3,0.00,0.058,—,1.589
trio-gatherers,20,2,pack,300,200,1.000,0.000,0.000,0.943,4.3,0.00,0.057,—,1.589
trio-gatherers,20,2,boss,180,200,1.000,0.000,0.000,0.912,7.1,0.00,0.088,—,1.572
trio-gatherers,20,2,boss,300,200,1.000,0.000,0.000,0.913,7.1,0.00,0.087,—,1.573
trio-gatherers,20,3,solo,180,200,1.000,0.000,0.000,1.000,0.0,0.00,0.000,—,1.620
trio-gatherers,20,3,solo,300,200,1.000,0.000,0.000,1.000,0.0,0.00,0.000,—,1.620
trio-gatherers,20,3,pack,180,200,1.000,0.000,0.000,0.927,4.3,0.00,0.073,—,1.581
trio-gatherers,20,3,pack,300,200,1.000,0.000,0.000,0.926,4.3,0.00,0.074,—,1.580
trio-gatherers,20,3,boss,180,200,1.000,0.000,0.000,0.837,10.1,0.00,0.163,—,1.532
trio-gatherers,20,3,boss,300,200,1.000,0.000,0.000,0.838,10.1,0.00,0.162,—,1.533
trio-gatherers,20,4,solo,180,200,1.000,0.000,0.000,0.970,1.4,0.00,0.030,—,1.604
trio-gatherers,20,4,solo,300,200,1.000,0.000,0.000,0.970,1.4,0.00,0.030,—,1.604
trio-gatherers,20,4,pack,180,200,1.000,0.000,0.000,0.848,6.0,0.00,0.152,—,1.538
trio-gatherers,20,4,pack,300,200,1.000,0.000,0.000,0.848,6.0,0.00,0.152,—,1.538
trio-gatherers,20,4,boss,180,200,1.000,0.000,0.000,0.797,12.0,0.00,0.203,—,1.511
trio-gatherers,20,4,boss,300,200,1.000,0.000,0.000,0.795,12.0,0.00,0.205,—,1.509
trio-gatherers,20,5,solo,180,200,1.000,0.000,0.000,0.960,1.4,0.00,0.040,—,1.599
trio-gatherers,20,5,solo,300,200,1.000,0.000,0.000,0.963,1.4,0.00,0.037,—,1.600
trio-gatherers,20,5,pack,180,200,1.000,0.000,0.000,0.771,8.5,0.00,0.229,—,1.496
trio-gatherers,20,5,pack,300,200,1.000,0.000,0.000,0.768,8.5,0.00,0.232,—,1.495
trio-gatherers,20,5,boss,180,200,1.000,0.000,0.000,0.664,17.7,0.99,0.336,—,1.439
trio-gatherers,20,5,boss,300,200,1.000,0.000,0.000,0.666,17.7,0.99,0.334,—,1.440
trio-gatherers,20,6,solo,180,200,1.000,0.000,0.000,0.952,2.8,0.00,0.048,—,1.594
trio-gatherers,20,6,solo,300,200,1.000,0.000,0.000,0.953,2.8,0.00,0.047,—,1.595
trio-gatherers,20,6,pack,180,200,1.000,0.000,0.000,0.630,12.8,1.00,0.370,—,1.420
trio-gatherers,20,6,pack,300,200,1.000,0.000,0.000,0.633,12.7,0.98,0.367,—,1.422
trio-gatherers,20,6,boss,180,200,0.125,0.000,0.875,0.300,35.1,2.87,0.963,—,0.155
trio-gatherers,20,6,boss,300,200,0.065,0.000,0.935,0.295,35.1,2.93,0.981,—,0.081
trio-gatherers,20,7,solo,180,200,1.000,0.000,0.000,0.878,4.2,0.00,0.122,—,1.554
trio-gatherers,20,7,solo,300,200,1.000,0.000,0.000,0.876,4.2,0.00,0.124,—,1.553
trio-gatherers,20,7,pack,180,200,0.005,0.000,0.995,0.246,30.0,3.00,0.999,—,0.006
trio-gatherers,20,7,pack,300,200,0.010,0.000,0.990,0.246,30.0,2.99,0.998,—,0.012
trio-gatherers,20,7,boss,180,200,0.000,0.000,1.000,—,—,3.00,1.000,—,0.000
trio-gatherers,20,7,boss,300,200,0.000,0.000,1.000,—,—,3.00,1.000,—,0.000
trio-gatherers,20,8,solo,180,200,1.000,0.000,0.000,0.849,5.6,0.00,0.151,—,1.538
trio-gatherers,20,8,solo,300,200,1.000,0.000,0.000,0.847,5.6,0.00,0.153,—,1.537
trio-gatherers,20,8,pack,180,200,0.000,0.000,1.000,—,—,3.00,1.000,—,0.000
trio-gatherers,20,8,pack,300,200,0.000,0.000,1.000,—,—,3.00,1.000,—,0.000
trio-gatherers,20,8,boss,180,200,0.000,0.000,1.000,—,—,3.00,1.000,—,0.000
trio-gatherers,20,8,boss,300,200,0.000,0.000,1.000,—,—,3.00,1.000,—,0.000
trio-gatherers,35,1,solo,180,200,1.000,0.000,0.000,1.000,0.0,0.00,0.000,—,1.710
trio-gatherers,35,1,solo,300,200,1.000,0.000,0.000,1.000,0.0,0.00,0.000,—,1.710
trio-gatherers,35,1,pack,180,200,1.000,0.000,0.000,0.979,2.3,0.00,0.021,—,1.698
trio-gatherers,35,1,pack,300,200,1.000,0.000,0.000,0.979,2.3,0.00,0.021,—,1.698
trio-gatherers,35,1,boss,180,200,1.000,0.000,0.000,0.968,3.5,0.00,0.032,—,1.692
trio-gatherers,35,1,boss,300,200,1.000,0.000,0.000,0.969,3.5,0.00,0.031,—,1.692
trio-gatherers,35,2,solo,180,200,1.000,0.000,0.000,1.000,0.0,0.00,0.000,—,1.710
trio-gatherers,35,2,solo,300,200,1.000,0.000,0.000,1.000,0.0,0.00,0.000,—,1.710
trio-gatherers,35,2,pack,180,200,1.000,0.000,0.000,0.973,2.3,0.00,0.027,—,1.695
trio-gatherers,35,2,pack,300,200,1.000,0.000,0.000,0.974,2.3,0.00,0.026,—,1.695
trio-gatherers,35,2,boss,180,200,1.000,0.000,0.000,0.960,3.5,0.00,0.040,—,1.687
trio-gatherers,35,2,boss,300,200,1.000,0.000,0.000,0.960,3.5,0.00,0.040,—,1.687
trio-gatherers,35,3,solo,180,200,1.000,0.000,0.000,1.000,0.0,0.00,0.000,—,1.710
trio-gatherers,35,3,solo,300,200,1.000,0.000,0.000,1.000,0.0,0.00,0.000,—,1.710
trio-gatherers,35,3,pack,180,200,1.000,0.000,0.000,0.966,2.3,0.00,0.034,—,1.691
trio-gatherers,35,3,pack,300,200,1.000,0.000,0.000,0.966,2.3,0.00,0.034,—,1.691
trio-gatherers,35,3,boss,180,200,1.000,0.000,0.000,0.951,4.7,0.00,0.049,—,1.682
trio-gatherers,35,3,boss,300,200,1.000,0.000,0.000,0.951,4.7,0.00,0.049,—,1.682
trio-gatherers,35,4,solo,180,200,1.000,0.000,0.000,1.000,0.0,0.00,0.000,—,1.710
trio-gatherers,35,4,solo,300,200,1.000,0.000,0.000,1.000,0.0,0.00,0.000,—,1.710
trio-gatherers,35,4,pack,180,200,1.000,0.000,0.000,0.937,3.5,0.00,0.063,—,1.674
trio-gatherers,35,4,pack,300,200,1.000,0.000,0.000,0.938,3.5,0.00,0.062,—,1.675
trio-gatherers,35,4,boss,180,200,1.000,0.000,0.000,0.937,6.0,0.00,0.063,—,1.674
trio-gatherers,35,4,boss,300,200,1.000,0.000,0.000,0.938,6.0,0.00,0.062,—,1.675
trio-gatherers,35,5,solo,180,200,1.000,0.000,0.000,1.000,0.0,0.00,0.000,—,1.710
trio-gatherers,35,5,solo,300,200,1.000,0.000,0.000,1.000,0.0,0.00,0.000,—,1.710
trio-gatherers,35,5,pack,180,200,1.000,0.000,0.000,0.921,3.5,0.00,0.079,—,1.665
trio-gatherers,35,5,pack,300,200,1.000,0.000,0.000,0.921,3.5,0.00,0.079,—,1.665
trio-gatherers,35,5,boss,180,200,1.000,0.000,0.000,0.863,8.2,0.00,0.137,—,1.632
trio-gatherers,35,5,boss,300,200,1.000,0.000,0.000,0.863,8.2,0.00,0.137,—,1.632
trio-gatherers,35,6,solo,180,200,1.000,0.000,0.000,0.966,1.2,0.00,0.034,—,1.691
trio-gatherers,35,6,solo,300,200,1.000,0.000,0.000,0.966,1.2,0.00,0.034,—,1.691
trio-gatherers,35,6,pack,180,200,1.000,0.000,0.000,0.832,5.8,0.00,0.168,—,1.614
trio-gatherers,35,6,pack,300,200,1.000,0.000,0.000,0.831,5.8,0.00,0.169,—,1.613
trio-gatherers,35,6,boss,180,200,1.000,0.000,0.000,0.777,10.6,0.00,0.223,—,1.583
trio-gatherers,35,6,boss,300,200,1.000,0.000,0.000,0.779,10.6,0.00,0.221,—,1.584
trio-gatherers,35,7,solo,180,200,1.000,0.000,0.000,0.958,1.2,0.00,0.042,—,1.686
trio-gatherers,35,7,solo,300,200,1.000,0.000,0.000,0.957,1.2,0.00,0.043,—,1.686
trio-gatherers,35,7,pack,180,200,1.000,0.000,0.000,0.746,7.0,0.00,0.254,—,1.565
trio-gatherers,35,7,pack,300,200,1.000,0.000,0.000,0.748,7.0,0.00,0.252,—,1.566
trio-gatherers,35,7,boss,180,200,1.000,0.000,0.000,0.599,17.4,0.99,0.401,—,1.482
trio-gatherers,35,7,boss,300,200,1.000,0.000,0.000,0.612,17.0,0.97,0.388,—,1.489
trio-gatherers,35,8,solo,180,200,1.000,0.000,0.000,0.947,2.3,0.00,0.053,—,1.680
trio-gatherers,35,8,solo,300,200,1.000,0.000,0.000,0.949,2.3,0.00,0.051,—,1.681
trio-gatherers,35,8,pack,180,200,1.000,0.000,0.000,0.674,11.3,0.85,0.326,—,1.524
trio-gatherers,35,8,pack,300,200,1.000,0.000,0.000,0.677,11.1,0.80,0.323,—,1.526
trio-gatherers,35,8,boss,180,200,0.130,0.000,0.870,0.490,23.2,2.74,0.936,—,0.185
trio-gatherers,35,8,boss,300,200,0.120,0.000,0.880,0.479,23.5,2.76,0.943,—,0.170
trio-gatherers,50,1,solo,180,200,1.000,0.000,0.000,1.000,0.0,0.00,0.000,—,1.800
trio-gatherers,50,1,solo,300,200,1.000,0.000,0.000,1.000,0.0,0.00,0.000,—,1.800
trio-gatherers,50,1,pack,180,200,1.000,0.000,0.000,0.992,1.1,0.00,0.008,—,1.795
trio-gatherers,50,1,pack,300,200,1.000,0.000,0.000,0.992,1.1,0.00,0.008,—,1.795
trio-gatherers,50,1,boss,180,200,1.000,0.000,0.000,0.989,2.1,0.00,0.011,—,1.793
trio-gatherers,50,1,boss,300,200,1.000,0.000,0.000,0.988,2.1,0.00,0.012,—,1.793
trio-gatherers,50,2,solo,180,200,1.000,0.000,0.000,1.000,0.0,0.00,0.000,—,1.800
trio-gatherers,50,2,solo,300,200,1.000,0.000,0.000,1.000,0.0,0.00,0.000,—,1.800
trio-gatherers,50,2,pack,180,200,1.000,0.000,0.000,0.990,1.1,0.00,0.010,—,1.794
trio-gatherers,50,2,pack,300,200,1.000,0.000,0.000,0.990,1.1,0.00,0.010,—,1.794
trio-gatherers,50,2,boss,180,200,1.000,0.000,0.000,0.985,2.1,0.00,0.015,—,1.791
trio-gatherers,50,2,boss,300,200,1.000,0.000,0.000,0.985,2.1,0.00,0.015,—,1.791
trio-gatherers,50,3,solo,180,200,1.000,0.000,0.000,1.000,0.0,0.00,0.000,—,1.800
trio-gatherers,50,3,solo,300,200,1.000,0.000,0.000,1.000,0.0,0.00,0.000,—,1.800
trio-gatherers,50,3,pack,180,200,1.000,0.000,0.000,0.974,2.1,0.00,0.026,—,1.784
trio-gatherers,50,3,pack,300,200,1.000,0.000,0.000,0.974,2.1,0.00,0.026,—,1.784
trio-gatherers,50,3,boss,180,200,1.000,0.000,0.000,0.962,3.2,0.00,0.038,—,1.777
trio-gatherers,50,3,boss,300,200,1.000,0.000,0.000,0.962,3.2,0.00,0.038,—,1.777
trio-gatherers,50,4,solo,180,200,1.000,0.000,0.000,1.000,0.0,0.00,0.000,—,1.800
trio-gatherers,50,4,solo,300,200,1.000,0.000,0.000,1.000,0.0,0.00,0.000,—,1.800
trio-gatherers,50,4,pack,180,200,1.000,0.000,0.000,0.968,2.1,0.00,0.032,—,1.781
trio-gatherers,50,4,pack,300,200,1.000,0.000,0.000,0.969,2.1,0.00,0.031,—,1.781
trio-gatherers,50,4,boss,180,200,1.000,0.000,0.000,0.953,4.2,0.00,0.047,—,1.772
trio-gatherers,50,4,boss,300,200,1.000,0.000,0.000,0.952,4.2,0.00,0.048,—,1.771
trio-gatherers,50,5,solo,180,200,1.000,0.000,0.000,1.000,0.0,0.00,0.000,—,1.800
trio-gatherers,50,5,solo,300,200,1.000,0.000,0.000,1.000,0.0,0.00,0.000,—,1.800
trio-gatherers,50,5,pack,180,200,1.000,0.000,0.000,0.960,2.1,0.00,0.040,—,1.776
trio-gatherers,50,5,pack,300,200,1.000,0.000,0.000,0.960,2.1,0.00,0.040,—,1.776
trio-gatherers,50,5,boss,180,200,1.000,0.000,0.000,0.940,5.3,0.00,0.060,—,1.764
trio-gatherers,50,5,boss,300,200,1.000,0.000,0.000,0.940,5.3,0.00,0.060,—,1.764
trio-gatherers,50,6,solo,180,200,1.000,0.000,0.000,1.000,0.0,0.00,0.000,—,1.800
trio-gatherers,50,6,solo,300,200,1.000,0.000,0.000,1.000,0.0,0.00,0.000,—,1.800
trio-gatherers,50,6,pack,180,200,1.000,0.000,0.000,0.923,3.2,0.00,0.077,—,1.754
trio-gatherers,50,6,pack,300,200,1.000,0.000,0.000,0.924,3.2,0.00,0.076,—,1.754
trio-gatherers,50,6,boss,180,200,1.000,0.000,0.000,0.869,7.4,0.00,0.131,—,1.721
trio-gatherers,50,6,boss,300,200,1.000,0.000,0.000,0.869,7.4,0.00,0.131,—,1.721
trio-gatherers,50,7,solo,180,200,1.000,0.000,0.000,0.968,1.1,0.00,0.032,—,1.781
trio-gatherers,50,7,solo,300,200,1.000,0.000,0.000,0.968,1.1,0.00,0.032,—,1.781
trio-gatherers,50,7,pack,180,200,1.000,0.000,0.000,0.839,5.3,0.00,0.161,—,1.704
trio-gatherers,50,7,pack,300,200,1.000,0.000,0.000,0.839,5.3,0.00,0.161,—,1.704
trio-gatherers,50,7,boss,180,200,1.000,0.000,0.000,0.786,9.5,0.00,0.214,—,1.671
trio-gatherers,50,7,boss,300,200,1.000,0.000,0.000,0.789,9.5,0.00,0.211,—,1.673
trio-gatherers,50,8,solo,180,200,1.000,0.000,0.000,0.959,1.1,0.00,0.041,—,1.775
trio-gatherers,50,8,solo,300,200,1.000,0.000,0.000,0.960,1.1,0.00,0.040,—,1.776
trio-gatherers,50,8,pack,180,200,1.000,0.000,0.000,0.761,6.3,0.00,0.239,—,1.657
trio-gatherers,50,8,pack,300,200,1.000,0.000,0.000,0.759,6.3,0.00,0.241,—,1.655
trio-gatherers,50,8,boss,180,200,1.000,0.000,0.000,0.736,11.7,0.00,0.264,—,1.642
trio-gatherers,50,8,boss,300,200,1.000,0.000,0.000,0.736,11.7,0.00,0.264,—,1.642
duo-tank-heal,1,1,solo,180,200,1.000,0.000,0.000,0.868,8.2,0.00,0.132,1.000,1.440
duo-tank-heal,1,1,solo,300,200,1.000,0.000,0.000,0.868,8.2,0.00,0.132,1.000,1.440
duo-tank-heal,1,1,pack,180,200,1.000,0.000,0.000,0.995,77.4,0.00,0.005,1.000,1.504
duo-tank-heal,1,1,pack,300,200,1.000,0.000,0.000,0.999,77.8,0.00,0.001,1.000,1.505
duo-tank-heal,1,1,boss,180,200,1.000,0.000,0.000,0.943,147.1,0.00,0.057,1.000,1.477
duo-tank-heal,1,1,boss,300,200,1.000,0.000,0.000,0.943,148.0,0.00,0.057,1.000,1.478
duo-tank-heal,1,2,solo,180,200,1.000,0.000,0.000,0.977,17.2,0.00,0.023,1.000,1.495
duo-tank-heal,1,2,solo,300,200,1.000,0.000,0.000,0.970,17.0,0.00,0.030,1.000,1.491
duo-tank-heal,1,2,pack,180,200,0.000,0.000,1.000,—,—,2.00,1.000,0.600,0.000
duo-tank-heal,1,2,pack,300,200,0.000,0.000,1.000,—,—,2.00,1.000,0.590,0.000
duo-tank-heal,1,2,boss,180,200,0.000,1.000,0.000,—,—,0.00,0.096,1.000,0.000
duo-tank-heal,1,2,boss,300,200,1.000,0.000,0.000,0.981,197.4,0.00,0.019,1.000,1.496
duo-tank-heal,1,3,solo,180,200,1.000,0.000,0.000,0.997,29.7,0.00,0.003,1.000,1.505
duo-tank-heal,1,3,solo,300,200,1.000,0.000,0.000,0.999,29.9,0.00,0.001,1.000,1.505
duo-tank-heal,1,3,pack,180,200,0.000,0.000,1.000,—,—,2.00,1.000,0.604,0.000
duo-tank-heal,1,3,pack,300,200,0.000,0.000,1.000,—,—,2.00,1.000,0.605,0.000
duo-tank-heal,1,3,boss,180,200,0.000,0.010,0.990,—,—,1.98,0.991,0.559,0.000
duo-tank-heal,1,3,boss,300,200,0.020,0.000,0.980,0.991,246.0,1.96,0.980,0.582,0.030
duo-tank-heal,1,4,solo,180,200,1.000,0.000,0.000,0.934,47.0,0.00,0.066,1.000,1.473
duo-tank-heal,1,4,solo,300,200,1.000,0.000,0.000,0.929,47.4,0.00,0.071,1.000,1.470
duo-tank-heal,1,4,pack,180,200,0.000,0.000,1.000,—,—,2.00,1.000,0.553,0.000
duo-tank-heal,1,4,pack,300,200,0.000,0.000,1.000,—,—,2.00,1.000,0.554,0.000
duo-tank-heal,1,4,boss,180,200,0.000,0.000,1.000,—,—,2.00,1.000,0.551,0.000
duo-tank-heal,1,4,boss,300,200,0.000,0.000,1.000,—,—,2.00,1.000,0.548,0.000
duo-tank-heal,1,5,solo,180,200,1.000,0.000,0.000,0.903,59.8,0.00,0.097,1.000,1.457
duo-tank-heal,1,5,solo,300,200,1.000,0.000,0.000,0.905,59.9,0.00,0.095,1.000,1.458
duo-tank-heal,1,5,pack,180,200,0.000,0.000,1.000,—,—,2.00,1.000,0.555,0.000
duo-tank-heal,1,5,pack,300,200,0.000,0.000,1.000,—,—,2.00,1.000,0.555,0.000
duo-tank-heal,1,5,boss,180,200,0.000,0.000,1.000,—,—,2.00,1.000,0.477,0.000
duo-tank-heal,1,5,boss,300,200,0.000,0.000,1.000,—,—,2.00,1.000,0.474,0.000
duo-tank-heal,1,6,solo,180,200,0.000,0.000,1.000,—,—,2.00,1.000,0.605,0.000
duo-tank-heal,1,6,solo,300,200,0.005,0.000,0.995,0.698,78.0,1.99,0.997,0.606,0.007
duo-tank-heal,1,6,pack,180,200,0.000,0.000,1.000,—,—,2.00,1.000,0.518,0.000
duo-tank-heal,1,6,pack,300,200,0.000,0.000,1.000,—,—,2.00,1.000,0.517,0.000
duo-tank-heal,1,6,boss,180,200,0.000,0.000,1.000,—,—,2.00,1.000,0.505,0.000
duo-tank-heal,1,6,boss,300,200,0.000,0.000,1.000,—,—,2.00,1.000,0.508,0.000
duo-tank-heal,1,7,solo,180,200,0.000,0.000,1.000,—,—,2.00,1.000,0.591,0.000
duo-tank-heal,1,7,solo,300,200,0.000,0.000,1.000,—,—,2.00,1.000,0.599,0.000
duo-tank-heal,1,7,pack,180,200,0.000,0.000,1.000,—,—,2.00,1.000,0.610,0.000
duo-tank-heal,1,7,pack,300,200,0.000,0.000,1.000,—,—,2.00,1.000,0.614,0.000
duo-tank-heal,1,7,boss,180,200,0.000,0.000,1.000,—,—,2.00,1.000,0.597,0.000
duo-tank-heal,1,7,boss,300,200,0.000,0.000,1.000,—,—,2.00,1.000,0.592,0.000
duo-tank-heal,1,8,solo,180,200,0.000,0.000,1.000,—,—,2.00,1.000,0.608,0.000
duo-tank-heal,1,8,solo,300,200,0.000,0.000,1.000,—,—,2.00,1.000,0.608,0.000
duo-tank-heal,1,8,pack,180,200,0.000,0.000,1.000,—,—,2.00,1.000,0.602,0.000
duo-tank-heal,1,8,pack,300,200,0.000,0.000,1.000,—,—,2.00,1.000,0.603,0.000
duo-tank-heal,1,8,boss,180,200,0.000,0.000,1.000,—,—,2.00,1.000,0.596,0.000
duo-tank-heal,1,8,boss,300,200,0.000,0.000,1.000,—,—,2.00,1.000,0.597,0.000
duo-tank-heal,5,1,solo,180,200,1.000,0.000,0.000,0.929,4.1,0.00,0.071,1.000,1.494
duo-tank-heal,5,1,solo,300,200,1.000,0.000,0.000,0.929,4.1,0.00,0.071,1.000,1.494
duo-tank-heal,5,1,pack,180,200,1.000,0.000,0.000,0.999,41.7,0.00,0.001,1.000,1.529
duo-tank-heal,5,1,pack,300,200,1.000,0.000,0.000,0.999,41.5,0.00,0.001,1.000,1.529
duo-tank-heal,5,1,boss,180,200,1.000,0.000,0.000,0.996,93.1,0.00,0.004,1.000,1.528
duo-tank-heal,5,1,boss,300,200,1.000,0.000,0.000,0.994,93.1,0.00,0.006,1.000,1.527
duo-tank-heal,5,2,solo,180,200,1.000,0.000,0.000,0.925,6.0,0.00,0.075,1.000,1.492
duo-tank-heal,5,2,solo,300,200,1.000,0.000,0.000,0.926,6.0,0.00,0.074,1.000,1.492
duo-tank-heal,5,2,pack,180,200,1.000,0.000,0.000,0.998,59.6,0.00,0.002,1.000,1.529
duo-tank-heal,5,2,pack,300,200,1.000,0.000,0.000,0.998,59.7,0.00,0.002,1.000,1.529
duo-tank-heal,5,2,boss,180,200,1.000,0.000,0.000,0.950,123.5,0.00,0.050,1.000,1.504
duo-tank-heal,5,2,boss,300,200,1.000,0.000,0.000,0.950,123.3,0.00,0.050,1.000,1.504
duo-tank-heal,5,3,solo,180,200,1.000,0.000,0.000,0.844,8.2,0.00,0.156,1.000,1.450
duo-tank-heal,5,3,solo,300,200,1.000,0.000,0.000,0.844,8.2,0.00,0.156,1.000,1.451
duo-tank-heal,5,3,pack,180,200,1.000,0.000,0.000,0.997,77.7,0.00,0.003,1.000,1.528
duo-tank-heal,5,3,pack,300,200,1.000,0.000,0.000,0.996,77.4,0.00,0.004,1.000,1.528
duo-tank-heal,5,3,boss,180,200,1.000,0.000,0.000,0.988,152.2,0.00,0.012,1.000,1.524
duo-tank-heal,5,3,boss,300,200,1.000,0.000,0.000,0.985,151.6,0.00,0.015,1.000,1.523
duo-tank-heal,5,4,solo,180,200,1.000,0.000,0.000,0.947,16.5,0.00,0.053,1.000,1.503
duo-tank-heal,5,4,solo,300,200,1.000,0.000,0.000,0.946,16.5,0.00,0.054,1.000,1.503
duo-tank-heal,5,4,pack,180,200,0.025,0.205,0.770,1.000,93.6,1.75,0.926,0.389,0.038
duo-tank-heal,5,4,pack,300,200,0.020,0.210,0.770,1.000,96.0,1.75,0.949,0.284,0.031
duo-tank-heal,5,4,boss,180,200,0.000,1.000,0.000,—,—,0.00,0.106,1.000,0.000
duo-tank-heal,5,4,boss,300,200,1.000,0.000,0.000,0.928,202.7,0.00,0.072,1.000,1.494
duo-tank-heal,5,5,solo,180,200,1.000,0.000,0.000,0.935,34.5,0.00,0.065,1.000,1.497
duo-tank-heal,5,5,solo,300,200,1.000,0.000,0.000,0.939,34.2,0.00,0.061,1.000,1.499
duo-tank-heal,5,5,pack,180,200,0.000,0.000,1.000,—,—,2.00,1.000,0.592,0.000
duo-tank-heal,5,5,pack,300,200,0.000,0.000,1.000,—,—,2.00,1.000,0.593,0.000
duo-tank-heal,5,5,boss,180,200,0.000,0.100,0.900,—,—,1.89,0.964,0.507,0.000
duo-tank-heal,5,5,boss,300,200,0.045,0.060,0.895,0.905,251.7,1.85,0.949,0.532,0.067
duo-tank-heal,5,6,solo,180,200,1.000,0.000,0.000,0.912,47.7,0.00,0.088,1.000,1.485
duo-tank-heal,5,6,solo,300,200,1.000,0.000,0.000,0.908,47.5,0.00,0.092,1.000,1.483
duo-tank-heal,5,6,pack,180,200,0.000,0.000,1.000,—,—,2.00,1.000,0.555,0.000
duo-tank-heal,5,6,pack,300,200,0.000,0.000,1.000,—,—,2.00,1.000,0.556,0.000
duo-tank-heal,5,6,boss,180,200,0.000,0.000,1.000,—,—,2.00,1.000,0.566,0.000
duo-tank-heal,5,6,boss,300,200,0.000,0.000,1.000,—,—,2.00,1.000,0.562,0.000
duo-tank-heal,5,7,solo,180,200,1.000,0.000,0.000,0.997,65.6,0.00,0.003,1.000,1.528
duo-tank-heal,5,7,solo,300,200,1.000,0.000,0.000,0.996,65.4,0.00,0.004,1.000,1.528
duo-tank-heal,5,7,pack,180,200,0.000,0.000,1.000,—,—,2.00,1.000,0.526,0.000
duo-tank-heal,5,7,pack,300,200,0.000,0.000,1.000,—,—,2.00,1.000,0.519,0.000
duo-tank-heal,5,7,boss,180,200,0.000,0.000,1.000,—,—,2.00,1.000,0.482,0.000
duo-tank-heal,5,7,boss,300,200,0.000,0.000,1.000,—,—,2.00,1.000,0.483,0.000
duo-tank-heal,5,8,solo,180,200,0.135,0.000,0.865,0.712,83.8,1.74,0.904,0.744,0.187
duo-tank-heal,5,8,solo,300,200,0.165,0.000,0.835,0.686,83.5,1.71,0.887,0.752,0.226
duo-tank-heal,5,8,pack,180,200,0.000,0.000,1.000,—,—,2.00,1.000,0.503,0.000
duo-tank-heal,5,8,pack,300,200,0.000,0.000,1.000,—,—,2.00,1.000,0.504,0.000
duo-tank-heal,5,8,boss,180,200,0.000,0.000,1.000,—,—,2.00,1.000,0.509,0.000
duo-tank-heal,5,8,boss,300,200,0.000,0.000,1.000,—,—,2.00,1.000,0.503,0.000
duo-tank-heal,10,1,solo,180,200,1.000,0.000,0.000,1.000,0.0,0.00,0.000,—,1.560
duo-tank-heal,10,1,solo,300,200,1.000,0.000,0.000,1.000,0.0,0.00,0.000,—,1.560
duo-tank-heal,10,1,pack,180,200,1.000,0.000,0.000,0.873,12.0,0.00,0.127,1.000,1.494
duo-tank-heal,10,1,pack,300,200,1.000,0.000,0.000,0.873,12.0,0.00,0.127,1.000,1.494
duo-tank-heal,10,1,boss,180,200,1.000,0.000,0.000,0.984,43.7,0.00,0.016,1.000,1.552
duo-tank-heal,10,1,boss,300,200,1.000,0.000,0.000,0.984,44.4,0.00,0.016,1.000,1.552
duo-tank-heal,10,2,solo,180,200,1.000,0.000,0.000,0.938,4.1,0.00,0.062,1.000,1.528
duo-tank-heal,10,2,solo,300,200,1.000,0.000,0.000,0.937,4.1,0.00,0.063,1.000,1.527
duo-tank-heal,10,2,pack,180,200,1.000,0.000,0.000,0.996,40.7,0.00,0.004,1.000,1.558
duo-tank-heal,10,2,pack,300,200,1.000,0.000,0.000,0.996,40.9,0.00,0.004,1.000,1.558
duo-tank-heal,10,2,boss,180,200,1.000,0.000,0.000,0.994,64.4,0.00,0.006,1.000,1.557
duo-tank-heal,10,2,boss,300,200,1.000,0.000,0.000,0.995,65.0,0.00,0.005,1.000,1.557
duo-tank-heal,10,3,solo,180,200,1.000,0.000,0.000,0.933,6.0,0.00,0.067,1.000,1.525
duo-tank-heal,10,3,solo,300,200,1.000,0.000,0.000,0.933,6.0,0.00,0.067,1.000,1.525
duo-tank-heal,10,3,pack,180,200,1.000,0.000,0.000,1.000,59.9,0.00,0.000,1.000,1.560
duo-tank-heal,10,3,pack,300,200,1.000,0.000,0.000,0.999,59.6,0.00,0.001,1.000,1.559
duo-tank-heal,10,3,boss,180,200,1.000,0.000,0.000,0.982,103.1,0.00,0.018,1.000,1.550
duo-tank-heal,10,3,boss,300,200,1.000,0.000,0.000,0.984,103.6,0.00,0.016,1.000,1.552
duo-tank-heal,10,4,solo,180,200,1.000,0.000,0.000,0.916,6.0,0.00,0.084,1.000,1.516
duo-tank-heal,10,4,solo,300,200,1.000,0.000,0.000,0.918,6.0,0.00,0.082,1.000,1.517
duo-tank-heal,10,4,pack,180,200,1.000,0.000,0.000,0.996,71.2,0.00,0.004,1.000,1.558
duo-tank-heal,10,4,pack,300,200,1.000,0.000,0.000,0.997,71.6,0.00,0.003,1.000,1.559
duo-tank-heal,10,4,boss,180,200,1.000,0.000,0.000,0.951,136.4,0.00,0.049,1.000,1.535
duo-tank-heal,10,4,boss,300,200,1.000,0.000,0.000,0.949,136.6,0.00,0.051,1.000,1.534
duo-tank-heal,10,5,solo,180,200,1.000,0.000,0.000,0.919,10.7,0.00,0.081,1.000,1.518
duo-tank-heal,10,5,solo,300,200,1.000,0.000,0.000,0.922,10.8,0.00,0.078,1.000,1.520
duo-tank-heal,10,5,pack,180,200,1.000,0.000,0.000,0.999,95.7,0.00,0.001,1.000,1.559
duo-tank-heal,10,5,pack,300,200,1.000,0.000,0.000,0.998,95.2,0.00,0.002,1.000,1.559
duo-tank-heal,10,5,boss,180,200,1.000,0.000,0.000,0.999,171.3,0.00,0.001,1.000,1.560
duo-tank-heal,10,5,boss,300,200,1.000,0.000,0.000,0.998,172.5,0.00,0.002,1.000,1.559
duo-tank-heal,10,6,solo,180,200,1.000,0.000,0.000,0.941,23.5,0.00,0.059,1.000,1.529
duo-tank-heal,10,6,solo,300,200,1.000,0.000,0.000,0.941,23.5,0.00,0.059,1.000,1.529
duo-tank-heal,10,6,pack,180,200,0.005,0.000,0.995,0.930,114.0,1.99,0.995,0.582,0.008
duo-tank-heal,10,6,pack,300,200,0.000,0.000,1.000,—,—,2.00,1.000,0.574,0.000
duo-tank-heal,10,6,boss,180,200,0.000,1.000,0.000,—,—,0.00,0.114,1.000,0.000
duo-tank-heal,10,6,boss,300,200,1.000,0.000,0.000,0.988,219.9,0.00,0.012,1.000,1.554
duo-tank-heal,10,7,solo,180,200,1.000,0.000,0.000,0.979,40.0,0.00,0.021,1.000,1.549
duo-tank-heal,10,7,solo,300,200,1.000,0.000,0.000,0.983,40.4,0.00,0.017,1.000,1.551
duo-tank-heal,10,7,pack,180,200,0.000,0.000,1.000,—,—,2.00,1.000,0.606,0.000
duo-tank-heal,10,7,pack,300,200,0.000,0.000,1.000,—,—,2.00,1.000,0.610,0.000
duo-tank-heal,10,7,boss,180,200,0.000,0.000,1.000,—,—,2.00,1.000,0.609,0.000
duo-tank-heal,10,7,boss,300,200,0.000,0.000,1.000,—,—,2.00,1.000,0.617,0.000
duo-tank-heal,10,8,solo,180,200,1.000,0.000,0.000,0.993,53.5,0.00,0.007,1.000,1.556
duo-tank-heal,10,8,solo,300,200,1.000,0.000,0.000,0.994,53.5,0.00,0.006,1.000,1.557
duo-tank-heal,10,8,pack,180,200,0.000,0.000,1.000,—,—,2.00,1.000,0.617,0.000
duo-tank-heal,10,8,pack,300,200,0.000,0.000,1.000,—,—,2.00,1.000,0.623,0.000
duo-tank-heal,10,8,boss,180,200,0.000,0.000,1.000,—,—,2.00,1.000,0.641,0.000
duo-tank-heal,10,8,boss,300,200,0.000,0.000,1.000,—,—,2.00,1.000,0.642,0.000
duo-tank-heal,20,1,solo,180,200,1.000,0.000,0.000,1.000,0.0,0.00,0.000,—,1.620
duo-tank-heal,20,1,solo,300,200,1.000,0.000,0.000,1.000,0.0,0.00,0.000,—,1.620
duo-tank-heal,20,1,pack,180,200,1.000,0.000,0.000,0.934,12.0,0.00,0.066,1.000,1.584
duo-tank-heal,20,1,pack,300,200,1.000,0.000,0.000,0.935,12.0,0.00,0.065,1.000,1.585
duo-tank-heal,20,1,boss,180,200,1.000,0.000,0.000,0.894,16.3,0.00,0.106,1.000,1.563
duo-tank-heal,20,1,boss,300,200,1.000,0.000,0.000,0.895,16.3,0.00,0.105,1.000,1.563
duo-tank-heal,20,2,solo,180,200,1.000,0.000,0.000,1.000,0.0,0.00,0.000,—,1.620
duo-tank-heal,20,2,solo,300,200,1.000,0.000,0.000,1.000,0.0,0.00,0.000,—,1.620
duo-tank-heal,20,2,pack,180,200,1.000,0.000,0.000,0.915,12.0,0.00,0.085,1.000,1.574
duo-tank-heal,20,2,pack,300,200,1.000,0.000,0.000,0.914,12.0,0.00,0.086,1.000,1.574
duo-tank-heal,20,2,boss,180,200,1.000,0.000,0.000,0.874,21.1,0.00,0.126,1.000,1.552
duo-tank-heal,20,2,boss,300,200,1.000,0.000,0.000,0.882,21.3,0.00,0.118,1.000,1.556
duo-tank-heal,20,3,solo,180,200,1.000,0.000,0.000,1.000,0.0,0.00,0.000,—,1.620
duo-tank-heal,20,3,solo,300,200,1.000,0.000,0.000,1.000,0.0,0.00,0.000,—,1.620
duo-tank-heal,20,3,pack,180,200,1.000,0.000,0.000,0.887,12.0,0.00,0.113,1.000,1.559
duo-tank-heal,20,3,pack,300,200,1.000,0.000,0.000,0.889,12.0,0.00,0.111,1.000,1.560
duo-tank-heal,20,3,boss,180,200,1.000,0.000,0.000,0.995,38.7,0.00,0.005,1.000,1.617
duo-tank-heal,20,3,boss,300,200,1.000,0.000,0.000,0.994,39.0,0.00,0.006,1.000,1.617
duo-tank-heal,20,4,solo,180,200,1.000,0.000,0.000,0.949,4.1,0.00,0.051,1.000,1.592
duo-tank-heal,20,4,solo,300,200,1.000,0.000,0.000,0.949,4.1,0.00,0.051,1.000,1.593
duo-tank-heal,20,4,pack,180,200,1.000,0.000,0.000,0.983,35.2,0.00,0.017,1.000,1.611
duo-tank-heal,20,4,pack,300,200,1.000,0.000,0.000,0.983,35.5,0.00,0.017,1.000,1.611
duo-tank-heal,20,4,boss,180,200,1.000,0.000,0.000,0.998,69.2,0.00,0.002,1.000,1.619
duo-tank-heal,20,4,boss,300,200,1.000,0.000,0.000,0.996,69.7,0.00,0.004,1.000,1.618
duo-tank-heal,20,5,solo,180,200,1.000,0.000,0.000,0.936,4.1,0.00,0.064,1.000,1.585
duo-tank-heal,20,5,solo,300,200,1.000,0.000,0.000,0.936,4.1,0.00,0.064,1.000,1.585
duo-tank-heal,20,5,pack,180,200,1.000,0.000,0.000,0.997,58.4,0.00,0.003,1.000,1.618
duo-tank-heal,20,5,pack,300,200,1.000,0.000,0.000,0.996,58.2,0.00,0.004,1.000,1.618
duo-tank-heal,20,5,boss,180,200,1.000,0.000,0.000,0.968,98.6,0.00,0.032,1.000,1.603
duo-tank-heal,20,5,boss,300,200,1.000,0.000,0.000,0.969,98.9,0.00,0.031,1.000,1.603
duo-tank-heal,20,6,solo,180,200,1.000,0.000,0.000,0.925,6.0,0.00,0.075,1.000,1.579
duo-tank-heal,20,6,solo,300,200,1.000,0.000,0.000,0.924,6.0,0.00,0.076,1.000,1.579
duo-tank-heal,20,6,pack,180,200,1.000,0.000,0.000,0.998,71.5,0.00,0.002,1.000,1.619
duo-tank-heal,20,6,pack,300,200,1.000,0.000,0.000,0.998,71.5,0.00,0.002,1.000,1.619
duo-tank-heal,20,6,boss,180,200,1.000,0.000,0.000,0.965,132.8,0.00,0.035,1.000,1.601
duo-tank-heal,20,6,boss,300,200,1.000,0.000,0.000,0.961,130.5,0.00,0.039,1.000,1.599
duo-tank-heal,20,7,solo,180,200,1.000,0.000,0.000,0.854,8.2,0.00,0.146,1.000,1.541
duo-tank-heal,20,7,solo,300,200,1.000,0.000,0.000,0.855,8.2,0.00,0.145,1.000,1.542
duo-tank-heal,20,7,pack,180,200,1.000,0.000,0.000,0.996,95.1,0.00,0.004,1.000,1.618
duo-tank-heal,20,7,pack,300,200,1.000,0.000,0.000,0.996,95.4,0.00,0.004,1.000,1.618
duo-tank-heal,20,7,boss,180,200,1.000,0.000,0.000,0.995,175.3,0.00,0.005,1.000,1.618
duo-tank-heal,20,7,boss,300,200,1.000,0.000,0.000,0.994,174.5,0.00,0.006,1.000,1.617
duo-tank-heal,20,8,solo,180,200,1.000,0.000,0.000,0.975,20.6,0.00,0.025,1.000,1.607
duo-tank-heal,20,8,solo,300,200,1.000,0.000,0.000,0.971,21.1,0.00,0.029,1.000,1.604
duo-tank-heal,20,8,pack,180,200,1.000,0.000,0.000,0.941,113.3,0.00,0.059,1.000,1.588
duo-tank-heal,20,8,pack,300,200,1.000,0.000,0.000,0.946,113.3,0.00,0.054,1.000,1.591
duo-tank-heal,20,8,boss,180,200,0.000,1.000,0.000,—,—,0.00,0.098,1.000,0.000
duo-tank-heal,20,8,boss,300,200,1.000,0.000,0.000,0.986,228.7,0.00,0.014,1.000,1.612
duo-tank-heal,35,1,solo,180,200,1.000,0.000,0.000,1.000,0.0,0.00,0.000,—,1.710
duo-tank-heal,35,1,solo,300,200,1.000,0.000,0.000,1.000,0.0,0.00,0.000,—,1.710
duo-tank-heal,35,1,pack,180,200,1.000,0.000,0.000,0.985,4.1,0.00,0.015,1.000,1.702
duo-tank-heal,35,1,pack,300,200,1.000,0.000,0.000,0.986,4.1,0.00,0.014,1.000,1.702
duo-tank-heal,35,1,boss,180,200,1.000,0.000,0.000,0.967,12.0,0.00,0.033,1.000,1.691
duo-tank-heal,35,1,boss,300,200,1.000,0.000,0.000,0.967,12.0,0.00,0.033,1.000,1.691
duo-tank-heal,35,2,solo,180,200,1.000,0.000,0.000,1.000,0.0,0.00,0.000,—,1.710
duo-tank-heal,35,2,solo,300,200,1.000,0.000,0.000,1.000,0.0,0.00,0.000,—,1.710
duo-tank-heal,35,2,pack,180,200,1.000,0.000,0.000,0.982,4.1,0.00,0.018,1.000,1.700
duo-tank-heal,35,2,pack,300,200,1.000,0.000,0.000,0.982,4.1,0.00,0.018,1.000,1.700
duo-tank-heal,35,2,boss,180,200,1.000,0.000,0.000,0.943,12.2,0.00,0.057,1.000,1.677
duo-tank-heal,35,2,boss,300,200,1.000,0.000,0.000,0.941,12.2,0.00,0.059,1.000,1.676
duo-tank-heal,35,3,solo,180,200,1.000,0.000,0.000,1.000,0.0,0.00,0.000,—,1.710
duo-tank-heal,35,3,solo,300,200,1.000,0.000,0.000,1.000,0.0,0.00,0.000,—,1.710
duo-tank-heal,35,3,pack,180,200,1.000,0.000,0.000,0.942,12.0,0.00,0.058,1.000,1.677
duo-tank-heal,35,3,pack,300,200,1.000,0.000,0.000,0.942,12.0,0.00,0.058,1.000,1.677
duo-tank-heal,35,3,boss,180,200,1.000,0.000,0.000,0.910,16.3,0.00,0.090,1.000,1.659
duo-tank-heal,35,3,boss,300,200,1.000,0.000,0.000,0.909,16.3,0.00,0.091,1.000,1.658
duo-tank-heal,35,4,solo,180,200,1.000,0.000,0.000,1.000,0.0,0.00,0.000,—,1.710
duo-tank-heal,35,4,solo,300,200,1.000,0.000,0.000,1.000,0.0,0.00,0.000,—,1.710
duo-tank-heal,35,4,pack,180,200,1.000,0.000,0.000,0.928,12.0,0.00,0.072,1.000,1.669
duo-tank-heal,35,4,pack,300,200,1.000,0.000,0.000,0.928,12.0,0.00,0.072,1.000,1.669
duo-tank-heal,35,4,boss,180,200,1.000,0.000,0.000,0.962,32.5,0.00,0.038,1.000,1.688
duo-tank-heal,35,4,boss,300,200,1.000,0.000,0.000,0.966,32.3,0.00,0.034,1.000,1.690
duo-tank-heal,35,5,solo,180,200,1.000,0.000,0.000,1.000,0.0,0.00,0.000,—,1.710
duo-tank-heal,35,5,solo,300,200,1.000,0.000,0.000,1.000,0.0,0.00,0.000,—,1.710
duo-tank-heal,35,5,pack,180,200,1.000,0.000,0.000,0.905,12.0,0.00,0.095,1.000,1.656
duo-tank-heal,35,5,pack,300,200,1.000,0.000,0.000,0.907,12.0,0.00,0.093,1.000,1.657
duo-tank-heal,35,5,boss,180,200,1.000,0.000,0.000,0.983,34.4,0.00,0.017,1.000,1.701
duo-tank-heal,35,5,boss,300,200,1.000,0.000,0.000,0.980,33.4,0.00,0.020,1.000,1.698
duo-tank-heal,35,6,solo,180,200,1.000,0.000,0.000,0.955,4.1,0.00,0.045,1.000,1.685
duo-tank-heal,35,6,solo,300,200,1.000,0.000,0.000,0.956,4.1,0.00,0.044,1.000,1.685
duo-tank-heal,35,6,pack,180,200,1.000,0.000,0.000,0.992,32.6,0.00,0.008,1.000,1.705
duo-tank-heal,35,6,pack,300,200,1.000,0.000,0.000,0.991,32.4,0.00,0.009,1.000,1.705
duo-tank-heal,35,6,boss,180,200,1.000,0.000,0.000,0.995,69.0,0.00,0.005,1.000,1.707
duo-tank-heal,35,6,boss,300,200,1.000,0.000,0.000,0.995,68.7,0.00,0.005,1.000,1.707
duo-tank-heal,35,7,solo,180,200,1.000,0.000,0.000,0.945,4.1,0.00,0.055,1.000,1.679
duo-tank-heal,35,7,solo,300,200,1.000,0.000,0.000,0.944,4.1,0.00,0.056,1.000,1.678
duo-tank-heal,35,7,pack,180,200,1.000,0.000,0.000,0.986,52.4,0.00,0.014,1.000,1.702
duo-tank-heal,35,7,pack,300,200,1.000,0.000,0.000,0.988,52.8,0.00,0.012,1.000,1.703
duo-tank-heal,35,7,boss,180,200,1.000,0.000,0.000,0.968,99.1,0.00,0.032,1.000,1.692
duo-tank-heal,35,7,boss,300,200,1.000,0.000,0.000,0.975,101.0,0.00,0.025,1.000,1.696
duo-tank-heal,35,8,solo,180,200,1.000,0.000,0.000,0.937,6.0,0.00,0.063,1.000,1.674
duo-tank-heal,35,8,solo,300,200,1.000,0.000,0.000,0.936,6.0,0.00,0.064,1.000,1.673
duo-tank-heal,35,8,pack,180,200,1.000,0.000,0.000,0.999,76.5,0.00,0.001,1.000,1.709
duo-tank-heal,35,8,pack,300,200,1.000,0.000,0.000,0.999,76.5,0.00,0.001,1.000,1.709
duo-tank-heal,35,8,boss,180,200,1.000,0.000,0.000,0.967,134.8,0.00,0.033,1.000,1.691
duo-tank-heal,35,8,boss,300,200,1.000,0.000,0.000,0.966,135.0,0.00,0.034,1.000,1.690
duo-tank-heal,50,1,solo,180,200,1.000,0.000,0.000,1.000,0.0,0.00,0.000,—,1.800
duo-tank-heal,50,1,solo,300,200,1.000,0.000,0.000,1.000,0.0,0.00,0.000,—,1.800
duo-tank-heal,50,1,pack,180,200,1.000,0.000,0.000,0.991,4.1,0.00,0.009,1.000,1.795
duo-tank-heal,50,1,pack,300,200,1.000,0.000,0.000,0.991,4.1,0.00,0.009,1.000,1.795
duo-tank-heal,50,1,boss,180,200,1.000,0.000,0.000,0.984,8.2,0.00,0.016,1.000,1.790
duo-tank-heal,50,1,boss,300,200,1.000,0.000,0.000,0.984,8.2,0.00,0.016,1.000,1.791
duo-tank-heal,50,2,solo,180,200,1.000,0.000,0.000,1.000,0.0,0.00,0.000,—,1.800
duo-tank-heal,50,2,solo,300,200,1.000,0.000,0.000,1.000,0.0,0.00,0.000,—,1.800
duo-tank-heal,50,2,pack,180,200,1.000,0.000,0.000,0.989,4.1,0.00,0.011,1.000,1.793
duo-tank-heal,50,2,pack,300,200,1.000,0.000,0.000,0.989,4.1,0.00,0.011,1.000,1.793
duo-tank-heal,50,2,boss,180,200,1.000,0.000,0.000,0.974,12.0,0.00,0.026,1.000,1.784
duo-tank-heal,50,2,boss,300,200,1.000,0.000,0.000,0.974,12.0,0.00,0.026,1.000,1.785
duo-tank-heal,50,3,solo,180,200,1.000,0.000,0.000,1.000,0.0,0.00,0.000,—,1.800
duo-tank-heal,50,3,solo,300,200,1.000,0.000,0.000,1.000,0.0,0.00,0.000,—,1.800
duo-tank-heal,50,3,pack,180,200,1.000,0.000,0.000,0.986,4.1,0.00,0.014,1.000,1.792
duo-tank-heal,50,3,pack,300,200,1.000,0.000,0.000,0.986,4.1,0.00,0.014,1.000,1.792
duo-tank-heal,50,3,boss,180,200,1.000,0.000,0.000,0.957,12.2,0.00,0.043,1.000,1.774
duo-tank-heal,50,3,boss,300,200,1.000,0.000,0.000,0.956,12.2,0.00,0.044,1.000,1.774
duo-tank-heal,50,4,solo,180,200,1.000,0.000,0.000,1.000,0.0,0.00,0.000,—,1.800
duo-tank-heal,50,4,solo,300,200,1.000,0.000,0.000,1.000,0.0,0.00,0.000,—,1.800
duo-tank-heal,50,4,pack,180,200,1.000,0.000,0.000,0.956,12.0,0.00,0.044,1.000,1.774
duo-tank-heal,50,4,pack,300,200,1.000,0.000,0.000,0.958,12.0,0.00,0.042,1.000,1.775
duo-tank-heal,50,4,boss,180,200,1.000,0.000,0.000,0.913,24.0,0.00,0.087,1.000,1.748
duo-tank-heal,50,4,boss,300,200,1.000,0.000,0.000,0.913,24.0,0.00,0.087,1.000,1.748
duo-tank-heal,50,5,solo,180,200,1.000,0.000,0.000,1.000,0.0,0.00,0.000,—,1.800
duo-tank-heal,50,5,solo,300,200,1.000,0.000,0.000,1.000,0.0,0.00,0.000,—,1.800
duo-tank-heal,50,5,pack,180,200,1.000,0.000,0.000,0.944,12.0,0.00,0.056,1.000,1.766
duo-tank-heal,50,5,pack,300,200,1.000,0.000,0.000,0.944,12.0,0.00,0.056,1.000,1.767
duo-tank-heal,50,5,boss,180,200,1.000,0.000,0.000,0.915,18.0,0.00,0.085,1.000,1.749
duo-tank-heal,50,5,boss,300,200,1.000,0.000,0.000,0.914,18.0,0.00,0.086,1.000,1.749
duo-tank-heal,50,6,solo,180,200,1.000,0.000,0.000,1.000,0.0,0.00,0.000,—,1.800
duo-tank-heal,50,6,solo,300,200,1.000,0.000,0.000,1.000,0.0,0.00,0.000,—,1.800
duo-tank-heal,50,6,pack,180,200,1.000,0.000,0.000,0.927,12.0,0.00,0.073,1.000,1.756
duo-tank-heal,50,6,pack,300,200,1.000,0.000,0.000,0.925,12.0,0.00,0.075,1.000,1.755
duo-tank-heal,50,6,boss,180,200,1.000,0.000,0.000,0.854,24.0,0.00,0.146,1.000,1.713
duo-tank-heal,50,6,boss,300,200,1.000,0.000,0.000,0.854,24.0,0.00,0.146,1.000,1.712
duo-tank-heal,50,7,solo,180,200,1.000,0.000,0.000,0.966,4.1,0.00,0.034,1.000,1.780
duo-tank-heal,50,7,solo,300,200,1.000,0.000,0.000,0.966,4.1,0.00,0.034,1.000,1.780
duo-tank-heal,50,7,pack,180,200,1.000,0.000,0.000,0.978,27.4,0.00,0.022,1.000,1.787
duo-tank-heal,50,7,pack,300,200,1.000,0.000,0.000,0.979,27.0,0.00,0.021,1.000,1.787
duo-tank-heal,50,7,boss,180,200,1.000,0.000,0.000,0.991,44.3,0.00,0.009,1.000,1.795
duo-tank-heal,50,7,boss,300,200,1.000,0.000,0.000,0.991,43.8,0.00,0.009,1.000,1.794
duo-tank-heal,50,8,solo,180,200,1.000,0.000,0.000,0.959,4.1,0.00,0.041,1.000,1.775
duo-tank-heal,50,8,solo,300,200,1.000,0.000,0.000,0.960,4.1,0.00,0.040,1.000,1.776
duo-tank-heal,50,8,pack,180,200,1.000,0.000,0.000,0.984,38.1,0.00,0.016,1.000,1.790
duo-tank-heal,50,8,pack,300,200,1.000,0.000,0.000,0.983,38.6,0.00,0.017,1.000,1.790
duo-tank-heal,50,8,boss,180,200,1.000,0.000,0.000,0.992,90.0,0.00,0.008,1.000,1.795
duo-tank-heal,50,8,boss,300,200,1.000,0.000,0.000,0.995,90.4,0.00,0.005,1.000,1.797
solo-tank,1,1,solo,180,200,1.000,0.000,0.000,0.406,30.0,0.00,0.594,1.000,1.208
solo-tank,1,1,solo,300,200,1.000,0.000,0.000,0.410,30.0,0.00,0.590,1.000,1.210
solo-tank,1,1,pack,180,200,0.000,0.000,1.000,—,—,1.00,1.000,1.000,0.000
solo-tank,1,1,pack,300,200,0.000,0.000,1.000,—,—,1.00,1.000,1.000,0.000
solo-tank,1,1,boss,180,200,0.000,0.000,1.000,—,—,1.00,1.000,1.000,0.000
solo-tank,1,1,boss,300,200,0.000,0.000,1.000,—,—,1.00,1.000,1.000,0.000
solo-tank,1,2,solo,180,200,0.305,0.000,0.695,0.123,36.0,0.69,0.963,1.000,0.325
solo-tank,1,2,solo,300,200,0.290,0.000,0.710,0.115,36.0,0.71,0.967,1.000,0.308
solo-tank,1,2,pack,180,200,0.000,0.000,1.000,—,—,1.00,1.000,1.000,0.000
solo-tank,1,2,pack,300,200,0.000,0.000,1.000,—,—,1.00,1.000,1.000,0.000
solo-tank,1,2,boss,180,200,0.000,0.000,1.000,—,—,1.00,1.000,1.000,0.000
solo-tank,1,2,boss,300,200,0.000,0.000,1.000,—,—,1.00,1.000,1.000,0.000
solo-tank,1,3,solo,180,200,0.000,0.000,1.000,—,—,1.00,1.000,1.000,0.000
solo-tank,1,3,solo,300,200,0.000,0.000,1.000,—,—,1.00,1.000,1.000,0.000
solo-tank,1,3,pack,180,200,0.000,0.000,1.000,—,—,1.00,1.000,1.000,0.000
solo-tank,1,3,pack,300,200,0.000,0.000,1.000,—,—,1.00,1.000,1.000,0.000
solo-tank,1,3,boss,180,200,0.000,0.000,1.000,—,—,1.00,1.000,1.000,0.000
solo-tank,1,3,boss,300,200,0.000,0.000,1.000,—,—,1.00,1.000,1.000,0.000
solo-tank,1,4,solo,180,200,0.000,0.000,1.000,—,—,1.00,1.000,1.000,0.000
solo-tank,1,4,solo,300,200,0.000,0.000,1.000,—,—,1.00,1.000,1.000,0.000
solo-tank,1,4,pack,180,200,0.000,0.000,1.000,—,—,1.00,1.000,1.000,0.000
solo-tank,1,4,pack,300,200,0.000,0.000,1.000,—,—,1.00,1.000,1.000,0.000
solo-tank,1,4,boss,180,200,0.000,0.000,1.000,—,—,1.00,1.000,1.000,0.000
solo-tank,1,4,boss,300,200,0.000,0.000,1.000,—,—,1.00,1.000,1.000,0.000
solo-tank,1,5,solo,180,200,0.000,0.000,1.000,—,—,1.00,1.000,1.000,0.000
solo-tank,1,5,solo,300,200,0.000,0.000,1.000,—,—,1.00,1.000,1.000,0.000
solo-tank,1,5,pack,180,200,0.000,0.000,1.000,—,—,1.00,1.000,1.000,0.000
solo-tank,1,5,pack,300,200,0.000,0.000,1.000,—,—,1.00,1.000,1.000,0.000
solo-tank,1,5,boss,180,200,0.000,0.000,1.000,—,—,1.00,1.000,1.000,0.000
solo-tank,1,5,boss,300,200,0.000,0.000,1.000,—,—,1.00,1.000,1.000,0.000
solo-tank,1,6,solo,180,200,0.000,0.000,1.000,—,—,1.00,1.000,1.000,0.000
solo-tank,1,6,solo,300,200,0.000,0.000,1.000,—,—,1.00,1.000,1.000,0.000
solo-tank,1,6,pack,180,200,0.000,0.000,1.000,—,—,1.00,1.000,1.000,0.000
solo-tank,1,6,pack,300,200,0.000,0.000,1.000,—,—,1.00,1.000,1.000,0.000
solo-tank,1,6,boss,180,200,0.000,0.000,1.000,—,—,1.00,1.000,1.000,0.000
solo-tank,1,6,boss,300,200,0.000,0.000,1.000,—,—,1.00,1.000,1.000,0.000
solo-tank,1,7,solo,180,200,0.000,0.000,1.000,—,—,1.00,1.000,1.000,0.000
solo-tank,1,7,solo,300,200,0.000,0.000,1.000,—,—,1.00,1.000,1.000,0.000
solo-tank,1,7,pack,180,200,0.000,0.000,1.000,—,—,1.00,1.000,1.000,0.000
solo-tank,1,7,pack,300,200,0.000,0.000,1.000,—,—,1.00,1.000,1.000,0.000
solo-tank,1,7,boss,180,200,0.000,0.000,1.000,—,—,1.00,1.000,1.000,0.000
solo-tank,1,7,boss,300,200,0.000,0.000,1.000,—,—,1.00,1.000,1.000,0.000
solo-tank,1,8,solo,180,200,0.000,0.000,1.000,—,—,1.00,1.000,1.000,0.000
solo-tank,1,8,solo,300,200,0.000,0.000,1.000,—,—,1.00,1.000,1.000,0.000
solo-tank,1,8,pack,180,200,0.000,0.000,1.000,—,—,1.00,1.000,1.000,0.000
solo-tank,1,8,pack,300,200,0.000,0.000,1.000,—,—,1.00,1.000,1.000,0.000
solo-tank,1,8,boss,180,200,0.000,0.000,1.000,—,—,1.00,1.000,1.000,0.000
solo-tank,1,8,boss,300,200,0.000,0.000,1.000,—,—,1.00,1.000,1.000,0.000
solo-tank,5,1,solo,180,200,1.000,0.000,0.000,0.798,18.0,0.00,0.202,1.000,1.427
solo-tank,5,1,solo,300,200,1.000,0.000,0.000,0.798,18.0,0.00,0.202,1.000,1.427
solo-tank,5,1,pack,180,200,0.000,0.000,1.000,—,—,1.00,1.000,1.000,0.000
solo-tank,5,1,pack,300,200,0.000,0.000,1.000,—,—,1.00,1.000,1.000,0.000
solo-tank,5,1,boss,180,200,0.000,0.000,1.000,—,—,1.00,1.000,1.000,0.000
solo-tank,5,1,boss,300,200,0.000,0.000,1.000,—,—,1.00,1.000,1.000,0.000
solo-tank,5,2,solo,180,200,1.000,0.000,0.000,0.716,18.0,0.00,0.284,1.000,1.385
solo-tank,5,2,solo,300,200,1.000,0.000,0.000,0.719,18.0,0.00,0.281,1.000,1.387
solo-tank,5,2,pack,180,200,0.000,0.000,1.000,—,—,1.00,1.000,1.000,0.000
solo-tank,5,2,pack,300,200,0.000,0.000,1.000,—,—,1.00,1.000,1.000,0.000
solo-tank,5,2,boss,180,200,0.000,0.000,1.000,—,—,1.00,1.000,1.000,0.000
solo-tank,5,2,boss,300,200,0.000,0.000,1.000,—,—,1.00,1.000,1.000,0.000
solo-tank,5,3,solo,180,200,1.000,0.000,0.000,0.325,30.0,0.00,0.675,1.000,1.186
solo-tank,5,3,solo,300,200,1.000,0.000,0.000,0.329,30.0,0.00,0.671,1.000,1.188
solo-tank,5,3,pack,180,200,0.000,0.000,1.000,—,—,1.00,1.000,1.000,0.000
solo-tank,5,3,pack,300,200,0.000,0.000,1.000,—,—,1.00,1.000,1.000,0.000
solo-tank,5,3,boss,180,200,0.000,0.000,1.000,—,—,1.00,1.000,1.000,0.000
solo-tank,5,3,boss,300,200,0.000,0.000,1.000,—,—,1.00,1.000,1.000,0.000
solo-tank,5,4,solo,180,200,0.125,0.000,0.875,0.082,36.0,0.88,0.990,1.000,0.133
solo-tank,5,4,solo,300,200,0.145,0.000,0.855,0.099,36.0,0.85,0.986,1.000,0.155
solo-tank,5,4,pack,180,200,0.000,0.000,1.000,—,—,1.00,1.000,1.000,0.000
solo-tank,5,4,pack,300,200,0.000,0.000,1.000,—,—,1.00,1.000,1.000,0.000
solo-tank,5,4,boss,180,200,0.000,0.000,1.000,—,—,1.00,1.000,1.000,0.000
solo-tank,5,4,boss,300,200,0.000,0.000,1.000,—,—,1.00,1.000,1.000,0.000
solo-tank,5,5,solo,180,200,0.000,0.000,1.000,—,—,1.00,1.000,1.000,0.000
solo-tank,5,5,solo,300,200,0.000,0.000,1.000,—,—,1.00,1.000,1.000,0.000
solo-tank,5,5,pack,180,200,0.000,0.000,1.000,—,—,1.00,1.000,1.000,0.000
solo-tank,5,5,pack,300,200,0.000,0.000,1.000,—,—,1.00,1.000,1.000,0.000
solo-tank,5,5,boss,180,200,0.000,0.000,1.000,—,—,1.00,1.000,1.000,0.000
solo-tank,5,5,boss,300,200,0.000,0.000,1.000,—,—,1.00,1.000,1.000,0.000
solo-tank,5,6,solo,180,200,0.000,0.000,1.000,—,—,1.00,1.000,1.000,0.000
solo-tank,5,6,solo,300,200,0.000,0.000,1.000,—,—,1.00,1.000,1.000,0.000
solo-tank,5,6,pack,180,200,0.000,0.000,1.000,—,—,1.00,1.000,1.000,0.000
solo-tank,5,6,pack,300,200,0.000,0.000,1.000,—,—,1.00,1.000,1.000,0.000
solo-tank,5,6,boss,180,200,0.000,0.000,1.000,—,—,1.00,1.000,1.000,0.000
solo-tank,5,6,boss,300,200,0.000,0.000,1.000,—,—,1.00,1.000,1.000,0.000
solo-tank,5,7,solo,180,200,0.000,0.000,1.000,—,—,1.00,1.000,1.000,0.000
solo-tank,5,7,solo,300,200,0.000,0.000,1.000,—,—,1.00,1.000,1.000,0.000
solo-tank,5,7,pack,180,200,0.000,0.000,1.000,—,—,1.00,1.000,1.000,0.000
solo-tank,5,7,pack,300,200,0.000,0.000,1.000,—,—,1.00,1.000,1.000,0.000
solo-tank,5,7,boss,180,200,0.000,0.000,1.000,—,—,1.00,1.000,1.000,0.000
solo-tank,5,7,boss,300,200,0.000,0.000,1.000,—,—,1.00,1.000,1.000,0.000
solo-tank,5,8,solo,180,200,0.000,0.000,1.000,—,—,1.00,1.000,1.000,0.000
solo-tank,5,8,solo,300,200,0.000,0.000,1.000,—,—,1.00,1.000,1.000,0.000
solo-tank,5,8,pack,180,200,0.000,0.000,1.000,—,—,1.00,1.000,1.000,0.000
solo-tank,5,8,pack,300,200,0.000,0.000,1.000,—,—,1.00,1.000,1.000,0.000
solo-tank,5,8,boss,180,200,0.000,0.000,1.000,—,—,1.00,1.000,1.000,0.000
solo-tank,5,8,boss,300,200,0.000,0.000,1.000,—,—,1.00,1.000,1.000,0.000
solo-tank,10,1,solo,180,200,1.000,0.000,0.000,0.969,6.0,0.00,0.031,1.000,1.544
solo-tank,10,1,solo,300,200,1.000,0.000,0.000,0.968,6.0,0.00,0.032,1.000,1.543
solo-tank,10,1,pack,180,200,1.000,0.000,0.000,0.528,30.0,0.00,0.472,1.000,1.314
solo-tank,10,1,pack,300,200,1.000,0.000,0.000,0.522,30.0,0.00,0.478,1.000,1.312
solo-tank,10,1,boss,180,200,1.000,0.000,0.000,0.152,66.0,0.00,0.848,1.000,1.119
solo-tank,10,1,boss,300,200,1.000,0.000,0.000,0.163,66.0,0.00,0.837,1.000,1.125
solo-tank,10,2,solo,180,200,1.000,0.000,0.000,0.897,12.0,0.00,0.103,1.000,1.507
solo-tank,10,2,solo,300,200,1.000,0.000,0.000,0.898,12.0,0.00,0.102,1.000,1.507
solo-tank,10,2,pack,180,200,0.005,0.000,0.995,0.074,48.0,0.99,1.000,1.000,0.005
solo-tank,10,2,pack,300,200,0.005,0.000,0.995,0.074,48.0,0.99,1.000,1.000,0.005
solo-tank,10,2,boss,180,200,0.000,0.000,1.000,—,—,1.00,1.000,1.000,0.000
solo-tank,10,2,boss,300,200,0.000,0.000,1.000,—,—,1.00,1.000,1.000,0.000
solo-tank,10,3,solo,180,200,1.000,0.000,0.000,0.843,12.0,0.00,0.157,1.000,1.478
solo-tank,10,3,solo,300,200,1.000,0.000,0.000,0.846,12.0,0.00,0.154,1.000,1.480
solo-tank,10,3,pack,180,200,0.000,0.000,1.000,—,—,1.00,1.000,1.000,0.000
solo-tank,10,3,pack,300,200,0.000,0.000,1.000,—,—,1.00,1.000,1.000,0.000
solo-tank,10,3,boss,180,200,0.000,0.000,1.000,—,—,1.00,1.000,1.000,0.000
solo-tank,10,3,boss,300,200,0.000,0.000,1.000,—,—,1.00,1.000,1.000,0.000
solo-tank,10,4,solo,180,200,1.000,0.000,0.000,0.690,18.0,0.00,0.310,1.000,1.399
solo-tank,10,4,solo,300,200,1.000,0.000,0.000,0.687,18.0,0.00,0.313,1.000,1.397
solo-tank,10,4,pack,180,200,0.000,0.000,1.000,—,—,1.00,1.000,1.000,0.000
solo-tank,10,4,pack,300,200,0.000,0.000,1.000,—,—,1.00,1.000,1.000,0.000
solo-tank,10,4,boss,180,200,0.000,0.000,1.000,—,—,1.00,1.000,1.000,0.000
solo-tank,10,4,boss,300,200,0.000,0.000,1.000,—,—,1.00,1.000,1.000,0.000
solo-tank,10,5,solo,180,200,1.000,0.000,0.000,0.417,24.0,0.00,0.583,1.000,1.257
solo-tank,10,5,solo,300,200,1.000,0.000,0.000,0.414,24.0,0.00,0.586,1.000,1.255
solo-tank,10,5,pack,180,200,0.000,0.000,1.000,—,—,1.00,1.000,1.000,0.000
solo-tank,10,5,pack,300,200,0.000,0.000,1.000,—,—,1.00,1.000,1.000,0.000
solo-tank,10,5,boss,180,200,0.000,0.000,1.000,—,—,1.00,1.000,1.000,0.000
solo-tank,10,5,boss,300,200,0.000,0.000,1.000,—,—,1.00,1.000,1.000,0.000
solo-tank,10,6,solo,180,200,0.005,0.000,0.995,0.099,36.0,0.99,1.000,1.000,0.005
solo-tank,10,6,solo,300,200,0.015,0.000,0.985,0.099,36.0,0.98,0.999,1.000,0.016
solo-tank,10,6,pack,180,200,0.000,0.000,1.000,—,—,1.00,1.000,1.000,0.000
solo-tank,10,6,pack,300,200,0.000,0.000,1.000,—,—,1.00,1.000,1.000,0.000
solo-tank,10,6,boss,180,200,0.000,0.000,1.000,—,—,1.00,1.000,1.000,0.000
solo-tank,10,6,boss,300,200,0.000,0.000,1.000,—,—,1.00,1.000,1.000,0.000
solo-tank,10,7,solo,180,200,0.000,0.000,1.000,—,—,1.00,1.000,1.000,0.000
solo-tank,10,7,solo,300,200,0.000,0.000,1.000,—,—,1.00,1.000,1.000,0.000
solo-tank,10,7,pack,180,200,0.000,0.000,1.000,—,—,1.00,1.000,1.000,0.000
solo-tank,10,7,pack,300,200,0.000,0.000,1.000,—,—,1.00,1.000,1.000,0.000
solo-tank,10,7,boss,180,200,0.000,0.000,1.000,—,—,1.00,1.000,1.000,0.000
solo-tank,10,7,boss,300,200,0.000,0.000,1.000,—,—,1.00,1.000,1.000,0.000
solo-tank,10,8,solo,180,200,0.000,0.000,1.000,—,—,1.00,1.000,1.000,0.000
solo-tank,10,8,solo,300,200,0.000,0.000,1.000,—,—,1.00,1.000,1.000,0.000
solo-tank,10,8,pack,180,200,0.000,0.000,1.000,—,—,1.00,1.000,1.000,0.000
solo-tank,10,8,pack,300,200,0.000,0.000,1.000,—,—,1.00,1.000,1.000,0.000
solo-tank,10,8,boss,180,200,0.000,0.000,1.000,—,—,1.00,1.000,1.000,0.000
solo-tank,10,8,boss,300,200,0.000,0.000,1.000,—,—,1.00,1.000,1.000,0.000
solo-tank,20,1,solo,180,200,1.000,0.000,0.000,0.999,6.0,0.00,0.001,1.000,1.620
solo-tank,20,1,solo,300,200,1.000,0.000,0.000,0.999,6.0,0.00,0.001,1.000,1.620
solo-tank,20,1,pack,180,200,1.000,0.000,0.000,0.845,30.0,0.00,0.155,1.000,1.536
solo-tank,20,1,pack,300,200,1.000,0.000,0.000,0.845,30.0,0.00,0.155,1.000,1.536
solo-tank,20,1,boss,180,200,1.000,0.000,0.000,0.846,42.0,0.00,0.154,1.000,1.537
solo-tank,20,1,boss,300,200,1.000,0.000,0.000,0.847,42.0,0.00,0.153,1.000,1.537
solo-tank,20,2,solo,180,200,1.000,0.000,0.000,0.992,6.0,0.00,0.008,1.000,1.615
solo-tank,20,2,solo,300,200,1.000,0.000,0.000,0.992,6.0,0.00,0.008,1.000,1.616
solo-tank,20,2,pack,180,200,1.000,0.000,0.000,0.743,30.0,0.00,0.257,1.000,1.481
solo-tank,20,2,pack,300,200,1.000,0.000,0.000,0.744,30.0,0.00,0.256,1.000,1.482
solo-tank,20,2,boss,180,200,1.000,0.000,0.000,0.632,54.0,0.00,0.368,1.000,1.421
solo-tank,20,2,boss,300,200,1.000,0.000,0.000,0.632,54.0,0.00,0.368,1.000,1.421
solo-tank,20,3,solo,180,200,1.000,0.000,0.000,0.978,6.0,0.00,0.022,1.000,1.608
solo-tank,20,3,solo,300,200,1.000,0.000,0.000,0.979,6.0,0.00,0.021,1.000,1.609
solo-tank,20,3,pack,180,200,1.000,0.000,0.000,0.608,30.0,0.00,0.392,1.000,1.409
solo-tank,20,3,pack,300,200,1.000,0.000,0.000,0.608,30.0,0.00,0.392,1.000,1.408
solo-tank,20,3,boss,180,200,1.000,0.000,0.000,0.345,66.0,0.00,0.655,1.000,1.266
solo-tank,20,3,boss,300,200,1.000,0.000,0.000,0.349,66.0,0.00,0.651,1.000,1.268
solo-tank,20,4,solo,180,200,1.000,0.000,0.000,0.925,12.0,0.00,0.075,1.000,1.580
solo-tank,20,4,solo,300,200,1.000,0.000,0.000,0.928,12.0,0.00,0.072,1.000,1.581
solo-tank,20,4,pack,180,200,0.885,0.000,0.115,0.122,48.0,0.12,0.892,1.000,1.014
solo-tank,20,4,pack,300,200,0.855,0.000,0.145,0.124,48.0,0.14,0.894,1.000,0.980
solo-tank,20,4,boss,180,200,0.045,0.000,0.955,0.109,78.0,0.95,0.995,1.000,0.051
solo-tank,20,4,boss,300,200,0.040,0.000,0.960,0.080,78.0,0.96,0.997,1.000,0.045
solo-tank,20,5,solo,180,200,1.000,0.000,0.000,0.829,18.0,0.00,0.171,1.000,1.528
solo-tank,20,5,solo,300,200,1.000,0.000,0.000,0.820,18.0,0.00,0.180,1.000,1.523
solo-tank,20,5,pack,180,200,0.000,0.000,1.000,—,—,1.00,1.000,1.000,0.000
solo-tank,20,5,pack,300,200,0.000,0.000,1.000,—,—,1.00,1.000,1.000,0.000
solo-tank,20,5,boss,180,200,0.000,0.000,1.000,—,—,1.00,1.000,1.000,0.000
solo-tank,20,5,boss,300,200,0.000,0.000,1.000,—,—,1.00,1.000,1.000,0.000
solo-tank,20,6,solo,180,200,1.000,0.000,0.000,0.733,18.0,0.00,0.267,1.000,1.476
solo-tank,20,6,solo,300,200,1.000,0.000,0.000,0.733,18.0,0.00,0.267,1.000,1.476
solo-tank,20,6,pack,180,200,0.000,0.000,1.000,—,—,1.00,1.000,1.000,0.000
solo-tank,20,6,pack,300,200,0.000,0.000,1.000,—,—,1.00,1.000,1.000,0.000
solo-tank,20,6,boss,180,200,0.000,0.000,1.000,—,—,1.00,1.000,1.000,0.000
solo-tank,20,6,boss,300,200,0.000,0.000,1.000,—,—,1.00,1.000,1.000,0.000
solo-tank,20,7,solo,180,200,1.000,0.000,0.000,0.391,30.0,0.00,0.609,1.000,1.291
solo-tank,20,7,solo,300,200,1.000,0.000,0.000,0.380,30.0,0.00,0.620,1.000,1.285
solo-tank,20,7,pack,180,200,0.000,0.000,1.000,—,—,1.00,1.000,1.000,0.000
solo-tank,20,7,pack,300,200,0.000,0.000,1.000,—,—,1.00,1.000,1.000,0.000
solo-tank,20,7,boss,180,200,0.000,0.000,1.000,—,—,1.00,1.000,1.000,0.000
solo-tank,20,7,boss,300,200,0.000,0.000,1.000,—,—,1.00,1.000,1.000,0.000
solo-tank,20,8,solo,180,200,0.295,0.000,0.705,0.131,36.0,0.70,0.961,1.000,0.340
solo-tank,20,8,solo,300,200,0.305,0.000,0.695,0.135,36.0,0.69,0.959,1.000,0.352
solo-tank,20,8,pack,180,200,0.000,0.000,1.000,—,—,1.00,1.000,1.000,0.000
solo-tank,20,8,pack,300,200,0.000,0.000,1.000,—,—,1.00,1.000,1.000,0.000
solo-tank,20,8,boss,180,200,0.000,0.000,1.000,—,—,1.00,1.000,1.000,0.000
solo-tank,20,8,boss,300,200,0.000,0.000,1.000,—,—,1.00,1.000,1.000,0.000
solo-tank,35,1,solo,180,200,1.000,0.000,0.000,1.000,0.0,0.00,0.000,—,1.710
solo-tank,35,1,solo,300,200,1.000,0.000,0.000,1.000,0.0,0.00,0.000,—,1.710
solo-tank,35,1,pack,180,200,1.000,0.000,0.000,1.000,12.0,0.00,0.000,1.000,1.710
solo-tank,35,1,pack,300,200,1.000,0.000,0.000,1.000,12.0,0.00,0.000,1.000,1.710
solo-tank,35,1,boss,180,200,1.000,0.000,0.000,1.000,30.0,0.00,0.000,1.000,1.710
solo-tank,35,1,boss,300,200,1.000,0.000,0.000,1.000,30.0,0.00,0.000,1.000,1.710
solo-tank,35,2,solo,180,200,1.000,0.000,0.000,1.000,0.0,0.00,0.000,—,1.710
solo-tank,35,2,solo,300,200,1.000,0.000,0.000,1.000,0.0,0.00,0.000,—,1.710
solo-tank,35,2,pack,180,200,1.000,0.000,0.000,0.999,12.0,0.00,0.001,1.000,1.709
solo-tank,35,2,pack,300,200,1.000,0.000,0.000,0.999,12.0,0.00,0.001,1.000,1.710
solo-tank,35,2,boss,180,200,1.000,0.000,0.000,0.989,36.0,0.00,0.011,1.000,1.704
solo-tank,35,2,boss,300,200,1.000,0.000,0.000,0.989,36.0,0.00,0.011,1.000,1.704
solo-tank,35,3,solo,180,200,1.000,0.000,0.000,1.000,6.0,0.00,0.000,1.000,1.710
solo-tank,35,3,solo,300,200,1.000,0.000,0.000,1.000,6.0,0.00,0.000,1.000,1.710
solo-tank,35,3,pack,180,200,1.000,0.000,0.000,0.908,30.0,0.00,0.092,1.000,1.658
solo-tank,35,3,pack,300,200,1.000,0.000,0.000,0.909,30.0,0.00,0.091,1.000,1.658
solo-tank,35,3,boss,180,200,1.000,0.000,0.000,0.921,48.0,0.00,0.079,1.000,1.665
solo-tank,35,3,boss,300,200,1.000,0.000,0.000,0.924,48.0,0.00,0.076,1.000,1.666
solo-tank,35,4,solo,180,200,1.000,0.000,0.000,0.998,6.0,0.00,0.002,1.000,1.709
solo-tank,35,4,solo,300,200,1.000,0.000,0.000,0.997,6.0,0.00,0.003,1.000,1.708
solo-tank,35,4,pack,180,200,1.000,0.000,0.000,0.844,30.0,0.00,0.156,1.000,1.621
solo-tank,35,4,pack,300,200,1.000,0.000,0.000,0.842,30.0,0.00,0.158,1.000,1.620
solo-tank,35,4,boss,180,200,1.000,0.000,0.000,0.799,54.0,0.00,0.201,1.000,1.595
solo-tank,35,4,boss,300,200,1.000,0.000,0.000,0.792,54.0,0.00,0.208,1.000,1.591
solo-tank,35,5,solo,180,200,1.000,0.000,0.000,0.989,6.0,0.00,0.011,1.000,1.704
solo-tank,35,5,solo,300,200,1.000,0.000,0.000,0.991,6.0,0.00,0.009,1.000,1.705
solo-tank,35,5,pack,180,200,1.000,0.000,0.000,0.739,30.0,0.00,0.261,1.000,1.561
solo-tank,35,5,pack,300,200,1.000,0.000,0.000,0.735,30.0,0.00,0.265,1.000,1.559
solo-tank,35,5,boss,180,200,1.000,0.000,0.000,0.559,66.0,0.00,0.441,1.000,1.458
solo-tank,35,5,boss,300,200,1.000,0.000,0.000,0.560,66.0,0.00,0.440,1.000,1.459
solo-tank,35,6,solo,180,200,1.000,0.000,0.000,0.952,12.0,0.00,0.048,1.000,1.682
solo-tank,35,6,solo,300,200,1.000,0.000,0.000,0.951,12.0,0.00,0.049,1.000,1.682
solo-tank,35,6,pack,180,200,1.000,0.000,0.000,0.322,48.0,0.00,0.678,1.000,1.324
solo-tank,35,6,pack,300,200,1.000,0.000,0.000,0.319,48.0,0.00,0.681,1.000,1.322
solo-tank,35,6,boss,180,200,0.845,0.000,0.155,0.153,84.0,0.15,0.871,1.000,1.037
solo-tank,35,6,boss,300,200,0.850,0.000,0.150,0.158,84.0,0.15,0.866,1.000,1.046
solo-tank,35,7,solo,180,200,1.000,0.000,0.000,0.878,18.0,0.00,0.122,1.000,1.640
solo-tank,35,7,solo,300,200,1.000,0.000,0.000,0.878,18.0,0.00,0.122,1.000,1.640
solo-tank,35,7,pack,180,200,0.000,0.000,1.000,—,—,1.00,1.000,1.000,0.000
solo-tank,35,7,pack,300,200,0.000,0.000,1.000,—,—,1.00,1.000,1.000,0.000
solo-tank,35,7,boss,180,200,0.000,0.000,1.000,—,—,1.00,1.000,1.000,0.000
solo-tank,35,7,boss,300,200,0.000,0.000,1.000,—,—,1.00,1.000,1.000,0.000
solo-tank,35,8,solo,180,200,1.000,0.000,0.000,0.756,24.0,0.00,0.244,1.000,1.571
solo-tank,35,8,solo,300,200,1.000,0.000,0.000,0.759,24.0,0.00,0.241,1.000,1.572
solo-tank,35,8,pack,180,200,0.000,0.000,1.000,—,—,1.00,1.000,1.000,0.000
solo-tank,35,8,pack,300,200,0.000,0.000,1.000,—,—,1.00,1.000,1.000,0.000
solo-tank,35,8,boss,180,200,0.000,0.000,1.000,—,—,1.00,1.000,1.000,0.000
solo-tank,35,8,boss,300,200,0.000,0.000,1.000,—,—,1.00,1.000,1.000,0.000
solo-tank,50,1,solo,180,200,1.000,0.000,0.000,1.000,0.0,0.00,0.000,—,1.800
solo-tank,50,1,solo,300,200,1.000,0.000,0.000,1.000,0.0,0.00,0.000,—,1.800
solo-tank,50,1,pack,180,200,1.000,0.000,0.000,1.000,12.0,0.00,0.000,1.000,1.800
solo-tank,50,1,pack,300,200,1.000,0.000,0.000,1.000,12.0,0.00,0.000,1.000,1.800
solo-tank,50,1,boss,180,200,1.000,0.000,0.000,1.000,24.0,0.00,0.000,1.000,1.800
solo-tank,50,1,boss,300,200,1.000,0.000,0.000,1.000,24.0,0.00,0.000,1.000,1.800
solo-tank,50,2,solo,180,200,1.000,0.000,0.000,1.000,0.0,0.00,0.000,—,1.800
solo-tank,50,2,solo,300,200,1.000,0.000,0.000,1.000,0.0,0.00,0.000,—,1.800
solo-tank,50,2,pack,180,200,1.000,0.000,0.000,1.000,12.0,0.00,0.000,1.000,1.800
solo-tank,50,2,pack,300,200,1.000,0.000,0.000,1.000,12.0,0.00,0.000,1.000,1.800
solo-tank,50,2,boss,180,200,1.000,0.000,0.000,1.000,30.0,0.00,0.000,1.000,1.800
solo-tank,50,2,boss,300,200,1.000,0.000,0.000,1.000,30.0,0.00,0.000,1.000,1.800
solo-tank,50,3,solo,180,200,1.000,0.000,0.000,1.000,0.0,0.00,0.000,—,1.800
solo-tank,50,3,solo,300,200,1.000,0.000,0.000,1.000,0.0,0.00,0.000,—,1.800
solo-tank,50,3,pack,180,200,1.000,0.000,0.000,1.000,12.0,0.00,0.000,1.000,1.800
solo-tank,50,3,pack,300,200,1.000,0.000,0.000,1.000,12.0,0.00,0.000,1.000,1.800
solo-tank,50,3,boss,180,200,1.000,0.000,0.000,1.000,36.0,0.00,0.000,1.000,1.800
solo-tank,50,3,boss,300,200,1.000,0.000,0.000,1.000,36.0,0.00,0.000,1.000,1.800
solo-tank,50,4,solo,180,200,1.000,0.000,0.000,1.000,6.0,0.00,0.000,1.000,1.800
solo-tank,50,4,solo,300,200,1.000,0.000,0.000,1.000,6.0,0.00,0.000,1.000,1.800
solo-tank,50,4,pack,180,200,1.000,0.000,0.000,0.988,30.0,0.00,0.012,1.000,1.793
solo-tank,50,4,pack,300,200,1.000,0.000,0.000,0.986,30.0,0.00,0.014,1.000,1.791
solo-tank,50,4,boss,180,200,1.000,0.000,0.000,0.995,42.0,0.00,0.005,1.000,1.797
solo-tank,50,4,boss,300,200,1.000,0.000,0.000,0.995,42.0,0.00,0.005,1.000,1.797
solo-tank,50,5,solo,180,200,1.000,0.000,0.000,1.000,6.0,0.00,0.000,1.000,1.800
solo-tank,50,5,solo,300,200,1.000,0.000,0.000,1.000,6.0,0.00,0.000,1.000,1.800
solo-tank,50,5,pack,180,200,1.000,0.000,0.000,0.924,30.0,0.00,0.076,1.000,1.754
solo-tank,50,5,pack,300,200,1.000,0.000,0.000,0.924,30.0,0.00,0.076,1.000,1.754
solo-tank,50,5,boss,180,200,1.000,0.000,0.000,0.931,54.0,0.00,0.069,1.000,1.758
solo-tank,50,5,boss,300,200,1.000,0.000,0.000,0.929,54.0,0.00,0.071,1.000,1.757
solo-tank,50,6,solo,180,200,1.000,0.000,0.000,0.997,6.0,0.00,0.003,1.000,1.798
solo-tank,50,6,solo,300,200,1.000,0.000,0.000,0.997,6.0,0.00,0.003,1.000,1.798
solo-tank,50,6,pack,180,200,1.000,0.000,0.000,0.842,30.0,0.00,0.158,1.000,1.705
solo-tank,50,6,pack,300,200,1.000,0.000,0.000,0.839,30.0,0.00,0.161,1.000,1.704
solo-tank,50,6,boss,180,200,1.000,0.000,0.000,0.767,66.0,0.00,0.233,1.000,1.660
solo-tank,50,6,boss,300,200,1.000,0.000,0.000,0.767,66.0,0.00,0.233,1.000,1.660
solo-tank,50,7,solo,180,200,1.000,0.000,0.000,0.983,12.0,0.00,0.017,1.000,1.790
solo-tank,50,7,solo,300,200,1.000,0.000,0.000,0.981,12.0,0.00,0.019,1.000,1.789
solo-tank,50,7,pack,180,200,1.000,0.000,0.000,0.563,48.0,0.00,0.437,1.000,1.538
solo-tank,50,7,pack,300,200,1.000,0.000,0.000,0.560,48.0,0.00,0.440,1.000,1.536
solo-tank,50,7,boss,180,200,1.000,0.000,0.000,0.500,78.0,0.00,0.500,1.000,1.500
solo-tank,50,7,boss,300,200,1.000,0.000,0.000,0.508,78.0,0.00,0.492,1.000,1.505
solo-tank,50,8,solo,180,200,1.000,0.000,0.000,0.936,18.0,0.00,0.064,1.000,1.762
solo-tank,50,8,solo,300,200,1.000,0.000,0.000,0.933,18.0,0.00,0.067,1.000,1.760
solo-tank,50,8,pack,180,200,0.760,0.000,0.240,0.119,66.0,0.24,0.910,1.000,0.966
solo-tank,50,8,pack,300,200,0.810,0.000,0.190,0.127,66.0,0.19,0.897,1.000,1.034
solo-tank,50,8,boss,180,200,0.005,0.000,0.995,0.081,114.0,0.99,1.000,1.000,0.006
solo-tank,50,8,boss,300,200,0.000,0.000,1.000,—,—,1.00,1.000,1.000,0.000
solo-dps,1,1,solo,180,200,1.000,0.000,0.000,0.483,8.2,0.00,0.517,—,1.246
solo-dps,1,1,solo,300,200,1.000,0.000,0.000,0.492,8.2,0.00,0.508,—,1.251
solo-dps,1,1,pack,180,200,0.000,0.000,1.000,—,—,1.00,1.000,—,0.000
solo-dps,1,1,pack,300,200,0.000,0.000,1.000,—,—,1.00,1.000,—,0.000
solo-dps,1,1,boss,180,200,0.000,0.000,1.000,—,—,1.00,1.000,—,0.000
solo-dps,1,1,boss,300,200,0.000,0.000,1.000,—,—,1.00,1.000,—,0.000
solo-dps,1,2,solo,180,200,1.000,0.000,0.000,0.151,10.9,0.00,0.849,—,1.080
solo-dps,1,2,solo,300,200,1.000,0.000,0.000,0.150,10.9,0.00,0.850,—,1.079
solo-dps,1,2,pack,180,200,0.000,0.000,1.000,—,—,1.00,1.000,—,0.000
solo-dps,1,2,pack,300,200,0.000,0.000,1.000,—,—,1.00,1.000,—,0.000
solo-dps,1,2,boss,180,200,0.000,0.000,1.000,—,—,1.00,1.000,—,0.000
solo-dps,1,2,boss,300,200,0.000,0.000,1.000,—,—,1.00,1.000,—,0.000
solo-dps,1,3,solo,180,200,0.030,0.000,0.970,0.157,13.7,0.97,0.995,—,0.032
solo-dps,1,3,solo,300,200,0.005,0.000,0.995,0.157,13.7,0.99,0.999,—,0.005
solo-dps,1,3,pack,180,200,0.000,0.000,1.000,—,—,1.00,1.000,—,0.000
solo-dps,1,3,pack,300,200,0.000,0.000,1.000,—,—,1.00,1.000,—,0.000
solo-dps,1,3,boss,180,200,0.000,0.000,1.000,—,—,1.00,1.000,—,0.000
solo-dps,1,3,boss,300,200,0.000,0.000,1.000,—,—,1.00,1.000,—,0.000
solo-dps,1,4,solo,180,200,0.000,0.000,1.000,—,—,1.00,1.000,—,0.000
solo-dps,1,4,solo,300,200,0.000,0.000,1.000,—,—,1.00,1.000,—,0.000
solo-dps,1,4,pack,180,200,0.000,0.000,1.000,—,—,1.00,1.000,—,0.000
solo-dps,1,4,pack,300,200,0.000,0.000,1.000,—,—,1.00,1.000,—,0.000
solo-dps,1,4,boss,180,200,0.000,0.000,1.000,—,—,1.00,1.000,—,0.000
solo-dps,1,4,boss,300,200,0.000,0.000,1.000,—,—,1.00,1.000,—,0.000
solo-dps,1,5,solo,180,200,0.000,0.000,1.000,—,—,1.00,1.000,—,0.000
solo-dps,1,5,solo,300,200,0.000,0.000,1.000,—,—,1.00,1.000,—,0.000
solo-dps,1,5,pack,180,200,0.000,0.000,1.000,—,—,1.00,1.000,—,0.000
solo-dps,1,5,pack,300,200,0.000,0.000,1.000,—,—,1.00,1.000,—,0.000
solo-dps,1,5,boss,180,200,0.000,0.000,1.000,—,—,1.00,1.000,—,0.000
solo-dps,1,5,boss,300,200,0.000,0.000,1.000,—,—,1.00,1.000,—,0.000
solo-dps,1,6,solo,180,200,0.000,0.000,1.000,—,—,1.00,1.000,—,0.000
solo-dps,1,6,solo,300,200,0.000,0.000,1.000,—,—,1.00,1.000,—,0.000
solo-dps,1,6,pack,180,200,0.000,0.000,1.000,—,—,1.00,1.000,—,0.000
solo-dps,1,6,pack,300,200,0.000,0.000,1.000,—,—,1.00,1.000,—,0.000
solo-dps,1,6,boss,180,200,0.000,0.000,1.000,—,—,1.00,1.000,—,0.000
solo-dps,1,6,boss,300,200,0.000,0.000,1.000,—,—,1.00,1.000,—,0.000
solo-dps,1,7,solo,180,200,0.000,0.000,1.000,—,—,1.00,1.000,—,0.000
solo-dps,1,7,solo,300,200,0.000,0.000,1.000,—,—,1.00,1.000,—,0.000
solo-dps,1,7,pack,180,200,0.000,0.000,1.000,—,—,1.00,1.000,—,0.000
solo-dps,1,7,pack,300,200,0.000,0.000,1.000,—,—,1.00,1.000,—,0.000
solo-dps,1,7,boss,180,200,0.000,0.000,1.000,—,—,1.00,1.000,—,0.000
solo-dps,1,7,boss,300,200,0.000,0.000,1.000,—,—,1.00,1.000,—,0.000
solo-dps,1,8,solo,180,200,0.000,0.000,1.000,—,—,1.00,1.000,—,0.000
solo-dps,1,8,solo,300,200,0.000,0.000,1.000,—,—,1.00,1.000,—,0.000
solo-dps,1,8,pack,180,200,0.000,0.000,1.000,—,—,1.00,1.000,—,0.000
solo-dps,1,8,pack,300,200,0.000,0.000,1.000,—,—,1.00,1.000,—,0.000
solo-dps,1,8,boss,180,200,0.000,0.000,1.000,—,—,1.00,1.000,—,0.000
solo-dps,1,8,boss,300,200,0.000,0.000,1.000,—,—,1.00,1.000,—,0.000
solo-dps,5,1,solo,180,200,1.000,0.000,0.000,0.750,4.0,0.00,0.250,—,1.403
solo-dps,5,1,solo,300,200,1.000,0.000,0.000,0.753,4.0,0.00,0.247,—,1.404
solo-dps,5,1,pack,180,200,0.005,0.000,0.995,0.050,14.7,0.99,1.000,—,0.005
solo-dps,5,1,pack,300,200,0.000,0.000,1.000,—,—,1.00,1.000,—,0.000
solo-dps,5,1,boss,180,200,0.000,0.000,1.000,—,—,1.00,1.000,—,0.000
solo-dps,5,1,boss,300,200,0.000,0.000,1.000,—,—,1.00,1.000,—,0.000
solo-dps,5,2,solo,180,200,1.000,0.000,0.000,0.673,4.2,0.00,0.327,—,1.363
solo-dps,5,2,solo,300,200,1.000,0.000,0.000,0.682,4.2,0.00,0.318,—,1.368
solo-dps,5,2,pack,180,200,0.000,0.000,1.000,—,—,1.00,1.000,—,0.000
solo-dps,5,2,pack,300,200,0.000,0.000,1.000,—,—,1.00,1.000,—,0.000
solo-dps,5,2,boss,180,200,0.000,0.000,1.000,—,—,1.00,1.000,—,0.000
solo-dps,5,2,boss,300,200,0.000,0.000,1.000,—,—,1.00,1.000,—,0.000
solo-dps,5,3,solo,180,200,1.000,0.000,0.000,0.393,6.3,0.00,0.607,—,1.220
solo-dps,5,3,solo,300,200,1.000,0.000,0.000,0.387,6.3,0.00,0.613,—,1.218
solo-dps,5,3,pack,180,200,0.000,0.000,1.000,—,—,1.00,1.000,—,0.000
solo-dps,5,3,pack,300,200,0.000,0.000,1.000,—,—,1.00,1.000,—,0.000
solo-dps,5,3,boss,180,200,0.000,0.000,1.000,—,—,1.00,1.000,—,0.000
solo-dps,5,3,boss,300,200,0.000,0.000,1.000,—,—,1.00,1.000,—,0.000
solo-dps,5,4,solo,180,200,1.000,0.000,0.000,0.243,8.4,0.00,0.757,—,1.144
solo-dps,5,4,solo,300,200,1.000,0.000,0.000,0.235,8.3,0.00,0.765,—,1.140
solo-dps,5,4,pack,180,200,0.000,0.000,1.000,—,—,1.00,1.000,—,0.000
solo-dps,5,4,pack,300,200,0.000,0.000,1.000,—,—,1.00,1.000,—,0.000
solo-dps,5,4,boss,180,200,0.000,0.000,1.000,—,—,1.00,1.000,—,0.000
solo-dps,5,4,boss,300,200,0.000,0.000,1.000,—,—,1.00,1.000,—,0.000
solo-dps,5,5,solo,180,200,0.185,0.000,0.815,0.051,10.1,0.81,0.991,—,0.194
solo-dps,5,5,solo,300,200,0.180,0.000,0.820,0.016,10.2,0.82,0.997,—,0.185
solo-dps,5,5,pack,180,200,0.000,0.000,1.000,—,—,1.00,1.000,—,0.000
solo-dps,5,5,pack,300,200,0.000,0.000,1.000,—,—,1.00,1.000,—,0.000
solo-dps,5,5,boss,180,200,0.000,0.000,1.000,—,—,1.00,1.000,—,0.000
solo-dps,5,5,boss,300,200,0.000,0.000,1.000,—,—,1.00,1.000,—,0.000
solo-dps,5,6,solo,180,200,0.000,0.000,1.000,—,—,1.00,1.000,—,0.000
solo-dps,5,6,solo,300,200,0.000,0.000,1.000,—,—,1.00,1.000,—,0.000
solo-dps,5,6,pack,180,200,0.000,0.000,1.000,—,—,1.00,1.000,—,0.000
solo-dps,5,6,pack,300,200,0.000,0.000,1.000,—,—,1.00,1.000,—,0.000
solo-dps,5,6,boss,180,200,0.000,0.000,1.000,—,—,1.00,1.000,—,0.000
solo-dps,5,6,boss,300,200,0.000,0.000,1.000,—,—,1.00,1.000,—,0.000
solo-dps,5,7,solo,180,200,0.000,0.000,1.000,—,—,1.00,1.000,—,0.000
solo-dps,5,7,solo,300,200,0.000,0.000,1.000,—,—,1.00,1.000,—,0.000
solo-dps,5,7,pack,180,200,0.000,0.000,1.000,—,—,1.00,1.000,—,0.000
solo-dps,5,7,pack,300,200,0.000,0.000,1.000,—,—,1.00,1.000,—,0.000
solo-dps,5,7,boss,180,200,0.000,0.000,1.000,—,—,1.00,1.000,—,0.000
solo-dps,5,7,boss,300,200,0.000,0.000,1.000,—,—,1.00,1.000,—,0.000
solo-dps,5,8,solo,180,200,0.000,0.000,1.000,—,—,1.00,1.000,—,0.000
solo-dps,5,8,solo,300,200,0.000,0.000,1.000,—,—,1.00,1.000,—,0.000
solo-dps,5,8,pack,180,200,0.000,0.000,1.000,—,—,1.00,1.000,—,0.000
solo-dps,5,8,pack,300,200,0.000,0.000,1.000,—,—,1.00,1.000,—,0.000
solo-dps,5,8,boss,180,200,0.000,0.000,1.000,—,—,1.00,1.000,—,0.000
solo-dps,5,8,boss,300,200,0.000,0.000,1.000,—,—,1.00,1.000,—,0.000
solo-dps,10,1,solo,180,200,1.000,0.000,0.000,0.899,1.7,0.00,0.101,—,1.508
solo-dps,10,1,solo,300,200,1.000,0.000,0.000,0.902,1.7,0.00,0.098,—,1.509
solo-dps,10,1,pack,180,200,1.000,0.000,0.000,0.392,8.6,0.00,0.608,—,1.244
solo-dps,10,1,pack,300,200,1.000,0.000,0.000,0.399,8.6,0.00,0.601,—,1.248
solo-dps,10,1,boss,180,200,0.290,0.000,0.710,0.154,14.9,0.71,0.955,—,0.325
solo-dps,10,1,boss,300,200,0.310,0.000,0.690,0.146,14.7,0.69,0.955,—,0.346
solo-dps,10,2,solo,180,200,1.000,0.000,0.000,0.873,1.7,0.00,0.127,—,1.494
solo-dps,10,2,solo,300,200,1.000,0.000,0.000,0.873,1.7,0.00,0.127,—,1.494
solo-dps,10,2,pack,180,200,1.000,0.000,0.000,0.241,8.6,0.00,0.759,—,1.166
solo-dps,10,2,pack,300,200,1.000,0.000,0.000,0.249,8.6,0.00,0.751,—,1.169
solo-dps,10,2,boss,180,200,0.010,0.000,0.990,0.100,17.1,0.99,0.999,—,0.011
solo-dps,10,2,boss,300,200,0.000,0.000,1.000,—,—,1.00,1.000,—,0.000
solo-dps,10,3,solo,180,200,1.000,0.000,0.000,0.680,3.4,0.00,0.320,—,1.394
solo-dps,10,3,solo,300,200,1.000,0.000,0.000,0.681,3.4,0.00,0.319,—,1.394
solo-dps,10,3,pack,180,200,0.005,0.000,0.995,0.003,13.7,0.99,1.000,—,0.005
solo-dps,10,3,pack,300,200,0.000,0.000,1.000,—,—,1.00,1.000,—,0.000
solo-dps,10,3,boss,180,200,0.000,0.000,1.000,—,—,1.00,1.000,—,0.000
solo-dps,10,3,boss,300,200,0.000,0.000,1.000,—,—,1.00,1.000,—,0.000
solo-dps,10,4,solo,180,200,1.000,0.000,0.000,0.614,4.7,0.00,0.386,—,1.359
solo-dps,10,4,solo,300,200,1.000,0.000,0.000,0.608,4.7,0.00,0.392,—,1.356
solo-dps,10,4,pack,180,200,0.000,0.000,1.000,—,—,1.00,1.000,—,0.000
solo-dps,10,4,pack,300,200,0.000,0.000,1.000,—,—,1.00,1.000,—,0.000
solo-dps,10,4,boss,180,200,0.000,0.000,1.000,—,—,1.00,1.000,—,0.000
solo-dps,10,4,boss,300,200,0.000,0.000,1.000,—,—,1.00,1.000,—,0.000
solo-dps,10,5,solo,180,200,1.000,0.000,0.000,0.343,6.3,0.00,0.657,—,1.219
solo-dps,10,5,solo,300,200,1.000,0.000,0.000,0.341,6.4,0.00,0.659,—,1.217
solo-dps,10,5,pack,180,200,0.000,0.000,1.000,—,—,1.00,1.000,—,0.000
solo-dps,10,5,pack,300,200,0.000,0.000,1.000,—,—,1.00,1.000,—,0.000
solo-dps,10,5,boss,180,200,0.000,0.000,1.000,—,—,1.00,1.000,—,0.000
solo-dps,10,5,boss,300,200,0.000,0.000,1.000,—,—,1.00,1.000,—,0.000
solo-dps,10,6,solo,180,200,1.000,0.000,0.000,0.069,8.0,0.00,0.931,—,1.076
solo-dps,10,6,solo,300,200,1.000,0.000,0.000,0.064,8.0,0.00,0.936,—,1.073
solo-dps,10,6,pack,180,200,0.000,0.000,1.000,—,—,1.00,1.000,—,0.000
solo-dps,10,6,pack,300,200,0.000,0.000,1.000,—,—,1.00,1.000,—,0.000
solo-dps,10,6,boss,180,200,0.000,0.000,1.000,—,—,1.00,1.000,—,0.000
solo-dps,10,6,boss,300,200,0.000,0.000,1.000,—,—,1.00,1.000,—,0.000
solo-dps,10,7,solo,180,200,0.010,0.000,0.990,0.196,8.6,0.99,0.998,—,0.011
solo-dps,10,7,solo,300,200,0.035,0.000,0.965,0.196,9.6,0.96,0.993,—,0.040
solo-dps,10,7,pack,180,200,0.000,0.000,1.000,—,—,1.00,1.000,—,0.000
solo-dps,10,7,pack,300,200,0.000,0.000,1.000,—,—,1.00,1.000,—,0.000
solo-dps,10,7,boss,180,200,0.000,0.000,1.000,—,—,1.00,1.000,—,0.000
solo-dps,10,7,boss,300,200,0.000,0.000,1.000,—,—,1.00,1.000,—,0.000
solo-dps,10,8,solo,180,200,0.000,0.000,1.000,—,—,1.00,1.000,—,0.000
solo-dps,10,8,solo,300,200,0.000,0.000,1.000,—,—,1.00,1.000,—,0.000
solo-dps,10,8,pack,180,200,0.000,0.000,1.000,—,—,1.00,1.000,—,0.000
solo-dps,10,8,pack,300,200,0.000,0.000,1.000,—,—,1.00,1.000,—,0.000
solo-dps,10,8,boss,180,200,0.000,0.000,1.000,—,—,1.00,1.000,—,0.000
solo-dps,10,8,boss,300,200,0.000,0.000,1.000,—,—,1.00,1.000,—,0.000
solo-dps,20,1,solo,180,200,1.000,0.000,0.000,1.000,0.0,0.00,0.000,—,1.620
solo-dps,20,1,solo,300,200,1.000,0.000,0.000,1.000,0.0,0.00,0.000,—,1.620
solo-dps,20,1,pack,180,200,1.000,0.000,0.000,0.862,2.7,0.00,0.138,—,1.546
solo-dps,20,1,pack,300,200,1.000,0.000,0.000,0.861,2.7,0.00,0.139,—,1.545
solo-dps,20,1,boss,180,200,1.000,0.000,0.000,0.643,8.0,0.00,0.357,—,1.427
solo-dps,20,1,boss,300,200,1.000,0.000,0.000,0.643,8.1,0.00,0.357,—,1.427
solo-dps,20,2,solo,180,200,1.000,0.000,0.000,0.925,1.2,0.00,0.075,—,1.580
solo-dps,20,2,solo,300,200,1.000,0.000,0.000,0.927,1.2,0.00,0.073,—,1.580
solo-dps,20,2,pack,180,200,1.000,0.000,0.000,0.545,6.2,0.00,0.455,—,1.374
solo-dps,20,2,pack,300,200,1.000,0.000,0.000,0.541,6.3,0.00,0.459,—,1.372
solo-dps,20,2,boss,180,200,1.000,0.000,0.000,0.426,9.9,0.00,0.574,—,1.310
solo-dps,20,2,boss,300,200,1.000,0.000,0.000,0.420,9.9,0.00,0.580,—,1.307
solo-dps,20,3,solo,180,200,1.000,0.000,0.000,0.903,1.2,0.00,0.097,—,1.568
solo-dps,20,3,solo,300,200,1.000,0.000,0.000,0.904,1.2,0.00,0.096,—,1.568
solo-dps,20,3,pack,180,200,1.000,0.000,0.000,0.409,6.3,0.00,0.591,—,1.301
solo-dps,20,3,pack,300,200,1.000,0.000,0.000,0.431,6.2,0.00,0.569,—,1.313
solo-dps,20,3,boss,180,200,1.000,0.000,0.000,0.158,11.9,0.00,0.842,—,1.165
solo-dps,20,3,boss,300,200,1.000,0.000,0.000,0.157,12.0,0.00,0.843,—,1.165
solo-dps,20,4,solo,180,200,1.000,0.000,0.000,0.868,1.4,0.00,0.132,—,1.549
solo-dps,20,4,solo,300,200,1.000,0.000,0.000,0.866,1.4,0.00,0.134,—,1.548
solo-dps,20,4,pack,180,200,1.000,0.000,0.000,0.207,6.8,0.00,0.793,—,1.192
solo-dps,20,4,pack,300,200,1.000,0.000,0.000,0.193,6.8,0.00,0.807,—,1.184
solo-dps,20,4,boss,180,200,0.205,0.000,0.795,0.087,14.6,0.80,0.982,—,0.231
solo-dps,20,4,boss,300,200,0.195,0.000,0.805,0.100,14.6,0.81,0.980,—,0.221
solo-dps,20,5,solo,180,200,1.000,0.000,0.000,0.832,2.3,0.00,0.168,—,1.529
solo-dps,20,5,solo,300,200,1.000,0.000,0.000,0.830,2.4,0.00,0.170,—,1.528
solo-dps,20,5,pack,180,200,0.055,0.000,0.945,0.160,8.3,0.94,0.991,—,0.064
solo-dps,20,5,pack,300,200,0.050,0.000,0.950,0.198,8.0,0.95,0.990,—,0.059
solo-dps,20,5,boss,180,200,0.000,0.000,1.000,—,—,1.00,1.000,—,0.000
solo-dps,20,5,boss,300,200,0.000,0.000,1.000,—,—,1.00,1.000,—,0.000
solo-dps,20,6,solo,180,200,1.000,0.000,0.000,0.645,3.7,0.00,0.355,—,1.428
solo-dps,20,6,solo,300,200,1.000,0.000,0.000,0.649,3.6,0.00,0.351,—,1.430
solo-dps,20,6,pack,180,200,0.000,0.000,1.000,—,—,1.00,1.000,—,0.000
solo-dps,20,6,pack,300,200,0.000,0.000,1.000,—,—,1.00,1.000,—,0.000
solo-dps,20,6,boss,180,200,0.000,0.000,1.000,—,—,1.00,1.000,—,0.000
solo-dps,20,6,boss,300,200,0.000,0.000,1.000,—,—,1.00,1.000,—,0.000
solo-dps,20,7,solo,180,200,1.000,0.000,0.000,0.460,4.8,0.00,0.540,—,1.328
solo-dps,20,7,solo,300,200,1.000,0.000,0.000,0.466,4.9,0.00,0.534,—,1.332
solo-dps,20,7,pack,180,200,0.000,0.000,1.000,—,—,1.00,1.000,—,0.000
solo-dps,20,7,pack,300,200,0.000,0.000,1.000,—,—,1.00,1.000,—,0.000
solo-dps,20,7,boss,180,200,0.000,0.000,1.000,—,—,1.00,1.000,—,0.000
solo-dps,20,7,boss,300,200,0.000,0.000,1.000,—,—,1.00,1.000,—,0.000
solo-dps,20,8,solo,180,200,0.555,0.000,0.445,0.330,5.6,0.45,0.817,—,0.698
solo-dps,20,8,solo,300,200,0.600,0.000,0.400,0.341,5.6,0.40,0.796,—,0.758
solo-dps,20,8,pack,180,200,0.000,0.000,1.000,—,—,1.00,1.000,—,0.000
solo-dps,20,8,pack,300,200,0.000,0.000,1.000,—,—,1.00,1.000,—,0.000
solo-dps,20,8,boss,180,200,0.000,0.000,1.000,—,—,1.00,1.000,—,0.000
solo-dps,20,8,boss,300,200,0.000,0.000,1.000,—,—,1.00,1.000,—,0.000
solo-dps,35,1,solo,180,200,1.000,0.000,0.000,1.000,0.0,0.00,0.000,—,1.710
solo-dps,35,1,solo,300,200,1.000,0.000,0.000,1.000,0.0,0.00,0.000,—,1.710
solo-dps,35,1,pack,180,200,1.000,0.000,0.000,0.907,2.3,0.00,0.093,—,1.657
solo-dps,35,1,pack,300,200,1.000,0.000,0.000,0.907,2.3,0.00,0.093,—,1.657
solo-dps,35,1,boss,180,200,1.000,0.000,0.000,0.828,5.1,0.00,0.172,—,1.612
solo-dps,35,1,boss,300,200,1.000,0.000,0.000,0.827,5.0,0.00,0.173,—,1.612
solo-dps,35,2,solo,180,200,1.000,0.000,0.000,1.000,0.0,0.00,0.000,—,1.710
solo-dps,35,2,solo,300,200,1.000,0.000,0.000,1.000,0.0,0.00,0.000,—,1.710
solo-dps,35,2,pack,180,200,1.000,0.000,0.000,0.882,2.3,0.00,0.118,—,1.642
solo-dps,35,2,pack,300,200,1.000,0.000,0.000,0.882,2.3,0.00,0.118,—,1.643
solo-dps,35,2,boss,180,200,1.000,0.000,0.000,0.775,5.6,0.00,0.225,—,1.582
solo-dps,35,2,boss,300,200,1.000,0.000,0.000,0.774,5.6,0.00,0.226,—,1.581
solo-dps,35,3,solo,180,200,1.000,0.000,0.000,1.000,0.0,0.00,0.000,—,1.710
solo-dps,35,3,solo,300,200,1.000,0.000,0.000,1.000,0.0,0.00,0.000,—,1.710
solo-dps,35,3,pack,180,200,1.000,0.000,0.000,0.850,2.3,0.00,0.150,—,1.624
solo-dps,35,3,pack,300,200,1.000,0.000,0.000,0.852,2.3,0.00,0.148,—,1.625
solo-dps,35,3,boss,180,200,1.000,0.000,0.000,0.641,6.7,0.00,0.359,—,1.505
solo-dps,35,3,boss,300,200,1.000,0.000,0.000,0.643,6.6,0.00,0.357,—,1.506
solo-dps,35,4,solo,180,200,1.000,0.000,0.000,0.930,0.9,0.00,0.070,—,1.670
solo-dps,35,4,solo,300,200,1.000,0.000,0.000,0.930,0.9,0.00,0.070,—,1.670
solo-dps,35,4,pack,180,200,1.000,0.000,0.000,0.607,4.9,0.00,0.393,—,1.486
solo-dps,35,4,pack,300,200,1.000,0.000,0.000,0.600,5.0,0.00,0.400,—,1.482
solo-dps,35,4,boss,180,200,1.000,0.000,0.000,0.481,8.2,0.00,0.519,—,1.414
solo-dps,35,4,boss,300,200,1.000,0.000,0.000,0.495,8.2,0.00,0.505,—,1.422
solo-dps,35,5,solo,180,200,1.000,0.000,0.000,0.918,0.9,0.00,0.082,—,1.663
solo-dps,35,5,solo,300,200,1.000,0.000,0.000,0.909,0.9,0.00,0.091,—,1.658
solo-dps,35,5,pack,180,200,1.000,0.000,0.000,0.496,5.0,0.00,0.504,—,1.423
solo-dps,35,5,pack,300,200,1.000,0.000,0.000,0.495,5.1,0.00,0.505,—,1.422
solo-dps,35,5,boss,180,200,1.000,0.000,0.000,0.224,9.9,0.00,0.776,—,1.268
solo-dps,35,5,boss,300,200,1.000,0.000,0.000,0.236,10.0,0.00,0.764,—,1.274
solo-dps,35,6,solo,180,200,1.000,0.000,0.000,0.853,1.9,0.00,0.147,—,1.626
solo-dps,35,6,solo,300,200,1.000,0.000,0.000,0.853,1.9,0.00,0.147,—,1.626
solo-dps,35,6,pack,180,200,0.800,0.000,0.200,0.131,7.6,0.20,0.895,—,0.972
solo-dps,35,6,pack,300,200,0.820,0.000,0.180,0.149,7.5,0.18,0.878,—,1.004
solo-dps,35,6,boss,180,200,0.050,0.000,0.950,0.205,11.7,0.95,0.990,—,0.063
solo-dps,35,6,boss,300,200,0.065,0.000,0.935,0.218,11.6,0.94,0.986,—,0.082
solo-dps,35,7,solo,180,200,1.000,0.000,0.000,0.821,2.3,0.00,0.179,—,1.608
solo-dps,35,7,solo,300,200,1.000,0.000,0.000,0.817,2.3,0.00,0.183,—,1.606
solo-dps,35,7,pack,180,200,0.055,0.000,0.945,0.076,8.4,0.94,0.996,—,0.065
solo-dps,35,7,pack,300,200,0.030,0.000,0.970,0.059,8.6,0.97,0.998,—,0.035
solo-dps,35,7,boss,180,200,0.000,0.000,1.000,—,—,1.00,1.000,—,0.000
solo-dps,35,7,boss,300,200,0.000,0.000,1.000,—,—,1.00,1.000,—,0.000
solo-dps,35,8,solo,180,200,1.000,0.000,0.000,0.659,2.9,0.00,0.341,—,1.516
solo-dps,35,8,solo,300,200,1.000,0.000,0.000,0.673,2.9,0.00,0.327,—,1.524
solo-dps,35,8,pack,180,200,0.000,0.000,1.000,—,—,1.00,1.000,—,0.000
solo-dps,35,8,pack,300,200,0.000,0.000,1.000,—,—,1.00,1.000,—,0.000
solo-dps,35,8,boss,180,200,0.000,0.000,1.000,—,—,1.00,1.000,—,0.000
solo-dps,35,8,boss,300,200,0.000,0.000,1.000,—,—,1.00,1.000,—,0.000
solo-dps,50,1,solo,180,200,1.000,0.000,0.000,1.000,0.0,0.00,0.000,—,1.800
solo-dps,50,1,solo,300,200,1.000,0.000,0.000,1.000,0.0,0.00,0.000,—,1.800
solo-dps,50,1,pack,180,200,1.000,0.000,0.000,0.929,2.1,0.00,0.071,—,1.757
solo-dps,50,1,pack,300,200,1.000,0.000,0.000,0.929,2.1,0.00,0.071,—,1.757
solo-dps,50,1,boss,180,200,1.000,0.000,0.000,0.868,3.6,0.00,0.132,—,1.721
solo-dps,50,1,boss,300,200,1.000,0.000,0.000,0.868,3.6,0.00,0.132,—,1.721
solo-dps,50,2,solo,180,200,1.000,0.000,0.000,1.000,0.0,0.00,0.000,—,1.800
solo-dps,50,2,solo,300,200,1.000,0.000,0.000,1.000,0.0,0.00,0.000,—,1.800
solo-dps,50,2,pack,180,200,1.000,0.000,0.000,0.911,2.1,0.00,0.089,—,1.747
solo-dps,50,2,pack,300,200,1.000,0.000,0.000,0.913,2.1,0.00,0.087,—,1.748
solo-dps,50,2,boss,180,200,1.000,0.000,0.000,0.830,4.1,0.00,0.170,—,1.698
solo-dps,50,2,boss,300,200,1.000,0.000,0.000,0.832,4.1,0.00,0.168,—,1.699
solo-dps,50,3,solo,180,200,1.000,0.000,0.000,1.000,0.0,0.00,0.000,—,1.800
solo-dps,50,3,solo,300,200,1.000,0.000,0.000,1.000,0.0,0.00,0.000,—,1.800
solo-dps,50,3,pack,180,200,1.000,0.000,0.000,0.888,2.1,0.00,0.112,—,1.733
solo-dps,50,3,pack,300,200,1.000,0.000,0.000,0.887,2.1,0.00,0.113,—,1.732
solo-dps,50,3,boss,180,200,1.000,0.000,0.000,0.795,4.5,0.00,0.205,—,1.677
solo-dps,50,3,boss,300,200,1.000,0.000,0.000,0.794,4.6,0.00,0.206,—,1.676
solo-dps,50,4,solo,180,200,1.000,0.000,0.000,1.000,0.0,0.00,0.000,—,1.800
solo-dps,50,4,solo,300,200,1.000,0.000,0.000,1.000,0.0,0.00,0.000,—,1.800
solo-dps,50,4,pack,180,200,1.000,0.000,0.000,0.862,2.1,0.00,0.138,—,1.717
solo-dps,50,4,pack,300,200,1.000,0.000,0.000,0.863,2.1,0.00,0.137,—,1.718
solo-dps,50,4,boss,180,200,1.000,0.000,0.000,0.721,5.5,0.00,0.279,—,1.632
solo-dps,50,4,boss,300,200,1.000,0.000,0.000,0.720,5.5,0.00,0.280,—,1.632
solo-dps,50,5,solo,180,200,1.000,0.000,0.000,0.939,0.7,0.00,0.061,—,1.764
solo-dps,50,5,solo,300,200,1.000,0.000,0.000,0.933,0.8,0.00,0.067,—,1.760
solo-dps,50,5,pack,180,200,1.000,0.000,0.000,0.636,4.3,0.00,0.364,—,1.581
solo-dps,50,5,pack,300,200,1.000,0.000,0.000,0.628,4.4,0.00,0.372,—,1.577
solo-dps,50,5,boss,180,200,1.000,0.000,0.000,0.550,6.8,0.00,0.450,—,1.530
solo-dps,50,5,boss,300,200,1.000,0.000,0.000,0.547,6.8,0.00,0.453,—,1.528
solo-dps,50,6,solo,180,200,1.000,0.000,0.000,0.926,0.7,0.00,0.074,—,1.756
solo-dps,50,6,solo,300,200,1.000,0.000,0.000,0.923,0.7,0.00,0.077,—,1.754
solo-dps,50,6,pack,180,200,1.000,0.000,0.000,0.540,4.4,0.00,0.460,—,1.524
solo-dps,50,6,pack,300,200,1.000,0.000,0.000,0.539,4.3,0.00,0.461,—,1.524
solo-dps,50,6,boss,180,200,1.000,0.000,0.000,0.418,8.1,0.00,0.582,—,1.451
solo-dps,50,6,boss,300,200,1.000,0.000,0.000,0.419,8.2,0.00,0.581,—,1.451
solo-dps,50,7,solo,180,200,1.000,0.000,0.000,0.863,1.0,0.00,0.137,—,1.718
solo-dps,50,7,solo,300,200,1.000,0.000,0.000,0.862,1.0,0.00,0.138,—,1.717
solo-dps,50,7,pack,180,200,1.000,0.000,0.000,0.314,5.2,0.00,0.686,—,1.388
solo-dps,50,7,pack,300,200,1.000,0.000,0.000,0.324,5.2,0.00,0.676,—,1.394
solo-dps,50,7,boss,180,200,1.000,0.000,0.000,0.082,10.1,0.00,0.918,—,1.249
solo-dps,50,7,boss,300,200,1.000,0.000,0.000,0.087,10.1,0.00,0.913,—,1.252
solo-dps,50,8,solo,180,200,1.000,0.000,0.000,0.831,1.6,0.00,0.169,—,1.699
solo-dps,50,8,solo,300,200,1.000,0.000,0.000,0.826,1.5,0.00,0.174,—,1.696
solo-dps,50,8,pack,180,200,0.300,0.000,0.700,0.134,6.5,0.70,0.960,—,0.384
solo-dps,50,8,pack,300,200,0.275,0.000,0.725,0.129,6.4,0.72,0.965,—,0.351
solo-dps,50,8,boss,180,200,0.010,0.000,0.990,0.076,13.0,0.99,0.999,—,0.012
solo-dps,50,8,boss,300,200,0.000,0.000,1.000,—,—,1.00,1.000,—,0.000
solo-crit,1,1,solo,180,200,1.000,0.000,0.000,0.507,7.6,0.00,0.493,—,1.259
solo-crit,1,1,solo,300,200,1.000,0.000,0.000,0.512,7.5,0.00,0.488,—,1.261
solo-crit,1,1,pack,180,200,0.000,0.000,1.000,—,—,1.00,1.000,—,0.000
solo-crit,1,1,pack,300,200,0.000,0.000,1.000,—,—,1.00,1.000,—,0.000
solo-crit,1,1,boss,180,200,0.000,0.000,1.000,—,—,1.00,1.000,—,0.000
solo-crit,1,1,boss,300,200,0.000,0.000,1.000,—,—,1.00,1.000,—,0.000
solo-crit,1,2,solo,180,200,1.000,0.000,0.000,0.191,10.0,0.00,0.809,—,1.100
solo-crit,1,2,solo,300,200,1.000,0.000,0.000,0.187,10.0,0.00,0.813,—,1.098
solo-crit,1,2,pack,180,200,0.000,0.000,1.000,—,—,1.00,1.000,—,0.000
solo-crit,1,2,pack,300,200,0.000,0.000,1.000,—,—,1.00,1.000,—,0.000
solo-crit,1,2,boss,180,200,0.000,0.000,1.000,—,—,1.00,1.000,—,0.000
solo-crit,1,2,boss,300,200,0.000,0.000,1.000,—,—,1.00,1.000,—,0.000
solo-crit,1,3,solo,180,200,0.005,0.000,0.995,0.209,12.6,0.99,0.999,—,0.006
solo-crit,1,3,solo,300,200,0.005,0.000,0.995,0.209,10.1,0.99,0.999,—,0.006
solo-crit,1,3,pack,180,200,0.000,0.000,1.000,—,—,1.00,1.000,—,0.000
solo-crit,1,3,pack,300,200,0.000,0.000,1.000,—,—,1.00,1.000,—,0.000
solo-crit,1,3,boss,180,200,0.000,0.000,1.000,—,—,1.00,1.000,—,0.000
solo-crit,1,3,boss,300,200,0.000,0.000,1.000,—,—,1.00,1.000,—,0.000
solo-crit,1,4,solo,180,200,0.000,0.000,1.000,—,—,1.00,1.000,—,0.000
solo-crit,1,4,solo,300,200,0.000,0.000,1.000,—,—,1.00,1.000,—,0.000
solo-crit,1,4,pack,180,200,0.000,0.000,1.000,—,—,1.00,1.000,—,0.000
solo-crit,1,4,pack,300,200,0.000,0.000,1.000,—,—,1.00,1.000,—,0.000
solo-crit,1,4,boss,180,200,0.000,0.000,1.000,—,—,1.00,1.000,—,0.000
solo-crit,1,4,boss,300,200,0.000,0.000,1.000,—,—,1.00,1.000,—,0.000
solo-crit,1,5,solo,180,200,0.000,0.000,1.000,—,—,1.00,1.000,—,0.000
solo-crit,1,5,solo,300,200,0.000,0.000,1.000,—,—,1.00,1.000,—,0.000
solo-crit,1,5,pack,180,200,0.000,0.000,1.000,—,—,1.00,1.000,—,0.000
solo-crit,1,5,pack,300,200,0.000,0.000,1.000,—,—,1.00,1.000,—,0.000
solo-crit,1,5,boss,180,200,0.000,0.000,1.000,—,—,1.00,1.000,—,0.000
solo-crit,1,5,boss,300,200,0.000,0.000,1.000,—,—,1.00,1.000,—,0.000
solo-crit,1,6,solo,180,200,0.000,0.000,1.000,—,—,1.00,1.000,—,0.000
solo-crit,1,6,solo,300,200,0.000,0.000,1.000,—,—,1.00,1.000,—,0.000
solo-crit,1,6,pack,180,200,0.000,0.000,1.000,—,—,1.00,1.000,—,0.000
solo-crit,1,6,pack,300,200,0.000,0.000,1.000,—,—,1.00,1.000,—,0.000
solo-crit,1,6,boss,180,200,0.000,0.000,1.000,—,—,1.00,1.000,—,0.000
solo-crit,1,6,boss,300,200,0.000,0.000,1.000,—,—,1.00,1.000,—,0.000
solo-crit,1,7,solo,180,200,0.000,0.000,1.000,—,—,1.00,1.000,—,0.000
solo-crit,1,7,solo,300,200,0.000,0.000,1.000,—,—,1.00,1.000,—,0.000
solo-crit,1,7,pack,180,200,0.000,0.000,1.000,—,—,1.00,1.000,—,0.000
solo-crit,1,7,pack,300,200,0.000,0.000,1.000,—,—,1.00,1.000,—,0.000
solo-crit,1,7,boss,180,200,0.000,0.000,1.000,—,—,1.00,1.000,—,0.000
solo-crit,1,7,boss,300,200,0.000,0.000,1.000,—,—,1.00,1.000,—,0.000
solo-crit,1,8,solo,180,200,0.000,0.000,1.000,—,—,1.00,1.000,—,0.000
solo-crit,1,8,solo,300,200,0.000,0.000,1.000,—,—,1.00,1.000,—,0.000
solo-crit,1,8,pack,180,200,0.000,0.000,1.000,—,—,1.00,1.000,—,0.000
solo-crit,1,8,pack,300,200,0.000,0.000,1.000,—,—,1.00,1.000,—,0.000
solo-crit,1,8,boss,180,200,0.000,0.000,1.000,—,—,1.00,1.000,—,0.000
solo-crit,1,8,boss,300,200,0.000,0.000,1.000,—,—,1.00,1.000,—,0.000
solo-crit,5,1,solo,180,200,1.000,0.000,0.000,0.748,3.4,0.00,0.252,—,1.401
solo-crit,5,1,solo,300,200,1.000,0.000,0.000,0.749,3.3,0.00,0.251,—,1.402
solo-crit,5,1,pack,180,200,0.025,0.000,0.975,0.034,10.7,0.97,0.999,—,0.026
solo-crit,5,1,pack,300,200,0.040,0.000,0.960,0.005,10.8,0.96,1.000,—,0.041
solo-crit,5,1,boss,180,200,0.000,0.000,1.000,—,—,1.00,1.000,—,0.000
solo-crit,5,1,boss,300,200,0.000,0.000,1.000,—,—,1.00,1.000,—,0.000
solo-crit,5,2,solo,180,200,1.000,0.000,0.000,0.650,5.1,0.00,0.350,—,1.352
solo-crit,5,2,solo,300,200,1.000,0.000,0.000,0.647,5.0,0.00,0.353,—,1.350
solo-crit,5,2,pack,180,200,0.000,0.000,1.000,—,—,1.00,1.000,—,0.000
solo-crit,5,2,pack,300,200,0.000,0.000,1.000,—,—,1.00,1.000,—,0.000
solo-crit,5,2,boss,180,200,0.000,0.000,1.000,—,—,1.00,1.000,—,0.000
solo-crit,5,2,boss,300,200,0.000,0.000,1.000,—,—,1.00,1.000,—,0.000
solo-crit,5,3,solo,180,200,1.000,0.000,0.000,0.556,5.5,0.00,0.444,—,1.303
solo-crit,5,3,solo,300,200,1.000,0.000,0.000,0.555,5.4,0.00,0.445,—,1.303
solo-crit,5,3,pack,180,200,0.000,0.000,1.000,—,—,1.00,1.000,—,0.000
solo-crit,5,3,pack,300,200,0.000,0.000,1.000,—,—,1.00,1.000,—,0.000
solo-crit,5,3,boss,180,200,0.000,0.000,1.000,—,—,1.00,1.000,—,0.000
solo-crit,5,3,boss,300,200,0.000,0.000,1.000,—,—,1.00,1.000,—,0.000
solo-crit,5,4,solo,180,200,1.000,0.000,0.000,0.217,7.3,0.00,0.783,—,1.131
solo-crit,5,4,solo,300,200,1.000,0.000,0.000,0.214,7.2,0.00,0.786,—,1.129
solo-crit,5,4,pack,180,200,0.000,0.000,1.000,—,—,1.00,1.000,—,0.000
solo-crit,5,4,pack,300,200,0.000,0.000,1.000,—,—,1.00,1.000,—,0.000
solo-crit,5,4,boss,180,200,0.000,0.000,1.000,—,—,1.00,1.000,—,0.000
solo-crit,5,4,boss,300,200,0.000,0.000,1.000,—,—,1.00,1.000,—,0.000
solo-crit,5,5,solo,180,200,0.000,0.000,1.000,—,—,1.00,1.000,—,0.000
solo-crit,5,5,solo,300,200,0.005,0.000,0.995,0.313,7.4,0.99,0.998,—,0.006
solo-crit,5,5,pack,180,200,0.000,0.000,1.000,—,—,1.00,1.000,—,0.000
solo-crit,5,5,pack,300,200,0.000,0.000,1.000,—,—,1.00,1.000,—,0.000
solo-crit,5,5,boss,180,200,0.000,0.000,1.000,—,—,1.00,1.000,—,0.000
solo-crit,5,5,boss,300,200,0.000,0.000,1.000,—,—,1.00,1.000,—,0.000
solo-crit,5,6,solo,180,200,0.000,0.000,1.000,—,—,1.00,1.000,—,0.000
solo-crit,5,6,solo,300,200,0.000,0.000,1.000,—,—,1.00,1.000,—,0.000
solo-crit,5,6,pack,180,200,0.000,0.000,1.000,—,—,1.00,1.000,—,0.000
solo-crit,5,6,pack,300,200,0.000,0.000,1.000,—,—,1.00,1.000,—,0.000
solo-crit,5,6,boss,180,200,0.000,0.000,1.000,—,—,1.00,1.000,—,0.000
solo-crit,5,6,boss,300,200,0.000,0.000,1.000,—,—,1.00,1.000,—,0.000
solo-crit,5,7,solo,180,200,0.000,0.000,1.000,—,—,1.00,1.000,—,0.000
solo-crit,5,7,solo,300,200,0.000,0.000,1.000,—,—,1.00,1.000,—,0.000
solo-crit,5,7,pack,180,200,0.000,0.000,1.000,—,—,1.00,1.000,—,0.000
solo-crit,5,7,pack,300,200,0.000,0.000,1.000,—,—,1.00,1.000,—,0.000
solo-crit,5,7,boss,180,200,0.000,0.000,1.000,—,—,1.00,1.000,—,0.000
solo-crit,5,7,boss,300,200,0.000,0.000,1.000,—,—,1.00,1.000,—,0.000
solo-crit,5,8,solo,180,200,0.000,0.000,1.000,—,—,1.00,1.000,—,0.000
solo-crit,5,8,solo,300,200,0.000,0.000,1.000,—,—,1.00,1.000,—,0.000
solo-crit,5,8,pack,180,200,0.000,0.000,1.000,—,—,1.00,1.000,—,0.000
solo-crit,5,8,pack,300,200,0.000,0.000,1.000,—,—,1.00,1.000,—,0.000
solo-crit,5,8,boss,180,200,0.000,0.000,1.000,—,—,1.00,1.000,—,0.000
solo-crit,5,8,boss,300,200,0.000,0.000,1.000,—,—,1.00,1.000,—,0.000
solo-crit,10,1,solo,180,200,1.000,0.000,0.000,0.884,1.5,0.00,0.116,—,1.500
solo-crit,10,1,solo,300,200,1.000,0.000,0.000,0.880,1.5,0.00,0.120,—,1.498
solo-crit,10,1,pack,180,200,1.000,0.000,0.000,0.302,7.4,0.00,0.698,—,1.197
solo-crit,10,1,pack,300,200,1.000,0.000,0.000,0.293,7.4,0.00,0.707,—,1.192
solo-crit,10,1,boss,180,200,1.000,0.000,0.000,0.044,13.8,0.00,0.956,—,1.063
solo-crit,10,1,boss,300,200,1.000,0.000,0.000,0.046,14.0,0.00,0.954,—,1.064
solo-crit,10,2,solo,180,200,1.000,0.000,0.000,0.854,2.6,0.00,0.146,—,1.484
solo-crit,10,2,solo,300,200,1.000,0.000,0.000,0.851,2.6,0.00,0.149,—,1.483
solo-crit,10,2,pack,180,200,0.185,0.000,0.815,0.111,9.0,0.81,0.979,—,0.203
solo-crit,10,2,pack,300,200,0.170,0.000,0.830,0.121,8.9,0.83,0.979,—,0.188
solo-crit,10,2,boss,180,200,0.000,0.000,1.000,—,—,1.00,1.000,—,0.000
solo-crit,10,2,boss,300,200,0.000,0.000,1.000,—,—,1.00,1.000,—,0.000
solo-crit,10,3,solo,180,200,1.000,0.000,0.000,0.817,2.9,0.00,0.183,—,1.465
solo-crit,10,3,solo,300,200,1.000,0.000,0.000,0.813,3.0,0.00,0.187,—,1.463
solo-crit,10,3,pack,180,200,0.000,0.000,1.000,—,—,1.00,1.000,—,0.000
solo-crit,10,3,pack,300,200,0.000,0.000,1.000,—,—,1.00,1.000,—,0.000
solo-crit,10,3,boss,180,200,0.000,0.000,1.000,—,—,1.00,1.000,—,0.000
solo-crit,10,3,boss,300,200,0.000,0.000,1.000,—,—,1.00,1.000,—,0.000
solo-crit,10,4,solo,180,200,1.000,0.000,0.000,0.636,3.9,0.00,0.364,—,1.371
solo-crit,10,4,solo,300,200,1.000,0.000,0.000,0.631,3.9,0.00,0.369,—,1.368
solo-crit,10,4,pack,180,200,0.000,0.000,1.000,—,—,1.00,1.000,—,0.000
solo-crit,10,4,pack,300,200,0.000,0.000,1.000,—,—,1.00,1.000,—,0.000
solo-crit,10,4,boss,180,200,0.000,0.000,1.000,—,—,1.00,1.000,—,0.000
solo-crit,10,4,boss,300,200,0.000,0.000,1.000,—,—,1.00,1.000,—,0.000
solo-crit,10,5,solo,180,200,1.000,0.000,0.000,0.430,5.3,0.00,0.570,—,1.263
solo-crit,10,5,solo,300,200,1.000,0.000,0.000,0.434,5.4,0.00,0.566,—,1.266
solo-crit,10,5,pack,180,200,0.000,0.000,1.000,—,—,1.00,1.000,—,0.000
solo-crit,10,5,pack,300,200,0.000,0.000,1.000,—,—,1.00,1.000,—,0.000
solo-crit,10,5,boss,180,200,0.000,0.000,1.000,—,—,1.00,1.000,—,0.000
solo-crit,10,5,boss,300,200,0.000,0.000,1.000,—,—,1.00,1.000,—,0.000
solo-crit,10,6,solo,180,200,0.515,0.000,0.485,0.288,6.0,0.48,0.852,—,0.613
solo-crit,10,6,solo,300,200,0.480,0.000,0.520,0.282,6.1,0.52,0.864,—,0.570
solo-crit,10,6,pack,180,200,0.000,0.000,1.000,—,—,1.00,1.000,—,0.000
solo-crit,10,6,pack,300,200,0.000,0.000,1.000,—,—,1.00,1.000,—,0.000
solo-crit,10,6,boss,180,200,0.000,0.000,1.000,—,—,1.00,1.000,—,0.000
solo-crit,10,6,boss,300,200,0.000,0.000,1.000,—,—,1.00,1.000,—,0.000
solo-crit,10,7,solo,180,200,0.020,0.000,0.980,0.194,8.9,0.98,0.996,—,0.023
solo-crit,10,7,solo,300,200,0.015,0.000,0.985,0.079,9.4,0.98,0.999,—,0.016
solo-crit,10,7,pack,180,200,0.000,0.000,1.000,—,—,1.00,1.000,—,0.000
solo-crit,10,7,pack,300,200,0.000,0.000,1.000,—,—,1.00,1.000,—,0.000
solo-crit,10,7,boss,180,200,0.000,0.000,1.000,—,—,1.00,1.000,—,0.000
solo-crit,10,7,boss,300,200,0.000,0.000,1.000,—,—,1.00,1.000,—,0.000
solo-crit,10,8,solo,180,200,0.000,0.000,1.000,—,—,1.00,1.000,—,0.000
solo-crit,10,8,solo,300,200,0.000,0.000,1.000,—,—,1.00,1.000,—,0.000
solo-crit,10,8,pack,180,200,0.000,0.000,1.000,—,—,1.00,1.000,—,0.000
solo-crit,10,8,pack,300,200,0.000,0.000,1.000,—,—,1.00,1.000,—,0.000
solo-crit,10,8,boss,180,200,0.000,0.000,1.000,—,—,1.00,1.000,—,0.000
solo-crit,10,8,boss,300,200,0.000,0.000,1.000,—,—,1.00,1.000,—,0.000
solo-crit,20,1,solo,180,200,1.000,0.000,0.000,1.000,0.0,0.00,0.000,—,1.620
solo-crit,20,1,solo,300,200,1.000,0.000,0.000,1.000,0.0,0.00,0.000,—,1.620
solo-crit,20,1,pack,180,200,1.000,0.000,0.000,0.819,2.4,0.00,0.181,—,1.522
solo-crit,20,1,pack,300,200,1.000,0.000,0.000,0.819,2.4,0.00,0.181,—,1.522
solo-crit,20,1,boss,180,200,1.000,0.000,0.000,0.558,7.0,0.00,0.442,—,1.381
solo-crit,20,1,boss,300,200,1.000,0.000,0.000,0.551,7.0,0.00,0.449,—,1.377
solo-crit,20,2,solo,180,200,1.000,0.000,0.000,0.909,1.0,0.00,0.091,—,1.571
solo-crit,20,2,solo,300,200,1.000,0.000,0.000,0.911,0.9,0.00,0.089,—,1.572
solo-crit,20,2,pack,180,200,1.000,0.000,0.000,0.494,5.3,0.00,0.506,—,1.347
solo-crit,20,2,pack,300,200,1.000,0.000,0.000,0.494,5.4,0.00,0.506,—,1.347
solo-crit,20,2,boss,180,200,1.000,0.000,0.000,0.354,8.7,0.00,0.646,—,1.271
solo-crit,20,2,boss,300,200,1.000,0.000,0.000,0.345,8.7,0.00,0.655,—,1.266
solo-crit,20,3,solo,180,200,1.000,0.000,0.000,0.858,1.2,0.00,0.142,—,1.543
solo-crit,20,3,solo,300,200,1.000,0.000,0.000,0.858,1.2,0.00,0.142,—,1.544
solo-crit,20,3,pack,180,200,1.000,0.000,0.000,0.285,6.0,0.00,0.715,—,1.234
solo-crit,20,3,pack,300,200,1.000,0.000,0.000,0.290,6.0,0.00,0.710,—,1.236
solo-crit,20,3,boss,180,200,1.000,0.000,0.000,0.070,10.3,0.00,0.930,—,1.118
solo-crit,20,3,boss,300,200,1.000,0.000,0.000,0.064,10.3,0.00,0.936,—,1.115
solo-crit,20,4,solo,180,200,1.000,0.000,0.000,0.825,2.0,0.00,0.175,—,1.526
solo-crit,20,4,solo,300,200,1.000,0.000,0.000,0.826,2.0,0.00,0.174,—,1.526
solo-crit,20,4,pack,180,200,0.125,0.000,0.875,0.142,7.5,0.88,0.982,—,0.145
solo-crit,20,4,pack,300,200,0.100,0.000,0.900,0.138,7.4,0.90,0.986,—,0.115
solo-crit,20,4,boss,180,200,0.005,0.000,0.995,0.075,11.9,0.99,1.000,—,0.006
solo-crit,20,4,boss,300,200,0.020,0.000,0.980,0.075,12.8,0.98,0.999,—,0.022
solo-crit,20,5,solo,180,200,1.000,0.000,0.000,0.783,2.4,0.00,0.217,—,1.503
solo-crit,20,5,solo,300,200,1.000,0.000,0.000,0.781,2.3,0.00,0.219,—,1.501
solo-crit,20,5,pack,180,200,0.005,0.000,0.995,0.113,8.4,0.99,0.999,—,0.006
solo-crit,20,5,pack,300,200,0.005,0.000,0.995,0.113,8.4,0.99,0.999,—,0.006
solo-crit,20,5,boss,180,200,0.000,0.000,1.000,—,—,1.00,1.000,—,0.000
solo-crit,20,5,boss,300,200,0.000,0.000,1.000,—,—,1.00,1.000,—,0.000
solo-crit,20,6,solo,180,200,1.000,0.000,0.000,0.564,3.1,0.00,0.436,—,1.385
solo-crit,20,6,solo,300,200,1.000,0.000,0.000,0.569,3.1,0.00,0.431,—,1.387
solo-crit,20,6,pack,180,200,0.000,0.000,1.000,—,—,1.00,1.000,—,0.000
solo-crit,20,6,pack,300,200,0.000,0.000,1.000,—,—,1.00,1.000,—,0.000
solo-crit,20,6,boss,180,200,0.000,0.000,1.000,—,—,1.00,1.000,—,0.000
solo-crit,20,6,boss,300,200,0.000,0.000,1.000,—,—,1.00,1.000,—,0.000
solo-crit,20,7,solo,180,200,1.000,0.000,0.000,0.323,4.1,0.00,0.677,—,1.254
solo-crit,20,7,solo,300,200,1.000,0.000,0.000,0.314,4.2,0.00,0.686,—,1.250
solo-crit,20,7,pack,180,200,0.000,0.000,1.000,—,—,1.00,1.000,—,0.000
solo-crit,20,7,pack,300,200,0.000,0.000,1.000,—,—,1.00,1.000,—,0.000
solo-crit,20,7,boss,180,200,0.000,0.000,1.000,—,—,1.00,1.000,—,0.000
solo-crit,20,7,boss,300,200,0.000,0.000,1.000,—,—,1.00,1.000,—,0.000
solo-crit,20,8,solo,180,200,1.000,0.000,0.000,0.144,5.7,0.00,0.856,—,1.158
solo-crit,20,8,solo,300,200,1.000,0.000,0.000,0.144,5.7,0.00,0.856,—,1.158
solo-crit,20,8,pack,180,200,0.000,0.000,1.000,—,—,1.00,1.000,—,0.000
solo-crit,20,8,pack,300,200,0.000,0.000,1.000,—,—,1.00,1.000,—,0.000
solo-crit,20,8,boss,180,200,0.000,0.000,1.000,—,—,1.00,1.000,—,0.000
solo-crit,20,8,boss,300,200,0.000,0.000,1.000,—,—,1.00,1.000,—,0.000
solo-crit,35,1,solo,180,200,1.000,0.000,0.000,1.000,0.0,0.00,0.000,—,1.710
solo-crit,35,1,solo,300,200,1.000,0.000,0.000,1.000,0.0,0.00,0.000,—,1.710
solo-crit,35,1,pack,180,200,1.000,0.000,0.000,0.867,2.1,0.00,0.133,—,1.634
solo-crit,35,1,pack,300,200,1.000,0.000,0.000,0.868,2.1,0.00,0.132,—,1.635
solo-crit,35,1,boss,180,200,1.000,0.000,0.000,0.756,4.6,0.00,0.244,—,1.571
solo-crit,35,1,boss,300,200,1.000,0.000,0.000,0.757,4.5,0.00,0.243,—,1.571
solo-crit,35,2,solo,180,200,1.000,0.000,0.000,1.000,0.0,0.00,0.000,—,1.710
solo-crit,35,2,solo,300,200,1.000,0.000,0.000,1.000,0.0,0.00,0.000,—,1.710
solo-crit,35,2,pack,180,200,1.000,0.000,0.000,0.833,2.1,0.00,0.167,—,1.615
solo-crit,35,2,pack,300,200,1.000,0.000,0.000,0.832,2.1,0.00,0.168,—,1.614
solo-crit,35,2,boss,180,200,1.000,0.000,0.000,0.686,5.0,0.00,0.314,—,1.531
solo-crit,35,2,boss,300,200,1.000,0.000,0.000,0.687,5.0,0.00,0.313,—,1.532
solo-crit,35,3,solo,180,200,1.000,0.000,0.000,0.920,0.8,0.00,0.080,—,1.664
solo-crit,35,3,solo,300,200,1.000,0.000,0.000,0.924,0.8,0.00,0.076,—,1.667
solo-crit,35,3,pack,180,200,1.000,0.000,0.000,0.545,4.4,0.00,0.455,—,1.450
solo-crit,35,3,pack,300,200,1.000,0.000,0.000,0.548,4.4,0.00,0.452,—,1.452
solo-crit,35,3,boss,180,200,1.000,0.000,0.000,0.470,6.4,0.00,0.530,—,1.408
solo-crit,35,3,boss,300,200,1.000,0.000,0.000,0.470,6.4,0.00,0.530,—,1.408
solo-crit,35,4,solo,180,200,1.000,0.000,0.000,0.904,0.8,0.00,0.096,—,1.655
solo-crit,35,4,solo,300,200,1.000,0.000,0.000,0.900,0.8,0.00,0.100,—,1.653
solo-crit,35,4,pack,180,200,1.000,0.000,0.000,0.453,4.4,0.00,0.547,—,1.398
solo-crit,35,4,pack,300,200,1.000,0.000,0.000,0.454,4.4,0.00,0.546,—,1.399
solo-crit,35,4,boss,180,200,1.000,0.000,0.000,0.332,7.3,0.00,0.668,—,1.329
solo-crit,35,4,boss,300,200,1.000,0.000,0.000,0.326,7.3,0.00,0.674,—,1.326
solo-crit,35,5,solo,180,200,1.000,0.000,0.000,0.840,1.0,0.00,0.160,—,1.619
solo-crit,35,5,solo,300,200,1.000,0.000,0.000,0.840,1.0,0.00,0.160,—,1.619
solo-crit,35,5,pack,180,200,1.000,0.000,0.000,0.200,5.1,0.00,0.800,—,1.254
solo-crit,35,5,pack,300,200,1.000,0.000,0.000,0.196,5.1,0.00,0.804,—,1.252
solo-crit,35,5,boss,180,200,0.345,0.000,0.655,0.134,8.5,0.66,0.954,—,0.420
solo-crit,35,5,boss,300,200,0.290,0.000,0.710,0.151,8.5,0.71,0.956,—,0.356
solo-crit,35,6,solo,180,200,1.000,0.000,0.000,0.796,1.6,0.00,0.204,—,1.594
solo-crit,35,6,solo,300,200,1.000,0.000,0.000,0.794,1.6,0.00,0.206,—,1.593
solo-crit,35,6,pack,180,200,0.010,0.000,0.990,0.165,6.2,0.99,0.998,—,0.012
solo-crit,35,6,pack,300,200,0.035,0.000,0.965,0.194,6.3,0.96,0.993,—,0.044
solo-crit,35,6,boss,180,200,0.000,0.000,1.000,—,—,1.00,1.000,—,0.000
solo-crit,35,6,boss,300,200,0.005,0.000,0.995,0.232,11.3,0.99,0.999,—,0.006
solo-crit,35,7,solo,180,200,1.000,0.000,0.000,0.740,2.0,0.00,0.260,—,1.562
solo-crit,35,7,solo,300,200,1.000,0.000,0.000,0.744,2.0,0.00,0.256,—,1.564
solo-crit,35,7,pack,180,200,0.000,0.000,1.000,—,—,1.00,1.000,—,0.000
solo-crit,35,7,pack,300,200,0.000,0.000,1.000,—,—,1.00,1.000,—,0.000
solo-crit,35,7,boss,180,200,0.000,0.000,1.000,—,—,1.00,1.000,—,0.000
solo-crit,35,7,boss,300,200,0.000,0.000,1.000,—,—,1.00,1.000,—,0.000
solo-crit,35,8,solo,180,200,1.000,0.000,0.000,0.418,3.0,0.00,0.582,—,1.378
solo-crit,35,8,solo,300,200,1.000,0.000,0.000,0.413,2.9,0.00,0.587,—,1.375
solo-crit,35,8,pack,180,200,0.000,0.000,1.000,—,—,1.00,1.000,—,0.000
solo-crit,35,8,pack,300,200,0.000,0.000,1.000,—,—,1.00,1.000,—,0.000
solo-crit,35,8,boss,180,200,0.000,0.000,1.000,—,—,1.00,1.000,—,0.000
solo-crit,35,8,boss,300,200,0.000,0.000,1.000,—,—,1.00,1.000,—,0.000
solo-crit,50,1,solo,180,200,1.000,0.000,0.000,1.000,0.0,0.00,0.000,—,1.800
solo-crit,50,1,solo,300,200,1.000,0.000,0.000,1.000,0.0,0.00,0.000,—,1.800
solo-crit,50,1,pack,180,200,1.000,0.000,0.000,0.894,1.9,0.00,0.106,—,1.736
solo-crit,50,1,pack,300,200,1.000,0.000,0.000,0.895,1.9,0.00,0.105,—,1.737
solo-crit,50,1,boss,180,200,1.000,0.000,0.000,0.850,3.3,0.00,0.150,—,1.710
solo-crit,50,1,boss,300,200,1.000,0.000,0.000,0.853,3.3,0.00,0.147,—,1.712
solo-crit,50,2,solo,180,200,1.000,0.000,0.000,1.000,0.0,0.00,0.000,—,1.800
solo-crit,50,2,solo,300,200,1.000,0.000,0.000,1.000,0.0,0.00,0.000,—,1.800
solo-crit,50,2,pack,180,200,1.000,0.000,0.000,0.869,1.9,0.00,0.131,—,1.721
solo-crit,50,2,pack,300,200,1.000,0.000,0.000,0.868,1.9,0.00,0.132,—,1.721
solo-crit,50,2,boss,180,200,1.000,0.000,0.000,0.759,3.7,0.00,0.241,—,1.656
solo-crit,50,2,boss,300,200,1.000,0.000,0.000,0.761,3.7,0.00,0.239,—,1.657
solo-crit,50,3,solo,180,200,1.000,0.000,0.000,1.000,0.0,0.00,0.000,—,1.800
solo-crit,50,3,solo,300,200,1.000,0.000,0.000,1.000,0.0,0.00,0.000,—,1.800
solo-crit,50,3,pack,180,200,1.000,0.000,0.000,0.833,1.9,0.00,0.167,—,1.700
solo-crit,50,3,pack,300,200,1.000,0.000,0.000,0.831,1.9,0.00,0.169,—,1.699
solo-crit,50,3,boss,180,200,1.000,0.000,0.000,0.695,4.5,0.00,0.305,—,1.617
solo-crit,50,3,boss,300,200,1.000,0.000,0.000,0.699,4.5,0.00,0.301,—,1.619
solo-crit,50,4,solo,180,200,1.000,0.000,0.000,1.000,0.0,0.00,0.000,—,1.800
solo-crit,50,4,solo,300,200,1.000,0.000,0.000,1.000,0.0,0.00,0.000,—,1.800
solo-crit,50,4,pack,180,200,1.000,0.000,0.000,0.797,1.9,0.00,0.203,—,1.678
solo-crit,50,4,pack,300,200,1.000,0.000,0.000,0.801,1.9,0.00,0.199,—,1.681
solo-crit,50,4,boss,180,200,1.000,0.000,0.000,0.623,5.3,0.00,0.377,—,1.574
solo-crit,50,4,boss,300,200,1.000,0.000,0.000,0.626,5.4,0.00,0.374,—,1.576
solo-crit,50,5,solo,180,200,1.000,0.000,0.000,0.914,0.6,0.00,0.086,—,1.748
solo-crit,50,5,solo,300,200,1.000,0.000,0.000,0.908,0.7,0.00,0.092,—,1.745
solo-crit,50,5,pack,180,200,1.000,0.000,0.000,0.567,3.9,0.00,0.433,—,1.540
solo-crit,50,5,pack,300,200,1.000,0.000,0.000,0.580,3.8,0.00,0.420,—,1.548
solo-crit,50,5,boss,180,200,1.000,0.000,0.000,0.439,6.1,0.00,0.561,—,1.464
solo-crit,50,5,boss,300,200,1.000,0.000,0.000,0.433,6.2,0.00,0.567,—,1.460
solo-crit,50,6,solo,180,200,1.000,0.000,0.000,0.841,1.0,0.00,0.159,—,1.705
solo-crit,50,6,solo,300,200,1.000,0.000,0.000,0.836,1.0,0.00,0.164,—,1.702
solo-crit,50,6,pack,180,200,1.000,0.000,0.000,0.349,4.8,0.00,0.651,—,1.410
solo-crit,50,6,pack,300,200,1.000,0.000,0.000,0.360,4.8,0.00,0.640,—,1.416
solo-crit,50,6,boss,180,200,1.000,0.000,0.000,0.158,7.8,0.00,0.842,—,1.295
solo-crit,50,6,boss,300,200,1.000,0.000,0.000,0.162,7.8,0.00,0.838,—,1.297
solo-crit,50,7,solo,180,200,1.000,0.000,0.000,0.798,1.0,0.00,0.202,—,1.679
solo-crit,50,7,solo,300,200,1.000,0.000,0.000,0.798,1.0,0.00,0.202,—,1.679
solo-crit,50,7,pack,180,200,1.000,0.000,0.000,0.184,4.8,0.00,0.816,—,1.310
solo-crit,50,7,pack,300,200,1.000,0.000,0.000,0.191,4.8,0.00,0.809,—,1.315
solo-crit,50,7,boss,180,200,0.015,0.000,0.985,0.129,9.2,0.98,0.998,—,0.019
solo-crit,50,7,boss,300,200,0.015,0.000,0.985,0.335,9.2,0.98,0.995,—,0.021
solo-crit,50,8,solo,180,200,1.000,0.000,0.000,0.750,1.8,0.00,0.250,—,1.650
solo-crit,50,8,solo,300,200,1.000,0.000,0.000,0.750,1.8,0.00,0.250,—,1.650
solo-crit,50,8,pack,180,200,0.005,0.000,0.995,0.235,5.7,0.99,0.999,—,0.007
solo-crit,50,8,pack,300,200,0.000,0.000,1.000,—,—,1.00,1.000,—,0.000
solo-crit,50,8,boss,180,200,0.000,0.000,1.000,—,—,1.00,1.000,—,0.000
solo-crit,50,8,boss,300,200,0.000,0.000,1.000,—,—,1.00,1.000,—,0.000
