comp,level,tier,shape,limit,fights,winRate,timeoutRate,wipeRate,avgMarginWin,avgDurationWin,avgDowned,avgHpLostPct,tankTargetPct,expRewardMult
trio-core,1,1,solo,180,200,1.000,0.000,0.000,0.925,4.0,0.00,0.075,1.000,1.468
trio-core,1,1,solo,300,200,1.000,0.000,0.000,0.926,3.9,0.00,0.074,1.000,1.469
trio-core,1,1,pack,180,200,1.000,0.000,0.000,0.961,21.4,0.00,0.039,1.000,1.486
trio-core,1,1,pack,300,200,1.000,0.000,0.000,0.962,21.4,0.00,0.038,1.000,1.487
trio-core,1,1,boss,180,200,1.000,0.000,0.000,0.995,39.4,0.00,0.005,1.000,1.503
trio-core,1,1,boss,300,200,1.000,0.000,0.000,0.995,39.4,0.00,0.005,1.000,1.503
trio-core,1,2,solo,180,200,1.000,0.000,0.000,0.891,5.5,0.00,0.109,1.000,1.451
trio-core,1,2,solo,300,200,1.000,0.000,0.000,0.891,5.5,0.00,0.109,1.000,1.451
trio-core,1,2,pack,180,200,1.000,0.000,0.000,0.894,29.2,0.00,0.106,1.000,1.453
trio-core,1,2,pack,300,200,1.000,0.000,0.000,0.878,29.0,0.00,0.122,1.000,1.445
trio-core,1,2,boss,180,200,1.000,0.000,0.000,0.961,58.2,0.00,0.039,1.000,1.486
trio-core,1,2,boss,300,200,1.000,0.000,0.000,0.959,58.0,0.00,0.041,1.000,1.485
trio-core,1,3,solo,180,200,1.000,0.000,0.000,0.919,10.9,0.00,0.081,1.000,1.465
trio-core,1,3,solo,300,200,1.000,0.000,0.000,0.919,10.9,0.00,0.081,1.000,1.466
trio-core,1,3,pack,180,200,0.000,0.000,1.000,—,—,3.00,1.000,0.448,0.000
trio-core,1,3,pack,300,200,0.000,0.000,1.000,—,—,3.00,1.000,0.451,0.000
trio-core,1,3,boss,180,200,0.000,0.000,1.000,—,—,3.00,1.000,0.424,0.000
trio-core,1,3,boss,300,200,0.000,0.000,1.000,—,—,3.00,1.000,0.421,0.000
trio-core,1,4,solo,180,200,1.000,0.000,0.000,0.880,17.7,0.00,0.120,1.000,1.446
trio-core,1,4,solo,300,200,1.000,0.000,0.000,0.885,17.7,0.00,0.115,1.000,1.448
trio-core,1,4,pack,180,200,0.000,0.000,1.000,—,—,3.00,1.000,0.350,0.000
trio-core,1,4,pack,300,200,0.000,0.000,1.000,—,—,3.00,1.000,0.348,0.000
trio-core,1,4,boss,180,200,0.000,0.000,1.000,—,—,3.00,1.000,0.369,0.000
trio-core,1,4,boss,300,200,0.000,0.000,1.000,—,—,3.00,1.000,0.369,0.000
trio-core,1,5,solo,180,200,0.105,0.000,0.895,0.522,25.3,2.81,0.945,0.440,0.133
trio-core,1,5,solo,300,200,0.075,0.000,0.925,0.515,26.0,2.86,0.961,0.425,0.095
trio-core,1,5,pack,180,200,0.000,0.000,1.000,—,—,3.00,1.000,0.394,0.000
trio-core,1,5,pack,300,200,0.000,0.000,1.000,—,—,3.00,1.000,0.398,0.000
trio-core,1,5,boss,180,200,0.000,0.000,1.000,—,—,3.00,1.000,0.415,0.000
trio-core,1,5,boss,300,200,0.000,0.000,1.000,—,—,3.00,1.000,0.414,0.000
trio-core,1,6,solo,180,200,0.000,0.000,1.000,—,—,3.00,1.000,0.350,0.000
trio-core,1,6,solo,300,200,0.000,0.000,1.000,—,—,3.00,1.000,0.355,0.000
trio-core,1,6,pack,180,200,0.000,0.000,1.000,—,—,3.00,1.000,0.341,0.000
trio-core,1,6,pack,300,200,0.000,0.000,1.000,—,—,3.00,1.000,0.346,0.000
trio-core,1,6,boss,180,200,0.000,0.000,1.000,—,—,3.00,1.000,0.349,0.000
trio-core,1,6,boss,300,200,0.000,0.000,1.000,—,—,3.00,1.000,0.347,0.000
trio-core,1,7,solo,180,200,0.000,0.000,1.000,—,—,3.00,1.000,0.499,0.000
trio-core,1,7,solo,300,200,0.000,0.000,1.000,—,—,3.00,1.000,0.496,0.000
trio-core,1,7,pack,180,200,0.000,0.000,1.000,—,—,3.00,1.000,0.498,0.000
trio-core,1,7,pack,300,200,0.000,0.000,1.000,—,—,3.00,1.000,0.497,0.000
trio-core,1,7,boss,180,200,0.000,0.000,1.000,—,—,3.00,1.000,0.257,0.000
trio-core,1,7,boss,300,200,0.000,0.000,1.000,—,—,3.00,1.000,0.255,0.000
trio-core,1,8,solo,180,200,0.000,0.000,1.000,—,—,3.00,1.000,0.498,0.000
trio-core,1,8,solo,300,200,0.000,0.000,1.000,—,—,3.00,1.000,0.499,0.000
trio-core,1,8,pack,180,200,0.000,0.000,1.000,—,—,3.00,1.000,0.499,0.000
trio-core,1,8,pack,300,200,0.000,0.000,1.000,—,—,3.00,1.000,0.503,0.000
trio-core,1,8,boss,180,200,0.000,0.000,1.000,—,—,3.00,1.000,0.334,0.000
trio-core,1,8,boss,300,200,0.000,0.000,1.000,—,—,3.00,1.000,0.352,0.000
trio-core,5,1,solo,180,200,1.000,0.000,0.000,1.000,0.0,0.00,0.000,—,1.530
trio-core,5,1,solo,300,200,1.000,0.000,0.000,1.000,0.0,0.00,0.000,—,1.530
trio-core,5,1,pack,180,200,1.000,0.000,0.000,0.953,8.0,0.00,0.047,1.000,1.506
trio-core,5,1,pack,300,200,1.000,0.000,0.000,0.939,7.9,0.00,0.061,1.000,1.499
trio-core,5,1,boss,180,200,1.000,0.000,0.000,0.964,19.7,0.00,0.036,1.000,1.511
trio-core,5,1,boss,300,200,1.000,0.000,0.000,0.965,19.8,0.00,0.035,1.000,1.512
trio-core,5,2,solo,180,200,1.000,0.000,0.000,0.962,2.1,0.00,0.038,1.000,1.511
trio-core,5,2,solo,300,200,1.000,0.000,0.000,0.962,2.1,0.00,0.038,1.000,1.510
trio-core,5,2,pack,180,200,1.000,0.000,0.000,1.000,14.2,0.00,0.000,1.000,1.530
trio-core,5,2,pack,300,200,1.000,0.000,0.000,1.000,14.3,0.00,0.000,1.000,1.530
trio-core,5,2,boss,180,200,1.000,0.000,0.000,0.991,29.1,0.00,0.009,1.000,1.525
trio-core,5,2,boss,300,200,1.000,0.000,0.000,0.995,29.4,0.00,0.005,1.000,1.527
trio-core,5,3,solo,180,200,1.000,0.000,0.000,0.892,4.2,0.00,0.108,1.000,1.475
trio-core,5,3,solo,300,200,1.000,0.000,0.000,0.893,4.2,0.00,0.107,1.000,1.476
trio-core,5,3,pack,180,200,1.000,0.000,0.000,0.945,20.9,0.00,0.055,1.000,1.502
trio-core,5,3,pack,300,200,1.000,0.000,0.000,0.944,20.9,0.00,0.056,1.000,1.502
trio-core,5,3,boss,180,200,1.000,0.000,0.000,0.941,42.0,0.00,0.059,1.000,1.500
trio-core,5,3,boss,300,200,1.000,0.000,0.000,0.940,41.9,0.00,0.060,1.000,1.499
trio-core,5,4,solo,180,200,1.000,0.000,0.000,0.954,7.6,0.00,0.046,1.000,1.507
trio-core,5,4,solo,300,200,1.000,0.000,0.000,0.959,7.6,0.00,0.041,1.000,1.509
trio-core,5,4,pack,180,200,0.025,0.025,0.950,0.615,34.0,2.92,0.979,0.420,0.033
trio-core,5,4,pack,300,200,0.030,0.050,0.920,0.502,34.0,2.89,0.974,0.361,0.038
trio-core,5,4,boss,180,200,0.465,0.000,0.535,0.820,61.7,1.60,0.619,0.669,0.669
trio-core,5,4,boss,300,200,0.410,0.000,0.590,0.809,61.7,1.77,0.668,0.636,0.587
trio-core,5,5,solo,180,200,1.000,0.000,0.000,0.950,12.5,0.00,0.050,1.000,1.504
trio-core,5,5,solo,300,200,1.000,0.000,0.000,0.949,12.6,0.00,0.051,1.000,1.504
trio-core,5,5,pack,180,200,0.000,0.000,1.000,—,—,3.00,1.000,0.429,0.000
trio-core,5,5,pack,300,200,0.000,0.000,1.000,—,—,3.00,1.000,0.429,0.000
trio-core,5,5,boss,180,200,0.000,0.000,1.000,—,—,3.00,1.000,0.381,0.000
trio-core,5,5,boss,300,200,0.000,0.000,1.000,—,—,3.00,1.000,0.381,0.000
trio-core,5,6,solo,180,200,1.000,0.000,0.000,0.474,20.7,0.66,0.526,0.760,1.262
trio-core,5,6,solo,300,200,1.000,0.000,0.000,0.479,20.8,0.64,0.521,0.767,1.264
trio-core,5,6,pack,180,200,0.000,0.000,1.000,—,—,3.00,1.000,0.405,0.000
trio-core,5,6,pack,300,200,0.000,0.000,1.000,—,—,3.00,1.000,0.401,0.000
trio-core,5,6,boss,180,200,0.000,0.000,1.000,—,—,3.00,1.000,0.443,0.000
trio-core,5,6,boss,300,200,0.000,0.000,1.000,—,—,3.00,1.000,0.445,0.000
trio-core,5,7,solo,180,200,0.000,0.000,1.000,—,—,3.00,1.000,0.535,0.000
trio-core,5,7,solo,300,200,0.000,0.000,1.000,—,—,3.00,1.000,0.534,0.000
trio-core,5,7,pack,180,200,0.000,0.000,1.000,—,—,3.00,1.000,0.502,0.000
trio-core,5,7,pack,300,200,0.000,0.000,1.000,—,—,3.00,1.000,0.502,0.000
trio-core,5,7,boss,180,200,0.000,0.000,1.000,—,—,3.00,1.000,0.413,0.000
trio-core,5,7,boss,300,200,0.000,0.000,1.000,—,—,3.00,1.000,0.416,0.000
trio-core,5,8,solo,180,200,0.000,0.000,1.000,—,—,3.00,1.000,0.501,0.000
trio-core,5,8,solo,300,200,0.000,0.000,1.000,—,—,3.00,1.000,0.505,0.000
trio-core,5,8,pack,180,200,0.000,0.000,1.000,—,—,3.00,1.000,0.499,0.000
trio-core,5,8,pack,300,200,0.000,0.000,1.000,—,—,3.00,1.000,0.500,0.000
trio-core,5,8,boss,180,200,0.000,0.000,1.000,—,—,3.00,1.000,0.262,0.000
trio-core,5,8,boss,300,200,0.000,0.000,1.000,—,—,3.00,1.000,0.270,0.000
trio-core,10,1,solo,180,200,1.000,0.000,0.000,1.000,0.0,0.00,0.000,—,1.560
trio-core,10,1,solo,300,200,1.000,0.000,0.000,1.000,0.0,0.00,0.000,—,1.560
trio-core,10,1,pack,180,200,1.000,0.000,0.000,0.943,4.1,0.00,0.057,1.000,1.530
trio-core,10,1,pack,300,200,1.000,0.000,0.000,0.943,4.1,0.00,0.057,1.000,1.530
trio-core,10,1,boss,180,200,1.000,0.000,0.000,0.924,8.6,0.00,0.076,1.000,1.521
trio-core,10,1,boss,300,200,1.000,0.000,0.000,0.926,8.5,0.00,0.074,1.000,1.521
trio-core,10,2,solo,180,200,1.000,0.000,0.000,1.000,0.0,0.00,0.000,—,1.560
trio-core,10,2,solo,300,200,1.000,0.000,0.000,1.000,0.0,0.00,0.000,—,1.560
trio-core,10,2,pack,180,200,1.000,0.000,0.000,0.884,6.5,0.00,0.116,1.000,1.500
trio-core,10,2,pack,300,200,1.000,0.000,0.000,0.883,6.6,0.00,0.117,1.000,1.499
trio-core,10,2,boss,180,200,1.000,0.000,0.000,0.975,16.1,0.00,0.025,1.000,1.547
trio-core,10,2,boss,300,200,1.000,0.000,0.000,0.979,16.2,0.00,0.021,1.000,1.549
trio-core,10,3,solo,180,200,1.000,0.000,0.000,0.963,1.7,0.00,0.037,1.000,1.541
trio-core,10,3,solo,300,200,1.000,0.000,0.000,0.963,1.7,0.00,0.037,1.000,1.541
trio-core,10,3,pack,180,200,1.000,0.000,0.000,0.968,12.0,0.00,0.032,1.000,1.543
trio-core,10,3,pack,300,200,1.000,0.000,0.000,0.968,11.9,0.00,0.032,1.000,1.543
trio-core,10,3,boss,180,200,1.000,0.000,0.000,0.952,23.8,0.00,0.048,1.000,1.535
trio-core,10,3,boss,300,200,1.000,0.000,0.000,0.954,23.8,0.00,0.046,1.000,1.536
trio-core,10,4,solo,180,200,1.000,0.000,0.000,0.898,3.9,0.00,0.102,1.000,1.507
trio-core,10,4,solo,300,200,1.000,0.000,0.000,0.899,3.9,0.00,0.101,1.000,1.508
trio-core,10,4,pack,180,200,1.000,0.000,0.000,0.967,18.2,0.00,0.033,1.000,1.543
trio-core,10,4,pack,300,200,1.000,0.000,0.000,0.970,18.2,0.00,0.030,1.000,1.544
trio-core,10,4,boss,180,200,1.000,0.000,0.000,0.893,35.4,0.00,0.107,1.000,1.505
trio-core,10,4,boss,300,200,1.000,0.000,0.000,0.892,35.6,0.00,0.108,1.000,1.504
trio-core,10,5,solo,180,200,1.000,0.000,0.000,0.938,6.4,0.00,0.062,1.000,1.528
trio-core,10,5,solo,300,200,1.000,0.000,0.000,0.935,6.4,0.00,0.065,1.000,1.526
trio-core,10,5,pack,180,200,0.410,0.000,0.590,0.531,28.2,2.16,0.782,0.522,0.540
trio-core,10,5,pack,300,200,0.375,0.000,0.625,0.580,28.2,2.19,0.782,0.525,0.503
trio-core,10,5,boss,180,200,1.000,0.000,0.000,0.979,53.0,0.00,0.021,1.000,1.549
trio-core,10,5,boss,300,200,1.000,0.000,0.000,0.975,53.0,0.00,0.025,1.000,1.547
trio-core,10,6,solo,180,200,1.000,0.000,0.000,0.900,11.7,0.00,0.100,1.000,1.508
trio-core,10,6,solo,300,200,1.000,0.000,0.000,0.897,11.7,0.00,0.103,1.000,1.507
trio-core,10,6,pack,180,200,0.000,0.000,1.000,—,—,3.00,1.000,0.427,0.000
trio-core,10,6,pack,300,200,0.000,0.000,1.000,—,—,3.00,1.000,0.428,0.000
trio-core,10,6,boss,180,200,0.000,0.000,1.000,—,—,3.00,1.000,0.387,0.000
trio-core,10,6,boss,300,200,0.000,0.000,1.000,—,—,3.00,1.000,0.385,0.000
trio-core,10,7,solo,180,200,1.000,0.000,0.000,0.841,18.3,0.00,0.159,1.000,1.478
trio-core,10,7,solo,300,200,1.000,0.000,0.000,0.842,18.2,0.00,0.158,1.000,1.478
trio-core,10,7,pack,180,200,0.000,0.000,1.000,—,—,3.00,1.000,0.413,0.000
trio-core,10,7,pack,300,200,0.000,0.000,1.000,—,—,3.00,1.000,0.414,0.000
trio-core,10,7,boss,180,200,0.000,0.000,1.000,—,—,3.00,1.000,0.448,0.000
trio-core,10,7,boss,300,200,0.000,0.000,1.000,—,—,3.00,1.000,0.450,0.000
trio-core,10,8,solo,180,200,0.010,0.000,0.990,0.326,28.6,2.99,0.997,0.558,0.012
trio-core,10,8,solo,300,200,0.000,0.000,1.000,—,—,3.00,1.000,0.544,0.000
trio-core,10,8,pack,180,200,0.000,0.000,1.000,—,—,3.00,1.000,0.500,0.000
trio-core,10,8,pack,300,200,0.000,0.000,1.000,—,—,3.00,1.000,0.505,0.000
trio-core,10,8,boss,180,200,0.000,0.000,1.000,—,—,3.00,1.000,0.424,0.000
trio-core,10,8,boss,300,200,0.000,0.000,1.000,—,—,3.00,1.000,0.419,0.000
trio-core,20,1,solo,180,200,1.000,0.000,0.000,1.000,0.0,0.00,0.000,—,1.620
trio-core,20,1,solo,300,200,1.000,0.000,0.000,1.000,0.0,0.00,0.000,—,1.620
trio-core,20,1,pack,180,200,1.000,0.000,0.000,0.979,2.7,0.00,0.021,1.000,1.609
trio-core,20,1,pack,300,200,1.000,0.000,0.000,0.979,2.7,0.00,0.021,1.000,1.609
trio-core,20,1,boss,180,200,1.000,0.000,0.000,0.969,4.9,0.00,0.031,1.000,1.603
trio-core,20,1,boss,300,200,1.000,0.000,0.000,0.969,5.0,0.00,0.031,1.000,1.603
trio-core,20,2,solo,180,200,1.000,0.000,0.000,1.000,0.0,0.00,0.000,—,1.620
trio-core,20,2,solo,300,200,1.000,0.000,0.000,1.000,0.0,0.00,0.000,—,1.620
trio-core,20,2,pack,180,200,1.000,0.000,0.000,0.959,3.9,0.00,0.041,1.000,1.598
trio-core,20,2,pack,300,200,1.000,0.000,0.000,0.958,3.9,0.00,0.042,1.000,1.597
trio-core,20,2,boss,180,200,1.000,0.000,0.000,0.951,6.4,0.00,0.049,1.000,1.594
trio-core,20,2,boss,300,200,1.000,0.000,0.000,0.950,6.4,0.00,0.050,1.000,1.593
trio-core,20,3,solo,180,200,1.000,0.000,0.000,1.000,0.0,0.00,0.000,—,1.620
trio-core,20,3,solo,300,200,1.000,0.000,0.000,1.000,0.0,0.00,0.000,—,1.620
trio-core,20,3,pack,180,200,1.000,0.000,0.000,0.938,5.3,0.00,0.062,1.000,1.587
trio-core,20,3,pack,300,200,1.000,0.000,0.000,0.938,5.2,0.00,0.062,1.000,1.587
trio-core,20,3,boss,180,200,1.000,0.000,0.000,0.902,8.7,0.00,0.098,1.000,1.567
trio-core,20,3,boss,300,200,1.000,0.000,0.000,0.902,8.8,0.00,0.098,1.000,1.567
trio-core,20,4,solo,180,200,1.000,0.000,0.000,0.974,1.2,0.00,0.026,1.000,1.606
trio-core,20,4,solo,300,200,1.000,0.000,0.000,0.975,1.2,0.00,0.025,1.000,1.607
trio-core,20,4,pack,180,200,1.000,0.000,0.000,0.961,8.5,0.00,0.039,1.000,1.599
trio-core,20,4,pack,300,200,1.000,0.000,0.000,0.962,8.6,0.00,0.038,1.000,1.600
trio-core,20,4,boss,180,200,1.000,0.000,0.000,1.000,17.2,0.00,0.000,1.000,1.620
trio-core,20,4,boss,300,200,1.000,0.000,0.000,1.000,17.3,0.00,0.000,1.000,1.620
trio-core,20,5,solo,180,200,1.000,0.000,0.000,0.960,2.4,0.00,0.040,1.000,1.599
trio-core,20,5,solo,300,200,1.000,0.000,0.000,0.960,2.4,0.00,0.040,1.000,1.598
trio-core,20,5,pack,180,200,1.000,0.000,0.000,0.992,12.6,0.00,0.008,1.000,1.616
trio-core,20,5,pack,300,200,1.000,0.000,0.000,0.992,12.6,0.00,0.008,1.000,1.616
trio-core,20,5,boss,180,200,1.000,0.000,0.000,0.980,24.5,0.00,0.020,1.000,1.609
trio-core,20,5,boss,300,200,1.000,0.000,0.000,0.979,24.4,0.00,0.021,1.000,1.608
trio-core,20,6,solo,180,200,1.000,0.000,0.000,0.887,4.1,0.00,0.113,1.000,1.559
trio-core,20,6,solo,300,200,1.000,0.000,0.000,0.889,4.1,0.00,0.111,1.000,1.560
trio-core,20,6,pack,180,200,1.000,0.000,0.000,0.978,19.0,0.00,0.022,1.000,1.608
trio-core,20,6,pack,300,200,1.000,0.000,0.000,0.981,19.1,0.00,0.019,1.000,1.610
trio-core,20,6,boss,180,200,1.000,0.000,0.000,0.962,38.4,0.00,0.038,1.000,1.599
trio-core,20,6,boss,300,200,1.000,0.000,0.000,0.965,38.4,0.00,0.035,1.000,1.601
trio-core,20,7,solo,180,200,1.000,0.000,0.000,0.927,7.5,0.00,0.073,1.000,1.580
trio-core,20,7,solo,300,200,1.000,0.000,0.000,0.921,7.5,0.00,0.079,1.000,1.577
trio-core,20,7,pack,180,200,0.025,0.020,0.955,0.983,29.2,2.90,0.972,0.514,0.040
trio-core,20,7,pack,300,200,0.025,0.005,0.970,0.993,30.0,2.92,0.974,0.527,0.040
trio-core,20,7,boss,180,200,0.785,0.000,0.215,0.946,59.3,0.65,0.258,0.921,1.249
trio-core,20,7,boss,300,200,0.825,0.000,0.175,0.937,59.4,0.53,0.227,0.938,1.309
trio-core,20,8,solo,180,200,1.000,0.000,0.000,0.975,13.6,0.00,0.025,1.000,1.606
trio-core,20,8,solo,300,200,1.000,0.000,0.000,0.972,13.6,0.00,0.028,1.000,1.605
trio-core,20,8,pack,180,200,0.000,0.000,1.000,—,—,3.00,1.000,0.469,0.000
trio-core,20,8,pack,300,200,0.000,0.000,1.000,—,—,3.00,1.000,0.471,0.000
trio-core,20,8,boss,180,200,0.000,0.000,1.000,—,—,3.00,1.000,0.508,0.000
trio-core,20,8,boss,300,200,0.000,0.000,1.000,—,—,3.00,1.000,0.504,0.000
trio-core,35,1,solo,180,200,1.000,0.000,0.000,1.000,0.0,0.00,0.000,—,1.710
trio-core,35,1,solo,300,200,1.000,0.000,0.000,1.000,0.0,0.00,0.000,—,1.710
trio-core,35,1,pack,180,200,1.000,0.000,0.000,1.000,0.0,0.00,0.000,—,1.710
trio-core,35,1,pack,300,200,1.000,0.000,0.000,1.000,0.0,0.00,0.000,—,1.710
trio-core,35,1,boss,180,200,1.000,0.000,0.000,0.987,3.0,0.00,0.013,1.000,1.702
trio-core,35,1,boss,300,200,1.000,0.000,0.000,0.986,3.0,0.00,0.014,1.000,1.702
trio-core,35,2,solo,180,200,1.000,0.000,0.000,1.000,0.0,0.00,0.000,—,1.710
trio-core,35,2,solo,300,200,1.000,0.000,0.000,1.000,0.0,0.00,0.000,—,1.710
trio-core,35,2,pack,180,200,1.000,0.000,0.000,0.984,2.3,0.00,0.016,1.000,1.701
trio-core,35,2,pack,300,200,1.000,0.000,0.000,0.984,2.3,0.00,0.016,1.000,1.701
trio-core,35,2,boss,180,200,1.000,0.000,0.000,0.978,3.8,0.00,0.022,1.000,1.697
trio-core,35,2,boss,300,200,1.000,0.000,0.000,0.977,3.8,0.00,0.023,1.000,1.697
trio-core,35,3,solo,180,200,1.000,0.000,0.000,1.000,0.0,0.00,0.000,—,1.710
trio-core,35,3,solo,300,200,1.000,0.000,0.000,1.000,0.0,0.00,0.000,—,1.710
trio-core,35,3,pack,180,200,1.000,0.000,0.000,0.969,3.2,0.00,0.031,1.000,1.692
trio-core,35,3,pack,300,200,1.000,0.000,0.000,0.969,3.2,0.00,0.031,1.000,1.693
trio-core,35,3,boss,180,200,1.000,0.000,0.000,0.967,4.9,0.00,0.033,1.000,1.691
trio-core,35,3,boss,300,200,1.000,0.000,0.000,0.967,5.0,0.00,0.033,1.000,1.691
trio-core,35,4,solo,180,200,1.000,0.000,0.000,1.000,0.0,0.00,0.000,—,1.710
trio-core,35,4,solo,300,200,1.000,0.000,0.000,1.000,0.0,0.00,0.000,—,1.710
trio-core,35,4,pack,180,200,1.000,0.000,0.000,0.954,3.9,0.00,0.046,1.000,1.684
trio-core,35,4,pack,300,200,1.000,0.000,0.000,0.954,4.0,0.00,0.046,1.000,1.684
trio-core,35,4,boss,180,200,1.000,0.000,0.000,0.932,8.1,0.00,0.068,1.000,1.671
trio-core,35,4,boss,300,200,1.000,0.000,0.000,0.932,8.1,0.00,0.068,1.000,1.671
trio-core,35,5,solo,180,200,1.000,0.000,0.000,1.000,0.0,0.00,0.000,—,1.710
trio-core,35,5,solo,300,200,1.000,0.000,0.000,1.000,0.0,0.00,0.000,—,1.710
trio-core,35,5,pack,180,200,1.000,0.000,0.000,0.916,5.7,0.00,0.084,1.000,1.662
trio-core,35,5,pack,300,200,1.000,0.000,0.000,0.915,5.7,0.00,0.085,1.000,1.661
trio-core,35,5,boss,180,200,1.000,0.000,0.000,0.917,12.1,0.00,0.083,1.000,1.663
trio-core,35,5,boss,300,200,1.000,0.000,0.000,0.911,12.0,0.00,0.089,1.000,1.659
trio-core,35,6,solo,180,200,1.000,0.000,0.000,0.969,1.9,0.00,0.031,1.000,1.692
trio-core,35,6,solo,300,200,1.000,0.000,0.000,0.970,1.9,0.00,0.030,1.000,1.693
trio-core,35,6,pack,180,200,1.000,0.000,0.000,0.961,10.0,0.00,0.039,1.000,1.688
trio-core,35,6,pack,300,200,1.000,0.000,0.000,0.966,10.0,0.00,0.034,1.000,1.690
trio-core,35,6,boss,180,200,1.000,0.000,0.000,0.969,18.4,0.00,0.031,1.000,1.692
trio-core,35,6,boss,300,200,1.000,0.000,0.000,0.968,18.5,0.00,0.032,1.000,1.692
trio-core,35,7,solo,180,200,1.000,0.000,0.000,0.920,3.6,0.00,0.080,1.000,1.664
trio-core,35,7,solo,300,200,1.000,0.000,0.000,0.921,3.6,0.00,0.079,1.000,1.665
trio-core,35,7,pack,180,200,1.000,0.000,0.000,0.984,15.8,0.00,0.016,1.000,1.701
trio-core,35,7,pack,300,200,1.000,0.000,0.000,0.985,15.9,0.00,0.015,1.000,1.702
trio-core,35,7,boss,180,200,1.000,0.000,0.000,0.970,30.3,0.00,0.030,1.000,1.693
trio-core,35,7,boss,300,200,1.000,0.000,0.000,0.972,30.4,0.00,0.028,1.000,1.694
trio-core,35,8,solo,180,200,1.000,0.000,0.000,0.935,6.0,0.00,0.065,1.000,1.673
trio-core,35,8,solo,300,200,1.000,0.000,0.000,0.935,6.0,0.00,0.065,1.000,1.673
trio-core,35,8,pack,180,200,1.000,0.000,0.000,0.955,24.7,0.00,0.045,1.000,1.684
trio-core,35,8,pack,300,200,0.995,0.005,0.000,0.959,24.7,0.02,0.045,0.971,1.678
trio-core,35,8,boss,180,200,1.000,0.000,0.000,0.917,48.0,0.00,0.083,1.000,1.663
trio-core,35,8,boss,300,200,1.000,0.000,0.000,0.927,48.0,0.00,0.073,1.000,1.669
trio-core,50,1,solo,180,200,1.000,0.000,0.000,1.000,0.0,0.00,0.000,—,1.800
trio-core,50,1,solo,300,200,1.000,0.000,0.000,1.000,0.0,0.00,0.000,—,1.800
trio-core,50,1,pack,180,200,1.000,0.000,0.000,1.000,0.0,0.00,0.000,—,1.800
trio-core,50,1,pack,300,200,1.000,0.000,0.000,1.000,0.0,0.00,0.000,—,1.800
trio-core,50,1,boss,180,200,1.000,0.000,0.000,0.995,1.7,0.00,0.005,1.000,1.797
trio-core,50,1,boss,300,200,1.000,0.000,0.000,0.995,1.8,0.00,0.005,1.000,1.797
trio-core,50,2,solo,180,200,1.000,0.000,0.000,1.000,0.0,0.00,0.000,—,1.800
trio-core,50,2,solo,300,200,1.000,0.000,0.000,1.000,0.0,0.00,0.000,—,1.800
trio-core,50,2,pack,180,200,1.000,0.000,0.000,1.000,0.0,0.00,0.000,—,1.800
trio-core,50,2,pack,300,200,1.000,0.000,0.000,1.000,0.0,0.00,0.000,—,1.800
trio-core,50,2,boss,180,200,1.000,0.000,0.000,0.990,2.6,0.00,0.010,1.000,1.794
trio-core,50,2,boss,300,200,1.000,0.000,0.000,0.989,2.6,0.00,0.011,1.000,1.794
trio-core,50,3,solo,180,200,1.000,0.000,0.000,1.000,0.0,0.00,0.000,—,1.800
trio-core,50,3,solo,300,200,1.000,0.000,0.000,1.000,0.0,0.00,0.000,—,1.800
trio-core,50,3,pack,180,200,1.000,0.000,0.000,0.986,2.1,0.00,0.014,1.000,1.792
trio-core,50,3,pack,300,200,1.000,0.000,0.000,0.986,2.1,0.00,0.014,1.000,1.792
trio-core,50,3,boss,180,200,1.000,0.000,0.000,0.980,3.9,0.00,0.020,1.000,1.788
trio-core,50,3,boss,300,200,1.000,0.000,0.000,0.980,3.9,0.00,0.020,1.000,1.788
trio-core,50,4,solo,180,200,1.000,0.000,0.000,1.000,0.0,0.00,0.000,—,1.800
trio-core,50,4,solo,300,200,1.000,0.000,0.000,1.000,0.0,0.00,0.000,—,1.800
trio-core,50,4,pack,180,200,1.000,0.000,0.000,0.975,2.8,0.00,0.025,1.000,1.785
trio-core,50,4,pack,300,200,1.000,0.000,0.000,0.974,2.9,0.00,0.026,1.000,1.784
trio-core,50,4,boss,180,200,1.000,0.000,0.000,0.975,5.6,0.00,0.025,1.000,1.785
trio-core,50,4,boss,300,200,1.000,0.000,0.000,0.975,5.6,0.00,0.025,1.000,1.785
trio-core,50,5,solo,180,200,1.000,0.000,0.000,1.000,0.0,0.00,0.000,—,1.800
trio-core,50,5,solo,300,200,1.000,0.000,0.000,1.000,0.0,0.00,0.000,—,1.800
trio-core,50,5,pack,180,200,1.000,0.000,0.000,0.962,4.1,0.00,0.038,1.000,1.777
trio-core,50,5,pack,300,200,1.000,0.000,0.000,0.961,4.1,0.00,0.039,1.000,1.777
trio-core,50,5,boss,180,200,1.000,0.000,0.000,0.945,6.8,0.00,0.055,1.000,1.767
trio-core,50,5,boss,300,200,1.000,0.000,0.000,0.945,6.8,0.00,0.055,1.000,1.767
trio-core,50,6,solo,180,200,1.000,0.000,0.000,0.986,0.8,0.00,0.014,1.000,1.792
trio-core,50,6,solo,300,200,1.000,0.000,0.000,0.987,0.7,0.00,0.013,1.000,1.792
trio-core,50,6,pack,180,200,1.000,0.000,0.000,0.911,5.7,0.00,0.089,1.000,1.747
trio-core,50,6,pack,300,200,1.000,0.000,0.000,0.909,5.7,0.00,0.091,1.000,1.746
trio-core,50,6,boss,180,200,1.000,0.000,0.000,0.892,11.7,0.00,0.108,1.000,1.735
trio-core,50,6,boss,300,200,1.000,0.000,0.000,0.892,11.7,0.00,0.108,1.000,1.735
trio-core,50,7,solo,180,200,1.000,0.000,0.000,0.975,1.5,0.00,0.025,1.000,1.785
trio-core,50,7,solo,300,200,1.000,0.000,0.000,0.975,1.6,0.00,0.025,1.000,1.785
trio-core,50,7,pack,180,200,1.000,0.000,0.000,0.945,8.7,0.00,0.055,1.000,1.767
trio-core,50,7,pack,300,200,1.000,0.000,0.000,0.947,8.7,0.00,0.053,1.000,1.768
trio-core,50,7,boss,180,200,1.000,0.000,0.000,0.986,18.1,0.00,0.014,1.000,1.792
trio-core,50,7,boss,300,200,1.000,0.000,0.000,0.988,17.9,0.00,0.012,1.000,1.793
trio-core,50,8,solo,180,200,1.000,0.000,0.000,0.931,3.8,0.00,0.069,1.000,1.759
trio-core,50,8,solo,300,200,1.000,0.000,0.000,0.930,3.7,0.00,0.070,1.000,1.758
trio-core,50,8,pack,180,200,1.000,0.000,0.000,0.990,15.7,0.00,0.010,1.000,1.794
trio-core,50,8,pack,300,200,1.000,0.000,0.000,0.987,15.8,0.00,0.013,1.000,1.792
trio-core,50,8,boss,180,200,1.000,0.000,0.000,0.961,30.5,0.00,0.039,1.000,1.776
trio-core,50,8,boss,300,200,1.000,0.000,0.000,0.960,30.3,0.00,0.040,1.000,1.776
trio-double-dps,1,1,solo,180,200,1.000,0.000,0.000,0.958,2.7,0.00,0.042,1.000,1.485
trio-double-dps,1,1,solo,300,200,1.000,0.000,0.000,0.958,2.7,0.00,0.042,1.000,1.485
trio-double-dps,1,1,pack,180,200,1.000,0.000,0.000,0.745,12.0,0.00,0.255,1.000,1.378
trio-double-dps,1,1,pack,300,200,1.000,0.000,0.000,0.747,12.0,0.00,0.253,1.000,1.379
trio-double-dps,1,1,boss,180,200,1.000,0.000,0.000,0.511,25.2,0.85,0.489,0.949,1.260
trio-double-dps,1,1,boss,300,200,1.000,0.000,0.000,0.514,25.0,0.81,0.486,0.950,1.262
trio-double-dps,1,2,solo,180,200,1.000,0.000,0.000,0.885,5.5,0.00,0.115,1.000,1.448
trio-double-dps,1,2,solo,300,200,1.000,0.000,0.000,0.886,5.4,0.00,0.114,1.000,1.449
trio-double-dps,1,2,pack,180,200,1.000,0.000,0.000,0.188,23.9,1.74,0.812,0.598,1.099
trio-double-dps,1,2,pack,300,200,1.000,0.000,0.000,0.184,24.1,1.75,0.816,0.596,1.097
trio-double-dps,1,2,boss,180,200,0.000,0.000,1.000,—,—,3.00,1.000,0.539,0.000
trio-double-dps,1,2,boss,300,200,0.000,0.000,1.000,—,—,3.00,1.000,0.537,0.000
trio-double-dps,1,3,solo,180,200,1.000,0.000,0.000,0.791,7.6,0.00,0.209,1.000,1.401
trio-double-dps,1,3,solo,300,200,1.000,0.000,0.000,0.791,7.6,0.00,0.209,1.000,1.401
trio-double-dps,1,3,pack,180,200,0.000,0.000,1.000,—,—,3.00,1.000,0.458,0.000
trio-double-dps,1,3,pack,300,200,0.000,0.000,1.000,—,—,3.00,1.000,0.456,0.000
trio-double-dps,1,3,boss,180,200,0.000,0.000,1.000,—,—,3.00,1.000,0.538,0.000
trio-double-dps,1,3,boss,300,200,0.000,0.000,1.000,—,—,3.00,1.000,0.537,0.000
trio-double-dps,1,4,solo,180,200,1.000,0.000,0.000,0.574,11.8,0.00,0.426,1.000,1.292
trio-double-dps,1,4,solo,300,200,1.000,0.000,0.000,0.577,11.8,0.00,0.423,1.000,1.294
trio-double-dps,1,4,pack,180,200,0.000,0.000,1.000,—,—,3.00,1.000,0.402,0.000
trio-double-dps,1,4,pack,300,200,0.000,0.000,1.000,—,—,3.00,1.000,0.404,0.000
trio-double-dps,1,4,boss,180,200,0.000,0.000,1.000,—,—,3.00,1.000,0.441,0.000
trio-double-dps,1,4,boss,300,200,0.000,0.000,1.000,—,—,3.00,1.000,0.445,0.000
trio-double-dps,1,5,solo,180,200,0.095,0.000,0.905,0.167,20.2,2.88,0.984,0.439,0.103
trio-double-dps,1,5,solo,300,200,0.060,0.000,0.940,0.159,19.9,2.93,0.990,0.439,0.065
trio-double-dps,1,5,pack,180,200,0.000,0.000,1.000,—,—,3.00,1.000,0.433,0.000
trio-double-dps,1,5,pack,300,200,0.000,0.000,1.000,—,—,3.00,1.000,0.439,0.000
trio-double-dps,1,5,boss,180,200,0.000,0.000,1.000,—,—,3.00,1.000,0.426,0.000
trio-double-dps,1,5,boss,300,200,0.000,0.000,1.000,—,—,3.00,1.000,0.429,0.000
trio-double-dps,1,6,solo,180,200,0.000,0.000,1.000,—,—,3.00,1.000,0.345,0.000
trio-double-dps,1,6,solo,300,200,0.000,0.000,1.000,—,—,3.00,1.000,0.338,0.000
trio-double-dps,1,6,pack,180,200,0.000,0.000,1.000,—,—,3.00,1.000,0.344,0.000
trio-double-dps,1,6,pack,300,200,0.000,0.000,1.000,—,—,3.00,1.000,0.339,0.000
trio-double-dps,1,6,boss,180,200,0.000,0.000,1.000,—,—,3.00,1.000,0.350,0.000
trio-double-dps,1,6,boss,300,200,0.000,0.000,1.000,—,—,3.00,1.000,0.351,0.000
trio-double-dps,1,7,solo,180,200,0.000,0.000,1.000,—,—,3.00,1.000,0.495,0.000
trio-double-dps,1,7,solo,300,200,0.000,0.000,1.000,—,—,3.00,1.000,0.491,0.000
trio-double-dps,1,7,pack,180,200,0.000,0.000,1.000,—,—,3.00,1.000,0.496,0.000
trio-double-dps,1,7,pack,300,200,0.000,0.000,1.000,—,—,3.00,1.000,0.493,0.000
trio-double-dps,1,7,boss,180,200,0.000,0.000,1.000,—,—,3.00,1.000,0.259,0.000
trio-double-dps,1,7,boss,300,200,0.000,0.000,1.000,—,—,3.00,1.000,0.245,0.000
trio-double-dps,1,8,solo,180,200,0.000,0.000,1.000,—,—,3.00,1.000,0.492,0.000
trio-double-dps,1,8,solo,300,200,0.000,0.000,1.000,—,—,3.00,1.000,0.495,0.000
trio-double-dps,1,8,pack,180,200,0.000,0.000,1.000,—,—,3.00,1.000,0.493,0.000
trio-double-dps,1,8,pack,300,200,0.000,0.000,1.000,—,—,3.00,1.000,0.489,0.000
trio-double-dps,1,8,boss,180,200,0.000,0.000,1.000,—,—,3.00,1.000,0.351,0.000
trio-double-dps,1,8,boss,300,200,0.000,0.000,1.000,—,—,3.00,1.000,0.342,0.000
trio-double-dps,5,1,solo,180,200,1.000,0.000,0.000,1.000,0.0,0.00,0.000,—,1.530
trio-double-dps,5,1,solo,300,200,1.000,0.000,0.000,1.000,0.0,0.00,0.000,—,1.530
trio-double-dps,5,1,pack,180,200,1.000,0.000,0.000,0.881,6.2,0.00,0.119,1.000,1.469
trio-double-dps,5,1,pack,300,200,1.000,0.000,0.000,0.876,6.2,0.00,0.124,1.000,1.467
trio-double-dps,5,1,boss,180,200,1.000,0.000,0.000,0.829,12.1,0.00,0.171,1.000,1.443
trio-double-dps,5,1,boss,300,200,1.000,0.000,0.000,0.830,12.2,0.00,0.170,1.000,1.443
trio-double-dps,5,2,solo,180,200,1.000,0.000,0.000,0.962,2.0,0.00,0.038,1.000,1.511
trio-double-dps,5,2,solo,300,200,1.000,0.000,0.000,0.961,2.0,0.00,0.039,1.000,1.510
trio-double-dps,5,2,pack,180,200,1.000,0.000,0.000,0.771,8.6,0.00,0.229,1.000,1.413
trio-double-dps,5,2,pack,300,200,1.000,0.000,0.000,0.769,8.6,0.00,0.231,1.000,1.412
trio-double-dps,5,2,boss,180,200,1.000,0.000,0.000,0.639,17.7,0.00,0.361,1.000,1.346
trio-double-dps,5,2,boss,300,200,1.000,0.000,0.000,0.639,17.6,0.00,0.361,1.000,1.346
trio-double-dps,5,3,solo,180,200,1.000,0.000,0.000,0.942,2.2,0.00,0.058,1.000,1.500
trio-double-dps,5,3,solo,300,200,1.000,0.000,0.000,0.943,2.2,0.00,0.057,1.000,1.501
trio-double-dps,5,3,pack,180,200,1.000,0.000,0.000,0.525,12.2,0.53,0.475,0.942,1.288
trio-double-dps,5,3,pack,300,200,1.000,0.000,0.000,0.534,12.2,0.45,0.466,0.948,1.292
trio-double-dps,5,3,boss,180,200,1.000,0.000,0.000,0.223,27.6,1.54,0.777,0.675,1.133
trio-double-dps,5,3,boss,300,200,1.000,0.000,0.000,0.225,27.4,1.50,0.775,0.678,1.135
trio-double-dps,5,4,solo,180,200,1.000,0.000,0.000,0.848,5.4,0.00,0.152,1.000,1.452
trio-double-dps,5,4,solo,300,200,1.000,0.000,0.000,0.847,5.5,0.00,0.153,1.000,1.452
trio-double-dps,5,4,pack,180,200,0.005,0.000,0.995,0.149,18.9,2.99,0.999,0.508,0.005
trio-double-dps,5,4,pack,300,200,0.000,0.000,1.000,—,—,3.00,1.000,0.510,0.000
trio-double-dps,5,4,boss,180,200,0.000,0.000,1.000,—,—,3.00,1.000,0.566,0.000
trio-double-dps,5,4,boss,300,200,0.000,0.000,1.000,—,—,3.00,1.000,0.562,0.000
trio-double-dps,5,5,solo,180,200,1.000,0.000,0.000,0.678,8.2,0.00,0.322,1.000,1.366
trio-double-dps,5,5,solo,300,200,1.000,0.000,0.000,0.682,8.2,0.00,0.318,1.000,1.368
trio-double-dps,5,5,pack,180,200,0.000,0.000,1.000,—,—,3.00,1.000,0.458,0.000
trio-double-dps,5,5,pack,300,200,0.000,0.000,1.000,—,—,3.00,1.000,0.454,0.000
trio-double-dps,5,5,boss,180,200,0.000,0.000,1.000,—,—,3.00,1.000,0.504,0.000
trio-double-dps,5,5,boss,300,200,0.000,0.000,1.000,—,—,3.00,1.000,0.502,0.000
trio-double-dps,5,6,solo,180,200,1.000,0.000,0.000,0.226,14.2,1.64,0.774,0.607,1.135
trio-double-dps,5,6,solo,300,200,1.000,0.000,0.000,0.223,14.2,1.65,0.777,0.604,1.134
trio-double-dps,5,6,pack,180,200,0.000,0.000,1.000,—,—,3.00,1.000,0.439,0.000
trio-double-dps,5,6,pack,300,200,0.000,0.000,1.000,—,—,3.00,1.000,0.438,0.000
trio-double-dps,5,6,boss,180,200,0.000,0.000,1.000,—,—,3.00,1.000,0.464,0.000
trio-double-dps,5,6,boss,300,200,0.000,0.000,1.000,—,—,3.00,1.000,0.457,0.000
trio-double-dps,5,7,solo,180,200,0.000,0.000,1.000,—,—,3.00,1.000,0.495,0.000
trio-double-dps,5,7,solo,300,200,0.000,0.000,1.000,—,—,3.00,1.000,0.496,0.000
trio-double-dps,5,7,pack,180,200,0.000,0.000,1.000,—,—,3.00,1.000,0.497,0.000
trio-double-dps,5,7,pack,300,200,0.000,0.000,1.000,—,—,3.00,1.000,0.495,0.000
trio-double-dps,5,7,boss,180,200,0.000,0.000,1.000,—,—,3.00,1.000,0.356,0.000
trio-double-dps,5,7,boss,300,200,0.000,0.000,1.000,—,—,3.00,1.000,0.368,0.000
trio-double-dps,5,8,solo,180,200,0.000,0.000,1.000,—,—,3.00,1.000,0.494,0.000
trio-double-dps,5,8,solo,300,200,0.000,0.000,1.000,—,—,3.00,1.000,0.492,0.000
trio-double-dps,5,8,pack,180,200,0.000,0.000,1.000,—,—,3.00,1.000,0.497,0.000
trio-double-dps,5,8,pack,300,200,0.000,0.000,1.000,—,—,3.00,1.000,0.496,0.000
trio-double-dps,5,8,boss,180,200,0.000,0.000,1.000,—,—,3.00,1.000,0.270,0.000
trio-double-dps,5,8,boss,300,200,0.000,0.000,1.000,—,—,3.00,1.000,0.286,0.000
trio-double-dps,10,1,solo,180,200,1.000,0.000,0.000,1.000,0.0,0.00,0.000,—,1.560
trio-double-dps,10,1,solo,300,200,1.000,0.000,0.000,1.000,0.0,0.00,0.000,—,1.560
trio-double-dps,10,1,pack,180,200,1.000,0.000,0.000,0.939,3.4,0.00,0.061,1.000,1.528
trio-double-dps,10,1,pack,300,200,1.000,0.000,0.000,0.939,3.4,0.00,0.061,1.000,1.528
trio-double-dps,10,1,boss,180,200,1.000,0.000,0.000,0.932,6.3,0.00,0.068,1.000,1.525
trio-double-dps,10,1,boss,300,200,1.000,0.000,0.000,0.930,6.4,0.00,0.070,1.000,1.523
trio-double-dps,10,2,solo,180,200,1.000,0.000,0.000,1.000,0.0,0.00,0.000,—,1.560
trio-double-dps,10,2,solo,300,200,1.000,0.000,0.000,1.000,0.0,0.00,0.000,—,1.560
trio-double-dps,10,2,pack,180,200,1.000,0.000,0.000,0.892,5.2,0.00,0.108,1.000,1.504
trio-double-dps,10,2,pack,300,200,1.000,0.000,0.000,0.890,5.2,0.00,0.110,1.000,1.503
trio-double-dps,10,2,boss,180,200,1.000,0.000,0.000,0.865,9.5,0.00,0.135,1.000,1.490
trio-double-dps,10,2,boss,300,200,1.000,0.000,0.000,0.867,9.4,0.00,0.133,1.000,1.491
trio-double-dps,10,3,solo,180,200,1.000,0.000,0.000,0.967,1.4,0.00,0.033,1.000,1.543
trio-double-dps,10,3,solo,300,200,1.000,0.000,0.000,0.969,1.4,0.00,0.031,1.000,1.544
trio-double-dps,10,3,pack,180,200,1.000,0.000,0.000,0.775,6.9,0.00,0.225,1.000,1.443
trio-double-dps,10,3,pack,300,200,1.000,0.000,0.000,0.777,6.9,0.00,0.223,1.000,1.444
trio-double-dps,10,3,boss,180,200,1.000,0.000,0.000,0.699,13.9,0.00,0.301,1.000,1.403
trio-double-dps,10,3,boss,300,200,1.000,0.000,0.000,0.699,13.8,0.00,0.301,1.000,1.404
trio-double-dps,10,4,solo,180,200,1.000,0.000,0.000,0.944,1.8,0.00,0.056,1.000,1.531
trio-double-dps,10,4,solo,300,200,1.000,0.000,0.000,0.943,1.8,0.00,0.057,1.000,1.530
trio-double-dps,10,4,pack,180,200,1.000,0.000,0.000,0.624,10.1,0.00,0.376,1.000,1.365
trio-double-dps,10,4,pack,300,200,1.000,0.000,0.000,0.632,10.0,0.00,0.368,1.000,1.368
trio-double-dps,10,4,boss,180,200,1.000,0.000,0.000,0.350,20.6,1.02,0.650,0.789,1.222
trio-double-dps,10,4,boss,300,200,1.000,0.000,0.000,0.353,20.7,1.07,0.647,0.792,1.224
trio-double-dps,10,5,solo,180,200,1.000,0.000,0.000,0.844,4.5,0.00,0.156,1.000,1.479
trio-double-dps,10,5,solo,300,200,1.000,0.000,0.000,0.845,4.4,0.00,0.155,1.000,1.480
trio-double-dps,10,5,pack,180,200,0.235,0.000,0.765,0.143,17.4,2.71,0.966,0.537,0.262
trio-double-dps,10,5,pack,300,200,0.210,0.000,0.790,0.135,17.4,2.75,0.972,0.533,0.233
trio-double-dps,10,5,boss,180,200,0.000,0.000,1.000,—,—,3.00,1.000,0.573,0.000
trio-double-dps,10,5,boss,300,200,0.000,0.000,1.000,—,—,3.00,1.000,0.572,0.000
trio-double-dps,10,6,solo,180,200,1.000,0.000,0.000,0.694,6.7,0.00,0.306,1.000,1.401
trio-double-dps,10,6,solo,300,200,1.000,0.000,0.000,0.692,6.7,0.00,0.308,1.000,1.400
trio-double-dps,10,6,pack,180,200,0.000,0.000,1.000,—,—,3.00,1.000,0.516,0.000
trio-double-dps,10,6,pack,300,200,0.000,0.000,1.000,—,—,3.00,1.000,0.515,0.000
trio-double-dps,10,6,boss,180,200,0.000,0.000,1.000,—,—,3.00,1.000,0.506,0.000
trio-double-dps,10,6,boss,300,200,0.000,0.000,1.000,—,—,3.00,1.000,0.505,0.000
trio-double-dps,10,7,solo,180,200,1.000,0.000,0.000,0.399,10.8,0.99,0.601,0.830,1.248
trio-double-dps,10,7,solo,300,200,1.000,0.000,0.000,0.406,10.9,0.97,0.594,0.835,1.251
trio-double-dps,10,7,pack,180,200,0.000,0.000,1.000,—,—,3.00,1.000,0.447,0.000
trio-double-dps,10,7,pack,300,200,0.000,0.000,1.000,—,—,3.00,1.000,0.447,0.000
trio-double-dps,10,7,boss,180,200,0.000,0.000,1.000,—,—,3.00,1.000,0.518,0.000
trio-double-dps,10,7,boss,300,200,0.000,0.000,1.000,—,—,3.00,1.000,0.514,0.000
trio-double-dps,10,8,solo,180,200,0.000,0.000,1.000,—,—,3.00,1.000,0.599,0.000
trio-double-dps,10,8,solo,300,200,0.000,0.000,1.000,—,—,3.00,1.000,0.603,0.000
trio-double-dps,10,8,pack,180,200,0.000,0.000,1.000,—,—,3.00,1.000,0.592,0.000
trio-double-dps,10,8,pack,300,200,0.000,0.000,1.000,—,—,3.00,1.000,0.598,0.000
trio-double-dps,10,8,boss,180,200,0.000,0.000,1.000,—,—,3.00,1.000,0.377,0.000
trio-double-dps,10,8,boss,300,200,0.000,0.000,1.000,—,—,3.00,1.000,0.381,0.000
trio-double-dps,20,1,solo,180,200,1.000,0.000,0.000,1.000,0.0,0.00,0.000,—,1.620
trio-double-dps,20,1,solo,300,200,1.000,0.000,0.000,1.000,0.0,0.00,0.000,—,1.620
trio-double-dps,20,1,pack,180,200,1.000,0.000,0.000,0.989,1.4,0.00,0.011,1.000,1.614
trio-double-dps,20,1,pack,300,200,1.000,0.000,0.000,0.989,1.4,0.00,0.011,1.000,1.614
trio-double-dps,20,1,boss,180,200,1.000,0.000,0.000,0.982,2.8,0.00,0.018,1.000,1.611
trio-double-dps,20,1,boss,300,200,1.000,0.000,0.000,0.983,2.8,0.00,0.017,1.000,1.611
trio-double-dps,20,2,solo,180,200,1.000,0.000,0.000,1.000,0.0,0.00,0.000,—,1.620
trio-double-dps,20,2,solo,300,200,1.000,0.000,0.000,1.000,0.0,0.00,0.000,—,1.620
trio-double-dps,20,2,pack,180,200,1.000,0.000,0.000,0.971,2.4,0.00,0.029,1.000,1.604
trio-double-dps,20,2,pack,300,200,1.000,0.000,0.000,0.970,2.4,0.00,0.030,1.000,1.604
trio-double-dps,20,2,boss,180,200,1.000,0.000,0.000,0.953,4.1,0.00,0.047,1.000,1.595
trio-double-dps,20,2,boss,300,200,1.000,0.000,0.000,0.954,4.1,0.00,0.046,1.000,1.595
trio-double-dps,20,3,solo,180,200,1.000,0.000,0.000,1.000,0.0,0.00,0.000,—,1.620
trio-double-dps,20,3,solo,300,200,1.000,0.000,0.000,1.000,0.0,0.00,0.000,—,1.620
trio-double-dps,20,3,pack,180,200,1.000,0.000,0.000,0.956,2.8,0.00,0.044,1.000,1.596
trio-double-dps,20,3,pack,300,200,1.000,0.000,0.000,0.955,2.8,0.00,0.045,1.000,1.596
trio-double-dps,20,3,boss,180,200,1.000,0.000,0.000,0.941,5.9,0.00,0.059,1.000,1.588
trio-double-dps,20,3,boss,300,200,1.000,0.000,0.000,0.939,5.8,0.00,0.061,1.000,1.587
trio-double-dps,20,4,solo,180,200,1.000,0.000,0.000,0.977,1.0,0.00,0.023,1.000,1.608
trio-double-dps,20,4,solo,300,200,1.000,0.000,0.000,0.978,1.0,0.00,0.022,1.000,1.608
trio-double-dps,20,4,pack,180,200,1.000,0.000,0.000,0.884,5.1,0.00,0.116,1.000,1.558
trio-double-dps,20,4,pack,300,200,1.000,0.000,0.000,0.889,5.0,0.00,0.111,1.000,1.560
trio-double-dps,20,4,boss,180,200,1.000,0.000,0.000,0.808,9.7,0.00,0.192,1.000,1.516
trio-double-dps,20,4,boss,300,200,1.000,0.000,0.000,0.805,9.8,0.00,0.195,1.000,1.515
trio-double-dps,20,5,solo,180,200,1.000,0.000,0.000,0.959,1.4,0.00,0.041,1.000,1.598
trio-double-dps,20,5,solo,300,200,1.000,0.000,0.000,0.959,1.4,0.00,0.041,1.000,1.598
trio-double-dps,20,5,pack,180,200,1.000,0.000,0.000,0.751,7.1,0.00,0.249,1.000,1.485
trio-double-dps,20,5,pack,300,200,1.000,0.000,0.000,0.751,7.1,0.00,0.249,1.000,1.486
trio-double-dps,20,5,boss,180,200,1.000,0.000,0.000,0.663,13.4,0.00,0.337,1.000,1.438
trio-double-dps,20,5,boss,300,200,1.000,0.000,0.000,0.662,13.5,0.00,0.338,1.000,1.437
trio-double-dps,20,6,solo,180,200,1.000,0.000,0.000,0.938,2.7,0.00,0.062,1.000,1.586
trio-double-dps,20,6,solo,300,200,1.000,0.000,0.000,0.939,2.7,0.00,0.061,1.000,1.587
trio-double-dps,20,6,pack,180,200,1.000,0.000,0.000,0.547,10.8,0.35,0.453,0.999,1.375
trio-double-dps,20,6,pack,300,200,1.000,0.000,0.000,0.540,10.8,0.36,0.460,0.995,1.372
trio-double-dps,20,6,boss,180,200,0.865,0.000,0.135,0.313,21.4,1.50,0.729,0.788,1.080
trio-double-dps,20,6,boss,300,200,0.865,0.000,0.135,0.307,21.4,1.54,0.734,0.781,1.078
trio-double-dps,20,7,solo,180,200,1.000,0.000,0.000,0.836,4.9,0.00,0.164,1.000,1.532
trio-double-dps,20,7,solo,300,200,1.000,0.000,0.000,0.832,5.0,0.00,0.168,1.000,1.529
trio-double-dps,20,7,pack,180,200,0.000,0.000,1.000,—,—,3.00,1.000,0.610,0.000
trio-double-dps,20,7,pack,300,200,0.000,0.000,1.000,—,—,3.00,1.000,0.604,0.000
trio-double-dps,20,7,boss,180,200,0.000,0.000,1.000,—,—,3.00,1.000,0.595,0.000
trio-double-dps,20,7,boss,300,200,0.000,0.000,1.000,—,—,3.00,1.000,0.596,0.000
trio-double-dps,20,8,solo,180,200,1.000,0.000,0.000,0.656,7.6,0.00,0.344,1.000,1.434
trio-double-dps,20,8,solo,300,200,1.000,0.000,0.000,0.656,7.4,0.00,0.344,1.000,1.434
trio-double-dps,20,8,pack,180,200,0.000,0.000,1.000,—,—,3.00,1.000,0.529,0.000
trio-double-dps,20,8,pack,300,200,0.000,0.000,1.000,—,—,3.00,1.000,0.530,0.000
trio-double-dps,20,8,boss,180,200,0.000,0.000,1.000,—,—,3.00,1.000,0.559,0.000
trio-double-dps,20,8,boss,300,200,0.000,0.000,1.000,—,—,3.00,1.000,0.568,0.000
trio-double-dps,35,1,solo,180,200,1.000,0.000,0.000,1.000,0.0,0.00,0.000,—,1.710
trio-double-dps,35,1,solo,300,200,1.000,0.000,0.000,1.000,0.0,0.00,0.000,—,1.710
trio-double-dps,35,1,pack,180,200,1.000,0.000,0.000,1.000,0.0,0.00,0.000,—,1.710
trio-double-dps,35,1,pack,300,200,1.000,0.000,0.000,1.000,0.0,0.00,0.000,—,1.710
trio-double-dps,35,1,boss,180,200,1.000,0.000,0.000,0.991,1.7,0.00,0.009,1.000,1.705
trio-double-dps,35,1,boss,300,200,1.000,0.000,0.000,0.991,1.7,0.00,0.009,1.000,1.705
trio-double-dps,35,2,solo,180,200,1.000,0.000,0.000,1.000,0.0,0.00,0.000,—,1.710
trio-double-dps,35,2,solo,300,200,1.000,0.000,0.000,1.000,0.0,0.00,0.000,—,1.710
trio-double-dps,35,2,pack,180,200,1.000,0.000,0.000,0.991,1.1,0.00,0.009,1.000,1.705
trio-double-dps,35,2,pack,300,200,1.000,0.000,0.000,0.991,1.1,0.00,0.009,1.000,1.705
trio-double-dps,35,2,boss,180,200,1.000,0.000,0.000,0.987,2.3,0.00,0.013,1.000,1.703
trio-double-dps,35,2,boss,300,200,1.000,0.000,0.000,0.988,2.3,0.00,0.012,1.000,1.703
trio-double-dps,35,3,solo,180,200,1.000,0.000,0.000,1.000,0.0,0.00,0.000,—,1.710
trio-double-dps,35,3,solo,300,200,1.000,0.000,0.000,1.000,0.0,0.00,0.000,—,1.710
trio-double-dps,35,3,pack,180,200,1.000,0.000,0.000,0.979,1.8,0.00,0.021,1.000,1.698
trio-double-dps,35,3,pack,300,200,1.000,0.000,0.000,0.979,1.9,0.00,0.021,1.000,1.698
trio-double-dps,35,3,boss,180,200,1.000,0.000,0.000,0.971,3.1,0.00,0.029,1.000,1.693
trio-double-dps,35,3,boss,300,200,1.000,0.000,0.000,0.970,3.1,0.00,0.030,1.000,1.693
trio-double-dps,35,4,solo,180,200,1.000,0.000,0.000,1.000,0.0,0.00,0.000,—,1.710
trio-double-dps,35,4,solo,300,200,1.000,0.000,0.000,1.000,0.0,0.00,0.000,—,1.710
trio-double-dps,35,4,pack,180,200,1.000,0.000,0.000,0.966,2.3,0.00,0.034,1.000,1.691
trio-double-dps,35,4,pack,300,200,1.000,0.000,0.000,0.966,2.3,0.00,0.034,1.000,1.691
trio-double-dps,35,4,boss,180,200,1.000,0.000,0.000,0.950,4.3,0.00,0.050,1.000,1.682
trio-double-dps,35,4,boss,300,200,1.000,0.000,0.000,0.951,4.4,0.00,0.049,1.000,1.682
trio-double-dps,35,5,solo,180,200,1.000,0.000,0.000,1.000,0.0,0.00,0.000,—,1.710
trio-double-dps,35,5,solo,300,200,1.000,0.000,0.000,1.000,0.0,0.00,0.000,—,1.710
trio-double-dps,35,5,pack,180,200,1.000,0.000,0.000,0.934,3.3,0.00,0.066,1.000,1.672
trio-double-dps,35,5,pack,300,200,1.000,0.000,0.000,0.933,3.3,0.00,0.067,1.000,1.672
trio-double-dps,35,5,boss,180,200,1.000,0.000,0.000,0.907,6.7,0.00,0.093,1.000,1.657
trio-double-dps,35,5,boss,300,200,1.000,0.000,0.000,0.906,6.7,0.00,0.094,1.000,1.656
trio-double-dps,35,6,solo,180,200,1.000,0.000,0.000,0.968,1.1,0.00,0.032,1.000,1.692
trio-double-dps,35,6,solo,300,200,1.000,0.000,0.000,0.967,1.1,0.00,0.033,1.000,1.691
trio-double-dps,35,6,pack,180,200,1.000,0.000,0.000,0.844,5.5,0.00,0.156,1.000,1.621
trio-double-dps,35,6,pack,300,200,1.000,0.000,0.000,0.843,5.6,0.00,0.157,1.000,1.621
trio-double-dps,35,6,boss,180,200,1.000,0.000,0.000,0.794,10.2,0.00,0.206,1.000,1.592
trio-double-dps,35,6,boss,300,200,1.000,0.000,0.000,0.791,10.2,0.00,0.209,1.000,1.591
trio-double-dps,35,7,solo,180,200,1.000,0.000,0.000,0.953,2.1,0.00,0.047,1.000,1.683
trio-double-dps,35,7,solo,300,200,1.000,0.000,0.000,0.955,2.0,0.00,0.045,1.000,1.684
trio-double-dps,35,7,pack,180,200,1.000,0.000,0.000,0.725,8.1,0.00,0.275,1.000,1.553
trio-double-dps,35,7,pack,300,200,1.000,0.000,0.000,0.720,8.1,0.00,0.280,1.000,1.550
trio-double-dps,35,7,boss,180,200,1.000,0.000,0.000,0.567,16.0,0.11,0.433,1.000,1.463
trio-double-dps,35,7,boss,300,200,1.000,0.000,0.000,0.566,16.0,0.14,0.434,1.000,1.463
trio-double-dps,35,8,solo,180,200,1.000,0.000,0.000,0.875,3.6,0.00,0.125,1.000,1.639
trio-double-dps,35,8,solo,300,200,1.000,0.000,0.000,0.875,3.6,0.00,0.125,1.000,1.638
trio-double-dps,35,8,pack,180,200,0.685,0.000,0.315,0.300,13.6,1.97,0.794,0.763,0.898
trio-double-dps,35,8,pack,300,200,0.685,0.000,0.315,0.311,13.5,1.98,0.787,0.765,0.902
trio-double-dps,35,8,boss,180,200,0.020,0.000,0.980,0.106,26.1,2.98,0.998,0.634,0.024
trio-double-dps,35,8,boss,300,200,0.020,0.000,0.980,0.156,27.0,2.98,0.997,0.635,0.025
trio-double-dps,50,1,solo,180,200,1.000,0.000,0.000,1.000,0.0,0.00,0.000,—,1.800
trio-double-dps,50,1,solo,300,200,1.000,0.000,0.000,1.000,0.0,0.00,0.000,—,1.800
trio-double-dps,50,1,pack,180,200,1.000,0.000,0.000,1.000,0.0,0.00,0.000,—,1.800
trio-double-dps,50,1,pack,300,200,1.000,0.000,0.000,1.000,0.0,0.00,0.000,—,1.800
trio-double-dps,50,1,boss,180,200,1.000,0.000,0.000,0.995,1.0,0.00,0.005,1.000,1.797
trio-double-dps,50,1,boss,300,200,1.000,0.000,0.000,0.995,1.0,0.00,0.005,1.000,1.797
trio-double-dps,50,2,solo,180,200,1.000,0.000,0.000,1.000,0.0,0.00,0.000,—,1.800
trio-double-dps,50,2,solo,300,200,1.000,0.000,0.000,1.000,0.0,0.00,0.000,—,1.800
trio-double-dps,50,2,pack,180,200,1.000,0.000,0.000,1.000,0.0,0.00,0.000,—,1.800
trio-double-dps,50,2,pack,300,200,1.000,0.000,0.000,1.000,0.0,0.00,0.000,—,1.800
trio-double-dps,50,2,boss,180,200,1.000,0.000,0.000,0.992,1.4,0.00,0.008,1.000,1.795
trio-double-dps,50,2,boss,300,200,1.000,0.000,0.000,0.992,1.4,0.00,0.008,1.000,1.795
trio-double-dps,50,3,solo,180,200,1.000,0.000,0.000,1.000,0.0,0.00,0.000,—,1.800
trio-double-dps,50,3,solo,300,200,1.000,0.000,0.000,1.000,0.0,0.00,0.000,—,1.800
trio-double-dps,50,3,pack,180,200,1.000,0.000,0.000,0.992,1.0,0.00,0.008,1.000,1.795
trio-double-dps,50,3,pack,300,200,1.000,0.000,0.000,0.993,1.0,0.00,0.007,1.000,1.796
trio-double-dps,50,3,boss,180,200,1.000,0.000,0.000,0.990,2.1,0.00,0.010,1.000,1.794
trio-double-dps,50,3,boss,300,200,1.000,0.000,0.000,0.989,2.1,0.00,0.011,1.000,1.794
trio-double-dps,50,4,solo,180,200,1.000,0.000,0.000,1.000,0.0,0.00,0.000,—,1.800
trio-double-dps,50,4,solo,300,200,1.000,0.000,0.000,1.000,0.0,0.00,0.000,—,1.800
trio-double-dps,50,4,pack,180,200,1.000,0.000,0.000,0.983,1.6,0.00,0.017,1.000,1.790
trio-double-dps,50,4,pack,300,200,1.000,0.000,0.000,0.983,1.6,0.00,0.017,1.000,1.790
trio-double-dps,50,4,boss,180,200,1.000,0.000,0.000,0.972,2.9,0.00,0.028,1.000,1.783
trio-double-dps,50,4,boss,300,200,1.000,0.000,0.000,0.973,2.9,0.00,0.027,1.000,1.784
trio-double-dps,50,5,solo,180,200,1.000,0.000,0.000,1.000,0.0,0.00,0.000,—,1.800
trio-double-dps,50,5,solo,300,200,1.000,0.000,0.000,1.000,0.0,0.00,0.000,—,1.800
trio-double-dps,50,5,pack,180,200,1.000,0.000,0.000,0.972,2.1,0.00,0.028,1.000,1.783
trio-double-dps,50,5,pack,300,200,1.000,0.000,0.000,0.973,2.1,0.00,0.027,1.000,1.784
trio-double-dps,50,5,boss,180,200,1.000,0.000,0.000,0.958,4.1,0.00,0.042,1.000,1.775
trio-double-dps,50,5,boss,300,200,1.000,0.000,0.000,0.958,4.0,0.00,0.042,1.000,1.775
trio-double-dps,50,6,solo,180,200,1.000,0.000,0.000,1.000,0.0,0.00,0.000,—,1.800
trio-double-dps,50,6,solo,300,200,1.000,0.000,0.000,1.000,0.0,0.00,0.000,—,1.800
trio-double-dps,50,6,pack,180,200,1.000,0.000,0.000,0.940,3.1,0.00,0.060,1.000,1.764
trio-double-dps,50,6,pack,300,200,1.000,0.000,0.000,0.940,3.1,0.00,0.060,1.000,1.764
trio-double-dps,50,6,boss,180,200,1.000,0.000,0.000,0.917,6.2,0.00,0.083,1.000,1.750
trio-double-dps,50,6,boss,300,200,1.000,0.000,0.000,0.919,6.2,0.00,0.081,1.000,1.751
trio-double-dps,50,7,solo,180,200,1.000,0.000,0.000,0.973,1.0,0.00,0.027,1.000,1.784
trio-double-dps,50,7,solo,300,200,1.000,0.000,0.000,0.972,1.0,0.00,0.028,1.000,1.783
trio-double-dps,50,7,pack,180,200,1.000,0.000,0.000,0.862,5.2,0.00,0.138,1.000,1.717
trio-double-dps,50,7,pack,300,200,1.000,0.000,0.000,0.866,5.1,0.00,0.134,1.000,1.719
trio-double-dps,50,7,boss,180,200,1.000,0.000,0.000,0.828,9.6,0.00,0.172,1.000,1.697
trio-double-dps,50,7,boss,300,200,1.000,0.000,0.000,0.825,9.6,0.00,0.175,1.000,1.695
trio-double-dps,50,8,solo,180,200,1.000,0.000,0.000,0.961,2.0,0.00,0.039,1.000,1.776
trio-double-dps,50,8,solo,300,200,1.000,0.000,0.000,0.961,2.0,0.00,0.039,1.000,1.777
trio-double-dps,50,8,pack,180,200,1.000,0.000,0.000,0.768,7.9,0.00,0.232,1.000,1.661
trio-double-dps,50,8,pack,300,200,1.000,0.000,0.000,0.771,7.8,0.00,0.229,1.000,1.663
trio-double-dps,50,8,boss,180,200,1.000,0.000,0.000,0.649,15.4,0.00,0.351,1.000,1.589
trio-double-dps,50,8,boss,300,200,1.000,0.000,0.000,0.648,15.4,0.00,0.352,1.000,1.589
trio-no-tank,1,1,solo,180,200,1.000,0.000,0.000,0.951,2.7,0.00,0.049,—,1.481
trio-no-tank,1,1,solo,300,200,1.000,0.000,0.000,0.949,2.7,0.00,0.051,—,1.481
trio-no-tank,1,1,pack,180,200,1.000,0.000,0.000,0.973,13.7,0.00,0.027,—,1.492
trio-no-tank,1,1,pack,300,200,1.000,0.000,0.000,0.969,13.7,0.00,0.031,—,1.491
trio-no-tank,1,1,boss,180,200,1.000,0.000,0.000,0.967,29.1,0.00,0.033,—,1.489
trio-no-tank,1,1,boss,300,200,1.000,0.000,0.000,0.977,29.3,0.00,0.023,—,1.494
trio-no-tank,1,2,solo,180,200,1.000,0.000,0.000,0.986,5.3,0.00,0.014,—,1.499
trio-no-tank,1,2,solo,300,200,1.000,0.000,0.000,0.984,5.3,0.00,0.016,—,1.498
trio-no-tank,1,2,pack,180,200,0.235,0.575,0.190,0.696,39.8,1.95,0.657,—,0.318
trio-no-tank,1,2,pack,300,200,0.250,0.550,0.200,0.705,40.2,1.95,0.652,—,0.339
trio-no-tank,1,2,boss,180,200,1.000,0.000,0.000,0.695,76.6,0.81,0.305,—,1.353
trio-no-tank,1,2,boss,300,200,1.000,0.000,0.000,0.682,79.5,0.88,0.318,—,1.347
trio-no-tank,1,3,solo,180,200,1.000,0.000,0.000,0.973,8.1,0.00,0.027,—,1.492
trio-no-tank,1,3,solo,300,200,1.000,0.000,0.000,0.973,8.2,0.00,0.027,—,1.493
trio-no-tank,1,3,pack,180,200,0.000,0.000,1.000,—,—,3.00,1.000,—,0.000
trio-no-tank,1,3,pack,300,200,0.000,0.000,1.000,—,—,3.00,1.000,—,0.000
trio-no-tank,1,3,boss,180,200,0.000,0.000,1.000,—,—,3.00,1.000,—,0.000
trio-no-tank,1,3,boss,300,200,0.000,0.000,1.000,—,—,3.00,1.000,—,0.000
trio-no-tank,1,4,solo,180,200,1.000,0.000,0.000,0.733,12.3,0.53,0.267,—,1.372
trio-no-tank,1,4,solo,300,200,1.000,0.000,0.000,0.730,12.2,0.51,0.270,—,1.370
trio-no-tank,1,4,pack,180,200,0.000,0.000,1.000,—,—,3.00,1.000,—,0.000
trio-no-tank,1,4,pack,300,200,0.000,0.000,1.000,—,—,3.00,1.000,—,0.000
trio-no-tank,1,4,boss,180,200,0.000,0.000,1.000,—,—,3.00,1.000,—,0.000
trio-no-tank,1,4,boss,300,200,0.000,0.000,1.000,—,—,3.00,1.000,—,0.000
trio-no-tank,1,5,solo,180,200,0.005,0.000,0.995,0.398,24.0,2.99,0.998,—,0.006
trio-no-tank,1,5,solo,300,200,0.015,0.000,0.985,0.457,26.3,2.98,0.993,—,0.018
trio-no-tank,1,5,pack,180,200,0.000,0.000,1.000,—,—,3.00,1.000,—,0.000
trio-no-tank,1,5,pack,300,200,0.000,0.000,1.000,—,—,3.00,1.000,—,0.000
trio-no-tank,1,5,boss,180,200,0.000,0.000,1.000,—,—,3.00,1.000,—,0.000
trio-no-tank,1,5,boss,300,200,0.000,0.000,1.000,—,—,3.00,1.000,—,0.000
trio-no-tank,1,6,solo,180,200,0.000,0.000,1.000,—,—,3.00,1.000,—,0.000
trio-no-tank,1,6,solo,300,200,0.000,0.000,1.000,—,—,3.00,1.000,—,0.000
trio-no-tank,1,6,pack,180,200,0.000,0.000,1.000,—,—,3.00,1.000,—,0.000
trio-no-tank,1,6,pack,300,200,0.000,0.000,1.000,—,—,3.00,1.000,—,0.000
trio-no-tank,1,6,boss,180,200,0.000,0.000,1.000,—,—,3.00,1.000,—,0.000
trio-no-tank,1,6,boss,300,200,0.000,0.000,1.000,—,—,3.00,1.000,—,0.000
trio-no-tank,1,7,solo,180,200,0.000,0.000,1.000,—,—,3.00,1.000,—,0.000
trio-no-tank,1,7,solo,300,200,0.000,0.000,1.000,—,—,3.00,1.000,—,0.000
trio-no-tank,1,7,pack,180,200,0.000,0.000,1.000,—,—,3.00,1.000,—,0.000
trio-no-tank,1,7,pack,300,200,0.000,0.000,1.000,—,—,3.00,1.000,—,0.000
trio-no-tank,1,7,boss,180,200,0.000,0.000,1.000,—,—,3.00,1.000,—,0.000
trio-no-tank,1,7,boss,300,200,0.000,0.000,1.000,—,—,3.00,1.000,—,0.000
trio-no-tank,1,8,solo,180,200,0.000,0.000,1.000,—,—,3.00,1.000,—,0.000
trio-no-tank,1,8,solo,300,200,0.000,0.000,1.000,—,—,3.00,1.000,—,0.000
trio-no-tank,1,8,pack,180,200,0.000,0.000,1.000,—,—,3.00,1.000,—,0.000
trio-no-tank,1,8,pack,300,200,0.000,0.000,1.000,—,—,3.00,1.000,—,0.000
trio-no-tank,1,8,boss,180,200,0.000,0.000,1.000,—,—,3.00,1.000,—,0.000
trio-no-tank,1,8,boss,300,200,0.000,0.000,1.000,—,—,3.00,1.000,—,0.000
trio-no-tank,5,1,solo,180,200,1.000,0.000,0.000,1.000,0.0,0.00,0.000,—,1.530
trio-no-tank,5,1,solo,300,200,1.000,0.000,0.000,1.000,0.0,0.00,0.000,—,1.530
trio-no-tank,5,1,pack,180,200,1.000,0.000,0.000,0.956,6.3,0.00,0.044,—,1.507
trio-no-tank,5,1,pack,300,200,1.000,0.000,0.000,0.959,6.3,0.00,0.041,—,1.509
trio-no-tank,5,1,boss,180,200,1.000,0.000,0.000,0.978,12.2,0.00,0.022,—,1.519
trio-no-tank,5,1,boss,300,200,1.000,0.000,0.000,0.974,12.2,0.00,0.026,—,1.517
trio-no-tank,5,2,solo,180,200,1.000,0.000,0.000,0.950,2.0,0.00,0.050,—,1.504
trio-no-tank,5,2,solo,300,200,1.000,0.000,0.000,0.952,1.9,0.00,0.048,—,1.505
trio-no-tank,5,2,pack,180,200,1.000,0.000,0.000,0.948,9.9,0.00,0.052,—,1.504
trio-no-tank,5,2,pack,300,200,1.000,0.000,0.000,0.952,9.8,0.00,0.048,—,1.506
trio-no-tank,5,2,boss,180,200,1.000,0.000,0.000,0.916,19.5,0.00,0.084,—,1.487
trio-no-tank,5,2,boss,300,200,1.000,0.000,0.000,0.918,19.5,0.00,0.082,—,1.488
trio-no-tank,5,3,solo,180,200,1.000,0.000,0.000,0.922,2.2,0.00,0.078,—,1.490
trio-no-tank,5,3,solo,300,200,1.000,0.000,0.000,0.923,2.2,0.00,0.077,—,1.491
trio-no-tank,5,3,pack,180,200,0.430,0.570,0.000,0.634,21.5,1.54,0.550,—,0.578
trio-no-tank,5,3,pack,300,200,0.470,0.530,0.000,0.631,21.7,1.51,0.538,—,0.631
trio-no-tank,5,3,boss,180,200,1.000,0.000,0.000,0.891,28.0,0.01,0.109,—,1.475
trio-no-tank,5,3,boss,300,200,1.000,0.000,0.000,0.894,28.2,0.01,0.106,—,1.476
trio-no-tank,5,4,solo,180,200,1.000,0.000,0.000,0.894,5.7,0.00,0.106,—,1.476
trio-no-tank,5,4,solo,300,200,1.000,0.000,0.000,0.896,5.7,0.00,0.104,—,1.477
trio-no-tank,5,4,pack,180,200,0.000,0.000,1.000,—,—,3.00,1.000,—,0.000
trio-no-tank,5,4,pack,300,200,0.000,0.000,1.000,—,—,3.00,1.000,—,0.000
trio-no-tank,5,4,boss,180,200,0.000,0.000,1.000,—,—,3.00,1.000,—,0.000
trio-no-tank,5,4,boss,300,200,0.000,0.000,1.000,—,—,3.00,1.000,—,0.000
trio-no-tank,5,5,solo,180,200,1.000,0.000,0.000,0.659,11.5,0.78,0.341,—,1.356
trio-no-tank,5,5,solo,300,200,1.000,0.000,0.000,0.643,11.6,0.81,0.357,—,1.348
trio-no-tank,5,5,pack,180,200,0.000,0.000,1.000,—,—,3.00,1.000,—,0.000
trio-no-tank,5,5,pack,300,200,0.000,0.000,1.000,—,—,3.00,1.000,—,0.000
trio-no-tank,5,5,boss,180,200,0.000,0.000,1.000,—,—,3.00,1.000,—,0.000
trio-no-tank,5,5,boss,300,200,0.000,0.000,1.000,—,—,3.00,1.000,—,0.000
trio-no-tank,5,6,solo,180,200,0.085,0.000,0.915,0.650,14.2,2.82,0.945,—,0.115
trio-no-tank,5,6,solo,300,200,0.085,0.000,0.915,0.705,14.2,2.81,0.940,—,0.117
trio-no-tank,5,6,pack,180,200,0.000,0.000,1.000,—,—,3.00,1.000,—,0.000
trio-no-tank,5,6,pack,300,200,0.000,0.000,1.000,—,—,3.00,1.000,—,0.000
trio-no-tank,5,6,boss,180,200,0.000,0.000,1.000,—,—,3.00,1.000,—,0.000
trio-no-tank,5,6,boss,300,200,0.000,0.000,1.000,—,—,3.00,1.000,—,0.000
trio-no-tank,5,7,solo,180,200,0.000,0.000,1.000,—,—,3.00,1.000,—,0.000
trio-no-tank,5,7,solo,300,200,0.000,0.000,1.000,—,—,3.00,1.000,—,0.000
trio-no-tank,5,7,pack,180,200,0.000,0.000,1.000,—,—,3.00,1.000,—,0.000
trio-no-tank,5,7,pack,300,200,0.000,0.000,1.000,—,—,3.00,1.000,—,0.000
trio-no-tank,5,7,boss,180,200,0.000,0.000,1.000,—,—,3.00,1.000,—,0.000
trio-no-tank,5,7,boss,300,200,0.000,0.000,1.000,—,—,3.00,1.000,—,0.000
trio-no-tank,5,8,solo,180,200,0.000,0.000,1.000,—,—,3.00,1.000,—,0.000
trio-no-tank,5,8,solo,300,200,0.000,0.000,1.000,—,—,3.00,1.000,—,0.000
trio-no-tank,5,8,pack,180,200,0.000,0.000,1.000,—,—,3.00,1.000,—,0.000
trio-no-tank,5,8,pack,300,200,0.000,0.000,1.000,—,—,3.00,1.000,—,0.000
trio-no-tank,5,8,boss,180,200,0.000,0.000,1.000,—,—,3.00,1.000,—,0.000
trio-no-tank,5,8,boss,300,200,0.000,0.000,1.000,—,—,3.00,1.000,—,0.000
trio-no-tank,10,1,solo,180,200,1.000,0.000,0.000,1.000,0.0,0.00,0.000,—,1.560
trio-no-tank,10,1,solo,300,200,1.000,0.000,0.000,1.000,0.0,0.00,0.000,—,1.560
trio-no-tank,10,1,pack,180,200,1.000,0.000,0.000,0.911,3.4,0.00,0.089,—,1.514
trio-no-tank,10,1,pack,300,200,1.000,0.000,0.000,0.911,3.4,0.00,0.089,—,1.514
trio-no-tank,10,1,boss,180,200,1.000,0.000,0.000,0.893,6.2,0.00,0.107,—,1.504
trio-no-tank,10,1,boss,300,200,1.000,0.000,0.000,0.892,6.2,0.00,0.108,—,1.504
trio-no-tank,10,2,solo,180,200,1.000,0.000,0.000,1.000,0.0,0.00,0.000,—,1.560
trio-no-tank,10,2,solo,300,200,1.000,0.000,0.000,1.000,0.0,0.00,0.000,—,1.560
trio-no-tank,10,2,pack,180,200,1.000,0.000,0.000,0.980,5.0,0.00,0.020,—,1.550
trio-no-tank,10,2,pack,300,200,1.000,0.000,0.000,0.987,5.1,0.00,0.013,—,1.553
trio-no-tank,10,2,boss,180,200,1.000,0.000,0.000,0.971,9.3,0.00,0.029,—,1.545
trio-no-tank,10,2,boss,300,200,1.000,0.000,0.000,0.973,9.2,0.00,0.027,—,1.546
trio-no-tank,10,3,solo,180,200,1.000,0.000,0.000,0.952,1.4,0.00,0.048,—,1.535
trio-no-tank,10,3,solo,300,200,1.000,0.000,0.000,0.948,1.5,0.00,0.052,—,1.533
trio-no-tank,10,3,pack,180,200,1.000,0.000,0.000,0.926,7.7,0.00,0.074,—,1.522
trio-no-tank,10,3,pack,300,200,1.000,0.000,0.000,0.933,7.7,0.00,0.067,—,1.525
trio-no-tank,10,3,boss,180,200,1.000,0.000,0.000,0.892,15.2,0.00,0.108,—,1.504
trio-no-tank,10,3,boss,300,200,1.000,0.000,0.000,0.888,15.3,0.00,0.112,—,1.502
trio-no-tank,10,4,solo,180,200,1.000,0.000,0.000,0.921,1.8,0.00,0.079,—,1.519
trio-no-tank,10,4,solo,300,200,1.000,0.000,0.000,0.917,1.8,0.00,0.083,—,1.517
trio-no-tank,10,4,pack,180,200,1.000,0.000,0.000,0.689,16.6,0.95,0.311,—,1.398
trio-no-tank,10,4,pack,300,200,1.000,0.000,0.000,0.693,16.8,0.96,0.307,—,1.400
trio-no-tank,10,4,boss,180,200,1.000,0.000,0.000,0.654,35.1,0.81,0.346,—,1.380
trio-no-tank,10,4,boss,300,200,1.000,0.000,0.000,0.643,36.3,0.88,0.357,—,1.374
trio-no-tank,10,5,solo,180,200,1.000,0.000,0.000,0.771,3.5,0.00,0.229,—,1.441
trio-no-tank,10,5,solo,300,200,1.000,0.000,0.000,0.770,3.5,0.00,0.230,—,1.440
trio-no-tank,10,5,pack,180,200,0.000,0.000,1.000,—,—,3.00,1.000,—,0.000
trio-no-tank,10,5,pack,300,200,0.000,0.000,1.000,—,—,3.00,1.000,—,0.000
trio-no-tank,10,5,boss,180,200,0.000,0.000,1.000,—,—,3.00,1.000,—,0.000
trio-no-tank,10,5,boss,300,200,0.000,0.000,1.000,—,—,3.00,1.000,—,0.000
trio-no-tank,10,6,solo,180,200,1.000,0.000,0.000,0.646,9.2,0.92,0.354,—,1.376
trio-no-tank,10,6,solo,300,200,1.000,0.000,0.000,0.645,9.2,0.92,0.355,—,1.376
trio-no-tank,10,6,pack,180,200,0.000,0.000,1.000,—,—,3.00,1.000,—,0.000
trio-no-tank,10,6,pack,300,200,0.000,0.000,1.000,—,—,3.00,1.000,—,0.000
trio-no-tank,10,6,boss,180,200,0.000,0.000,1.000,—,—,3.00,1.000,—,0.000
trio-no-tank,10,6,boss,300,200,0.000,0.000,1.000,—,—,3.00,1.000,—,0.000
trio-no-tank,10,7,solo,180,200,0.840,0.000,0.160,0.585,11.6,0.50,0.508,—,1.129
trio-no-tank,10,7,solo,300,200,0.830,0.000,0.170,0.587,11.6,0.55,0.513,—,1.117
trio-no-tank,10,7,pack,180,200,0.000,0.000,1.000,—,—,3.00,1.000,—,0.000
trio-no-tank,10,7,pack,300,200,0.000,0.000,1.000,—,—,3.00,1.000,—,0.000
trio-no-tank,10,7,boss,180,200,0.000,0.000,1.000,—,—,3.00,1.000,—,0.000
trio-no-tank,10,7,boss,300,200,0.000,0.000,1.000,—,—,3.00,1.000,—,0.000
trio-no-tank,10,8,solo,180,200,0.000,0.000,1.000,—,—,3.00,1.000,—,0.000
trio-no-tank,10,8,solo,300,200,0.000,0.000,1.000,—,—,3.00,1.000,—,0.000
trio-no-tank,10,8,pack,180,200,0.000,0.000,1.000,—,—,3.00,1.000,—,0.000
trio-no-tank,10,8,pack,300,200,0.000,0.000,1.000,—,—,3.00,1.000,—,0.000
trio-no-tank,10,8,boss,180,200,0.000,0.000,1.000,—,—,3.00,1.000,—,0.000
trio-no-tank,10,8,boss,300,200,0.000,0.000,1.000,—,—,3.00,1.000,—,0.000
trio-no-tank,20,1,solo,180,200,1.000,0.000,0.000,1.000,0.0,0.00,0.000,—,1.620
trio-no-tank,20,1,solo,300,200,1.000,0.000,0.000,1.000,0.0,0.00,0.000,—,1.620
trio-no-tank,20,1,pack,180,200,1.000,0.000,0.000,0.980,1.4,0.00,0.020,—,1.609
trio-no-tank,20,1,pack,300,200,1.000,0.000,0.000,0.979,1.4,0.00,0.021,—,1.609
trio-no-tank,20,1,boss,180,200,1.000,0.000,0.000,0.969,2.8,0.00,0.031,—,1.603
trio-no-tank,20,1,boss,300,200,1.000,0.000,0.000,0.969,2.8,0.00,0.031,—,1.604
trio-no-tank,20,2,solo,180,200,1.000,0.000,0.000,1.000,0.0,0.00,0.000,—,1.620
trio-no-tank,20,2,solo,300,200,1.000,0.000,0.000,1.000,0.0,0.00,0.000,—,1.620
trio-no-tank,20,2,pack,180,200,1.000,0.000,0.000,0.946,2.4,0.00,0.054,—,1.591
trio-no-tank,20,2,pack,300,200,1.000,0.000,0.000,0.946,2.3,0.00,0.054,—,1.591
trio-no-tank,20,2,boss,180,200,1.000,0.000,0.000,0.918,4.1,0.00,0.082,—,1.576
trio-no-tank,20,2,boss,300,200,1.000,0.000,0.000,0.924,4.1,0.00,0.076,—,1.579
trio-no-tank,20,3,solo,180,200,1.000,0.000,0.000,1.000,0.0,0.00,0.000,—,1.620
trio-no-tank,20,3,solo,300,200,1.000,0.000,0.000,1.000,0.0,0.00,0.000,—,1.620
trio-no-tank,20,3,pack,180,200,1.000,0.000,0.000,0.917,2.8,0.00,0.083,—,1.575
trio-no-tank,20,3,pack,300,200,1.000,0.000,0.000,0.918,2.8,0.00,0.082,—,1.576
trio-no-tank,20,3,boss,180,200,1.000,0.000,0.000,0.944,6.3,0.00,0.056,—,1.590
trio-no-tank,20,3,boss,300,200,1.000,0.000,0.000,0.947,6.3,0.00,0.053,—,1.591
trio-no-tank,20,4,solo,180,200,1.000,0.000,0.000,1.000,0.0,0.00,0.000,—,1.620
trio-no-tank,20,4,solo,300,200,1.000,0.000,0.000,1.000,0.0,0.00,0.000,—,1.620
trio-no-tank,20,4,pack,180,200,1.000,0.000,0.000,0.989,4.2,0.00,0.011,—,1.614
trio-no-tank,20,4,pack,300,200,1.000,0.000,0.000,0.991,4.2,0.00,0.009,—,1.615
trio-no-tank,20,4,boss,180,200,1.000,0.000,0.000,0.914,10.1,0.00,0.086,—,1.574
trio-no-tank,20,4,boss,300,200,1.000,0.000,0.000,0.916,10.1,0.00,0.084,—,1.575
trio-no-tank,20,5,solo,180,200,1.000,0.000,0.000,0.922,1.4,0.00,0.078,—,1.578
trio-no-tank,20,5,solo,300,200,1.000,0.000,0.000,0.922,1.4,0.00,0.078,—,1.578
trio-no-tank,20,5,pack,180,200,1.000,0.000,0.000,0.670,10.2,0.85,0.330,—,1.442
trio-no-tank,20,5,pack,300,200,1.000,0.000,0.000,0.664,10.1,0.84,0.336,—,1.438
trio-no-tank,20,5,boss,180,200,1.000,0.000,0.000,0.947,15.3,0.11,0.053,—,1.592
trio-no-tank,20,5,boss,300,200,1.000,0.000,0.000,0.948,15.3,0.10,0.052,—,1.592
trio-no-tank,20,6,solo,180,200,1.000,0.000,0.000,0.891,2.7,0.00,0.109,—,1.561
trio-no-tank,20,6,solo,300,200,1.000,0.000,0.000,0.889,2.7,0.00,0.111,—,1.560
trio-no-tank,20,6,pack,180,200,0.040,0.070,0.890,0.656,17.3,2.85,0.954,—,0.057
trio-no-tank,20,6,pack,300,200,0.040,0.055,0.905,0.706,14.4,2.85,0.956,—,0.058
trio-no-tank,20,6,boss,180,200,0.020,0.980,0.000,0.796,22.3,1.97,0.761,—,0.030
trio-no-tank,20,6,boss,300,200,0.005,0.995,0.000,0.535,30.5,2.00,0.834,—,0.007
trio-no-tank,20,7,solo,180,200,1.000,0.000,0.000,0.844,4.6,0.19,0.156,—,1.536
trio-no-tank,20,7,solo,300,200,1.000,0.000,0.000,0.842,4.6,0.20,0.158,—,1.535
trio-no-tank,20,7,pack,180,200,0.000,0.000,1.000,—,—,3.00,1.000,—,0.000
trio-no-tank,20,7,pack,300,200,0.000,0.000,1.000,—,—,3.00,1.000,—,0.000
trio-no-tank,20,7,boss,180,200,0.000,0.000,1.000,—,—,3.00,1.000,—,0.000
trio-no-tank,20,7,boss,300,200,0.000,0.000,1.000,—,—,3.00,1.000,—,0.000
trio-no-tank,20,8,solo,180,200,1.000,0.000,0.000,0.743,8.5,0.26,0.257,—,1.481
trio-no-tank,20,8,solo,300,200,1.000,0.000,0.000,0.749,8.4,0.21,0.251,—,1.484
trio-no-tank,20,8,pack,180,200,0.000,0.000,1.000,—,—,3.00,1.000,—,0.000
trio-no-tank,20,8,pack,300,200,0.000,0.000,1.000,—,—,3.00,1.000,—,0.000
trio-no-tank,20,8,boss,180,200,0.000,0.000,1.000,—,—,3.00,1.000,—,0.000
trio-no-tank,20,8,boss,300,200,0.000,0.000,1.000,—,—,3.00,1.000,—,0.000
trio-no-tank,35,1,solo,180,200,1.000,0.000,0.000,1.000,0.0,0.00,0.000,—,1.710
trio-no-tank,35,1,solo,300,200,1.000,0.000,0.000,1.000,0.0,0.00,0.000,—,1.710
trio-no-tank,35,1,pack,180,200,1.000,0.000,0.000,1.000,0.0,0.00,0.000,—,1.710
trio-no-tank,35,1,pack,300,200,1.000,0.000,0.000,1.000,0.0,0.00,0.000,—,1.710
trio-no-tank,35,1,boss,180,200,1.000,0.000,0.000,0.979,1.8,0.00,0.021,—,1.698
trio-no-tank,35,1,boss,300,200,1.000,0.000,0.000,0.980,1.8,0.00,0.020,—,1.698
trio-no-tank,35,2,solo,180,200,1.000,0.000,0.000,1.000,0.0,0.00,0.000,—,1.710
trio-no-tank,35,2,solo,300,200,1.000,0.000,0.000,1.000,0.0,0.00,0.000,—,1.710
trio-no-tank,35,2,pack,180,200,1.000,0.000,0.000,0.980,1.1,0.00,0.020,—,1.699
trio-no-tank,35,2,pack,300,200,1.000,0.000,0.000,0.981,1.1,0.00,0.019,—,1.699
trio-no-tank,35,2,boss,180,200,1.000,0.000,0.000,0.971,2.3,0.00,0.029,—,1.693
trio-no-tank,35,2,boss,300,200,1.000,0.000,0.000,0.971,2.3,0.00,0.029,—,1.694
trio-no-tank,35,3,solo,180,200,1.000,0.000,0.000,1.000,0.0,0.00,0.000,—,1.710
trio-no-tank,35,3,solo,300,200,1.000,0.000,0.000,1.000,0.0,0.00,0.000,—,1.710
trio-no-tank,35,3,pack,180,200,1.000,0.000,0.000,0.951,1.8,0.00,0.049,—,1.682
trio-no-tank,35,3,pack,300,200,1.000,0.000,0.000,0.950,1.8,0.00,0.050,—,1.682
trio-no-tank,35,3,boss,180,200,1.000,0.000,0.000,0.920,3.4,0.00,0.080,—,1.664
trio-no-tank,35,3,boss,300,200,1.000,0.000,0.000,0.919,3.4,0.00,0.081,—,1.664
trio-no-tank,35,4,solo,180,200,1.000,0.000,0.000,1.000,0.0,0.00,0.000,—,1.710
trio-no-tank,35,4,solo,300,200,1.000,0.000,0.000,1.000,0.0,0.00,0.000,—,1.710
trio-no-tank,35,4,pack,180,200,1.000,0.000,0.000,0.924,2.3,0.00,0.076,—,1.667
trio-no-tank,35,4,pack,300,200,1.000,0.000,0.000,0.924,2.3,0.00,0.076,—,1.667
trio-no-tank,35,4,boss,180,200,1.000,0.000,0.000,0.973,4.7,0.00,0.027,—,1.695
trio-no-tank,35,4,boss,300,200,1.000,0.000,0.000,0.974,4.8,0.00,0.026,—,1.695
trio-no-tank,35,5,solo,180,200,1.000,0.000,0.000,1.000,0.0,0.00,0.000,—,1.710
trio-no-tank,35,5,solo,300,200,1.000,0.000,0.000,1.000,0.0,0.00,0.000,—,1.710
trio-no-tank,35,5,pack,180,200,1.000,0.000,0.000,0.855,3.1,0.00,0.145,—,1.628
trio-no-tank,35,5,pack,300,200,1.000,0.000,0.000,0.853,3.2,0.00,0.147,—,1.626
trio-no-tank,35,5,boss,180,200,1.000,0.000,0.000,0.904,7.3,0.00,0.096,—,1.656
trio-no-tank,35,5,boss,300,200,1.000,0.000,0.000,0.912,7.2,0.00,0.088,—,1.660
trio-no-tank,35,6,solo,180,200,1.000,0.000,0.000,0.930,1.1,0.00,0.070,—,1.670
trio-no-tank,35,6,solo,300,200,1.000,0.000,0.000,0.930,1.1,0.00,0.070,—,1.670
trio-no-tank,35,6,pack,180,200,1.000,0.000,0.000,0.668,6.3,0.70,0.332,—,1.521
trio-no-tank,35,6,pack,300,200,1.000,0.000,0.000,0.653,6.4,0.76,0.347,—,1.512
trio-no-tank,35,6,boss,180,200,1.000,0.000,0.000,0.875,10.7,0.00,0.125,—,1.639
trio-no-tank,35,6,boss,300,200,1.000,0.000,0.000,0.877,10.6,0.00,0.123,—,1.640
trio-no-tank,35,7,solo,180,200,1.000,0.000,0.000,0.894,2.0,0.00,0.106,—,1.650
trio-no-tank,35,7,solo,300,200,1.000,0.000,0.000,0.893,2.0,0.00,0.107,—,1.649
trio-no-tank,35,7,pack,180,200,0.175,0.145,0.680,0.667,14.4,2.50,0.840,—,0.266
trio-no-tank,35,7,pack,300,200,0.200,0.170,0.630,0.688,14.4,2.43,0.812,—,0.306
trio-no-tank,35,7,boss,180,200,0.135,0.865,0.000,0.622,20.8,1.86,0.709,—,0.202
trio-no-tank,35,7,boss,300,200,0.095,0.905,0.000,0.617,21.2,1.91,0.745,—,0.142
trio-no-tank,35,8,solo,180,200,1.000,0.000,0.000,0.710,3.5,0.29,0.290,—,1.545
trio-no-tank,35,8,solo,300,200,1.000,0.000,0.000,0.708,3.5,0.28,0.292,—,1.544
trio-no-tank,35,8,pack,180,200,0.000,0.000,1.000,—,—,3.00,1.000,—,0.000
trio-no-tank,35,8,pack,300,200,0.000,0.000,1.000,—,—,3.00,1.000,—,0.000
trio-no-tank,35,8,boss,180,200,0.000,0.000,1.000,—,—,3.00,1.000,—,0.000
trio-no-tank,35,8,boss,300,200,0.000,0.000,1.000,—,—,3.00,1.000,—,0.000
trio-no-tank,50,1,solo,180,200,1.000,0.000,0.000,1.000,0.0,0.00,0.000,—,1.800
trio-no-tank,50,1,solo,300,200,1.000,0.000,0.000,1.000,0.0,0.00,0.000,—,1.800
trio-no-tank,50,1,pack,180,200,1.000,0.000,0.000,1.000,0.0,0.00,0.000,—,1.800
trio-no-tank,50,1,pack,300,200,1.000,0.000,0.000,1.000,0.0,0.00,0.000,—,1.800
trio-no-tank,50,1,boss,180,200,1.000,0.000,0.000,0.984,1.0,0.00,0.016,—,1.790
trio-no-tank,50,1,boss,300,200,1.000,0.000,0.000,0.985,1.0,0.00,0.015,—,1.791
trio-no-tank,50,2,solo,180,200,1.000,0.000,0.000,1.000,0.0,0.00,0.000,—,1.800
trio-no-tank,50,2,solo,300,200,1.000,0.000,0.000,1.000,0.0,0.00,0.000,—,1.800
trio-no-tank,50,2,pack,180,200,1.000,0.000,0.000,1.000,0.0,0.00,0.000,—,1.800
trio-no-tank,50,2,pack,300,200,1.000,0.000,0.000,1.000,0.0,0.00,0.000,—,1.800
trio-no-tank,50,2,boss,180,200,1.000,0.000,0.000,0.978,1.5,0.00,0.022,—,1.787
trio-no-tank,50,2,boss,300,200,1.000,0.000,0.000,0.978,1.6,0.00,0.022,—,1.787
trio-no-tank,50,3,solo,180,200,1.000,0.000,0.000,1.000,0.0,0.00,0.000,—,1.800
trio-no-tank,50,3,solo,300,200,1.000,0.000,0.000,1.000,0.0,0.00,0.000,—,1.800
trio-no-tank,50,3,pack,180,200,1.000,0.000,0.000,0.979,1.0,0.00,0.021,—,1.787
trio-no-tank,50,3,pack,300,200,1.000,0.000,0.000,0.979,1.0,0.00,0.021,—,1.787
trio-no-tank,50,3,boss,180,200,1.000,0.000,0.000,0.969,2.1,0.00,0.031,—,1.782
trio-no-tank,50,3,boss,300,200,1.000,0.000,0.000,0.970,2.1,0.00,0.030,—,1.782
trio-no-tank,50,4,solo,180,200,1.000,0.000,0.000,1.000,0.0,0.00,0.000,—,1.800
trio-no-tank,50,4,solo,300,200,1.000,0.000,0.000,1.000,0.0,0.00,0.000,—,1.800
trio-no-tank,50,4,pack,180,200,1.000,0.000,0.000,0.952,1.5,0.00,0.048,—,1.771
trio-no-tank,50,4,pack,300,200,1.000,0.000,0.000,0.951,1.5,0.00,0.049,—,1.771
trio-no-tank,50,4,boss,180,200,1.000,0.000,0.000,0.914,3.1,0.00,0.086,—,1.749
trio-no-tank,50,4,boss,300,200,1.000,0.000,0.000,0.914,3.1,0.00,0.086,—,1.749
trio-no-tank,50,5,solo,180,200,1.000,0.000,0.000,1.000,0.0,0.00,0.000,—,1.800
trio-no-tank,50,5,solo,300,200,1.000,0.000,0.000,1.000,0.0,0.00,0.000,—,1.800
trio-no-tank,50,5,pack,180,200,1.000,0.000,0.000,0.919,2.1,0.00,0.081,—,1.751
trio-no-tank,50,5,pack,300,200,1.000,0.000,0.000,0.920,2.1,0.00,0.080,—,1.752
trio-no-tank,50,5,boss,180,200,1.000,0.000,0.000,0.963,4.1,0.00,0.037,—,1.778
trio-no-tank,50,5,boss,300,200,1.000,0.000,0.000,0.970,4.2,0.00,0.030,—,1.782
trio-no-tank,50,6,solo,180,200,1.000,0.000,0.000,1.000,0.0,0.00,0.000,—,1.800
trio-no-tank,50,6,solo,300,200,1.000,0.000,0.000,1.000,0.0,0.00,0.000,—,1.800
trio-no-tank,50,6,pack,180,200,1.000,0.000,0.000,0.829,3.1,0.00,0.171,—,1.697
trio-no-tank,50,6,pack,300,200,1.000,0.000,0.000,0.831,3.1,0.00,0.169,—,1.699
trio-no-tank,50,6,boss,180,200,1.000,0.000,0.000,0.908,6.6,0.00,0.092,—,1.745
trio-no-tank,50,6,boss,300,200,1.000,0.000,0.000,0.903,6.6,0.00,0.097,—,1.742
trio-no-tank,50,7,solo,180,200,1.000,0.000,0.000,0.931,0.9,0.00,0.069,—,1.759
trio-no-tank,50,7,solo,300,200,1.000,0.000,0.000,0.929,1.0,0.00,0.071,—,1.757
trio-no-tank,50,7,pack,180,200,1.000,0.000,0.000,0.693,6.3,0.69,0.307,—,1.616
trio-no-tank,50,7,pack,300,200,1.000,0.000,0.000,0.671,6.5,0.72,0.329,—,1.602
trio-no-tank,50,7,boss,180,200,1.000,0.000,0.000,0.697,15.6,0.77,0.303,—,1.618
trio-no-tank,50,7,boss,300,200,1.000,0.000,0.000,0.707,15.1,0.71,0.293,—,1.624
trio-no-tank,50,8,solo,180,200,1.000,0.000,0.000,0.886,2.0,0.00,0.114,—,1.731
trio-no-tank,50,8,solo,300,200,1.000,0.000,0.000,0.889,2.0,0.00,0.111,—,1.734
trio-no-tank,50,8,pack,180,200,0.585,0.030,0.385,0.678,10.5,1.66,0.595,—,0.940
trio-no-tank,50,8,pack,300,200,0.650,0.035,0.315,0.700,10.6,1.49,0.535,—,1.053
trio-no-tank,50,8,boss,180,200,0.565,0.435,0.000,0.608,19.9,1.41,0.556,—,0.884
trio-no-tank,50,8,boss,300,200,0.570,0.430,0.000,0.600,19.9,1.41,0.571,—,0.889
trio-casters,1,1,solo,180,200,1.000,0.000,0.000,0.903,5.0,0.00,0.097,—,1.457
trio-casters,1,1,solo,300,200,1.000,0.000,0.000,0.903,5.0,0.00,0.097,—,1.457
trio-casters,1,1,pack,180,200,1.000,0.000,0.000,0.599,40.0,1.00,0.401,—,1.305
trio-casters,1,1,pack,300,200,1.000,0.000,0.000,0.599,40.0,1.00,0.401,—,1.305
trio-casters,1,1,boss,180,200,1.000,0.000,0.000,0.623,45.0,1.00,0.377,—,1.317
trio-casters,1,1,boss,300,200,1.000,0.000,0.000,0.623,45.0,1.00,0.377,—,1.317
trio-casters,1,2,solo,180,200,1.000,0.000,0.000,0.902,8.2,0.00,0.098,—,1.457
trio-casters,1,2,solo,300,200,1.000,0.000,0.000,0.902,8.2,0.00,0.098,—,1.457
trio-casters,1,2,pack,180,200,0.000,0.000,1.000,—,—,3.00,1.000,—,0.000
trio-casters,1,2,pack,300,200,0.000,0.000,1.000,—,—,3.00,1.000,—,0.000
trio-casters,1,2,boss,180,200,0.000,0.000,1.000,—,—,3.00,1.000,—,0.000
trio-casters,1,2,boss,300,200,0.000,0.000,1.000,—,—,3.00,1.000,—,0.000
trio-casters,1,3,solo,180,200,1.000,0.000,0.000,0.732,12.2,0.00,0.268,—,1.372
trio-casters,1,3,solo,300,200,1.000,0.000,0.000,0.732,12.2,0.00,0.268,—,1.372
trio-casters,1,3,pack,180,200,0.000,0.000,1.000,—,—,3.00,1.000,—,0.000
trio-casters,1,3,pack,300,200,0.000,0.000,1.000,—,—,3.00,1.000,—,0.000
trio-casters,1,3,boss,180,200,0.000,0.000,1.000,—,—,3.00,1.000,—,0.000
trio-casters,1,3,boss,300,200,0.000,0.000,1.000,—,—,3.00,1.000,—,0.000
trio-casters,1,4,solo,180,200,0.000,0.000,1.000,—,—,3.00,1.000,—,0.000
trio-casters,1,4,solo,300,200,0.000,0.000,1.000,—,—,3.00,1.000,—,0.000
trio-casters,1,4,pack,180,200,0.000,0.000,1.000,—,—,3.00,1.000,—,0.000
trio-casters,1,4,pack,300,200,0.000,0.000,1.000,—,—,3.00,1.000,—,0.000
trio-casters,1,4,boss,180,200,0.000,0.000,1.000,—,—,3.00,1.000,—,0.000
trio-casters,1,4,boss,300,200,0.000,0.000,1.000,—,—,3.00,1.000,—,0.000
trio-casters,1,5,solo,180,200,0.000,0.000,1.000,—,—,3.00,1.000,—,0.000
trio-casters,1,5,solo,300,200,0.000,0.000,1.000,—,—,3.00,1.000,—,0.000
trio-casters,1,5,pack,180,200,0.000,0.000,1.000,—,—,3.00,1.000,—,0.000
trio-casters,1,5,pack,300,200,0.000,0.000,1.000,—,—,3.00,1.000,—,0.000
trio-casters,1,5,boss,180,200,0.000,0.000,1.000,—,—,3.00,1.000,—,0.000
trio-casters,1,5,boss,300,200,0.000,0.000,1.000,—,—,3.00,1.000,—,0.000
trio-casters,1,6,solo,180,200,0.000,0.000,1.000,—,—,3.00,1.000,—,0.000
trio-casters,1,6,solo,300,200,0.000,0.000,1.000,—,—,3.00,1.000,—,0.000
trio-casters,1,6,pack,180,200,0.000,0.000,1.000,—,—,3.00,1.000,—,0.000
trio-casters,1,6,pack,300,200,0.000,0.000,1.000,—,—,3.00,1.000,—,0.000
trio-casters,1,6,boss,180,200,0.000,0.000,1.000,—,—,3.00,1.000,—,0.000
trio-casters,1,6,boss,300,200,0.000,0.000,1.000,—,—,3.00,1.000,—,0.000
trio-casters,1,7,solo,180,200,0.000,0.000,1.000,—,—,3.00,1.000,—,0.000
trio-casters,1,7,solo,300,200,0.000,0.000,1.000,—,—,3.00,1.000,—,0.000
trio-casters,1,7,pack,180,200,0.000,0.000,1.000,—,—,3.00,1.000,—,0.000
trio-casters,1,7,pack,300,200,0.000,0.000,1.000,—,—,3.00,1.000,—,0.000
trio-casters,1,7,boss,180,200,0.000,0.000,1.000,—,—,3.00,1.000,—,0.000
trio-casters,1,7,boss,300,200,0.000,0.000,1.000,—,—,3.00,1.000,—,0.000
trio-casters,1,8,solo,180,200,0.000,0.000,1.000,—,—,3.00,1.000,—,0.000
trio-casters,1,8,solo,300,200,0.000,0.000,1.000,—,—,3.00,1.000,—,0.000
trio-casters,1,8,pack,180,200,0.000,0.000,1.000,—,—,3.00,1.000,—,0.000
trio-casters,1,8,pack,300,200,0.000,0.000,1.000,—,—,3.00,1.000,—,0.000
trio-casters,1,8,boss,180,200,0.000,0.000,1.000,—,—,3.00,1.000,—,0.000
trio-casters,1,8,boss,300,200,0.000,0.000,1.000,—,—,3.00,1.000,—,0.000
trio-casters,5,1,solo,180,200,1.000,0.000,0.000,1.000,0.0,0.00,0.000,—,1.530
trio-casters,5,1,solo,300,200,1.000,0.000,0.000,1.000,0.0,0.00,0.000,—,1.530
trio-casters,5,1,pack,180,200,1.000,0.000,0.000,1.000,10.4,0.00,0.000,—,1.530
trio-casters,5,1,pack,300,200,1.000,0.000,0.000,1.000,10.4,0.00,0.000,—,1.530
trio-casters,5,1,boss,180,200,1.000,0.000,0.000,0.884,18.1,0.00,0.116,—,1.471
trio-casters,5,1,boss,300,200,1.000,0.000,0.000,0.884,18.1,0.00,0.116,—,1.471
trio-casters,5,2,solo,180,200,1.000,0.000,0.000,0.945,2.6,0.00,0.055,—,1.502
trio-casters,5,2,solo,300,200,1.000,0.000,0.000,0.945,2.6,0.00,0.055,—,1.502
trio-casters,5,2,pack,180,200,1.000,0.000,0.000,0.812,13.0,0.00,0.188,—,1.434
trio-casters,5,2,pack,300,200,1.000,0.000,0.000,0.812,13.0,0.00,0.188,—,1.434
trio-casters,5,2,boss,180,200,1.000,0.000,0.000,0.902,28.5,0.00,0.098,—,1.480
trio-casters,5,2,boss,300,200,1.000,0.000,0.000,0.902,28.5,0.00,0.098,—,1.480
trio-casters,5,3,solo,180,200,1.000,0.000,0.000,0.845,5.0,0.00,0.155,—,1.451
trio-casters,5,3,solo,300,200,1.000,0.000,0.000,0.845,5.0,0.00,0.155,—,1.451
trio-casters,5,3,pack,180,200,0.000,0.000,1.000,—,—,3.00,1.000,—,0.000
trio-casters,5,3,pack,300,200,0.000,0.000,1.000,—,—,3.00,1.000,—,0.000
trio-casters,5,3,boss,180,200,0.000,1.000,0.000,—,—,2.00,0.758,—,0.000
trio-casters,5,3,boss,300,200,0.000,1.000,0.000,—,—,2.00,0.758,—,0.000
trio-casters,5,4,solo,180,200,1.000,0.000,0.000,0.833,7.8,0.00,0.167,—,1.445
trio-casters,5,4,solo,300,200,1.000,0.000,0.000,0.833,7.8,0.00,0.167,—,1.445
trio-casters,5,4,pack,180,200,0.000,0.000,1.000,—,—,3.00,1.000,—,0.000
trio-casters,5,4,pack,300,200,0.000,0.000,1.000,—,—,3.00,1.000,—,0.000
trio-casters,5,4,boss,180,200,0.000,0.000,1.000,—,—,3.00,1.000,—,0.000
trio-casters,5,4,boss,300,200,0.000,0.000,1.000,—,—,3.00,1.000,—,0.000
trio-casters,5,5,solo,180,200,1.000,0.000,0.000,0.555,15.0,1.00,0.445,—,1.303
trio-casters,5,5,solo,300,200,1.000,0.000,0.000,0.555,15.0,1.00,0.445,—,1.303
trio-casters,5,5,pack,180,200,0.000,0.000,1.000,—,—,3.00,1.000,—,0.000
trio-casters,5,5,pack,300,200,0.000,0.000,1.000,—,—,3.00,1.000,—,0.000
trio-casters,5,5,boss,180,200,0.000,0.000,1.000,—,—,3.00,1.000,—,0.000
trio-casters,5,5,boss,300,200,0.000,0.000,1.000,—,—,3.00,1.000,—,0.000
trio-casters,5,6,solo,180,200,0.000,0.000,1.000,—,—,3.00,1.000,—,0.000
trio-casters,5,6,solo,300,200,0.000,0.000,1.000,—,—,3.00,1.000,—,0.000
trio-casters,5,6,pack,180,200,0.000,0.000,1.000,—,—,3.00,1.000,—,0.000
trio-casters,5,6,pack,300,200,0.000,0.000,1.000,—,—,3.00,1.000,—,0.000
trio-casters,5,6,boss,180,200,0.000,0.000,1.000,—,—,3.00,1.000,—,0.000
trio-casters,5,6,boss,300,200,0.000,0.000,1.000,—,—,3.00,1.000,—,0.000
trio-casters,5,7,solo,180,200,0.000,0.000,1.000,—,—,3.00,1.000,—,0.000
trio-casters,5,7,solo,300,200,0.000,0.000,1.000,—,—,3.00,1.000,—,0.000
trio-casters,5,7,pack,180,200,0.000,0.000,1.000,—,—,3.00,1.000,—,0.000
trio-casters,5,7,pack,300,200,0.000,0.000,1.000,—,—,3.00,1.000,—,0.000
trio-casters,5,7,boss,180,200,0.000,0.000,1.000,—,—,3.00,1.000,—,0.000
trio-casters,5,7,boss,300,200,0.000,0.000,1.000,—,—,3.00,1.000,—,0.000
trio-casters,5,8,solo,180,200,0.000,0.000,1.000,—,—,3.00,1.000,—,0.000
trio-casters,5,8,solo,300,200,0.000,0.000,1.000,—,—,3.00,1.000,—,0.000
trio-casters,5,8,pack,180,200,0.000,0.000,1.000,—,—,3.00,1.000,—,0.000
trio-casters,5,8,pack,300,200,0.000,0.000,1.000,—,—,3.00,1.000,—,0.000
trio-casters,5,8,boss,180,200,0.000,0.000,1.000,—,—,3.00,1.000,—,0.000
trio-casters,5,8,boss,300,200,0.000,0.000,1.000,—,—,3.00,1.000,—,0.000
trio-casters,10,1,solo,180,200,1.000,0.000,0.000,1.000,0.0,0.00,0.000,—,1.560
trio-casters,10,1,solo,300,200,1.000,0.000,0.000,1.000,0.0,0.00,0.000,—,1.560
trio-casters,10,1,pack,180,200,1.000,0.000,0.000,0.907,5.0,0.00,0.093,—,1.512
trio-casters,10,1,pack,300,200,1.000,0.000,0.000,0.907,5.0,0.00,0.093,—,1.512
trio-casters,10,1,boss,180,200,1.000,0.000,0.000,0.907,10.0,0.00,0.093,—,1.512
trio-casters,10,1,boss,300,200,1.000,0.000,0.000,0.907,10.0,0.00,0.093,—,1.512
trio-casters,10,2,solo,180,200,1.000,0.000,0.000,1.000,0.0,0.00,0.000,—,1.560
trio-casters,10,2,solo,300,200,1.000,0.000,0.000,1.000,0.0,0.00,0.000,—,1.560
trio-casters,10,2,pack,180,200,1.000,0.000,0.000,1.000,5.7,0.00,0.000,—,1.560
trio-casters,10,2,pack,300,200,1.000,0.000,0.000,1.000,5.7,0.00,0.000,—,1.560
trio-casters,10,2,boss,180,200,1.000,0.000,0.000,0.935,15.0,0.00,0.065,—,1.526
trio-casters,10,2,boss,300,200,1.000,0.000,0.000,0.935,15.0,0.00,0.065,—,1.526
trio-casters,10,3,solo,180,200,1.000,0.000,0.000,0.938,1.9,0.00,0.062,—,1.528
trio-casters,10,3,solo,300,200,1.000,0.000,0.000,0.938,1.9,0.00,0.062,—,1.528
trio-casters,10,3,pack,180,200,1.000,0.000,0.000,0.647,30.0,1.00,0.353,—,1.377
trio-casters,10,3,pack,300,200,1.000,0.000,0.000,0.647,30.0,1.00,0.353,—,1.377
trio-casters,10,3,boss,180,200,1.000,0.000,0.000,1.000,20.9,0.00,0.000,—,1.560
trio-casters,10,3,boss,300,200,1.000,0.000,0.000,1.000,20.9,0.00,0.000,—,1.560
trio-casters,10,4,solo,180,200,1.000,0.000,0.000,0.830,3.8,0.00,0.170,—,1.471
trio-casters,10,4,solo,300,200,1.000,0.000,0.000,0.830,3.8,0.00,0.170,—,1.471
trio-casters,10,4,pack,180,200,0.000,0.000,1.000,—,—,3.00,1.000,—,0.000
trio-casters,10,4,pack,300,200,0.000,0.000,1.000,—,—,3.00,1.000,—,0.000
trio-casters,10,4,boss,180,200,0.000,1.000,0.000,—,—,2.00,0.775,—,0.000
trio-casters,10,4,boss,300,200,0.000,1.000,0.000,—,—,2.00,0.775,—,0.000
trio-casters,10,5,solo,180,200,1.000,0.000,0.000,0.762,5.0,0.00,0.238,—,1.436
trio-casters,10,5,solo,300,200,1.000,0.000,0.000,0.762,5.0,0.00,0.238,—,1.436
trio-casters,10,5,pack,180,200,0.000,0.000,1.000,—,—,3.00,1.000,—,0.000
trio-casters,10,5,pack,300,200,0.000,0.000,1.000,—,—,3.00,1.000,—,0.000
trio-casters,10,5,boss,180,200,0.000,0.000,1.000,—,—,3.00,1.000,—,0.000
trio-casters,10,5,boss,300,200,0.000,0.000,1.000,—,—,3.00,1.000,—,0.000
trio-casters,10,6,solo,180,200,0.000,0.000,1.000,—,—,3.00,1.000,—,0.000
trio-casters,10,6,solo,300,200,0.000,0.000,1.000,—,—,3.00,1.000,—,0.000
trio-casters,10,6,pack,180,200,0.000,0.000,1.000,—,—,3.00,1.000,—,0.000
trio-casters,10,6,pack,300,200,0.000,0.000,1.000,—,—,3.00,1.000,—,0.000
trio-casters,10,6,boss,180,200,0.000,0.000,1.000,—,—,3.00,1.000,—,0.000
trio-casters,10,6,boss,300,200,0.000,0.000,1.000,—,—,3.00,1.000,—,0.000
trio-casters,10,7,solo,180,200,0.000,0.000,1.000,—,—,3.00,1.000,—,0.000
trio-casters,10,7,solo,300,200,0.000,0.000,1.000,—,—,3.00,1.000,—,0.000
trio-casters,10,7,pack,180,200,0.000,0.000,1.000,—,—,3.00,1.000,—,0.000
trio-casters,10,7,pack,300,200,0.000,0.000,1.000,—,—,3.00,1.000,—,0.000
trio-casters,10,7,boss,180,200,0.000,0.000,1.000,—,—,3.00,1.000,—,0.000
trio-casters,10,7,boss,300,200,0.000,0.000,1.000,—,—,3.00,1.000,—,0.000
trio-casters,10,8,solo,180,200,0.000,0.000,1.000,—,—,3.00,1.000,—,0.000
trio-casters,10,8,solo,300,200,0.000,0.000,1.000,—,—,3.00,1.000,—,0.000
trio-casters,10,8,pack,180,200,0.000,0.000,1.000,—,—,3.00,1.000,—,0.000
trio-casters,10,8,pack,300,200,0.000,0.000,1.000,—,—,3.00,1.000,—,0.000
trio-casters,10,8,boss,180,200,0.000,0.000,1.000,—,—,3.00,1.000,—,0.000
trio-casters,10,8,boss,300,200,0.000,0.000,1.000,—,—,3.00,1.000,—,0.000
trio-casters,20,1,solo,180,200,1.000,0.000,0.000,1.000,0.0,0.00,0.000,—,1.620
trio-casters,20,1,solo,300,200,1.000,0.000,0.000,1.000,0.0,0.00,0.000,—,1.620
trio-casters,20,1,pack,180,200,1.000,0.000,0.000,0.978,1.4,0.00,0.022,—,1.608
trio-casters,20,1,pack,300,200,1.000,0.000,0.000,0.978,1.4,0.00,0.022,—,1.608
trio-casters,20,1,boss,180,200,1.000,0.000,0.000,0.934,5.0,0.00,0.066,—,1.584
trio-casters,20,1,boss,300,200,1.000,0.000,0.000,0.934,5.0,0.00,0.066,—,1.584
trio-casters,20,2,solo,180,200,1.000,0.000,0.000,1.000,0.0,0.00,0.000,—,1.620
trio-casters,20,2,solo,300,200,1.000,0.000,0.000,1.000,0.0,0.00,0.000,—,1.620
trio-casters,20,2,pack,180,200,1.000,0.000,0.000,0.906,4.2,0.00,0.094,—,1.569
trio-casters,20,2,pack,300,200,1.000,0.000,0.000,0.906,4.2,0.00,0.094,—,1.569
trio-casters,20,2,boss,180,200,1.000,0.000,0.000,0.954,7.0,0.00,0.046,—,1.595
trio-casters,20,2,boss,300,200,1.000,0.000,0.000,0.954,7.0,0.00,0.046,—,1.595
trio-casters,20,3,solo,180,200,1.000,0.000,0.000,1.000,0.0,0.00,0.000,—,1.620
trio-casters,20,3,solo,300,200,1.000,0.000,0.000,1.000,0.0,0.00,0.000,—,1.620
trio-casters,20,3,pack,180,200,1.000,0.000,0.000,0.867,5.0,0.00,0.133,—,1.548
trio-casters,20,3,pack,300,200,1.000,0.000,0.000,0.867,5.0,0.00,0.133,—,1.548
trio-casters,20,3,boss,180,200,1.000,0.000,0.000,0.871,9.8,0.00,0.129,—,1.550
trio-casters,20,3,boss,300,200,1.000,0.000,0.000,0.871,9.8,0.00,0.129,—,1.550
trio-casters,20,4,solo,180,200,1.000,0.000,0.000,1.000,0.0,0.00,0.000,—,1.620
trio-casters,20,4,solo,300,200,1.000,0.000,0.000,1.000,0.0,0.00,0.000,—,1.620
trio-casters,20,4,pack,180,200,1.000,0.000,0.000,0.925,7.0,0.00,0.075,—,1.580
trio-casters,20,4,pack,300,200,1.000,0.000,0.000,0.925,7.0,0.00,0.075,—,1.580
trio-casters,20,4,boss,180,200,1.000,0.000,0.000,0.910,12.6,0.00,0.090,—,1.571
trio-casters,20,4,boss,300,200,1.000,0.000,0.000,0.910,12.6,0.00,0.090,—,1.571
trio-casters,20,5,solo,180,200,1.000,0.000,0.000,0.915,1.4,0.00,0.085,—,1.574
trio-casters,20,5,solo,300,200,1.000,0.000,0.000,0.915,1.4,0.00,0.085,—,1.574
trio-casters,20,5,pack,180,200,0.000,0.000,1.000,—,—,3.00,1.000,—,0.000
trio-casters,20,5,pack,300,200,0.000,0.000,1.000,—,—,3.00,1.000,—,0.000
trio-casters,20,5,boss,180,200,1.000,0.000,0.000,0.546,75.0,1.00,0.454,—,1.375
trio-casters,20,5,boss,300,200,1.000,0.000,0.000,0.546,75.0,1.00,0.454,—,1.375
trio-casters,20,6,solo,180,200,1.000,0.000,0.000,0.760,4.2,0.00,0.240,—,1.490
trio-casters,20,6,solo,300,200,1.000,0.000,0.000,0.760,4.2,0.00,0.240,—,1.490
trio-casters,20,6,pack,180,200,0.000,0.000,1.000,—,—,3.00,1.000,—,0.000
trio-casters,20,6,pack,300,200,0.000,0.000,1.000,—,—,3.00,1.000,—,0.000
trio-casters,20,6,boss,180,200,0.000,0.000,1.000,—,—,3.00,1.000,—,0.000
trio-casters,20,6,boss,300,200,0.000,0.000,1.000,—,—,3.00,1.000,—,0.000
trio-casters,20,7,solo,180,200,1.000,0.000,0.000,0.671,7.0,0.00,0.329,—,1.442
trio-casters,20,7,solo,300,200,1.000,0.000,0.000,0.671,7.0,0.00,0.329,—,1.442
trio-casters,20,7,pack,180,200,0.000,0.000,1.000,—,—,3.00,1.000,—,0.000
trio-casters,20,7,pack,300,200,0.000,0.000,1.000,—,—,3.00,1.000,—,0.000
trio-casters,20,7,boss,180,200,0.000,0.000,1.000,—,—,3.00,1.000,—,0.000
trio-casters,20,7,boss,300,200,0.000,0.000,1.000,—,—,3.00,1.000,—,0.000
trio-casters,20,8,solo,180,200,0.000,0.000,1.000,—,—,3.00,1.000,—,0.000
trio-casters,20,8,solo,300,200,0.000,0.000,1.000,—,—,3.00,1.000,—,0.000
trio-casters,20,8,pack,180,200,0.000,0.000,1.000,—,—,3.00,1.000,—,0.000
trio-casters,20,8,pack,300,200,0.000,0.000,1.000,—,—,3.00,1.000,—,0.000
trio-casters,20,8,boss,180,200,0.000,0.000,1.000,—,—,3.00,1.000,—,0.000
trio-casters,20,8,boss,300,200,0.000,0.000,1.000,—,—,3.00,1.000,—,0.000
trio-casters,35,1,solo,180,200,1.000,0.000,0.000,1.000,0.0,0.00,0.000,—,1.710
trio-casters,35,1,solo,300,200,1.000,0.000,0.000,1.000,0.0,0.00,0.000,—,1.710
trio-casters,35,1,pack,180,200,1.000,0.000,0.000,0.984,1.1,0.00,0.016,—,1.701
trio-casters,35,1,pack,300,200,1.000,0.000,0.000,0.984,1.1,0.00,0.016,—,1.701
trio-casters,35,1,boss,180,200,1.000,0.000,0.000,0.953,3.4,0.00,0.047,—,1.683
trio-casters,35,1,boss,300,200,1.000,0.000,0.000,0.953,3.4,0.00,0.047,—,1.683
trio-casters,35,2,solo,180,200,1.000,0.000,0.000,1.000,0.0,0.00,0.000,—,1.710
trio-casters,35,2,solo,300,200,1.000,0.000,0.000,1.000,0.0,0.00,0.000,—,1.710
trio-casters,35,2,pack,180,200,1.000,0.000,0.000,0.978,1.1,0.00,0.022,—,1.697
trio-casters,35,2,pack,300,200,1.000,0.000,0.000,0.978,1.1,0.00,0.022,—,1.697
trio-casters,35,2,boss,180,200,1.000,0.000,0.000,0.935,4.5,0.00,0.065,—,1.673
trio-casters,35,2,boss,300,200,1.000,0.000,0.000,0.935,4.5,0.00,0.065,—,1.673
trio-casters,35,3,solo,180,200,1.000,0.000,0.000,1.000,0.0,0.00,0.000,—,1.710
trio-casters,35,3,solo,300,200,1.000,0.000,0.000,1.000,0.0,0.00,0.000,—,1.710
trio-casters,35,3,pack,180,200,1.000,0.000,0.000,0.969,1.1,0.00,0.031,—,1.692
trio-casters,35,3,pack,300,200,1.000,0.000,0.000,0.969,1.1,0.00,0.031,—,1.692
trio-casters,35,3,boss,180,200,1.000,0.000,0.000,0.910,5.0,0.00,0.090,—,1.658
trio-casters,35,3,boss,300,200,1.000,0.000,0.000,0.910,5.0,0.00,0.090,—,1.658
trio-casters,35,4,solo,180,200,1.000,0.000,0.000,1.000,0.0,0.00,0.000,—,1.710
trio-casters,35,4,solo,300,200,1.000,0.000,0.000,1.000,0.0,0.00,0.000,—,1.710
trio-casters,35,4,pack,180,200,1.000,0.000,0.000,0.872,4.5,0.00,0.128,—,1.637
trio-casters,35,4,pack,300,200,1.000,0.000,0.000,0.872,4.5,0.00,0.128,—,1.637
trio-casters,35,4,boss,180,200,1.000,0.000,0.000,0.937,6.8,0.00,0.063,—,1.674
trio-casters,35,4,boss,300,200,1.000,0.000,0.000,0.937,6.8,0.00,0.063,—,1.674
trio-casters,35,5,solo,180,200,1.000,0.000,0.000,1.000,0.0,0.00,0.000,—,1.710
trio-casters,35,5,solo,300,200,1.000,0.000,0.000,1.000,0.0,0.00,0.000,—,1.710
trio-casters,35,5,pack,180,200,1.000,0.000,0.000,0.822,4.5,0.00,0.178,—,1.608
trio-casters,35,5,pack,300,200,1.000,0.000,0.000,0.822,4.5,0.00,0.178,—,1.608
trio-casters,35,5,boss,180,200,1.000,0.000,0.000,0.822,10.0,0.00,0.178,—,1.608
trio-casters,35,5,boss,300,200,1.000,0.000,0.000,0.822,10.0,0.00,0.178,—,1.608
trio-casters,35,6,solo,180,200,1.000,0.000,0.000,0.916,1.1,0.00,0.084,—,1.662
trio-casters,35,6,solo,300,200,1.000,0.000,0.000,0.916,1.1,0.00,0.084,—,1.662
trio-casters,35,6,pack,180,200,0.000,1.000,0.000,—,—,2.00,0.741,—,0.000
trio-casters,35,6,pack,300,200,0.000,1.000,0.000,—,—,2.00,0.741,—,0.000
trio-casters,35,6,boss,180,200,1.000,0.000,0.000,0.470,130.0,1.00,0.530,—,1.408
trio-casters,35,6,boss,300,200,1.000,0.000,0.000,0.470,130.0,1.00,0.530,—,1.408
trio-casters,35,7,solo,180,200,1.000,0.000,0.000,0.767,3.4,0.00,0.233,—,1.577
trio-casters,35,7,solo,300,200,1.000,0.000,0.000,0.767,3.4,0.00,0.233,—,1.577
trio-casters,35,7,pack,180,200,0.000,0.000,1.000,—,—,3.00,1.000,—,0.000
trio-casters,35,7,pack,300,200,0.000,0.000,1.000,—,—,3.00,1.000,—,0.000
trio-casters,35,7,boss,180,200,0.000,0.000,1.000,—,—,3.00,1.000,—,0.000
trio-casters,35,7,boss,300,200,0.000,0.000,1.000,—,—,3.00,1.000,—,0.000
trio-casters,35,8,solo,180,200,1.000,0.000,0.000,0.719,5.0,1.00,0.281,—,1.550
trio-casters,35,8,solo,300,200,1.000,0.000,0.000,0.719,5.0,1.00,0.281,—,1.550
trio-casters,35,8,pack,180,200,0.000,0.000,1.000,—,—,3.00,1.000,—,0.000
trio-casters,35,8,pack,300,200,0.000,0.000,1.000,—,—,3.00,1.000,—,0.000
trio-casters,35,8,boss,180,200,0.000,0.000,1.000,—,—,3.00,1.000,—,0.000
trio-casters,35,8,boss,300,200,0.000,0.000,1.000,—,—,3.00,1.000,—,0.000
trio-casters,50,1,solo,180,200,1.000,0.000,0.000,1.000,0.0,0.00,0.000,—,1.800
trio-casters,50,1,solo,300,200,1.000,0.000,0.000,1.000,0.0,0.00,0.000,—,1.800
trio-casters,50,1,pack,180,200,1.000,0.000,0.000,0.988,1.0,0.00,0.012,—,1.793
trio-casters,50,1,pack,300,200,1.000,0.000,0.000,0.988,1.0,0.00,0.012,—,1.793
trio-casters,50,1,boss,180,200,1.000,0.000,0.000,0.982,2.0,0.00,0.018,—,1.789
trio-casters,50,1,boss,300,200,1.000,0.000,0.000,0.982,2.0,0.00,0.018,—,1.789
trio-casters,50,2,solo,180,200,1.000,0.000,0.000,1.000,0.0,0.00,0.000,—,1.800
trio-casters,50,2,solo,300,200,1.000,0.000,0.000,1.000,0.0,0.00,0.000,—,1.800
trio-casters,50,2,pack,180,200,1.000,0.000,0.000,0.983,1.0,0.00,0.017,—,1.790
trio-casters,50,2,pack,300,200,1.000,0.000,0.000,0.983,1.0,0.00,0.017,—,1.790
trio-casters,50,2,boss,180,200,1.000,0.000,0.000,0.950,3.1,0.00,0.050,—,1.770
trio-casters,50,2,boss,300,200,1.000,0.000,0.000,0.950,3.1,0.00,0.050,—,1.770
trio-casters,50,3,solo,180,200,1.000,0.000,0.000,1.000,0.0,0.00,0.000,—,1.800
trio-casters,50,3,solo,300,200,1.000,0.000,0.000,1.000,0.0,0.00,0.000,—,1.800
trio-casters,50,3,pack,180,200,1.000,0.000,0.000,0.976,1.0,0.00,0.024,—,1.786
trio-casters,50,3,pack,300,200,1.000,0.000,0.000,0.976,1.0,0.00,0.024,—,1.786
trio-casters,50,3,boss,180,200,1.000,0.000,0.000,0.930,4.1,0.00,0.070,—,1.758
trio-casters,50,3,boss,300,200,1.000,0.000,0.000,0.930,4.1,0.00,0.070,—,1.758
trio-casters,50,4,solo,180,200,1.000,0.000,0.000,1.000,0.0,0.00,0.000,—,1.800
trio-casters,50,4,solo,300,200,1.000,0.000,0.000,1.000,0.0,0.00,0.000,—,1.800
trio-casters,50,4,pack,180,200,1.000,0.000,0.000,0.967,1.0,0.00,0.033,—,1.780
trio-casters,50,4,pack,300,200,1.000,0.000,0.000,0.967,1.0,0.00,0.033,—,1.780
trio-casters,50,4,boss,180,200,1.000,0.000,0.000,0.903,5.0,0.00,0.097,—,1.742
trio-casters,50,4,boss,300,200,1.000,0.000,0.000,0.903,5.0,0.00,0.097,—,1.742
trio-casters,50,5,solo,180,200,1.000,0.000,0.000,1.000,0.0,0.00,0.000,—,1.800
trio-casters,50,5,solo,300,200,1.000,0.000,0.000,1.000,0.0,0.00,0.000,—,1.800
trio-casters,50,5,pack,180,200,1.000,0.000,0.000,0.863,4.1,0.00,0.137,—,1.718
trio-casters,50,5,pack,300,200,1.000,0.000,0.000,0.863,4.1,0.00,0.137,—,1.718
trio-casters,50,5,boss,180,200,1.000,0.000,0.000,0.931,6.1,0.00,0.069,—,1.759
trio-casters,50,5,boss,300,200,1.000,0.000,0.000,0.931,6.1,0.00,0.069,—,1.759
trio-casters,50,6,solo,180,200,1.000,0.000,0.000,1.000,0.0,0.00,0.000,—,1.800
trio-casters,50,6,solo,300,200,1.000,0.000,0.000,1.000,0.0,0.00,0.000,—,1.800
trio-casters,50,6,pack,180,200,1.000,0.000,0.000,0.806,4.1,0.00,0.194,—,1.684
trio-casters,50,6,pack,300,200,1.000,0.000,0.000,0.806,4.1,0.00,0.194,—,1.684
trio-casters,50,6,boss,180,200,1.000,0.000,0.000,0.904,12.2,0.00,0.096,—,1.742
trio-casters,50,6,boss,300,200,1.000,0.000,0.000,0.904,12.2,0.00,0.096,—,1.742
trio-casters,50,7,solo,180,200,1.000,0.000,0.000,0.910,1.0,0.00,0.090,—,1.746
trio-casters,50,7,solo,300,200,1.000,0.000,0.000,0.910,1.0,0.00,0.090,—,1.746
trio-casters,50,7,pack,180,200,1.000,0.000,0.000,0.731,8.1,0.00,0.269,—,1.639
trio-casters,50,7,pack,300,200,1.000,0.000,0.000,0.731,8.1,0.00,0.269,—,1.639
trio-casters,50,7,boss,180,200,1.000,0.000,0.000,0.453,65.0,1.00,0.547,—,1.472
trio-casters,50,7,boss,300,200,1.000,0.000,0.000,0.453,65.0,1.00,0.547,—,1.472
trio-casters,50,8,solo,180,200,1.000,0.000,0.000,0.875,2.0,0.00,0.125,—,1.725
trio-casters,50,8,solo,300,200,1.000,0.000,0.000,0.875,2.0,0.00,0.125,—,1.725
trio-casters,50,8,pack,180,200,0.000,0.000,1.000,—,—,3.00,1.000,—,0.000
trio-casters,50,8,pack,300,200,0.000,0.000,1.000,—,—,3.00,1.000,—,0.000
trio-casters,50,8,boss,180,200,0.000,0.000,1.000,—,—,3.00,1.000,—,0.000
trio-casters,50,8,boss,300,200,0.000,0.000,1.000,—,—,3.00,1.000,—,0.000
trio-double-tank,1,1,solo,180,200,1.000,0.000,0.000,0.948,6.0,0.00,0.052,1.000,1.480
trio-double-tank,1,1,solo,300,200,1.000,0.000,0.000,0.949,6.0,0.00,0.051,1.000,1.480
trio-double-tank,1,1,pack,180,200,1.000,0.000,0.000,0.986,36.0,0.00,0.014,1.000,1.499
trio-double-tank,1,1,pack,300,200,1.000,0.000,0.000,0.987,36.0,0.00,0.013,1.000,1.499
trio-double-tank,1,1,boss,180,200,1.000,0.000,0.000,0.998,76.6,0.00,0.002,1.000,1.505
trio-double-tank,1,1,boss,300,200,1.000,0.000,0.000,0.998,77.0,0.00,0.002,1.000,1.505
trio-double-tank,1,2,solo,180,200,1.000,0.000,0.000,0.933,11.3,0.00,0.067,1.000,1.472
trio-double-tank,1,2,solo,300,200,1.000,0.000,0.000,0.931,11.3,0.00,0.069,1.000,1.471
trio-double-tank,1,2,pack,180,200,1.000,0.000,0.000,0.991,54.0,0.00,0.009,1.000,1.501
trio-double-tank,1,2,pack,300,200,1.000,0.000,0.000,0.990,54.0,0.00,0.010,1.000,1.501
trio-double-tank,1,2,boss,180,200,1.000,0.000,0.000,0.951,113.8,0.00,0.049,1.000,1.481
trio-double-tank,1,2,boss,300,200,1.000,0.000,0.000,0.952,113.9,0.00,0.048,1.000,1.482
trio-double-tank,1,3,solo,180,200,1.000,0.000,0.000,0.946,23.2,0.00,0.054,1.000,1.479
trio-double-tank,1,3,solo,300,200,1.000,0.000,0.000,0.943,23.2,0.00,0.057,1.000,1.477
trio-double-tank,1,3,pack,180,200,0.000,0.000,1.000,—,—,3.00,1.000,0.691,0.000
trio-double-tank,1,3,pack,300,200,0.000,0.000,1.000,—,—,3.00,1.000,0.692,0.000
trio-double-tank,1,3,boss,180,200,0.000,0.005,0.995,—,—,3.00,0.999,0.745,0.000
trio-double-tank,1,3,boss,300,200,0.000,0.000,1.000,—,—,3.00,1.000,0.728,0.000
trio-double-tank,1,4,solo,180,200,1.000,0.000,0.000,0.899,36.0,0.00,0.101,1.000,1.455
trio-double-tank,1,4,solo,300,200,1.000,0.000,0.000,0.897,36.0,0.00,0.103,1.000,1.454
trio-double-tank,1,4,pack,180,200,0.000,0.000,1.000,—,—,3.00,1.000,0.789,0.000
trio-double-tank,1,4,pack,300,200,0.000,0.000,1.000,—,—,3.00,1.000,0.789,0.000
trio-double-tank,1,4,boss,180,200,0.000,0.000,1.000,—,—,3.00,1.000,0.782,0.000
trio-double-tank,1,4,boss,300,200,0.000,0.000,1.000,—,—,3.00,1.000,0.778,0.000
trio-double-tank,1,5,solo,180,200,0.005,0.000,0.995,0.463,66.0,2.99,0.998,0.803,0.006
trio-double-tank,1,5,solo,300,200,0.005,0.000,0.995,0.610,54.0,2.99,0.997,0.807,0.007
trio-double-tank,1,5,pack,180,200,0.000,0.000,1.000,—,—,3.00,1.000,0.746,0.000
trio-double-tank,1,5,pack,300,200,0.000,0.000,1.000,—,—,3.00,1.000,0.749,0.000
trio-double-tank,1,5,boss,180,200,0.000,0.000,1.000,—,—,3.00,1.000,0.722,0.000
trio-double-tank,1,5,boss,300,200,0.000,0.000,1.000,—,—,3.00,1.000,0.724,0.000
trio-double-tank,1,6,solo,180,200,0.000,0.000,1.000,—,—,3.00,1.000,0.798,0.000
trio-double-tank,1,6,solo,300,200,0.000,0.000,1.000,—,—,3.00,1.000,0.794,0.000
trio-double-tank,1,6,pack,180,200,0.000,0.000,1.000,—,—,3.00,1.000,0.721,0.000
trio-double-tank,1,6,pack,300,200,0.000,0.000,1.000,—,—,3.00,1.000,0.724,0.000
trio-double-tank,1,6,boss,180,200,0.000,0.000,1.000,—,—,3.00,1.000,0.684,0.000
trio-double-tank,1,6,boss,300,200,0.000,0.000,1.000,—,—,3.00,1.000,0.682,0.000
trio-double-tank,1,7,solo,180,200,0.000,0.000,1.000,—,—,3.00,1.000,0.838,0.000
trio-double-tank,1,7,solo,300,200,0.000,0.000,1.000,—,—,3.00,1.000,0.837,0.000
trio-double-tank,1,7,pack,180,200,0.000,0.000,1.000,—,—,3.00,1.000,0.806,0.000
trio-double-tank,1,7,pack,300,200,0.000,0.000,1.000,—,—,3.00,1.000,0.806,0.000
trio-double-tank,1,7,boss,180,200,0.000,0.000,1.000,—,—,3.00,1.000,0.679,0.000
trio-double-tank,1,7,boss,300,200,0.000,0.000,1.000,—,—,3.00,1.000,0.669,0.000
trio-double-tank,1,8,solo,180,200,0.000,0.000,1.000,—,—,3.00,1.000,0.804,0.000
trio-double-tank,1,8,solo,300,200,0.000,0.000,1.000,—,—,3.00,1.000,0.805,0.000
trio-double-tank,1,8,pack,180,200,0.000,0.000,1.000,—,—,3.00,1.000,0.804,0.000
trio-double-tank,1,8,pack,300,200,0.000,0.000,1.000,—,—,3.00,1.000,0.802,0.000
trio-double-tank,1,8,boss,180,200,0.000,0.000,1.000,—,—,3.00,1.000,0.762,0.000
trio-double-tank,1,8,boss,300,200,0.000,0.000,1.000,—,—,3.00,1.000,0.763,0.000
trio-double-tank,5,1,solo,180,200,1.000,0.000,0.000,1.000,0.0,0.00,0.000,—,1.530
trio-double-tank,5,1,solo,300,200,1.000,0.000,0.000,1.000,0.0,0.00,0.000,—,1.530
trio-double-tank,5,1,pack,180,200,1.000,0.000,0.000,0.924,12.0,0.00,0.076,1.000,1.491
trio-double-tank,5,1,pack,300,200,1.000,0.000,0.000,0.924,12.0,0.00,0.076,1.000,1.491
trio-double-tank,5,1,boss,180,200,1.000,0.000,0.000,0.998,41.6,0.00,0.002,1.000,1.529
trio-double-tank,5,1,boss,300,200,1.000,0.000,0.000,0.999,41.8,0.00,0.001,1.000,1.530
trio-double-tank,5,2,solo,180,200,1.000,0.000,0.000,0.947,6.0,0.00,0.053,1.000,1.503
trio-double-tank,5,2,solo,300,200,1.000,0.000,0.000,0.946,6.0,0.00,0.054,1.000,1.503
trio-double-tank,5,2,pack,180,200,1.000,0.000,0.000,0.973,35.0,0.00,0.027,1.000,1.516
trio-double-tank,5,2,pack,300,200,1.000,0.000,0.000,0.975,35.0,0.00,0.025,1.000,1.517
trio-double-tank,5,2,boss,180,200,1.000,0.000,0.000,0.998,65.3,0.00,0.002,1.000,1.529
trio-double-tank,5,2,boss,300,200,1.000,0.000,0.000,0.997,65.3,0.00,0.003,1.000,1.528
trio-double-tank,5,3,solo,180,200,1.000,0.000,0.000,0.939,6.0,0.00,0.061,1.000,1.499
trio-double-tank,5,3,solo,300,200,1.000,0.000,0.000,0.939,6.0,0.00,0.061,1.000,1.499
trio-double-tank,5,3,pack,180,200,1.000,0.000,0.000,0.998,53.9,0.00,0.002,1.000,1.529
trio-double-tank,5,3,pack,300,200,1.000,0.000,0.000,0.997,53.8,0.00,0.003,1.000,1.529
trio-double-tank,5,3,boss,180,200,1.000,0.000,0.000,0.953,100.2,0.00,0.047,1.000,1.506
trio-double-tank,5,3,boss,300,200,1.000,0.000,0.000,0.953,100.3,0.00,0.047,1.000,1.506
trio-double-tank,5,4,solo,180,200,1.000,0.000,0.000,0.817,12.0,0.00,0.183,1.000,1.437
trio-double-tank,5,4,solo,300,200,1.000,0.000,0.000,0.814,12.0,0.00,0.186,1.000,1.435
trio-double-tank,5,4,pack,180,200,0.000,0.000,1.000,—,—,3.00,1.000,0.789,0.000
trio-double-tank,5,4,pack,300,200,0.000,0.000,1.000,—,—,3.00,1.000,0.789,0.000
trio-double-tank,5,4,boss,180,200,0.280,0.720,0.000,0.933,150.0,0.72,0.357,1.000,0.419
trio-double-tank,5,4,boss,300,200,1.000,0.000,0.000,0.675,241.2,0.72,0.325,1.000,1.364
trio-double-tank,5,5,solo,180,200,1.000,0.000,0.000,0.959,29.7,0.00,0.041,1.000,1.509
trio-double-tank,5,5,solo,300,200,1.000,0.000,0.000,0.961,29.8,0.00,0.039,1.000,1.510
trio-double-tank,5,5,pack,180,200,0.000,0.000,1.000,—,—,3.00,1.000,0.789,0.000
trio-double-tank,5,5,pack,300,200,0.000,0.000,1.000,—,—,3.00,1.000,0.787,0.000
trio-double-tank,5,5,boss,180,200,0.000,0.000,1.000,—,—,3.00,1.000,0.738,0.000
trio-double-tank,5,5,boss,300,200,0.000,0.000,1.000,—,—,3.00,1.000,0.738,0.000
trio-double-tank,5,6,solo,180,200,0.705,0.000,0.295,0.550,55.4,1.53,0.612,0.942,0.917
trio-double-tank,5,6,solo,300,200,0.685,0.000,0.315,0.568,54.5,1.56,0.611,0.938,0.897
trio-double-tank,5,6,pack,180,200,0.000,0.000,1.000,—,—,3.00,1.000,0.759,0.000
trio-double-tank,5,6,pack,300,200,0.000,0.000,1.000,—,—,3.00,1.000,0.761,0.000
trio-double-tank,5,6,boss,180,200,0.000,0.000,1.000,—,—,3.00,1.000,0.737,0.000
trio-double-tank,5,6,boss,300,200,0.000,0.000,1.000,—,—,3.00,1.000,0.738,0.000
trio-double-tank,5,7,solo,180,200,0.000,0.000,1.000,—,—,3.00,1.000,0.827,0.000
trio-double-tank,5,7,solo,300,200,0.000,0.000,1.000,—,—,3.00,1.000,0.828,0.000
trio-double-tank,5,7,pack,180,200,0.000,0.000,1.000,—,—,3.00,1.000,0.755,0.000
trio-double-tank,5,7,pack,300,200,0.000,0.000,1.000,—,—,3.00,1.000,0.757,0.000
trio-double-tank,5,7,boss,180,200,0.000,0.000,1.000,—,—,3.00,1.000,0.702,0.000
trio-double-tank,5,7,boss,300,200,0.000,0.000,1.000,—,—,3.00,1.000,0.704,0.000
trio-double-tank,5,8,solo,180,200,0.000,0.000,1.000,—,—,3.00,1.000,0.846,0.000
trio-double-tank,5,8,solo,300,200,0.000,0.000,1.000,—,—,3.00,1.000,0.846,0.000
trio-double-tank,5,8,pack,180,200,0.000,0.000,1.000,—,—,3.00,1.000,0.809,0.000
trio-double-tank,5,8,pack,300,200,0.000,0.000,1.000,—,—,3.00,1.000,0.808,0.000
trio-double-tank,5,8,boss,180,200,0.000,0.000,1.000,—,—,3.00,1.000,0.673,0.000
trio-double-tank,5,8,boss,300,200,0.000,0.000,1.000,—,—,3.00,1.000,0.677,0.000
trio-double-tank,10,1,solo,180,200,1.000,0.000,0.000,1.000,0.0,0.00,0.000,—,1.560
trio-double-tank,10,1,solo,300,200,1.000,0.000,0.000,1.000,0.0,0.00,0.000,—,1.560
trio-double-tank,10,1,pack,180,200,1.000,0.000,0.000,0.958,6.0,0.00,0.042,1.000,1.538
trio-double-tank,10,1,pack,300,200,1.000,0.000,0.000,0.958,6.0,0.00,0.042,1.000,1.538
trio-double-tank,10,1,boss,180,200,1.000,0.000,0.000,0.900,18.0,0.00,0.100,1.000,1.508
trio-double-tank,10,1,boss,300,200,1.000,0.000,0.000,0.901,18.0,0.00,0.099,1.000,1.508
trio-double-tank,10,2,solo,180,200,1.000,0.000,0.000,1.000,0.0,0.00,0.000,—,1.560
trio-double-tank,10,2,solo,300,200,1.000,0.000,0.000,1.000,0.0,0.00,0.000,—,1.560
trio-double-tank,10,2,pack,180,200,1.000,0.000,0.000,0.907,12.0,0.00,0.093,1.000,1.512
trio-double-tank,10,2,pack,300,200,1.000,0.000,0.000,0.907,12.0,0.00,0.093,1.000,1.512
trio-double-tank,10,2,boss,180,200,1.000,0.000,0.000,0.998,41.5,0.00,0.002,1.000,1.559
trio-double-tank,10,2,boss,300,200,1.000,0.000,0.000,0.997,41.4,0.00,0.003,1.000,1.558
trio-double-tank,10,3,solo,180,200,1.000,0.000,0.000,0.939,4.1,0.00,0.061,1.000,1.528
trio-double-tank,10,3,solo,300,200,1.000,0.000,0.000,0.938,4.1,0.00,0.062,1.000,1.528
trio-double-tank,10,3,pack,180,200,1.000,0.000,0.000,1.000,29.8,0.00,0.000,1.000,1.560
trio-double-tank,10,3,pack,300,200,1.000,0.000,0.000,0.999,29.8,0.00,0.001,1.000,1.560
trio-double-tank,10,3,boss,180,200,1.000,0.000,0.000,0.999,64.3,0.00,0.001,1.000,1.559
trio-double-tank,10,3,boss,300,200,1.000,0.000,0.000,0.997,63.8,0.00,0.003,1.000,1.559
trio-double-tank,10,4,solo,180,200,1.000,0.000,0.000,0.935,6.0,0.00,0.065,1.000,1.526
trio-double-tank,10,4,solo,300,200,1.000,0.000,0.000,0.933,6.0,0.00,0.067,1.000,1.525
trio-double-tank,10,4,pack,180,200,1.000,0.000,0.000,0.959,47.7,0.00,0.041,1.000,1.539
trio-double-tank,10,4,pack,300,200,1.000,0.000,0.000,0.959,47.7,0.00,0.041,1.000,1.539
trio-double-tank,10,4,boss,180,200,1.000,0.000,0.000,0.999,95.9,0.00,0.001,1.000,1.560
trio-double-tank,10,4,boss,300,200,1.000,0.000,0.000,0.999,95.9,0.00,0.001,1.000,1.559
trio-double-tank,10,5,solo,180,200,1.000,0.000,0.000,0.988,17.6,0.00,0.012,1.000,1.554
trio-double-tank,10,5,solo,300,200,1.000,0.000,0.000,0.990,17.6,0.00,0.010,1.000,1.555
trio-double-tank,10,5,pack,180,200,0.015,0.000,0.985,0.583,128.0,2.97,0.991,0.785,0.020
trio-double-tank,10,5,pack,300,200,0.050,0.005,0.945,0.610,129.6,2.90,0.969,0.800,0.068
trio-double-tank,10,5,boss,180,200,0.305,0.695,0.000,0.988,143.0,0.69,0.330,1.000,0.474
trio-double-tank,10,5,boss,300,200,1.000,0.000,0.000,0.742,223.9,0.64,0.258,1.000,1.426
trio-double-tank,10,6,solo,180,200,1.000,0.000,0.000,0.998,29.9,0.00,0.002,1.000,1.559
trio-double-tank,10,6,solo,300,200,1.000,0.000,0.000,0.999,30.0,0.00,0.001,1.000,1.559
trio-double-tank,10,6,pack,180,200,0.000,0.000,1.000,—,—,3.00,1.000,0.790,0.000
trio-double-tank,10,6,pack,300,200,0.000,0.000,1.000,—,—,3.00,1.000,0.791,0.000
trio-double-tank,10,6,boss,180,200,0.000,0.000,1.000,—,—,3.00,1.000,0.735,0.000
trio-double-tank,10,6,boss,300,200,0.000,0.000,1.000,—,—,3.00,1.000,0.737,0.000
trio-double-tank,10,7,solo,180,200,1.000,0.000,0.000,0.876,48.0,0.00,0.124,1.000,1.496
trio-double-tank,10,7,solo,300,200,1.000,0.000,0.000,0.874,48.0,0.00,0.126,1.000,1.494
trio-double-tank,10,7,pack,180,200,0.000,0.000,1.000,—,—,3.00,1.000,0.823,0.000
trio-double-tank,10,7,pack,300,200,0.000,0.000,1.000,—,—,3.00,1.000,0.824,0.000
trio-double-tank,10,7,boss,180,200,0.000,0.000,1.000,—,—,3.00,1.000,0.813,0.000
trio-double-tank,10,7,boss,300,200,0.000,0.000,1.000,—,—,3.00,1.000,0.815,0.000
trio-double-tank,10,8,solo,180,200,0.000,0.000,1.000,—,—,3.00,1.000,0.837,0.000
trio-double-tank,10,8,solo,300,200,0.000,0.000,1.000,—,—,3.00,1.000,0.837,0.000
trio-double-tank,10,8,pack,180,200,0.000,0.000,1.000,—,—,3.00,1.000,0.754,0.000
trio-double-tank,10,8,pack,300,200,0.000,0.000,1.000,—,—,3.00,1.000,0.755,0.000
trio-double-tank,10,8,boss,180,200,0.000,0.000,1.000,—,—,3.00,1.000,0.715,0.000
trio-double-tank,10,8,boss,300,200,0.000,0.000,1.000,—,—,3.00,1.000,0.716,0.000
trio-double-tank,20,1,solo,180,200,1.000,0.000,0.000,1.000,0.0,0.00,0.000,—,1.620
trio-double-tank,20,1,solo,300,200,1.000,0.000,0.000,1.000,0.0,0.00,0.000,—,1.620
trio-double-tank,20,1,pack,180,200,1.000,0.000,0.000,0.985,6.0,0.00,0.015,1.000,1.612
trio-double-tank,20,1,pack,300,200,1.000,0.000,0.000,0.986,6.0,0.00,0.014,1.000,1.612
trio-double-tank,20,1,boss,180,200,1.000,0.000,0.000,0.968,12.0,0.00,0.032,1.000,1.603
trio-double-tank,20,1,boss,300,200,1.000,0.000,0.000,0.969,12.0,0.00,0.031,1.000,1.603
trio-double-tank,20,2,solo,180,200,1.000,0.000,0.000,1.000,0.0,0.00,0.000,—,1.620
trio-double-tank,20,2,solo,300,200,1.000,0.000,0.000,1.000,0.0,0.00,0.000,—,1.620
trio-double-tank,20,2,pack,180,200,1.000,0.000,0.000,0.971,6.0,0.00,0.029,1.000,1.604
trio-double-tank,20,2,pack,300,200,1.000,0.000,0.000,0.970,6.0,0.00,0.030,1.000,1.604
trio-double-tank,20,2,boss,180,200,1.000,0.000,0.000,0.933,16.3,0.00,0.067,1.000,1.584
trio-double-tank,20,2,boss,300,200,1.000,0.000,0.000,0.932,16.3,0.00,0.068,1.000,1.583
trio-double-tank,20,3,solo,180,200,1.000,0.000,0.000,1.000,0.0,0.00,0.000,—,1.620
trio-double-tank,20,3,solo,300,200,1.000,0.000,0.000,1.000,0.0,0.00,0.000,—,1.620
trio-double-tank,20,3,pack,180,200,1.000,0.000,0.000,0.938,12.0,0.00,0.062,1.000,1.587
trio-double-tank,20,3,pack,300,200,1.000,0.000,0.000,0.937,12.0,0.00,0.063,1.000,1.586
trio-double-tank,20,3,boss,180,200,1.000,0.000,0.000,0.957,22.6,0.00,0.043,1.000,1.597
trio-double-tank,20,3,boss,300,200,1.000,0.000,0.000,0.953,22.5,0.00,0.047,1.000,1.595
trio-double-tank,20,4,solo,180,200,1.000,0.000,0.000,0.954,4.1,0.00,0.046,1.000,1.595
trio-double-tank,20,4,solo,300,200,1.000,0.000,0.000,0.954,4.1,0.00,0.046,1.000,1.595
trio-double-tank,20,4,pack,180,200,1.000,0.000,0.000,0.999,29.4,0.00,0.001,1.000,1.620
trio-double-tank,20,4,pack,300,200,1.000,0.000,0.000,1.000,29.6,0.00,0.000,1.000,1.620
trio-double-tank,20,4,boss,180,200,1.000,0.000,0.000,0.997,55.6,0.00,0.003,1.000,1.618
trio-double-tank,20,4,boss,300,200,1.000,0.000,0.000,0.998,56.0,0.00,0.002,1.000,1.619
trio-double-tank,20,5,solo,180,200,1.000,0.000,0.000,0.935,6.0,0.00,0.065,1.000,1.585
trio-double-tank,20,5,solo,300,200,1.000,0.000,0.000,0.936,6.0,0.00,0.064,1.000,1.585
trio-double-tank,20,5,pack,180,200,1.000,0.000,0.000,0.970,47.5,0.00,0.030,1.000,1.604
trio-double-tank,20,5,pack,300,200,1.000,0.000,0.000,0.969,47.6,0.00,0.031,1.000,1.603
trio-double-tank,20,5,boss,180,200,1.000,0.000,0.000,0.998,87.2,0.00,0.002,1.000,1.619
trio-double-tank,20,5,boss,300,200,1.000,0.000,0.000,0.997,87.9,0.00,0.003,1.000,1.618
trio-double-tank,20,6,solo,180,200,1.000,0.000,0.000,0.916,12.0,0.00,0.084,1.000,1.574
trio-double-tank,20,6,solo,300,200,1.000,0.000,0.000,0.913,12.0,0.00,0.087,1.000,1.573
trio-double-tank,20,6,pack,180,200,1.000,0.000,0.000,0.946,69.9,0.13,0.054,1.000,1.591
trio-double-tank,20,6,pack,300,200,1.000,0.000,0.000,0.930,71.7,0.17,0.070,1.000,1.582
trio-double-tank,20,6,boss,180,200,1.000,0.000,0.000,0.983,129.9,0.00,0.017,1.000,1.611
trio-double-tank,20,6,boss,300,200,1.000,0.000,0.000,0.979,129.7,0.00,0.021,1.000,1.609
trio-double-tank,20,7,solo,180,200,1.000,0.000,0.000,0.983,27.3,0.00,0.017,1.000,1.611
trio-double-tank,20,7,solo,300,200,1.000,0.000,0.000,0.986,27.5,0.00,0.014,1.000,1.613
trio-double-tank,20,7,pack,180,200,0.000,0.000,1.000,—,—,3.00,1.000,0.851,0.000
trio-double-tank,20,7,pack,300,200,0.000,0.000,1.000,—,—,3.00,1.000,0.849,0.000
trio-double-tank,20,7,boss,180,200,0.000,0.685,0.315,—,—,1.48,0.580,0.977,0.000
trio-double-tank,20,7,boss,300,200,0.200,0.570,0.230,0.984,197.1,1.26,0.517,0.988,0.322
trio-double-tank,20,8,solo,180,200,1.000,0.000,0.000,0.921,46.9,0.00,0.079,1.000,1.578
trio-double-tank,20,8,solo,300,200,1.000,0.000,0.000,0.926,46.7,0.00,0.074,1.000,1.580
trio-double-tank,20,8,pack,180,200,0.000,0.000,1.000,—,—,3.00,1.000,0.850,0.000
trio-double-tank,20,8,pack,300,200,0.000,0.000,1.000,—,—,3.00,1.000,0.850,0.000
trio-double-tank,20,8,boss,180,200,0.000,0.000,1.000,—,—,3.00,1.000,0.821,0.000
trio-double-tank,20,8,boss,300,200,0.000,0.000,1.000,—,—,3.00,1.000,0.816,0.000
trio-double-tank,35,1,solo,180,200,1.000,0.000,0.000,1.000,0.0,0.00,0.000,—,1.710
trio-double-tank,35,1,solo,300,200,1.000,0.000,0.000,1.000,0.0,0.00,0.000,—,1.710
trio-double-tank,35,1,pack,180,200,1.000,0.000,0.000,1.000,0.0,0.00,0.000,—,1.710
trio-double-tank,35,1,pack,300,200,1.000,0.000,0.000,1.000,0.0,0.00,0.000,—,1.710
trio-double-tank,35,1,boss,180,200,1.000,0.000,0.000,1.000,6.0,0.00,0.000,1.000,1.710
trio-double-tank,35,1,boss,300,200,1.000,0.000,0.000,1.000,6.0,0.00,0.000,1.000,1.710
trio-double-tank,35,2,solo,180,200,1.000,0.000,0.000,1.000,0.0,0.00,0.000,—,1.710
trio-double-tank,35,2,solo,300,200,1.000,0.000,0.000,1.000,0.0,0.00,0.000,—,1.710
trio-double-tank,35,2,pack,180,200,1.000,0.000,0.000,0.993,6.0,0.00,0.007,1.000,1.706
trio-double-tank,35,2,pack,300,200,1.000,0.000,0.000,0.993,6.0,0.00,0.007,1.000,1.706
trio-double-tank,35,2,boss,180,200,1.000,0.000,0.000,0.979,12.0,0.00,0.021,1.000,1.698
trio-double-tank,35,2,boss,300,200,1.000,0.000,0.000,0.980,12.0,0.00,0.020,1.000,1.699
trio-double-tank,35,3,solo,180,200,1.000,0.000,0.000,1.000,0.0,0.00,0.000,—,1.710
trio-double-tank,35,3,solo,300,200,1.000,0.000,0.000,1.000,0.0,0.00,0.000,—,1.710
trio-double-tank,35,3,pack,180,200,1.000,0.000,0.000,0.983,6.0,0.00,0.017,1.000,1.700
trio-double-tank,35,3,pack,300,200,1.000,0.000,0.000,0.983,6.0,0.00,0.017,1.000,1.700
trio-double-tank,35,3,boss,180,200,1.000,0.000,0.000,0.972,12.2,0.00,0.028,1.000,1.694
trio-double-tank,35,3,boss,300,200,1.000,0.000,0.000,0.971,12.2,0.00,0.029,1.000,1.693
trio-double-tank,35,4,solo,180,200,1.000,0.000,0.000,1.000,0.0,0.00,0.000,—,1.710
trio-double-tank,35,4,solo,300,200,1.000,0.000,0.000,1.000,0.0,0.00,0.000,—,1.710
trio-double-tank,35,4,pack,180,200,1.000,0.000,0.000,0.963,12.0,0.00,0.037,1.000,1.689
trio-double-tank,35,4,pack,300,200,1.000,0.000,0.000,0.963,12.0,0.00,0.037,1.000,1.689
trio-double-tank,35,4,boss,180,200,1.000,0.000,0.000,0.929,24.0,0.00,0.071,1.000,1.669
trio-double-tank,35,4,boss,300,200,1.000,0.000,0.000,0.926,24.0,0.00,0.074,1.000,1.668
trio-double-tank,35,5,solo,180,200,1.000,0.000,0.000,0.966,4.1,0.00,0.034,1.000,1.691
trio-double-tank,35,5,solo,300,200,1.000,0.000,0.000,0.966,4.1,0.00,0.034,1.000,1.690
trio-double-tank,35,5,pack,180,200,1.000,0.000,0.000,0.992,24.3,0.00,0.008,1.000,1.705
trio-double-tank,35,5,pack,300,200,1.000,0.000,0.000,0.991,24.3,0.00,0.009,1.000,1.705
trio-double-tank,35,5,boss,180,200,1.000,0.000,0.000,0.983,46.3,0.00,0.017,1.000,1.700
trio-double-tank,35,5,boss,300,200,1.000,0.000,0.000,0.980,45.7,0.00,0.020,1.000,1.699
trio-double-tank,35,6,solo,180,200,1.000,0.000,0.000,0.951,6.0,0.00,0.049,1.000,1.682
trio-double-tank,35,6,solo,300,200,1.000,0.000,0.000,0.953,6.0,0.00,0.047,1.000,1.683
trio-double-tank,35,6,pack,180,200,1.000,0.000,0.000,0.991,35.9,0.00,0.009,1.000,1.705
trio-double-tank,35,6,pack,300,200,1.000,0.000,0.000,0.991,35.9,0.00,0.009,1.000,1.705
trio-double-tank,35,6,boss,180,200,1.000,0.000,0.000,0.996,74.2,0.00,0.004,1.000,1.708
trio-double-tank,35,6,boss,300,200,1.000,0.000,0.000,0.997,73.9,0.00,0.003,1.000,1.708
trio-double-tank,35,7,solo,180,200,1.000,0.000,0.000,0.919,8.2,0.00,0.081,1.000,1.664
trio-double-tank,35,7,solo,300,200,1.000,0.000,0.000,0.921,8.2,0.00,0.079,1.000,1.665
trio-double-tank,35,7,pack,180,200,1.000,0.000,0.000,0.997,65.5,0.00,0.003,1.000,1.708
trio-double-tank,35,7,pack,300,200,1.000,0.000,0.000,0.997,65.5,0.00,0.003,1.000,1.708
trio-double-tank,35,7,boss,180,200,1.000,0.000,0.000,0.972,122.9,0.00,0.028,1.000,1.694
trio-double-tank,35,7,boss,300,200,1.000,0.000,0.000,0.976,122.2,0.00,0.024,1.000,1.696
trio-double-tank,35,8,solo,180,200,1.000,0.000,0.000,0.967,22.3,0.00,0.033,1.000,1.691
trio-double-tank,35,8,solo,300,200,1.000,0.000,0.000,0.966,22.4,0.00,0.034,1.000,1.691
trio-double-tank,35,8,pack,180,200,1.000,0.000,0.000,0.913,109.3,0.13,0.087,1.000,1.660
trio-double-tank,35,8,pack,300,200,1.000,0.000,0.000,0.893,113.0,0.18,0.107,1.000,1.649
trio-double-tank,35,8,boss,180,200,0.035,0.965,0.000,0.997,180.0,0.00,0.070,1.000,0.060
trio-double-tank,35,8,boss,300,200,1.000,0.000,0.000,0.999,194.5,0.00,0.001,1.000,1.710
trio-double-tank,50,1,solo,180,200,1.000,0.000,0.000,1.000,0.0,0.00,0.000,—,1.800
trio-double-tank,50,1,solo,300,200,1.000,0.000,0.000,1.000,0.0,0.00,0.000,—,1.800
trio-double-tank,50,1,pack,180,200,1.000,0.000,0.000,1.000,0.0,0.00,0.000,—,1.800
trio-double-tank,50,1,pack,300,200,1.000,0.000,0.000,1.000,0.0,0.00,0.000,—,1.800
trio-double-tank,50,1,boss,180,200,1.000,0.000,0.000,0.992,6.0,0.00,0.008,1.000,1.795
trio-double-tank,50,1,boss,300,200,1.000,0.000,0.000,0.992,6.0,0.00,0.008,1.000,1.795
trio-double-tank,50,2,solo,180,200,1.000,0.000,0.000,1.000,0.0,0.00,0.000,—,1.800
trio-double-tank,50,2,solo,300,200,1.000,0.000,0.000,1.000,0.0,0.00,0.000,—,1.800
trio-double-tank,50,2,pack,180,200,1.000,0.000,0.000,1.000,0.0,0.00,0.000,—,1.800
trio-double-tank,50,2,pack,300,200,1.000,0.000,0.000,1.000,0.0,0.00,0.000,—,1.800
trio-double-tank,50,2,boss,180,200,1.000,0.000,0.000,1.000,6.0,0.00,0.000,1.000,1.800
trio-double-tank,50,2,boss,300,200,1.000,0.000,0.000,1.000,6.0,0.00,0.000,1.000,1.800
trio-double-tank,50,3,solo,180,200,1.000,0.000,0.000,1.000,0.0,0.00,0.000,—,1.800
trio-double-tank,50,3,solo,300,200,1.000,0.000,0.000,1.000,0.0,0.00,0.000,—,1.800
trio-double-tank,50,3,pack,180,200,1.000,0.000,0.000,0.996,6.0,0.00,0.004,1.000,1.798
trio-double-tank,50,3,pack,300,200,1.000,0.000,0.000,0.996,6.0,0.00,0.004,1.000,1.797
trio-double-tank,50,3,boss,180,200,1.000,0.000,0.000,0.983,12.0,0.00,0.017,1.000,1.790
trio-double-tank,50,3,boss,300,200,1.000,0.000,0.000,0.983,12.0,0.00,0.017,1.000,1.790
trio-double-tank,50,4,solo,180,200,1.000,0.000,0.000,1.000,0.0,0.00,0.000,—,1.800
trio-double-tank,50,4,solo,300,200,1.000,0.000,0.000,1.000,0.0,0.00,0.000,—,1.800
trio-double-tank,50,4,pack,180,200,1.000,0.000,0.000,0.988,6.0,0.00,0.012,1.000,1.793
trio-double-tank,50,4,pack,300,200,1.000,0.000,0.000,0.988,6.0,0.00,0.012,1.000,1.793
trio-double-tank,50,4,boss,180,200,1.000,0.000,0.000,0.986,18.0,0.00,0.014,1.000,1.792
trio-double-tank,50,4,boss,300,200,1.000,0.000,0.000,0.986,18.0,0.00,0.014,1.000,1.791
trio-double-tank,50,5,solo,180,200,1.000,0.000,0.000,1.000,0.0,0.00,0.000,—,1.800
trio-double-tank,50,5,solo,300,200,1.000,0.000,0.000,1.000,0.0,0.00,0.000,—,1.800
trio-double-tank,50,5,pack,180,200,1.000,0.000,0.000,0.973,12.0,0.00,0.027,1.000,1.784
trio-double-tank,50,5,pack,300,200,1.000,0.000,0.000,0.974,12.0,0.00,0.026,1.000,1.784
trio-double-tank,50,5,boss,180,200,1.000,0.000,0.000,0.943,20.4,0.00,0.057,1.000,1.766
trio-double-tank,50,5,boss,300,200,1.000,0.000,0.000,0.942,20.4,0.00,0.058,1.000,1.765
trio-double-tank,50,6,solo,180,200,1.000,0.000,0.000,0.970,4.1,0.00,0.030,1.000,1.782
trio-double-tank,50,6,solo,300,200,1.000,0.000,0.000,0.970,4.1,0.00,0.030,1.000,1.782
trio-double-tank,50,6,pack,180,200,1.000,0.000,0.000,0.984,22.6,0.00,0.016,1.000,1.790
trio-double-tank,50,6,pack,300,200,1.000,0.000,0.000,0.984,22.6,0.00,0.016,1.000,1.791
trio-double-tank,50,6,boss,180,200,1.000,0.000,0.000,0.991,45.1,0.00,0.009,1.000,1.795
trio-double-tank,50,6,boss,300,200,1.000,0.000,0.000,0.991,45.1,0.00,0.009,1.000,1.794
trio-double-tank,50,7,solo,180,200,1.000,0.000,0.000,0.958,6.0,0.00,0.042,1.000,1.775
trio-double-tank,50,7,solo,300,200,1.000,0.000,0.000,0.958,6.0,0.00,0.042,1.000,1.775
trio-double-tank,50,7,pack,180,200,1.000,0.000,0.000,0.986,45.0,0.00,0.014,1.000,1.792
trio-double-tank,50,7,pack,300,200,1.000,0.000,0.000,0.987,44.8,0.00,0.013,1.000,1.792
trio-double-tank,50,7,boss,180,200,1.000,0.000,0.000,0.996,82.0,0.00,0.004,1.000,1.798
trio-double-tank,50,7,boss,300,200,1.000,0.000,0.000,0.996,82.0,0.00,0.004,1.000,1.798
trio-double-tank,50,8,solo,180,200,1.000,0.000,0.000,0.901,12.0,0.00,0.099,1.000,1.741
trio-double-tank,50,8,solo,300,200,1.000,0.000,0.000,0.899,12.0,0.00,0.101,1.000,1.740
trio-double-tank,50,8,pack,180,200,1.000,0.000,0.000,0.997,71.7,0.00,0.003,1.000,1.798
trio-double-tank,50,8,pack,300,200,1.000,0.000,0.000,0.997,71.6,0.00,0.003,1.000,1.798
trio-double-tank,50,8,boss,180,200,1.000,0.000,0.000,0.990,138.1,0.00,0.010,1.000,1.794
trio-double-tank,50,8,boss,300,200,1.000,0.000,0.000,0.991,138.6,0.00,0.009,1.000,1.795
trio-utility,1,1,solo,180,200,1.000,0.000,0.000,0.919,4.8,0.00,0.081,—,1.466
trio-utility,1,1,solo,300,200,1.000,0.000,0.000,0.919,4.8,0.00,0.081,—,1.466
trio-utility,1,1,pack,180,200,1.000,0.000,0.000,0.225,34.8,1.00,0.775,—,1.117
trio-utility,1,1,pack,300,200,1.000,0.000,0.000,0.222,34.9,1.00,0.778,—,1.116
trio-utility,1,1,boss,180,200,0.000,0.000,1.000,—,—,3.00,1.000,—,0.000
trio-utility,1,1,boss,300,200,0.000,0.000,1.000,—,—,3.00,1.000,—,0.000
trio-utility,1,2,solo,180,200,1.000,0.000,0.000,0.821,8.5,0.00,0.179,—,1.416
trio-utility,1,2,solo,300,200,1.000,0.000,0.000,0.821,8.5,0.00,0.179,—,1.416
trio-utility,1,2,pack,180,200,0.000,0.000,1.000,—,—,3.00,1.000,—,0.000
trio-utility,1,2,pack,300,200,0.000,0.000,1.000,—,—,3.00,1.000,—,0.000
trio-utility,1,2,boss,180,200,0.000,0.000,1.000,—,—,3.00,1.000,—,0.000
trio-utility,1,2,boss,300,200,0.000,0.000,1.000,—,—,3.00,1.000,—,0.000
trio-utility,1,3,solo,180,200,1.000,0.000,0.000,0.553,16.7,1.00,0.447,—,1.281
trio-utility,1,3,solo,300,200,1.000,0.000,0.000,0.549,16.8,1.00,0.451,—,1.279
trio-utility,1,3,pack,180,200,0.000,0.000,1.000,—,—,3.00,1.000,—,0.000
trio-utility,1,3,pack,300,200,0.000,0.000,1.000,—,—,3.00,1.000,—,0.000
trio-utility,1,3,boss,180,200,0.000,0.000,1.000,—,—,3.00,1.000,—,0.000
trio-utility,1,3,boss,300,200,0.000,0.000,1.000,—,—,3.00,1.000,—,0.000
trio-utility,1,4,solo,180,200,0.000,0.000,1.000,—,—,3.00,1.000,—,0.000
trio-utility,1,4,solo,300,200,0.000,0.000,1.000,—,—,3.00,1.000,—,0.000
trio-utility,1,4,pack,180,200,0.000,0.000,1.000,—,—,3.00,1.000,—,0.000
trio-utility,1,4,pack,300,200,0.000,0.000,1.000,—,—,3.00,1.000,—,0.000
trio-utility,1,4,boss,180,200,0.000,0.000,1.000,—,—,3.00,1.000,—,0.000
trio-utility,1,4,boss,300,200,0.000,0.000,1.000,—,—,3.00,1.000,—,0.000
trio-utility,1,5,solo,180,200,0.000,0.000,1.000,—,—,3.00,1.000,—,0.000
trio-utility,1,5,solo,300,200,0.000,0.000,1.000,—,—,3.00,1.000,—,0.000
trio-utility,1,5,pack,180,200,0.000,0.000,1.000,—,—,3.00,1.000,—,0.000
trio-utility,1,5,pack,300,200,0.000,0.000,1.000,—,—,3.00,1.000,—,0.000
trio-utility,1,5,boss,180,200,0.000,0.000,1.000,—,—,3.00,1.000,—,0.000
trio-utility,1,5,boss,300,200,0.000,0.000,1.000,—,—,3.00,1.000,—,0.000
trio-utility,1,6,solo,180,200,0.000,0.000,1.000,—,—,3.00,1.000,—,0.000
trio-utility,1,6,solo,300,200,0.000,0.000,1.000,—,—,3.00,1.000,—,0.000
trio-utility,1,6,pack,180,200,0.000,0.000,1.000,—,—,3.00,1.000,—,0.000
trio-utility,1,6,pack,300,200,0.000,0.000,1.000,—,—,3.00,1.000,—,0.000
trio-utility,1,6,boss,180,200,0.000,0.000,1.000,—,—,3.00,1.000,—,0.000
trio-utility,1,6,boss,300,200,0.000,0.000,1.000,—,—,3.00,1.000,—,0.000
trio-utility,1,7,solo,180,200,0.000,0.000,1.000,—,—,3.00,1.000,—,0.000
trio-utility,1,7,solo,300,200,0.000,0.000,1.000,—,—,3.00,1.000,—,0.000
trio-utility,1,7,pack,180,200,0.000,0.000,1.000,—,—,3.00,1.000,—,0.000
trio-utility,1,7,pack,300,200,0.000,0.000,1.000,—,—,3.00,1.000,—,0.000
trio-utility,1,7,boss,180,200,0.000,0.000,1.000,—,—,3.00,1.000,—,0.000
trio-utility,1,7,boss,300,200,0.000,0.000,1.000,—,—,3.00,1.000,—,0.000
trio-utility,1,8,solo,180,200,0.000,0.000,1.000,—,—,3.00,1.000,—,0.000
trio-utility,1,8,solo,300,200,0.000,0.000,1.000,—,—,3.00,1.000,—,0.000
trio-utility,1,8,pack,180,200,0.000,0.000,1.000,—,—,3.00,1.000,—,0.000
trio-utility,1,8,pack,300,200,0.000,0.000,1.000,—,—,3.00,1.000,—,0.000
trio-utility,1,8,boss,180,200,0.000,0.000,1.000,—,—,3.00,1.000,—,0.000
trio-utility,1,8,boss,300,200,0.000,0.000,1.000,—,—,3.00,1.000,—,0.000
trio-utility,5,1,solo,180,200,1.000,0.000,0.000,0.933,3.2,0.00,0.067,—,1.496
trio-utility,5,1,solo,300,200,1.000,0.000,0.000,0.933,3.2,0.00,0.067,—,1.496
trio-utility,5,1,pack,180,200,1.000,0.000,0.000,0.682,12.9,0.00,0.318,—,1.368
trio-utility,5,1,pack,300,200,1.000,0.000,0.000,0.682,12.9,0.00,0.318,—,1.368
trio-utility,5,1,boss,180,200,1.000,0.000,0.000,0.410,37.3,1.00,0.590,—,1.229
trio-utility,5,1,boss,300,200,1.000,0.000,0.000,0.413,37.1,1.00,0.587,—,1.231
trio-utility,5,2,solo,180,200,1.000,0.000,0.000,0.906,4.9,0.00,0.094,—,1.482
trio-utility,5,2,solo,300,200,1.000,0.000,0.000,0.906,4.9,0.00,0.094,—,1.482
trio-utility,5,2,pack,180,200,1.000,0.000,0.000,0.119,43.1,2.00,0.881,—,1.081
trio-utility,5,2,pack,300,200,1.000,0.000,0.000,0.118,43.1,2.00,0.882,—,1.080
trio-utility,5,2,boss,180,200,0.000,0.000,1.000,—,—,3.00,1.000,—,0.000
trio-utility,5,2,boss,300,200,0.000,0.000,1.000,—,—,3.00,1.000,—,0.000
trio-utility,5,3,solo,180,200,1.000,0.000,0.000,0.809,8.1,0.00,0.191,—,1.433
trio-utility,5,3,solo,300,200,1.000,0.000,0.000,0.809,8.1,0.00,0.191,—,1.433
trio-utility,5,3,pack,180,200,0.000,0.000,1.000,—,—,3.00,1.000,—,0.000
trio-utility,5,3,pack,300,200,0.000,0.000,1.000,—,—,3.00,1.000,—,0.000
trio-utility,5,3,boss,180,200,0.000,0.000,1.000,—,—,3.00,1.000,—,0.000
trio-utility,5,3,boss,300,200,0.000,0.000,1.000,—,—,3.00,1.000,—,0.000
trio-utility,5,4,solo,180,200,1.000,0.000,0.000,0.634,12.6,0.85,0.366,—,1.343
trio-utility,5,4,solo,300,200,1.000,0.000,0.000,0.634,12.6,0.84,0.366,—,1.343
trio-utility,5,4,pack,180,200,0.000,0.000,1.000,—,—,3.00,1.000,—,0.000
trio-utility,5,4,pack,300,200,0.000,0.000,1.000,—,—,3.00,1.000,—,0.000
trio-utility,5,4,boss,180,200,0.000,0.000,1.000,—,—,3.00,1.000,—,0.000
trio-utility,5,4,boss,300,200,0.000,0.000,1.000,—,—,3.00,1.000,—,0.000
trio-utility,5,5,solo,180,200,0.000,0.000,1.000,—,—,3.00,1.000,—,0.000
trio-utility,5,5,solo,300,200,0.000,0.000,1.000,—,—,3.00,1.000,—,0.000
trio-utility,5,5,pack,180,200,0.000,0.000,1.000,—,—,3.00,1.000,—,0.000
trio-utility,5,5,pack,300,200,0.000,0.000,1.000,—,—,3.00,1.000,—,0.000
trio-utility,5,5,boss,180,200,0.000,0.000,1.000,—,—,3.00,1.000,—,0.000
trio-utility,5,5,boss,300,200,0.000,0.000,1.000,—,—,3.00,1.000,—,0.000
trio-utility,5,6,solo,180,200,0.000,0.000,1.000,—,—,3.00,1.000,—,0.000
trio-utility,5,6,solo,300,200,0.000,0.000,1.000,—,—,3.00,1.000,—,0.000
trio-utility,5,6,pack,180,200,0.000,0.000,1.000,—,—,3.00,1.000,—,0.000
trio-utility,5,6,pack,300,200,0.000,0.000,1.000,—,—,3.00,1.000,—,0.000
trio-utility,5,6,boss,180,200,0.000,0.000,1.000,—,—,3.00,1.000,—,0.000
trio-utility,5,6,boss,300,200,0.000,0.000,1.000,—,—,3.00,1.000,—,0.000
trio-utility,5,7,solo,180,200,0.000,0.000,1.000,—,—,3.00,1.000,—,0.000
trio-utility,5,7,solo,300,200,0.000,0.000,1.000,—,—,3.00,1.000,—,0.000
trio-utility,5,7,pack,180,200,0.000,0.000,1.000,—,—,3.00,1.000,—,0.000
trio-utility,5,7,pack,300,200,0.000,0.000,1.000,—,—,3.00,1.000,—,0.000
trio-utility,5,7,boss,180,200,0.000,0.000,1.000,—,—,3.00,1.000,—,0.000
trio-utility,5,7,boss,300,200,0.000,0.000,1.000,—,—,3.00,1.000,—,0.000
trio-utility,5,8,solo,180,200,0.000,0.000,1.000,—,—,3.00,1.000,—,0.000
trio-utility,5,8,solo,300,200,0.000,0.000,1.000,—,—,3.00,1.000,—,0.000
trio-utility,5,8,pack,180,200,0.000,0.000,1.000,—,—,3.00,1.000,—,0.000
trio-utility,5,8,pack,300,200,0.000,0.000,1.000,—,—,3.00,1.000,—,0.000
trio-utility,5,8,boss,180,200,0.000,0.000,1.000,—,—,3.00,1.000,—,0.000
trio-utility,5,8,boss,300,200,0.000,0.000,1.000,—,—,3.00,1.000,—,0.000
trio-utility,10,1,solo,180,200,1.000,0.000,0.000,0.974,1.3,0.00,0.026,—,1.547
trio-utility,10,1,solo,300,200,1.000,0.000,0.000,0.974,1.3,0.00,0.026,—,1.547
trio-utility,10,1,pack,180,200,1.000,0.000,0.000,0.855,9.0,0.00,0.145,—,1.485
trio-utility,10,1,pack,300,200,1.000,0.000,0.000,0.855,9.0,0.00,0.145,—,1.485
trio-utility,10,1,boss,180,200,1.000,0.000,0.000,0.779,17.9,0.00,0.221,—,1.445
trio-utility,10,1,boss,300,200,1.000,0.000,0.000,0.779,17.9,0.00,0.221,—,1.445
trio-utility,10,2,solo,180,200,1.000,0.000,0.000,0.927,3.8,0.00,0.073,—,1.522
trio-utility,10,2,solo,300,200,1.000,0.000,0.000,0.927,3.8,0.00,0.073,—,1.522
trio-utility,10,2,pack,180,200,1.000,0.000,0.000,0.641,12.8,0.00,0.359,—,1.374
trio-utility,10,2,pack,300,200,1.000,0.000,0.000,0.642,12.8,0.00,0.358,—,1.374
trio-utility,10,2,boss,180,200,0.350,0.000,0.650,0.073,59.9,2.65,0.974,—,0.377
trio-utility,10,2,boss,300,200,0.350,0.000,0.650,0.073,59.9,2.65,0.974,—,0.377
trio-utility,10,3,solo,180,200,1.000,0.000,0.000,0.901,4.8,0.00,0.099,—,1.508
trio-utility,10,3,solo,300,200,1.000,0.000,0.000,0.901,4.8,0.00,0.099,—,1.508
trio-utility,10,3,pack,180,200,0.890,0.000,0.110,0.091,47.0,2.11,0.919,—,0.968
trio-utility,10,3,pack,300,200,0.835,0.000,0.165,0.092,46.8,2.17,0.923,—,0.908
trio-utility,10,3,boss,180,200,0.000,0.000,1.000,—,—,3.00,1.000,—,0.000
trio-utility,10,3,boss,300,200,0.000,0.000,1.000,—,—,3.00,1.000,—,0.000
trio-utility,10,4,solo,180,200,1.000,0.000,0.000,0.787,8.6,0.00,0.213,—,1.449
trio-utility,10,4,solo,300,200,1.000,0.000,0.000,0.787,8.6,0.00,0.213,—,1.449
trio-utility,10,4,pack,180,200,0.000,0.000,1.000,—,—,3.00,1.000,—,0.000
trio-utility,10,4,pack,300,200,0.000,0.000,1.000,—,—,3.00,1.000,—,0.000
trio-utility,10,4,boss,180,200,0.000,0.000,1.000,—,—,3.00,1.000,—,0.000
trio-utility,10,4,boss,300,200,0.000,0.000,1.000,—,—,3.00,1.000,—,0.000
trio-utility,10,5,solo,180,200,1.000,0.000,0.000,0.436,17.0,1.00,0.564,—,1.267
trio-utility,10,5,solo,300,200,1.000,0.000,0.000,0.437,17.0,1.00,0.563,—,1.267
trio-utility,10,5,pack,180,200,0.000,0.000,1.000,—,—,3.00,1.000,—,0.000
trio-utility,10,5,pack,300,200,0.000,0.000,1.000,—,—,3.00,1.000,—,0.000
trio-utility,10,5,boss,180,200,0.000,0.000,1.000,—,—,3.00,1.000,—,0.000
trio-utility,10,5,boss,300,200,0.000,0.000,1.000,—,—,3.00,1.000,—,0.000
trio-utility,10,6,solo,180,200,0.000,0.000,1.000,—,—,3.00,1.000,—,0.000
trio-utility,10,6,solo,300,200,0.000,0.000,1.000,—,—,3.00,1.000,—,0.000
trio-utility,10,6,pack,180,200,0.000,0.000,1.000,—,—,3.00,1.000,—,0.000
trio-utility,10,6,pack,300,200,0.000,0.000,1.000,—,—,3.00,1.000,—,0.000
trio-utility,10,6,boss,180,200,0.000,0.000,1.000,—,—,3.00,1.000,—,0.000
trio-utility,10,6,boss,300,200,0.000,0.000,1.000,—,—,3.00,1.000,—,0.000
trio-utility,10,7,solo,180,200,0.000,0.000,1.000,—,—,3.00,1.000,—,0.000
trio-utility,10,7,solo,300,200,0.000,0.000,1.000,—,—,3.00,1.000,—,0.000
trio-utility,10,7,pack,180,200,0.000,0.000,1.000,—,—,3.00,1.000,—,0.000
trio-utility,10,7,pack,300,200,0.000,0.000,1.000,—,—,3.00,1.000,—,0.000
trio-utility,10,7,boss,180,200,0.000,0.000,1.000,—,—,3.00,1.000,—,0.000
trio-utility,10,7,boss,300,200,0.000,0.000,1.000,—,—,3.00,1.000,—,0.000
trio-utility,10,8,solo,180,200,0.000,0.000,1.000,—,—,3.00,1.000,—,0.000
trio-utility,10,8,solo,300,200,0.000,0.000,1.000,—,—,3.00,1.000,—,0.000
trio-utility,10,8,pack,180,200,0.000,0.000,1.000,—,—,3.00,1.000,—,0.000
trio-utility,10,8,pack,300,200,0.000,0.000,1.000,—,—,3.00,1.000,—,0.000
trio-utility,10,8,boss,180,200,0.000,0.000,1.000,—,—,3.00,1.000,—,0.000
trio-utility,10,8,boss,300,200,0.000,0.000,1.000,—,—,3.00,1.000,—,0.000
trio-utility,20,1,solo,180,200,1.000,0.000,0.000,1.000,0.0,0.00,0.000,—,1.620
trio-utility,20,1,solo,300,200,1.000,0.000,0.000,1.000,0.0,0.00,0.000,—,1.620
trio-utility,20,1,pack,180,200,1.000,0.000,0.000,0.934,4.6,0.00,0.066,—,1.584
trio-utility,20,1,pack,300,200,1.000,0.000,0.000,0.934,4.6,0.00,0.066,—,1.584
trio-utility,20,1,boss,180,200,1.000,0.000,0.000,0.927,8.6,0.00,0.073,—,1.581
trio-utility,20,1,boss,300,200,1.000,0.000,0.000,0.927,8.6,0.00,0.073,—,1.581
trio-utility,20,2,solo,180,200,1.000,0.000,0.000,0.980,0.9,0.00,0.020,—,1.609
trio-utility,20,2,solo,300,200,1.000,0.000,0.000,0.979,0.9,0.00,0.021,—,1.609
trio-utility,20,2,pack,180,200,1.000,0.000,0.000,0.859,6.9,0.00,0.141,—,1.544
trio-utility,20,2,pack,300,200,1.000,0.000,0.000,0.859,7.0,0.00,0.141,—,1.544
trio-utility,20,2,boss,180,200,1.000,0.000,0.000,0.807,13.4,0.00,0.193,—,1.516
trio-utility,20,2,boss,300,200,1.000,0.000,0.000,0.807,13.4,0.00,0.193,—,1.516
trio-utility,20,3,solo,180,200,1.000,0.000,0.000,0.967,2.1,0.00,0.033,—,1.602
trio-utility,20,3,solo,300,200,1.000,0.000,0.000,0.967,2.1,0.00,0.033,—,1.602
trio-utility,20,3,pack,180,200,1.000,0.000,0.000,0.757,9.1,0.00,0.243,—,1.489
trio-utility,20,3,pack,300,200,1.000,0.000,0.000,0.757,9.1,0.00,0.243,—,1.489
trio-utility,20,3,boss,180,200,1.000,0.000,0.000,0.613,22.7,1.00,0.387,—,1.411
trio-utility,20,3,boss,300,200,1.000,0.000,0.000,0.613,22.7,1.00,0.387,—,1.411
trio-utility,20,4,solo,180,200,1.000,0.000,0.000,0.901,4.1,0.00,0.099,—,1.567
trio-utility,20,4,solo,300,200,1.000,0.000,0.000,0.901,4.1,0.00,0.099,—,1.567
trio-utility,20,4,pack,180,200,1.000,0.000,0.000,0.438,22.8,1.00,0.562,—,1.317
trio-utility,20,4,pack,300,200,1.000,0.000,0.000,0.439,22.8,1.00,0.561,—,1.317
trio-utility,20,4,boss,180,200,0.000,0.000,1.000,—,—,3.00,1.000,—,0.000
trio-utility,20,4,boss,300,200,0.000,0.000,1.000,—,—,3.00,1.000,—,0.000
trio-utility,20,5,solo,180,200,1.000,0.000,0.000,0.854,5.0,0.00,0.146,—,1.541
trio-utility,20,5,solo,300,200,1.000,0.000,0.000,0.853,5.0,0.00,0.147,—,1.541
trio-utility,20,5,pack,180,200,0.000,0.000,1.000,—,—,3.00,1.000,—,0.000
trio-utility,20,5,pack,300,200,0.000,0.000,1.000,—,—,3.00,1.000,—,0.000
trio-utility,20,5,boss,180,200,0.000,0.000,1.000,—,—,3.00,1.000,—,0.000
trio-utility,20,5,boss,300,200,0.000,0.000,1.000,—,—,3.00,1.000,—,0.000
trio-utility,20,6,solo,180,200,1.000,0.000,0.000,0.569,13.0,0.90,0.431,—,1.387
trio-utility,20,6,solo,300,200,1.000,0.000,0.000,0.570,12.9,0.89,0.430,—,1.388
trio-utility,20,6,pack,180,200,0.000,0.000,1.000,—,—,3.00,1.000,—,0.000
trio-utility,20,6,pack,300,200,0.000,0.000,1.000,—,—,3.00,1.000,—,0.000
trio-utility,20,6,boss,180,200,0.000,0.000,1.000,—,—,3.00,1.000,—,0.000
trio-utility,20,6,boss,300,200,0.000,0.000,1.000,—,—,3.00,1.000,—,0.000
trio-utility,20,7,solo,180,200,0.000,0.000,1.000,—,—,3.00,1.000,—,0.000
trio-utility,20,7,solo,300,200,0.000,0.000,1.000,—,—,3.00,1.000,—,0.000
trio-utility,20,7,pack,180,200,0.000,0.000,1.000,—,—,3.00,1.000,—,0.000
trio-utility,20,7,pack,300,200,0.000,0.000,1.000,—,—,3.00,1.000,—,0.000
trio-utility,20,7,boss,180,200,0.000,0.000,1.000,—,—,3.00,1.000,—,0.000
trio-utility,20,7,boss,300,200,0.000,0.000,1.000,—,—,3.00,1.000,—,0.000
trio-utility,20,8,solo,180,200,0.000,0.000,1.000,—,—,3.00,1.000,—,0.000
trio-utility,20,8,solo,300,200,0.000,0.000,1.000,—,—,3.00,1.000,—,0.000
trio-utility,20,8,pack,180,200,0.000,0.000,1.000,—,—,3.00,1.000,—,0.000
trio-utility,20,8,pack,300,200,0.000,0.000,1.000,—,—,3.00,1.000,—,0.000
trio-utility,20,8,boss,180,200,0.000,0.000,1.000,—,—,3.00,1.000,—,0.000
trio-utility,20,8,boss,300,200,0.000,0.000,1.000,—,—,3.00,1.000,—,0.000
trio-utility,35,1,solo,180,200,1.000,0.000,0.000,1.000,0.0,0.00,0.000,—,1.710
trio-utility,35,1,solo,300,200,1.000,0.000,0.000,1.000,0.0,0.00,0.000,—,1.710
trio-utility,35,1,pack,180,200,1.000,0.000,0.000,0.982,2.5,0.00,0.018,—,1.700
trio-utility,35,1,pack,300,200,1.000,0.000,0.000,0.982,2.5,0.00,0.018,—,1.699
trio-utility,35,1,boss,180,200,1.000,0.000,0.000,0.968,4.4,0.00,0.032,—,1.692
trio-utility,35,1,boss,300,200,1.000,0.000,0.000,0.968,4.4,0.00,0.032,—,1.692
trio-utility,35,2,solo,180,200,1.000,0.000,0.000,1.000,0.0,0.00,0.000,—,1.710
trio-utility,35,2,solo,300,200,1.000,0.000,0.000,1.000,0.0,0.00,0.000,—,1.710
trio-utility,35,2,pack,180,200,1.000,0.000,0.000,0.955,4.3,0.00,0.045,—,1.685
trio-utility,35,2,pack,300,200,1.000,0.000,0.000,0.955,4.3,0.00,0.045,—,1.685
trio-utility,35,2,boss,180,200,1.000,0.000,0.000,0.928,6.9,0.00,0.072,—,1.669
trio-utility,35,2,boss,300,200,1.000,0.000,0.000,0.928,6.9,0.00,0.072,—,1.669
trio-utility,35,3,solo,180,200,1.000,0.000,0.000,1.000,0.0,0.00,0.000,—,1.710
trio-utility,35,3,solo,300,200,1.000,0.000,0.000,1.000,0.0,0.00,0.000,—,1.710
trio-utility,35,3,pack,180,200,1.000,0.000,0.000,0.935,4.3,0.00,0.065,—,1.673
trio-utility,35,3,pack,300,200,1.000,0.000,0.000,0.935,4.3,0.00,0.065,—,1.673
trio-utility,35,3,boss,180,200,1.000,0.000,0.000,0.852,11.5,0.00,0.148,—,1.625
trio-utility,35,3,boss,300,200,1.000,0.000,0.000,0.852,11.5,0.00,0.148,—,1.625
trio-utility,35,4,solo,180,200,1.000,0.000,0.000,0.965,1.6,0.00,0.035,—,1.690
trio-utility,35,4,solo,300,200,1.000,0.000,0.000,0.965,1.6,0.00,0.035,—,1.690
trio-utility,35,4,pack,180,200,1.000,0.000,0.000,0.783,8.4,0.00,0.217,—,1.586
trio-utility,35,4,pack,300,200,1.000,0.000,0.000,0.785,8.4,0.00,0.215,—,1.587
trio-utility,35,4,boss,180,200,1.000,0.000,0.000,0.626,19.4,0.81,0.374,—,1.497
trio-utility,35,4,boss,300,200,1.000,0.000,0.000,0.637,18.9,0.72,0.363,—,1.503
trio-utility,35,5,solo,180,200,1.000,0.000,0.000,0.951,2.7,0.00,0.049,—,1.682
trio-utility,35,5,solo,300,200,1.000,0.000,0.000,0.951,2.7,0.00,0.049,—,1.682
trio-utility,35,5,pack,180,200,1.000,0.000,0.000,0.576,18.8,0.77,0.424,—,1.468
trio-utility,35,5,pack,300,200,1.000,0.000,0.000,0.567,19.2,0.81,0.433,—,1.463
trio-utility,35,5,boss,180,200,0.230,0.000,0.770,0.200,55.5,2.69,0.954,—,0.288
trio-utility,35,5,boss,300,200,0.200,0.000,0.800,0.200,55.0,2.73,0.960,—,0.251
trio-utility,35,6,solo,180,200,1.000,0.000,0.000,0.857,4.3,0.00,0.143,—,1.628
trio-utility,35,6,solo,300,200,1.000,0.000,0.000,0.855,4.3,0.00,0.145,—,1.628
trio-utility,35,6,pack,180,200,0.000,0.000,1.000,—,—,3.00,1.000,—,0.000
trio-utility,35,6,pack,300,200,0.000,0.000,1.000,—,—,3.00,1.000,—,0.000
trio-utility,35,6,boss,180,200,0.000,0.000,1.000,—,—,3.00,1.000,—,0.000
trio-utility,35,6,boss,300,200,0.000,0.000,1.000,—,—,3.00,1.000,—,0.000
trio-utility,35,7,solo,180,200,1.000,0.000,0.000,0.711,8.2,0.84,0.289,—,1.545
trio-utility,35,7,solo,300,200,1.000,0.000,0.000,0.711,8.1,0.81,0.289,—,1.545
trio-utility,35,7,pack,180,200,0.000,0.000,1.000,—,—,3.00,1.000,—,0.000
trio-utility,35,7,pack,300,200,0.000,0.000,1.000,—,—,3.00,1.000,—,0.000
trio-utility,35,7,boss,180,200,0.000,0.000,1.000,—,—,3.00,1.000,—,0.000
trio-utility,35,7,boss,300,200,0.000,0.000,1.000,—,—,3.00,1.000,—,0.000
trio-utility,35,8,solo,180,200,1.000,0.000,0.000,0.397,17.5,1.27,0.603,—,1.366
trio-utility,35,8,solo,300,200,1.000,0.000,0.000,0.384,17.8,1.32,0.616,—,1.359
trio-utility,35,8,pack,180,200,0.000,0.000,1.000,—,—,3.00,1.000,—,0.000
trio-utility,35,8,pack,300,200,0.000,0.000,1.000,—,—,3.00,1.000,—,0.000
trio-utility,35,8,boss,180,200,0.000,0.000,1.000,—,—,3.00,1.000,—,0.000
trio-utility,35,8,boss,300,200,0.000,0.000,1.000,—,—,3.00,1.000,—,0.000
trio-utility,50,1,solo,180,200,1.000,0.000,0.000,1.000,0.0,0.00,0.000,—,1.800
trio-utility,50,1,solo,300,200,1.000,0.000,0.000,1.000,0.0,0.00,0.000,—,1.800
trio-utility,50,1,pack,180,200,1.000,0.000,0.000,0.988,2.3,0.00,0.012,—,1.793
trio-utility,50,1,pack,300,200,1.000,0.000,0.000,0.988,2.3,0.00,0.012,—,1.793
trio-utility,50,1,boss,180,200,1.000,0.000,0.000,0.976,3.8,0.00,0.024,—,1.785
trio-utility,50,1,boss,300,200,1.000,0.000,0.000,0.976,3.8,0.00,0.024,—,1.785
trio-utility,50,2,solo,180,200,1.000,0.000,0.000,1.000,0.0,0.00,0.000,—,1.800
trio-utility,50,2,solo,300,200,1.000,0.000,0.000,1.000,0.0,0.00,0.000,—,1.800
trio-utility,50,2,pack,180,200,1.000,0.000,0.000,0.980,2.6,0.00,0.020,—,1.788
trio-utility,50,2,pack,300,200,1.000,0.000,0.000,0.980,2.6,0.00,0.020,—,1.788
trio-utility,50,2,boss,180,200,1.000,0.000,0.000,0.967,4.3,0.00,0.033,—,1.780
trio-utility,50,2,boss,300,200,1.000,0.000,0.000,0.967,4.3,0.00,0.033,—,1.780
trio-utility,50,3,solo,180,200,1.000,0.000,0.000,1.000,0.0,0.00,0.000,—,1.800
trio-utility,50,3,solo,300,200,1.000,0.000,0.000,1.000,0.0,0.00,0.000,—,1.800
trio-utility,50,3,pack,180,200,1.000,0.000,0.000,0.943,4.2,0.00,0.057,—,1.766
trio-utility,50,3,pack,300,200,1.000,0.000,0.000,0.942,4.2,0.00,0.058,—,1.765
trio-utility,50,3,boss,180,200,1.000,0.000,0.000,0.914,7.3,0.00,0.086,—,1.749
trio-utility,50,3,boss,300,200,1.000,0.000,0.000,0.915,7.3,0.00,0.085,—,1.749
trio-utility,50,4,solo,180,200,1.000,0.000,0.000,0.979,0.6,0.00,0.021,—,1.787
trio-utility,50,4,solo,300,200,1.000,0.000,0.000,0.979,0.6,0.00,0.021,—,1.787
trio-utility,50,4,pack,180,200,1.000,0.000,0.000,0.875,4.7,0.00,0.125,—,1.725
trio-utility,50,4,pack,300,200,1.000,0.000,0.000,0.878,4.8,0.00,0.122,—,1.727
trio-utility,50,4,boss,180,200,1.000,0.000,0.000,0.825,10.4,0.00,0.175,—,1.695
trio-utility,50,4,boss,300,200,1.000,0.000,0.000,0.823,10.4,0.00,0.177,—,1.694
trio-utility,50,5,solo,180,200,1.000,0.000,0.000,0.964,1.4,0.00,0.036,—,1.779
trio-utility,50,5,solo,300,200,1.000,0.000,0.000,0.964,1.5,0.00,0.036,—,1.778
trio-utility,50,5,pack,180,200,1.000,0.000,0.000,0.773,7.8,0.00,0.227,—,1.664
trio-utility,50,5,pack,300,200,1.000,0.000,0.000,0.773,7.8,0.00,0.227,—,1.664
trio-utility,50,5,boss,180,200,1.000,0.000,0.000,0.679,16.9,0.77,0.321,—,1.607
trio-utility,50,5,boss,300,200,1.000,0.000,0.000,0.678,17.1,0.77,0.322,—,1.607
trio-utility,50,6,solo,180,200,1.000,0.000,0.000,0.906,3.2,0.00,0.094,—,1.744
trio-utility,50,6,solo,300,200,1.000,0.000,0.000,0.905,3.2,0.00,0.095,—,1.743
trio-utility,50,6,pack,180,200,1.000,0.000,0.000,0.473,24.9,0.83,0.527,—,1.484
trio-utility,50,6,pack,300,200,1.000,0.000,0.000,0.475,24.4,0.82,0.525,—,1.485
trio-utility,50,6,boss,180,200,0.575,0.000,0.425,0.210,56.6,2.17,0.879,—,0.762
trio-utility,50,6,boss,300,200,0.665,0.000,0.335,0.207,57.0,2.04,0.862,—,0.881
trio-utility,50,7,solo,180,200,1.000,0.000,0.000,0.851,4.2,0.00,0.149,—,1.711
trio-utility,50,7,solo,300,200,1.000,0.000,0.000,0.851,4.2,0.00,0.149,—,1.711
trio-utility,50,7,pack,180,200,0.025,0.000,0.975,0.073,36.6,2.96,0.998,—,0.031
trio-utility,50,7,pack,300,200,0.005,0.000,0.995,0.069,36.1,2.99,1.000,—,0.006
trio-utility,50,7,boss,180,200,0.000,0.000,1.000,—,—,3.00,1.000,—,0.000
trio-utility,50,7,boss,300,200,0.000,0.000,1.000,—,—,3.00,1.000,—,0.000
trio-utility,50,8,solo,180,200,1.000,0.000,0.000,0.755,7.0,0.50,0.245,—,1.653
trio-utility,50,8,solo,300,200,1.000,0.000,0.000,0.753,7.0,0.51,0.247,—,1.652
trio-utility,50,8,pack,180,200,0.000,0.000,1.000,—,—,3.00,1.000,—,0.000
trio-utility,50,8,pack,300,200,0.000,0.000,1.000,—,—,3.00,1.000,—,0.000
trio-utility,50,8,boss,180,200,0.000,0.000,1.000,—,—,3.00,1.000,—,0.000
trio-utility,50,8,boss,300,200,0.000,0.000,1.000,—,—,3.00,1.000,—,0.000
trio-gatherers,1,1,solo,180,200,1.000,0.000,0.000,0.935,6.0,0.00,0.065,—,1.473
trio-gatherers,1,1,solo,300,200,1.000,0.000,0.000,0.934,6.0,0.00,0.066,—,1.473
trio-gatherers,1,1,pack,180,200,1.000,0.000,0.000,0.472,22.5,0.00,0.528,—,1.241
trio-gatherers,1,1,pack,300,200,1.000,0.000,0.000,0.472,22.5,0.00,0.528,—,1.241
trio-gatherers,1,1,boss,180,200,0.155,0.000,0.845,0.083,58.7,2.84,0.987,—,0.162
trio-gatherers,1,1,boss,300,200,0.180,0.000,0.820,0.075,59.1,2.82,0.987,—,0.187
trio-gatherers,1,2,solo,180,200,1.000,0.000,0.000,0.844,7.5,0.00,0.156,—,1.428
trio-gatherers,1,2,solo,300,200,1.000,0.000,0.000,0.845,7.5,0.00,0.155,—,1.428
trio-gatherers,1,2,pack,180,200,0.000,0.000,1.000,—,—,3.00,1.000,—,0.000
trio-gatherers,1,2,pack,300,200,0.000,0.000,1.000,—,—,3.00,1.000,—,0.000
trio-gatherers,1,2,boss,180,200,0.000,0.000,1.000,—,—,3.00,1.000,—,0.000
trio-gatherers,1,2,boss,300,200,0.000,0.000,1.000,—,—,3.00,1.000,—,0.000
trio-gatherers,1,3,solo,180,200,1.000,0.000,0.000,0.641,13.3,0.00,0.359,—,1.326
trio-gatherers,1,3,solo,300,200,1.000,0.000,0.000,0.642,13.3,0.00,0.358,—,1.326
trio-gatherers,1,3,pack,180,200,0.000,0.000,1.000,—,—,3.00,1.000,—,0.000
trio-gatherers,1,3,pack,300,200,0.000,0.000,1.000,—,—,3.00,1.000,—,0.000
trio-gatherers,1,3,boss,180,200,0.000,0.000,1.000,—,—,3.00,1.000,—,0.000
trio-gatherers,1,3,boss,300,200,0.000,0.000,1.000,—,—,3.00,1.000,—,0.000
trio-gatherers,1,4,solo,180,200,1.000,0.000,0.000,0.199,25.7,1.98,0.801,—,1.104
trio-gatherers,1,4,solo,300,200,1.000,0.000,0.000,0.184,26.0,1.99,0.816,—,1.096
trio-gatherers,1,4,pack,180,200,0.000,0.000,1.000,—,—,3.00,1.000,—,0.000
trio-gatherers,1,4,pack,300,200,0.000,0.000,1.000,—,—,3.00,1.000,—,0.000
trio-gatherers,1,4,boss,180,200,0.000,0.000,1.000,—,—,3.00,1.000,—,0.000
trio-gatherers,1,4,boss,300,200,0.000,0.000,1.000,—,—,3.00,1.000,—,0.000
trio-gatherers,1,5,solo,180,200,0.000,0.000,1.000,—,—,3.00,1.000,—,0.000
trio-gatherers,1,5,solo,300,200,0.000,0.000,1.000,—,—,3.00,1.000,—,0.000
trio-gatherers,1,5,pack,180,200,0.000,0.000,1.000,—,—,3.00,1.000,—,0.000
trio-gatherers,1,5,pack,300,200,0.000,0.000,1.000,—,—,3.00,1.000,—,0.000
trio-gatherers,1,5,boss,180,200,0.000,0.000,1.000,—,—,3.00,1.000,—,0.000
trio-gatherers,1,5,boss,300,200,0.000,0.000,1.000,—,—,3.00,1.000,—,0.000
trio-gatherers,1,6,solo,180,200,0.000,0.000,1.000,—,—,3.00,1.000,—,0.000
trio-gatherers,1,6,solo,300,200,0.000,0.000,1.000,—,—,3.00,1.000,—,0.000
trio-gatherers,1,6,pack,180,200,0.000,0.000,1.000,—,—,3.00,1.000,—,0.000
trio-gatherers,1,6,pack,300,200,0.000,0.000,1.000,—,—,3.00,1.000,—,0.000
trio-gatherers,1,6,boss,180,200,0.000,0.000,1.000,—,—,3.00,1.000,—,0.000
trio-gatherers,1,6,boss,300,200,0.000,0.000,1.000,—,—,3.00,1.000,—,0.000
trio-gatherers,1,7,solo,180,200,0.000,0.000,1.000,—,—,3.00,1.000,—,0.000
trio-gatherers,1,7,solo,300,200,0.000,0.000,1.000,—,—,3.00,1.000,—,0.000
trio-gatherers,1,7,pack,180,200,0.000,0.000,1.000,—,—,3.00,1.000,—,0.000
trio-gatherers,1,7,pack,300,200,0.000,0.000,1.000,—,—,3.00,1.000,—,0.000
trio-gatherers,1,7,boss,180,200,0.000,0.000,1.000,—,—,3.00,1.000,—,0.000
trio-gatherers,1,7,boss,300,200,0.000,0.000,1.000,—,—,3.00,1.000,—,0.000
trio-gatherers,1,8,solo,180,200,0.000,0.000,1.000,—,—,3.00,1.000,—,0.000
trio-gatherers,1,8,solo,300,200,0.000,0.000,1.000,—,—,3.00,1.000,—,0.000
trio-gatherers,1,8,pack,180,200,0.000,0.000,1.000,—,—,3.00,1.000,—,0.000
trio-gatherers,1,8,pack,300,200,0.000,0.000,1.000,—,—,3.00,1.000,—,0.000
trio-gatherers,1,8,boss,180,200,0.000,0.000,1.000,—,—,3.00,1.000,—,0.000
trio-gatherers,1,8,boss,300,200,0.000,0.000,1.000,—,—,3.00,1.000,—,0.000
trio-gatherers,5,1,solo,180,200,1.000,0.000,0.000,0.973,2.4,0.00,0.027,—,1.516
trio-gatherers,5,1,solo,300,200,1.000,0.000,0.000,0.973,2.4,0.00,0.027,—,1.516
trio-gatherers,5,1,pack,180,200,1.000,0.000,0.000,0.802,10.1,0.00,0.198,—,1.429
trio-gatherers,5,1,pack,300,200,1.000,0.000,0.000,0.801,10.1,0.00,0.199,—,1.429
trio-gatherers,5,1,boss,180,200,1.000,0.000,0.000,0.680,23.7,0.98,0.320,—,1.367
trio-gatherers,5,1,boss,300,200,1.000,0.000,0.000,0.679,23.8,0.97,0.321,—,1.366
trio-gatherers,5,2,solo,180,200,1.000,0.000,0.000,0.921,4.7,0.00,0.079,—,1.490
trio-gatherers,5,2,solo,300,200,1.000,0.000,0.000,0.921,4.7,0.00,0.079,—,1.490
trio-gatherers,5,2,pack,180,200,1.000,0.000,0.000,0.403,24.0,1.00,0.597,—,1.225
trio-gatherers,5,2,pack,300,200,1.000,0.000,0.000,0.402,24.0,1.00,0.598,—,1.225
trio-gatherers,5,2,boss,180,200,0.000,0.000,1.000,—,—,3.00,1.000,—,0.000
trio-gatherers,5,2,boss,300,200,0.005,0.000,0.995,0.088,54.0,3.00,1.000,—,0.005
trio-gatherers,5,3,solo,180,200,1.000,0.000,0.000,0.884,6.0,0.00,0.116,—,1.471
trio-gatherers,5,3,solo,300,200,1.000,0.000,0.000,0.884,6.0,0.00,0.116,—,1.471
trio-gatherers,5,3,pack,180,200,0.000,0.000,1.000,—,—,3.00,1.000,—,0.000
trio-gatherers,5,3,pack,300,200,0.000,0.000,1.000,—,—,3.00,1.000,—,0.000
trio-gatherers,5,3,boss,180,200,0.000,0.000,1.000,—,—,3.00,1.000,—,0.000
trio-gatherers,5,3,boss,300,200,0.000,0.000,1.000,—,—,3.00,1.000,—,0.000
trio-gatherers,5,4,solo,180,200,1.000,0.000,0.000,0.718,11.7,0.90,0.282,—,1.386
trio-gatherers,5,4,solo,300,200,1.000,0.000,0.000,0.718,11.8,0.91,0.282,—,1.386
trio-gatherers,5,4,pack,180,200,0.000,0.000,1.000,—,—,3.00,1.000,—,0.000
trio-gatherers,5,4,pack,300,200,0.000,0.000,1.000,—,—,3.00,1.000,—,0.000
trio-gatherers,5,4,boss,180,200,0.000,0.000,1.000,—,—,3.00,1.000,—,0.000
trio-gatherers,5,4,boss,300,200,0.000,0.000,1.000,—,—,3.00,1.000,—,0.000
trio-gatherers,5,5,solo,180,200,0.080,0.000,0.920,0.390,20.1,2.84,0.969,—,0.097
trio-gatherers,5,5,solo,300,200,0.115,0.000,0.885,0.402,19.8,2.77,0.954,—,0.141
trio-gatherers,5,5,pack,180,200,0.000,0.000,1.000,—,—,3.00,1.000,—,0.000
trio-gatherers,5,5,pack,300,200,0.000,0.000,1.000,—,—,3.00,1.000,—,0.000
trio-gatherers,5,5,boss,180,200,0.000,0.000,1.000,—,—,3.00,1.000,—,0.000
trio-gatherers,5,5,boss,300,200,0.000,0.000,1.000,—,—,3.00,1.000,—,0.000
trio-gatherers,5,6,solo,180,200,0.000,0.000,1.000,—,—,3.00,1.000,—,0.000
trio-gatherers,5,6,solo,300,200,0.000,0.000,1.000,—,—,3.00,1.000,—,0.000
trio-gatherers,5,6,pack,180,200,0.000,0.000,1.000,—,—,3.00,1.000,—,0.000
trio-gatherers,5,6,pack,300,200,0.000,0.000,1.000,—,—,3.00,1.000,—,0.000
trio-gatherers,5,6,boss,180,200,0.000,0.000,1.000,—,—,3.00,1.000,—,0.000
trio-gatherers,5,6,boss,300,200,0.000,0.000,1.000,—,—,3.00,1.000,—,0.000
trio-gatherers,5,7,solo,180,200,0.000,0.000,1.000,—,—,3.00,1.000,—,0.000
trio-gatherers,5,7,solo,300,200,0.000,0.000,1.000,—,—,3.00,1.000,—,0.000
trio-gatherers,5,7,pack,180,200,0.000,0.000,1.000,—,—,3.00,1.000,—,0.000
trio-gatherers,5,7,pack,300,200,0.000,0.000,1.000,—,—,3.00,1.000,—,0.000
trio-gatherers,5,7,boss,180,200,0.000,0.000,1.000,—,—,3.00,1.000,—,0.000
trio-gatherers,5,7,boss,300,200,0.000,0.000,1.000,—,—,3.00,1.000,—,0.000
trio-gatherers,5,8,solo,180,200,0.000,0.000,1.000,—,—,3.00,1.000,—,0.000
trio-gatherers,5,8,solo,300,200,0.000,0.000,1.000,—,—,3.00,1.000,—,0.000
trio-gatherers,5,8,pack,180,200,0.000,0.000,1.000,—,—,3.00,1.000,—,0.000
trio-gatherers,5,8,pack,300,200,0.000,0.000,1.000,—,—,3.00,1.000,—,0.000
trio-gatherers,5,8,boss,180,200,0.000,0.000,1.000,—,—,3.00,1.000,—,0.000
trio-gatherers,5,8,boss,300,200,0.000,0.000,1.000,—,—,3.00,1.000,—,0.000
trio-gatherers,10,1,solo,180,200,1.000,0.000,0.000,1.000,0.0,0.00,0.000,—,1.560
trio-gatherers,10,1,solo,300,200,1.000,0.000,0.000,1.000,0.0,0.00,0.000,—,1.560
trio-gatherers,10,1,pack,180,200,1.000,0.000,0.000,0.912,5.7,0.00,0.088,—,1.514
trio-gatherers,10,1,pack,300,200,1.000,0.000,0.000,0.912,5.7,0.00,0.088,—,1.514
trio-gatherers,10,1,boss,180,200,1.000,0.000,0.000,0.822,12.9,0.00,0.178,—,1.467
trio-gatherers,10,1,boss,300,200,1.000,0.000,0.000,0.821,12.9,0.00,0.179,—,1.467
trio-gatherers,10,2,solo,180,200,1.000,0.000,0.000,0.969,1.8,0.00,0.031,—,1.544
trio-gatherers,10,2,solo,300,200,1.000,0.000,0.000,0.968,1.8,0.00,0.032,—,1.543
trio-gatherers,10,2,pack,180,200,1.000,0.000,0.000,0.808,7.7,0.00,0.192,—,1.460
trio-gatherers,10,2,pack,300,200,1.000,0.000,0.000,0.807,7.7,0.00,0.193,—,1.460
trio-gatherers,10,2,boss,180,200,1.000,0.000,0.000,0.718,17.9,0.86,0.282,—,1.414
trio-gatherers,10,2,boss,300,200,1.000,0.000,0.000,0.720,17.9,0.84,0.280,—,1.414
trio-gatherers,10,3,solo,180,200,1.000,0.000,0.000,0.909,3.7,0.00,0.091,—,1.513
trio-gatherers,10,3,solo,300,200,1.000,0.000,0.000,0.910,3.7,0.00,0.090,—,1.513
trio-gatherers,10,3,pack,180,200,1.000,0.000,0.000,0.399,23.1,1.84,0.601,—,1.247
trio-gatherers,10,3,pack,300,200,1.000,0.000,0.000,0.398,23.1,1.85,0.602,—,1.247
trio-gatherers,10,3,boss,180,200,0.010,0.000,0.990,0.083,48.0,2.99,0.999,—,0.011
trio-gatherers,10,3,boss,300,200,0.015,0.000,0.985,0.094,48.0,2.98,0.999,—,0.016
trio-gatherers,10,4,solo,180,200,1.000,0.000,0.000,0.876,5.5,0.00,0.124,—,1.495
trio-gatherers,10,4,solo,300,200,1.000,0.000,0.000,0.877,5.5,0.00,0.123,—,1.496
trio-gatherers,10,4,pack,180,200,0.000,0.000,1.000,—,—,3.00,1.000,—,0.000
trio-gatherers,10,4,pack,300,200,0.000,0.000,1.000,—,—,3.00,1.000,—,0.000
trio-gatherers,10,4,boss,180,200,0.000,0.000,1.000,—,—,3.00,1.000,—,0.000
trio-gatherers,10,4,boss,300,200,0.000,0.000,1.000,—,—,3.00,1.000,—,0.000
trio-gatherers,10,5,solo,180,200,1.000,0.000,0.000,0.733,7.7,0.00,0.267,—,1.421
trio-gatherers,10,5,solo,300,200,1.000,0.000,0.000,0.734,7.7,0.00,0.266,—,1.422
trio-gatherers,10,5,pack,180,200,0.000,0.000,1.000,—,—,3.00,1.000,—,0.000
trio-gatherers,10,5,pack,300,200,0.000,0.000,1.000,—,—,3.00,1.000,—,0.000
trio-gatherers,10,5,boss,180,200,0.000,0.000,1.000,—,—,3.00,1.000,—,0.000
trio-gatherers,10,5,boss,300,200,0.000,0.000,1.000,—,—,3.00,1.000,—,0.000
trio-gatherers,10,6,solo,180,200,0.065,0.000,0.935,0.331,21.2,2.89,0.978,—,0.079
trio-gatherers,10,6,solo,300,200,0.120,0.000,0.880,0.374,19.9,2.79,0.955,—,0.148
trio-gatherers,10,6,pack,180,200,0.000,0.000,1.000,—,—,3.00,1.000,—,0.000
trio-gatherers,10,6,pack,300,200,0.000,0.000,1.000,—,—,3.00,1.000,—,0.000
trio-gatherers,10,6,boss,180,200,0.000,0.000,1.000,—,—,3.00,1.000,—,0.000
trio-gatherers,10,6,boss,300,200,0.000,0.000,1.000,—,—,3.00,1.000,—,0.000
trio-gatherers,10,7,solo,180,200,0.000,0.000,1.000,—,—,3.00,1.000,—,0.000
trio-gatherers,10,7,solo,300,200,0.000,0.000,1.000,—,—,3.00,1.000,—,0.000
trio-gatherers,10,7,pack,180,200,0.000,0.000,1.000,—,—,3.00,1.000,—,0.000
trio-gatherers,10,7,pack,300,200,0.000,0.000,1.000,—,—,3.00,1.000,—,0.000
trio-gatherers,10,7,boss,180,200,0.000,0.000,1.000,—,—,3.00,1.000,—,0.000
trio-gatherers,10,7,boss,300,200,0.000,0.000,1.000,—,—,3.00,1.000,—,0.000
trio-gatherers,10,8,solo,180,200,0.000,0.000,1.000,—,—,3.00,1.000,—,0.000
trio-gatherers,10,8,solo,300,200,0.000,0.000,1.000,—,—,3.00,1.000,—,0.000
trio-gatherers,10,8,pack,180,200,0.000,0.000,1.000,—,—,3.00,1.000,—,0.000
trio-gatherers,10,8,pack,300,200,0.000,0.000,1.000,—,—,3.00,1.000,—,0.000
trio-gatherers,10,8,boss,180,200,0.000,0.000,1.000,—,—,3.00,1.000,—,0.000
trio-gatherers,10,8,boss,300,200,0.000,0.000,1.000,—,—,3.00,1.000,—,0.000
trio-gatherers,20,1,solo,180,200,1.000,0.000,0.000,1.000,0.0,0.00,0.000,—,1.620
trio-gatherers,20,1,solo,300,200,1.000,0.000,0.000,1.000,0.0,0.00,0.000,—,1.620
trio-gatherers,20,1,pack,180,200,1.000,0.000,0.000,0.970,2.8,0.00,0.030,—,1.604
trio-gatherers,20,1,pack,300,200,1.000,0.000,0.000,0.970,2.8,0.00,0.030,—,1.604
trio-gatherers,20,1,boss,180,200,1.000,0.000,0.000,0.956,5.6,0.00,0.044,—,1.596
trio-gatherers,20,1,boss,300,200,1.000,0.000,0.000,0.956,5.6,0.00,0.044,—,1.596
trio-gatherers,20,2,solo,180,200,1.000,0.000,0.000,1.000,0.0,0.00,0.000,—,1.620
trio-gatherers,20,2,solo,300,200,1.000,0.000,0.000,1.000,0.0,0.00,0.000,—,1.620
trio-gatherers,20,2,pack,180,200,1.000,0.000,0.000,0.934,4.3,0.00,0.066,—,1.584
trio-gatherers,20,2,pack,300,200,1.000,0.000,0.000,0.935,4.3,0.00,0.065,—,1.585
trio-gatherers,20,2,boss,180,200,1.000,0.000,0.000,0.905,8.5,0.00,0.095,—,1.569
trio-gatherers,20,2,boss,300,200,1.000,0.000,0.000,0.906,8.5,0.00,0.094,—,1.569
trio-gatherers,20,3,solo,180,200,1.000,0.000,0.000,0.968,1.4,0.00,0.032,—,1.603
trio-gatherers,20,3,solo,300,200,1.000,0.000,0.000,0.968,1.4,0.00,0.032,—,1.603
trio-gatherers,20,3,pack,180,200,1.000,0.000,0.000,0.842,6.0,0.00,0.158,—,1.535
trio-gatherers,20,3,pack,300,200,1.000,0.000,0.000,0.840,6.0,0.00,0.160,—,1.534
trio-gatherers,20,3,boss,180,200,1.000,0.000,0.000,0.796,12.0,0.00,0.204,—,1.510
trio-gatherers,20,3,boss,300,200,1.000,0.000,0.000,0.797,12.0,0.00,0.203,—,1.510
trio-gatherers,20,4,solo,180,200,1.000,0.000,0.000,0.956,1.4,0.00,0.044,—,1.596
trio-gatherers,20,4,solo,300,200,1.000,0.000,0.000,0.957,1.4,0.00,0.043,—,1.597
trio-gatherers,20,4,pack,180,200,1.000,0.000,0.000,0.736,8.5,0.00,0.264,—,1.478
trio-gatherers,20,4,pack,300,200,1.000,0.000,0.000,0.736,8.5,0.00,0.264,—,1.478
trio-gatherers,20,4,boss,180,200,1.000,0.000,0.000,0.291,34.0,1.84,0.709,—,1.237
trio-gatherers,20,4,boss,300,200,1.000,0.000,0.000,0.278,34.5,1.89,0.722,—,1.230
trio-gatherers,20,5,solo,180,200,1.000,0.000,0.000,0.876,4.2,0.00,0.124,—,1.553
trio-gatherers,20,5,solo,300,200,1.000,0.000,0.000,0.878,4.2,0.00,0.122,—,1.554
trio-gatherers,20,5,pack,180,200,0.005,0.000,0.995,0.409,20.1,2.99,0.998,—,0.007
trio-gatherers,20,5,pack,300,200,0.010,0.000,0.990,0.260,30.0,2.99,0.997,—,0.012
trio-gatherers,20,5,boss,180,200,0.000,0.000,1.000,—,—,3.00,1.000,—,0.000
trio-gatherers,20,5,boss,300,200,0.000,0.000,1.000,—,—,3.00,1.000,—,0.000
trio-gatherers,20,6,solo,180,200,1.000,0.000,0.000,0.826,5.8,0.00,0.174,—,1.526
trio-gatherers,20,6,solo,300,200,1.000,0.000,0.000,0.829,5.8,0.00,0.171,—,1.527
trio-gatherers,20,6,pack,180,200,0.000,0.000,1.000,—,—,3.00,1.000,—,0.000
trio-gatherers,20,6,pack,300,200,0.000,0.000,1.000,—,—,3.00,1.000,—,0.000
trio-gatherers,20,6,boss,180,200,0.000,0.000,1.000,—,—,3.00,1.000,—,0.000
trio-gatherers,20,6,boss,300,200,0.000,0.000,1.000,—,—,3.00,1.000,—,0.000
trio-gatherers,20,7,solo,180,200,1.000,0.000,0.000,0.604,11.8,0.99,0.396,—,1.406
trio-gatherers,20,7,solo,300,200,1.000,0.000,0.000,0.601,11.9,0.99,0.399,—,1.404
trio-gatherers,20,7,pack,180,200,0.000,0.000,1.000,—,—,3.00,1.000,—,0.000
trio-gatherers,20,7,pack,300,200,0.000,0.000,1.000,—,—,3.00,1.000,—,0.000
trio-gatherers,20,7,boss,180,200,0.000,0.000,1.000,—,—,3.00,1.000,—,0.000
trio-gatherers,20,7,boss,300,200,0.000,0.000,1.000,—,—,3.00,1.000,—,0.000
trio-gatherers,20,8,solo,180,200,0.000,0.000,1.000,—,—,3.00,1.000,—,0.000
trio-gatherers,20,8,solo,300,200,0.000,0.000,1.000,—,—,3.00,1.000,—,0.000
trio-gatherers,20,8,pack,180,200,0.000,0.000,1.000,—,—,3.00,1.000,—,0.000
trio-gatherers,20,8,pack,300,200,0.000,0.000,1.000,—,—,3.00,1.000,—,0.000
trio-gatherers,20,8,boss,180,200,0.000,0.000,1.000,—,—,3.00,1.000,—,0.000
trio-gatherers,20,8,boss,300,200,0.000,0.000,1.000,—,—,3.00,1.000,—,0.000
trio-gatherers,35,1,solo,180,200,1.000,0.000,0.000,1.000,0.0,0.00,0.000,—,1.710
trio-gatherers,35,1,solo,300,200,1.000,0.000,0.000,1.000,0.0,0.00,0.000,—,1.710
trio-gatherers,35,1,pack,180,200,1.000,0.000,0.000,0.979,2.3,0.00,0.021,—,1.698
trio-gatherers,35,1,pack,300,200,1.000,0.000,0.000,0.979,2.3,0.00,0.021,—,1.698
trio-gatherers,35,1,boss,180,200,1.000,0.000,0.000,0.968,3.5,0.00,0.032,—,1.692
trio-gatherers,35,1,boss,300,200,1.000,0.000,0.000,0.969,3.5,0.00,0.031,—,1.692
trio-gatherers,35,2,solo,180,200,1.000,0.000,0.000,1.000,0.0,0.00,0.000,—,1.710
trio-gatherers,35,2,solo,300,200,1.000,0.000,0.000,1.000,0.0,0.00,0.000,—,1.710
trio-gatherers,35,2,pack,180,200,1.000,0.000,0.000,0.970,2.3,0.00,0.030,—,1.693
trio-gatherers,35,2,pack,300,200,1.000,0.000,0.000,0.970,2.3,0.00,0.030,—,1.693
trio-gatherers,35,2,boss,180,200,1.000,0.000,0.000,0.957,4.7,0.00,0.043,—,1.685
trio-gatherers,35,2,boss,300,200,1.000,0.000,0.000,0.957,4.7,0.00,0.043,—,1.685
trio-gatherers,35,3,solo,180,200,1.000,0.000,0.000,1.000,0.0,0.00,0.000,—,1.710
trio-gatherers,35,3,solo,300,200,1.000,0.000,0.000,1.000,0.0,0.00,0.000,—,1.710
trio-gatherers,35,3,pack,180,200,1.000,0.000,0.000,0.935,3.5,0.00,0.065,—,1.673
trio-gatherers,35,3,pack,300,200,1.000,0.000,0.000,0.935,3.5,0.00,0.065,—,1.673
trio-gatherers,35,3,boss,180,200,1.000,0.000,0.000,0.938,6.0,0.00,0.062,—,1.675
trio-gatherers,35,3,boss,300,200,1.000,0.000,0.000,0.938,6.0,0.00,0.062,—,1.675
trio-gatherers,35,4,solo,180,200,1.000,0.000,0.000,0.970,1.2,0.00,0.030,—,1.693
trio-gatherers,35,4,solo,300,200,1.000,0.000,0.000,0.971,1.2,0.00,0.029,—,1.693
trio-gatherers,35,4,pack,180,200,1.000,0.000,0.000,0.849,5.8,0.00,0.151,—,1.624
trio-gatherers,35,4,pack,300,200,1.000,0.000,0.000,0.850,5.8,0.00,0.150,—,1.624
trio-gatherers,35,4,boss,180,200,1.000,0.000,0.000,0.800,9.4,0.00,0.200,—,1.596
trio-gatherers,35,4,boss,300,200,1.000,0.000,0.000,0.801,9.4,0.00,0.199,—,1.597
trio-gatherers,35,5,solo,180,200,1.000,0.000,0.000,0.959,1.2,0.00,0.041,—,1.686
trio-gatherers,35,5,solo,300,200,1.000,0.000,0.000,0.958,1.2,0.00,0.042,—,1.686
trio-gatherers,35,5,pack,180,200,1.000,0.000,0.000,0.746,7.0,0.00,0.254,—,1.565
trio-gatherers,35,5,pack,300,200,1.000,0.000,0.000,0.747,7.0,0.00,0.253,—,1.566
trio-gatherers,35,5,boss,180,200,1.000,0.000,0.000,0.608,17.1,0.99,0.392,—,1.486
trio-gatherers,35,5,boss,300,200,1.000,0.000,0.000,0.612,17.0,0.99,0.388,—,1.489
trio-gatherers,35,6,solo,180,200,1.000,0.000,0.000,0.940,2.4,0.00,0.060,—,1.676
trio-gatherers,35,6,solo,300,200,1.000,0.000,0.000,0.941,2.4,0.00,0.059,—,1.676
trio-gatherers,35,6,pack,180,200,1.000,0.000,0.000,0.243,32.2,1.82,0.757,—,1.278
trio-gatherers,35,6,pack,300,200,1.000,0.000,0.000,0.229,33.0,1.86,0.771,—,1.271
trio-gatherers,35,6,boss,180,200,0.000,0.000,1.000,—,—,3.00,1.000,—,0.000
trio-gatherers,35,6,boss,300,200,0.000,0.000,1.000,—,—,3.00,1.000,—,0.000
trio-gatherers,35,7,solo,180,200,1.000,0.000,0.000,0.837,4.7,0.00,0.163,—,1.617
trio-gatherers,35,7,solo,300,200,1.000,0.000,0.000,0.833,4.7,0.00,0.167,—,1.615
trio-gatherers,35,7,pack,180,200,0.000,0.000,1.000,—,—,3.00,1.000,—,0.000
trio-gatherers,35,7,pack,300,200,0.000,0.000,1.000,—,—,3.00,1.000,—,0.000
trio-gatherers,35,7,boss,180,200,0.000,0.000,1.000,—,—,3.00,1.000,—,0.000
trio-gatherers,35,7,boss,300,200,0.000,0.000,1.000,—,—,3.00,1.000,—,0.000
trio-gatherers,35,8,solo,180,200,1.000,0.000,0.000,0.613,9.3,0.90,0.387,—,1.490
trio-gatherers,35,8,solo,300,200,1.000,0.000,0.000,0.614,9.3,0.91,0.386,—,1.490
trio-gatherers,35,8,pack,180,200,0.000,0.000,1.000,—,—,3.00,1.000,—,0.000
trio-gatherers,35,8,pack,300,200,0.000,0.000,1.000,—,—,3.00,1.000,—,0.000
trio-gatherers,35,8,boss,180,200,0.000,0.000,1.000,—,—,3.00,1.000,—,0.000
trio-gatherers,35,8,boss,300,200,0.000,0.000,1.000,—,—,3.00,1.000,—,0.000
trio-gatherers,50,1,solo,180,200,1.000,0.000,0.000,1.000,0.0,0.00,0.000,—,1.800
trio-gatherers,50,1,solo,300,200,1.000,0.000,0.000,1.000,0.0,0.00,0.000,—,1.800
trio-gatherers,50,1,pack,180,200,1.000,0.000,0.000,0.992,1.1,0.00,0.008,—,1.795
trio-gatherers,50,1,pack,300,200,1.000,0.000,0.000,0.992,1.1,0.00,0.008,—,1.795
trio-gatherers,50,1,boss,180,200,1.000,0.000,0.000,0.989,2.1,0.00,0.011,—,1.793
trio-gatherers,50,1,boss,300,200,1.000,0.000,0.000,0.988,2.1,0.00,0.012,—,1.793
trio-gatherers,50,2,solo,180,200,1.000,0.000,0.000,1.000,0.0,0.00,0.000,—,1.800
trio-gatherers,50,2,solo,300,200,1.000,0.000,0.000,1.000,0.0,0.00,0.000,—,1.800
trio-gatherers,50,2,pack,180,200,1.000,0.000,0.000,0.977,2.1,0.00,0.023,—,1.786
trio-gatherers,50,2,pack,300,200,1.000,0.000,0.000,0.977,2.1,0.00,0.023,—,1.786
trio-gatherers,50,2,boss,180,200,1.000,0.000,0.000,0.966,3.2,0.00,0.034,—,1.780
trio-gatherers,50,2,boss,300,200,1.000,0.000,0.000,0.966,3.2,0.00,0.034,—,1.779
trio-gatherers,50,3,solo,180,200,1.000,0.000,0.000,1.000,0.0,0.00,0.000,—,1.800
trio-gatherers,50,3,solo,300,200,1.000,0.000,0.000,1.000,0.0,0.00,0.000,—,1.800
trio-gatherers,50,3,pack,180,200,1.000,0.000,0.000,0.967,2.1,0.00,0.033,—,1.780
trio-gatherers,50,3,pack,300,200,1.000,0.000,0.000,0.967,2.1,0.00,0.033,—,1.780
trio-gatherers,50,3,boss,180,200,1.000,0.000,0.000,0.953,4.2,0.00,0.047,—,1.772
trio-gatherers,50,3,boss,300,200,1.000,0.000,0.000,0.953,4.2,0.00,0.047,—,1.772
trio-gatherers,50,4,solo,180,200,1.000,0.000,0.000,1.000,0.0,0.00,0.000,—,1.800
trio-gatherers,50,4,solo,300,200,1.000,0.000,0.000,1.000,0.0,0.00,0.000,—,1.800
trio-gatherers,50,4,pack,180,200,1.000,0.000,0.000,0.931,3.2,0.00,0.069,—,1.759
trio-gatherers,50,4,pack,300,200,1.000,0.000,0.000,0.932,3.2,0.00,0.068,—,1.759
trio-gatherers,50,4,boss,180,200,1.000,0.000,0.000,0.900,6.3,0.00,0.100,—,1.740
trio-gatherers,50,4,boss,300,200,1.000,0.000,0.000,0.898,6.3,0.00,0.102,—,1.739
trio-gatherers,50,5,solo,180,200,1.000,0.000,0.000,0.968,1.1,0.00,0.032,—,1.781
trio-gatherers,50,5,solo,300,200,1.000,0.000,0.000,0.967,1.1,0.00,0.033,—,1.780
trio-gatherers,50,5,pack,180,200,1.000,0.000,0.000,0.840,5.3,0.00,0.160,—,1.704
trio-gatherers,50,5,pack,300,200,1.000,0.000,0.000,0.839,5.3,0.00,0.161,—,1.704
trio-gatherers,50,5,boss,180,200,1.000,0.000,0.000,0.787,9.5,0.00,0.213,—,1.672
trio-gatherers,50,5,boss,300,200,1.000,0.000,0.000,0.785,9.5,0.00,0.215,—,1.671
trio-gatherers,50,6,solo,180,200,1.000,0.000,0.000,0.955,2.1,0.00,0.045,—,1.773
trio-gatherers,50,6,solo,300,200,1.000,0.000,0.000,0.954,2.1,0.00,0.046,—,1.773
trio-gatherers,50,6,pack,180,200,1.000,0.000,0.000,0.727,7.4,0.00,0.273,—,1.636
trio-gatherers,50,6,pack,300,200,1.000,0.000,0.000,0.729,7.4,0.00,0.271,—,1.637
trio-gatherers,50,6,boss,180,200,1.000,0.000,0.000,0.545,17.5,0.98,0.455,—,1.527
trio-gatherers,50,6,boss,300,200,1.000,0.000,0.000,0.536,17.6,0.99,0.464,—,1.522
trio-gatherers,50,7,solo,180,200,1.000,0.000,0.000,0.874,3.2,0.00,0.126,—,1.725
trio-gatherers,50,7,solo,300,200,1.000,0.000,0.000,0.873,3.2,0.00,0.127,—,1.724
trio-gatherers,50,7,pack,180,200,0.010,0.000,0.990,0.527,14.8,2.98,0.995,—,0.015
trio-gatherers,50,7,pack,300,200,0.010,0.000,0.990,0.527,14.8,2.98,0.995,—,0.015
trio-gatherers,50,7,boss,180,200,0.000,0.000,1.000,—,—,3.00,1.000,—,0.000
trio-gatherers,50,7,boss,300,200,0.000,0.000,1.000,—,—,3.00,1.000,—,0.000
trio-gatherers,50,8,solo,180,200,1.000,0.000,0.000,0.822,5.3,0.00,0.178,—,1.693
trio-gatherers,50,8,solo,300,200,1.000,0.000,0.000,0.825,5.3,0.00,0.175,—,1.695
trio-gatherers,50,8,pack,180,200,0.000,0.000,1.000,—,—,3.00,1.000,—,0.000
trio-gatherers,50,8,pack,300,200,0.000,0.000,1.000,—,—,3.00,1.000,—,0.000
trio-gatherers,50,8,boss,180,200,0.000,0.000,1.000,—,—,3.00,1.000,—,0.000
trio-gatherers,50,8,boss,300,200,0.000,0.000,1.000,—,—,3.00,1.000,—,0.000
duo-tank-heal,1,1,solo,180,200,1.000,0.000,0.000,0.868,8.2,0.00,0.132,1.000,1.440
duo-tank-heal,1,1,solo,300,200,1.000,0.000,0.000,0.868,8.2,0.00,0.132,1.000,1.440
duo-tank-heal,1,1,pack,180,200,1.000,0.000,0.000,0.995,77.4,0.00,0.005,1.000,1.504
duo-tank-heal,1,1,pack,300,200,1.000,0.000,0.000,0.999,77.8,0.00,0.001,1.000,1.505
duo-tank-heal,1,1,boss,180,200,1.000,0.000,0.000,0.943,147.1,0.00,0.057,1.000,1.477
duo-tank-heal,1,1,boss,300,200,1.000,0.000,0.000,0.943,148.0,0.00,0.057,1.000,1.478
duo-tank-heal,1,2,solo,180,200,1.000,0.000,0.000,0.952,23.2,0.00,0.048,1.000,1.482
duo-tank-heal,1,2,solo,300,200,1.000,0.000,0.000,0.952,23.0,0.00,0.048,1.000,1.482
duo-tank-heal,1,2,pack,180,200,0.000,0.000,1.000,—,—,2.00,1.000,0.533,0.000
duo-tank-heal,1,2,pack,300,200,0.000,0.000,1.000,—,—,2.00,1.000,0.531,0.000
duo-tank-heal,1,2,boss,180,200,0.000,1.000,0.000,—,—,0.64,0.485,0.531,0.000
duo-tank-heal,1,2,boss,300,200,0.280,0.720,0.000,0.990,221.2,0.72,0.549,0.359,0.420
duo-tank-heal,1,3,solo,180,200,1.000,0.000,0.000,0.928,47.3,0.00,0.072,1.000,1.470
duo-tank-heal,1,3,solo,300,200,1.000,0.000,0.000,0.925,47.5,0.00,0.075,1.000,1.468
duo-tank-heal,1,3,pack,180,200,0.000,0.000,1.000,—,—,2.00,1.000,0.526,0.000
duo-tank-heal,1,3,pack,300,200,0.000,0.000,1.000,—,—,2.00,1.000,0.510,0.000
duo-tank-heal,1,3,boss,180,200,0.000,0.000,1.000,—,—,2.00,1.000,0.556,0.000
duo-tank-heal,1,3,boss,300,200,0.000,0.000,1.000,—,—,2.00,1.000,0.559,0.000
duo-tank-heal,1,4,solo,180,200,0.380,0.000,0.620,0.580,70.8,1.42,0.779,0.743,0.492
duo-tank-heal,1,4,solo,300,200,0.350,0.000,0.650,0.598,70.7,1.45,0.791,0.733,0.456
duo-tank-heal,1,4,pack,180,200,0.000,0.000,1.000,—,—,2.00,1.000,0.517,0.000
duo-tank-heal,1,4,pack,300,200,0.000,0.000,1.000,—,—,2.00,1.000,0.514,0.000
duo-tank-heal,1,4,boss,180,200,0.000,0.000,1.000,—,—,2.00,1.000,0.462,0.000
duo-tank-heal,1,4,boss,300,200,0.000,0.000,1.000,—,—,2.00,1.000,0.463,0.000
duo-tank-heal,1,5,solo,180,200,0.000,0.000,1.000,—,—,2.00,1.000,0.595,0.000
duo-tank-heal,1,5,solo,300,200,0.000,0.000,1.000,—,—,2.00,1.000,0.588,0.000
duo-tank-heal,1,5,pack,180,200,0.000,0.000,1.000,—,—,2.00,1.000,0.613,0.000
duo-tank-heal,1,5,pack,300,200,0.000,0.000,1.000,—,—,2.00,1.000,0.611,0.000
duo-tank-heal,1,5,boss,180,200,0.000,0.000,1.000,—,—,2.00,1.000,0.595,0.000
duo-tank-heal,1,5,boss,300,200,0.000,0.000,1.000,—,—,2.00,1.000,0.597,0.000
duo-tank-heal,1,6,solo,180,200,0.000,0.000,1.000,—,—,2.00,1.000,0.538,0.000
duo-tank-heal,1,6,solo,300,200,0.000,0.000,1.000,—,—,2.00,1.000,0.527,0.000
duo-tank-heal,1,6,pack,180,200,0.000,0.000,1.000,—,—,2.00,1.000,0.517,0.000
duo-tank-heal,1,6,pack,300,200,0.000,0.000,1.000,—,—,2.00,1.000,0.515,0.000
duo-tank-heal,1,6,boss,180,200,0.000,0.000,1.000,—,—,2.00,1.000,0.522,0.000
duo-tank-heal,1,6,boss,300,200,0.000,0.000,1.000,—,—,2.00,1.000,0.536,0.000
duo-tank-heal,1,7,solo,180,200,0.000,0.000,1.000,—,—,2.00,1.000,0.672,0.000
duo-tank-heal,1,7,solo,300,200,0.000,0.000,1.000,—,—,2.00,1.000,0.670,0.000
duo-tank-heal,1,7,pack,180,200,0.000,0.000,1.000,—,—,2.00,1.000,0.671,0.000
duo-tank-heal,1,7,pack,300,200,0.000,0.000,1.000,—,—,2.00,1.000,0.671,0.000
duo-tank-heal,1,7,boss,180,200,0.000,0.000,1.000,—,—,2.00,1.000,0.341,0.000
duo-tank-heal,1,7,boss,300,200,0.000,0.000,1.000,—,—,2.00,1.000,0.347,0.000
duo-tank-heal,1,8,solo,180,200,0.000,0.000,1.000,—,—,2.00,1.000,0.668,0.000
duo-tank-heal,1,8,solo,300,200,0.000,0.000,1.000,—,—,2.00,1.000,0.669,0.000
duo-tank-heal,1,8,pack,180,200,0.000,0.000,1.000,—,—,2.00,1.000,0.667,0.000
duo-tank-heal,1,8,pack,300,200,0.000,0.000,1.000,—,—,2.00,1.000,0.669,0.000
duo-tank-heal,1,8,boss,180,200,0.000,0.000,1.000,—,—,2.00,1.000,0.524,0.000
duo-tank-heal,1,8,boss,300,200,0.000,0.000,1.000,—,—,2.00,1.000,0.516,0.000
duo-tank-heal,5,1,solo,180,200,1.000,0.000,0.000,0.929,4.1,0.00,0.071,1.000,1.494
duo-tank-heal,5,1,solo,300,200,1.000,0.000,0.000,0.929,4.1,0.00,0.071,1.000,1.494
duo-tank-heal,5,1,pack,180,200,1.000,0.000,0.000,0.999,41.7,0.00,0.001,1.000,1.529
duo-tank-heal,5,1,pack,300,200,1.000,0.000,0.000,0.999,41.5,0.00,0.001,1.000,1.529
duo-tank-heal,5,1,boss,180,200,1.000,0.000,0.000,0.996,93.1,0.00,0.004,1.000,1.528
duo-tank-heal,5,1,boss,300,200,1.000,0.000,0.000,0.994,93.1,0.00,0.006,1.000,1.527
duo-tank-heal,5,2,solo,180,200,1.000,0.000,0.000,0.863,8.2,0.00,0.137,1.000,1.460
duo-tank-heal,5,2,solo,300,200,1.000,0.000,0.000,0.864,8.2,0.00,0.136,1.000,1.461
duo-tank-heal,5,2,pack,180,200,1.000,0.000,0.000,0.997,77.5,0.00,0.003,1.000,1.529
duo-tank-heal,5,2,pack,300,200,1.000,0.000,0.000,0.998,77.5,0.00,0.002,1.000,1.529
duo-tank-heal,5,2,boss,180,200,1.000,0.000,0.000,0.943,135.5,0.00,0.057,1.000,1.501
duo-tank-heal,5,2,boss,300,200,1.000,0.000,0.000,0.942,135.6,0.00,0.058,1.000,1.500
duo-tank-heal,5,3,solo,180,200,1.000,0.000,0.000,0.995,17.8,0.00,0.005,1.000,1.528
duo-tank-heal,5,3,solo,300,200,1.000,0.000,0.000,0.992,17.8,0.00,0.008,1.000,1.526
duo-tank-heal,5,3,pack,180,200,0.015,0.000,0.985,1.000,96.0,1.97,0.985,0.570,0.023
duo-tank-heal,5,3,pack,300,200,0.015,0.000,0.985,1.000,96.0,1.97,0.985,0.567,0.023
duo-tank-heal,5,3,boss,180,200,0.010,0.990,0.000,1.000,180.0,0.00,0.103,1.000,0.015
duo-tank-heal,5,3,boss,300,200,1.000,0.000,0.000,0.926,201.9,0.00,0.074,1.000,1.492
duo-tank-heal,5,4,solo,180,200,1.000,0.000,0.000,0.984,40.6,0.00,0.016,1.000,1.522
duo-tank-heal,5,4,solo,300,200,1.000,0.000,0.000,0.981,40.6,0.00,0.019,1.000,1.520
duo-tank-heal,5,4,pack,180,200,0.000,0.000,1.000,—,—,2.00,1.000,0.585,0.000
duo-tank-heal,5,4,pack,300,200,0.000,0.000,1.000,—,—,2.00,1.000,0.592,0.000
duo-tank-heal,5,4,boss,180,200,0.000,0.000,1.000,—,—,2.00,1.000,0.601,0.000
duo-tank-heal,5,4,boss,300,200,0.000,0.000,1.000,—,—,2.00,1.000,0.611,0.000
duo-tank-heal,5,5,solo,180,200,1.000,0.000,0.000,0.996,65.5,0.00,0.004,1.000,1.528
duo-tank-heal,5,5,solo,300,200,1.000,0.000,0.000,0.998,65.6,0.00,0.002,1.000,1.529
duo-tank-heal,5,5,pack,180,200,0.000,0.000,1.000,—,—,2.00,1.000,0.520,0.000
duo-tank-heal,5,5,pack,300,200,0.000,0.000,1.000,—,—,2.00,1.000,0.520,0.000
duo-tank-heal,5,5,boss,180,200,0.000,0.000,1.000,—,—,2.00,1.000,0.478,0.000
duo-tank-heal,5,5,boss,300,200,0.000,0.000,1.000,—,—,2.00,1.000,0.476,0.000
duo-tank-heal,5,6,solo,180,200,0.000,0.000,1.000,—,—,2.00,1.000,0.650,0.000
duo-tank-heal,5,6,solo,300,200,0.000,0.000,1.000,—,—,2.00,1.000,0.645,0.000
duo-tank-heal,5,6,pack,180,200,0.000,0.000,1.000,—,—,2.00,1.000,0.615,0.000
duo-tank-heal,5,6,pack,300,200,0.000,0.000,1.000,—,—,2.00,1.000,0.618,0.000
duo-tank-heal,5,6,boss,180,200,0.000,0.000,1.000,—,—,2.00,1.000,0.591,0.000
duo-tank-heal,5,6,boss,300,200,0.000,0.000,1.000,—,—,2.00,1.000,0.593,0.000
duo-tank-heal,5,7,solo,180,200,0.000,0.000,1.000,—,—,2.00,1.000,0.641,0.000
duo-tank-heal,5,7,solo,300,200,0.000,0.000,1.000,—,—,2.00,1.000,0.634,0.000
duo-tank-heal,5,7,pack,180,200,0.000,0.000,1.000,—,—,2.00,1.000,0.605,0.000
duo-tank-heal,5,7,pack,300,200,0.000,0.000,1.000,—,—,2.00,1.000,0.603,0.000
duo-tank-heal,5,7,boss,180,200,0.000,0.000,1.000,—,—,2.00,1.000,0.548,0.000
duo-tank-heal,5,7,boss,300,200,0.000,0.000,1.000,—,—,2.00,1.000,0.537,0.000
duo-tank-heal,5,8,solo,180,200,0.000,0.000,1.000,—,—,2.00,1.000,0.671,0.000
duo-tank-heal,5,8,solo,300,200,0.000,0.000,1.000,—,—,2.00,1.000,0.672,0.000
duo-tank-heal,5,8,pack,180,200,0.000,0.000,1.000,—,—,2.00,1.000,0.669,0.000
duo-tank-heal,5,8,pack,300,200,0.000,0.000,1.000,—,—,2.00,1.000,0.669,0.000
duo-tank-heal,5,8,boss,180,200,0.000,0.000,1.000,—,—,2.00,1.000,0.370,0.000
duo-tank-heal,5,8,boss,300,200,0.000,0.000,1.000,—,—,2.00,1.000,0.364,0.000
duo-tank-heal,10,1,solo,180,200,1.000,0.000,0.000,1.000,0.0,0.00,0.000,—,1.560
duo-tank-heal,10,1,solo,300,200,1.000,0.000,0.000,1.000,0.0,0.00,0.000,—,1.560
duo-tank-heal,10,1,pack,180,200,1.000,0.000,0.000,0.873,12.0,0.00,0.127,1.000,1.494
duo-tank-heal,10,1,pack,300,200,1.000,0.000,0.000,0.873,12.0,0.00,0.127,1.000,1.494
duo-tank-heal,10,1,boss,180,200,1.000,0.000,0.000,0.984,43.7,0.00,0.016,1.000,1.552
duo-tank-heal,10,1,boss,300,200,1.000,0.000,0.000,0.984,44.4,0.00,0.016,1.000,1.552
duo-tank-heal,10,2,solo,180,200,1.000,0.000,0.000,0.930,4.1,0.00,0.070,1.000,1.523
duo-tank-heal,10,2,solo,300,200,1.000,0.000,0.000,0.929,4.1,0.00,0.071,1.000,1.523
duo-tank-heal,10,2,pack,180,200,1.000,0.000,0.000,0.999,41.7,0.00,0.001,1.000,1.559
duo-tank-heal,10,2,pack,300,200,1.000,0.000,0.000,0.999,41.6,0.00,0.001,1.000,1.559
duo-tank-heal,10,2,boss,180,200,1.000,0.000,0.000,0.998,92.6,0.00,0.002,1.000,1.559
duo-tank-heal,10,2,boss,300,200,1.000,0.000,0.000,0.993,92.5,0.00,0.007,1.000,1.556
duo-tank-heal,10,3,solo,180,200,1.000,0.000,0.000,0.912,6.0,0.00,0.088,1.000,1.514
duo-tank-heal,10,3,solo,300,200,1.000,0.000,0.000,0.912,6.0,0.00,0.088,1.000,1.514
duo-tank-heal,10,3,pack,180,200,1.000,0.000,0.000,0.997,71.5,0.00,0.003,1.000,1.559
duo-tank-heal,10,3,pack,300,200,1.000,0.000,0.000,0.996,71.4,0.00,0.004,1.000,1.558
duo-tank-heal,10,3,boss,180,200,1.000,0.000,0.000,0.946,134.5,0.00,0.054,1.000,1.532
duo-tank-heal,10,3,boss,300,200,1.000,0.000,0.000,0.948,134.6,0.00,0.052,1.000,1.533
duo-tank-heal,10,4,solo,180,200,1.000,0.000,0.000,0.990,17.7,0.00,0.010,1.000,1.555
duo-tank-heal,10,4,solo,300,200,1.000,0.000,0.000,0.973,17.1,0.00,0.027,1.000,1.546
duo-tank-heal,10,4,pack,180,200,0.705,0.170,0.125,0.998,95.7,0.42,0.255,0.718,1.099
duo-tank-heal,10,4,pack,300,200,0.610,0.195,0.195,0.999,95.3,0.58,0.364,0.539,0.951
duo-tank-heal,10,4,boss,180,200,0.000,1.000,0.000,—,—,0.00,0.101,1.000,0.000
duo-tank-heal,10,4,boss,300,200,1.000,0.000,0.000,0.932,202.3,0.00,0.068,1.000,1.525
duo-tank-heal,10,5,solo,180,200,1.000,0.000,0.000,0.977,39.8,0.00,0.023,1.000,1.548
duo-tank-heal,10,5,solo,300,200,1.000,0.000,0.000,0.981,40.2,0.00,0.019,1.000,1.550
duo-tank-heal,10,5,pack,180,200,0.000,0.000,1.000,—,—,2.00,1.000,0.601,0.000
duo-tank-heal,10,5,pack,300,200,0.000,0.000,1.000,—,—,2.00,1.000,0.611,0.000
duo-tank-heal,10,5,boss,180,200,0.000,0.000,1.000,—,—,2.00,1.000,0.600,0.000
duo-tank-heal,10,5,boss,300,200,0.000,0.000,1.000,—,—,2.00,1.000,0.607,0.000
duo-tank-heal,10,6,solo,180,200,1.000,0.000,0.000,0.999,65.6,0.00,0.001,1.000,1.559
duo-tank-heal,10,6,solo,300,200,1.000,0.000,0.000,0.997,65.3,0.00,0.003,1.000,1.559
duo-tank-heal,10,6,pack,180,200,0.000,0.000,1.000,—,—,2.00,1.000,0.526,0.000
duo-tank-heal,10,6,pack,300,200,0.000,0.000,1.000,—,—,2.00,1.000,0.528,0.000
duo-tank-heal,10,6,boss,180,200,0.000,0.000,1.000,—,—,2.00,1.000,0.493,0.000
duo-tank-heal,10,6,boss,300,200,0.000,0.000,1.000,—,—,2.00,1.000,0.496,0.000
duo-tank-heal,10,7,solo,180,200,0.285,0.000,0.715,0.719,106.2,1.50,0.795,0.900,0.403
duo-tank-heal,10,7,solo,300,200,0.285,0.000,0.715,0.718,106.1,1.52,0.796,0.902,0.403
duo-tank-heal,10,7,pack,180,200,0.000,0.000,1.000,—,—,2.00,1.000,0.627,0.000
duo-tank-heal,10,7,pack,300,200,0.000,0.000,1.000,—,—,2.00,1.000,0.628,0.000
duo-tank-heal,10,7,boss,180,200,0.000,0.000,1.000,—,—,2.00,1.000,0.589,0.000
duo-tank-heal,10,7,boss,300,200,0.000,0.000,1.000,—,—,2.00,1.000,0.594,0.000
duo-tank-heal,10,8,solo,180,200,0.000,0.000,1.000,—,—,2.00,1.000,0.656,0.000
duo-tank-heal,10,8,solo,300,200,0.000,0.000,1.000,—,—,2.00,1.000,0.651,0.000
duo-tank-heal,10,8,pack,180,200,0.000,0.000,1.000,—,—,2.00,1.000,0.607,0.000
duo-tank-heal,10,8,pack,300,200,0.000,0.000,1.000,—,—,2.00,1.000,0.607,0.000
duo-tank-heal,10,8,boss,180,200,0.000,0.000,1.000,—,—,2.00,1.000,0.572,0.000
duo-tank-heal,10,8,boss,300,200,0.000,0.000,1.000,—,—,2.00,1.000,0.552,0.000
duo-tank-heal,20,1,solo,180,200,1.000,0.000,0.000,1.000,0.0,0.00,0.000,—,1.620
duo-tank-heal,20,1,solo,300,200,1.000,0.000,0.000,1.000,0.0,0.00,0.000,—,1.620
duo-tank-heal,20,1,pack,180,200,1.000,0.000,0.000,0.934,12.0,0.00,0.066,1.000,1.584
duo-tank-heal,20,1,pack,300,200,1.000,0.000,0.000,0.935,12.0,0.00,0.065,1.000,1.585
duo-tank-heal,20,1,boss,180,200,1.000,0.000,0.000,0.894,16.3,0.00,0.106,1.000,1.563
duo-tank-heal,20,1,boss,300,200,1.000,0.000,0.000,0.895,16.3,0.00,0.105,1.000,1.563
duo-tank-heal,20,2,solo,180,200,1.000,0.000,0.000,1.000,0.0,0.00,0.000,—,1.620
duo-tank-heal,20,2,solo,300,200,1.000,0.000,0.000,1.000,0.0,0.00,0.000,—,1.620
duo-tank-heal,20,2,pack,180,200,1.000,0.000,0.000,0.901,12.0,0.00,0.099,1.000,1.567
duo-tank-heal,20,2,pack,300,200,1.000,0.000,0.000,0.901,12.0,0.00,0.099,1.000,1.566
duo-tank-heal,20,2,boss,180,200,1.000,0.000,0.000,0.918,27.2,0.00,0.082,1.000,1.576
duo-tank-heal,20,2,boss,300,200,1.000,0.000,0.000,0.931,27.7,0.00,0.069,1.000,1.583
duo-tank-heal,20,3,solo,180,200,1.000,0.000,0.000,0.946,4.1,0.00,0.054,1.000,1.591
duo-tank-heal,20,3,solo,300,200,1.000,0.000,0.000,0.947,4.1,0.00,0.053,1.000,1.591
duo-tank-heal,20,3,pack,180,200,1.000,0.000,0.000,0.987,37.0,0.00,0.013,1.000,1.613
duo-tank-heal,20,3,pack,300,200,1.000,0.000,0.000,0.986,36.6,0.00,0.014,1.000,1.613
duo-tank-heal,20,3,boss,180,200,1.000,0.000,0.000,0.993,63.1,0.00,0.007,1.000,1.616
duo-tank-heal,20,3,boss,300,200,1.000,0.000,0.000,0.992,62.8,0.00,0.008,1.000,1.616
duo-tank-heal,20,4,solo,180,200,1.000,0.000,0.000,0.934,6.0,0.00,0.066,1.000,1.584
duo-tank-heal,20,4,solo,300,200,1.000,0.000,0.000,0.935,6.0,0.00,0.065,1.000,1.585
duo-tank-heal,20,4,pack,180,200,1.000,0.000,0.000,1.000,59.6,0.00,0.000,1.000,1.620
duo-tank-heal,20,4,pack,300,200,1.000,0.000,0.000,0.999,59.6,0.00,0.001,1.000,1.619
duo-tank-heal,20,4,boss,180,200,1.000,0.000,0.000,0.972,119.7,0.00,0.028,1.000,1.605
duo-tank-heal,20,4,boss,300,200,1.000,0.000,0.000,0.977,119.3,0.00,0.023,1.000,1.608
duo-tank-heal,20,5,solo,180,200,1.000,0.000,0.000,0.854,8.2,0.00,0.146,1.000,1.541
duo-tank-heal,20,5,solo,300,200,1.000,0.000,0.000,0.857,8.2,0.00,0.143,1.000,1.543
duo-tank-heal,20,5,pack,180,200,1.000,0.000,0.000,0.994,95.1,0.00,0.006,1.000,1.617
duo-tank-heal,20,5,pack,300,200,1.000,0.000,0.000,0.995,95.1,0.00,0.005,1.000,1.617
duo-tank-heal,20,5,boss,180,200,1.000,0.000,0.000,0.996,176.6,0.00,0.004,1.000,1.618
duo-tank-heal,20,5,boss,300,200,1.000,0.000,0.000,0.998,176.2,0.00,0.002,1.000,1.619
duo-tank-heal,20,6,solo,180,200,1.000,0.000,0.000,0.989,28.9,0.00,0.011,1.000,1.614
duo-tank-heal,20,6,solo,300,200,1.000,0.000,0.000,0.991,29.1,0.00,0.009,1.000,1.615
duo-tank-heal,20,6,pack,180,200,0.185,0.000,0.815,0.998,130.5,1.63,0.815,0.863,0.300
duo-tank-heal,20,6,pack,300,200,0.130,0.000,0.870,0.997,131.6,1.74,0.870,0.843,0.210
duo-tank-heal,20,6,boss,180,200,0.000,1.000,0.000,—,—,0.00,0.110,1.000,0.000
duo-tank-heal,20,6,boss,300,200,1.000,0.000,0.000,0.980,264.9,0.00,0.020,1.000,1.609
duo-tank-heal,20,7,solo,180,200,1.000,0.000,0.000,0.997,56.4,0.00,0.003,1.000,1.618
duo-tank-heal,20,7,solo,300,200,1.000,0.000,0.000,0.998,56.8,0.00,0.002,1.000,1.619
duo-tank-heal,20,7,pack,180,200,0.000,0.000,1.000,—,—,2.00,1.000,0.714,0.000
duo-tank-heal,20,7,pack,300,200,0.000,0.000,1.000,—,—,2.00,1.000,0.718,0.000
duo-tank-heal,20,7,boss,180,200,0.000,0.000,1.000,—,—,2.00,1.000,0.720,0.000
duo-tank-heal,20,7,boss,300,200,0.000,0.000,1.000,—,—,2.00,1.000,0.712,0.000
duo-tank-heal,20,8,solo,180,200,1.000,0.000,0.000,0.890,99.6,0.00,0.110,1.000,1.560
duo-tank-heal,20,8,solo,300,200,1.000,0.000,0.000,0.885,100.1,0.00,0.115,1.000,1.558
duo-tank-heal,20,8,pack,180,200,0.000,0.000,1.000,—,—,2.00,1.000,0.647,0.000
duo-tank-heal,20,8,pack,300,200,0.000,0.000,1.000,—,—,2.00,1.000,0.650,0.000
duo-tank-heal,20,8,boss,180,200,0.000,0.000,1.000,—,—,2.00,1.000,0.555,0.000
duo-tank-heal,20,8,boss,300,200,0.000,0.000,1.000,—,—,2.00,1.000,0.559,0.000
duo-tank-heal,35,1,solo,180,200,1.000,0.000,0.000,1.000,0.0,0.00,0.000,—,1.710
duo-tank-heal,35,1,solo,300,200,1.000,0.000,0.000,1.000,0.0,0.00,0.000,—,1.710
duo-tank-heal,35,1,pack,180,200,1.000,0.000,0.000,0.985,4.1,0.00,0.015,1.000,1.702
duo-tank-heal,35,1,pack,300,200,1.000,0.000,0.000,0.986,4.1,0.00,0.014,1.000,1.702
duo-tank-heal,35,1,boss,180,200,1.000,0.000,0.000,0.967,12.0,0.00,0.033,1.000,1.691
duo-tank-heal,35,1,boss,300,200,1.000,0.000,0.000,0.967,12.0,0.00,0.033,1.000,1.691
duo-tank-heal,35,2,solo,180,200,1.000,0.000,0.000,1.000,0.0,0.00,0.000,—,1.710
duo-tank-heal,35,2,solo,300,200,1.000,0.000,0.000,1.000,0.0,0.00,0.000,—,1.710
duo-tank-heal,35,2,pack,180,200,1.000,0.000,0.000,0.949,12.0,0.00,0.051,1.000,1.681
duo-tank-heal,35,2,pack,300,200,1.000,0.000,0.000,0.949,12.0,0.00,0.051,1.000,1.681
duo-tank-heal,35,2,boss,180,200,1.000,0.000,0.000,0.922,16.3,0.00,0.078,1.000,1.666
duo-tank-heal,35,2,boss,300,200,1.000,0.000,0.000,0.920,16.3,0.00,0.080,1.000,1.665
duo-tank-heal,35,3,solo,180,200,1.000,0.000,0.000,1.000,0.0,0.00,0.000,—,1.710
duo-tank-heal,35,3,solo,300,200,1.000,0.000,0.000,1.000,0.0,0.00,0.000,—,1.710
duo-tank-heal,35,3,pack,180,200,1.000,0.000,0.000,0.924,12.0,0.00,0.076,1.000,1.667
duo-tank-heal,35,3,pack,300,200,1.000,0.000,0.000,0.925,12.0,0.00,0.075,1.000,1.667
duo-tank-heal,35,3,boss,180,200,1.000,0.000,0.000,0.869,20.4,0.00,0.131,1.000,1.636
duo-tank-heal,35,3,boss,300,200,1.000,0.000,0.000,0.867,20.4,0.00,0.133,1.000,1.634
duo-tank-heal,35,4,solo,180,200,1.000,0.000,0.000,0.959,4.1,0.00,0.041,1.000,1.687
duo-tank-heal,35,4,solo,300,200,1.000,0.000,0.000,0.960,4.1,0.00,0.040,1.000,1.687
duo-tank-heal,35,4,pack,180,200,1.000,0.000,0.000,0.997,29.8,0.00,0.003,1.000,1.709
duo-tank-heal,35,4,pack,300,200,1.000,0.000,0.000,0.999,30.1,0.00,0.001,1.000,1.709
duo-tank-heal,35,4,boss,180,200,1.000,0.000,0.000,0.995,58.3,0.00,0.005,1.000,1.707
duo-tank-heal,35,4,boss,300,200,1.000,0.000,0.000,0.997,58.6,0.00,0.003,1.000,1.708
duo-tank-heal,35,5,solo,180,200,1.000,0.000,0.000,0.944,4.1,0.00,0.056,1.000,1.678
duo-tank-heal,35,5,solo,300,200,1.000,0.000,0.000,0.945,4.1,0.00,0.055,1.000,1.679
duo-tank-heal,35,5,pack,180,200,1.000,0.000,0.000,0.987,52.3,0.00,0.013,1.000,1.702
duo-tank-heal,35,5,pack,300,200,1.000,0.000,0.000,0.986,51.5,0.00,0.014,1.000,1.702
duo-tank-heal,35,5,boss,180,200,1.000,0.000,0.000,0.975,100.8,0.00,0.025,1.000,1.696
duo-tank-heal,35,5,boss,300,200,1.000,0.000,0.000,0.972,100.8,0.00,0.028,1.000,1.694
duo-tank-heal,35,6,solo,180,200,1.000,0.000,0.000,0.888,8.2,0.00,0.112,1.000,1.646
duo-tank-heal,35,6,solo,300,200,1.000,0.000,0.000,0.888,8.2,0.00,0.112,1.000,1.646
duo-tank-heal,35,6,pack,180,200,1.000,0.000,0.000,0.999,77.5,0.00,0.001,1.000,1.709
duo-tank-heal,35,6,pack,300,200,1.000,0.000,0.000,0.998,77.5,0.00,0.002,1.000,1.709
duo-tank-heal,35,6,boss,180,200,1.000,0.000,0.000,0.988,155.1,0.00,0.012,1.000,1.703
duo-tank-heal,35,6,boss,300,200,1.000,0.000,0.000,0.990,155.0,0.00,0.010,1.000,1.704
duo-tank-heal,35,7,solo,180,200,1.000,0.000,0.000,0.985,19.6,0.00,0.015,1.000,1.702
duo-tank-heal,35,7,solo,300,200,1.000,0.000,0.000,0.986,19.7,0.00,0.014,1.000,1.702
duo-tank-heal,35,7,pack,180,200,1.000,0.000,0.000,0.993,130.0,0.00,0.007,1.000,1.706
duo-tank-heal,35,7,pack,300,200,1.000,0.000,0.000,0.995,130.7,0.00,0.005,1.000,1.707
duo-tank-heal,35,7,boss,180,200,0.000,1.000,0.000,—,—,0.00,0.082,1.000,0.000
duo-tank-heal,35,7,boss,300,200,1.000,0.000,0.000,0.992,257.8,0.00,0.008,1.000,1.706
duo-tank-heal,35,8,solo,180,200,1.000,0.000,0.000,0.963,52.3,0.00,0.037,1.000,1.689
duo-tank-heal,35,8,solo,300,200,1.000,0.000,0.000,0.969,52.9,0.00,0.031,1.000,1.692
duo-tank-heal,35,8,pack,180,200,0.000,0.050,0.950,—,—,1.90,0.954,0.901,0.000
duo-tank-heal,35,8,pack,300,200,0.040,0.000,0.960,0.932,204.0,1.92,0.963,0.900,0.067
duo-tank-heal,35,8,boss,180,200,0.000,0.780,0.220,—,—,0.44,0.306,0.980,0.000
duo-tank-heal,35,8,boss,300,200,0.000,0.755,0.245,—,—,0.49,0.335,0.985,0.000
duo-tank-heal,50,1,solo,180,200,1.000,0.000,0.000,1.000,0.0,0.00,0.000,—,1.800
duo-tank-heal,50,1,solo,300,200,1.000,0.000,0.000,1.000,0.0,0.00,0.000,—,1.800
duo-tank-heal,50,1,pack,180,200,1.000,0.000,0.000,0.991,4.1,0.00,0.009,1.000,1.795
duo-tank-heal,50,1,pack,300,200,1.000,0.000,0.000,0.991,4.1,0.00,0.009,1.000,1.795
duo-tank-heal,50,1,boss,180,200,1.000,0.000,0.000,0.984,8.2,0.00,0.016,1.000,1.790
duo-tank-heal,50,1,boss,300,200,1.000,0.000,0.000,0.984,8.2,0.00,0.016,1.000,1.791
duo-tank-heal,50,2,solo,180,200,1.000,0.000,0.000,1.000,0.0,0.00,0.000,—,1.800
duo-tank-heal,50,2,solo,300,200,1.000,0.000,0.000,1.000,0.0,0.00,0.000,—,1.800
duo-tank-heal,50,2,pack,180,200,1.000,0.000,0.000,0.987,4.1,0.00,0.013,1.000,1.792
duo-tank-heal,50,2,pack,300,200,1.000,0.000,0.000,0.987,4.1,0.00,0.013,1.000,1.792
duo-tank-heal,50,2,boss,180,200,1.000,0.000,0.000,0.971,12.0,0.00,0.029,1.000,1.783
duo-tank-heal,50,2,boss,300,200,1.000,0.000,0.000,0.971,12.0,0.00,0.029,1.000,1.783
duo-tank-heal,50,3,solo,180,200,1.000,0.000,0.000,1.000,0.0,0.00,0.000,—,1.800
duo-tank-heal,50,3,solo,300,200,1.000,0.000,0.000,1.000,0.0,0.00,0.000,—,1.800
duo-tank-heal,50,3,pack,180,200,1.000,0.000,0.000,0.956,12.0,0.00,0.044,1.000,1.774
duo-tank-heal,50,3,pack,300,200,1.000,0.000,0.000,0.955,12.0,0.00,0.045,1.000,1.773
duo-tank-heal,50,3,boss,180,200,1.000,0.000,0.000,0.931,16.3,0.00,0.069,1.000,1.759
duo-tank-heal,50,3,boss,300,200,1.000,0.000,0.000,0.931,16.3,0.00,0.069,1.000,1.758
duo-tank-heal,50,4,solo,180,200,1.000,0.000,0.000,1.000,0.0,0.00,0.000,—,1.800
duo-tank-heal,50,4,solo,300,200,1.000,0.000,0.000,1.000,0.0,0.00,0.000,—,1.800
duo-tank-heal,50,4,pack,180,200,1.000,0.000,0.000,0.934,12.0,0.00,0.066,1.000,1.760
duo-tank-heal,50,4,pack,300,200,1.000,0.000,0.000,0.936,12.0,0.00,0.064,1.000,1.762
duo-tank-heal,50,4,boss,180,200,1.000,0.000,0.000,0.901,30.3,0.00,0.099,1.000,1.740
duo-tank-heal,50,4,boss,300,200,1.000,0.000,0.000,0.894,30.2,0.00,0.106,1.000,1.736
duo-tank-heal,50,5,solo,180,200,1.000,0.000,0.000,0.967,4.1,0.00,0.033,1.000,1.780
duo-tank-heal,50,5,solo,300,200,1.000,0.000,0.000,0.966,4.1,0.00,0.034,1.000,1.780
duo-tank-heal,50,5,pack,180,200,1.000,0.000,0.000,0.986,27.6,0.00,0.014,1.000,1.791
duo-tank-heal,50,5,pack,300,200,1.000,0.000,0.000,0.977,27.1,0.00,0.023,1.000,1.786
duo-tank-heal,50,5,boss,180,200,1.000,0.000,0.000,0.991,43.9,0.00,0.009,1.000,1.795
duo-tank-heal,50,5,boss,300,200,1.000,0.000,0.000,0.993,44.2,0.00,0.007,1.000,1.796
duo-tank-heal,50,6,solo,180,200,1.000,0.000,0.000,0.956,6.0,0.00,0.044,1.000,1.773
duo-tank-heal,50,6,solo,300,200,1.000,0.000,0.000,0.958,6.0,0.00,0.042,1.000,1.775
duo-tank-heal,50,6,pack,180,200,1.000,0.000,0.000,0.994,52.4,0.00,0.006,1.000,1.796
duo-tank-heal,50,6,pack,300,200,1.000,0.000,0.000,0.995,52.6,0.00,0.005,1.000,1.797
duo-tank-heal,50,6,boss,180,200,1.000,0.000,0.000,0.969,108.8,0.00,0.031,1.000,1.782
duo-tank-heal,50,6,boss,300,200,1.000,0.000,0.000,0.967,108.4,0.00,0.033,1.000,1.780
duo-tank-heal,50,7,solo,180,200,1.000,0.000,0.000,0.904,8.2,0.00,0.096,1.000,1.742
duo-tank-heal,50,7,solo,300,200,1.000,0.000,0.000,0.904,8.2,0.00,0.096,1.000,1.742
duo-tank-heal,50,7,pack,180,200,1.000,0.000,0.000,0.996,92.4,0.00,0.004,1.000,1.798
duo-tank-heal,50,7,pack,300,200,1.000,0.000,0.000,0.997,92.0,0.00,0.003,1.000,1.798
duo-tank-heal,50,7,boss,180,200,0.905,0.095,0.000,0.991,166.1,0.00,0.013,1.000,1.624
duo-tank-heal,50,7,boss,300,200,1.000,0.000,0.000,0.990,168.9,0.00,0.010,1.000,1.794
duo-tank-heal,50,8,solo,180,200,1.000,0.000,0.000,0.948,23.2,0.00,0.052,1.000,1.769
duo-tank-heal,50,8,solo,300,200,1.000,0.000,0.000,0.948,23.3,0.00,0.052,1.000,1.769
duo-tank-heal,50,8,pack,180,200,1.000,0.000,0.000,0.957,149.1,0.00,0.043,1.000,1.774
duo-tank-heal,50,8,pack,300,200,1.000,0.000,0.000,0.957,148.5,0.00,0.043,1.000,1.774
duo-tank-heal,50,8,boss,180,200,0.000,1.000,0.000,—,—,0.00,0.069,1.000,0.000
duo-tank-heal,50,8,boss,300,200,1.000,0.000,0.000,0.999,286.7,0.00,0.001,1.000,1.799
solo-tank,1,1,solo,180,200,1.000,0.000,0.000,0.406,30.0,0.00,0.594,1.000,1.208
solo-tank,1,1,solo,300,200,1.000,0.000,0.000,0.410,30.0,0.00,0.590,1.000,1.210
solo-tank,1,1,pack,180,200,0.000,0.000,1.000,—,—,1.00,1.000,1.000,0.000
solo-tank,1,1,pack,300,200,0.000,0.000,1.000,—,—,1.00,1.000,1.000,0.000
solo-tank,1,1,boss,180,200,0.000,0.000,1.000,—,—,1.00,1.000,1.000,0.000
solo-tank,1,1,boss,300,200,0.000,0.000,1.000,—,—,1.00,1.000,1.000,0.000
solo-tank,1,2,solo,180,200,0.000,0.000,1.000,—,—,1.00,1.000,1.000,0.000
solo-tank,1,2,solo,300,200,0.000,0.000,1.000,—,—,1.00,1.000,1.000,0.000
solo-tank,1,2,pack,180,200,0.000,0.000,1.000,—,—,1.00,1.000,1.000,0.000
solo-tank,1,2,pack,300,200,0.000,0.000,1.000,—,—,1.00,1.000,1.000,0.000
solo-tank,1,2,boss,180,200,0.000,0.000,1.000,—,—,1.00,1.000,1.000,0.000
solo-tank,1,2,boss,300,200,0.000,0.000,1.000,—,—,1.00,1.000,1.000,0.000
solo-tank,1,3,solo,180,200,0.000,0.000,1.000,—,—,1.00,1.000,1.000,0.000
solo-tank,1,3,solo,300,200,0.000,0.000,1.000,—,—,1.00,1.000,1.000,0.000
solo-tank,1,3,pack,180,200,0.000,0.000,1.000,—,—,1.00,1.000,1.000,0.000
solo-tank,1,3,pack,300,200,0.000,0.000,1.000,—,—,1.00,1.000,1.000,0.000
solo-tank,1,3,boss,180,200,0.000,0.000,1.000,—,—,1.00,1.000,1.000,0.000
solo-tank,1,3,boss,300,200,0.000,0.000,1.000,—,—,1.00,1.000,1.000,0.000
solo-tank,1,4,solo,180,200,0.000,0.000,1.000,—,—,1.00,1.000,1.000,0.000
solo-tank,1,4,solo,300,200,0.000,0.000,1.000,—,—,1.00,1.000,1.000,0.000
solo-tank,1,4,pack,180,200,0.000,0.000,1.000,—,—,1.00,1.000,1.000,0.000
solo-tank,1,4,pack,300,200,0.000,0.000,1.000,—,—,1.00,1.000,1.000,0.000
solo-tank,1,4,boss,180,200,0.000,0.000,1.000,—,—,1.00,1.000,1.000,0.000
solo-tank,1,4,boss,300,200,0.000,0.000,1.000,—,—,1.00,1.000,1.000,0.000
solo-tank,1,5,solo,180,200,0.000,0.000,1.000,—,—,1.00,1.000,1.000,0.000
solo-tank,1,5,solo,300,200,0.000,0.000,1.000,—,—,1.00,1.000,1.000,0.000
solo-tank,1,5,pack,180,200,0.000,0.000,1.000,—,—,1.00,1.000,1.000,0.000
solo-tank,1,5,pack,300,200,0.000,0.000,1.000,—,—,1.00,1.000,1.000,0.000
solo-tank,1,5,boss,180,200,0.000,0.000,1.000,—,—,1.00,1.000,1.000,0.000
solo-tank,1,5,boss,300,200,0.000,0.000,1.000,—,—,1.00,1.000,1.000,0.000
solo-tank,1,6,solo,180,200,0.000,0.000,1.000,—,—,1.00,1.000,1.000,0.000
solo-tank,1,6,solo,300,200,0.000,0.000,1.000,—,—,1.00,1.000,1.000,0.000
solo-tank,1,6,pack,180,200,0.000,0.000,1.000,—,—,1.00,1.000,1.000,0.000
solo-tank,1,6,pack,300,200,0.000,0.000,1.000,—,—,1.00,1.000,1.000,0.000
solo-tank,1,6,boss,180,200,0.000,0.000,1.000,—,—,1.00,1.000,1.000,0.000
solo-tank,1,6,boss,300,200,0.000,0.000,1.000,—,—,1.00,1.000,1.000,0.000
solo-tank,1,7,solo,180,200,0.000,0.000,1.000,—,—,1.00,1.000,1.000,0.000
solo-tank,1,7,solo,300,200,0.000,0.000,1.000,—,—,1.00,1.000,1.000,0.000
solo-tank,1,7,pack,180,200,0.000,0.000,1.000,—,—,1.00,1.000,1.000,0.000
solo-tank,1,7,pack,300,200,0.000,0.000,1.000,—,—,1.00,1.000,1.000,0.000
solo-tank,1,7,boss,180,200,0.000,0.000,1.000,—,—,1.00,1.000,1.000,0.000
solo-tank,1,7,boss,300,200,0.000,0.000,1.000,—,—,1.00,1.000,1.000,0.000
solo-tank,1,8,solo,180,200,0.000,0.000,1.000,—,—,1.00,1.000,1.000,0.000
solo-tank,1,8,solo,300,200,0.000,0.000,1.000,—,—,1.00,1.000,1.000,0.000
solo-tank,1,8,pack,180,200,0.000,0.000,1.000,—,—,1.00,1.000,1.000,0.000
solo-tank,1,8,pack,300,200,0.000,0.000,1.000,—,—,1.00,1.000,1.000,0.000
solo-tank,1,8,boss,180,200,0.000,0.000,1.000,—,—,1.00,1.000,1.000,0.000
solo-tank,1,8,boss,300,200,0.000,0.000,1.000,—,—,1.00,1.000,1.000,0.000
solo-tank,5,1,solo,180,200,1.000,0.000,0.000,0.798,18.0,0.00,0.202,1.000,1.427
solo-tank,5,1,solo,300,200,1.000,0.000,0.000,0.798,18.0,0.00,0.202,1.000,1.427
solo-tank,5,1,pack,180,200,0.000,0.000,1.000,—,—,1.00,1.000,1.000,0.000
solo-tank,5,1,pack,300,200,0.000,0.000,1.000,—,—,1.00,1.000,1.000,0.000
solo-tank,5,1,boss,180,200,0.000,0.000,1.000,—,—,1.00,1.000,1.000,0.000
solo-tank,5,1,boss,300,200,0.000,0.000,1.000,—,—,1.00,1.000,1.000,0.000
solo-tank,5,2,solo,180,200,1.000,0.000,0.000,0.542,24.0,0.00,0.458,1.000,1.297
solo-tank,5,2,solo,300,200,1.000,0.000,0.000,0.547,24.0,0.00,0.453,1.000,1.299
solo-tank,5,2,pack,180,200,0.000,0.000,1.000,—,—,1.00,1.000,1.000,0.000
solo-tank,5,2,pack,300,200,0.000,0.000,1.000,—,—,1.00,1.000,1.000,0.000
solo-tank,5,2,boss,180,200,0.000,0.000,1.000,—,—,1.00,1.000,1.000,0.000
solo-tank,5,2,boss,300,200,0.000,0.000,1.000,—,—,1.00,1.000,1.000,0.000
solo-tank,5,3,solo,180,200,0.045,0.000,0.955,0.091,36.0,0.95,0.996,1.000,0.048
solo-tank,5,3,solo,300,200,0.040,0.000,0.960,0.086,36.0,0.96,0.997,1.000,0.043
solo-tank,5,3,pack,180,200,0.000,0.000,1.000,—,—,1.00,1.000,1.000,0.000
solo-tank,5,3,pack,300,200,0.000,0.000,1.000,—,—,1.00,1.000,1.000,0.000
solo-tank,5,3,boss,180,200,0.000,0.000,1.000,—,—,1.00,1.000,1.000,0.000
solo-tank,5,3,boss,300,200,0.000,0.000,1.000,—,—,1.00,1.000,1.000,0.000
solo-tank,5,4,solo,180,200,0.000,0.000,1.000,—,—,1.00,1.000,1.000,0.000
solo-tank,5,4,solo,300,200,0.000,0.000,1.000,—,—,1.00,1.000,1.000,0.000
solo-tank,5,4,pack,180,200,0.000,0.000,1.000,—,—,1.00,1.000,1.000,0.000
solo-tank,5,4,pack,300,200,0.000,0.000,1.000,—,—,1.00,1.000,1.000,0.000
solo-tank,5,4,boss,180,200,0.000,0.000,1.000,—,—,1.00,1.000,1.000,0.000
solo-tank,5,4,boss,300,200,0.000,0.000,1.000,—,—,1.00,1.000,1.000,0.000
solo-tank,5,5,solo,180,200,0.000,0.000,1.000,—,—,1.00,1.000,1.000,0.000
solo-tank,5,5,solo,300,200,0.000,0.000,1.000,—,—,1.00,1.000,1.000,0.000
solo-tank,5,5,pack,180,200,0.000,0.000,1.000,—,—,1.00,1.000,1.000,0.000
solo-tank,5,5,pack,300,200,0.000,0.000,1.000,—,—,1.00,1.000,1.000,0.000
solo-tank,5,5,boss,180,200,0.000,0.000,1.000,—,—,1.00,1.000,1.000,0.000
solo-tank,5,5,boss,300,200,0.000,0.000,1.000,—,—,1.00,1.000,1.000,0.000
solo-tank,5,6,solo,180,200,0.000,0.000,1.000,—,—,1.00,1.000,1.000,0.000
solo-tank,5,6,solo,300,200,0.000,0.000,1.000,—,—,1.00,1.000,1.000,0.000
solo-tank,5,6,pack,180,200,0.000,0.000,1.000,—,—,1.00,1.000,1.000,0.000
solo-tank,5,6,pack,300,200,0.000,0.000,1.000,—,—,1.00,1.000,1.000,0.000
solo-tank,5,6,boss,180,200,0.000,0.000,1.000,—,—,1.00,1.000,1.000,0.000
solo-tank,5,6,boss,300,200,0.000,0.000,1.000,—,—,1.00,1.000,1.000,0.000
solo-tank,5,7,solo,180,200,0.000,0.000,1.000,—,—,1.00,1.000,1.000,0.000
solo-tank,5,7,solo,300,200,0.000,0.000,1.000,—,—,1.00,1.000,1.000,0.000
solo-tank,5,7,pack,180,200,0.000,0.000,1.000,—,—,1.00,1.000,1.000,0.000
solo-tank,5,7,pack,300,200,0.000,0.000,1.000,—,—,1.00,1.000,1.000,0.000
solo-tank,5,7,boss,180,200,0.000,0.000,1.000,—,—,1.00,1.000,1.000,0.000
solo-tank,5,7,boss,300,200,0.000,0.000,1.000,—,—,1.00,1.000,1.000,0.000
solo-tank,5,8,solo,180,200,0.000,0.000,1.000,—,—,1.00,1.000,1.000,0.000
solo-tank,5,8,solo,300,200,0.000,0.000,1.000,—,—,1.00,1.000,1.000,0.000
solo-tank,5,8,pack,180,200,0.000,0.000,1.000,—,—,1.00,1.000,1.000,0.000
solo-tank,5,8,pack,300,200,0.000,0.000,1.000,—,—,1.00,1.000,1.000,0.000
solo-tank,5,8,boss,180,200,0.000,0.000,1.000,—,—,1.00,1.000,1.000,0.000
solo-tank,5,8,boss,300,200,0.000,0.000,1.000,—,—,1.00,1.000,1.000,0.000
solo-tank,10,1,solo,180,200,1.000,0.000,0.000,0.969,6.0,0.00,0.031,1.000,1.544
solo-tank,10,1,solo,300,200,1.000,0.000,0.000,0.968,6.0,0.00,0.032,1.000,1.543
solo-tank,10,1,pack,180,200,1.000,0.000,0.000,0.528,30.0,0.00,0.472,1.000,1.314
solo-tank,10,1,pack,300,200,1.000,0.000,0.000,0.522,30.0,0.00,0.478,1.000,1.312
solo-tank,10,1,boss,180,200,1.000,0.000,0.000,0.152,66.0,0.00,0.848,1.000,1.119
solo-tank,10,1,boss,300,200,1.000,0.000,0.000,0.163,66.0,0.00,0.837,1.000,1.125
solo-tank,10,2,solo,180,200,1.000,0.000,0.000,0.870,12.0,0.00,0.130,1.000,1.493
solo-tank,10,2,solo,300,200,1.000,0.000,0.000,0.871,12.0,0.00,0.129,1.000,1.493
solo-tank,10,2,pack,180,200,0.000,0.000,1.000,—,—,1.00,1.000,1.000,0.000
solo-tank,10,2,pack,300,200,0.000,0.000,1.000,—,—,1.00,1.000,1.000,0.000
solo-tank,10,2,boss,180,200,0.000,0.000,1.000,—,—,1.00,1.000,1.000,0.000
solo-tank,10,2,boss,300,200,0.000,0.000,1.000,—,—,1.00,1.000,1.000,0.000
solo-tank,10,3,solo,180,200,1.000,0.000,0.000,0.668,18.0,0.00,0.332,1.000,1.387
solo-tank,10,3,solo,300,200,1.000,0.000,0.000,0.667,18.0,0.00,0.333,1.000,1.387
solo-tank,10,3,pack,180,200,0.000,0.000,1.000,—,—,1.00,1.000,1.000,0.000
solo-tank,10,3,pack,300,200,0.000,0.000,1.000,—,—,1.00,1.000,1.000,0.000
solo-tank,10,3,boss,180,200,0.000,0.000,1.000,—,—,1.00,1.000,1.000,0.000
solo-tank,10,3,boss,300,200,0.000,0.000,1.000,—,—,1.00,1.000,1.000,0.000
solo-tank,10,4,solo,180,200,1.000,0.000,0.000,0.151,30.0,0.00,0.849,1.000,1.118
solo-tank,10,4,solo,300,200,1.000,0.000,0.000,0.141,30.0,0.00,0.859,1.000,1.113
solo-tank,10,4,pack,180,200,0.000,0.000,1.000,—,—,1.00,1.000,1.000,0.000
solo-tank,10,4,pack,300,200,0.000,0.000,1.000,—,—,1.00,1.000,1.000,0.000
solo-tank,10,4,boss,180,200,0.000,0.000,1.000,—,—,1.00,1.000,1.000,0.000
solo-tank,10,4,boss,300,200,0.000,0.000,1.000,—,—,1.00,1.000,1.000,0.000
solo-tank,10,5,solo,180,200,0.000,0.000,1.000,—,—,1.00,1.000,1.000,0.000
solo-tank,10,5,solo,300,200,0.000,0.000,1.000,—,—,1.00,1.000,1.000,0.000
solo-tank,10,5,pack,180,200,0.000,0.000,1.000,—,—,1.00,1.000,1.000,0.000
solo-tank,10,5,pack,300,200,0.000,0.000,1.000,—,—,1.00,1.000,1.000,0.000
solo-tank,10,5,boss,180,200,0.000,0.000,1.000,—,—,1.00,1.000,1.000,0.000
solo-tank,10,5,boss,300,200,0.000,0.000,1.000,—,—,1.00,1.000,1.000,0.000
solo-tank,10,6,solo,180,200,0.000,0.000,1.000,—,—,1.00,1.000,1.000,0.000
solo-tank,10,6,solo,300,200,0.000,0.000,1.000,—,—,1.00,1.000,1.000,0.000
solo-tank,10,6,pack,180,200,0.000,0.000,1.000,—,—,1.00,1.000,1.000,0.000
solo-tank,10,6,pack,300,200,0.000,0.000,1.000,—,—,1.00,1.000,1.000,0.000
solo-tank,10,6,boss,180,200,0.000,0.000,1.000,—,—,1.00,1.000,1.000,0.000
solo-tank,10,6,boss,300,200,0.000,0.000,1.000,—,—,1.00,1.000,1.000,0.000
solo-tank,10,7,solo,180,200,0.000,0.000,1.000,—,—,1.00,1.000,1.000,0.000
solo-tank,10,7,solo,300,200,0.000,0.000,1.000,—,—,1.00,1.000,1.000,0.000
solo-tank,10,7,pack,180,200,0.000,0.000,1.000,—,—,1.00,1.000,1.000,0.000
solo-tank,10,7,pack,300,200,0.000,0.000,1.000,—,—,1.00,1.000,1.000,0.000
solo-tank,10,7,boss,180,200,0.000,0.000,1.000,—,—,1.00,1.000,1.000,0.000
solo-tank,10,7,boss,300,200,0.000,0.000,1.000,—,—,1.00,1.000,1.000,0.000
solo-tank,10,8,solo,180,200,0.000,0.000,1.000,—,—,1.00,1.000,1.000,0.000
solo-tank,10,8,solo,300,200,0.000,0.000,1.000,—,—,1.00,1.000,1.000,0.000
solo-tank,10,8,pack,180,200,0.000,0.000,1.000,—,—,1.00,1.000,1.000,0.000
solo-tank,10,8,pack,300,200,0.000,0.000,1.000,—,—,1.00,1.000,1.000,0.000
solo-tank,10,8,boss,180,200,0.000,0.000,1.000,—,—,1.00,1.000,1.000,0.000
solo-tank,10,8,boss,300,200,0.000,0.000,1.000,—,—,1.00,1.000,1.000,0.000
solo-tank,20,1,solo,180,200,1.000,0.000,0.000,0.999,6.0,0.00,0.001,1.000,1.620
solo-tank,20,1,solo,300,200,1.000,0.000,0.000,0.999,6.0,0.00,0.001,1.000,1.620
solo-tank,20,1,pack,180,200,1.000,0.000,0.000,0.845,30.0,0.00,0.155,1.000,1.536
solo-tank,20,1,pack,300,200,1.000,0.000,0.000,0.845,30.0,0.00,0.155,1.000,1.536
solo-tank,20,1,boss,180,200,1.000,0.000,0.000,0.846,42.0,0.00,0.154,1.000,1.537
solo-tank,20,1,boss,300,200,1.000,0.000,0.000,0.847,42.0,0.00,0.153,1.000,1.537
solo-tank,20,2,solo,180,200,1.000,0.000,0.000,0.985,6.0,0.00,0.015,1.000,1.612
solo-tank,20,2,solo,300,200,1.000,0.000,0.000,0.985,6.0,0.00,0.015,1.000,1.612
solo-tank,20,2,pack,180,200,1.000,0.000,0.000,0.676,30.0,0.00,0.324,1.000,1.445
solo-tank,20,2,pack,300,200,1.000,0.000,0.000,0.676,30.0,0.00,0.324,1.000,1.445
solo-tank,20,2,boss,180,200,1.000,0.000,0.000,0.517,60.0,0.00,0.483,1.000,1.359
solo-tank,20,2,boss,300,200,1.000,0.000,0.000,0.517,60.0,0.00,0.483,1.000,1.359
solo-tank,20,3,solo,180,200,1.000,0.000,0.000,0.921,12.0,0.00,0.079,1.000,1.577
solo-tank,20,3,solo,300,200,1.000,0.000,0.000,0.921,12.0,0.00,0.079,1.000,1.577
solo-tank,20,3,pack,180,200,0.555,0.000,0.445,0.098,48.0,0.45,0.945,1.000,0.629
solo-tank,20,3,pack,300,200,0.545,0.000,0.455,0.097,48.0,0.46,0.947,1.000,0.617
solo-tank,20,3,boss,180,200,0.025,0.000,0.975,0.074,78.0,0.97,0.998,1.000,0.028
solo-tank,20,3,boss,300,200,0.055,0.000,0.945,0.092,78.0,0.94,0.995,1.000,0.062
solo-tank,20,4,solo,180,200,1.000,0.000,0.000,0.777,18.0,0.00,0.223,1.000,1.499
solo-tank,20,4,solo,300,200,1.000,0.000,0.000,0.778,18.0,0.00,0.222,1.000,1.500
solo-tank,20,4,pack,180,200,0.000,0.000,1.000,—,—,1.00,1.000,1.000,0.000
solo-tank,20,4,pack,300,200,0.000,0.000,1.000,—,—,1.00,1.000,1.000,0.000
solo-tank,20,4,boss,180,200,0.000,0.000,1.000,—,—,1.00,1.000,1.000,0.000
solo-tank,20,4,boss,300,200,0.000,0.000,1.000,—,—,1.00,1.000,1.000,0.000
solo-tank,20,5,solo,180,200,1.000,0.000,0.000,0.390,30.0,0.00,0.610,1.000,1.291
solo-tank,20,5,solo,300,200,1.000,0.000,0.000,0.383,30.0,0.00,0.617,1.000,1.287
solo-tank,20,5,pack,180,200,0.000,0.000,1.000,—,—,1.00,1.000,1.000,0.000
solo-tank,20,5,pack,300,200,0.000,0.000,1.000,—,—,1.00,1.000,1.000,0.000
solo-tank,20,5,boss,180,200,0.000,0.000,1.000,—,—,1.00,1.000,1.000,0.000
solo-tank,20,5,boss,300,200,0.000,0.000,1.000,—,—,1.00,1.000,1.000,0.000
solo-tank,20,6,solo,180,200,0.000,0.000,1.000,—,—,1.00,1.000,1.000,0.000
solo-tank,20,6,solo,300,200,0.000,0.000,1.000,—,—,1.00,1.000,1.000,0.000
solo-tank,20,6,pack,180,200,0.000,0.000,1.000,—,—,1.00,1.000,1.000,0.000
solo-tank,20,6,pack,300,200,0.000,0.000,1.000,—,—,1.00,1.000,1.000,0.000
solo-tank,20,6,boss,180,200,0.000,0.000,1.000,—,—,1.00,1.000,1.000,0.000
solo-tank,20,6,boss,300,200,0.000,0.000,1.000,—,—,1.00,1.000,1.000,0.000
solo-tank,20,7,solo,180,200,0.000,0.000,1.000,—,—,1.00,1.000,1.000,0.000
solo-tank,20,7,solo,300,200,0.000,0.000,1.000,—,—,1.00,1.000,1.000,0.000
solo-tank,20,7,pack,180,200,0.000,0.000,1.000,—,—,1.00,1.000,1.000,0.000
solo-tank,20,7,pack,300,200,0.000,0.000,1.000,—,—,1.00,1.000,1.000,0.000
solo-tank,20,7,boss,180,200,0.000,0.000,1.000,—,—,1.00,1.000,1.000,0.000
solo-tank,20,7,boss,300,200,0.000,0.000,1.000,—,—,1.00,1.000,1.000,0.000
solo-tank,20,8,solo,180,200,0.000,0.000,1.000,—,—,1.00,1.000,1.000,0.000
solo-tank,20,8,solo,300,200,0.000,0.000,1.000,—,—,1.00,1.000,1.000,0.000
solo-tank,20,8,pack,180,200,0.000,0.000,1.000,—,—,1.00,1.000,1.000,0.000
solo-tank,20,8,pack,300,200,0.000,0.000,1.000,—,—,1.00,1.000,1.000,0.000
solo-tank,20,8,boss,180,200,0.000,0.000,1.000,—,—,1.00,1.000,1.000,0.000
solo-tank,20,8,boss,300,200,0.000,0.000,1.000,—,—,1.00,1.000,1.000,0.000
solo-tank,35,1,solo,180,200,1.000,0.000,0.000,1.000,0.0,0.00,0.000,—,1.710
solo-tank,35,1,solo,300,200,1.000,0.000,0.000,1.000,0.0,0.00,0.000,—,1.710
solo-tank,35,1,pack,180,200,1.000,0.000,0.000,1.000,12.0,0.00,0.000,1.000,1.710
solo-tank,35,1,pack,300,200,1.000,0.000,0.000,1.000,12.0,0.00,0.000,1.000,1.710
solo-tank,35,1,boss,180,200,1.000,0.000,0.000,1.000,30.0,0.00,0.000,1.000,1.710
solo-tank,35,1,boss,300,200,1.000,0.000,0.000,1.000,30.0,0.00,0.000,1.000,1.710
solo-tank,35,2,solo,180,200,1.000,0.000,0.000,1.000,6.0,0.00,0.000,1.000,1.710
solo-tank,35,2,solo,300,200,1.000,0.000,0.000,1.000,6.0,0.00,0.000,1.000,1.710
solo-tank,35,2,pack,180,200,1.000,0.000,0.000,0.941,30.0,0.00,0.059,1.000,1.676
solo-tank,35,2,pack,300,200,1.000,0.000,0.000,0.940,30.0,0.00,0.060,1.000,1.676
solo-tank,35,2,boss,180,200,1.000,0.000,0.000,0.968,42.0,0.00,0.032,1.000,1.692
solo-tank,35,2,boss,300,200,1.000,0.000,0.000,0.971,42.0,0.00,0.029,1.000,1.693
solo-tank,35,3,solo,180,200,1.000,0.000,0.000,0.997,6.0,0.00,0.003,1.000,1.708
solo-tank,35,3,solo,300,200,1.000,0.000,0.000,0.997,6.0,0.00,0.003,1.000,1.708
solo-tank,35,3,pack,180,200,1.000,0.000,0.000,0.823,30.0,0.00,0.177,1.000,1.609
solo-tank,35,3,pack,300,200,1.000,0.000,0.000,0.823,30.0,0.00,0.177,1.000,1.609
solo-tank,35,3,boss,180,200,1.000,0.000,0.000,0.790,54.0,0.00,0.210,1.000,1.591
solo-tank,35,3,boss,300,200,1.000,0.000,0.000,0.793,54.0,0.00,0.207,1.000,1.592
solo-tank,35,4,solo,180,200,1.000,0.000,0.000,0.967,12.0,0.00,0.033,1.000,1.691
solo-tank,35,4,solo,300,200,1.000,0.000,0.000,0.964,12.0,0.00,0.036,1.000,1.690
solo-tank,35,4,pack,180,200,1.000,0.000,0.000,0.440,48.0,0.00,0.560,1.000,1.391
solo-tank,35,4,pack,300,200,1.000,0.000,0.000,0.434,48.0,0.00,0.566,1.000,1.388
solo-tank,35,4,boss,180,200,1.000,0.000,0.000,0.357,78.0,0.00,0.643,1.000,1.343
solo-tank,35,4,boss,300,200,1.000,0.000,0.000,0.353,78.0,0.00,0.647,1.000,1.341
solo-tank,35,5,solo,180,200,1.000,0.000,0.000,0.878,18.0,0.00,0.122,1.000,1.641
solo-tank,35,5,solo,300,200,1.000,0.000,0.000,0.878,18.0,0.00,0.122,1.000,1.640
solo-tank,35,5,pack,180,200,0.000,0.000,1.000,—,—,1.00,1.000,1.000,0.000
solo-tank,35,5,pack,300,200,0.000,0.000,1.000,—,—,1.00,1.000,1.000,0.000
solo-tank,35,5,boss,180,200,0.000,0.000,1.000,—,—,1.00,1.000,1.000,0.000
solo-tank,35,5,boss,300,200,0.000,0.000,1.000,—,—,1.00,1.000,1.000,0.000
solo-tank,35,6,solo,180,200,1.000,0.000,0.000,0.691,24.0,0.00,0.309,1.000,1.534
solo-tank,35,6,solo,300,200,1.000,0.000,0.000,0.691,24.0,0.00,0.309,1.000,1.534
solo-tank,35,6,pack,180,200,0.000,0.000,1.000,—,—,1.00,1.000,1.000,0.000
solo-tank,35,6,pack,300,200,0.000,0.000,1.000,—,—,1.00,1.000,1.000,0.000
solo-tank,35,6,boss,180,200,0.000,0.000,1.000,—,—,1.00,1.000,1.000,0.000
solo-tank,35,6,boss,300,200,0.000,0.000,1.000,—,—,1.00,1.000,1.000,0.000
solo-tank,35,7,solo,180,200,0.870,0.000,0.130,0.159,42.0,0.13,0.862,1.000,1.071
solo-tank,35,7,solo,300,200,0.780,0.000,0.220,0.156,42.0,0.22,0.878,1.000,0.959
solo-tank,35,7,pack,180,200,0.000,0.000,1.000,—,—,1.00,1.000,1.000,0.000
solo-tank,35,7,pack,300,200,0.000,0.000,1.000,—,—,1.00,1.000,1.000,0.000
solo-tank,35,7,boss,180,200,0.000,0.000,1.000,—,—,1.00,1.000,1.000,0.000
solo-tank,35,7,boss,300,200,0.000,0.000,1.000,—,—,1.00,1.000,1.000,0.000
solo-tank,35,8,solo,180,200,0.000,0.000,1.000,—,—,1.00,1.000,1.000,0.000
solo-tank,35,8,solo,300,200,0.000,0.000,1.000,—,—,1.00,1.000,1.000,0.000
solo-tank,35,8,pack,180,200,0.000,0.000,1.000,—,—,1.00,1.000,1.000,0.000
solo-tank,35,8,pack,300,200,0.000,0.000,1.000,—,—,1.00,1.000,1.000,0.000
solo-tank,35,8,boss,180,200,0.000,0.000,1.000,—,—,1.00,1.000,1.000,0.000
solo-tank,35,8,boss,300,200,0.000,0.000,1.000,—,—,1.00,1.000,1.000,0.000
solo-tank,50,1,solo,180,200,1.000,0.000,0.000,1.000,0.0,0.00,0.000,—,1.800
solo-tank,50,1,solo,300,200,1.000,0.000,0.000,1.000,0.0,0.00,0.000,—,1.800
solo-tank,50,1,pack,180,200,1.000,0.000,0.000,1.000,12.0,0.00,0.000,1.000,1.800
solo-tank,50,1,pack,300,200,1.000,0.000,0.000,1.000,12.0,0.00,0.000,1.000,1.800
solo-tank,50,1,boss,180,200,1.000,0.000,0.000,1.000,24.0,0.00,0.000,1.000,1.800
solo-tank,50,1,boss,300,200,1.000,0.000,0.000,1.000,24.0,0.00,0.000,1.000,1.800
solo-tank,50,2,solo,180,200,1.000,0.000,0.000,1.000,0.0,0.00,0.000,—,1.800
solo-tank,50,2,solo,300,200,1.000,0.000,0.000,1.000,0.0,0.00,0.000,—,1.800
solo-tank,50,2,pack,180,200,1.000,0.000,0.000,1.000,12.0,0.00,0.000,1.000,1.800
solo-tank,50,2,pack,300,200,1.000,0.000,0.000,1.000,12.0,0.00,0.000,1.000,1.800
solo-tank,50,2,boss,180,200,1.000,0.000,0.000,1.000,30.0,0.00,0.000,1.000,1.800
solo-tank,50,2,boss,300,200,1.000,0.000,0.000,1.000,30.0,0.00,0.000,1.000,1.800
solo-tank,50,3,solo,180,200,1.000,0.000,0.000,1.000,6.0,0.00,0.000,1.000,1.800
solo-tank,50,3,solo,300,200,1.000,0.000,0.000,1.000,6.0,0.00,0.000,1.000,1.800
solo-tank,50,3,pack,180,200,1.000,0.000,0.000,0.977,30.0,0.00,0.023,1.000,1.786
solo-tank,50,3,pack,300,200,1.000,0.000,0.000,0.979,30.0,0.00,0.021,1.000,1.788
solo-tank,50,3,boss,180,200,1.000,0.000,0.000,0.996,42.0,0.00,0.004,1.000,1.797
solo-tank,50,3,boss,300,200,1.000,0.000,0.000,0.996,42.0,0.00,0.004,1.000,1.798
solo-tank,50,4,solo,180,200,1.000,0.000,0.000,1.000,6.0,0.00,0.000,1.000,1.800
solo-tank,50,4,solo,300,200,1.000,0.000,0.000,1.000,6.0,0.00,0.000,1.000,1.800
solo-tank,50,4,pack,180,200,1.000,0.000,0.000,0.887,30.0,0.00,0.113,1.000,1.732
solo-tank,50,4,pack,300,200,1.000,0.000,0.000,0.881,30.0,0.00,0.119,1.000,1.728
solo-tank,50,4,boss,180,200,1.000,0.000,0.000,0.856,60.0,0.00,0.144,1.000,1.713
solo-tank,50,4,boss,300,200,1.000,0.000,0.000,0.865,60.0,0.00,0.135,1.000,1.719
solo-tank,50,5,solo,180,200,1.000,0.000,0.000,0.982,12.0,0.00,0.018,1.000,1.789
solo-tank,50,5,solo,300,200,1.000,0.000,0.000,0.980,12.0,0.00,0.020,1.000,1.788
solo-tank,50,5,pack,180,200,1.000,0.000,0.000,0.552,48.0,0.00,0.448,1.000,1.531
solo-tank,50,5,pack,300,200,1.000,0.000,0.000,0.560,48.0,0.00,0.440,1.000,1.536
solo-tank,50,5,boss,180,200,1.000,0.000,0.000,0.482,84.0,0.00,0.518,1.000,1.489
solo-tank,50,5,boss,300,200,1.000,0.000,0.000,0.474,84.0,0.00,0.526,1.000,1.484
solo-tank,50,6,solo,180,200,1.000,0.000,0.000,0.910,18.0,0.00,0.090,1.000,1.746
solo-tank,50,6,solo,300,200,1.000,0.000,0.000,0.909,18.0,0.00,0.091,1.000,1.746
solo-tank,50,6,pack,180,200,0.025,0.000,0.975,0.087,66.0,0.97,0.998,1.000,0.031
solo-tank,50,6,pack,300,200,0.020,0.000,0.980,0.069,66.0,0.98,0.999,1.000,0.025
solo-tank,50,6,boss,180,200,0.000,0.000,1.000,—,—,1.00,1.000,1.000,0.000
solo-tank,50,6,boss,300,200,0.000,0.000,1.000,—,—,1.00,1.000,1.000,0.000
solo-tank,50,7,solo,180,200,1.000,0.000,0.000,0.708,30.0,0.00,0.292,1.000,1.625
solo-tank,50,7,solo,300,200,1.000,0.000,0.000,0.695,30.0,0.00,0.305,1.000,1.617
solo-tank,50,7,pack,180,200,0.000,0.000,1.000,—,—,1.00,1.000,1.000,0.000
solo-tank,50,7,pack,300,200,0.000,0.000,1.000,—,—,1.00,1.000,1.000,0.000
solo-tank,50,7,boss,180,200,0.000,0.000,1.000,—,—,1.00,1.000,1.000,0.000
solo-tank,50,7,boss,300,200,0.000,0.000,1.000,—,—,1.00,1.000,1.000,0.000
solo-tank,50,8,solo,180,200,0.880,0.000,0.120,0.193,48.0,0.12,0.830,1.000,1.158
solo-tank,50,8,solo,300,200,0.880,0.000,0.120,0.184,48.0,0.12,0.838,1.000,1.153
solo-tank,50,8,pack,180,200,0.000,0.000,1.000,—,—,1.00,1.000,1.000,0.000
solo-tank,50,8,pack,300,200,0.000,0.000,1.000,—,—,1.00,1.000,1.000,0.000
solo-tank,50,8,boss,180,200,0.000,0.000,1.000,—,—,1.00,1.000,1.000,0.000
solo-tank,50,8,boss,300,200,0.000,0.000,1.000,—,—,1.00,1.000,1.000,0.000
solo-dps,1,1,solo,180,200,1.000,0.000,0.000,0.483,8.2,0.00,0.517,—,1.246
solo-dps,1,1,solo,300,200,1.000,0.000,0.000,0.492,8.2,0.00,0.508,—,1.251
solo-dps,1,1,pack,180,200,0.000,0.000,1.000,—,—,1.00,1.000,—,0.000
solo-dps,1,1,pack,300,200,0.000,0.000,1.000,—,—,1.00,1.000,—,0.000
solo-dps,1,1,boss,180,200,0.000,0.000,1.000,—,—,1.00,1.000,—,0.000
solo-dps,1,1,boss,300,200,0.000,0.000,1.000,—,—,1.00,1.000,—,0.000
solo-dps,1,2,solo,180,200,0.060,0.000,0.940,0.267,12.1,0.94,0.984,—,0.068
solo-dps,1,2,solo,300,200,0.050,0.000,0.950,0.246,11.2,0.95,0.988,—,0.056
solo-dps,1,2,pack,180,200,0.000,0.000,1.000,—,—,1.00,1.000,—,0.000
solo-dps,1,2,pack,300,200,0.000,0.000,1.000,—,—,1.00,1.000,—,0.000
solo-dps,1,2,boss,180,200,0.000,0.000,1.000,—,—,1.00,1.000,—,0.000
solo-dps,1,2,boss,300,200,0.000,0.000,1.000,—,—,1.00,1.000,—,0.000
solo-dps,1,3,solo,180,200,0.000,0.000,1.000,—,—,1.00,1.000,—,0.000
solo-dps,1,3,solo,300,200,0.000,0.000,1.000,—,—,1.00,1.000,—,0.000
solo-dps,1,3,pack,180,200,0.000,0.000,1.000,—,—,1.00,1.000,—,0.000
solo-dps,1,3,pack,300,200,0.000,0.000,1.000,—,—,1.00,1.000,—,0.000
solo-dps,1,3,boss,180,200,0.000,0.000,1.000,—,—,1.00,1.000,—,0.000
solo-dps,1,3,boss,300,200,0.000,0.000,1.000,—,—,1.00,1.000,—,0.000
solo-dps,1,4,solo,180,200,0.000,0.000,1.000,—,—,1.00,1.000,—,0.000
solo-dps,1,4,solo,300,200,0.000,0.000,1.000,—,—,1.00,1.000,—,0.000
solo-dps,1,4,pack,180,200,0.000,0.000,1.000,—,—,1.00,1.000,—,0.000
solo-dps,1,4,pack,300,200,0.000,0.000,1.000,—,—,1.00,1.000,—,0.000
solo-dps,1,4,boss,180,200,0.000,0.000,1.000,—,—,1.00,1.000,—,0.000
solo-dps,1,4,boss,300,200,0.000,0.000,1.000,—,—,1.00,1.000,—,0.000
solo-dps,1,5,solo,180,200,0.000,0.000,1.000,—,—,1.00,1.000,—,0.000
solo-dps,1,5,solo,300,200,0.000,0.000,1.000,—,—,1.00,1.000,—,0.000
solo-dps,1,5,pack,180,200,0.000,0.000,1.000,—,—,1.00,1.000,—,0.000
solo-dps,1,5,pack,300,200,0.000,0.000,1.000,—,—,1.00,1.000,—,0.000
solo-dps,1,5,boss,180,200,0.000,0.000,1.000,—,—,1.00,1.000,—,0.000
solo-dps,1,5,boss,300,200,0.000,0.000,1.000,—,—,1.00,1.000,—,0.000
solo-dps,1,6,solo,180,200,0.000,0.000,1.000,—,—,1.00,1.000,—,0.000
solo-dps,1,6,solo,300,200,0.000,0.000,1.000,—,—,1.00,1.000,—,0.000
solo-dps,1,6,pack,180,200,0.000,0.000,1.000,—,—,1.00,1.000,—,0.000
solo-dps,1,6,pack,300,200,0.000,0.000,1.000,—,—,1.00,1.000,—,0.000
solo-dps,1,6,boss,180,200,0.000,0.000,1.000,—,—,1.00,1.000,—,0.000
solo-dps,1,6,boss,300,200,0.000,0.000,1.000,—,—,1.00,1.000,—,0.000
solo-dps,1,7,solo,180,200,0.000,0.000,1.000,—,—,1.00,1.000,—,0.000
solo-dps,1,7,solo,300,200,0.000,0.000,1.000,—,—,1.00,1.000,—,0.000
solo-dps,1,7,pack,180,200,0.000,0.000,1.000,—,—,1.00,1.000,—,0.000
solo-dps,1,7,pack,300,200,0.000,0.000,1.000,—,—,1.00,1.000,—,0.000
solo-dps,1,7,boss,180,200,0.000,0.000,1.000,—,—,1.00,1.000,—,0.000
solo-dps,1,7,boss,300,200,0.000,0.000,1.000,—,—,1.00,1.000,—,0.000
solo-dps,1,8,solo,180,200,0.000,0.000,1.000,—,—,1.00,1.000,—,0.000
solo-dps,1,8,solo,300,200,0.000,0.000,1.000,—,—,1.00,1.000,—,0.000
solo-dps,1,8,pack,180,200,0.000,0.000,1.000,—,—,1.00,1.000,—,0.000
solo-dps,1,8,pack,300,200,0.000,0.000,1.000,—,—,1.00,1.000,—,0.000
solo-dps,1,8,boss,180,200,0.000,0.000,1.000,—,—,1.00,1.000,—,0.000
solo-dps,1,8,boss,300,200,0.000,0.000,1.000,—,—,1.00,1.000,—,0.000
solo-dps,5,1,solo,180,200,1.000,0.000,0.000,0.750,4.0,0.00,0.250,—,1.403
solo-dps,5,1,solo,300,200,1.000,0.000,0.000,0.753,4.0,0.00,0.247,—,1.404
solo-dps,5,1,pack,180,200,0.005,0.000,0.995,0.050,14.7,0.99,1.000,—,0.005
solo-dps,5,1,pack,300,200,0.000,0.000,1.000,—,—,1.00,1.000,—,0.000
solo-dps,5,1,boss,180,200,0.000,0.000,1.000,—,—,1.00,1.000,—,0.000
solo-dps,5,1,boss,300,200,0.000,0.000,1.000,—,—,1.00,1.000,—,0.000
solo-dps,5,2,solo,180,200,1.000,0.000,0.000,0.471,6.0,0.00,0.529,—,1.260
solo-dps,5,2,solo,300,200,1.000,0.000,0.000,0.476,6.0,0.00,0.524,—,1.263
solo-dps,5,2,pack,180,200,0.000,0.000,1.000,—,—,1.00,1.000,—,0.000
solo-dps,5,2,pack,300,200,0.000,0.000,1.000,—,—,1.00,1.000,—,0.000
solo-dps,5,2,boss,180,200,0.000,0.000,1.000,—,—,1.00,1.000,—,0.000
solo-dps,5,2,boss,300,200,0.000,0.000,1.000,—,—,1.00,1.000,—,0.000
solo-dps,5,3,solo,180,200,1.000,0.000,0.000,0.233,8.4,0.00,0.767,—,1.139
solo-dps,5,3,solo,300,200,1.000,0.000,0.000,0.225,8.4,0.00,0.775,—,1.135
solo-dps,5,3,pack,180,200,0.000,0.000,1.000,—,—,1.00,1.000,—,0.000
solo-dps,5,3,pack,300,200,0.000,0.000,1.000,—,—,1.00,1.000,—,0.000
solo-dps,5,3,boss,180,200,0.000,0.000,1.000,—,—,1.00,1.000,—,0.000
solo-dps,5,3,boss,300,200,0.000,0.000,1.000,—,—,1.00,1.000,—,0.000
solo-dps,5,4,solo,180,200,0.005,0.000,0.995,0.253,12.6,0.99,0.999,—,0.006
solo-dps,5,4,solo,300,200,0.000,0.000,1.000,—,—,1.00,1.000,—,0.000
solo-dps,5,4,pack,180,200,0.000,0.000,1.000,—,—,1.00,1.000,—,0.000
solo-dps,5,4,pack,300,200,0.000,0.000,1.000,—,—,1.00,1.000,—,0.000
solo-dps,5,4,boss,180,200,0.000,0.000,1.000,—,—,1.00,1.000,—,0.000
solo-dps,5,4,boss,300,200,0.000,0.000,1.000,—,—,1.00,1.000,—,0.000
solo-dps,5,5,solo,180,200,0.000,0.000,1.000,—,—,1.00,1.000,—,0.000
solo-dps,5,5,solo,300,200,0.000,0.000,1.000,—,—,1.00,1.000,—,0.000
solo-dps,5,5,pack,180,200,0.000,0.000,1.000,—,—,1.00,1.000,—,0.000
solo-dps,5,5,pack,300,200,0.000,0.000,1.000,—,—,1.00,1.000,—,0.000
solo-dps,5,5,boss,180,200,0.000,0.000,1.000,—,—,1.00,1.000,—,0.000
solo-dps,5,5,boss,300,200,0.000,0.000,1.000,—,—,1.00,1.000,—,0.000
solo-dps,5,6,solo,180,200,0.000,0.000,1.000,—,—,1.00,1.000,—,0.000
solo-dps,5,6,solo,300,200,0.000,0.000,1.000,—,—,1.00,1.000,—,0.000
solo-dps,5,6,pack,180,200,0.000,0.000,1.000,—,—,1.00,1.000,—,0.000
solo-dps,5,6,pack,300,200,0.000,0.000,1.000,—,—,1.00,1.000,—,0.000
solo-dps,5,6,boss,180,200,0.000,0.000,1.000,—,—,1.00,1.000,—,0.000
solo-dps,5,6,boss,300,200,0.000,0.000,1.000,—,—,1.00,1.000,—,0.000
solo-dps,5,7,solo,180,200,0.000,0.000,1.000,—,—,1.00,1.000,—,0.000
solo-dps,5,7,solo,300,200,0.000,0.000,1.000,—,—,1.00,1.000,—,0.000
solo-dps,5,7,pack,180,200,0.000,0.000,1.000,—,—,1.00,1.000,—,0.000
solo-dps,5,7,pack,300,200,0.000,0.000,1.000,—,—,1.00,1.000,—,0.000
solo-dps,5,7,boss,180,200,0.000,0.000,1.000,—,—,1.00,1.000,—,0.000
solo-dps,5,7,boss,300,200,0.000,0.000,1.000,—,—,1.00,1.000,—,0.000
solo-dps,5,8,solo,180,200,0.000,0.000,1.000,—,—,1.00,1.000,—,0.000
solo-dps,5,8,solo,300,200,0.000,0.000,1.000,—,—,1.00,1.000,—,0.000
solo-dps,5,8,pack,180,200,0.000,0.000,1.000,—,—,1.00,1.000,—,0.000
solo-dps,5,8,pack,300,200,0.000,0.000,1.000,—,—,1.00,1.000,—,0.000
solo-dps,5,8,boss,180,200,0.000,0.000,1.000,—,—,1.00,1.000,—,0.000
solo-dps,5,8,boss,300,200,0.000,0.000,1.000,—,—,1.00,1.000,—,0.000
solo-dps,10,1,solo,180,200,1.000,0.000,0.000,0.899,1.7,0.00,0.101,—,1.508
solo-dps,10,1,solo,300,200,1.000,0.000,0.000,0.902,1.7,0.00,0.098,—,1.509
solo-dps,10,1,pack,180,200,1.000,0.000,0.000,0.392,8.6,0.00,0.608,—,1.244
solo-dps,10,1,pack,300,200,1.000,0.000,0.000,0.399,8.6,0.00,0.601,—,1.248
solo-dps,10,1,boss,180,200,0.290,0.000,0.710,0.154,14.9,0.71,0.955,—,0.325
solo-dps,10,1,boss,300,200,0.310,0.000,0.690,0.146,14.7,0.69,0.955,—,0.346
solo-dps,10,2,solo,180,200,1.000,0.000,0.000,0.736,3.1,0.00,0.264,—,1.423
solo-dps,10,2,solo,300,200,1.000,0.000,0.000,0.741,3.1,0.00,0.259,—,1.425
solo-dps,10,2,pack,180,200,0.005,0.000,0.995,0.108,10.3,0.99,0.999,—,0.005
solo-dps,10,2,pack,300,200,0.030,0.000,0.970,0.108,11.1,0.97,0.997,—,0.033
solo-dps,10,2,boss,180,200,0.000,0.000,1.000,—,—,1.00,1.000,—,0.000
solo-dps,10,2,boss,300,200,0.000,0.000,1.000,—,—,1.00,1.000,—,0.000
solo-dps,10,3,solo,180,200,1.000,0.000,0.000,0.596,4.8,0.00,0.404,—,1.350
solo-dps,10,3,solo,300,200,1.000,0.000,0.000,0.594,4.8,0.00,0.406,—,1.349
solo-dps,10,3,pack,180,200,0.000,0.000,1.000,—,—,1.00,1.000,—,0.000
solo-dps,10,3,pack,300,200,0.000,0.000,1.000,—,—,1.00,1.000,—,0.000
solo-dps,10,3,boss,180,200,0.000,0.000,1.000,—,—,1.00,1.000,—,0.000
solo-dps,10,3,boss,300,200,0.000,0.000,1.000,—,—,1.00,1.000,—,0.000
solo-dps,10,4,solo,180,200,1.000,0.000,0.000,0.187,6.8,0.00,0.813,—,1.137
solo-dps,10,4,solo,300,200,1.000,0.000,0.000,0.174,6.8,0.00,0.826,—,1.130
solo-dps,10,4,pack,180,200,0.000,0.000,1.000,—,—,1.00,1.000,—,0.000
solo-dps,10,4,pack,300,200,0.000,0.000,1.000,—,—,1.00,1.000,—,0.000
solo-dps,10,4,boss,180,200,0.000,0.000,1.000,—,—,1.00,1.000,—,0.000
solo-dps,10,4,boss,300,200,0.000,0.000,1.000,—,—,1.00,1.000,—,0.000
solo-dps,10,5,solo,180,200,0.015,0.000,0.985,0.196,9.1,0.98,0.997,—,0.017
solo-dps,10,5,solo,300,200,0.025,0.000,0.975,0.196,8.9,0.97,0.995,—,0.029
solo-dps,10,5,pack,180,200,0.000,0.000,1.000,—,—,1.00,1.000,—,0.000
solo-dps,10,5,pack,300,200,0.000,0.000,1.000,—,—,1.00,1.000,—,0.000
solo-dps,10,5,boss,180,200,0.000,0.000,1.000,—,—,1.00,1.000,—,0.000
solo-dps,10,5,boss,300,200,0.000,0.000,1.000,—,—,1.00,1.000,—,0.000
solo-dps,10,6,solo,180,200,0.000,0.000,1.000,—,—,1.00,1.000,—,0.000
solo-dps,10,6,solo,300,200,0.000,0.000,1.000,—,—,1.00,1.000,—,0.000
solo-dps,10,6,pack,180,200,0.000,0.000,1.000,—,—,1.00,1.000,—,0.000
solo-dps,10,6,pack,300,200,0.000,0.000,1.000,—,—,1.00,1.000,—,0.000
solo-dps,10,6,boss,180,200,0.000,0.000,1.000,—,—,1.00,1.000,—,0.000
solo-dps,10,6,boss,300,200,0.000,0.000,1.000,—,—,1.00,1.000,—,0.000
solo-dps,10,7,solo,180,200,0.000,0.000,1.000,—,—,1.00,1.000,—,0.000
solo-dps,10,7,solo,300,200,0.000,0.000,1.000,—,—,1.00,1.000,—,0.000
solo-dps,10,7,pack,180,200,0.000,0.000,1.000,—,—,1.00,1.000,—,0.000
solo-dps,10,7,pack,300,200,0.000,0.000,1.000,—,—,1.00,1.000,—,0.000
solo-dps,10,7,boss,180,200,0.000,0.000,1.000,—,—,1.00,1.000,—,0.000
solo-dps,10,7,boss,300,200,0.000,0.000,1.000,—,—,1.00,1.000,—,0.000
solo-dps,10,8,solo,180,200,0.000,0.000,1.000,—,—,1.00,1.000,—,0.000
solo-dps,10,8,solo,300,200,0.000,0.000,1.000,—,—,1.00,1.000,—,0.000
solo-dps,10,8,pack,180,200,0.000,0.000,1.000,—,—,1.00,1.000,—,0.000
solo-dps,10,8,pack,300,200,0.000,0.000,1.000,—,—,1.00,1.000,—,0.000
solo-dps,10,8,boss,180,200,0.000,0.000,1.000,—,—,1.00,1.000,—,0.000
solo-dps,10,8,boss,300,200,0.000,0.000,1.000,—,—,1.00,1.000,—,0.000
solo-dps,20,1,solo,180,200,1.000,0.000,0.000,1.000,0.0,0.00,0.000,—,1.620
solo-dps,20,1,solo,300,200,1.000,0.000,0.000,1.000,0.0,0.00,0.000,—,1.620
solo-dps,20,1,pack,180,200,1.000,0.000,0.000,0.862,2.7,0.00,0.138,—,1.546
solo-dps,20,1,pack,300,200,1.000,0.000,0.000,0.861,2.7,0.00,0.139,—,1.545
solo-dps,20,1,boss,180,200,1.000,0.000,0.000,0.643,8.0,0.00,0.357,—,1.427
solo-dps,20,1,boss,300,200,1.000,0.000,0.000,0.643,8.1,0.00,0.357,—,1.427
solo-dps,20,2,solo,180,200,1.000,0.000,0.000,0.915,1.2,0.00,0.085,—,1.574
solo-dps,20,2,solo,300,200,1.000,0.000,0.000,0.917,1.2,0.00,0.083,—,1.575
solo-dps,20,2,pack,180,200,1.000,0.000,0.000,0.485,6.2,0.00,0.515,—,1.342
solo-dps,20,2,pack,300,200,1.000,0.000,0.000,0.479,6.3,0.00,0.521,—,1.339
solo-dps,20,2,boss,180,200,1.000,0.000,0.000,0.357,10.6,0.00,0.643,—,1.273
solo-dps,20,2,boss,300,200,1.000,0.000,0.000,0.351,10.6,0.00,0.649,—,1.269
solo-dps,20,3,solo,180,200,1.000,0.000,0.000,0.863,1.4,0.00,0.137,—,1.546
solo-dps,20,3,solo,300,200,1.000,0.000,0.000,0.859,1.4,0.00,0.141,—,1.544
solo-dps,20,3,pack,180,200,1.000,0.000,0.000,0.163,6.8,0.00,0.837,—,1.168
solo-dps,20,3,pack,300,200,1.000,0.000,0.000,0.172,6.8,0.00,0.828,—,1.173
solo-dps,20,3,boss,180,200,0.185,0.000,0.815,0.079,14.5,0.81,0.985,—,0.208
solo-dps,20,3,boss,300,200,0.200,0.000,0.800,0.086,14.6,0.80,0.983,—,0.225
solo-dps,20,4,solo,180,200,1.000,0.000,0.000,0.811,2.7,0.00,0.189,—,1.518
solo-dps,20,4,solo,300,200,1.000,0.000,0.000,0.808,2.7,0.00,0.192,—,1.516
solo-dps,20,4,pack,180,200,0.010,0.000,0.990,0.008,10.9,0.99,1.000,—,0.011
solo-dps,20,4,pack,300,200,0.000,0.000,1.000,—,—,1.00,1.000,—,0.000
solo-dps,20,4,boss,180,200,0.000,0.000,1.000,—,—,1.00,1.000,—,0.000
solo-dps,20,4,boss,300,200,0.000,0.000,1.000,—,—,1.00,1.000,—,0.000
solo-dps,20,5,solo,180,200,1.000,0.000,0.000,0.466,4.7,0.00,0.534,—,1.332
solo-dps,20,5,solo,300,200,1.000,0.000,0.000,0.469,4.9,0.00,0.531,—,1.333
solo-dps,20,5,pack,180,200,0.000,0.000,1.000,—,—,1.00,1.000,—,0.000
solo-dps,20,5,pack,300,200,0.000,0.000,1.000,—,—,1.00,1.000,—,0.000
solo-dps,20,5,boss,180,200,0.000,0.000,1.000,—,—,1.00,1.000,—,0.000
solo-dps,20,5,boss,300,200,0.000,0.000,1.000,—,—,1.00,1.000,—,0.000
solo-dps,20,6,solo,180,200,0.145,0.000,0.855,0.219,7.3,0.85,0.968,—,0.174
solo-dps,20,6,solo,300,200,0.095,0.000,0.905,0.219,7.2,0.91,0.979,—,0.114
solo-dps,20,6,pack,180,200,0.000,0.000,1.000,—,—,1.00,1.000,—,0.000
solo-dps,20,6,pack,300,200,0.000,0.000,1.000,—,—,1.00,1.000,—,0.000
solo-dps,20,6,boss,180,200,0.000,0.000,1.000,—,—,1.00,1.000,—,0.000
solo-dps,20,6,boss,300,200,0.000,0.000,1.000,—,—,1.00,1.000,—,0.000
solo-dps,20,7,solo,180,200,0.000,0.000,1.000,—,—,1.00,1.000,—,0.000
solo-dps,20,7,solo,300,200,0.000,0.000,1.000,—,—,1.00,1.000,—,0.000
solo-dps,20,7,pack,180,200,0.000,0.000,1.000,—,—,1.00,1.000,—,0.000
solo-dps,20,7,pack,300,200,0.000,0.000,1.000,—,—,1.00,1.000,—,0.000
solo-dps,20,7,boss,180,200,0.000,0.000,1.000,—,—,1.00,1.000,—,0.000
solo-dps,20,7,boss,300,200,0.000,0.000,1.000,—,—,1.00,1.000,—,0.000
solo-dps,20,8,solo,180,200,0.000,0.000,1.000,—,—,1.00,1.000,—,0.000
solo-dps,20,8,solo,300,200,0.000,0.000,1.000,—,—,1.00,1.000,—,0.000
solo-dps,20,8,pack,180,200,0.000,0.000,1.000,—,—,1.00,1.000,—,0.000
solo-dps,20,8,pack,300,200,0.000,0.000,1.000,—,—,1.00,1.000,—,0.000
solo-dps,20,8,boss,180,200,0.000,0.000,1.000,—,—,1.00,1.000,—,0.000
solo-dps,20,8,boss,300,200,0.000,0.000,1.000,—,—,1.00,1.000,—,0.000
solo-dps,35,1,solo,180,200,1.000,0.000,0.000,1.000,0.0,0.00,0.000,—,1.710
solo-dps,35,1,solo,300,200,1.000,0.000,0.000,1.000,0.0,0.00,0.000,—,1.710
solo-dps,35,1,pack,180,200,1.000,0.000,0.000,0.907,2.3,0.00,0.093,—,1.657
solo-dps,35,1,pack,300,200,1.000,0.000,0.000,0.907,2.3,0.00,0.093,—,1.657
solo-dps,35,1,boss,180,200,1.000,0.000,0.000,0.828,5.1,0.00,0.172,—,1.612
solo-dps,35,1,boss,300,200,1.000,0.000,0.000,0.827,5.0,0.00,0.173,—,1.612
solo-dps,35,2,solo,180,200,1.000,0.000,0.000,1.000,0.0,0.00,0.000,—,1.710
solo-dps,35,2,solo,300,200,1.000,0.000,0.000,1.000,0.0,0.00,0.000,—,1.710
solo-dps,35,2,pack,180,200,1.000,0.000,0.000,0.866,2.3,0.00,0.134,—,1.633
solo-dps,35,2,pack,300,200,1.000,0.000,0.000,0.866,2.3,0.00,0.134,—,1.634
solo-dps,35,2,boss,180,200,1.000,0.000,0.000,0.717,6.2,0.00,0.283,—,1.549
solo-dps,35,2,boss,300,200,1.000,0.000,0.000,0.715,6.2,0.00,0.285,—,1.547
solo-dps,35,3,solo,180,200,1.000,0.000,0.000,0.929,0.9,0.00,0.071,—,1.670
solo-dps,35,3,solo,300,200,1.000,0.000,0.000,0.929,0.9,0.00,0.071,—,1.670
solo-dps,35,3,pack,180,200,1.000,0.000,0.000,0.584,5.0,0.00,0.416,—,1.473
solo-dps,35,3,pack,300,200,1.000,0.000,0.000,0.584,5.1,0.00,0.416,—,1.473
solo-dps,35,3,boss,180,200,1.000,0.000,0.000,0.489,8.3,0.00,0.511,—,1.419
solo-dps,35,3,boss,300,200,1.000,0.000,0.000,0.488,8.3,0.00,0.512,—,1.418
solo-dps,35,4,solo,180,200,1.000,0.000,0.000,0.871,1.1,0.00,0.129,—,1.636
solo-dps,35,4,solo,300,200,1.000,0.000,0.000,0.871,1.1,0.00,0.129,—,1.636
solo-dps,35,4,pack,180,200,1.000,0.000,0.000,0.356,5.7,0.00,0.644,—,1.343
solo-dps,35,4,pack,300,200,1.000,0.000,0.000,0.357,5.7,0.00,0.643,—,1.343
solo-dps,35,4,boss,180,200,0.870,0.000,0.130,0.131,10.8,0.13,0.886,—,1.057
solo-dps,35,4,boss,300,200,0.890,0.000,0.110,0.142,10.8,0.11,0.874,—,1.087
solo-dps,35,5,solo,180,200,1.000,0.000,0.000,0.824,2.2,0.00,0.176,—,1.610
solo-dps,35,5,solo,300,200,1.000,0.000,0.000,0.817,2.2,0.00,0.183,—,1.606
solo-dps,35,5,pack,180,200,0.055,0.000,0.945,0.059,8.3,0.94,0.997,—,0.065
solo-dps,35,5,pack,300,200,0.060,0.000,0.940,0.075,8.5,0.94,0.996,—,0.071
solo-dps,35,5,boss,180,200,0.000,0.000,1.000,—,—,1.00,1.000,—,0.000
solo-dps,35,5,boss,300,200,0.000,0.000,1.000,—,—,1.00,1.000,—,0.000
solo-dps,35,6,solo,180,200,1.000,0.000,0.000,0.528,3.3,0.00,0.472,—,1.441
solo-dps,35,6,solo,300,200,1.000,0.000,0.000,0.501,3.4,0.00,0.499,—,1.426
solo-dps,35,6,pack,180,200,0.000,0.000,1.000,—,—,1.00,1.000,—,0.000
solo-dps,35,6,pack,300,200,0.000,0.000,1.000,—,—,1.00,1.000,—,0.000
solo-dps,35,6,boss,180,200,0.000,0.000,1.000,—,—,1.00,1.000,—,0.000
solo-dps,35,6,boss,300,200,0.000,0.000,1.000,—,—,1.00,1.000,—,0.000
solo-dps,35,7,solo,180,200,0.805,0.000,0.195,0.305,5.4,0.20,0.755,—,1.057
solo-dps,35,7,solo,300,200,0.850,0.000,0.150,0.287,5.4,0.15,0.756,—,1.108
solo-dps,35,7,pack,180,200,0.000,0.000,1.000,—,—,1.00,1.000,—,0.000
solo-dps,35,7,pack,300,200,0.000,0.000,1.000,—,—,1.00,1.000,—,0.000
solo-dps,35,7,boss,180,200,0.000,0.000,1.000,—,—,1.00,1.000,—,0.000
solo-dps,35,7,boss,300,200,0.000,0.000,1.000,—,—,1.00,1.000,—,0.000
solo-dps,35,8,solo,180,200,0.000,0.000,1.000,—,—,1.00,1.000,—,0.000
solo-dps,35,8,solo,300,200,0.005,0.000,0.995,0.484,8.0,0.99,0.998,—,0.007
solo-dps,35,8,pack,180,200,0.000,0.000,1.000,—,—,1.00,1.000,—,0.000
solo-dps,35,8,pack,300,200,0.000,0.000,1.000,—,—,1.00,1.000,—,0.000
solo-dps,35,8,boss,180,200,0.000,0.000,1.000,—,—,1.00,1.000,—,0.000
solo-dps,35,8,boss,300,200,0.000,0.000,1.000,—,—,1.00,1.000,—,0.000
solo-dps,50,1,solo,180,200,1.000,0.000,0.000,1.000,0.0,0.00,0.000,—,1.800
solo-dps,50,1,solo,300,200,1.000,0.000,0.000,1.000,0.0,0.00,0.000,—,1.800
solo-dps,50,1,pack,180,200,1.000,0.000,0.000,0.929,2.1,0.00,0.071,—,1.757
solo-dps,50,1,pack,300,200,1.000,0.000,0.000,0.929,2.1,0.00,0.071,—,1.757
solo-dps,50,1,boss,180,200,1.000,0.000,0.000,0.868,3.6,0.00,0.132,—,1.721
solo-dps,50,1,boss,300,200,1.000,0.000,0.000,0.868,3.6,0.00,0.132,—,1.721
solo-dps,50,2,solo,180,200,1.000,0.000,0.000,1.000,0.0,0.00,0.000,—,1.800
solo-dps,50,2,solo,300,200,1.000,0.000,0.000,1.000,0.0,0.00,0.000,—,1.800
solo-dps,50,2,pack,180,200,1.000,0.000,0.000,0.899,2.1,0.00,0.101,—,1.739
solo-dps,50,2,pack,300,200,1.000,0.000,0.000,0.901,2.1,0.00,0.099,—,1.741
solo-dps,50,2,boss,180,200,1.000,0.000,0.000,0.816,4.5,0.00,0.184,—,1.689
solo-dps,50,2,boss,300,200,1.000,0.000,0.000,0.817,4.5,0.00,0.183,—,1.690
solo-dps,50,3,solo,180,200,1.000,0.000,0.000,1.000,0.0,0.00,0.000,—,1.800
solo-dps,50,3,solo,300,200,1.000,0.000,0.000,1.000,0.0,0.00,0.000,—,1.800
solo-dps,50,3,pack,180,200,1.000,0.000,0.000,0.859,2.1,0.00,0.141,—,1.715
solo-dps,50,3,pack,300,200,1.000,0.000,0.000,0.857,2.1,0.00,0.143,—,1.714
solo-dps,50,3,boss,180,200,1.000,0.000,0.000,0.720,5.4,0.00,0.280,—,1.632
solo-dps,50,3,boss,300,200,1.000,0.000,0.000,0.712,5.5,0.00,0.288,—,1.627
solo-dps,50,4,solo,180,200,1.000,0.000,0.000,0.929,0.8,0.00,0.071,—,1.758
solo-dps,50,4,solo,300,200,1.000,0.000,0.000,0.928,0.8,0.00,0.072,—,1.757
solo-dps,50,4,pack,180,200,1.000,0.000,0.000,0.584,4.3,0.00,0.416,—,1.550
solo-dps,50,4,pack,300,200,1.000,0.000,0.000,0.580,4.4,0.00,0.420,—,1.548
solo-dps,50,4,boss,180,200,1.000,0.000,0.000,0.500,7.6,0.00,0.500,—,1.500
solo-dps,50,4,boss,300,200,1.000,0.000,0.000,0.499,7.6,0.00,0.501,—,1.499
solo-dps,50,5,solo,180,200,1.000,0.000,0.000,0.864,1.0,0.00,0.136,—,1.718
solo-dps,50,5,solo,300,200,1.000,0.000,0.000,0.863,1.0,0.00,0.137,—,1.718
solo-dps,50,5,pack,180,200,1.000,0.000,0.000,0.316,5.2,0.00,0.684,—,1.390
solo-dps,50,5,pack,300,200,1.000,0.000,0.000,0.312,5.2,0.00,0.688,—,1.387
solo-dps,50,5,boss,180,200,1.000,0.000,0.000,0.081,10.2,0.00,0.919,—,1.249
solo-dps,50,5,boss,300,200,1.000,0.000,0.000,0.080,10.3,0.00,0.920,—,1.248
solo-dps,50,6,solo,180,200,1.000,0.000,0.000,0.807,2.0,0.00,0.193,—,1.684
solo-dps,50,6,solo,300,200,1.000,0.000,0.000,0.806,2.0,0.00,0.194,—,1.684
solo-dps,50,6,pack,180,200,0.020,0.000,0.980,0.194,8.1,0.98,0.996,—,0.026
solo-dps,50,6,pack,300,200,0.015,0.000,0.985,0.194,8.3,0.98,0.997,—,0.020
solo-dps,50,6,boss,180,200,0.000,0.000,1.000,—,—,1.00,1.000,—,0.000
solo-dps,50,6,boss,300,200,0.000,0.000,1.000,—,—,1.00,1.000,—,0.000
solo-dps,50,7,solo,180,200,1.000,0.000,0.000,0.471,3.3,0.00,0.529,—,1.483
solo-dps,50,7,solo,300,200,1.000,0.000,0.000,0.471,3.4,0.00,0.529,—,1.483
solo-dps,50,7,pack,180,200,0.000,0.000,1.000,—,—,1.00,1.000,—,0.000
solo-dps,50,7,pack,300,200,0.000,0.000,1.000,—,—,1.00,1.000,—,0.000
solo-dps,50,7,boss,180,200,0.000,0.000,1.000,—,—,1.00,1.000,—,0.000
solo-dps,50,7,boss,300,200,0.000,0.000,1.000,—,—,1.00,1.000,—,0.000
solo-dps,50,8,solo,180,200,0.645,0.000,0.355,0.249,5.0,0.35,0.840,—,0.870
solo-dps,50,8,solo,300,200,0.610,0.000,0.390,0.241,5.1,0.39,0.853,—,0.820
solo-dps,50,8,pack,180,200,0.000,0.000,1.000,—,—,1.00,1.000,—,0.000
solo-dps,50,8,pack,300,200,0.000,0.000,1.000,—,—,1.00,1.000,—,0.000
solo-dps,50,8,boss,180,200,0.000,0.000,1.000,—,—,1.00,1.000,—,0.000
solo-dps,50,8,boss,300,200,0.000,0.000,1.000,—,—,1.00,1.000,—,0.000
solo-crit,1,1,solo,180,200,1.000,0.000,0.000,0.507,7.6,0.00,0.493,—,1.259
solo-crit,1,1,solo,300,200,1.000,0.000,0.000,0.512,7.5,0.00,0.488,—,1.261
solo-crit,1,1,pack,180,200,0.000,0.000,1.000,—,—,1.00,1.000,—,0.000
solo-crit,1,1,pack,300,200,0.000,0.000,1.000,—,—,1.00,1.000,—,0.000
solo-crit,1,1,boss,180,200,0.000,0.000,1.000,—,—,1.00,1.000,—,0.000
solo-crit,1,1,boss,300,200,0.000,0.000,1.000,—,—,1.00,1.000,—,0.000
solo-crit,1,2,solo,180,200,0.170,0.000,0.830,0.071,11.6,0.83,0.988,—,0.177
solo-crit,1,2,solo,300,200,0.155,0.000,0.845,0.057,11.5,0.84,0.991,—,0.160
solo-crit,1,2,pack,180,200,0.000,0.000,1.000,—,—,1.00,1.000,—,0.000
solo-crit,1,2,pack,300,200,0.000,0.000,1.000,—,—,1.00,1.000,—,0.000
solo-crit,1,2,boss,180,200,0.000,0.000,1.000,—,—,1.00,1.000,—,0.000
solo-crit,1,2,boss,300,200,0.000,0.000,1.000,—,—,1.00,1.000,—,0.000
solo-crit,1,3,solo,180,200,0.000,0.000,1.000,—,—,1.00,1.000,—,0.000
solo-crit,1,3,solo,300,200,0.000,0.000,1.000,—,—,1.00,1.000,—,0.000
solo-crit,1,3,pack,180,200,0.000,0.000,1.000,—,—,1.00,1.000,—,0.000
solo-crit,1,3,pack,300,200,0.000,0.000,1.000,—,—,1.00,1.000,—,0.000
solo-crit,1,3,boss,180,200,0.000,0.000,1.000,—,—,1.00,1.000,—,0.000
solo-crit,1,3,boss,300,200,0.000,0.000,1.000,—,—,1.00,1.000,—,0.000
solo-crit,1,4,solo,180,200,0.000,0.000,1.000,—,—,1.00,1.000,—,0.000
solo-crit,1,4,solo,300,200,0.000,0.000,1.000,—,—,1.00,1.000,—,0.000
solo-crit,1,4,pack,180,200,0.000,0.000,1.000,—,—,1.00,1.000,—,0.000
solo-crit,1,4,pack,300,200,0.000,0.000,1.000,—,—,1.00,1.000,—,0.000
solo-crit,1,4,boss,180,200,0.000,0.000,1.000,—,—,1.00,1.000,—,0.000
solo-crit,1,4,boss,300,200,0.000,0.000,1.000,—,—,1.00,1.000,—,0.000
solo-crit,1,5,solo,180,200,0.000,0.000,1.000,—,—,1.00,1.000,—,0.000
solo-crit,1,5,solo,300,200,0.000,0.000,1.000,—,—,1.00,1.000,—,0.000
solo-crit,1,5,pack,180,200,0.000,0.000,1.000,—,—,1.00,1.000,—,0.000
solo-crit,1,5,pack,300,200,0.000,0.000,1.000,—,—,1.00,1.000,—,0.000
solo-crit,1,5,boss,180,200,0.000,0.000,1.000,—,—,1.00,1.000,—,0.000
solo-crit,1,5,boss,300,200,0.000,0.000,1.000,—,—,1.00,1.000,—,0.000
solo-crit,1,6,solo,180,200,0.000,0.000,1.000,—,—,1.00,1.000,—,0.000
solo-crit,1,6,solo,300,200,0.000,0.000,1.000,—,—,1.00,1.000,—,0.000
solo-crit,1,6,pack,180,200,0.000,0.000,1.000,—,—,1.00,1.000,—,0.000
solo-crit,1,6,pack,300,200,0.000,0.000,1.000,—,—,1.00,1.000,—,0.000
solo-crit,1,6,boss,180,200,0.000,0.000,1.000,—,—,1.00,1.000,—,0.000
solo-crit,1,6,boss,300,200,0.000,0.000,1.000,—,—,1.00,1.000,—,0.000
solo-crit,1,7,solo,180,200,0.000,0.000,1.000,—,—,1.00,1.000,—,0.000
solo-crit,1,7,solo,300,200,0.000,0.000,1.000,—,—,1.00,1.000,—,0.000
solo-crit,1,7,pack,180,200,0.000,0.000,1.000,—,—,1.00,1.000,—,0.000
solo-crit,1,7,pack,300,200,0.000,0.000,1.000,—,—,1.00,1.000,—,0.000
solo-crit,1,7,boss,180,200,0.000,0.000,1.000,—,—,1.00,1.000,—,0.000
solo-crit,1,7,boss,300,200,0.000,0.000,1.000,—,—,1.00,1.000,—,0.000
solo-crit,1,8,solo,180,200,0.000,0.000,1.000,—,—,1.00,1.000,—,0.000
solo-crit,1,8,solo,300,200,0.000,0.000,1.000,—,—,1.00,1.000,—,0.000
solo-crit,1,8,pack,180,200,0.000,0.000,1.000,—,—,1.00,1.000,—,0.000
solo-crit,1,8,pack,300,200,0.000,0.000,1.000,—,—,1.00,1.000,—,0.000
solo-crit,1,8,boss,180,200,0.000,0.000,1.000,—,—,1.00,1.000,—,0.000
solo-crit,1,8,boss,300,200,0.000,0.000,1.000,—,—,1.00,1.000,—,0.000
solo-crit,5,1,solo,180,200,1.000,0.000,0.000,0.748,3.4,0.00,0.252,—,1.401
solo-crit,5,1,solo,300,200,1.000,0.000,0.000,0.749,3.3,0.00,0.251,—,1.402
solo-crit,5,1,pack,180,200,0.025,0.000,0.975,0.034,10.7,0.97,0.999,—,0.026
solo-crit,5,1,pack,300,200,0.040,0.000,0.960,0.005,10.8,0.96,1.000,—,0.041
solo-crit,5,1,boss,180,200,0.000,0.000,1.000,—,—,1.00,1.000,—,0.000
solo-crit,5,1,boss,300,200,0.000,0.000,1.000,—,—,1.00,1.000,—,0.000
solo-crit,5,2,solo,180,200,1.000,0.000,0.000,0.603,5.1,0.00,0.397,—,1.328
solo-crit,5,2,solo,300,200,1.000,0.000,0.000,0.600,5.0,0.00,0.400,—,1.326
solo-crit,5,2,pack,180,200,0.000,0.000,1.000,—,—,1.00,1.000,—,0.000
solo-crit,5,2,pack,300,200,0.000,0.000,1.000,—,—,1.00,1.000,—,0.000
solo-crit,5,2,boss,180,200,0.000,0.000,1.000,—,—,1.00,1.000,—,0.000
solo-crit,5,2,boss,300,200,0.000,0.000,1.000,—,—,1.00,1.000,—,0.000
solo-crit,5,3,solo,180,200,1.000,0.000,0.000,0.176,7.3,0.00,0.824,—,1.110
solo-crit,5,3,solo,300,200,1.000,0.000,0.000,0.179,7.2,0.00,0.821,—,1.111
solo-crit,5,3,pack,180,200,0.000,0.000,1.000,—,—,1.00,1.000,—,0.000
solo-crit,5,3,pack,300,200,0.000,0.000,1.000,—,—,1.00,1.000,—,0.000
solo-crit,5,3,boss,180,200,0.000,0.000,1.000,—,—,1.00,1.000,—,0.000
solo-crit,5,3,boss,300,200,0.000,0.000,1.000,—,—,1.00,1.000,—,0.000
solo-crit,5,4,solo,180,200,0.000,0.000,1.000,—,—,1.00,1.000,—,0.000
solo-crit,5,4,solo,300,200,0.000,0.000,1.000,—,—,1.00,1.000,—,0.000
solo-crit,5,4,pack,180,200,0.000,0.000,1.000,—,—,1.00,1.000,—,0.000
solo-crit,5,4,pack,300,200,0.000,0.000,1.000,—,—,1.00,1.000,—,0.000
solo-crit,5,4,boss,180,200,0.000,0.000,1.000,—,—,1.00,1.000,—,0.000
solo-crit,5,4,boss,300,200,0.000,0.000,1.000,—,—,1.00,1.000,—,0.000
solo-crit,5,5,solo,180,200,0.000,0.000,1.000,—,—,1.00,1.000,—,0.000
solo-crit,5,5,solo,300,200,0.000,0.000,1.000,—,—,1.00,1.000,—,0.000
solo-crit,5,5,pack,180,200,0.000,0.000,1.000,—,—,1.00,1.000,—,0.000
solo-crit,5,5,pack,300,200,0.000,0.000,1.000,—,—,1.00,1.000,—,0.000
solo-crit,5,5,boss,180,200,0.000,0.000,1.000,—,—,1.00,1.000,—,0.000
solo-crit,5,5,boss,300,200,0.000,0.000,1.000,—,—,1.00,1.000,—,0.000
solo-crit,5,6,solo,180,200,0.000,0.000,1.000,—,—,1.00,1.000,—,0.000
solo-crit,5,6,solo,300,200,0.000,0.000,1.000,—,—,1.00,1.000,—,0.000
solo-crit,5,6,pack,180,200,0.000,0.000,1.000,—,—,1.00,1.000,—,0.000
solo-crit,5,6,pack,300,200,0.000,0.000,1.000,—,—,1.00,1.000,—,0.000
solo-crit,5,6,boss,180,200,0.000,0.000,1.000,—,—,1.00,1.000,—,0.000
solo-crit,5,6,boss,300,200,0.000,0.000,1.000,—,—,1.00,1.000,—,0.000
solo-crit,5,7,solo,180,200,0.000,0.000,1.000,—,—,1.00,1.000,—,0.000
solo-crit,5,7,solo,300,200,0.000,0.000,1.000,—,—,1.00,1.000,—,0.000
solo-crit,5,7,pack,180,200,0.000,0.000,1.000,—,—,1.00,1.000,—,0.000
solo-crit,5,7,pack,300,200,0.000,0.000,1.000,—,—,1.00,1.000,—,0.000
solo-crit,5,7,boss,180,200,0.000,0.000,1.000,—,—,1.00,1.000,—,0.000
solo-crit,5,7,boss,300,200,0.000,0.000,1.000,—,—,1.00,1.000,—,0.000
solo-crit,5,8,solo,180,200,0.000,0.000,1.000,—,—,1.00,1.000,—,0.000
solo-crit,5,8,solo,300,200,0.000,0.000,1.000,—,—,1.00,1.000,—,0.000
solo-crit,5,8,pack,180,200,0.000,0.000,1.000,—,—,1.00,1.000,—,0.000
solo-crit,5,8,pack,300,200,0.000,0.000,1.000,—,—,1.00,1.000,—,0.000
solo-crit,5,8,boss,180,200,0.000,0.000,1.000,—,—,1.00,1.000,—,0.000
solo-crit,5,8,boss,300,200,0.000,0.000,1.000,—,—,1.00,1.000,—,0.000
solo-crit,10,1,solo,180,200,1.000,0.000,0.000,0.884,1.5,0.00,0.116,—,1.500
solo-crit,10,1,solo,300,200,1.000,0.000,0.000,0.880,1.5,0.00,0.120,—,1.498
solo-crit,10,1,pack,180,200,1.000,0.000,0.000,0.302,7.4,0.00,0.698,—,1.197
solo-crit,10,1,pack,300,200,1.000,0.000,0.000,0.293,7.4,0.00,0.707,—,1.192
solo-crit,10,1,boss,180,200,1.000,0.000,0.000,0.044,13.8,0.00,0.956,—,1.063
solo-crit,10,1,boss,300,200,1.000,0.000,0.000,0.046,14.0,0.00,0.954,—,1.064
solo-crit,10,2,solo,180,200,1.000,0.000,0.000,0.834,2.6,0.00,0.166,—,1.474
solo-crit,10,2,solo,300,200,1.000,0.000,0.000,0.832,2.6,0.00,0.168,—,1.472
solo-crit,10,2,pack,180,200,0.015,0.000,0.985,0.149,8.9,0.98,0.998,—,0.017
solo-crit,10,2,pack,300,200,0.025,0.000,0.975,0.149,8.9,0.97,0.996,—,0.028
solo-crit,10,2,boss,180,200,0.000,0.000,1.000,—,—,1.00,1.000,—,0.000
solo-crit,10,2,boss,300,200,0.000,0.000,1.000,—,—,1.00,1.000,—,0.000
solo-crit,10,3,solo,180,200,1.000,0.000,0.000,0.605,4.0,0.00,0.395,—,1.355
solo-crit,10,3,solo,300,200,1.000,0.000,0.000,0.604,4.0,0.00,0.396,—,1.354
solo-crit,10,3,pack,180,200,0.000,0.000,1.000,—,—,1.00,1.000,—,0.000
solo-crit,10,3,pack,300,200,0.000,0.000,1.000,—,—,1.00,1.000,—,0.000
solo-crit,10,3,boss,180,200,0.000,0.000,1.000,—,—,1.00,1.000,—,0.000
solo-crit,10,3,boss,300,200,0.000,0.000,1.000,—,—,1.00,1.000,—,0.000
solo-crit,10,4,solo,180,200,1.000,0.000,0.000,0.354,5.8,0.00,0.646,—,1.224
solo-crit,10,4,solo,300,200,1.000,0.000,0.000,0.356,5.8,0.00,0.644,—,1.225
solo-crit,10,4,pack,180,200,0.000,0.000,1.000,—,—,1.00,1.000,—,0.000
solo-crit,10,4,pack,300,200,0.000,0.000,1.000,—,—,1.00,1.000,—,0.000
solo-crit,10,4,boss,180,200,0.000,0.000,1.000,—,—,1.00,1.000,—,0.000
solo-crit,10,4,boss,300,200,0.000,0.000,1.000,—,—,1.00,1.000,—,0.000
solo-crit,10,5,solo,180,200,0.030,0.000,0.970,0.079,8.9,0.97,0.998,—,0.032
solo-crit,10,5,solo,300,200,0.045,0.000,0.955,0.079,8.6,0.95,0.996,—,0.049
solo-crit,10,5,pack,180,200,0.000,0.000,1.000,—,—,1.00,1.000,—,0.000
solo-crit,10,5,pack,300,200,0.000,0.000,1.000,—,—,1.00,1.000,—,0.000
solo-crit,10,5,boss,180,200,0.000,0.000,1.000,—,—,1.00,1.000,—,0.000
solo-crit,10,5,boss,300,200,0.000,0.000,1.000,—,—,1.00,1.000,—,0.000
solo-crit,10,6,solo,180,200,0.000,0.000,1.000,—,—,1.00,1.000,—,0.000
solo-crit,10,6,solo,300,200,0.000,0.000,1.000,—,—,1.00,1.000,—,0.000
solo-crit,10,6,pack,180,200,0.000,0.000,1.000,—,—,1.00,1.000,—,0.000
solo-crit,10,6,pack,300,200,0.000,0.000,1.000,—,—,1.00,1.000,—,0.000
solo-crit,10,6,boss,180,200,0.000,0.000,1.000,—,—,1.00,1.000,—,0.000
solo-crit,10,6,boss,300,200,0.000,0.000,1.000,—,—,1.00,1.000,—,0.000
solo-crit,10,7,solo,180,200,0.000,0.000,1.000,—,—,1.00,1.000,—,0.000
solo-crit,10,7,solo,300,200,0.000,0.000,1.000,—,—,1.00,1.000,—,0.000
solo-crit,10,7,pack,180,200,0.000,0.000,1.000,—,—,1.00,1.000,—,0.000
solo-crit,10,7,pack,300,200,0.000,0.000,1.000,—,—,1.00,1.000,—,0.000
solo-crit,10,7,boss,180,200,0.000,0.000,1.000,—,—,1.00,1.000,—,0.000
solo-crit,10,7,boss,300,200,0.000,0.000,1.000,—,—,1.00,1.000,—,0.000
solo-crit,10,8,solo,180,200,0.000,0.000,1.000,—,—,1.00,1.000,—,0.000
solo-crit,10,8,solo,300,200,0.000,0.000,1.000,—,—,1.00,1.000,—,0.000
solo-crit,10,8,pack,180,200,0.000,0.000,1.000,—,—,1.00,1.000,—,0.000
solo-crit,10,8,pack,300,200,0.000,0.000,1.000,—,—,1.00,1.000,—,0.000
solo-crit,10,8,boss,180,200,0.000,0.000,1.000,—,—,1.00,1.000,—,0.000
solo-crit,10,8,boss,300,200,0.000,0.000,1.000,—,—,1.00,1.000,—,0.000
solo-crit,20,1,solo,180,200,1.000,0.000,0.000,1.000,0.0,0.00,0.000,—,1.620
solo-crit,20,1,solo,300,200,1.000,0.000,0.000,1.000,0.0,0.00,0.000,—,1.620
solo-crit,20,1,pack,180,200,1.000,0.000,0.000,0.819,2.4,0.00,0.181,—,1.522
solo-crit,20,1,pack,300,200,1.000,0.000,0.000,0.819,2.4,0.00,0.181,—,1.522
solo-crit,20,1,boss,180,200,1.000,0.000,0.000,0.558,7.0,0.00,0.442,—,1.381
solo-crit,20,1,boss,300,200,1.000,0.000,0.000,0.551,7.0,0.00,0.449,—,1.377
solo-crit,20,2,solo,180,200,1.000,0.000,0.000,0.897,1.0,0.00,0.103,—,1.565
solo-crit,20,2,solo,300,200,1.000,0.000,0.000,0.899,0.9,0.00,0.101,—,1.566
solo-crit,20,2,pack,180,200,1.000,0.000,0.000,0.426,5.3,0.00,0.574,—,1.310
solo-crit,20,2,pack,300,200,1.000,0.000,0.000,0.426,5.4,0.00,0.574,—,1.310
solo-crit,20,2,boss,180,200,1.000,0.000,0.000,0.184,9.7,0.00,0.816,—,1.180
solo-crit,20,2,boss,300,200,1.000,0.000,0.000,0.170,9.8,0.00,0.830,—,1.172
solo-crit,20,3,solo,180,200,1.000,0.000,0.000,0.820,2.0,0.00,0.180,—,1.523
solo-crit,20,3,solo,300,200,1.000,0.000,0.000,0.821,2.1,0.00,0.179,—,1.523
solo-crit,20,3,pack,180,200,0.090,0.000,0.910,0.103,7.0,0.91,0.991,—,0.102
solo-crit,20,3,pack,300,200,0.105,0.000,0.895,0.083,7.3,0.90,0.991,—,0.118
solo-crit,20,3,boss,180,200,0.035,0.000,0.965,0.075,11.9,0.96,0.997,—,0.039
solo-crit,20,3,boss,300,200,0.025,0.000,0.975,0.075,12.4,0.97,0.998,—,0.028
solo-crit,20,4,solo,180,200,1.000,0.000,0.000,0.749,2.4,0.00,0.251,—,1.484
solo-crit,20,4,solo,300,200,1.000,0.000,0.000,0.750,2.3,0.00,0.250,—,1.485
solo-crit,20,4,pack,180,200,0.000,0.000,1.000,—,—,1.00,1.000,—,0.000
solo-crit,20,4,pack,300,200,0.000,0.000,1.000,—,—,1.00,1.000,—,0.000
solo-crit,20,4,boss,180,200,0.000,0.000,1.000,—,—,1.00,1.000,—,0.000
solo-crit,20,4,boss,300,200,0.000,0.000,1.000,—,—,1.00,1.000,—,0.000
solo-crit,20,5,solo,180,200,1.000,0.000,0.000,0.311,4.1,0.00,0.689,—,1.248
solo-crit,20,5,solo,300,200,1.000,0.000,0.000,0.311,4.2,0.00,0.689,—,1.248
solo-crit,20,5,pack,180,200,0.000,0.000,1.000,—,—,1.00,1.000,—,0.000
solo-crit,20,5,pack,300,200,0.000,0.000,1.000,—,—,1.00,1.000,—,0.000
solo-crit,20,5,boss,180,200,0.000,0.000,1.000,—,—,1.00,1.000,—,0.000
solo-crit,20,5,boss,300,200,0.000,0.000,1.000,—,—,1.00,1.000,—,0.000
solo-crit,20,6,solo,180,200,0.715,0.000,0.285,0.034,5.9,0.28,0.976,—,0.785
solo-crit,20,6,solo,300,200,0.710,0.000,0.290,0.020,5.9,0.29,0.986,—,0.775
solo-crit,20,6,pack,180,200,0.000,0.000,1.000,—,—,1.00,1.000,—,0.000
solo-crit,20,6,pack,300,200,0.000,0.000,1.000,—,—,1.00,1.000,—,0.000
solo-crit,20,6,boss,180,200,0.000,0.000,1.000,—,—,1.00,1.000,—,0.000
solo-crit,20,6,boss,300,200,0.000,0.000,1.000,—,—,1.00,1.000,—,0.000
solo-crit,20,7,solo,180,200,0.000,0.000,1.000,—,—,1.00,1.000,—,0.000
solo-crit,20,7,solo,300,200,0.000,0.000,1.000,—,—,1.00,1.000,—,0.000
solo-crit,20,7,pack,180,200,0.000,0.000,1.000,—,—,1.00,1.000,—,0.000
solo-crit,20,7,pack,300,200,0.000,0.000,1.000,—,—,1.00,1.000,—,0.000
solo-crit,20,7,boss,180,200,0.000,0.000,1.000,—,—,1.00,1.000,—,0.000
solo-crit,20,7,boss,300,200,0.000,0.000,1.000,—,—,1.00,1.000,—,0.000
solo-crit,20,8,solo,180,200,0.000,0.000,1.000,—,—,1.00,1.000,—,0.000
solo-crit,20,8,solo,300,200,0.000,0.000,1.000,—,—,1.00,1.000,—,0.000
solo-crit,20,8,pack,180,200,0.000,0.000,1.000,—,—,1.00,1.000,—,0.000
solo-crit,20,8,pack,300,200,0.000,0.000,1.000,—,—,1.00,1.000,—,0.000
solo-crit,20,8,boss,180,200,0.000,0.000,1.000,—,—,1.00,1.000,—,0.000
solo-crit,20,8,boss,300,200,0.000,0.000,1.000,—,—,1.00,1.000,—,0.000
solo-crit,35,1,solo,180,200,1.000,0.000,0.000,1.000,0.0,0.00,0.000,—,1.710
solo-crit,35,1,solo,300,200,1.000,0.000,0.000,1.000,0.0,0.00,0.000,—,1.710
solo-crit,35,1,pack,180,200,1.000,0.000,0.000,0.867,2.1,0.00,0.133,—,1.634
solo-crit,35,1,pack,300,200,1.000,0.000,0.000,0.868,2.1,0.00,0.132,—,1.635
solo-crit,35,1,boss,180,200,1.000,0.000,0.000,0.756,4.6,0.00,0.244,—,1.571
solo-crit,35,1,boss,300,200,1.000,0.000,0.000,0.757,4.5,0.00,0.243,—,1.571
solo-crit,35,2,solo,180,200,1.000,0.000,0.000,1.000,0.0,0.00,0.000,—,1.710
solo-crit,35,2,solo,300,200,1.000,0.000,0.000,1.000,0.0,0.00,0.000,—,1.710
solo-crit,35,2,pack,180,200,1.000,0.000,0.000,0.811,2.1,0.00,0.189,—,1.602
solo-crit,35,2,pack,300,200,1.000,0.000,0.000,0.810,2.1,0.00,0.190,—,1.602
solo-crit,35,2,boss,180,200,1.000,0.000,0.000,0.612,5.5,0.00,0.388,—,1.489
solo-crit,35,2,boss,300,200,1.000,0.000,0.000,0.614,5.5,0.00,0.386,—,1.490
solo-crit,35,3,solo,180,200,1.000,0.000,0.000,0.898,0.8,0.00,0.102,—,1.652
solo-crit,35,3,solo,300,200,1.000,0.000,0.000,0.904,0.8,0.00,0.096,—,1.655
solo-crit,35,3,pack,180,200,1.000,0.000,0.000,0.425,4.4,0.00,0.575,—,1.382
solo-crit,35,3,pack,300,200,1.000,0.000,0.000,0.429,4.4,0.00,0.571,—,1.385
solo-crit,35,3,boss,180,200,1.000,0.000,0.000,0.330,7.3,0.00,0.670,—,1.328
solo-crit,35,3,boss,300,200,1.000,0.000,0.000,0.327,7.3,0.00,0.673,—,1.326
solo-crit,35,4,solo,180,200,1.000,0.000,0.000,0.817,1.0,0.00,0.183,—,1.605
solo-crit,35,4,solo,300,200,1.000,0.000,0.000,0.817,1.0,0.00,0.183,—,1.605
solo-crit,35,4,pack,180,200,1.000,0.000,0.000,0.084,5.1,0.00,0.916,—,1.188
solo-crit,35,4,pack,300,200,1.000,0.000,0.000,0.084,5.1,0.00,0.916,—,1.188
solo-crit,35,4,boss,180,200,0.085,0.000,0.915,0.040,9.9,0.92,0.997,—,0.099
solo-crit,35,4,boss,300,200,0.065,0.000,0.935,0.040,9.5,0.94,0.997,—,0.076
solo-crit,35,5,solo,180,200,1.000,0.000,0.000,0.747,2.0,0.00,0.253,—,1.566
solo-crit,35,5,solo,300,200,1.000,0.000,0.000,0.746,2.0,0.00,0.254,—,1.565
solo-crit,35,5,pack,180,200,0.000,0.000,1.000,—,—,1.00,1.000,—,0.000
solo-crit,35,5,pack,300,200,0.000,0.000,1.000,—,—,1.00,1.000,—,0.000
solo-crit,35,5,boss,180,200,0.000,0.000,1.000,—,—,1.00,1.000,—,0.000
solo-crit,35,5,boss,300,200,0.000,0.000,1.000,—,—,1.00,1.000,—,0.000
solo-crit,35,6,solo,180,200,1.000,0.000,0.000,0.296,3.4,0.00,0.704,—,1.308
solo-crit,35,6,solo,300,200,1.000,0.000,0.000,0.288,3.3,0.00,0.712,—,1.304
solo-crit,35,6,pack,180,200,0.000,0.000,1.000,—,—,1.00,1.000,—,0.000
solo-crit,35,6,pack,300,200,0.000,0.000,1.000,—,—,1.00,1.000,—,0.000
solo-crit,35,6,boss,180,200,0.000,0.000,1.000,—,—,1.00,1.000,—,0.000
solo-crit,35,6,boss,300,200,0.000,0.000,1.000,—,—,1.00,1.000,—,0.000
solo-crit,35,7,solo,180,200,0.040,0.000,0.960,0.492,4.8,0.96,0.980,—,0.057
solo-crit,35,7,solo,300,200,0.030,0.000,0.970,0.577,5.1,0.97,0.983,—,0.044
solo-crit,35,7,pack,180,200,0.000,0.000,1.000,—,—,1.00,1.000,—,0.000
solo-crit,35,7,pack,300,200,0.000,0.000,1.000,—,—,1.00,1.000,—,0.000
solo-crit,35,7,boss,180,200,0.000,0.000,1.000,—,—,1.00,1.000,—,0.000
solo-crit,35,7,boss,300,200,0.000,0.000,1.000,—,—,1.00,1.000,—,0.000
solo-crit,35,8,solo,180,200,0.000,0.000,1.000,—,—,1.00,1.000,—,0.000
solo-crit,35,8,solo,300,200,0.000,0.000,1.000,—,—,1.00,1.000,—,0.000
solo-crit,35,8,pack,180,200,0.000,0.000,1.000,—,—,1.00,1.000,—,0.000
solo-crit,35,8,pack,300,200,0.000,0.000,1.000,—,—,1.00,1.000,—,0.000
solo-crit,35,8,boss,180,200,0.000,0.000,1.000,—,—,1.00,1.000,—,0.000
solo-crit,35,8,boss,300,200,0.000,0.000,1.000,—,—,1.00,1.000,—,0.000
solo-crit,50,1,solo,180,200,1.000,0.000,0.000,1.000,0.0,0.00,0.000,—,1.800
solo-crit,50,1,solo,300,200,1.000,0.000,0.000,1.000,0.0,0.00,0.000,—,1.800
solo-crit,50,1,pack,180,200,1.000,0.000,0.000,0.894,1.9,0.00,0.106,—,1.736
solo-crit,50,1,pack,300,200,1.000,0.000,0.000,0.895,1.9,0.00,0.105,—,1.737
solo-crit,50,1,boss,180,200,1.000,0.000,0.000,0.850,3.3,0.00,0.150,—,1.710
solo-crit,50,1,boss,300,200,1.000,0.000,0.000,0.853,3.3,0.00,0.147,—,1.712
solo-crit,50,2,solo,180,200,1.000,0.000,0.000,1.000,0.0,0.00,0.000,—,1.800
solo-crit,50,2,solo,300,200,1.000,0.000,0.000,1.000,0.0,0.00,0.000,—,1.800
solo-crit,50,2,pack,180,200,1.000,0.000,0.000,0.852,1.9,0.00,0.148,—,1.711
solo-crit,50,2,pack,300,200,1.000,0.000,0.000,0.851,1.9,0.00,0.149,—,1.711
solo-crit,50,2,boss,180,200,1.000,0.000,0.000,0.729,4.0,0.00,0.271,—,1.637
solo-crit,50,2,boss,300,200,1.000,0.000,0.000,0.724,4.0,0.00,0.276,—,1.635
solo-crit,50,3,solo,180,200,1.000,0.000,0.000,1.000,0.0,0.00,0.000,—,1.800
solo-crit,50,3,solo,300,200,1.000,0.000,0.000,1.000,0.0,0.00,0.000,—,1.800
solo-crit,50,3,pack,180,200,1.000,0.000,0.000,0.788,1.9,0.00,0.212,—,1.673
solo-crit,50,3,pack,300,200,1.000,0.000,0.000,0.787,1.9,0.00,0.213,—,1.672
solo-crit,50,3,boss,180,200,1.000,0.000,0.000,0.620,5.4,0.00,0.380,—,1.572
solo-crit,50,3,boss,300,200,1.000,0.000,0.000,0.625,5.3,0.00,0.375,—,1.575
solo-crit,50,4,solo,180,200,1.000,0.000,0.000,0.891,0.7,0.00,0.109,—,1.734
solo-crit,50,4,solo,300,200,1.000,0.000,0.000,0.903,0.6,0.00,0.097,—,1.742
solo-crit,50,4,pack,180,200,1.000,0.000,0.000,0.508,3.8,0.00,0.492,—,1.505
solo-crit,50,4,pack,300,200,1.000,0.000,0.000,0.527,3.7,0.00,0.473,—,1.516
solo-crit,50,4,boss,180,200,1.000,0.000,0.000,0.265,7.0,0.00,0.735,—,1.359
solo-crit,50,4,boss,300,200,1.000,0.000,0.000,0.264,7.1,0.00,0.736,—,1.358
solo-crit,50,5,solo,180,200,1.000,0.000,0.000,0.798,1.0,0.00,0.202,—,1.679
solo-crit,50,5,solo,300,200,1.000,0.000,0.000,0.795,1.0,0.00,0.205,—,1.677
solo-crit,50,5,pack,180,200,1.000,0.000,0.000,0.198,4.8,0.00,0.802,—,1.319
solo-crit,50,5,pack,300,200,1.000,0.000,0.000,0.188,4.8,0.00,0.812,—,1.313
solo-crit,50,5,boss,180,200,0.025,0.000,0.975,0.239,8.6,0.97,0.994,—,0.034
solo-crit,50,5,boss,300,200,0.020,0.000,0.980,0.239,8.6,0.98,0.995,—,0.027
solo-crit,50,6,solo,180,200,1.000,0.000,0.000,0.721,1.8,0.00,0.279,—,1.632
solo-crit,50,6,solo,300,200,1.000,0.000,0.000,0.712,1.8,0.00,0.288,—,1.627
solo-crit,50,6,pack,180,200,0.000,0.000,1.000,—,—,1.00,1.000,—,0.000
solo-crit,50,6,pack,300,200,0.000,0.000,1.000,—,—,1.00,1.000,—,0.000
solo-crit,50,6,boss,180,200,0.000,0.000,1.000,—,—,1.00,1.000,—,0.000
solo-crit,50,6,boss,300,200,0.000,0.000,1.000,—,—,1.00,1.000,—,0.000
solo-crit,50,7,solo,180,200,1.000,0.000,0.000,0.378,3.4,0.00,0.622,—,1.427
solo-crit,50,7,solo,300,200,1.000,0.000,0.000,0.376,3.4,0.00,0.624,—,1.426
solo-crit,50,7,pack,180,200,0.000,0.000,1.000,—,—,1.00,1.000,—,0.000
solo-crit,50,7,pack,300,200,0.000,0.000,1.000,—,—,1.00,1.000,—,0.000
solo-crit,50,7,boss,180,200,0.000,0.000,1.000,—,—,1.00,1.000,—,0.000
solo-crit,50,7,boss,300,200,0.000,0.000,1.000,—,—,1.00,1.000,—,0.000
solo-crit,50,8,solo,180,200,0.040,0.000,0.960,0.436,5.0,0.96,0.983,—,0.058
solo-crit,50,8,solo,300,200,0.040,0.000,0.960,0.436,4.9,0.96,0.983,—,0.058
solo-crit,50,8,pack,180,200,0.000,0.000,1.000,—,—,1.00,1.000,—,0.000
solo-crit,50,8,pack,300,200,0.000,0.000,1.000,—,—,1.00,1.000,—,0.000
solo-crit,50,8,boss,180,200,0.000,0.000,1.000,—,—,1.00,1.000,—,0.000
solo-crit,50,8,boss,300,200,0.000,0.000,1.000,—,—,1.00,1.000,—,0.000
